Timestamp,Raw,Notch_50Hz,Butterworth,Final_Result,Artifact,SNR
587380,513,513.01,0.2,0.0,0,-0.32
587385,511,511.06,0.13,0.0,0,-0.32
587390,512,511.99,0.06,0.0,0,-0.32
587395,513,512.95,-0.02,-0.02,0,-0.32
587400,512,512.01,-0.09,-0.09,0,-0.32
587405,513,513.04,-0.17,-0.17,0,-0.32
587410,512,511.99,-0.24,-0.24,0,-0.32
587415,512,511.96,-0.32,-0.32,0,-0.32
587420,512,512.01,-0.39,-0.39,0,-0.32
587425,512,512.03,-0.46,-0.46,0,-0.32
587430,514,513.99,-0.52,-0.52,0,-0.32
587435,512,511.97,-0.59,-0.59,0,-0.32
587440,512,512.01,-0.64,-0.64,0,-0.32
587445,512,512.03,-0.7,-0.7,0,-0.32
587450,512,511.99,-0.74,-0.74,0,-0.32
587455,513,512.98,-0.78,-0.78,0,-0.32
587460,512,512.0,-0.81,-0.81,0,-0.32
587465,512,512.01,-0.84,-0.84,0,-0.32
587470,511,511.0,-0.85,-0.84,0,-0.32
587475,511,510.99,-0.86,-0.84,0,-0.32
587480,512,512.0,-0.86,-0.84,0,-0.32
587485,512,512.0,-0.84,-0.84,0,-0.32
587490,512,512.01,-0.81,-0.81,0,-0.32
587495,510,510.0,-0.78,-0.78,0,-0.32
587500,512,511.99,-0.73,-0.73,0,-0.32
587505,511,511.0,-0.66,-0.66,0,-0.32
587510,512,512.01,-0.59,-0.59,0,-0.32
587515,512,512.0,-0.51,-0.51,0,-0.32
587520,512,511.99,-0.41,-0.41,0,-0.32
587525,511,510.99,-0.3,-0.3,0,-0.32
587530,512,512.01,-0.18,-0.18,0,-0.32
587535,512,512.01,-0.05,-0.05,0,-0.32
587540,512,511.98,0.08,0.08,0,-0.32
587545,512,511.99,0.23,0.23,0,-0.32
587550,512,512.02,0.38,0.38,0,-0.32
587555,512,512.02,0.54,0.54,0,-0.32
587560,512,511.98,0.7,0.7,0,-0.32
587565,512,511.98,0.86,0.86,0,-0.32
587570,512,512.02,1.03,1.03,0,-0.32
587575,512,512.03,1.19,1.19,0,-0.32
587580,512,511.98,1.35,1.35,0,-0.32
587585,514,513.97,1.5,1.5,0,-0.32
587590,513,513.03,1.65,1.65,0,-0.32
587595,516,516.03,1.78,1.78,0,-0.32
587600,516,515.97,1.89,1.89,0,-0.32
587605,517,516.96,1.99,1.99,0,-0.32
587610,516,516.03,2.08,2.08,0,-0.32
587615,516,516.04,2.14,2.14,0,-0.32
587620,516,515.97,2.17,2.15,0,-0.32
587625,516,515.96,2.19,2.15,0,-0.32
587630,516,516.03,2.18,2.15,0,-0.32
587635,516,516.05,2.15,2.15,0,-0.32
587640,516,515.97,2.09,2.09,0,-0.32
587645,517,516.95,2.01,2.01,0,-0.32
587650,516,516.03,1.91,1.91,0,-0.32
587655,516,516.05,1.79,1.79,0,-0.32
587660,516,515.97,1.64,1.64,0,-0.32
587665,515,514.95,1.48,1.48,0,-0.32
587670,514,514.03,1.31,1.31,0,-0.32
587675,513,513.05,1.12,1.12,0,-0.32
587680,514,513.98,0.92,0.92,0,-0.32
587685,513,512.95,0.71,0.71,0,-0.32
587690,513,513.02,0.51,0.51,0,-0.32
587695,512,512.05,0.3,0.3,0,-0.32
587700,512,511.98,0.09,0.09,0,-0.32
587705,511,510.96,-0.11,-0.11,0,-0.32
587710,511,511.01,-0.31,-0.31,0,-0.32
587715,510,510.04,-0.49,-0.49,0,-0.32
587720,510,509.99,-0.66,-0.66,0,-0.32
587725,510,509.96,-0.82,-0.82,0,-0.32
587730,509,509.01,-0.96,-0.96,0,-0.32
587735,510,510.04,-1.08,-1.08,0,-0.32
587740,509,509.0,-1.19,-1.19,0,-0.32
587745,509,508.96,-1.28,-1.28,0,-0.32
587750,510,510.0,-1.34,-1.34,0,-0.32
587755,509,509.04,-1.39,-1.39,0,-0.32
587760,510,510.0,-1.42,-1.42,0,-0.32
587765,511,510.96,-1.44,-1.42,0,-0.32
587770,511,511.0,-1.44,-1.42,0,-0.32
587775,511,511.03,-1.42,-1.42,0,-0.32
587780,511,511.0,-1.39,-1.39,0,-0.32
587785,512,511.97,-1.35,-1.35,0,-0.32
587790,512,512.0,-1.3,-1.3,0,-0.32
587795,512,512.03,-1.24,-1.24,0,-0.32
587800,511,511.0,-1.18,-1.18,0,-0.32
587805,510,509.98,-1.1,-1.1,0,-0.32
587810,511,511.0,-1.03,-1.03,0,-0.32
587815,511,511.02,-0.94,-0.94,0,-0.32
587820,512,512.0,-0.86,-0.86,0,-0.32
587825,512,511.98,-0.78,-0.78,0,-0.32
587830,512,512.0,-0.69,-0.69,0,-0.32
587835,511,511.02,-0.61,-0.61,0,-0.32
587840,512,512.0,-0.53,-0.53,0,-0.32
587845,513,512.98,-0.46,-0.46,0,-0.32
587850,512,512.0,-0.39,-0.39,0,-0.32
587855,514,514.01,-0.33,-0.33,0,-0.32
587860,514,514.0,-0.28,-0.28,0,-0.32
587865,512,511.99,-0.23,-0.23,0,-0.32
587870,512,512.0,-0.19,-0.19,0,-0.32
587875,513,513.01,-0.17,-0.17,0,-0.32
587880,512,512.01,-0.15,-0.15,0,-0.32
587885,512,511.99,-0.13,-0.15,0,-0.32
587890,512,511.98,-0.13,-0.15,0,-0.32
587895,513,513.02,-0.14,-0.15,0,-0.32
587900,512,512.02,-0.15,-0.15,0,-0.32
587905,512,511.98,-0.17,-0.17,0,-0.32
587910,512,511.97,-0.2,-0.2,0,-0.32
587915,512,512.02,-0.23,-0.23,0,-0.32
587920,511,511.03,-0.27,-0.27,0,-0.32
587925,512,511.97,-0.31,-0.31,0,-0.32
587930,512,511.97,-0.36,-0.36,0,-0.32
587935,512,512.03,-0.41,-0.41,0,-0.32
587940,512,512.04,-0.46,-0.46,0,-0.32
587945,513,512.96,-0.52,-0.52,0,-0.32
587950,512,511.96,-0.57,-0.57,0,-0.32
587955,509,509.04,-0.63,-0.63,0,-0.32
587960,512,512.04,-0.69,-0.69,0,-0.32
587965,511,510.96,-0.74,-0.74,0,-0.32
587970,510,509.95,-0.8,-0.8,0,-0.32
587975,511,511.03,-0.85,-0.85,0,-0.32
587980,510,510.05,-0.9,-0.9,0,-0.32
587985,510,509.97,-0.94,-0.94,0,-0.32
587990,511,510.94,-0.98,-0.98,0,-0.32
587995,510,510.03,-1.02,-1.02,0,-0.32
588000,511,511.06,-1.05,-1.05,0,-0.32
588005,510,509.98,-1.08,-1.08,0,-0.32
588010,511,510.93,-1.11,-1.11,0,-0.32
588015,512,512.02,-1.13,-1.13,0,-0.32
588020,511,511.07,-1.15,-1.15,0,-0.32
588025,511,510.98,-1.17,-1.17,0,-0.32
588030,512,511.92,-1.19,-1.19,0,-0.32
588035,512,512.03,-1.2,-1.2,0,-0.32
588040,510,510.08,-1.22,-1.22,0,-0.32
588045,512,511.97,-1.23,-1.23,0,-0.32
588050,512,511.92,-1.24,-1.24,0,-0.32
588055,511,511.03,-1.24,-1.24,0,-0.32
588060,510,510.08,-1.25,-1.25,0,-0.32
588065,512,511.97,-1.25,-1.25,0,-0.32
588070,511,510.92,-1.26,-1.25,0,-0.32
588075,511,511.03,-1.25,-1.25,0,-0.32
588080,509,509.07,-1.25,-1.25,0,-0.32
588085,510,509.97,-1.24,-1.24,0,-0.32
588090,511,510.94,-1.23,-1.23,0,-0.32
588095,510,510.03,-1.22,-1.22,0,-0.32
588100,510,510.05,-1.2,-1.2,0,-0.32
588105,512,511.97,-1.18,-1.18,0,-0.32
588110,511,510.96,-1.16,-1.16,0,-0.32
588115,510,510.03,-1.13,-1.13,0,-0.32
588120,512,512.03,-1.11,-1.11,0,-0.32
588125,511,510.98,-1.08,-1.08,0,-0.32
588130,510,509.98,-1.04,-1.04,0,-0.32
588135,512,512.02,-1.01,-1.01,0,-0.32
588140,511,511.01,-0.97,-0.97,0,-0.32
588145,511,510.98,-0.94,-0.94,0,-0.32
588150,512,511.99,-0.9,-0.9,0,-0.32
588155,511,511.01,-0.86,-0.86,0,-0.32
588160,511,511.0,-0.82,-0.82,0,-0.32
588165,511,510.99,-0.78,-0.78,0,-0.32
588170,511,511.01,-0.74,-0.74,0,-0.32
588175,511,511.01,-0.69,-0.69,0,-0.32
588180,512,511.98,-0.65,-0.65,0,-0.32
588185,510,509.99,-0.61,-0.61,0,-0.32
588190,512,512.03,-0.56,-0.56,0,-0.32
588195,512,512.01,-0.52,-0.52,0,-0.32
588200,513,512.97,-0.48,-0.48,0,-0.32
588205,513,512.99,-0.44,-0.44,0,-0.32
588210,513,513.04,-0.39,-0.39,0,-0.32
588215,512,512.01,-0.35,-0.35,0,-0.32
588220,512,511.95,-0.31,-0.31,0,-0.32
588225,512,512.0,-0.27,-0.27,0,-0.32
588230,512,512.06,-0.22,-0.22,0,-0.32
588235,511,511.0,-0.18,-0.18,0,-0.32
588240,512,511.94,-0.13,-0.13,0,-0.32
588245,512,512.0,-0.07,-0.07,0,-0.32
588250,513,513.07,-0.02,-0.02,0,-0.32
588255,513,513.0,0.04,0.04,0,-0.32
588260,513,512.92,0.11,0.11,0,-0.32
588265,513,513.01,0.18,0.18,0,-0.32
588270,511,511.09,0.26,0.26,0,-0.32
588275,512,511.99,0.34,0.34,0,-0.32
588280,512,511.9,0.44,0.44,0,-0.32
588285,512,512.01,0.54,0.54,0,-0.32
588290,512,512.11,0.65,0.65,0,-0.32
588295,512,511.98,0.76,0.76,0,-0.32
588300,512,511.89,0.89,0.89,0,-0.32
588305,511,511.02,1.03,1.03,0,-0.32
588310,512,512.12,1.17,1.17,0,-0.32
588315,511,510.98,1.32,1.32,0,-0.32
588320,513,512.87,1.48,1.48,0,-0.32
588325,512,512.03,1.65,1.65,0,-0.32
588330,511,511.13,1.82,1.82,0,-0.32
588335,514,513.97,1.99,1.99,0,-0.32
588340,513,512.86,2.16,2.16,0,-0.32
588345,513,513.03,2.33,2.33,0,-0.32
588350,514,514.14,2.49,2.49,0,-0.32
588355,515,514.97,2.65,2.65,0,-0.32
588360,516,515.86,2.79,2.79,0,-0.32
588365,515,515.03,2.93,2.93,0,-0.32
588370,516,516.14,3.04,3.04,0,-0.32
588375,517,516.97,3.14,3.14,0,-0.32
588380,517,516.86,3.23,3.23,0,-0.32
588385,516,516.02,3.29,3.29,0,-0.32
588390,517,517.14,3.32,3.29,0,-0.32
588395,516,515.99,3.34,3.29,0,-0.32
588400,518,517.86,3.33,3.29,0,-0.32
588405,518,518.01,3.29,3.29,0,-0.32
588410,516,516.14,3.23,3.23,0,-0.32
588415,516,515.99,3.15,3.15,0,-0.32
588420,517,516.86,3.04,3.04,0,-0.32
588425,516,516.01,2.91,2.91,0,-0.32
588430,516,516.14,2.76,2.76,0,-0.32
588435,514,513.99,2.59,2.59,0,-0.32
588440,515,514.87,2.4,2.4,0,-0.32
588445,515,515.01,2.2,2.2,0,-0.32
588450,515,515.13,1.98,1.98,0,-0.32
588455,514,513.99,1.76,1.76,0,-0.32
588460,514,513.87,1.53,1.53,0,-0.32
588465,512,512.02,1.29,1.29,0,-0.32
588470,512,512.13,1.05,1.05,0,-0.32
588475,512,511.98,0.8,0.8,0,-0.32
588480,512,511.88,0.56,0.56,0,-0.32
588485,512,512.02,0.33,0.33,0,-0.32
588490,511,511.12,0.1,0.1,0,-0.32
588495,511,510.97,-0.12,-0.12,0,-0.32
588500,510,509.88,-0.33,-0.33,0,-0.32
588505,510,510.03,-0.53,-0.53,0,-0.32
588510,512,512.12,-0.71,-0.71,0,-0.32
588515,510,509.97,-0.88,-0.88,0,-0.32
588520,510,509.88,-1.04,-1.04,0,-0.32
588525,510,510.04,-1.18,-1.18,0,-0.32
588530,510,510.12,-1.3,-1.3,0,-0.32
588535,510,509.96,-1.41,-1.41,0,-0.32
588540,511,510.87,-1.5,-1.5,0,-0.32
588545,510,510.04,-1.57,-1.57,0,-0.32
588550,510,510.13,-1.63,-1.63,0,-0.32
588555,511,510.96,-1.68,-1.68,0,-0.32
588560,513,512.87,-1.7,-1.7,0,-0.32
588565,510,510.04,-1.72,-1.7,0,-0.32
588570,510,510.13,-1.72,-1.7,0,-0.32
588575,510,509.96,-1.71,-1.7,0,-0.32
588580,510,509.88,-1.68,-1.68,0,-0.32
588585,510,510.05,-1.64,-1.64,0,-0.32
588590,510,510.12,-1.59,-1.59,0,-0.32
588595,510,509.95,-1.53,-1.53,0,-0.32
588600,511,510.89,-1.45,-1.45,0,-0.32
588605,510,510.05,-1.37,-1.37,0,-0.32
588610,510,510.11,-1.28,-1.28,0,-0.32
588615,510,509.95,-1.19,-1.19,0,-0.32
588620,511,510.9,-1.09,-1.09,0,-0.32
588625,510,510.05,-0.99,-0.99,0,-0.32
588630,512,512.09,-0.88,-0.88,0,-0.32
588635,512,511.95,-0.77,-0.77,0,-0.32
588640,511,510.91,-0.67,-0.67,0,-0.32
588645,511,511.05,-0.57,-0.57,0,-0.32
588650,513,513.09,-0.47,-0.47,0,-0.32
588655,513,512.96,-0.38,-0.38,0,-0.32
588660,512,511.91,-0.29,-0.29,0,-0.32
588665,513,513.04,-0.21,-0.21,0,-0.32
588670,512,512.09,-0.14,-0.14,0,-0.32
588675,512,511.97,-0.09,-0.09,0,-0.32
588680,514,513.91,-0.04,-0.04,0,-0.32
588685,513,513.03,-0.0,-0.0,0,-0.32
588690,513,513.08,0.02,0.02,0,-0.32
588695,513,512.97,0.04,0.02,0,-0.32
588700,513,512.92,0.04,0.02,0,-0.32
588705,512,512.03,0.03,0.02,0,-0.32
588710,513,513.08,0.01,0.01,0,-0.32
588715,512,511.98,-0.01,-0.01,0,-0.32
588720,513,512.93,-0.05,-0.05,0,-0.32
588725,513,513.02,-0.09,-0.09,0,-0.32
588730,511,511.07,-0.14,-0.14,0,-0.32
588735,512,511.98,-0.2,-0.2,0,-0.32
588740,512,511.94,-0.26,-0.26,0,-0.32
588745,511,511.02,-0.32,-0.32,0,-0.32
588750,512,512.06,-0.39,-0.39,0,-0.32
588755,512,511.98,-0.45,-0.45,0,-0.32
588760,511,510.95,-0.52,-0.52,0,-0.32
588765,510,510.01,-0.58,-0.58,0,-0.32
588770,510,510.05,-0.64,-0.64,0,-0.32
588775,511,511.0,-0.7,-0.7,0,-0.32
588780,511,510.96,-0.75,-0.75,0,-0.32
588785,511,511.0,-0.8,-0.8,0,-0.32
588790,511,511.03,-0.84,-0.84,0,-0.32
588795,510,510.01,-0.88,-0.88,0,-0.32
588800,510,509.97,-0.91,-0.91,0,-0.32
588805,511,510.99,-0.93,-0.93,0,-0.32
588810,512,512.02,-0.95,-0.95,0,-0.32
588815,511,511.02,-0.97,-0.97,0,-0.32
588820,511,510.98,-0.97,-0.97,0,-0.32
588825,511,510.98,-0.98,-0.97,0,-0.32
588830,510,510.02,-0.97,-0.97,0,-0.32
588835,512,512.03,-0.97,-0.97,0,-0.32
588840,512,511.98,-0.95,-0.95,0,-0.32
588845,511,510.96,-0.94,-0.94,0,-0.32
588850,512,512.01,-0.92,-0.92,0,-0.32
588855,510,510.04,-0.9,-0.9,0,-0.32
588860,511,510.99,-0.87,-0.87,0,-0.32
588865,511,510.95,-0.84,-0.84,0,-0.32
588870,511,511.0,-0.81,-0.81,0,-0.32
588875,511,511.05,-0.78,-0.78,0,-0.32
588880,511,511.0,-0.75,-0.75,0,-0.32
588885,512,511.94,-0.71,-0.71,0,-0.32
588890,512,512.0,-0.68,-0.68,0,-0.32
588895,511,511.06,-0.65,-0.65,0,-0.32
588900,511,511.01,-0.62,-0.62,0,-0.32
588905,513,512.94,-0.59,-0.59,0,-0.32
588910,513,513.0,-0.57,-0.57,0,-0.32
588915,512,512.06,-0.55,-0.55,0,-0.32
588920,513,513.0,-0.53,-0.53,0,-0.32
588925,512,511.94,-0.51,-0.51,0,-0.32
588930,512,512.0,-0.5,-0.5,0,-0.32
588935,511,511.06,-0.49,-0.49,0,-0.32
588940,512,512.0,-0.49,-0.49,0,-0.32
588945,511,510.94,-0.48,-0.48,0,-0.32
588950,511,511.0,-0.48,-0.48,0,-0.32
588955,511,511.06,-0.48,-0.48,0,-0.32
588960,511,511.0,-0.48,-0.48,0,-0.32
588965,512,511.95,-0.49,-0.49,0,-0.32
588970,512,512.0,-0.49,-0.49,0,-0.32
588975,513,513.05,-0.5,-0.5,0,-0.32
588980,513,513.0,-0.51,-0.51,0,-0.32
588985,513,512.95,-0.52,-0.52,0,-0.32
588990,512,511.99,-0.53,-0.53,0,-0.32
588995,512,512.05,-0.54,-0.54,0,-0.32
589000,511,511.01,-0.55,-0.55,0,-0.32
589005,510,509.95,-0.55,-0.55,0,-0.32
589010,512,511.99,-0.56,-0.55,0,-0.32
589015,512,512.05,-0.56,-0.55,0,-0.32
589020,511,511.01,-0.55,-0.55,0,-0.32
589025,512,511.95,-0.54,-0.54,0,-0.32
589030,511,510.99,-0.53,-0.53,0,-0.32
589035,512,512.05,-0.51,-0.51,0,-0.32
589040,512,512.01,-0.48,-0.48,0,-0.32
589045,513,512.94,-0.45,-0.45,0,-0.32
589050,511,510.99,-0.41,-0.41,0,-0.32
589055,511,511.06,-0.36,-0.36,0,-0.32
589060,512,512.01,-0.31,-0.31,0,-0.32
589065,513,512.94,-0.24,-0.24,0,-0.32
589070,512,511.99,-0.17,-0.17,0,-0.32
589075,512,512.05,-0.09,-0.09,0,-0.32
589080,513,513.01,0.0,0.0,0,-0.32
589085,511,510.95,0.1,0.1,0,-0.32
589090,512,511.98,0.21,0.21,0,-0.32
589095,513,513.05,0.34,0.34,0,-0.32
589100,513,513.02,0.47,0.47,0,-0.32
589105,511,510.95,0.61,0.61,0,-0.32
589110,512,511.97,0.76,0.76,0,-0.32
589115,512,512.05,0.91,0.91,0,-0.32
589120,512,512.04,1.08,1.08,0,-0.32
589125,512,511.94,1.25,1.25,0,-0.32
589130,512,511.95,1.44,1.44,0,-0.32
589135,512,512.06,1.62,1.62,0,-0.32
589140,511,511.06,1.81,1.81,0,-0.32
589145,513,512.93,2.0,2.0,0,-0.32
589150,513,512.94,2.19,2.19,0,-0.32
589155,514,514.07,2.37,2.37,0,-0.32
589160,515,515.07,2.55,2.55,0,-0.32
589165,516,515.92,2.71,2.71,0,-0.32
589170,515,514.92,2.87,2.87,0,-0.32
589175,517,517.08,3.01,3.01,0,-0.32
589180,516,516.09,3.13,3.13,0,-0.32
589185,516,515.91,3.23,3.23,0,-0.32
589190,517,516.9,3.31,3.31,0,-0.32
589195,516,516.09,3.36,3.36,0,-0.32
589200,516,516.1,3.4,3.36,0,-0.32
589205,518,517.9,3.4,3.36,0,-0.32
589210,518,517.89,3.38,3.36,0,-0.32
589215,517,517.1,3.33,3.33,0,-0.32
589220,518,518.11,3.25,3.25,0,-0.32
589225,518,517.9,3.14,3.14,0,-0.32
589230,517,516.88,3.01,3.01,0,-0.32
589235,516,516.1,2.86,2.86,0,-0.32
589240,515,515.13,2.68,2.68,0,-0.32
589245,516,515.9,2.48,2.48,0,-0.32
589250,515,514.87,2.26,2.26,0,-0.32
589255,515,515.1,2.02,2.02,0,-0.32
589260,514,514.13,1.78,1.78,0,-0.32
589265,514,513.9,1.52,1.52,0,-0.32
589270,513,512.86,1.26,1.26,0,-0.32
589275,513,513.1,0.99,0.99,0,-0.32
589280,512,512.14,0.73,0.73,0,-0.32
589285,512,511.9,0.46,0.46,0,-0.32
589290,512,511.85,0.2,0.2,0,-0.32
589295,510,510.1,-0.05,-0.05,0,-0.32
589300,511,511.15,-0.29,-0.29,0,-0.32
589305,511,510.91,-0.51,-0.51,0,-0.32
589310,510,509.84,-0.72,-0.72,0,-0.32
589315,510,510.09,-0.92,-0.92,0,-0.32
589320,509,509.16,-1.09,-1.09,0,-0.32
589325,510,509.91,-1.24,-1.24,0,-0.32
589330,509,508.83,-1.38,-1.38,0,-0.32
589335,509,509.08,-1.49,-1.49,0,-0.32
589340,510,510.17,-1.58,-1.58,0,-0.32
589345,509,508.92,-1.65,-1.65,0,-0.32
589350,511,510.82,-1.7,-1.7,0,-0.32
589355,509,509.07,-1.73,-1.7,0,-0.32
589360,510,510.19,-1.73,-1.7,0,-0.32
589365,510,509.93,-1.72,-1.7,0,-0.32
589370,511,510.81,-1.7,-1.7,0,-0.32
589375,511,511.06,-1.65,-1.65,0,-0.32
589380,510,510.2,-1.6,-1.6,0,-0.32
589385,510,509.94,-1.53,-1.53,0,-0.32
589390,511,510.8,-1.45,-1.45,0,-0.32
589395,511,511.06,-1.36,-1.36,0,-0.32
589400,512,512.2,-1.27,-1.27,0,-0.32
589405,512,511.95,-1.16,-1.16,0,-0.32
589410,513,512.79,-1.06,-1.06,0,-0.32
589415,511,511.05,-0.95,-0.95,0,-0.32
589420,512,512.21,-0.84,-0.84,0,-0.32
589425,511,510.95,-0.73,-0.73,0,-0.32
589430,512,511.78,-0.62,-0.62,0,-0.32
589435,513,513.04,-0.52,-0.52,0,-0.32
589440,512,512.22,-0.42,-0.42,0,-0.32
589445,513,512.96,-0.32,-0.32,0,-0.32
589450,513,512.78,-0.22,-0.22,0,-0.32
589455,512,512.04,-0.13,-0.13,0,-0.32
589460,511,511.23,-0.05,-0.05,0,-0.32
589465,512,511.96,0.03,0.03,0,-0.32
589470,512,511.77,0.1,0.1,0,-0.32
589475,513,513.04,0.16,0.16,0,-0.32
589480,512,512.23,0.22,0.22,0,-0.32
589485,512,511.96,0.26,0.26,0,-0.32
589490,514,513.77,0.31,0.31,0,-0.32
589495,512,512.04,0.34,0.34,0,-0.32
589500,512,512.23,0.36,0.36,0,-0.32
589505,514,513.96,0.38,0.38,0,-0.32
589510,513,512.78,0.39,0.38,0,-0.32
589515,513,513.04,0.4,0.38,0,-0.32
589520,511,511.22,0.39,0.38,0,-0.32
589525,512,511.96,0.38,0.38,0,-0.32
589530,513,512.79,0.37,0.37,0,-0.32
589535,512,512.04,0.34,0.34,0,-0.32
589540,512,512.2,0.32,0.32,0,-0.32
589545,513,512.97,0.28,0.28,0,-0.32
589550,513,512.81,0.24,0.24,0,-0.32
589555,512,512.03,0.2,0.2,0,-0.32
589560,513,513.19,0.16,0.16,0,-0.32
589565,512,511.97,0.11,0.11,0,-0.32
589570,512,511.82,0.05,0.05,0,-0.32
589575,513,513.02,0.0,0.0,0,-0.32
589580,511,511.17,-0.06,-0.06,0,-0.32
589585,511,510.98,-0.11,-0.11,0,-0.32
589590,512,511.84,-0.17,-0.17,0,-0.32
589595,511,511.03,-0.22,-0.22,0,-0.32
589600,512,512.15,-0.28,-0.28,0,-0.32
589605,511,510.97,-0.33,-0.33,0,-0.32
589610,511,510.86,-0.39,-0.39,0,-0.32
589615,511,511.03,-0.44,-0.44,0,-0.32
589620,512,512.14,-0.49,-0.49,0,-0.32
589625,511,510.97,-0.53,-0.53,0,-0.32
589630,513,512.87,-0.58,-0.58,0,-0.32
589635,510,510.03,-0.62,-0.62,0,-0.32
589640,510,510.13,-0.67,-0.67,0,-0.32
589645,511,510.97,-0.71,-0.71,0,-0.32
589650,511,510.88,-0.75,-0.75,0,-0.32
589655,510,510.02,-0.78,-0.78,0,-0.32
589660,511,511.1,-0.82,-0.82,0,-0.32
589665,512,511.98,-0.86,-0.86,0,-0.32
589670,512,511.91,-0.9,-0.9,0,-0.32
589675,512,512.02,-0.94,-0.94,0,-0.32
589680,511,511.08,-0.98,-0.98,0,-0.32
589685,512,511.99,-1.02,-1.02,0,-0.32
589690,512,511.93,-1.06,-1.06,0,-0.32
589695,513,513.0,-1.11,-1.11,0,-0.32
589700,511,511.05,-1.15,-1.15,0,-0.32
589705,512,512.0,-1.2,-1.2,0,-0.32
589710,511,510.96,-1.25,-1.25,0,-0.32
589715,512,512.0,-1.3,-1.3,0,-0.32
589720,512,512.02,-1.35,-1.35,0,-0.32
589725,511,511.0,-1.39,-1.39,0,-0.32
589730,511,510.99,-1.44,-1.44,0,-0.32
589735,510,509.99,-1.48,-1.48,0,-0.32
589740,510,510.0,-1.51,-1.51,0,-0.32
589745,509,509.01,-1.54,-1.54,0,-0.32
589750,509,509.01,-1.56,-1.56,0,-0.32
589755,510,509.99,-1.57,-1.56,0,-0.32
589760,510,509.97,-1.58,-1.56,0,-0.32
589765,510,510.01,-1.57,-1.56,0,-0.32
589770,510,510.04,-1.56,-1.56,0,-0.32
589775,510,509.99,-1.54,-1.54,0,-0.32
589780,511,510.95,-1.51,-1.51,0,-0.32
589785,509,509.01,-1.47,-1.47,0,-0.32
589790,510,510.06,-1.41,-1.41,0,-0.32
589795,509,508.99,-1.35,-1.35,0,-0.32
589800,511,510.94,-1.29,-1.29,0,-0.32
589805,510,510.01,-1.21,-1.21,0,-0.32
589810,511,511.07,-1.13,-1.13,0,-0.32
589815,511,510.99,-1.04,-1.04,0,-0.32
589820,512,511.92,-0.94,-0.94,0,-0.32
589825,513,513.01,-0.84,-0.84,0,-0.32
589830,512,512.08,-0.74,-0.74,0,-0.32
589835,513,512.99,-0.64,-0.64,0,-0.32
589840,512,511.91,-0.53,-0.53,0,-0.32
589845,511,511.01,-0.42,-0.42,0,-0.32
589850,511,511.1,-0.3,-0.3,0,-0.32
589855,513,513.0,-0.19,-0.19,0,-0.32
589860,513,512.9,-0.07,-0.07,0,-0.32
589865,513,513.0,0.05,0.05,0,-0.32
589870,512,512.1,0.17,0.17,0,-0.32
589875,511,511.0,0.29,0.29,0,-0.32
589880,513,512.9,0.41,0.41,0,-0.32
589885,513,513.0,0.54,0.54,0,-0.32
589890,513,513.11,0.67,0.67,0,-0.32
589895,513,513.0,0.79,0.79,0,-0.32
589900,512,511.89,0.92,0.92,0,-0.32
589905,513,513.0,1.06,1.06,0,-0.32
589910,512,512.11,1.19,1.19,0,-0.32
589915,513,513.0,1.32,1.32,0,-0.32
589920,513,512.89,1.46,1.46,0,-0.32
589925,512,512.0,1.59,1.59,0,-0.32
589930,512,512.11,1.73,1.73,0,-0.32
589935,513,513.0,1.86,1.86,0,-0.32
589940,513,512.89,2.0,2.0,0,-0.32
589945,514,514.0,2.13,2.13,0,-0.32
589950,513,513.11,2.25,2.25,0,-0.32
589955,513,513.0,2.37,2.37,0,-0.32
589960,514,513.89,2.49,2.49,0,-0.32
589965,513,513.01,2.59,2.59,0,-0.32
589970,514,514.11,2.69,2.69,0,-0.32
589975,515,514.99,2.77,2.77,0,-0.32
589980,515,514.89,2.84,2.84,0,-0.32
589985,515,515.0,2.89,2.89,0,-0.32
589990,515,515.11,2.93,2.91,0,-0.32
589995,516,516.0,2.94,2.91,0,-0.32
590000,516,515.89,2.94,2.91,0,-0.32
590005,517,517.0,2.91,2.91,0,-0.32
590010,517,517.11,2.86,2.86,0,-0.32
590015,515,515.0,2.79,2.79,0,-0.32
590020,518,517.89,2.69,2.69,0,-0.32
590025,516,516.0,2.58,2.58,0,-0.32
590030,516,516.1,2.44,2.44,0,-0.32
590035,516,515.99,2.28,2.28,0,-0.32
590040,516,515.9,2.09,2.09,0,-0.32
590045,516,516.01,1.9,1.9,0,-0.32
590050,515,515.1,1.68,1.68,0,-0.32
590055,514,513.99,1.46,1.46,0,-0.32
590060,513,512.91,1.22,1.22,0,-0.32
590065,513,513.02,0.98,0.98,0,-0.32
590070,513,513.09,0.74,0.74,0,-0.32
590075,512,511.97,0.49,0.49,0,-0.32
590080,512,511.91,0.25,0.25,0,-0.32
590085,510,510.03,0.01,0.01,0,-0.32
590090,510,510.09,-0.22,-0.22,0,-0.32
590095,510,509.97,-0.43,-0.43,0,-0.32
590100,512,511.92,-0.64,-0.64,0,-0.32
590105,509,509.04,-0.82,-0.82,0,-0.32
590110,509,509.08,-0.99,-0.99,0,-0.32
590115,509,508.96,-1.14,-1.14,0,-0.32
590120,509,508.93,-1.26,-1.26,0,-0.32
590125,508,508.04,-1.37,-1.37,0,-0.32
590130,509,509.06,-1.45,-1.45,0,-0.32
590135,510,509.96,-1.51,-1.51,0,-0.32
590140,509,508.95,-1.55,-1.55,0,-0.32
590145,509,509.04,-1.57,-1.55,0,-0.32
590150,510,510.04,-1.57,-1.55,0,-0.32
590155,510,509.97,-1.55,-1.55,0,-0.32
590160,510,509.96,-1.51,-1.51,0,-0.32
590165,510,510.03,-1.45,-1.45,0,-0.32
590170,511,511.03,-1.38,-1.38,0,-0.32
590175,510,509.97,-1.3,-1.3,0,-0.32
590180,511,510.98,-1.21,-1.21,0,-0.32
590185,511,511.02,-1.12,-1.12,0,-0.32
590190,512,512.02,-1.01,-1.01,0,-0.32
590195,511,510.98,-0.9,-0.9,0,-0.32
590200,512,511.98,-0.79,-0.79,0,-0.32
590205,513,513.02,-0.68,-0.68,0,-0.32
590210,511,511.01,-0.57,-0.57,0,-0.32
590215,512,511.98,-0.46,-0.46,0,-0.32
590220,513,513.0,-0.36,-0.36,0,-0.32
590225,512,512.02,-0.26,-0.26,0,-0.32
590230,513,513.0,-0.17,-0.17,0,-0.32
590235,512,511.98,-0.09,-0.09,0,-0.32
590240,511,511.01,-0.02,-0.02,0,-0.32
590245,512,512.02,0.04,0.04,0,-0.32
590250,513,512.99,0.1,0.1,0,-0.32
590255,513,512.97,0.14,0.14,0,-0.32
590260,512,512.02,0.17,0.17,0,-0.32
590265,512,512.03,0.19,0.18,0,-0.32
590270,514,513.98,0.19,0.18,0,-0.32
590275,513,512.98,0.19,0.18,0,-0.32
590280,513,513.01,0.18,0.18,0,-0.32
590285,511,511.02,0.15,0.15,0,-0.32
590290,512,511.99,0.11,0.11,0,-0.32
590295,513,512.99,0.07,0.07,0,-0.32
590300,512,512.01,0.01,0.01,0,-0.32
590305,513,513.01,-0.05,-0.05,0,-0.32
590310,512,511.99,-0.12,-0.12,0,-0.32
590315,512,512.0,-0.2,-0.2,0,-0.32
590320,512,512.01,-0.28,-0.28,0,-0.32
590325,512,511.99,-0.37,-0.37,0,-0.32
590330,510,509.99,-0.45,-0.45,0,-0.32
590335,511,511.01,-0.54,-0.54,0,-0.32
590340,510,510.01,-0.62,-0.62,0,-0.32
590345,510,509.98,-0.71,-0.71,0,-0.32
590350,510,509.99,-0.79,-0.79,0,-0.32
590355,510,510.02,-0.87,-0.87,0,-0.32
590360,510,510.01,-0.94,-0.94,0,-0.32
590365,511,510.97,-1.0,-1.0,0,-0.32
590370,511,510.99,-1.07,-1.07,0,-0.32
590375,511,511.03,-1.12,-1.12,0,-0.32
590380,510,510.01,-1.17,-1.17,0,-0.32
590385,511,510.96,-1.22,-1.22,0,-0.32
590390,510,509.99,-1.25,-1.25,0,-0.32
590395,510,510.04,-1.28,-1.28,0,-0.32
590400,511,511.01,-1.31,-1.31,0,-0.32
590405,511,510.95,-1.33,-1.33,0,-0.32
590410,511,510.99,-1.34,-1.33,0,-0.32
590415,510,510.05,-1.34,-1.33,0,-0.32
590420,511,511.01,-1.34,-1.33,0,-0.32
590425,510,509.95,-1.33,-1.33,0,-0.32
590430,511,510.99,-1.32,-1.32,0,-0.32
590435,509,509.05,-1.3,-1.3,0,-0.32
590440,509,509.01,-1.27,-1.27,0,-0.32
590445,511,510.95,-1.24,-1.24,0,-0.32
590450,510,509.99,-1.21,-1.21,0,-0.32
590455,511,511.05,-1.17,-1.17,0,-0.32
590460,511,511.0,-1.12,-1.12,0,-0.32
590465,512,511.96,-1.08,-1.08,0,-0.32
590470,510,510.0,-1.03,-1.03,0,-0.32
590475,512,512.04,-0.98,-0.98,0,-0.32
590480,512,512.0,-0.93,-0.93,0,-0.32
590485,511,510.96,-0.88,-0.88,0,-0.32
590490,511,511.0,-0.83,-0.83,0,-0.32
590495,512,512.04,-0.79,-0.79,0,-0.32
590500,511,511.01,-0.74,-0.74,0,-0.32
590505,511,510.96,-0.69,-0.69,0,-0.32
590510,512,511.99,-0.65,-0.65,0,-0.32
590515,511,511.04,-0.6,-0.6,0,-0.32
590520,511,511.01,-0.56,-0.56,0,-0.32
590525,511,510.96,-0.52,-0.52,0,-0.32
590530,511,510.99,-0.48,-0.48,0,-0.32
590535,510,510.04,-0.44,-0.44,0,-0.32
590540,512,512.01,-0.4,-0.4,0,-0.32
590545,512,511.96,-0.37,-0.37,0,-0.32
590550,512,511.99,-0.33,-0.33,0,-0.32
590555,512,512.03,-0.3,-0.3,0,-0.32
590560,511,511.01,-0.28,-0.28,0,-0.32
590565,512,511.97,-0.25,-0.25,0,-0.32
590570,512,511.99,-0.23,-0.23,0,-0.32
590575,512,512.03,-0.21,-0.21,0,-0.32
590580,511,511.01,-0.2,-0.2,0,-0.32
590585,512,511.97,-0.19,-0.19,0,-0.32
590590,512,511.99,-0.17,-0.17,0,-0.32
590595,512,512.02,-0.17,-0.17,0,-0.32
590600,512,512.01,-0.16,-0.16,0,-0.32
590605,512,511.98,-0.15,-0.15,0,-0.32
590610,512,512.0,-0.15,-0.15,0,-0.32
590615,512,512.02,-0.15,-0.15,0,-0.32
590620,513,513.0,-0.14,-0.14,0,-0.32
590625,512,511.98,-0.14,-0.14,0,-0.32
590630,513,513.0,-0.14,-0.14,0,-0.32
590635,511,511.01,-0.13,-0.13,0,-0.32
590640,511,510.99,-0.12,-0.12,0,-0.32
590645,511,510.99,-0.11,-0.11,0,-0.32
590650,513,513.01,-0.09,-0.09,0,-0.32
590655,512,512.01,-0.07,-0.07,0,-0.32
590660,512,511.98,-0.05,-0.05,0,-0.32
590665,511,510.99,-0.02,-0.02,0,-0.32
590670,512,512.03,0.02,0.02,0,-0.32
590675,513,513.01,0.07,0.07,0,-0.32
590680,512,511.96,0.12,0.12,0,-0.32
590685,512,511.99,0.18,0.18,0,-0.32
590690,512,512.05,0.25,0.25,0,-0.32
590695,511,511.01,0.33,0.33,0,-0.32
590700,512,511.94,0.42,0.42,0,-0.32
590705,512,511.98,0.52,0.52,0,-0.32
590710,512,512.07,0.63,0.63,0,-0.32
590715,511,511.02,0.75,0.75,0,-0.32
590720,513,512.92,0.88,0.88,0,-0.32
590725,511,510.99,1.02,1.02,0,-0.32
590730,512,512.08,1.17,1.17,0,-0.32
590735,511,511.01,1.32,1.32,0,-0.32
590740,512,511.91,1.48,1.48,0,-0.32
590745,511,510.99,1.65,1.65,0,-0.32
590750,512,512.1,1.82,1.82,0,-0.32
590755,513,513.02,1.99,1.99,0,-0.32
590760,513,512.89,2.16,2.16,0,-0.32
590765,514,513.98,2.32,2.32,0,-0.32
590770,514,514.11,2.48,2.48,0,-0.32
590775,514,514.02,2.62,2.62,0,-0.32
590780,515,514.88,2.76,2.76,0,-0.32
590785,515,514.98,2.88,2.88,0,-0.32
590790,515,515.13,2.98,2.98,0,-0.32
590795,517,517.02,3.06,3.06,0,-0.32
590800,518,517.87,3.12,3.12,0,-0.32
590805,517,516.98,3.16,3.12,0,-0.32
590810,517,517.14,3.16,3.12,0,-0.32
590815,517,517.03,3.15,3.12,0,-0.32
590820,518,517.86,3.1,3.1,0,-0.32
590825,518,517.97,3.03,3.03,0,-0.32
590830,516,516.14,2.93,2.93,0,-0.32
590835,517,517.03,2.81,2.81,0,-0.32
590840,516,515.86,2.66,2.66,0,-0.32
590845,515,514.97,2.49,2.49,0,-0.32
590850,514,514.14,2.31,2.31,0,-0.32
590855,515,515.03,2.1,2.1,0,-0.32
590860,514,513.86,1.88,1.88,0,-0.32
590865,513,512.96,1.66,1.66,0,-0.32
590870,512,512.13,1.42,1.42,0,-0.32
590875,512,512.04,1.18,1.18,0,-0.32
590880,512,511.87,0.93,0.93,0,-0.32
590885,513,512.95,0.69,0.69,0,-0.32
590890,512,512.13,0.45,0.45,0,-0.32
590895,511,511.05,0.22,0.22,0,-0.32
590900,510,509.88,-0.01,-0.01,0,-0.32
590905,511,510.95,-0.22,-0.22,0,-0.32
590910,510,510.12,-0.43,-0.43,0,-0.32
590915,511,511.05,-0.62,-0.62,0,-0.32
590920,510,509.88,-0.79,-0.79,0,-0.32
590925,510,509.95,-0.94,-0.94,0,-0.32
590930,510,510.12,-1.08,-1.08,0,-0.32
590935,509,509.05,-1.2,-1.2,0,-0.32
590940,509,508.87,-1.3,-1.3,0,-0.32
590945,510,509.95,-1.37,-1.37,0,-0.32
590950,509,509.13,-1.43,-1.43,0,-0.32
590955,509,509.05,-1.47,-1.47,0,-0.32
590960,510,509.87,-1.49,-1.47,0,-0.32
590965,511,510.95,-1.49,-1.47,0,-0.32
590970,509,509.13,-1.48,-1.47,0,-0.32
590975,510,510.05,-1.45,-1.45,0,-0.32
590980,511,510.87,-1.4,-1.4,0,-0.32
590985,511,510.96,-1.34,-1.34,0,-0.32
590990,510,510.13,-1.28,-1.28,0,-0.32
590995,511,511.04,-1.2,-1.2,0,-0.32
591000,511,510.88,-1.11,-1.11,0,-0.32
591005,511,510.97,-1.02,-1.02,0,-0.32
591010,511,511.12,-0.92,-0.92,0,-0.32
591015,512,512.02,-0.81,-0.81,0,-0.32
591020,512,511.88,-0.71,-0.71,0,-0.32
591025,511,510.98,-0.61,-0.61,0,-0.32
591030,512,512.11,-0.5,-0.5,0,-0.32
591035,513,513.02,-0.4,-0.4,0,-0.32
591040,512,511.89,-0.31,-0.31,0,-0.32
591045,511,510.98,-0.22,-0.22,0,-0.32
591050,511,511.1,-0.13,-0.13,0,-0.32
591055,512,512.02,-0.05,-0.05,0,-0.32
591060,513,512.9,0.02,0.02,0,-0.32
591065,511,510.97,0.09,0.09,0,-0.32
591070,513,513.09,0.14,0.14,0,-0.32
591075,512,512.03,0.19,0.19,0,-0.32
591080,513,512.92,0.22,0.22,0,-0.32
591085,513,512.96,0.25,0.25,0,-0.32
591090,512,512.07,0.26,0.25,0,-0.32
591095,512,512.04,0.27,0.25,0,-0.32
591100,513,512.93,0.26,0.25,0,-0.32
591105,512,511.95,0.24,0.24,0,-0.32
591110,513,513.06,0.22,0.22,0,-0.32
591115,513,513.05,0.18,0.18,0,-0.32
591120,513,512.95,0.13,0.13,0,-0.32
591125,513,512.94,0.07,0.07,0,-0.32
591130,513,513.04,0.01,0.01,0,-0.32
591135,512,512.07,-0.06,-0.06,0,-0.32
591140,512,511.97,-0.13,-0.13,0,-0.32
591145,511,510.93,-0.21,-0.21,0,-0.32
591150,512,512.02,-0.29,-0.29,0,-0.32
591155,511,511.08,-0.37,-0.37,0,-0.32
591160,510,509.98,-0.45,-0.45,0,-0.32
591165,511,510.92,-0.53,-0.53,0,-0.32
591170,511,511.01,-0.61,-0.61,0,-0.32
591175,509,509.09,-0.68,-0.68,0,-0.32
591180,511,510.99,-0.74,-0.74,0,-0.32
591185,510,509.91,-0.8,-0.8,0,-0.32
591190,510,510.01,-0.85,-0.85,0,-0.32
591195,510,510.1,-0.89,-0.89,0,-0.32
591200,511,511.0,-0.92,-0.92,0,-0.32
591205,511,510.9,-0.95,-0.95,0,-0.32
591210,510,509.99,-0.97,-0.97,0,-0.32
591215,511,511.1,-0.98,-0.97,0,-0.32
591220,510,510.01,-0.98,-0.97,0,-0.32
591225,511,510.89,-0.97,-0.97,0,-0.32
591230,511,510.98,-0.96,-0.96,0,-0.32
591235,510,510.11,-0.94,-0.94,0,-0.32
591240,511,511.03,-0.91,-0.91,0,-0.32
591245,511,510.89,-0.88,-0.88,0,-0.32
591250,510,509.97,-0.84,-0.84,0,-0.32
591255,510,510.11,-0.8,-0.8,0,-0.32
591260,511,511.04,-0.75,-0.75,0,-0.32
591265,511,510.89,-0.7,-0.7,0,-0.32
591270,511,510.95,-0.65,-0.65,0,-0.32
591275,511,511.11,-0.6,-0.6,0,-0.32
591280,511,511.06,-0.55,-0.55,0,-0.32
591285,512,511.89,-0.5,-0.5,0,-0.32
591290,512,511.93,-0.45,-0.45,0,-0.32
591295,512,512.1,-0.4,-0.4,0,-0.32
591300,510,510.08,-0.37,-0.37,0,-0.32
591305,512,511.9,-0.33,-0.33,0,-0.32
591310,513,512.92,-0.3,-0.3,0,-0.32
591315,511,511.1,-0.28,-0.28,0,-0.32
591320,512,512.08,-0.27,-0.28,0,-0.32
591325,513,512.9,-0.27,-0.28,0,-0.32
591330,512,511.92,-0.27,-0.28,0,-0.32
591335,512,512.09,-0.28,-0.28,0,-0.32
591340,513,513.08,-0.31,-0.31,0,-0.32
591345,512,511.92,-0.34,-0.34,0,-0.32
591350,512,511.91,-0.38,-0.38,0,-0.32
591355,511,511.08,-0.43,-0.43,0,-0.32
591360,511,511.09,-0.49,-0.49,0,-0.32
591365,512,511.93,-0.55,-0.55,0,-0.32
591370,512,511.91,-0.62,-0.62,0,-0.32
591375,511,511.06,-0.7,-0.7,0,-0.32
591380,512,512.09,-0.78,-0.78,0,-0.32
591385,511,510.95,-0.87,-0.87,0,-0.32
591390,511,510.9,-0.95,-0.95,0,-0.32
591395,511,511.04,-1.04,-1.04,0,-0.32
591400,510,510.1,-1.14,-1.14,0,-0.32
591405,511,510.97,-1.23,-1.23,0,-0.32
591410,510,509.9,-1.31,-1.31,0,-0.32
591415,511,511.02,-1.4,-1.4,0,-0.32
591420,510,510.1,-1.48,-1.48,0,-0.32
591425,509,508.98,-1.55,-1.55,0,-0.32
591430,510,509.89,-1.62,-1.62,0,-0.32
591435,511,511.01,-1.68,-1.68,0,-0.32
591440,510,510.11,-1.73,-1.73,0,-0.32
591445,510,509.99,-1.78,-1.78,0,-0.32
591450,510,509.89,-1.81,-1.81,0,-0.32
591455,511,511.01,-1.83,-1.82,0,-0.32
591460,510,510.12,-1.84,-1.82,0,-0.32
591465,512,511.99,-1.83,-1.82,0,-0.32
591470,510,509.88,-1.82,-1.82,0,-0.32
591475,511,511.0,-1.79,-1.79,0,-0.32
591480,509,509.13,-1.74,-1.74,0,-0.32
591485,509,509.0,-1.67,-1.67,0,-0.32
591490,511,510.87,-1.59,-1.59,0,-0.32
591495,509,509.0,-1.49,-1.49,0,-0.32
591500,509,509.13,-1.38,-1.38,0,-0.32
591505,510,510.0,-1.24,-1.24,0,-0.32
591510,510,509.87,-1.09,-1.09,0,-0.32
591515,510,510.0,-0.92,-0.92,0,-0.32
591520,509,509.12,-0.73,-0.73,0,-0.32
591525,511,511.01,-0.52,-0.52,0,-0.32
591530,510,509.88,-0.3,-0.3,0,-0.32
591535,510,509.99,-0.07,-0.07,0,-0.32
591540,511,511.12,0.18,0.18,0,-0.32
591545,511,511.02,0.43,0.43,0,-0.32
591550,511,510.89,0.7,0.7,0,-0.32
591555,512,511.98,0.97,0.97,0,-0.32
591560,512,512.11,1.24,1.24,0,-0.32
591565,512,512.03,1.51,1.51,0,-0.32
591570,513,512.89,1.77,1.77,0,-0.32
591575,514,513.97,2.03,2.03,0,-0.32
591580,513,513.11,2.28,2.28,0,-0.32
591585,515,515.03,2.52,2.52,0,-0.32
591590,515,514.89,2.73,2.73,0,-0.32
591595,516,515.96,2.93,2.93,0,-0.32
591600,517,517.11,3.11,3.11,0,-0.32
591605,516,516.04,3.25,3.25,0,-0.32
591610,517,516.9,3.38,3.38,0,-0.32
591615,519,518.96,3.47,3.47,0,-0.32
591620,517,517.1,3.53,3.51,0,-0.32
591625,518,518.04,3.55,3.51,0,-0.32
591630,519,518.9,3.55,3.51,0,-0.32
591635,517,516.97,3.51,3.51,0,-0.32
591640,517,517.1,3.44,3.44,0,-0.32
591645,517,517.03,3.34,3.34,0,-0.32
591650,517,516.91,3.21,3.21,0,-0.32
591655,516,515.97,3.06,3.06,0,-0.32
591660,515,515.09,2.88,2.88,0,-0.32
591665,516,516.03,2.69,2.69,0,-0.32
591670,514,513.92,2.47,2.47,0,-0.32
591675,514,513.97,2.25,2.25,0,-0.32
591680,512,512.07,2.01,2.01,0,-0.32
591685,513,513.04,1.76,1.76,0,-0.32
591690,513,512.93,1.52,1.52,0,-0.32
591695,513,512.96,1.27,1.27,0,-0.32
591700,513,513.06,1.02,1.02,0,-0.32
591705,511,511.04,0.79,0.79,0,-0.32
591710,510,509.95,0.56,0.56,0,-0.32
591715,510,509.96,0.34,0.34,0,-0.32
591720,510,510.04,0.14,0.14,0,-0.32
591725,510,510.04,-0.05,-0.05,0,-0.32
591730,510,509.96,-0.22,-0.22,0,-0.32
591735,510,509.96,-0.37,-0.37,0,-0.32
591740,511,511.03,-0.51,-0.51,0,-0.32
591745,510,510.04,-0.62,-0.62,0,-0.32
591750,510,509.97,-0.71,-0.71,0,-0.32
591755,510,509.96,-0.78,-0.78,0,-0.32
591760,509,509.03,-0.83,-0.83,0,-0.32
591765,510,510.05,-0.87,-0.87,0,-0.32
591770,511,510.98,-0.88,-0.87,0,-0.32
591775,510,509.95,-0.88,-0.87,0,-0.32
591780,511,511.02,-0.87,-0.87,0,-0.32
591785,512,512.05,-0.84,-0.84,0,-0.32
591790,510,509.99,-0.8,-0.8,0,-0.32
591795,512,511.94,-0.75,-0.75,0,-0.32
591800,512,512.01,-0.69,-0.69,0,-0.32
591805,511,511.06,-0.62,-0.62,0,-0.32
591810,512,511.99,-0.55,-0.55,0,-0.32
591815,514,513.94,-0.48,-0.48,0,-0.32
591820,513,513.01,-0.4,-0.4,0,-0.32
591825,511,511.06,-0.33,-0.33,0,-0.32
591830,513,512.99,-0.26,-0.26,0,-0.32
591835,513,512.95,-0.18,-0.18,0,-0.32
591840,512,512.01,-0.11,-0.11,0,-0.32
591845,512,512.05,-0.05,-0.05,0,-0.32
591850,512,511.99,0.02,0.02,0,-0.32
591855,511,510.96,0.07,0.07,0,-0.32
591860,513,513.0,0.13,0.13,0,-0.32
591865,513,513.03,0.18,0.18,0,-0.32
591870,513,513.0,0.22,0.22,0,-0.32
591875,513,512.97,0.26,0.26,0,-0.32
591880,512,512.0,0.29,0.29,0,-0.32
591885,513,513.02,0.32,0.32,0,-0.32
591890,513,513.0,0.34,0.34,0,-0.32
591895,511,510.98,0.36,0.36,0,-0.32
591900,512,512.0,0.38,0.38,0,-0.32
591905,512,512.02,0.39,0.39,0,-0.32
591910,511,511.01,0.4,0.4,0,-0.32
591915,512,511.98,0.4,0.4,0,-0.32
591920,512,511.99,0.41,0.41,0,-0.32
591925,512,512.02,0.41,0.41,0,-0.32
591930,511,511.01,0.41,0.41,0,-0.32
591935,512,511.98,0.41,0.41,0,-0.32
591940,512,511.99,0.41,0.41,0,-0.32
591945,512,512.02,0.4,0.4,0,-0.32
591950,511,511.01,0.4,0.4,0,-0.32
591955,512,511.98,0.39,0.39,0,-0.32
591960,513,513.0,0.38,0.38,0,-0.32
591965,514,514.03,0.37,0.37,0,-0.32
591970,512,512.0,0.35,0.35,0,-0.32
591975,512,511.97,0.33,0.33,0,-0.32
591980,511,511.01,0.31,0.31,0,-0.32
591985,512,512.04,0.29,0.29,0,-0.32
591990,512,511.99,0.27,0.27,0,-0.32
591995,512,511.96,0.24,0.24,0,-0.32
592000,512,512.02,0.21,0.21,0,-0.32
592005,512,512.05,0.18,0.18,0,-0.32
592010,512,511.98,0.14,0.14,0,-0.32
592015,514,513.94,0.11,0.11,0,-0.32
592020,512,512.03,0.07,0.07,0,-0.32
592025,512,512.06,0.02,0.02,0,-0.32
592030,512,511.97,-0.02,-0.02,0,-0.32
592035,512,511.94,-0.07,-0.07,0,-0.32
592040,511,511.03,-0.12,-0.12,0,-0.32
592045,511,511.06,-0.17,-0.17,0,-0.32
592050,512,511.96,-0.22,-0.22,0,-0.32
592055,512,511.94,-0.27,-0.27,0,-0.32
592060,512,512.04,-0.32,-0.32,0,-0.32
592065,512,512.06,-0.37,-0.37,0,-0.32
592070,512,511.96,-0.42,-0.42,0,-0.32
592075,511,510.94,-0.47,-0.47,0,-0.32
592080,510,510.04,-0.52,-0.52,0,-0.32
592085,510,510.06,-0.57,-0.57,0,-0.32
592090,512,511.96,-0.61,-0.61,0,-0.32
592095,511,510.94,-0.65,-0.65,0,-0.32
592100,511,511.03,-0.69,-0.69,0,-0.32
592105,510,510.06,-0.73,-0.73,0,-0.32
592110,511,510.97,-0.76,-0.76,0,-0.32
592115,511,510.94,-0.79,-0.79,0,-0.32
592120,512,512.03,-0.82,-0.82,0,-0.32
592125,510,510.05,-0.84,-0.84,0,-0.32
592130,511,510.98,-0.86,-0.86,0,-0.32
592135,510,509.95,-0.88,-0.88,0,-0.32
592140,512,512.02,-0.9,-0.9,0,-0.32
592145,511,511.04,-0.91,-0.91,0,-0.32
592150,511,510.98,-0.92,-0.92,0,-0.32
592155,511,510.96,-0.93,-0.93,0,-0.32
592160,512,512.02,-0.94,-0.94,0,-0.32
592165,510,510.04,-0.94,-0.94,0,-0.32
592170,510,509.97,-0.95,-0.95,0,-0.32
592175,511,510.97,-0.95,-0.95,0,-0.32
592180,510,510.03,-0.95,-0.95,0,-0.32
592185,511,511.03,-0.95,-0.95,0,-0.32
592190,512,511.96,-0.94,-0.94,0,-0.32
592195,511,510.98,-0.94,-0.94,0,-0.32
592200,511,511.04,-0.94,-0.94,0,-0.32
592205,512,512.01,-0.93,-0.93,0,-0.32
592210,511,510.96,-0.93,-0.93,0,-0.32
592215,511,510.99,-0.92,-0.92,0,-0.32
592220,512,512.04,-0.92,-0.92,0,-0.32
592225,511,511.01,-0.91,-0.91,0,-0.32
592230,511,510.95,-0.91,-0.91,0,-0.32
592235,511,510.99,-0.9,-0.9,0,-0.32
592240,510,510.05,-0.89,-0.89,0,-0.32
592245,511,511.0,-0.88,-0.88,0,-0.32
592250,512,511.94,-0.87,-0.87,0,-0.32
592255,511,511.0,-0.86,-0.86,0,-0.32
592260,511,511.06,-0.84,-0.84,0,-0.32
592265,511,511.0,-0.83,-0.83,0,-0.32
592270,510,509.94,-0.81,-0.81,0,-0.32
592275,511,511.01,-0.78,-0.78,0,-0.32
592280,511,511.06,-0.76,-0.76,0,-0.32
592285,511,510.99,-0.73,-0.73,0,-0.32
592290,510,509.94,-0.7,-0.7,0,-0.32
592295,512,512.01,-0.66,-0.66,0,-0.32
592300,511,511.07,-0.63,-0.63,0,-0.32
592305,511,510.98,-0.59,-0.59,0,-0.32
592310,510,509.93,-0.54,-0.54,0,-0.32
592315,511,511.02,-0.5,-0.5,0,-0.32
592320,510,510.08,-0.45,-0.45,0,-0.32
592325,511,510.97,-0.4,-0.4,0,-0.32
592330,513,512.91,-0.35,-0.35,0,-0.32
592335,513,513.04,-0.3,-0.3,0,-0.32
592340,512,512.09,-0.25,-0.25,0,-0.32
592345,513,512.96,-0.2,-0.2,0,-0.32
592350,512,511.91,-0.15,-0.15,0,-0.32
592355,511,511.05,-0.11,-0.11,0,-0.32
592360,512,512.09,-0.06,-0.06,0,-0.32
592365,512,511.94,-0.01,-0.01,0,-0.32
592370,513,512.9,0.03,0.03,0,-0.32
592375,511,511.06,0.08,0.08,0,-0.32
592380,511,511.1,0.12,0.12,0,-0.32
592385,511,510.93,0.16,0.16,0,-0.32
592390,512,511.9,0.2,0.2,0,-0.32
592395,512,512.07,0.24,0.24,0,-0.32
592400,511,511.09,0.28,0.28,0,-0.32
592405,513,512.93,0.32,0.32,0,-0.32
592410,512,511.91,0.35,0.35,0,-0.32
592415,513,513.08,0.38,0.38,0,-0.32
592420,513,513.09,0.41,0.41,0,-0.32
592425,513,512.92,0.44,0.44,0,-0.32
592430,513,512.91,0.46,0.46,0,-0.32
592435,512,512.09,0.48,0.48,0,-0.32
592440,513,513.08,0.49,0.49,0,-0.32
592445,513,512.91,0.5,0.5,0,-0.32
592450,514,513.92,0.51,0.51,0,-0.32
592455,512,512.09,0.52,0.52,0,-0.32
592460,512,512.08,0.52,0.52,0,-0.32
592465,511,510.91,0.53,0.53,0,-0.32
592470,512,511.93,0.53,0.53,0,-0.32
592475,512,512.1,0.53,0.53,0,-0.32
592480,512,512.07,0.53,0.53,0,-0.32
592485,512,511.9,0.53,0.53,0,-0.32
592490,511,510.94,0.53,0.53,0,-0.32
592495,513,513.11,0.53,0.53,0,-0.32
592500,513,513.06,0.53,0.53,0,-0.32
592505,513,512.88,0.52,0.52,0,-0.32
592510,512,511.94,0.52,0.52,0,-0.32
592515,512,512.12,0.52,0.52,0,-0.32
592520,513,513.06,0.51,0.51,0,-0.32
592525,513,512.87,0.5,0.5,0,-0.32
592530,512,511.93,0.49,0.49,0,-0.32
592535,513,513.13,0.49,0.49,0,-0.32
592540,512,512.07,0.48,0.48,0,-0.32
592545,514,513.86,0.47,0.47,0,-0.32
592550,511,510.92,0.45,0.45,0,-0.32
592555,513,513.14,0.44,0.44,0,-0.32
592560,511,511.08,0.43,0.43,0,-0.32
592565,513,512.86,0.42,0.42,0,-0.32
592570,512,511.91,0.41,0.41,0,-0.32
592575,512,512.15,0.39,0.39,0,-0.32
592580,512,512.09,0.38,0.38,0,-0.32
592585,512,511.85,0.37,0.37,0,-0.32
592590,512,511.9,0.35,0.35,0,-0.32
592595,512,512.15,0.34,0.34,0,-0.32
592600,513,513.1,0.33,0.33,0,-0.32
592605,512,511.84,0.31,0.31,0,-0.32
592610,512,511.89,0.3,0.3,0,-0.32
592615,511,511.16,0.28,0.28,0,-0.32
592620,512,512.12,0.27,0.27,0,-0.32
592625,514,513.84,0.25,0.25,0,-0.32
592630,516,515.87,0.23,0.23,0,-0.32
592635,512,512.16,0.21,0.21,0,-0.32
592640,511,511.13,0.19,0.19,0,-0.32
592645,512,511.85,0.17,0.17,0,-0.32
592650,513,512.88,0.15,0.15,0,-0.32
592655,512,512.15,0.13,0.13,0,-0.32
592660,512,512.12,0.11,0.11,0,-0.32
592665,513,512.85,0.09,0.09,0,-0.32
592670,510,509.89,0.07,0.07,0,-0.32
592675,511,511.14,0.06,0.06,0,-0.32
592680,511,511.11,0.04,0.04,0,-0.32
592685,512,511.86,0.03,0.03,0,-0.32
592690,512,511.89,0.03,0.03,0,-0.32
592695,511,511.13,0.02,0.02,0,-0.32
592700,512,512.11,0.02,0.02,0,-0.32
592705,511,510.88,0.01,0.02,0,-0.32
592710,511,510.89,0.01,0.02,0,-0.32
592715,512,512.12,0.01,0.02,0,-0.32
592720,513,513.11,0.02,0.02,0,-0.32
592725,512,511.89,0.02,0.02,0,-0.32
592730,513,512.89,0.02,0.02,0,-0.32
592735,513,513.11,0.02,0.02,0,-0.32
592740,513,513.11,0.02,0.02,0,-0.32
592745,513,512.9,0.02,0.02,0,-0.32
592750,513,512.88,0.02,0.02,0,-0.32
592755,512,512.1,0.02,0.02,0,-0.32
592760,512,512.12,0.01,0.01,0,-0.32
592765,512,511.9,0.01,0.01,0,-0.32
592770,512,511.88,0.01,0.01,0,-0.32
592775,511,511.09,0.01,0.01,0,-0.32
592780,511,511.12,0.01,0.01,0,-0.32
592785,511,510.91,0.01,0.01,0,-0.32
592790,512,511.88,0.01,0.01,0,-0.32
592795,512,512.08,0.01,0.01,0,-0.32
592800,511,511.13,0.02,0.02,0,-0.32
592805,512,511.92,0.02,0.02,0,-0.32
592810,513,512.88,0.03,0.03,0,-0.32
592815,512,512.08,0.04,0.04,0,-0.32
592820,511,511.12,0.04,0.04,0,-0.32
592825,512,511.93,0.05,0.05,0,-0.32
592830,511,510.89,0.06,0.06,0,-0.32
592835,512,512.07,0.07,0.07,0,-0.32
592840,512,512.11,0.07,0.07,0,-0.32
592845,513,512.93,0.08,0.08,0,-0.32
592850,512,511.89,0.09,0.09,0,-0.32
592855,512,512.06,0.09,0.09,0,-0.32
592860,512,512.11,0.09,0.09,0,-0.32
592865,512,511.94,0.09,0.09,0,-0.32
592870,512,511.9,0.08,0.08,0,-0.32
592875,512,512.05,0.07,0.07,0,-0.32
592880,512,512.1,0.06,0.06,0,-0.32
592885,513,512.95,0.05,0.05,0,-0.32
592890,512,511.9,0.03,0.03,0,-0.32
592895,513,513.04,0.01,0.01,0,-0.32
592900,513,513.1,-0.02,-0.02,0,-0.32
592905,511,510.96,-0.05,-0.05,0,-0.32
592910,513,512.9,-0.09,-0.09,0,-0.32
592915,511,511.03,-0.13,-0.13,0,-0.32
592920,512,512.1,-0.17,-0.17,0,-0.32
592925,513,512.97,-0.21,-0.21,0,-0.32
592930,512,511.9,-0.26,-0.26,0,-0.32
592935,512,512.02,-0.31,-0.31,0,-0.32
592940,512,512.1,-0.36,-0.36,0,-0.32
592945,513,512.98,-0.41,-0.41,0,-0.32
592950,512,511.9,-0.46,-0.46,0,-0.32
592955,512,512.01,-0.52,-0.52,0,-0.32
592960,512,512.1,-0.57,-0.57,0,-0.32
592965,511,511.0,-0.62,-0.62,0,-0.32
592970,511,510.9,-0.66,-0.66,0,-0.32
592975,511,510.99,-0.7,-0.7,0,-0.32
592980,511,511.1,-0.73,-0.73,0,-0.32
592985,510,510.02,-0.76,-0.76,0,-0.32
592990,512,511.9,-0.78,-0.78,0,-0.32
592995,511,510.98,-0.8,-0.78,0,-0.32
593000,509,509.1,-0.8,-0.78,0,-0.32
593005,510,510.03,-0.8,-0.78,0,-0.32
593010,511,510.9,-0.78,-0.78,0,-0.32
593015,512,511.97,-0.76,-0.76,0,-0.32
593020,511,511.09,-0.73,-0.73,0,-0.32
593025,512,512.03,-0.69,-0.69,0,-0.32
593030,512,511.91,-0.64,-0.64,0,-0.32
593035,511,510.97,-0.59,-0.59,0,-0.32
593040,512,512.08,-0.52,-0.52,0,-0.32
593045,511,511.04,-0.45,-0.45,0,-0.32
593050,511,510.93,-0.37,-0.37,0,-0.32
593055,511,510.96,-0.29,-0.29,0,-0.32
593060,511,511.07,-0.19,-0.19,0,-0.32
593065,512,512.04,-0.09,-0.09,0,-0.32
593070,511,510.93,0.01,0.01,0,-0.32
593075,511,510.95,0.12,0.12,0,-0.32
593080,511,511.06,0.23,0.23,0,-0.32
593085,513,513.06,0.34,0.34,0,-0.32
593090,512,511.94,0.46,0.46,0,-0.32
593095,513,512.94,0.57,0.57,0,-0.32
593100,511,511.05,0.68,0.68,0,-0.32
593105,513,513.07,0.79,0.79,0,-0.32
593110,514,513.96,0.89,0.89,0,-0.32
593115,514,513.92,0.98,0.98,0,-0.32
593120,514,514.03,1.07,1.07,0,-0.32
593125,513,513.09,1.15,1.15,0,-0.32
593130,514,513.98,1.21,1.21,0,-0.32
593135,514,513.9,1.27,1.27,0,-0.32
593140,514,514.01,1.31,1.31,0,-0.32
593145,515,515.1,1.34,1.34,0,-0.32
593150,513,513.0,1.35,1.34,0,-0.32
593155,516,515.89,1.36,1.34,0,-0.32
593160,514,514.0,1.34,1.34,0,-0.32
593165,515,515.12,1.32,1.32,0,-0.32
593170,514,514.01,1.28,1.28,0,-0.32
593175,514,513.88,1.23,1.23,0,-0.32
593180,514,513.98,1.17,1.17,0,-0.32
593185,513,513.13,1.1,1.1,0,-0.32
593190,513,513.03,1.02,1.02,0,-0.32
593195,513,512.86,0.93,0.93,0,-0.32
593200,513,512.97,0.84,0.84,0,-0.32
593205,512,512.14,0.74,0.74,0,-0.32
593210,512,512.04,0.63,0.63,0,-0.32
593215,513,512.85,0.53,0.53,0,-0.32
593220,511,510.96,0.43,0.43,0,-0.32
593225,512,512.15,0.32,0.32,0,-0.32
593230,512,512.05,0.22,0.22,0,-0.32
593235,512,511.85,0.12,0.12,0,-0.32
593240,511,510.94,0.02,0.02,0,-0.32
593245,512,512.16,-0.07,-0.07,0,-0.32
593250,510,510.07,-0.16,-0.16,0,-0.32
593255,512,511.84,-0.24,-0.24,0,-0.32
593260,512,511.93,-0.32,-0.32,0,-0.32
593265,511,511.17,-0.39,-0.39,0,-0.32
593270,512,512.08,-0.45,-0.45,0,-0.32
593275,513,512.83,-0.51,-0.51,0,-0.32
593280,511,510.91,-0.56,-0.56,0,-0.32
593285,511,511.17,-0.6,-0.6,0,-0.32
593290,510,510.09,-0.64,-0.64,0,-0.32
593295,511,510.83,-0.67,-0.67,0,-0.32
593300,511,510.9,-0.69,-0.69,0,-0.32
593305,512,512.17,-0.71,-0.71,0,-0.32
593310,511,511.1,-0.72,-0.71,0,-0.32
593315,512,511.83,-0.72,-0.71,0,-0.32
593320,512,511.89,-0.71,-0.71,0,-0.32
593325,511,511.18,-0.71,-0.71,0,-0.32
593330,511,511.11,-0.69,-0.69,0,-0.32
593335,513,512.82,-0.67,-0.67,0,-0.32
593340,512,511.88,-0.65,-0.65,0,-0.32
593345,511,511.17,-0.62,-0.62,0,-0.32
593350,512,512.12,-0.59,-0.59,0,-0.32
593355,511,510.83,-0.56,-0.56,0,-0.32
593360,512,511.88,-0.52,-0.52,0,-0.32
593365,511,511.17,-0.48,-0.48,0,-0.32
593370,510,510.12,-0.44,-0.44,0,-0.32
593375,511,510.83,-0.39,-0.39,0,-0.32
593380,511,510.88,-0.34,-0.34,0,-0.32
593385,511,511.16,-0.29,-0.29,0,-0.32
593390,512,512.12,-0.24,-0.24,0,-0.32
593395,513,512.84,-0.19,-0.19,0,-0.32
593400,513,512.88,-0.15,-0.15,0,-0.32
593405,512,512.16,-0.1,-0.1,0,-0.32
593410,512,512.12,-0.06,-0.06,0,-0.32
593415,512,511.85,-0.02,-0.02,0,-0.32
593420,514,513.88,0.01,0.01,0,-0.32
593425,513,513.15,0.04,0.04,0,-0.32
593430,513,513.12,0.07,0.07,0,-0.32
593435,512,511.85,0.09,0.09,0,-0.32
593440,513,512.89,0.11,0.11,0,-0.32
593445,512,512.15,0.12,0.12,0,-0.32
593450,513,513.11,0.13,0.13,0,-0.32
593455,513,512.85,0.13,0.13,0,-0.32
593460,512,511.9,0.13,0.13,0,-0.32
593465,512,512.15,0.13,0.13,0,-0.32
593470,513,513.1,0.12,0.12,0,-0.32
593475,511,510.86,0.11,0.11,0,-0.32
593480,512,511.9,0.1,0.1,0,-0.32
593485,512,512.14,0.09,0.09,0,-0.32
593490,512,512.11,0.08,0.08,0,-0.32
593495,511,510.85,0.07,0.07,0,-0.32
593500,512,511.89,0.06,0.06,0,-0.32
593505,511,511.15,0.05,0.05,0,-0.32
593510,512,512.11,0.04,0.04,0,-0.32
593515,512,511.85,0.03,0.03,0,-0.32
593520,512,511.89,0.02,0.02,0,-0.32
593525,512,512.16,0.02,0.02,0,-0.32
593530,512,512.11,0.01,0.01,0,-0.32
593535,513,512.84,0.0,0.0,0,-0.32
593540,513,512.88,-0.01,-0.01,0,-0.32
593545,512,512.16,-0.01,-0.01,0,-0.32
593550,512,512.12,-0.02,-0.02,0,-0.32
593555,512,511.84,-0.02,-0.02,0,-0.32
593560,512,511.88,-0.03,-0.03,0,-0.32
593565,512,512.16,-0.03,-0.03,0,-0.32
593570,512,512.12,-0.03,-0.03,0,-0.32
593575,512,511.83,-0.04,-0.04,0,-0.32
593580,512,511.88,-0.04,-0.04,0,-0.32
593585,511,511.17,-0.04,-0.04,0,-0.32
593590,512,512.12,-0.04,-0.04,0,-0.32
593595,512,511.83,-0.04,-0.04,0,-0.32
593600,511,510.88,-0.04,-0.04,0,-0.32
593605,512,512.17,-0.04,-0.04,0,-0.32
593610,512,512.13,-0.03,-0.03,0,-0.32
593615,513,512.83,-0.03,-0.03,0,-0.32
593620,514,513.87,-0.03,-0.03,0,-0.32
593625,511,511.17,-0.03,-0.03,0,-0.32
593630,512,512.13,-0.04,-0.04,0,-0.32
593635,512,511.83,-0.04,-0.04,0,-0.32
593640,514,513.87,-0.04,-0.04,0,-0.32
593645,511,511.16,-0.05,-0.05,0,-0.32
593650,511,511.13,-0.06,-0.06,0,-0.32
593655,513,512.84,-0.06,-0.06,0,-0.32
593660,512,511.88,-0.07,-0.07,0,-0.32
593665,512,512.15,-0.08,-0.08,0,-0.32
593670,511,511.12,-0.09,-0.09,0,-0.32
593675,511,510.85,-0.1,-0.1,0,-0.32
593680,512,511.89,-0.12,-0.12,0,-0.32
593685,512,512.14,-0.13,-0.13,0,-0.32
593690,512,512.1,-0.15,-0.15,0,-0.32
593695,512,511.86,-0.16,-0.16,0,-0.32
593700,512,511.91,-0.18,-0.18,0,-0.32
593705,512,512.14,-0.2,-0.2,0,-0.32
593710,513,513.08,-0.23,-0.23,0,-0.32
593715,512,511.87,-0.25,-0.25,0,-0.32
593720,512,511.92,-0.28,-0.28,0,-0.32
593725,512,512.13,-0.31,-0.31,0,-0.32
593730,513,513.07,-0.34,-0.34,0,-0.32
593735,512,511.87,-0.37,-0.37,0,-0.32
593740,513,512.93,-0.4,-0.4,0,-0.32
593745,512,512.13,-0.43,-0.43,0,-0.32
593750,512,512.07,-0.47,-0.47,0,-0.32
593755,513,512.87,-0.5,-0.5,0,-0.32
593760,511,510.94,-0.53,-0.53,0,-0.32
593765,511,511.12,-0.55,-0.55,0,-0.32
593770,512,512.06,-0.58,-0.58,0,-0.32
593775,512,511.88,-0.6,-0.6,0,-0.32
593780,511,510.94,-0.61,-0.61,0,-0.32
593785,511,511.11,-0.62,-0.61,0,-0.32
593790,512,512.06,-0.62,-0.61,0,-0.32
593795,512,511.9,-0.61,-0.61,0,-0.32
593800,512,511.94,-0.59,-0.59,0,-0.32
593805,511,511.09,-0.57,-0.57,0,-0.32
593810,511,511.06,-0.53,-0.53,0,-0.32
593815,511,510.92,-0.49,-0.49,0,-0.32
593820,511,510.93,-0.43,-0.43,0,-0.32
593825,510,510.08,-0.36,-0.36,0,-0.32
593830,510,510.07,-0.28,-0.28,0,-0.32
593835,511,510.94,-0.19,-0.19,0,-0.32
593840,511,510.93,-0.09,-0.09,0,-0.32
593845,511,511.05,0.02,0.02,0,-0.32
593850,511,511.06,0.14,0.14,0,-0.32
593855,512,511.96,0.27,0.27,0,-0.32
593860,512,511.94,0.4,0.4,0,-0.32
593865,512,512.03,0.54,0.54,0,-0.32
593870,513,513.06,0.68,0.68,0,-0.32
593875,512,511.98,0.82,0.82,0,-0.32
593880,513,512.94,0.96,0.96,0,-0.32
593885,512,512.01,1.1,1.1,0,-0.32
593890,513,513.06,1.23,1.23,0,-0.32
593895,512,512.01,1.35,1.35,0,-0.32
593900,515,514.94,1.47,1.47,0,-0.32
593905,515,514.98,1.58,1.58,0,-0.32
593910,515,515.05,1.67,1.67,0,-0.32
593915,515,515.02,1.75,1.75,0,-0.32
593920,515,514.95,1.81,1.81,0,-0.32
593925,517,516.97,1.85,1.85,0,-0.32
593930,514,514.05,1.88,1.85,0,-0.32
593935,516,516.04,1.88,1.85,0,-0.32
593940,514,513.96,1.87,1.85,0,-0.32
593945,516,515.96,1.84,1.84,0,-0.32
593950,515,515.04,1.78,1.78,0,-0.32
593955,515,515.04,1.71,1.71,0,-0.32
593960,515,514.96,1.63,1.63,0,-0.32
593965,515,514.95,1.52,1.52,0,-0.32
593970,515,515.03,1.41,1.41,0,-0.32
593975,513,513.05,1.28,1.28,0,-0.32
593980,514,513.97,1.14,1.14,0,-0.32
593985,512,511.95,0.99,0.99,0,-0.32
593990,513,513.03,0.83,0.83,0,-0.32
593995,511,511.05,0.67,0.67,0,-0.32
594000,512,511.97,0.5,0.5,0,-0.32
594005,511,510.95,0.34,0.34,0,-0.32
594010,511,511.03,0.18,0.18,0,-0.32
594015,511,511.05,0.02,0.02,0,-0.32
594020,511,510.97,-0.14,-0.14,0,-0.32
594025,511,510.95,-0.29,-0.29,0,-0.32
594030,511,511.03,-0.43,-0.43,0,-0.32
594035,512,512.06,-0.57,-0.57,0,-0.32
594040,511,510.98,-0.7,-0.7,0,-0.32
594045,511,510.94,-0.82,-0.82,0,-0.32
594050,510,510.02,-0.93,-0.93,0,-0.32
594055,512,512.06,-1.04,-1.04,0,-0.32
594060,509,508.98,-1.13,-1.13,0,-0.32
594065,512,511.93,-1.21,-1.21,0,-0.32
594070,512,512.02,-1.29,-1.29,0,-0.32
594075,510,510.07,-1.35,-1.35,0,-0.32
594080,510,509.98,-1.4,-1.4,0,-0.32
594085,512,511.92,-1.45,-1.45,0,-0.32
594090,510,510.03,-1.48,-1.48,0,-0.32
594095,510,510.08,-1.51,-1.51,0,-0.32
594100,510,509.97,-1.52,-1.51,0,-0.32
594105,511,510.93,-1.53,-1.51,0,-0.32
594110,511,511.04,-1.52,-1.51,0,-0.32
594115,510,510.07,-1.51,-1.51,0,-0.32
594120,511,510.95,-1.49,-1.49,0,-0.32
594125,512,511.94,-1.46,-1.46,0,-0.32
594130,510,510.05,-1.43,-1.43,0,-0.32
594135,511,511.06,-1.38,-1.38,0,-0.32
594140,512,511.94,-1.34,-1.34,0,-0.32
594145,511,510.95,-1.28,-1.28,0,-0.32
594150,511,511.06,-1.22,-1.22,0,-0.32
594155,510,510.04,-1.16,-1.16,0,-0.32
594160,511,510.94,-1.09,-1.09,0,-0.32
594165,510,509.97,-1.01,-1.01,0,-0.32
594170,510,510.06,-0.93,-0.93,0,-0.32
594175,512,512.02,-0.85,-0.85,0,-0.32
594180,511,510.94,-0.77,-0.77,0,-0.32
594185,511,510.98,-0.68,-0.68,0,-0.32
594190,511,511.06,-0.6,-0.6,0,-0.32
594195,512,512.02,-0.51,-0.51,0,-0.32
594200,512,511.94,-0.43,-0.43,0,-0.32
594205,513,512.99,-0.34,-0.34,0,-0.32
594210,512,512.06,-0.26,-0.26,0,-0.32
594215,512,512.01,-0.19,-0.19,0,-0.32
594220,513,512.94,-0.11,-0.11,0,-0.32
594225,512,512.0,-0.05,-0.05,0,-0.32
594230,512,512.06,0.02,0.02,0,-0.32
594235,513,513.0,0.08,0.08,0,-0.32
594240,513,512.95,0.13,0.13,0,-0.32
594245,513,513.01,0.18,0.18,0,-0.32
594250,513,513.05,0.22,0.22,0,-0.32
594255,513,512.99,0.26,0.26,0,-0.32
594260,512,511.95,0.29,0.29,0,-0.32
594265,512,512.02,0.31,0.31,0,-0.32
594270,512,512.04,0.33,0.33,0,-0.32
594275,512,511.98,0.35,0.35,0,-0.32
594280,513,512.96,0.36,0.36,0,-0.32
594285,511,511.02,0.37,0.37,0,-0.32
594290,513,513.04,0.38,0.38,0,-0.32
594295,513,512.98,0.38,0.38,0,-0.32
594300,512,511.97,0.38,0.38,0,-0.32
594305,512,512.02,0.38,0.38,0,-0.32
594310,514,514.03,0.37,0.37,0,-0.32
594315,512,511.98,0.36,0.36,0,-0.32
594320,513,512.97,0.35,0.35,0,-0.32
594325,512,512.02,0.34,0.34,0,-0.32
594330,512,512.03,0.33,0.33,0,-0.32
594335,512,511.98,0.31,0.31,0,-0.32
594340,512,511.97,0.3,0.3,0,-0.32
594345,512,512.01,0.28,0.28,0,-0.32
594350,512,512.03,0.26,0.26,0,-0.32
594355,512,511.99,0.25,0.25,0,-0.32
594360,513,512.97,0.23,0.23,0,-0.32
594365,512,512.01,0.21,0.21,0,-0.32
594370,513,513.03,0.19,0.19,0,-0.32
594375,512,511.99,0.18,0.18,0,-0.32
594380,512,511.97,0.16,0.16,0,-0.32
594385,512,512.01,0.14,0.14,0,-0.32
594390,512,512.03,0.12,0.12,0,-0.32
594395,512,511.99,0.1,0.1,0,-0.32
594400,513,512.97,0.08,0.08,0,-0.32
594405,512,512.0,0.06,0.06,0,-0.32
594410,512,512.03,0.04,0.04,0,-0.32
594415,513,513.0,0.02,0.02,0,-0.32
594420,512,511.97,0.0,0.0,0,-0.32
594425,512,512.0,-0.02,-0.02,0,-0.32
594430,511,511.03,-0.04,-0.04,0,-0.32
594435,512,512.01,-0.06,-0.06,0,-0.32
594440,513,512.97,-0.08,-0.08,0,-0.32
594445,513,512.99,-0.11,-0.11,0,-0.32
594450,513,513.02,-0.13,-0.13,0,-0.32
594455,512,512.01,-0.15,-0.15,0,-0.32
594460,511,510.98,-0.17,-0.17,0,-0.32
594465,511,510.98,-0.19,-0.19,0,-0.32
594470,512,512.01,-0.22,-0.22,0,-0.32
594475,511,511.02,-0.24,-0.24,0,-0.32
594480,511,510.99,-0.25,-0.25,0,-0.32
594485,511,510.98,-0.27,-0.27,0,-0.32
594490,512,512.01,-0.29,-0.29,0,-0.32
594495,513,513.03,-0.31,-0.31,0,-0.32
594500,512,511.98,-0.32,-0.32,0,-0.32
594505,513,512.97,-0.34,-0.34,0,-0.32
594510,511,511.02,-0.36,-0.36,0,-0.32
594515,514,514.04,-0.38,-0.38,0,-0.32
594520,513,512.98,-0.39,-0.39,0,-0.32
594525,512,511.95,-0.41,-0.41,0,-0.32
594530,512,512.01,-0.42,-0.42,0,-0.32
594535,510,510.06,-0.43,-0.43,0,-0.32
594540,512,511.99,-0.45,-0.45,0,-0.32
594545,512,511.94,-0.45,-0.45,0,-0.32
594550,512,512.01,-0.46,-0.45,0,-0.32
594555,510,510.07,-0.46,-0.45,0,-0.32
594560,512,512.0,-0.46,-0.45,0,-0.32
594565,512,511.93,-0.45,-0.45,0,-0.32
594570,513,513.0,-0.44,-0.44,0,-0.32
594575,511,511.07,-0.42,-0.42,0,-0.32
594580,511,511.0,-0.4,-0.4,0,-0.32
594585,512,511.93,-0.37,-0.37,0,-0.32
594590,512,512.0,-0.33,-0.33,0,-0.32
594595,511,511.07,-0.29,-0.29,0,-0.32
594600,512,512.0,-0.25,-0.25,0,-0.32
594605,512,511.94,-0.2,-0.2,0,-0.32
594610,513,513.0,-0.14,-0.14,0,-0.32
594615,512,512.06,-0.07,-0.07,0,-0.32
594620,512,511.99,0.0,0.0,0,-0.32
594625,513,512.95,0.08,0.08,0,-0.32
594630,511,511.01,0.16,0.16,0,-0.32
594635,511,511.05,0.26,0.26,0,-0.32
594640,511,510.99,0.35,0.35,0,-0.32
594645,512,511.96,0.46,0.46,0,-0.32
594650,512,512.02,0.57,0.57,0,-0.32
594655,512,512.03,0.68,0.68,0,-0.32
594660,511,510.98,0.8,0.8,0,-0.32
594665,513,512.98,0.91,0.91,0,-0.32
594670,512,512.03,1.03,1.03,0,-0.32
594675,513,513.01,1.15,1.15,0,-0.32
594680,513,512.96,1.27,1.27,0,-0.32
594685,513,513.0,1.38,1.38,0,-0.32
594690,514,514.04,1.49,1.49,0,-0.32
594695,514,513.99,1.59,1.59,0,-0.32
594700,514,513.95,1.68,1.68,0,-0.32
594705,514,514.02,1.76,1.76,0,-0.32
594710,514,514.06,1.83,1.83,0,-0.32
594715,515,514.97,1.89,1.89,0,-0.32
594720,516,515.93,1.93,1.93,0,-0.32
594725,514,514.04,1.96,1.94,0,-0.32
594730,515,515.07,1.97,1.94,0,-0.32
594735,516,515.96,1.96,1.94,0,-0.32
594740,516,515.92,1.94,1.94,0,-0.32
594745,515,515.05,1.9,1.9,0,-0.32
594750,514,514.08,1.85,1.85,0,-0.32
594755,515,514.95,1.77,1.77,0,-0.32
594760,515,514.92,1.69,1.69,0,-0.32
594765,514,514.05,1.58,1.58,0,-0.32
594770,514,514.08,1.47,1.47,0,-0.32
594775,515,514.95,1.34,1.34,0,-0.32
594780,514,513.92,1.21,1.21,0,-0.32
594785,514,514.05,1.06,1.06,0,-0.32
594790,513,513.07,0.91,0.91,0,-0.32
594795,512,511.94,0.76,0.76,0,-0.32
594800,513,512.93,0.6,0.6,0,-0.32
594805,512,512.06,0.45,0.45,0,-0.32
594810,511,511.07,0.29,0.29,0,-0.32
594815,511,510.94,0.14,0.14,0,-0.32
594820,511,510.94,-0.0,-0.0,0,-0.32
594825,511,511.06,-0.14,-0.14,0,-0.32
594830,511,511.06,-0.27,-0.27,0,-0.32
594835,510,509.93,-0.39,-0.39,0,-0.32
594840,511,510.95,-0.49,-0.49,0,-0.32
594845,510,510.08,-0.59,-0.59,0,-0.32
594850,510,510.05,-0.68,-0.68,0,-0.32
594855,511,510.92,-0.75,-0.75,0,-0.32
594860,510,509.96,-0.81,-0.81,0,-0.32
594865,511,511.09,-0.86,-0.86,0,-0.32
594870,511,511.04,-0.9,-0.9,0,-0.32
594875,511,510.91,-0.93,-0.93,0,-0.32
594880,511,510.97,-0.95,-0.95,0,-0.32
594885,510,510.09,-0.96,-0.96,0,-0.32
594890,511,511.03,-0.97,-0.96,0,-0.32
594895,512,511.9,-0.97,-0.96,0,-0.32
594900,512,511.98,-0.96,-0.96,0,-0.32
594905,511,511.1,-0.94,-0.94,0,-0.32
594910,512,512.02,-0.93,-0.93,0,-0.32
594915,512,511.9,-0.91,-0.91,0,-0.32
594920,512,511.99,-0.88,-0.88,0,-0.32
594925,513,513.1,-0.86,-0.86,0,-0.32
594930,512,512.01,-0.83,-0.83,0,-0.32
594935,513,512.9,-0.81,-0.81,0,-0.32
594940,511,511.0,-0.78,-0.78,0,-0.32
594945,511,511.1,-0.76,-0.76,0,-0.32
594950,512,512.0,-0.73,-0.73,0,-0.32
594955,512,511.9,-0.7,-0.7,0,-0.32
594960,511,511.0,-0.67,-0.67,0,-0.32
594965,511,511.09,-0.64,-0.64,0,-0.32
594970,511,511.0,-0.61,-0.61,0,-0.32
594975,510,509.91,-0.58,-0.58,0,-0.32
594980,511,511.0,-0.55,-0.55,0,-0.32
594985,510,510.09,-0.52,-0.52,0,-0.32
594990,511,511.0,-0.48,-0.48,0,-0.32
594995,511,510.91,-0.45,-0.45,0,-0.32
595000,511,511.0,-0.41,-0.41,0,-0.32
595005,512,512.09,-0.38,-0.38,0,-0.32
595010,513,513.0,-0.35,-0.35,0,-0.32
595015,514,513.92,-0.32,-0.32,0,-0.32
595020,512,512.0,-0.29,-0.29,0,-0.32
595025,511,511.08,-0.26,-0.26,0,-0.32
595030,512,512.0,-0.24,-0.24,0,-0.32
595035,512,511.93,-0.22,-0.22,0,-0.32
595040,513,513.0,-0.21,-0.21,0,-0.32
595045,513,513.06,-0.19,-0.19,0,-0.32
595050,511,511.0,-0.18,-0.18,0,-0.32
595055,512,511.94,-0.17,-0.17,0,-0.32
595060,513,513.0,-0.17,-0.17,0,-0.32
595065,511,511.05,-0.16,-0.16,0,-0.32
595070,512,512.0,-0.16,-0.16,0,-0.32
595075,512,511.96,-0.16,-0.16,0,-0.32
595080,511,511.01,-0.16,-0.16,0,-0.32
595085,512,512.04,-0.16,-0.16,0,-0.32
595090,512,511.99,-0.16,-0.16,0,-0.32
595095,510,509.97,-0.15,-0.15,0,-0.32
595100,511,511.01,-0.15,-0.15,0,-0.32
595105,512,512.02,-0.15,-0.15,0,-0.32
595110,513,512.99,-0.15,-0.15,0,-0.32
595115,511,510.98,-0.15,-0.15,0,-0.32
595120,514,514.01,-0.15,-0.15,0,-0.32
595125,512,512.02,-0.14,-0.14,0,-0.32
595130,512,511.99,-0.14,-0.14,0,-0.32
595135,512,511.98,-0.14,-0.14,0,-0.32
595140,511,511.01,-0.13,-0.13,0,-0.32
595145,512,512.02,-0.12,-0.12,0,-0.32
595150,511,510.98,-0.12,-0.12,0,-0.32
595155,511,510.97,-0.11,-0.11,0,-0.32
595160,511,511.02,-0.1,-0.1,0,-0.32
595165,512,512.03,-0.09,-0.09,0,-0.32
595170,513,512.98,-0.07,-0.07,0,-0.32
595175,513,512.97,-0.06,-0.06,0,-0.32
595180,512,512.02,-0.05,-0.05,0,-0.32
595185,513,513.03,-0.03,-0.03,0,-0.32
595190,511,510.99,-0.02,-0.02,0,-0.32
595195,512,511.96,-0.0,-0.0,0,-0.32
595200,512,512.01,0.01,0.01,0,-0.32
595205,511,511.04,0.03,0.03,0,-0.32
595210,512,511.99,0.05,0.05,0,-0.32
595215,512,511.96,0.06,0.06,0,-0.32
595220,512,512.01,0.08,0.08,0,-0.32
595225,511,511.04,0.1,0.1,0,-0.32
595230,512,511.99,0.11,0.11,0,-0.32
595235,513,512.96,0.13,0.13,0,-0.32
595240,512,512.01,0.14,0.14,0,-0.32
595245,512,512.04,0.15,0.15,0,-0.32
595250,512,511.99,0.16,0.16,0,-0.32
595255,512,511.96,0.17,0.17,0,-0.32
595260,512,512.01,0.17,0.17,0,-0.32
595265,513,513.03,0.17,0.17,0,-0.32
595270,512,511.99,0.17,0.17,0,-0.32
595275,512,511.97,0.16,0.16,0,-0.32
595280,512,512.01,0.15,0.15,0,-0.32
595285,512,512.03,0.14,0.14,0,-0.32
595290,512,511.98,0.12,0.12,0,-0.32
595295,514,513.97,0.1,0.1,0,-0.32
595300,512,512.02,0.07,0.07,0,-0.32
595305,512,512.02,0.04,0.04,0,-0.32
595310,513,512.98,-0.0,-0.0,0,-0.32
595315,512,511.98,-0.04,-0.04,0,-0.32
595320,513,513.01,-0.09,-0.09,0,-0.32
595325,512,512.01,-0.14,-0.14,0,-0.32
595330,511,510.98,-0.19,-0.19,0,-0.32
595335,512,511.99,-0.25,-0.25,0,-0.32
595340,512,512.02,-0.31,-0.31,0,-0.32
595345,513,513.0,-0.36,-0.36,0,-0.32
595350,511,510.98,-0.42,-0.42,0,-0.32
595355,511,511.0,-0.49,-0.49,0,-0.32
595360,512,512.03,-0.54,-0.54,0,-0.32
595365,511,511.0,-0.6,-0.6,0,-0.32
595370,512,511.97,-0.66,-0.66,0,-0.32
595375,510,510.0,-0.71,-0.71,0,-0.32
595380,511,511.04,-0.76,-0.76,0,-0.32
595385,510,509.99,-0.81,-0.81,0,-0.32
595390,512,511.96,-0.85,-0.85,0,-0.32
595395,512,512.01,-0.89,-0.89,0,-0.32
595400,511,511.05,-0.92,-0.92,0,-0.32
595405,512,511.99,-0.94,-0.94,0,-0.32
595410,513,512.95,-0.96,-0.96,0,-0.32
595415,512,512.01,-0.97,-0.96,0,-0.32
595420,510,510.05,-0.98,-0.96,0,-0.32
595425,510,509.98,-0.97,-0.96,0,-0.32
595430,510,509.96,-0.96,-0.96,0,-0.32
595435,510,510.02,-0.93,-0.93,0,-0.32
595440,511,511.04,-0.9,-0.9,0,-0.32
595445,511,510.97,-0.85,-0.85,0,-0.32
595450,511,510.96,-0.79,-0.79,0,-0.32
595455,509,509.03,-0.73,-0.73,0,-0.32
595460,511,511.04,-0.65,-0.65,0,-0.32
595465,511,510.97,-0.56,-0.56,0,-0.32
595470,511,510.97,-0.47,-0.47,0,-0.32
595475,511,511.03,-0.36,-0.36,0,-0.32
595480,511,511.03,-0.25,-0.25,0,-0.32
595485,512,511.97,-0.13,-0.13,0,-0.32
595490,511,510.97,-0.0,-0.0,0,-0.32
595495,512,512.03,0.12,0.12,0,-0.32
595500,511,511.03,0.25,0.25,0,-0.32
595505,513,512.97,0.39,0.39,0,-0.32
595510,513,512.98,0.52,0.52,0,-0.32
595515,511,511.02,0.65,0.65,0,-0.32
595520,514,514.02,0.78,0.78,0,-0.32
595525,512,511.98,0.9,0.9,0,-0.32
595530,513,512.98,1.01,1.01,0,-0.32
595535,516,516.01,1.12,1.12,0,-0.32
595540,513,513.02,1.22,1.22,0,-0.32
595545,514,513.99,1.31,1.31,0,-0.32
595550,513,512.99,1.38,1.38,0,-0.32
595555,514,514.01,1.44,1.44,0,-0.32
595560,514,514.01,1.49,1.49,0,-0.32
595565,515,514.99,1.53,1.53,0,-0.32
595570,514,513.99,1.55,1.53,0,-0.32
595575,515,515.01,1.56,1.53,0,-0.32
595580,515,515.01,1.55,1.53,0,-0.32
595585,514,513.98,1.53,1.53,0,-0.32
595590,514,513.98,1.49,1.49,0,-0.32
595595,514,514.02,1.45,1.45,0,-0.32
595600,513,513.02,1.38,1.38,0,-0.32
595605,513,512.98,1.31,1.31,0,-0.32
595610,513,512.98,1.23,1.23,0,-0.32
595615,513,513.02,1.14,1.14,0,-0.32
595620,513,513.02,1.04,1.04,0,-0.32
595625,514,513.98,0.93,0.93,0,-0.32
595630,512,511.98,0.82,0.82,0,-0.32
595635,514,514.03,0.7,0.7,0,-0.32
595640,513,513.03,0.58,0.58,0,-0.32
595645,512,511.97,0.46,0.46,0,-0.32
595650,514,513.97,0.33,0.33,0,-0.32
595655,512,512.03,0.21,0.21,0,-0.32
595660,512,512.03,0.09,0.09,0,-0.32
595665,511,510.96,-0.02,-0.02,0,-0.32
595670,512,511.97,-0.13,-0.13,0,-0.32
595675,509,509.04,-0.23,-0.23,0,-0.32
595680,511,511.03,-0.33,-0.33,0,-0.32
595685,511,510.95,-0.41,-0.41,0,-0.32
595690,511,510.97,-0.49,-0.49,0,-0.32
595695,510,510.05,-0.55,-0.55,0,-0.32
595700,511,511.03,-0.6,-0.6,0,-0.32
595705,511,510.95,-0.64,-0.64,0,-0.32
595710,511,510.97,-0.67,-0.67,0,-0.32
595715,511,511.04,-0.69,-0.68,0,-0.32
595720,510,510.03,-0.7,-0.68,0,-0.32
595725,511,510.96,-0.69,-0.68,0,-0.32
595730,511,510.97,-0.68,-0.68,0,-0.32
595735,511,511.04,-0.66,-0.66,0,-0.32
595740,512,512.02,-0.62,-0.62,0,-0.32
595745,511,510.96,-0.58,-0.58,0,-0.32
595750,511,510.98,-0.54,-0.54,0,-0.32
595755,511,511.04,-0.48,-0.48,0,-0.32
595760,512,512.02,-0.43,-0.43,0,-0.32
595765,512,511.96,-0.36,-0.36,0,-0.32
595770,512,511.98,-0.3,-0.3,0,-0.32
595775,512,512.04,-0.23,-0.23,0,-0.32
595780,512,512.03,-0.17,-0.17,0,-0.32
595785,513,512.97,-0.1,-0.1,0,-0.32
595790,511,510.97,-0.04,-0.04,0,-0.32
595795,513,513.03,0.03,0.03,0,-0.32
595800,512,512.03,0.08,0.08,0,-0.32
595805,513,512.97,0.14,0.14,0,-0.32
595810,513,512.96,0.19,0.19,0,-0.32
595815,513,513.02,0.24,0.24,0,-0.32
595820,513,513.04,0.28,0.28,0,-0.32
595825,513,512.98,0.31,0.31,0,-0.32
595830,512,511.96,0.34,0.34,0,-0.32
595835,512,512.02,0.36,0.36,0,-0.32
595840,512,512.05,0.38,0.38,0,-0.32
595845,514,513.99,0.39,0.39,0,-0.32
595850,514,513.95,0.39,0.39,0,-0.32
595855,514,514.0,0.39,0.39,0,-0.32
595860,512,512.05,0.39,0.39,0,-0.32
595865,512,512.0,0.38,0.38,0,-0.32
595870,513,512.95,0.36,0.36,0,-0.32
595875,511,510.99,0.34,0.34,0,-0.32
595880,512,512.05,0.33,0.33,0,-0.32
595885,512,512.01,0.31,0.31,0,-0.32
595890,511,510.96,0.28,0.28,0,-0.32
595895,512,511.98,0.26,0.26,0,-0.32
595900,512,512.04,0.24,0.24,0,-0.32
595905,513,513.03,0.22,0.22,0,-0.32
595910,513,512.96,0.2,0.2,0,-0.32
595915,512,511.96,0.18,0.18,0,-0.32
595920,513,513.04,0.16,0.16,0,-0.32
595925,509,509.05,0.15,0.15,0,-0.32
595930,512,511.96,0.14,0.14,0,-0.32
595935,511,510.95,0.12,0.12,0,-0.32
595940,512,512.04,0.12,0.12,0,-0.32
595945,511,511.06,0.11,0.11,0,-0.32
595950,512,511.96,0.11,0.11,0,-0.32
595955,512,511.94,0.1,0.1,0,-0.32
595960,512,512.04,0.1,0.1,0,-0.32
595965,512,512.06,0.1,0.1,0,-0.32
595970,513,512.96,0.1,0.1,0,-0.32
595975,513,512.94,0.1,0.1,0,-0.32
595980,512,512.04,0.1,0.1,0,-0.32
595985,512,512.06,0.1,0.1,0,-0.32
595990,512,511.96,0.1,0.1,0,-0.32
595995,512,511.94,0.09,0.09,0,-0.32
596000,512,512.04,0.09,0.09,0,-0.32
596005,512,512.06,0.08,0.08,0,-0.32
596010,511,510.96,0.07,0.07,0,-0.32
596015,513,512.94,0.05,0.05,0,-0.32
596020,513,513.04,0.04,0.04,0,-0.32
596025,513,513.06,0.01,0.01,0,-0.32
596030,512,511.96,-0.01,-0.01,0,-0.32
596035,513,512.94,-0.04,-0.04,0,-0.32
596040,511,511.05,-0.08,-0.08,0,-0.32
596045,513,513.06,-0.11,-0.11,0,-0.32
596050,512,511.95,-0.15,-0.15,0,-0.32
596055,512,511.94,-0.2,-0.2,0,-0.32
596060,512,512.05,-0.24,-0.24,0,-0.32
596065,512,512.07,-0.29,-0.29,0,-0.32
596070,512,511.95,-0.35,-0.35,0,-0.32
596075,512,511.93,-0.4,-0.4,0,-0.32
596080,511,511.05,-0.46,-0.46,0,-0.32
596085,511,511.07,-0.51,-0.51,0,-0.32
596090,513,512.95,-0.57,-0.57,0,-0.32
596095,511,510.93,-0.63,-0.63,0,-0.32
596100,511,511.05,-0.68,-0.68,0,-0.32
596105,511,511.07,-0.73,-0.73,0,-0.32
596110,512,511.96,-0.79,-0.79,0,-0.32
596115,513,512.93,-0.84,-0.84,0,-0.32
596120,511,511.04,-0.88,-0.88,0,-0.32
596125,511,511.07,-0.92,-0.92,0,-0.32
596130,510,509.97,-0.96,-0.96,0,-0.32
596135,511,510.94,-0.99,-0.99,0,-0.32
596140,512,512.03,-1.02,-1.02,0,-0.32
596145,511,511.06,-1.04,-1.04,0,-0.32
596150,511,510.97,-1.05,-1.04,0,-0.32
596155,511,510.94,-1.06,-1.04,0,-0.32
596160,511,511.02,-1.05,-1.04,0,-0.32
596165,511,511.05,-1.04,-1.04,0,-0.32
596170,511,510.98,-1.02,-1.02,0,-0.32
596175,510,509.95,-0.99,-0.99,0,-0.32
596180,510,510.02,-0.94,-0.94,0,-0.32
596185,511,511.05,-0.89,-0.89,0,-0.32
596190,511,510.98,-0.83,-0.83,0,-0.32
596195,510,509.95,-0.76,-0.76,0,-0.32
596200,512,512.02,-0.68,-0.68,0,-0.32
596205,509,509.05,-0.6,-0.6,0,-0.32
596210,510,509.99,-0.5,-0.5,0,-0.32
596215,511,510.95,-0.4,-0.4,0,-0.32
596220,511,511.02,-0.29,-0.29,0,-0.32
596225,511,511.05,-0.17,-0.17,0,-0.32
596230,512,511.98,-0.06,-0.06,0,-0.32
596235,512,511.96,0.06,0.06,0,-0.32
596240,512,512.02,0.17,0.17,0,-0.32
596245,512,512.04,0.29,0.29,0,-0.32
596250,513,512.98,0.4,0.4,0,-0.32
596255,512,511.97,0.5,0.5,0,-0.32
596260,514,514.02,0.6,0.6,0,-0.32
596265,514,514.03,0.68,0.68,0,-0.32
596270,514,513.98,0.76,0.76,0,-0.32
596275,514,513.97,0.82,0.82,0,-0.32
596280,514,514.02,0.88,0.88,0,-0.32
596285,515,515.03,0.91,0.91,0,-0.32
596290,515,514.98,0.93,0.92,0,-0.32
596295,515,514.97,0.94,0.92,0,-0.32
596300,514,514.02,0.94,0.92,0,-0.32
596305,513,513.03,0.92,0.92,0,-0.32
596310,515,514.99,0.89,0.89,0,-0.32
596315,514,513.97,0.84,0.84,0,-0.32
596320,512,512.01,0.79,0.79,0,-0.32
596325,512,512.02,0.72,0.72,0,-0.32
596330,513,513.0,0.65,0.65,0,-0.32
596335,513,512.98,0.57,0.57,0,-0.32
596340,513,512.99,0.49,0.49,0,-0.32
596345,512,512.01,0.4,0.4,0,-0.32
596350,512,512.01,0.31,0.31,0,-0.32
596355,512,512.0,0.22,0.22,0,-0.32
596360,512,511.98,0.13,0.13,0,-0.32
596365,513,512.99,0.04,0.04,0,-0.32
596370,511,511.03,-0.04,-0.04,0,-0.32
596375,511,511.01,-0.12,-0.12,0,-0.32
596380,511,510.97,-0.19,-0.19,0,-0.32
596385,511,510.98,-0.26,-0.26,0,-0.32
596390,510,510.04,-0.32,-0.32,0,-0.32
596395,512,512.02,-0.37,-0.37,0,-0.32
596400,511,510.96,-0.41,-0.41,0,-0.32
596405,512,511.97,-0.44,-0.44,0,-0.32
596410,511,511.05,-0.47,-0.47,0,-0.32
596415,510,510.03,-0.48,-0.48,0,-0.32
596420,511,510.95,-0.49,-0.48,0,-0.32
596425,511,510.97,-0.49,-0.48,0,-0.32
596430,510,510.06,-0.48,-0.48,0,-0.32
596435,512,512.04,-0.46,-0.46,0,-0.32
596440,512,511.94,-0.44,-0.44,0,-0.32
596445,512,511.96,-0.41,-0.41,0,-0.32
596450,513,513.06,-0.38,-0.38,0,-0.32
596455,512,512.04,-0.34,-0.34,0,-0.32
596460,513,512.94,-0.3,-0.3,0,-0.32
596465,513,512.95,-0.26,-0.26,0,-0.32
596470,511,511.06,-0.22,-0.22,0,-0.32
596475,512,512.05,-0.18,-0.18,0,-0.32
596480,512,511.94,-0.14,-0.14,0,-0.32
596485,513,512.95,-0.1,-0.1,0,-0.32
596490,513,513.06,-0.06,-0.06,0,-0.32
596495,514,514.05,-0.03,-0.03,0,-0.32
596500,513,512.94,0.0,0.0,0,-0.32
596505,513,512.95,0.04,0.04,0,-0.32
596510,510,510.05,0.06,0.06,0,-0.32
596515,513,513.06,0.09,0.09,0,-0.32
596520,513,512.95,0.11,0.11,0,-0.32
596525,513,512.94,0.13,0.13,0,-0.32
596530,513,513.04,0.15,0.15,0,-0.32
596535,511,511.06,0.17,0.17,0,-0.32
596540,512,511.97,0.18,0.18,0,-0.32
596545,513,512.94,0.2,0.2,0,-0.32
596550,512,512.03,0.21,0.21,0,-0.32
596555,512,512.06,0.22,0.22,0,-0.32
596560,510,509.98,0.23,0.23,0,-0.32
596565,513,512.95,0.24,0.24,0,-0.32
596570,511,511.02,0.25,0.25,0,-0.32
596575,512,512.05,0.25,0.25,0,-0.32
596580,514,513.99,0.25,0.25,0,-0.32
596585,513,512.96,0.25,0.25,0,-0.32
596590,513,513.01,0.25,0.25,0,-0.32
596595,513,513.04,0.25,0.25,0,-0.32
596600,513,513.0,0.24,0.24,0,-0.32
596605,513,512.97,0.23,0.23,0,-0.32
596610,512,511.99,0.21,0.21,0,-0.32
596615,514,514.02,0.2,0.2,0,-0.32
596620,511,511.02,0.18,0.18,0,-0.32
596625,512,511.98,0.16,0.16,0,-0.32
596630,513,512.97,0.14,0.14,0,-0.32
596635,513,513.02,0.11,0.11,0,-0.32
596640,512,512.03,0.09,0.09,0,-0.32
596645,512,511.98,0.06,0.06,0,-0.32
596650,512,511.97,0.03,0.03,0,-0.32
596655,512,512.02,0.01,0.01,0,-0.32
596660,512,512.04,-0.02,-0.02,0,-0.32
596665,512,511.98,-0.05,-0.05,0,-0.32
596670,512,511.96,-0.07,-0.07,0,-0.32
596675,511,511.02,-0.1,-0.1,0,-0.32
596680,513,513.05,-0.13,-0.13,0,-0.32
596685,512,511.98,-0.15,-0.15,0,-0.32
596690,513,512.95,-0.18,-0.18,0,-0.32
596695,512,512.01,-0.21,-0.21,0,-0.32
596700,512,512.06,-0.23,-0.23,0,-0.32
596705,513,512.99,-0.25,-0.25,0,-0.32
596710,511,510.94,-0.28,-0.28,0,-0.32
596715,513,513.01,-0.3,-0.3,0,-0.32
596720,512,512.07,-0.32,-0.32,0,-0.32
596725,511,510.99,-0.34,-0.34,0,-0.32
596730,512,511.92,-0.36,-0.36,0,-0.32
596735,511,511.01,-0.37,-0.37,0,-0.32
596740,512,512.09,-0.38,-0.38,0,-0.32
596745,512,511.99,-0.4,-0.4,0,-0.32
596750,513,512.91,-0.4,-0.4,0,-0.32
596755,511,511.0,-0.41,-0.41,0,-0.32
596760,511,511.1,-0.42,-0.42,0,-0.32
596765,512,512.0,-0.42,-0.42,0,-0.32
596770,512,511.9,-0.42,-0.42,0,-0.32
596775,513,512.99,-0.42,-0.42,0,-0.32
596780,511,511.11,-0.42,-0.42,0,-0.32
596785,512,512.01,-0.41,-0.41,0,-0.32
596790,512,511.89,-0.4,-0.4,0,-0.32
596795,512,511.99,-0.4,-0.4,0,-0.32
596800,512,512.11,-0.39,-0.39,0,-0.32
596805,511,511.01,-0.37,-0.37,0,-0.32
596810,513,512.89,-0.36,-0.36,0,-0.32
596815,513,512.99,-0.35,-0.35,0,-0.32
596820,513,513.11,-0.33,-0.33,0,-0.32
596825,512,512.01,-0.31,-0.31,0,-0.32
596830,510,509.89,-0.29,-0.29,0,-0.32
596835,512,512.0,-0.27,-0.27,0,-0.32
596840,512,512.12,-0.25,-0.25,0,-0.32
596845,512,512.0,-0.22,-0.22,0,-0.32
596850,513,512.87,-0.2,-0.2,0,-0.32
596855,512,512.0,-0.17,-0.17,0,-0.32
596860,512,512.14,-0.14,-0.14,0,-0.32
596865,512,511.99,-0.11,-0.11,0,-0.32
596870,512,511.86,-0.07,-0.07,0,-0.32
596875,513,513.01,-0.04,-0.04,0,-0.32
596880,513,513.15,-0.0,-0.0,0,-0.32
596885,512,511.98,0.03,0.03,0,-0.32
596890,513,512.84,0.07,0.07,0,-0.32
596895,512,512.02,0.11,0.11,0,-0.32
596900,511,511.17,0.15,0.15,0,-0.32
596905,513,512.97,0.19,0.19,0,-0.32
596910,513,512.83,0.24,0.24,0,-0.32
596915,513,513.03,0.28,0.28,0,-0.32
596920,512,512.17,0.33,0.33,0,-0.32
596925,512,511.96,0.38,0.38,0,-0.32
596930,513,512.82,0.42,0.42,0,-0.32
596935,513,513.05,0.47,0.47,0,-0.32
596940,512,512.18,0.52,0.52,0,-0.32
596945,514,513.95,0.57,0.57,0,-0.32
596950,514,513.82,0.61,0.61,0,-0.32
596955,512,512.06,0.66,0.66,0,-0.32
596960,513,513.18,0.71,0.71,0,-0.32
596965,513,512.94,0.75,0.75,0,-0.32
596970,513,512.82,0.8,0.8,0,-0.32
596975,513,513.07,0.84,0.84,0,-0.32
596980,513,513.18,0.88,0.88,0,-0.32
596985,513,512.93,0.92,0.92,0,-0.32
596990,513,512.82,0.96,0.96,0,-0.32
596995,513,513.07,1.0,1.0,0,-0.32
597000,514,514.18,1.03,1.03,0,-0.32
597005,514,513.92,1.06,1.06,0,-0.32
597010,513,512.82,1.09,1.09,0,-0.32
597015,513,513.08,1.11,1.11,0,-0.32
597020,512,512.18,1.13,1.13,0,-0.32
597025,515,514.92,1.14,1.14,0,-0.32
597030,514,513.82,1.15,1.15,0,-0.32
597035,514,514.07,1.16,1.15,0,-0.32
597040,513,513.18,1.16,1.15,0,-0.32
597045,514,513.93,1.15,1.15,0,-0.32
597050,514,513.82,1.14,1.14,0,-0.32
597055,511,511.07,1.12,1.12,0,-0.32
597060,514,514.18,1.1,1.1,0,-0.32
597065,514,513.94,1.07,1.07,0,-0.32
597070,513,512.82,1.04,1.04,0,-0.32
597075,514,514.05,1.0,1.0,0,-0.32
597080,514,514.18,0.96,0.96,0,-0.32
597085,514,513.96,0.91,0.91,0,-0.32
597090,514,513.81,0.85,0.85,0,-0.32
597095,514,514.03,0.79,0.79,0,-0.32
597100,513,513.19,0.73,0.73,0,-0.32
597105,514,513.98,0.66,0.66,0,-0.32
597110,513,512.81,0.58,0.58,0,-0.32
597115,513,513.01,0.51,0.51,0,-0.32
597120,511,511.2,0.43,0.43,0,-0.32
597125,512,512.0,0.35,0.35,0,-0.32
597130,513,512.8,0.27,0.27,0,-0.32
597135,513,512.99,0.19,0.19,0,-0.32
597140,511,511.19,0.12,0.12,0,-0.32
597145,512,512.02,0.04,0.04,0,-0.32
597150,513,512.81,-0.04,-0.04,0,-0.32
597155,514,513.98,-0.11,-0.11,0,-0.32
597160,512,512.18,-0.18,-0.18,0,-0.32
597165,511,511.02,-0.25,-0.25,0,-0.32
597170,511,510.82,-0.32,-0.32,0,-0.32
597175,511,510.98,-0.38,-0.38,0,-0.32
597180,512,512.17,-0.44,-0.44,0,-0.32
597185,512,512.03,-0.49,-0.49,0,-0.32
597190,513,512.83,-0.54,-0.54,0,-0.32
597195,512,511.97,-0.58,-0.58,0,-0.32
597200,511,511.16,-0.62,-0.62,0,-0.32
597205,511,511.03,-0.65,-0.65,0,-0.32
597210,512,511.84,-0.68,-0.68,0,-0.32
597215,511,510.97,-0.71,-0.71,0,-0.32
597220,512,512.15,-0.73,-0.73,0,-0.32
597225,511,511.03,-0.75,-0.75,0,-0.32
597230,511,510.85,-0.76,-0.76,0,-0.32
597235,512,511.97,-0.76,-0.76,0,-0.32
597240,511,511.14,-0.77,-0.76,0,-0.32
597245,512,512.03,-0.77,-0.76,0,-0.32
597250,512,511.86,-0.76,-0.76,0,-0.32
597255,512,511.97,-0.75,-0.75,0,-0.32
597260,512,512.13,-0.74,-0.74,0,-0.32
597265,511,511.03,-0.73,-0.73,0,-0.32
597270,513,512.87,-0.72,-0.72,0,-0.32
597275,513,512.98,-0.7,-0.7,0,-0.32
597280,512,512.12,-0.68,-0.68,0,-0.32
597285,512,512.02,-0.66,-0.66,0,-0.32
597290,512,511.89,-0.64,-0.64,0,-0.32
597295,511,510.99,-0.61,-0.61,0,-0.32
597300,510,510.1,-0.58,-0.58,0,-0.32
597305,512,512.01,-0.55,-0.55,0,-0.32
597310,511,510.91,-0.52,-0.52,0,-0.32
597315,512,511.99,-0.49,-0.49,0,-0.32
597320,512,512.09,-0.45,-0.45,0,-0.32
597325,511,511.0,-0.41,-0.41,0,-0.32
597330,512,511.92,-0.37,-0.37,0,-0.32
597335,512,512.0,-0.33,-0.33,0,-0.32
597340,515,515.07,-0.29,-0.29,0,-0.32
597345,512,511.99,-0.25,-0.25,0,-0.32
597350,511,510.93,-0.21,-0.21,0,-0.32
597355,512,512.01,-0.16,-0.16,0,-0.32
597360,511,511.07,-0.12,-0.12,0,-0.32
597365,513,512.98,-0.08,-0.08,0,-0.32
597370,512,511.93,-0.04,-0.04,0,-0.32
597375,512,512.02,0.0,0.0,0,-0.32
597380,513,513.07,0.04,0.04,0,-0.32
597385,512,511.98,0.08,0.08,0,-0.32
597390,513,512.92,0.11,0.11,0,-0.32
597395,511,511.03,0.15,0.15,0,-0.32
597400,512,512.08,0.18,0.18,0,-0.32
597405,513,512.97,0.21,0.21,0,-0.32
597410,513,512.92,0.23,0.23,0,-0.32
597415,513,513.03,0.26,0.26,0,-0.32
597420,514,514.08,0.27,0.27,0,-0.32
597425,514,513.98,0.29,0.29,0,-0.32
597430,513,512.92,0.3,0.3,0,-0.32
597435,513,513.02,0.3,0.3,0,-0.32
597440,514,514.09,0.3,0.3,0,-0.32
597445,512,511.98,0.3,0.3,0,-0.32
597450,513,512.91,0.3,0.3,0,-0.32
597455,512,512.02,0.29,0.29,0,-0.32
597460,512,512.1,0.28,0.28,0,-0.32
597465,512,511.98,0.27,0.27,0,-0.32
597470,512,511.9,0.26,0.26,0,-0.32
597475,512,512.01,0.25,0.25,0,-0.32
597480,511,511.11,0.23,0.23,0,-0.32
597485,512,511.99,0.22,0.22,0,-0.32
597490,513,512.89,0.2,0.2,0,-0.32
597495,513,513.01,0.19,0.19,0,-0.32
597500,513,513.11,0.17,0.17,0,-0.32
597505,512,511.99,0.16,0.16,0,-0.32
597510,512,511.88,0.14,0.14,0,-0.32
597515,512,512.01,0.12,0.12,0,-0.32
597520,512,512.12,0.1,0.1,0,-0.32
597525,513,512.99,0.07,0.07,0,-0.32
597530,513,512.87,0.05,0.05,0,-0.32
597535,514,514.01,0.02,0.02,0,-0.32
597540,513,513.13,-0.01,-0.01,0,-0.32
597545,513,512.99,-0.04,-0.04,0,-0.32
597550,512,511.87,-0.07,-0.07,0,-0.32
597555,513,513.02,-0.11,-0.11,0,-0.32
597560,511,511.14,-0.14,-0.14,0,-0.32
597565,512,511.98,-0.18,-0.18,0,-0.32
597570,513,512.86,-0.21,-0.21,0,-0.32
597575,512,512.02,-0.25,-0.25,0,-0.32
597580,512,512.14,-0.28,-0.28,0,-0.32
597585,512,511.97,-0.32,-0.32,0,-0.32
597590,512,511.86,-0.35,-0.35,0,-0.32
597595,511,511.03,-0.38,-0.38,0,-0.32
597600,511,511.15,-0.42,-0.42,0,-0.32
597605,511,510.97,-0.44,-0.44,0,-0.32
597610,511,510.85,-0.47,-0.47,0,-0.32
597615,511,511.04,-0.49,-0.49,0,-0.32
597620,512,512.15,-0.52,-0.52,0,-0.32
597625,513,512.96,-0.54,-0.54,0,-0.32
597630,512,511.85,-0.56,-0.56,0,-0.32
597635,512,512.04,-0.58,-0.58,0,-0.32
597640,512,512.15,-0.6,-0.6,0,-0.32
597645,513,512.96,-0.61,-0.61,0,-0.32
597650,512,511.84,-0.63,-0.63,0,-0.32
597655,512,512.03,-0.65,-0.65,0,-0.32
597660,512,512.16,-0.66,-0.66,0,-0.32
597665,511,510.97,-0.68,-0.68,0,-0.32
597670,512,511.83,-0.69,-0.69,0,-0.32
597675,512,512.03,-0.7,-0.7,0,-0.32
597680,513,513.17,-0.72,-0.72,0,-0.32
597685,512,511.97,-0.72,-0.72,0,-0.32
597690,512,511.82,-0.73,-0.73,0,-0.32
597695,512,512.03,-0.74,-0.73,0,-0.32
597700,512,512.19,-0.74,-0.73,0,-0.32
597705,512,511.97,-0.73,-0.73,0,-0.32
597710,511,510.8,-0.73,-0.73,0,-0.32
597715,511,511.03,-0.71,-0.71,0,-0.32
597720,510,510.21,-0.69,-0.69,0,-0.32
597725,511,510.97,-0.67,-0.67,0,-0.32
597730,511,510.78,-0.64,-0.64,0,-0.32
597735,511,511.02,-0.6,-0.6,0,-0.32
597740,511,511.23,-0.56,-0.56,0,-0.32
597745,511,510.98,-0.52,-0.52,0,-0.32
597750,513,512.76,-0.46,-0.46,0,-0.32
597755,511,511.02,-0.41,-0.41,0,-0.32
597760,511,511.25,-0.34,-0.34,0,-0.32
597765,512,511.98,-0.28,-0.28,0,-0.32
597770,512,511.75,-0.21,-0.21,0,-0.32
597775,512,512.02,-0.15,-0.15,0,-0.32
597780,513,513.26,-0.08,-0.08,0,-0.32
597785,513,512.99,-0.01,-0.01,0,-0.32
597790,513,512.74,0.06,0.06,0,-0.32
597795,513,513.01,0.13,0.13,0,-0.32
597800,512,512.27,0.19,0.19,0,-0.32
597805,512,511.99,0.25,0.25,0,-0.32
597810,514,513.72,0.31,0.31,0,-0.32
597815,513,513.0,0.37,0.37,0,-0.32
597820,512,512.28,0.42,0.42,0,-0.32
597825,513,513.0,0.46,0.46,0,-0.32
597830,513,512.71,0.5,0.5,0,-0.32
597835,513,513.0,0.53,0.53,0,-0.32
597840,514,514.29,0.56,0.56,0,-0.32
597845,514,514.0,0.58,0.58,0,-0.32
597850,514,513.71,0.59,0.59,0,-0.32
597855,514,514.0,0.6,0.59,0,-0.32
597860,513,513.3,0.6,0.59,0,-0.32
597865,513,513.0,0.6,0.59,0,-0.32
597870,513,512.69,0.59,0.59,0,-0.32
597875,513,513.0,0.58,0.58,0,-0.32
597880,513,513.31,0.56,0.56,0,-0.32
597885,513,513.01,0.54,0.54,0,-0.32
597890,513,512.68,0.52,0.52,0,-0.32
597895,513,512.99,0.49,0.49,0,-0.32
597900,512,512.33,0.46,0.46,0,-0.32
597905,512,512.01,0.43,0.43,0,-0.32
597910,513,512.67,0.4,0.4,0,-0.32
597915,512,511.99,0.38,0.38,0,-0.32
597920,512,512.34,0.35,0.35,0,-0.32
597925,512,512.01,0.32,0.32,0,-0.32
597930,513,512.65,0.3,0.3,0,-0.32
597935,513,512.99,0.27,0.27,0,-0.32
597940,511,511.35,0.25,0.25,0,-0.32
597945,513,513.01,0.23,0.23,0,-0.32
597950,513,512.65,0.21,0.21,0,-0.32
597955,513,513.0,0.19,0.19,0,-0.32
597960,511,511.36,0.17,0.17,0,-0.32
597965,512,512.0,0.16,0.16,0,-0.32
597970,514,513.65,0.15,0.15,0,-0.32
597975,513,513.0,0.13,0.13,0,-0.32
597980,512,512.35,0.12,0.12,0,-0.32
597985,513,512.99,0.12,0.12,0,-0.32
597990,512,511.65,0.11,0.11,0,-0.32
597995,512,512.01,0.1,0.1,0,-0.32
598000,512,512.34,0.1,0.1,0,-0.32
598005,512,511.99,0.09,0.09,0,-0.32
598010,513,512.66,0.09,0.09,0,-0.32
598015,513,513.02,0.08,0.08,0,-0.32
598020,511,511.34,0.08,0.08,0,-0.32
598025,514,513.98,0.08,0.08,0,-0.32
598030,513,512.67,0.07,0.07,0,-0.32
598035,513,513.02,0.07,0.07,0,-0.32
598040,512,512.33,0.06,0.06,0,-0.32
598045,513,512.98,0.05,0.05,0,-0.32
598050,514,513.68,0.05,0.05,0,-0.32
598055,511,511.02,0.04,0.04,0,-0.32
598060,512,512.31,0.03,0.03,0,-0.32
598065,513,512.98,0.02,0.02,0,-0.32
598070,512,511.7,0.01,0.01,0,-0.32
598075,513,513.02,-0.0,-0.0,0,-0.32
598080,512,512.29,-0.01,-0.01,0,-0.32
598085,513,512.99,-0.02,-0.02,0,-0.32
598090,512,511.72,-0.03,-0.03,0,-0.32
598095,513,513.01,-0.04,-0.04,0,-0.32
598100,511,511.27,-0.06,-0.06,0,-0.32
598105,512,511.99,-0.07,-0.07,0,-0.32
598110,511,510.74,-0.08,-0.08,0,-0.32
598115,514,514.01,-0.09,-0.09,0,-0.32
598120,513,513.25,-0.09,-0.09,0,-0.32
598125,513,512.99,-0.1,-0.1,0,-0.32
598130,512,511.75,-0.11,-0.11,0,-0.32
598135,512,512.01,-0.12,-0.12,0,-0.32
598140,512,512.25,-0.13,-0.13,0,-0.32
598145,511,510.99,-0.13,-0.13,0,-0.32
598150,512,511.75,-0.14,-0.14,0,-0.32
598155,513,513.02,-0.14,-0.14,0,-0.32
598160,512,512.25,-0.15,-0.15,0,-0.32
598165,513,512.98,-0.15,-0.15,0,-0.32
598170,512,511.75,-0.15,-0.15,0,-0.32
598175,512,512.02,-0.15,-0.15,0,-0.32
598180,512,512.25,-0.15,-0.15,0,-0.32
598185,512,511.97,-0.15,-0.15,0,-0.32
598190,514,513.75,-0.15,-0.15,0,-0.32
598195,513,513.03,-0.15,-0.15,0,-0.32
598200,511,511.24,-0.14,-0.14,0,-0.32
598205,512,511.96,-0.14,-0.14,0,-0.32
598210,512,511.76,-0.14,-0.14,0,-0.32
598215,512,512.05,-0.13,-0.13,0,-0.32
598220,512,512.23,-0.12,-0.12,0,-0.32
598225,513,512.95,-0.12,-0.12,0,-0.32
598230,512,511.77,-0.11,-0.11,0,-0.32
598235,513,513.06,-0.1,-0.1,0,-0.32
598240,512,512.22,-0.09,-0.09,0,-0.32
598245,512,511.94,-0.08,-0.08,0,-0.32
598250,513,512.78,-0.07,-0.07,0,-0.32
598255,511,511.07,-0.06,-0.06,0,-0.32
598260,512,512.21,-0.04,-0.04,0,-0.32
598265,513,512.92,-0.03,-0.03,0,-0.32
598270,512,511.79,-0.02,-0.02,0,-0.32
598275,512,512.08,-0.0,-0.0,0,-0.32
598280,513,513.21,0.01,0.01,0,-0.32
598285,513,512.92,0.03,0.03,0,-0.32
598290,512,511.8,0.04,0.04,0,-0.32
598295,513,513.08,0.05,0.05,0,-0.32
598300,512,512.2,0.07,0.07,0,-0.32
598305,513,512.92,0.08,0.08,0,-0.32
598310,513,512.8,0.09,0.09,0,-0.32
598315,512,512.08,0.1,0.1,0,-0.32
598320,512,512.2,0.11,0.11,0,-0.32
598325,513,512.92,0.12,0.12,0,-0.32
598330,513,512.8,0.12,0.12,0,-0.32
598335,512,512.08,0.13,0.13,0,-0.32
598340,513,513.2,0.14,0.14,0,-0.32
598345,513,512.92,0.14,0.14,0,-0.32
598350,513,512.81,0.15,0.15,0,-0.32
598355,513,513.08,0.15,0.15,0,-0.32
598360,513,513.19,0.16,0.16,0,-0.32
598365,513,512.93,0.16,0.16,0,-0.32
598370,513,512.81,0.16,0.16,0,-0.32
598375,513,513.07,0.17,0.17,0,-0.32
598380,512,512.19,0.17,0.17,0,-0.32
598385,512,511.93,0.18,0.18,0,-0.32
598390,511,510.81,0.19,0.19,0,-0.32
598395,511,511.07,0.2,0.2,0,-0.32
598400,512,512.19,0.22,0.22,0,-0.32
598405,511,510.93,0.23,0.23,0,-0.32
598410,515,514.81,0.25,0.25,0,-0.32
598415,513,513.07,0.27,0.27,0,-0.32
598420,513,513.19,0.29,0.29,0,-0.32
598425,513,512.93,0.31,0.31,0,-0.32
598430,512,511.81,0.33,0.33,0,-0.32
598435,512,512.07,0.35,0.35,0,-0.32
598440,513,513.19,0.38,0.38,0,-0.32
598445,513,512.93,0.4,0.4,0,-0.32
598450,513,512.81,0.42,0.42,0,-0.32
598455,513,513.07,0.44,0.44,0,-0.32
598460,512,512.19,0.46,0.46,0,-0.32
598465,513,512.93,0.48,0.48,0,-0.32
598470,514,513.81,0.5,0.5,0,-0.32
598475,512,512.07,0.52,0.52,0,-0.32
598480,513,513.19,0.53,0.53,0,-0.32
598485,514,513.94,0.54,0.54,0,-0.32
598490,513,512.82,0.55,0.55,0,-0.32
598495,513,513.06,0.56,0.56,0,-0.32
598500,512,512.18,0.56,0.56,0,-0.32
598505,513,512.95,0.56,0.56,0,-0.32
598510,513,512.82,0.56,0.56,0,-0.32
598515,512,512.05,0.55,0.55,0,-0.32
598520,513,513.17,0.54,0.54,0,-0.32
598525,513,512.96,0.53,0.53,0,-0.32
598530,513,512.83,0.51,0.51,0,-0.32
598535,513,513.03,0.49,0.49,0,-0.32
598540,513,513.17,0.46,0.46,0,-0.32
598545,513,512.98,0.43,0.43,0,-0.32
598550,515,514.84,0.4,0.4,0,-0.32
598555,514,514.02,0.36,0.36,0,-0.32
598560,512,512.15,0.31,0.31,0,-0.32
598565,514,513.99,0.27,0.27,0,-0.32
598570,512,511.85,0.21,0.21,0,-0.32
598575,513,513.0,0.16,0.16,0,-0.32
598580,511,511.14,0.1,0.1,0,-0.32
598585,513,513.0,0.05,0.05,0,-0.32
598590,512,511.87,-0.01,-0.01,0,-0.32
598595,513,512.99,-0.07,-0.07,0,-0.32
598600,513,513.12,-0.13,-0.13,0,-0.32
598605,512,512.02,-0.19,-0.19,0,-0.32
598610,512,511.89,-0.24,-0.24,0,-0.32
598615,513,512.98,-0.3,-0.3,0,-0.32
598620,512,512.1,-0.35,-0.35,0,-0.32
598625,512,512.03,-0.39,-0.39,0,-0.32
598630,511,510.9,-0.44,-0.44,0,-0.32
598635,511,510.97,-0.48,-0.48,0,-0.32
598640,511,511.09,-0.51,-0.51,0,-0.32
598645,511,511.04,-0.54,-0.54,0,-0.32
598650,512,511.91,-0.56,-0.56,0,-0.32
598655,512,511.96,-0.57,-0.57,0,-0.32
598660,511,511.08,-0.58,-0.57,0,-0.32
598665,511,511.05,-0.58,-0.57,0,-0.32
598670,511,510.93,-0.58,-0.57,0,-0.32
598675,512,511.95,-0.57,-0.57,0,-0.32
598680,511,511.07,-0.56,-0.56,0,-0.32
598685,512,512.05,-0.54,-0.54,0,-0.32
598690,512,511.94,-0.51,-0.51,0,-0.32
598695,513,512.95,-0.48,-0.48,0,-0.32
598700,512,512.05,-0.45,-0.45,0,-0.32
598705,511,511.05,-0.42,-0.42,0,-0.32
598710,511,510.96,-0.39,-0.39,0,-0.32
598715,512,511.95,-0.35,-0.35,0,-0.32
598720,512,512.04,-0.31,-0.31,0,-0.32
598725,513,513.05,-0.27,-0.27,0,-0.32
598730,513,512.97,-0.24,-0.24,0,-0.32
598735,512,511.96,-0.2,-0.2,0,-0.32
598740,513,513.03,-0.17,-0.17,0,-0.32
598745,512,512.04,-0.14,-0.14,0,-0.32
598750,513,512.98,-0.11,-0.11,0,-0.32
598755,512,511.96,-0.08,-0.08,0,-0.32
598760,514,514.01,-0.06,-0.06,0,-0.32
598765,513,513.04,-0.04,-0.04,0,-0.32
598770,512,511.99,-0.02,-0.02,0,-0.32
598775,513,512.95,-0.01,-0.01,0,-0.32
598780,512,512.01,-0.0,-0.0,0,-0.32
598785,512,512.05,0.0,0.0,0,-0.32
598790,513,512.99,0.0,0.0,0,-0.32
598795,512,511.95,0.0,0.0,0,-0.32
598800,512,512.0,0.0,0.0,0,-0.32
598805,512,512.05,-0.0,-0.0,0,-0.32
598810,512,512.0,-0.01,-0.01,0,-0.32
598815,513,512.95,-0.02,-0.02,0,-0.32
598820,512,511.99,-0.03,-0.03,0,-0.32
598825,512,512.05,-0.04,-0.04,0,-0.32
598830,512,512.01,-0.06,-0.06,0,-0.32
598835,513,512.96,-0.07,-0.07,0,-0.32
598840,513,512.99,-0.09,-0.09,0,-0.32
598845,512,512.04,-0.11,-0.11,0,-0.32
598850,511,511.02,-0.12,-0.12,0,-0.32
598855,513,512.97,-0.14,-0.14,0,-0.32
598860,513,512.99,-0.16,-0.16,0,-0.32
598865,513,513.03,-0.18,-0.18,0,-0.32
598870,513,513.01,-0.2,-0.2,0,-0.32
598875,511,510.98,-0.21,-0.21,0,-0.32
598880,512,511.99,-0.23,-0.23,0,-0.32
598885,512,512.02,-0.24,-0.24,0,-0.32
598890,512,512.01,-0.25,-0.25,0,-0.32
598895,512,511.98,-0.26,-0.26,0,-0.32
598900,512,511.99,-0.26,-0.26,0,-0.32
598905,511,511.02,-0.26,-0.26,0,-0.32
598910,511,511.01,-0.26,-0.26,0,-0.32
598915,511,510.98,-0.26,-0.26,0,-0.32
598920,512,511.99,-0.25,-0.25,0,-0.32
598925,513,513.01,-0.23,-0.23,0,-0.32
598930,512,512.0,-0.22,-0.22,0,-0.32
598935,513,512.99,-0.2,-0.2,0,-0.32
598940,511,511.0,-0.18,-0.18,0,-0.32
598945,512,512.01,-0.16,-0.16,0,-0.32
598950,513,513.0,-0.13,-0.13,0,-0.32
598955,512,511.99,-0.11,-0.11,0,-0.32
598960,512,512.0,-0.08,-0.08,0,-0.32
598965,512,512.01,-0.05,-0.05,0,-0.32
598970,512,512.0,-0.02,-0.02,0,-0.32
598975,512,511.99,0.0,0.0,0,-0.32
598980,513,513.0,0.03,0.03,0,-0.32
598985,513,513.01,0.06,0.06,0,-0.32
598990,512,512.0,0.08,0.08,0,-0.32
598995,512,511.99,0.11,0.11,0,-0.32
599000,513,513.0,0.13,0.13,0,-0.32
599005,512,512.01,0.15,0.15,0,-0.32
599010,513,513.0,0.17,0.17,0,-0.32
599015,512,511.99,0.18,0.18,0,-0.32
599020,512,512.0,0.19,0.19,0,-0.32
599025,515,515.02,0.2,0.19,0,-0.32
599030,513,513.0,0.2,0.19,0,-0.32
599035,513,512.97,0.2,0.19,0,-0.32
599040,512,512.0,0.19,0.19,0,-0.32
599045,512,512.03,0.18,0.18,0,-0.32
599050,513,513.0,0.16,0.16,0,-0.32
599055,513,512.96,0.15,0.15,0,-0.32
599060,513,512.99,0.12,0.12,0,-0.32
599065,513,513.05,0.1,0.1,0,-0.32
599070,513,513.01,0.07,0.07,0,-0.32
599075,513,512.95,0.04,0.04,0,-0.32
599080,513,512.99,0.01,0.01,0,-0.32
599085,511,511.06,-0.03,-0.03,0,-0.32
599090,512,512.02,-0.06,-0.06,0,-0.32
599095,512,511.94,-0.1,-0.1,0,-0.32
599100,512,511.98,-0.13,-0.13,0,-0.32
599105,512,512.06,-0.16,-0.16,0,-0.32
599110,511,511.02,-0.19,-0.19,0,-0.32
599115,512,511.93,-0.22,-0.22,0,-0.32
599120,512,511.98,-0.25,-0.25,0,-0.32
599125,512,512.07,-0.27,-0.27,0,-0.32
599130,512,512.02,-0.29,-0.29,0,-0.32
599135,512,511.93,-0.31,-0.31,0,-0.32
599140,513,512.98,-0.33,-0.33,0,-0.32
599145,511,511.08,-0.34,-0.34,0,-0.32
599150,512,512.02,-0.34,-0.34,0,-0.32
599155,512,511.92,-0.35,-0.34,0,-0.32
599160,511,510.99,-0.35,-0.34,0,-0.32
599165,513,513.08,-0.34,-0.34,0,-0.32
599170,512,512.01,-0.33,-0.33,0,-0.32
599175,512,511.92,-0.32,-0.32,0,-0.32
599180,511,510.99,-0.31,-0.31,0,-0.32
599185,512,512.09,-0.29,-0.29,0,-0.32
599190,512,512.01,-0.26,-0.26,0,-0.32
599195,512,511.91,-0.24,-0.24,0,-0.32
599200,511,510.98,-0.21,-0.21,0,-0.32
599205,513,513.1,-0.17,-0.17,0,-0.32
599210,511,511.02,-0.14,-0.14,0,-0.32
599215,513,512.9,-0.1,-0.1,0,-0.32
599220,512,511.97,-0.06,-0.06,0,-0.32
599225,512,512.11,-0.02,-0.02,0,-0.32
599230,514,514.03,0.02,0.02,0,-0.32
599235,513,512.89,0.06,0.06,0,-0.32
599240,512,511.96,0.1,0.1,0,-0.32
599245,512,512.12,0.14,0.14,0,-0.32
599250,512,512.05,0.18,0.18,0,-0.32
599255,512,511.88,0.21,0.21,0,-0.32
599260,514,513.95,0.25,0.25,0,-0.32
599265,513,513.13,0.29,0.29,0,-0.32
599270,513,513.06,0.32,0.32,0,-0.32
599275,513,512.87,0.35,0.35,0,-0.32
599280,513,512.94,0.38,0.38,0,-0.32
599285,513,513.14,0.4,0.4,0,-0.32
599290,512,512.07,0.43,0.43,0,-0.32
599295,512,511.85,0.45,0.45,0,-0.32
599300,513,512.93,0.46,0.46,0,-0.32
599305,512,512.15,0.48,0.48,0,-0.32
599310,513,513.07,0.49,0.49,0,-0.32
599315,513,512.84,0.51,0.51,0,-0.32
599320,513,512.92,0.51,0.51,0,-0.32
599325,513,513.17,0.52,0.52,0,-0.32
599330,512,512.08,0.52,0.52,0,-0.32
599335,512,511.82,0.52,0.52,0,-0.32
599340,515,514.92,0.52,0.52,0,-0.32
599345,512,512.19,0.51,0.51,0,-0.32
599350,512,512.07,0.5,0.5,0,-0.32
599355,513,512.8,0.48,0.48,0,-0.32
599360,512,511.93,0.47,0.47,0,-0.32
599365,512,512.21,0.44,0.44,0,-0.32
599370,514,514.06,0.42,0.42,0,-0.32
599375,514,513.79,0.39,0.39,0,-0.32
599380,513,512.94,0.36,0.36,0,-0.32
599385,512,512.22,0.32,0.32,0,-0.32
599390,513,513.06,0.28,0.28,0,-0.32
599395,513,512.78,0.24,0.24,0,-0.32
599400,512,511.94,0.19,0.19,0,-0.32
599405,512,512.23,0.14,0.14,0,-0.32
599410,513,513.06,0.09,0.09,0,-0.32
599415,513,512.77,0.04,0.04,0,-0.32
599420,512,511.94,-0.02,-0.02,0,-0.32
599425,512,512.23,-0.07,-0.07,0,-0.32
599430,512,512.07,-0.13,-0.13,0,-0.32
599435,513,512.77,-0.19,-0.19,0,-0.32
599440,513,512.93,-0.25,-0.25,0,-0.32
599445,512,512.23,-0.31,-0.31,0,-0.32
599450,513,513.07,-0.37,-0.37,0,-0.32
599455,512,511.77,-0.42,-0.42,0,-0.32
599460,511,510.92,-0.47,-0.47,0,-0.32
599465,511,511.23,-0.52,-0.52,0,-0.32
599470,511,511.08,-0.57,-0.57,0,-0.32
599475,511,510.77,-0.61,-0.61,0,-0.32
599480,512,511.91,-0.65,-0.65,0,-0.32
599485,511,511.23,-0.68,-0.68,0,-0.32
599490,512,512.09,-0.7,-0.7,0,-0.32
599495,512,511.77,-0.72,-0.72,0,-0.32
599500,510,509.9,-0.74,-0.74,0,-0.32
599505,511,511.23,-0.74,-0.74,0,-0.32
599510,511,511.11,-0.75,-0.74,0,-0.32
599515,511,510.77,-0.74,-0.74,0,-0.32
599520,512,511.89,-0.73,-0.73,0,-0.32
599525,511,511.23,-0.71,-0.71,0,-0.32
599530,511,511.12,-0.69,-0.69,0,-0.32
599535,513,512.77,-0.67,-0.67,0,-0.32
599540,513,512.87,-0.64,-0.64,0,-0.32
599545,511,511.23,-0.6,-0.6,0,-0.32
599550,512,512.13,-0.57,-0.57,0,-0.32
599555,512,511.77,-0.53,-0.53,0,-0.32
599560,514,513.86,-0.48,-0.48,0,-0.32
599565,512,512.22,-0.43,-0.43,0,-0.32
599570,511,511.14,-0.38,-0.38,0,-0.32
599575,513,512.78,-0.33,-0.33,0,-0.32
599580,512,511.87,-0.27,-0.27,0,-0.32
599585,512,512.21,-0.21,-0.21,0,-0.32
599590,513,513.13,-0.15,-0.15,0,-0.32
599595,513,512.79,-0.09,-0.09,0,-0.32
599600,512,511.87,-0.02,-0.02,0,-0.32
599605,511,511.2,0.05,0.05,0,-0.32
599610,512,512.13,0.13,0.13,0,-0.32
599615,511,510.81,0.21,0.21,0,-0.32
599620,512,511.87,0.29,0.29,0,-0.32
599625,512,512.19,0.38,0.38,0,-0.32
599630,512,512.13,0.47,0.47,0,-0.32
599635,512,511.82,0.56,0.56,0,-0.32
599640,513,512.87,0.65,0.65,0,-0.32
599645,512,512.17,0.74,0.74,0,-0.32
599650,512,512.13,0.83,0.83,0,-0.32
599655,512,511.83,0.92,0.92,0,-0.32
599660,514,513.87,1.0,1.0,0,-0.32
599665,514,514.17,1.09,1.09,0,-0.32
599670,513,513.13,1.16,1.16,0,-0.32
599675,514,513.83,1.23,1.23,0,-0.32
599680,514,513.88,1.29,1.29,0,-0.32
599685,516,516.17,1.34,1.34,0,-0.32
599690,513,513.12,1.39,1.39,0,-0.32
599695,514,513.83,1.42,1.42,0,-0.32
599700,515,514.89,1.44,1.43,0,-0.32
599705,514,514.18,1.45,1.43,0,-0.32
599710,514,514.1,1.45,1.43,0,-0.32
599715,515,514.82,1.43,1.43,0,-0.32
599720,514,513.91,1.4,1.4,0,-0.32
599725,515,515.19,1.37,1.37,0,-0.32
599730,513,513.08,1.32,1.32,0,-0.32
599735,516,515.81,1.26,1.26,0,-0.32
599740,514,513.93,1.19,1.19,0,-0.32
599745,513,513.2,1.11,1.11,0,-0.32
599750,515,515.06,1.02,1.02,0,-0.32
599755,513,512.8,0.93,0.93,0,-0.32
599760,513,512.95,0.83,0.83,0,-0.32
599765,513,513.2,0.72,0.72,0,-0.32
599770,512,512.04,0.62,0.62,0,-0.32
599775,514,513.8,0.51,0.51,0,-0.32
599780,512,511.97,0.4,0.4,0,-0.32
599785,512,512.2,0.3,0.3,0,-0.32
599790,512,512.03,0.19,0.19,0,-0.32
599795,512,511.8,0.09,0.09,0,-0.32
599800,511,510.98,0.0,0.0,0,-0.32
599805,512,512.21,-0.09,-0.09,0,-0.32
599810,512,512.01,-0.17,-0.17,0,-0.32
599815,512,511.79,-0.24,-0.24,0,-0.32
599820,511,510.99,-0.31,-0.31,0,-0.32
599825,511,511.21,-0.36,-0.36,0,-0.32
599830,511,511.0,-0.41,-0.41,0,-0.32
599835,512,511.79,-0.45,-0.45,0,-0.32
599840,511,511.0,-0.47,-0.47,0,-0.32
599845,511,511.21,-0.49,-0.49,0,-0.32
599850,511,511.0,-0.5,-0.49,0,-0.32
599855,513,512.8,-0.5,-0.49,0,-0.32
599860,511,511.01,-0.49,-0.49,0,-0.32
599865,510,510.2,-0.48,-0.48,0,-0.32
599870,511,510.99,-0.46,-0.46,0,-0.32
599875,511,510.81,-0.43,-0.43,0,-0.32
599880,511,511.02,-0.4,-0.4,0,-0.32
599885,513,513.19,-0.36,-0.36,0,-0.32
599890,513,512.98,-0.32,-0.32,0,-0.32
599895,512,511.82,-0.28,-0.28,0,-0.32
599900,513,513.02,-0.24,-0.24,0,-0.32
599905,512,512.18,-0.21,-0.21,0,-0.32
599910,513,512.98,-0.17,-0.17,0,-0.32
599915,513,512.82,-0.14,-0.14,0,-0.32
599920,512,512.02,-0.11,-0.11,0,-0.32
599925,512,512.17,-0.09,-0.09,0,-0.32
599930,514,513.98,-0.07,-0.07,0,-0.32
599935,513,512.83,-0.06,-0.06,0,-0.32
599940,512,512.02,-0.05,-0.06,0,-0.32
599945,513,513.16,-0.05,-0.06,0,-0.32
599950,513,512.99,-0.06,-0.06,0,-0.32
599955,514,513.84,-0.08,-0.08,0,-0.32
599960,513,513.01,-0.1,-0.1,0,-0.32
599965,512,512.15,-0.13,-0.13,0,-0.32
599970,511,511.0,-0.16,-0.16,0,-0.32
599975,513,512.85,-0.2,-0.2,0,-0.32
599980,513,513.0,-0.24,-0.24,0,-0.32
599985,512,512.14,-0.29,-0.29,0,-0.32
599990,512,512.0,-0.34,-0.34,0,-0.32
599995,513,512.87,-0.4,-0.4,0,-0.32
600000,512,512.0,-0.45,-0.45,0,-0.32
600005,511,511.11,-0.51,-0.51,0,-0.32
600010,512,512.0,-0.56,-0.56,0,-0.32
600015,510,509.9,-0.61,-0.61,0,-0.32
600020,511,511.0,-0.67,-0.67,0,-0.32
600025,512,512.09,-0.71,-0.71,0,-0.32
600030,511,511.0,-0.76,-0.76,0,-0.32
600035,511,510.91,-0.8,-0.8,0,-0.32
600040,511,511.0,-0.83,-0.83,0,-0.32
600045,511,511.08,-0.86,-0.86,0,-0.32
600050,512,512.01,-0.88,-0.88,0,-0.32
600055,511,510.93,-0.9,-0.9,0,-0.32
600060,510,509.99,-0.91,-0.91,0,-0.32
600065,511,511.07,-0.92,-0.91,0,-0.32
600070,511,511.02,-0.92,-0.91,0,-0.32
600075,511,510.94,-0.91,-0.91,0,-0.32
600080,511,510.98,-0.9,-0.9,0,-0.32
600085,512,512.06,-0.88,-0.88,0,-0.32
600090,512,512.03,-0.86,-0.86,0,-0.32
600095,511,510.95,-0.84,-0.84,0,-0.32
600100,512,511.96,-0.81,-0.81,0,-0.32
600105,511,511.05,-0.77,-0.77,0,-0.32
600110,512,512.05,-0.74,-0.74,0,-0.32
600115,511,510.95,-0.7,-0.7,0,-0.32
600120,512,511.95,-0.66,-0.66,0,-0.32
600125,511,511.04,-0.62,-0.62,0,-0.32
600130,513,513.06,-0.57,-0.57,0,-0.32
600135,511,510.96,-0.53,-0.53,0,-0.32
600140,513,512.93,-0.49,-0.49,0,-0.32
600145,513,513.04,-0.45,-0.45,0,-0.32
600150,512,512.08,-0.41,-0.41,0,-0.32
600155,512,511.96,-0.37,-0.37,0,-0.32
600160,514,513.91,-0.33,-0.33,0,-0.32
600165,512,512.04,-0.3,-0.3,0,-0.32
600170,510,510.1,-0.26,-0.26,0,-0.32
600175,513,512.95,-0.23,-0.23,0,-0.32
600180,512,511.9,-0.2,-0.2,0,-0.32
600185,511,511.05,-0.18,-0.18,0,-0.32
600190,513,513.09,-0.15,-0.15,0,-0.32
600195,513,512.96,-0.13,-0.13,0,-0.32
600200,514,513.91,-0.11,-0.11,0,-0.32
600205,512,512.04,-0.09,-0.09,0,-0.32
600210,513,513.09,-0.08,-0.08,0,-0.32
600215,512,511.97,-0.06,-0.06,0,-0.32
600220,512,511.91,-0.05,-0.05,0,-0.32
600225,513,513.03,-0.04,-0.04,0,-0.32
600230,511,511.09,-0.03,-0.03,0,-0.32
600235,513,512.98,-0.02,-0.02,0,-0.32
600240,512,511.91,-0.01,-0.01,0,-0.32
600245,512,512.02,0.0,0.0,0,-0.32
600250,511,511.09,0.01,0.01,0,-0.32
600255,512,511.99,0.02,0.02,0,-0.32
600260,512,511.92,0.03,0.03,0,-0.32
600265,512,512.01,0.04,0.04,0,-0.32
600270,512,512.08,0.05,0.05,0,-0.32
600275,512,512.0,0.06,0.06,0,-0.32
600280,513,512.93,0.07,0.07,0,-0.32
600285,512,512.0,0.07,0.07,0,-0.32
600290,513,513.07,0.08,0.08,0,-0.32
600295,511,511.01,0.09,0.08,0,-0.32
600300,513,512.94,0.09,0.08,0,-0.32
600305,515,514.99,0.09,0.08,0,-0.32
600310,513,513.06,0.08,0.08,0,-0.32
600315,513,513.0,0.08,0.08,0,-0.32
600320,512,511.95,0.07,0.07,0,-0.32
600325,513,513.0,0.06,0.06,0,-0.32
600330,513,513.05,0.04,0.04,0,-0.32
600335,513,512.99,0.02,0.02,0,-0.32
600340,512,511.95,0.0,0.0,0,-0.32
600345,512,512.01,-0.02,-0.02,0,-0.32
600350,513,513.05,-0.04,-0.04,0,-0.32
600355,512,511.99,-0.07,-0.07,0,-0.32
600360,512,511.95,-0.1,-0.1,0,-0.32
600365,512,512.02,-0.13,-0.13,0,-0.32
600370,512,512.05,-0.15,-0.15,0,-0.32
600375,512,511.98,-0.18,-0.18,0,-0.32
600380,513,512.94,-0.21,-0.21,0,-0.32
600385,512,512.02,-0.24,-0.24,0,-0.32
600390,513,513.06,-0.27,-0.27,0,-0.32
600395,512,511.97,-0.3,-0.3,0,-0.32
600400,513,512.94,-0.32,-0.32,0,-0.32
600405,513,513.03,-0.35,-0.35,0,-0.32
600410,512,512.06,-0.37,-0.37,0,-0.32
600415,511,510.96,-0.4,-0.4,0,-0.32
600420,512,511.94,-0.42,-0.42,0,-0.32
600425,511,511.04,-0.43,-0.43,0,-0.32
600430,512,512.06,-0.45,-0.45,0,-0.32
600435,512,511.95,-0.46,-0.46,0,-0.32
600440,512,511.94,-0.46,-0.46,0,-0.32
600445,511,511.06,-0.46,-0.46,0,-0.32
600450,511,511.06,-0.46,-0.46,0,-0.32
600455,512,511.94,-0.46,-0.46,0,-0.32
600460,512,511.94,-0.45,-0.45,0,-0.32
600465,513,513.07,-0.44,-0.44,0,-0.32
600470,512,512.06,-0.42,-0.42,0,-0.32
600475,513,512.93,-0.4,-0.4,0,-0.32
600480,512,511.94,-0.38,-0.38,0,-0.32
600485,511,511.08,-0.35,-0.35,0,-0.32
600490,511,511.06,-0.33,-0.33,0,-0.32
600495,513,512.92,-0.3,-0.3,0,-0.32
600500,512,511.94,-0.27,-0.27,0,-0.32
600505,513,513.08,-0.23,-0.23,0,-0.32
600510,513,513.05,-0.2,-0.2,0,-0.32
600515,513,512.92,-0.17,-0.17,0,-0.32
600520,512,511.95,-0.13,-0.13,0,-0.32
600525,512,512.08,-0.09,-0.09,0,-0.32
600530,511,511.05,-0.06,-0.06,0,-0.32
600535,512,511.92,-0.02,-0.02,0,-0.32
600540,513,512.95,0.02,0.02,0,-0.32
600545,513,513.08,0.05,0.05,0,-0.32
600550,513,513.04,0.09,0.09,0,-0.32
600555,513,512.92,0.12,0.12,0,-0.32
600560,512,511.96,0.15,0.15,0,-0.32
600565,512,512.08,0.19,0.19,0,-0.32
600570,513,513.04,0.21,0.21,0,-0.32
600575,512,511.91,0.24,0.24,0,-0.32
600580,513,512.96,0.26,0.26,0,-0.32
600585,513,513.09,0.28,0.28,0,-0.32
600590,514,514.04,0.3,0.3,0,-0.32
600595,512,511.91,0.32,0.32,0,-0.32
600600,513,512.96,0.32,0.32,0,-0.32
600605,513,513.1,0.33,0.32,0,-0.32
600610,513,513.04,0.33,0.32,0,-0.32
600615,513,512.9,0.33,0.32,0,-0.32
600620,514,513.96,0.32,0.32,0,-0.32
600625,513,513.11,0.31,0.31,0,-0.32
600630,514,514.04,0.3,0.3,0,-0.32
600635,514,513.89,0.28,0.28,0,-0.32
600640,513,512.96,0.26,0.26,0,-0.32
600645,511,511.12,0.24,0.24,0,-0.32
600650,512,512.04,0.21,0.21,0,-0.32
600655,513,512.88,0.19,0.19,0,-0.32
600660,512,511.95,0.16,0.16,0,-0.32
600665,513,513.12,0.13,0.13,0,-0.32
600670,513,513.05,0.1,0.1,0,-0.32
600675,512,511.88,0.08,0.08,0,-0.32
600680,512,511.95,0.05,0.05,0,-0.32
600685,512,512.12,0.03,0.03,0,-0.32
600690,513,513.06,0.01,0.01,0,-0.32
600695,511,510.88,-0.02,-0.02,0,-0.32
600700,512,511.94,-0.03,-0.03,0,-0.32
600705,513,513.13,-0.05,-0.05,0,-0.32
600710,511,511.07,-0.06,-0.06,0,-0.32
600715,513,512.87,-0.08,-0.08,0,-0.32
600720,513,512.93,-0.09,-0.09,0,-0.32
600725,511,511.14,-0.09,-0.09,0,-0.32
600730,512,512.08,-0.1,-0.1,0,-0.32
600735,513,512.86,-0.1,-0.1,0,-0.32
600740,513,512.92,-0.1,-0.1,0,-0.32
600745,514,514.14,-0.1,-0.1,0,-0.32
600750,513,513.08,-0.1,-0.1,0,-0.32
600755,513,512.85,-0.1,-0.1,0,-0.32
600760,512,511.92,-0.1,-0.1,0,-0.32
600765,511,511.15,-0.09,-0.09,0,-0.32
600770,512,512.08,-0.09,-0.09,0,-0.32
600775,513,512.85,-0.08,-0.08,0,-0.32
600780,512,511.91,-0.06,-0.06,0,-0.32
600785,512,512.16,-0.05,-0.05,0,-0.32
600790,513,513.09,-0.03,-0.03,0,-0.32
600795,514,513.85,-0.01,-0.01,0,-0.32
600800,511,510.9,0.01,0.01,0,-0.32
600805,512,512.15,0.03,0.03,0,-0.32
600810,511,511.11,0.06,0.06,0,-0.32
600815,513,512.85,0.09,0.09,0,-0.32
600820,512,511.89,0.12,0.12,0,-0.32
600825,512,512.14,0.15,0.15,0,-0.32
600830,512,512.12,0.18,0.18,0,-0.32
600835,513,512.87,0.22,0.22,0,-0.32
600840,514,513.87,0.25,0.25,0,-0.32
600845,513,513.12,0.29,0.29,0,-0.32
600850,512,512.13,0.33,0.33,0,-0.32
600855,512,511.88,0.36,0.36,0,-0.32
600860,513,512.87,0.4,0.4,0,-0.32
600865,512,512.11,0.43,0.43,0,-0.32
600870,513,513.14,0.46,0.46,0,-0.32
600875,512,511.89,0.5,0.5,0,-0.32
600880,513,512.86,0.52,0.52,0,-0.32
600885,513,513.1,0.55,0.55,0,-0.32
600890,513,513.14,0.57,0.57,0,-0.32
600895,514,513.9,0.59,0.59,0,-0.32
600900,514,513.86,0.61,0.61,0,-0.32
600905,513,513.09,0.62,0.62,0,-0.32
600910,513,513.15,0.63,0.62,0,-0.32
600915,513,512.91,0.63,0.62,0,-0.32
600920,513,512.85,0.63,0.62,0,-0.32
600925,514,514.08,0.62,0.62,0,-0.32
600930,513,513.15,0.61,0.61,0,-0.32
600935,513,512.92,0.6,0.6,0,-0.32
600940,513,512.85,0.58,0.58,0,-0.32
600945,514,514.08,0.56,0.56,0,-0.32
600950,512,512.15,0.54,0.54,0,-0.32
600955,513,512.92,0.52,0.52,0,-0.32
600960,511,510.85,0.49,0.49,0,-0.32
600965,513,513.08,0.46,0.46,0,-0.32
600970,512,512.16,0.43,0.43,0,-0.32
600975,513,512.92,0.4,0.4,0,-0.32
600980,512,511.84,0.38,0.38,0,-0.32
600985,512,512.08,0.35,0.35,0,-0.32
600990,512,512.17,0.32,0.32,0,-0.32
600995,513,512.92,0.29,0.29,0,-0.32
601000,512,511.83,0.26,0.26,0,-0.32
601005,513,513.08,0.24,0.24,0,-0.32
601010,512,512.18,0.21,0.21,0,-0.32
601015,511,510.92,0.19,0.19,0,-0.32
601020,513,512.81,0.17,0.17,0,-0.32
601025,512,512.09,0.15,0.15,0,-0.32
601030,512,512.19,0.13,0.13,0,-0.32
601035,513,512.91,0.11,0.11,0,-0.32
601040,513,512.8,0.09,0.09,0,-0.32
601045,512,512.09,0.08,0.08,0,-0.32
