Timestamp,Raw,Notch_50Hz,Butterworth,Final_Result,Artifact,SNR
709675,479,478.95,-19.5,-19.5,0,10.97
709680,477,475.8,-21.3,-21.3,0,10.97
709685,476,475.99,-23.15,-23.15,0,10.97
709690,475,476.21,-25.05,-25.05,0,10.97
709695,474,474.06,-26.99,-26.99,0,10.97
709700,498,496.8,-28.97,-28.97,0,10.97
709705,472,471.88,-31.0,-31.0,0,10.97
709710,469,470.16,-33.06,-33.06,0,10.97
709715,442,442.16,-35.17,-35.17,0,10.97
709720,466,464.89,-37.3,-37.3,0,10.97
709725,466,465.84,-39.47,-39.47,0,10.97
709730,460,461.06,-41.66,-41.66,0,10.97
709735,457,457.14,-43.87,-43.87,0,10.97
709740,452,450.99,-46.1,-46.1,0,10.97
709745,452,451.88,-48.35,-48.35,0,10.97
709750,450,450.97,-50.61,-50.61,0,10.97
709755,447,447.09,-52.87,-52.87,0,10.97
709760,444,443.06,-55.13,-55.13,0,10.97
709765,441,440.93,-57.4,-57.4,0,10.97
709770,440,440.91,-59.65,-59.65,0,10.97
709775,438,438.05,-61.89,-61.89,0,10.97
709780,439,438.12,-64.11,-64.11,0,10.97
709785,435,434.97,-66.31,-66.31,0,10.97
709790,432,432.84,-68.48,-68.48,0,10.97
709795,431,431.01,-70.62,-70.62,0,10.97
709800,438,437.19,-72.71,-72.71,0,10.97
709805,431,431.01,-74.76,-74.76,0,10.97
709810,429,429.76,-76.74,-76.74,0,10.97
709815,428,427.96,-78.67,-78.67,0,10.97
709820,429,428.29,-80.52,-80.52,0,10.97
709825,430,430.07,-82.28,-82.28,0,10.97
709830,430,430.66,-83.94,-83.94,0,10.97
709835,427,426.9,-85.48,-85.48,0,10.97
709840,427,426.38,-86.9,-86.9,0,10.97
709845,427,427.13,-88.16,-88.16,0,10.97
709850,428,428.58,-89.26,-89.26,0,10.97
709855,428,427.83,-90.17,-90.17,0,10.97
709860,429,428.46,-90.86,-90.86,0,10.97
709865,429,429.2,-91.32,-90.97,0,10.97
709870,434,434.5,-91.51,-90.97,0,10.97
709875,439,438.77,-91.4,-90.97,0,10.97
709880,429,428.52,-90.97,-90.97,0,10.97
709885,430,430.25,-90.18,-90.18,0,10.97
709890,428,428.46,-88.99,-88.99,0,10.97
709895,431,430.74,-87.36,-87.36,0,10.97
709900,430,429.56,-85.27,-85.27,0,10.97
709905,431,431.27,-82.67,-82.67,0,10.97
709910,431,431.41,-79.53,-79.53,0,10.97
709915,431,430.72,-75.81,-75.81,0,10.97
709920,431,430.61,-71.48,-71.48,0,10.97
709925,431,431.29,-66.51,-66.51,0,10.97
709930,428,428.37,-60.87,-60.87,0,10.97
709935,432,431.7,-54.55,-54.55,0,10.97
709940,431,430.65,-47.52,-47.52,0,10.97
709945,432,432.31,-39.79,-39.79,0,10.97
709950,432,432.33,-31.34,-31.34,0,10.97
709955,430,429.67,-22.2,-22.2,0,10.97
709960,435,434.7,-12.38,-12.38,0,10.97
709965,437,437.35,-1.91,-1.91,0,10.97
709970,443,443.28,9.16,9.16,0,10.97
709975,452,451.63,20.78,20.78,0,10.97
709980,469,468.75,32.86,32.86,0,10.97
709985,483,483.4,45.32,45.32,0,10.97
709990,505,505.22,58.07,58.07,0,10.97
709995,526,525.58,70.98,70.98,0,10.97
710000,555,554.81,83.94,83.94,0,10.97
710005,583,583.45,96.81,96.81,0,10.97
710010,613,613.16,109.45,109.45,0,10.97
710015,640,639.52,121.74,121.74,0,10.97
710020,668,667.86,133.52,133.52,0,10.97
710025,692,692.52,144.67,144.67,0,10.97
710030,714,714.11,155.06,155.06,0,10.97
710035,730,729.44,164.57,164.57,0,10.97
710040,745,744.91,173.1,173.1,0,10.97
710045,757,757.6,180.56,180.56,0,10.97
710050,760,760.06,186.86,186.86,0,10.97
710055,791,790.37,191.96,191.96,0,10.97
710060,768,767.97,195.81,195.81,0,10.97
710065,765,765.62,198.38,198.38,0,10.97
710070,762,761.99,199.66,198.38,0,10.97
710075,755,754.39,199.68,198.38,0,10.97
710080,743,743.03,198.45,198.38,0,10.97
710085,738,738.59,196.01,196.01,0,10.97
710090,724,723.94,192.41,192.41,0,10.97
710095,713,712.42,187.71,187.71,0,10.97
710100,699,699.08,181.98,181.98,0,10.97
710105,684,684.57,175.3,175.3,0,10.97
710110,675,674.9,167.76,167.76,0,10.97
710115,661,660.45,159.44,159.44,0,10.97
710120,651,651.13,150.44,150.44,0,10.97
710125,636,636.54,140.86,140.86,0,10.97
710130,623,622.85,130.78,130.78,0,10.97
710135,611,610.48,120.31,120.31,0,10.97
710140,599,599.18,109.54,109.54,0,10.97
710145,589,589.51,98.57,98.57,0,10.97
710150,577,576.79,87.48,87.48,0,10.97
710155,567,566.5,76.37,76.37,0,10.97
710160,555,555.24,65.33,65.33,0,10.97
710165,546,546.5,54.43,54.43,0,10.97
710170,534,533.73,43.75,43.75,0,10.97
710175,523,522.51,33.36,33.36,0,10.97
710180,511,511.29,23.34,23.34,0,10.97
710185,502,502.49,13.74,13.74,0,10.97
710190,490,489.68,4.62,4.62,0,10.97
710195,479,478.5,-3.97,-3.97,0,10.97
710200,469,469.35,-11.99,-11.99,0,10.97
710205,461,461.5,-19.41,-19.41,0,10.97
710210,453,452.63,-26.19,-26.19,0,10.97
710215,449,448.49,-32.33,-32.33,0,10.97
710220,443,443.41,-37.8,-37.8,0,10.97
710225,441,441.51,-42.62,-42.62,0,10.97
710230,452,451.58,-46.78,-46.78,0,10.97
710235,435,434.48,-50.3,-50.3,0,10.97
710240,435,435.43,-53.2,-53.2,0,10.97
710245,433,433.53,-55.5,-55.5,0,10.97
710250,441,440.59,-57.25,-57.25,0,10.97
710255,442,441.46,-58.48,-58.48,0,10.97
710260,445,445.4,-59.22,-59.1,0,10.97
710265,449,449.55,-59.54,-59.1,0,10.97
710270,455,454.61,-59.49,-59.1,0,10.97
710275,456,455.45,-59.1,-59.1,0,10.97
710280,460,460.37,-58.44,-58.44,0,10.97
710285,465,465.56,-57.57,-57.57,0,10.97
710290,470,469.65,-56.53,-56.53,0,10.97
710295,471,470.42,-55.37,-55.37,0,10.97
710300,474,474.32,-54.15,-54.15,0,10.97
710305,475,475.59,-52.91,-52.91,0,10.97
710310,478,477.7,-51.7,-51.7,0,10.97
710315,478,477.39,-50.55,-50.55,0,10.97
710320,480,480.28,-49.49,-49.49,0,10.97
710325,479,479.63,-48.58,-48.58,0,10.97
710330,479,478.74,-47.81,-47.81,0,10.97
710335,501,500.37,-47.23,-47.23,0,10.97
710340,474,474.23,-46.85,-46.98,0,10.97
710345,477,477.61,-46.68,-46.98,0,10.97
710350,472,471.79,-46.72,-46.98,0,10.97
710355,470,469.43,-46.98,-46.98,0,10.97
710360,465,465.18,-47.47,-47.47,0,10.97
710365,466,466.54,-48.17,-48.17,0,10.97
710370,463,462.85,-49.08,-49.08,0,10.97
710375,460,459.49,-50.2,-50.2,0,10.97
710380,457,457.12,-51.51,-51.51,0,10.97
710385,454,454.48,-53.0,-53.0,0,10.97
710390,454,453.91,-54.66,-54.66,0,10.97
710395,450,449.55,-56.46,-56.46,0,10.97
710400,451,451.06,-58.41,-58.41,0,10.97
710405,447,447.43,-60.47,-60.47,0,10.97
710410,444,443.98,-62.64,-62.64,0,10.97
710415,443,442.59,-64.88,-64.88,0,10.97
710420,440,440.0,-67.19,-67.19,0,10.97
710425,440,440.38,-69.54,-69.54,0,10.97
710430,437,437.03,-71.9,-71.9,0,10.97
710435,434,433.64,-74.27,-74.27,0,10.97
710440,435,434.94,-76.61,-76.61,0,10.97
710445,434,434.35,-78.9,-78.9,0,10.97
710450,434,434.09,-81.13,-81.13,0,10.97
710455,430,429.66,-83.26,-83.26,0,10.97
710460,433,432.88,-85.28,-85.28,0,10.97
710465,432,432.34,-87.15,-87.15,0,10.97
710470,431,431.15,-88.85,-88.85,0,10.97
710475,430,429.67,-90.36,-90.36,0,10.97
710480,431,430.82,-91.65,-91.65,0,10.97
710485,429,429.33,-92.68,-92.68,0,10.97
710490,429,429.21,-93.44,-93.44,0,10.97
710495,431,430.67,-93.88,-93.44,0,10.97
710500,431,430.77,-93.98,-93.44,0,10.97
710505,432,432.33,-93.7,-93.44,0,10.97
710510,433,433.26,-93.02,-93.02,0,10.97
710515,436,435.67,-91.9,-91.9,0,10.97
710520,434,433.72,-90.31,-90.31,0,10.97
710525,435,435.33,-88.22,-88.22,0,10.97
710530,434,434.31,-85.59,-85.59,0,10.97
710535,434,433.68,-82.39,-82.39,0,10.97
710540,435,434.66,-78.59,-78.59,0,10.97
710545,433,433.32,-74.18,-74.18,0,10.97
710550,435,435.37,-69.11,-69.11,0,10.97
710555,435,434.68,-63.39,-63.39,0,10.97
710560,435,434.6,-56.98,-56.98,0,10.97
710565,434,434.31,-49.89,-49.89,0,10.97
710570,433,433.42,-42.11,-42.11,0,10.97
710575,435,434.69,-33.65,-33.65,0,10.97
710580,438,437.55,-24.54,-24.54,0,10.97
710585,440,440.3,-14.79,-14.79,0,10.97
710590,443,443.48,-4.45,-4.45,0,10.97
710595,451,450.7,6.43,6.43,0,10.97
710600,463,462.51,17.78,17.78,0,10.97
710605,474,474.3,29.52,29.52,0,10.97
710610,493,493.52,41.56,41.56,0,10.97
710615,514,513.7,53.8,53.8,0,10.97
710620,540,539.47,66.11,66.11,0,10.97
710625,566,566.3,78.38,78.38,0,10.97
710630,595,595.56,90.48,90.48,0,10.97
710635,623,622.7,102.27,102.27,0,10.97
710640,666,665.43,113.61,113.61,0,10.97
710645,672,672.29,124.38,124.38,0,10.97
710650,693,693.55,134.46,134.46,0,10.97
710655,719,718.71,143.72,143.72,0,10.97
710660,728,727.47,152.07,152.07,0,10.97
710665,739,739.27,159.42,159.42,0,10.97
710670,746,746.5,165.69,165.69,0,10.97
710675,749,748.74,170.82,170.82,0,10.97
710680,753,752.52,174.77,174.77,0,10.97
710685,752,752.24,177.51,177.51,0,10.97
710690,747,747.45,179.02,177.51,0,10.97
710695,740,739.77,179.32,177.51,0,10.97
710700,734,733.57,178.42,177.51,0,10.97
710705,725,725.23,176.35,176.35,0,10.97
710710,715,715.4,173.16,173.16,0,10.97
710715,701,700.78,168.89,168.89,0,10.97
710720,689,688.62,163.63,163.63,0,10.97
710725,682,682.23,157.43,157.43,0,10.97
710730,666,666.37,150.38,150.38,0,10.97
710735,655,654.76,142.56,142.56,0,10.97
710740,639,638.65,134.06,134.06,0,10.97
710745,627,627.25,124.98,124.98,0,10.97
710750,618,618.35,115.4,115.4,0,10.97
710755,604,603.75,105.43,105.43,0,10.97
710760,593,592.66,95.15,95.15,0,10.97
710765,582,582.26,84.65,84.65,0,10.97
710770,574,574.34,74.04,74.04,0,10.97
710775,563,562.73,63.38,63.38,0,10.97
710780,551,550.65,52.78,52.78,0,10.97
710785,530,530.26,42.31,42.31,0,10.97
710790,529,529.35,32.04,32.04,0,10.97
710795,519,518.75,22.06,22.06,0,10.97
710800,507,506.64,12.42,12.42,0,10.97
710805,496,496.22,3.19,3.19,0,10.97
710810,485,485.37,-5.58,-5.58,0,10.97
710815,475,474.8,-13.83,-13.83,0,10.97
710820,467,466.63,-21.53,-21.53,0,10.97
710825,459,459.18,-28.64,-28.64,0,10.97
710830,451,451.38,-35.13,-35.13,0,10.97
710835,444,443.84,-40.99,-40.99,0,10.97
710840,440,439.61,-46.2,-46.2,0,10.97
710845,437,437.14,-50.76,-50.76,0,10.97
710850,434,434.4,-54.68,-54.68,0,10.97
710855,432,431.87,-57.97,-57.97,0,10.97
710860,434,433.59,-60.66,-60.66,0,10.97
710865,436,436.12,-62.76,-62.76,0,10.97
710870,437,437.42,-64.32,-64.32,0,10.97
710875,441,440.89,-65.38,-65.38,0,10.97
710880,445,444.57,-65.98,-65.5,0,10.97
710885,449,449.1,-66.16,-65.5,0,10.97
710890,453,453.44,-65.99,-65.5,0,10.97
710895,456,455.91,-65.5,-65.5,0,10.97
710900,460,459.55,-64.77,-64.77,0,10.97
710905,466,466.09,-63.83,-63.83,0,10.97
710910,468,468.46,-62.74,-62.74,0,10.97
710915,475,474.92,-61.55,-61.55,0,10.97
710920,476,475.52,-60.31,-60.31,0,10.97
710925,476,476.07,-59.07,-59.07,0,10.97
710930,479,479.49,-57.87,-57.87,0,10.97
710935,478,477.94,-56.73,-56.73,0,10.97
710940,481,480.49,-55.7,-55.7,0,10.97
710945,480,480.06,-54.81,-54.81,0,10.97
710950,464,464.51,-54.06,-54.06,0,10.97
710955,476,475.95,-53.5,-53.5,0,10.97
710960,475,474.51,-53.13,-53.26,0,10.97
710965,472,472.05,-52.96,-53.26,0,10.97
710970,471,471.47,-53.0,-53.26,0,10.97
710975,474,473.96,-53.26,-53.26,0,10.97
710980,467,466.55,-53.74,-53.74,0,10.97
710985,464,464.02,-54.44,-54.44,0,10.97
710990,464,464.43,-55.35,-55.35,0,10.97
710995,461,461.0,-56.46,-56.46,0,10.97
711000,458,457.59,-57.76,-57.76,0,10.97
711005,450,449.97,-59.24,-59.24,0,10.97
711010,451,451.39,-60.89,-60.89,0,10.97
711015,448,448.06,-62.69,-62.69,0,10.97
711020,445,444.62,-64.63,-64.63,0,10.97
711025,445,444.9,-66.68,-66.68,0,10.97
711030,443,443.37,-68.83,-68.83,0,10.97
711035,442,442.13,-71.06,-71.06,0,10.97
711040,441,440.65,-73.34,-73.34,0,10.97
711045,439,438.83,-75.67,-75.67,0,10.97
711050,437,437.34,-78.01,-78.01,0,10.97
711055,435,435.2,-80.35,-80.35,0,10.97
711060,436,435.67,-82.66,-82.66,0,10.97
711065,435,434.77,-84.91,-84.91,0,10.97
711070,434,434.32,-87.09,-87.09,0,10.97
711075,432,432.26,-89.17,-89.17,0,10.97
711080,432,431.69,-91.11,-91.11,0,10.97
711085,432,431.71,-92.9,-92.9,0,10.97
711090,432,432.3,-94.5,-94.5,0,10.97
711095,433,433.33,-95.88,-95.88,0,10.97
711100,432,431.71,-97.02,-97.02,0,10.97
711105,430,429.64,-97.87,-97.87,0,10.97
711110,433,433.28,-98.4,-97.87,0,10.97
711115,434,434.4,-98.59,-97.87,0,10.97
711120,436,435.73,-98.38,-97.87,0,10.97
711125,432,431.55,-97.76,-97.76,0,10.97
711130,434,434.26,-96.67,-96.67,0,10.97
711135,430,430.49,-95.09,-95.09,0,10.97
711140,434,433.75,-92.96,-92.96,0,10.97
711145,435,434.46,-90.27,-90.27,0,10.97
711150,434,434.24,-86.96,-86.96,0,10.97
711155,423,423.57,-83.02,-83.02,0,10.97
711160,434,433.77,-78.4,-78.4,0,10.97
711165,434,433.41,-73.09,-73.09,0,10.97
711170,433,433.22,-67.05,-67.05,0,10.97
711175,432,432.6,-60.29,-60.29,0,10.97
711180,432,431.79,-52.78,-52.78,0,10.97
711185,434,433.39,-44.53,-44.53,0,10.97
711190,433,433.2,-35.54,-35.54,0,10.97
711195,435,435.62,-25.85,-25.85,0,10.97
711200,439,438.81,-15.46,-15.46,0,10.97
711205,444,443.37,-4.44,-4.44,0,10.97
711210,451,451.19,7.16,7.16,0,10.97
711215,466,466.65,19.27,19.27,0,10.97
711220,483,482.83,31.81,31.81,0,10.97
711225,520,519.35,44.68,44.68,0,10.97
711230,526,526.16,57.77,57.77,0,10.97
711235,553,553.64,70.95,70.95,0,10.97
711240,580,579.86,84.11,84.11,0,10.97
711245,609,608.39,97.1,97.1,0,10.97
711250,637,637.12,109.8,109.8,0,10.97
711255,665,665.58,122.07,122.07,0,10.97
711260,689,688.89,133.77,133.77,0,10.97
711265,711,710.44,144.79,144.79,0,10.97
711270,730,730.09,155.0,155.0,0,10.97
711275,742,742.54,164.3,164.3,0,10.97
711280,756,755.92,172.59,172.59,0,10.97
711285,765,764.48,179.8,179.8,0,10.97
711290,769,769.07,185.87,185.87,0,10.97
711295,772,772.49,190.75,190.75,0,10.97
711300,770,769.94,194.4,194.4,0,10.97
711305,766,765.53,196.82,196.72,0,10.97
711310,761,761.04,198.0,196.72,0,10.97
711315,754,754.45,197.96,196.72,0,10.97
711320,746,745.97,196.72,196.72,0,10.97
711325,737,736.57,194.32,194.32,0,10.97
711330,726,726.02,190.82,190.82,0,10.97
711335,715,715.41,186.28,186.28,0,10.97
711340,703,703.0,180.75,180.75,0,10.97
711345,692,691.61,174.32,174.32,0,10.97
711350,680,679.99,167.06,167.06,0,10.97
711355,667,667.37,159.05,159.05,0,10.97
711360,655,655.02,150.39,150.39,0,10.97
711365,645,644.65,141.16,141.16,0,10.97
711370,634,633.97,131.45,131.45,0,10.97
711375,621,621.34,121.34,121.34,0,10.97
711380,613,613.04,110.92,110.92,0,10.97
711385,602,601.69,100.27,100.27,0,10.97
711390,593,592.95,89.49,89.49,0,10.97
711395,582,582.29,78.64,78.64,0,10.97
711400,573,573.05,67.81,67.81,0,10.97
711405,561,560.73,57.07,57.07,0,10.97
711410,553,552.94,46.49,46.49,0,10.97
711415,539,539.25,36.14,36.14,0,10.97
711420,530,530.07,26.09,26.09,0,10.97
711425,518,517.77,16.38,16.38,0,10.97
711430,508,507.93,7.09,7.09,0,10.97
711435,498,498.21,-1.76,-1.76,0,10.97
711440,487,487.08,-10.1,-10.1,0,10.97
711445,478,477.81,-17.91,-17.91,0,10.97
711450,470,469.91,-25.16,-25.16,0,10.97
711455,462,462.18,-31.82,-31.82,0,10.97
711460,455,455.09,-37.87,-37.87,0,10.97
711465,450,449.84,-43.31,-43.31,0,10.97
711470,445,444.91,-48.13,-48.13,0,10.97
711475,443,443.15,-52.35,-52.35,0,10.97
711480,437,437.1,-55.97,-55.97,0,10.97
711485,442,441.87,-59.01,-59.01,0,10.97
711490,443,442.91,-61.51,-61.51,0,10.97
711495,445,445.12,-63.49,-63.49,0,10.97
711500,451,451.09,-64.98,-64.98,0,10.97
711505,449,448.9,-66.04,-66.04,0,10.97
711510,452,451.91,-66.71,-66.71,0,10.97
711515,456,456.09,-67.02,-66.71,0,10.97
711520,458,458.1,-67.04,-66.71,0,10.97
711525,461,460.92,-66.8,-66.71,0,10.97
711530,467,466.9,-66.35,-66.35,0,10.97
711535,466,466.07,-65.75,-65.75,0,10.97
711540,469,469.1,-65.04,-65.04,0,10.97
711545,470,469.94,-64.25,-64.25,0,10.97
711550,471,470.9,-63.44,-63.44,0,10.97
711555,474,474.05,-62.63,-62.63,0,10.97
711560,473,473.1,-61.87,-61.87,0,10.97
711565,476,475.96,-61.17,-61.17,0,10.97
711570,474,473.9,-60.58,-60.58,0,10.97
711575,477,477.03,-60.11,-60.11,0,10.97
711580,472,472.1,-59.78,-59.78,0,10.97
711585,471,470.97,-59.61,-59.78,0,10.97
711590,468,467.9,-59.6,-59.78,0,10.97
711595,466,466.03,-59.76,-59.78,0,10.97
711600,463,463.1,-60.09,-60.09,0,10.97
711605,462,461.97,-60.6,-60.6,0,10.97
711610,458,457.9,-61.29,-61.29,0,10.97
711615,456,456.02,-62.14,-62.14,0,10.97
711620,453,453.1,-63.16,-63.16,0,10.97
711625,451,450.98,-64.32,-64.32,0,10.97
711630,448,447.9,-65.63,-65.63,0,10.97
711635,446,446.01,-67.08,-67.08,0,10.97
711640,444,444.1,-68.64,-68.64,0,10.97
711645,440,439.99,-70.31,-70.31,0,10.97
711650,438,437.89,-72.07,-72.07,0,10.97
711655,436,436.0,-73.91,-73.91,0,10.97
711660,435,435.11,-75.82,-75.82,0,10.97
711665,434,434.0,-77.78,-77.78,0,10.97
711670,431,430.88,-79.78,-79.78,0,10.97
711675,429,428.99,-81.8,-81.8,0,10.97
711680,430,430.13,-83.83,-83.83,0,10.97
711685,430,430.02,-85.85,-85.85,0,10.97
711690,428,427.86,-87.85,-87.85,0,10.97
711695,429,428.97,-89.82,-89.82,0,10.97
711700,426,426.15,-91.74,-91.74,0,10.97
711705,428,428.04,-93.6,-93.6,0,10.97
711710,429,428.84,-95.37,-95.37,0,10.97
711715,428,427.95,-97.04,-97.04,0,10.97
711720,427,427.16,-98.59,-98.59,0,10.97
711725,429,429.07,-100.0,-100.0,0,10.97
711730,430,429.84,-101.24,-101.24,0,10.97
711735,428,427.92,-102.3,-102.3,0,10.97
711740,431,431.16,-103.14,-103.14,0,10.97
711745,431,431.1,-103.75,-103.75,0,10.97
711750,437,436.84,-104.08,-103.75,0,10.97
711755,431,430.88,-104.11,-103.75,0,10.97
711760,434,434.15,-103.8,-103.75,0,10.97
711765,430,430.13,-103.12,-103.12,0,10.97
711770,433,432.86,-102.02,-102.02,0,10.97
711775,433,432.85,-100.48,-100.48,0,10.97
711780,435,435.14,-98.45,-98.45,0,10.97
711785,431,431.16,-95.89,-95.89,0,10.97
711790,432,431.87,-92.76,-92.76,0,10.97
711795,432,431.82,-89.02,-89.02,0,10.97
711800,432,432.13,-84.64,-84.64,0,10.97
711805,432,432.19,-79.59,-79.59,0,10.97
711810,432,431.87,-73.82,-73.82,0,10.97
711815,431,430.8,-67.33,-67.33,0,10.97
711820,431,431.13,-60.09,-60.09,0,10.97
711825,430,430.21,-52.08,-52.08,0,10.97
711830,432,431.87,-43.31,-43.31,0,10.97
711835,433,432.77,-33.78,-33.78,0,10.97
711840,439,439.13,-23.5,-23.5,0,10.97
711845,440,440.24,-12.52,-12.52,0,10.97
711850,445,444.86,-0.86,-0.86,0,10.97
711855,455,454.75,11.41,11.41,0,10.97
711860,469,469.16,24.23,24.23,0,10.97
711865,487,487.27,37.51,37.51,0,10.97
711870,509,508.84,51.14,51.14,0,10.97
711875,530,529.71,65.03,65.03,0,10.97
711880,560,560.18,79.04,79.04,0,10.97
711885,590,590.32,93.05,93.05,0,10.97
711890,621,620.82,106.91,106.91,0,10.97
711895,668,667.67,120.5,120.5,0,10.97
711900,678,678.19,133.66,133.66,0,10.97
711905,703,703.32,146.27,146.27,0,10.97
711910,724,723.8,158.2,158.2,0,10.97
711915,742,741.7,169.32,169.32,0,10.97
711920,758,758.21,179.55,179.55,0,10.97
711925,769,769.28,188.77,188.77,0,10.97
711930,779,778.77,196.91,196.91,0,10.97
711935,784,783.73,203.91,203.91,0,10.97
711940,786,786.23,209.72,209.72,0,10.97
711945,786,786.25,214.3,214.3,0,10.97
711950,785,784.76,217.63,217.63,0,10.97
711955,779,778.76,219.72,218.64,0,10.97
711960,773,773.25,220.56,218.64,0,10.97
711965,765,765.22,220.19,218.64,0,10.97
711970,756,755.74,218.64,218.64,0,10.97
711975,747,746.8,215.95,215.95,0,10.97
711980,736,736.27,212.18,212.18,0,10.97
711985,728,728.19,207.38,207.38,0,10.97
711990,718,717.72,201.63,201.63,0,10.97
711995,706,705.82,195.0,195.0,0,10.97
712000,684,684.28,187.56,187.56,0,10.97
712005,684,684.16,179.39,179.39,0,10.97
712010,672,671.74,170.58,170.58,0,10.97
712015,662,661.85,161.2,161.2,0,10.97
712020,651,651.24,151.34,151.34,0,10.97
712025,641,641.14,141.07,141.07,0,10.97
712030,631,630.79,130.48,130.48,0,10.97
712035,618,617.87,119.64,119.64,0,10.97
712040,612,612.19,108.63,108.63,0,10.97
712045,604,604.13,97.52,97.52,0,10.97
712050,593,592.83,86.39,86.39,0,10.97
712055,583,582.86,75.3,75.3,0,10.97
712060,573,573.15,64.32,64.32,0,10.97
712065,560,560.14,53.51,53.51,0,10.97
712070,550,549.86,42.94,42.94,0,10.97
712075,538,537.86,32.66,32.66,0,10.97
712080,525,525.12,22.73,22.73,0,10.97
712085,514,514.14,13.19,13.19,0,10.97
712090,502,501.9,4.1,4.1,0,10.97
712095,495,494.86,-4.51,-4.51,0,10.97
712100,482,482.08,-12.6,-12.6,0,10.97
712105,470,470.13,-20.15,-20.15,0,10.97
712110,464,463.94,-27.13,-27.13,0,10.97
712115,457,456.88,-33.53,-33.53,0,10.97
712120,452,452.05,-39.33,-39.33,0,10.97
712125,449,449.11,-44.55,-44.55,0,10.97
712130,444,443.97,-49.18,-49.18,0,10.97
712135,442,441.9,-53.23,-53.23,0,10.97
712140,442,442.02,-56.73,-56.73,0,10.97
712145,440,440.09,-59.7,-59.7,0,10.97
712150,443,443.0,-62.18,-62.18,0,10.97
712155,447,446.92,-64.18,-64.18,0,10.97
712160,447,446.99,-65.76,-65.76,0,10.97
712165,450,450.06,-66.96,-66.96,0,10.97
712170,453,453.03,-67.81,-67.81,0,10.97
712175,453,452.95,-68.36,-68.36,0,10.97
712180,459,458.96,-68.66,-68.47,0,10.97
712185,459,459.04,-68.75,-68.47,0,10.97
712190,462,462.05,-68.67,-68.47,0,10.97
712195,463,462.97,-68.47,-68.47,0,10.97
712200,466,465.93,-68.18,-68.18,0,10.97
712205,465,465.01,-67.83,-67.83,0,10.97
712210,465,465.07,-67.46,-67.46,0,10.97
712215,465,465.0,-67.11,-67.11,0,10.97
712220,462,461.92,-66.78,-66.78,0,10.97
712225,462,461.99,-66.51,-66.51,0,10.97
712230,464,464.1,-66.32,-66.32,0,10.97
712235,463,463.03,-66.21,-66.32,0,10.97
712240,461,460.88,-66.19,-66.32,0,10.97
712245,457,456.95,-66.29,-66.32,0,10.97
712250,445,445.13,-66.48,-66.48,0,10.97
712255,453,453.07,-66.79,-66.79,0,10.97
712260,448,447.88,-67.21,-67.21,0,10.97
712265,448,447.91,-67.73,-67.73,0,10.97
712270,444,444.11,-68.35,-68.35,0,10.97
712275,443,443.12,-69.06,-69.06,0,10.97
712280,440,439.89,-69.86,-69.86,0,10.97
712285,438,437.86,-70.74,-70.74,0,10.97
712290,435,435.1,-71.69,-71.69,0,10.97
712295,433,433.17,-72.69,-72.69,0,10.97
712300,431,430.91,-73.75,-73.75,0,10.97
712305,430,429.81,-74.84,-74.84,0,10.97
712310,428,428.08,-75.97,-75.97,0,10.97
712315,426,426.21,-77.11,-77.11,0,10.97
712320,423,422.93,-78.27,-78.27,0,10.97
712325,423,422.77,-79.43,-79.43,0,10.97
712330,422,422.07,-80.59,-80.59,0,10.97
712335,421,421.26,-81.75,-81.75,0,10.97
712340,418,417.93,-82.89,-82.89,0,10.97
712345,418,417.72,-84.02,-84.02,0,10.97
712350,417,417.07,-85.12,-85.12,0,10.97
712355,418,418.31,-86.21,-86.21,0,10.97
712360,418,417.93,-87.27,-87.27,0,10.97
712365,420,419.66,-88.31,-88.31,0,10.97
712370,418,418.07,-89.32,-89.32,0,10.97
712375,418,418.37,-90.31,-90.31,0,10.97
712380,418,417.93,-91.28,-91.28,0,10.97
712385,418,417.61,-92.22,-92.22,0,10.97
712390,417,417.07,-93.14,-93.14,0,10.97
712395,418,418.42,-94.03,-94.03,0,10.97
712400,418,417.93,-94.9,-94.9,0,10.97
712405,421,420.55,-95.73,-95.73,0,10.97
712410,420,420.07,-96.53,-96.53,0,10.97
712415,422,422.47,-97.29,-97.29,0,10.97
712420,422,421.93,-98.0,-98.0,0,10.97
712425,445,444.52,-98.66,-98.66,0,10.97
712430,421,421.06,-99.25,-99.25,0,10.97
712435,423,423.47,-99.76,-99.76,0,10.97
712440,426,425.94,-100.16,-100.16,0,10.97
712445,426,425.57,-100.45,-100.34,0,10.97
712450,428,428.05,-100.59,-100.34,0,10.97
712455,430,430.4,-100.57,-100.34,0,10.97
712460,429,428.96,-100.34,-100.34,0,10.97
712465,430,429.63,-99.89,-99.89,0,10.97
712470,431,431.04,-99.17,-99.17,0,10.97
712475,431,431.35,-98.16,-98.16,0,10.97
712480,432,431.97,-96.8,-96.8,0,10.97
712485,432,431.68,-95.07,-95.07,0,10.97
712490,432,432.02,-92.93,-92.93,0,10.97
712495,433,433.3,-90.32,-90.32,0,10.97
712501,434,433.99,-87.22,-87.22,0,10.97
712505,432,431.72,-83.57,-83.57,0,10.97
712510,431,431.0,-79.34,-79.34,0,10.97
712515,431,431.26,-74.48,-74.48,0,10.97
712520,430,430.01,-68.97,-68.97,0,10.97
712525,431,430.76,-62.78,-62.78,0,10.97
712530,433,432.98,-55.87,-55.87,0,10.97
712535,434,434.22,-48.23,-48.23,0,10.97
712540,431,431.03,-39.84,-39.84,0,10.97
712545,431,430.8,-30.72,-30.72,0,10.97
712550,433,432.97,-20.85,-20.85,0,10.97
712555,436,436.2,-10.27,-10.27,0,10.97
712560,440,440.04,0.99,0.99,0,10.97
712565,449,448.82,12.89,12.89,0,10.97
712570,460,459.96,25.36,25.36,0,10.97
712575,482,482.19,38.34,38.34,0,10.97
712580,498,498.05,51.72,51.72,0,10.97
712585,520,519.82,65.41,65.41,0,10.97
712590,547,546.95,79.29,79.29,0,10.97
712595,576,576.2,93.24,93.24,0,10.97
712600,606,606.06,107.12,107.12,0,10.97
712605,637,636.8,120.8,120.8,0,10.97
712610,665,664.93,134.15,134.15,0,10.97
712615,692,692.21,147.01,147.01,0,10.97
712620,714,714.08,159.28,159.28,0,10.97
712625,736,735.78,170.81,170.81,0,10.97
712630,754,753.91,181.51,181.51,0,10.97
712635,752,752.22,191.27,191.27,0,10.97
712640,774,774.08,200.01,200.01,0,10.97
712645,782,781.8,207.65,207.65,0,10.97
712650,786,785.91,214.13,214.13,0,10.97
712655,786,786.17,219.42,219.42,0,10.97
712660,784,784.08,223.48,223.48,0,10.97
712665,781,780.85,226.31,226.31,0,10.97
712670,774,773.92,227.9,226.31,0,10.97
712675,783,783.13,228.28,226.31,0,10.97
712680,759,759.08,227.46,226.31,0,10.97
712685,751,750.87,225.5,225.5,0,10.97
712690,741,740.93,222.43,222.43,0,10.97
712695,727,727.14,218.32,218.32,0,10.97
712700,722,722.07,213.23,213.23,0,10.97
712705,710,709.85,207.23,207.23,0,10.97
712710,701,700.93,200.38,200.38,0,10.97
712715,688,688.15,192.78,192.78,0,10.97
712720,679,679.07,184.48,184.48,0,10.97
712725,666,665.85,175.58,175.58,0,10.97
712730,661,660.93,166.16,166.16,0,10.97
712735,648,648.16,156.28,156.28,0,10.97
712740,637,637.06,146.03,146.03,0,10.97
712745,629,628.84,135.49,135.49,0,10.97
712750,621,620.95,124.73,124.73,0,10.97
712755,609,609.17,113.82,113.82,0,10.97
712760,601,601.03,102.84,102.84,0,10.97
712765,590,589.82,91.86,91.86,0,10.97
712770,582,581.99,80.93,80.93,0,10.97
712775,558,558.18,70.13,70.13,0,10.97
712780,560,560.0,59.51,59.51,0,10.97
712785,549,548.84,49.14,49.14,0,10.97
712790,537,537.02,39.05,39.05,0,10.97
712795,526,526.13,29.32,29.32,0,10.97
712800,514,513.96,19.97,19.97,0,10.97
712805,504,503.89,11.05,11.05,0,10.97
712810,493,493.06,2.6,2.6,0,10.97
712815,483,483.08,-5.36,-5.36,0,10.97
712820,474,473.92,-12.79,-12.79,0,10.97
712825,466,465.95,-19.68,-19.68,0,10.97
712830,462,462.1,-26.02,-26.02,0,10.97
712835,456,456.03,-31.8,-31.8,0,10.97
712840,451,450.88,-37.03,-37.03,0,10.97
712845,448,448.0,-41.7,-41.7,0,10.97
712850,444,444.15,-45.83,-45.83,0,10.97
712855,444,443.98,-49.44,-49.44,0,10.97
712860,443,442.83,-52.55,-52.55,0,10.97
712865,441,441.04,-55.19,-55.19,0,10.97
712870,446,446.19,-57.39,-57.39,0,10.97
712875,448,447.94,-59.2,-59.2,0,10.97
712880,456,455.78,-60.64,-60.64,0,10.97
712885,451,451.07,-61.75,-61.75,0,10.97
712890,453,453.23,-62.59,-62.59,0,10.97
712895,459,458.92,-63.18,-63.18,0,10.97
712900,456,455.76,-63.57,-63.57,0,10.97
712905,458,458.08,-63.8,-63.8,0,10.97
712910,459,459.25,-63.9,-63.8,0,10.97
712915,460,459.91,-63.91,-63.8,0,10.97
712920,462,461.74,-63.85,-63.8,0,10.97
712925,460,460.09,-63.77,-63.77,0,10.97
712930,461,461.27,-63.68,-63.68,0,10.97
712935,459,458.91,-63.61,-63.65,0,10.97
712940,456,455.72,-63.57,-63.65,0,10.97
712945,457,457.09,-63.58,-63.65,0,10.97
712950,455,455.29,-63.65,-63.65,0,10.97
712955,453,452.91,-63.8,-63.8,0,10.97
712960,450,449.69,-64.03,-64.03,0,10.97
712965,448,448.1,-64.34,-64.34,0,10.97
712970,443,443.33,-64.73,-64.73,0,10.97
712975,441,440.9,-65.21,-65.21,0,10.97
712980,451,450.66,-65.77,-65.77,0,10.97
712985,438,438.11,-66.41,-66.41,0,10.97
712990,435,435.33,-67.11,-67.11,0,10.97
712995,436,435.89,-67.89,-67.89,0,10.97
713000,434,433.68,-68.72,-68.72,0,10.97
713005,432,432.12,-69.61,-69.61,0,10.97
713010,429,429.3,-70.54,-70.54,0,10.97
713015,428,427.87,-71.5,-71.5,0,10.97
713020,427,426.72,-72.49,-72.49,0,10.97
713025,423,423.13,-73.5,-73.5,0,10.97
713030,425,425.26,-74.53,-74.53,0,10.97
713035,424,423.87,-75.56,-75.56,0,10.97
713040,422,421.76,-76.6,-76.6,0,10.97
713045,420,420.13,-77.63,-77.63,0,10.97
713050,420,420.23,-78.65,-78.65,0,10.97
713055,419,418.87,-79.66,-79.66,0,10.97
713060,420,419.79,-80.65,-80.65,0,10.97
713065,418,418.13,-81.63,-81.63,0,10.97
713070,407,407.19,-82.59,-82.59,0,10.97
713075,417,416.87,-83.52,-83.52,0,10.97
713080,418,417.85,-84.44,-84.44,0,10.97
713085,415,415.12,-85.33,-85.33,0,10.97
713090,417,417.1,-86.2,-86.2,0,10.97
713095,416,415.88,-87.06,-87.06,0,10.97
713100,417,416.95,-87.9,-87.9,0,10.97
713105,418,418.12,-88.73,-88.73,0,10.97
713110,418,418.0,-89.54,-89.54,0,10.97
713115,418,417.88,-90.33,-90.33,0,10.97
713120,421,421.05,-91.11,-91.11,0,10.97
713125,420,420.12,-91.86,-91.86,0,10.97
713130,421,420.9,-92.6,-92.6,0,10.97
713135,423,422.88,-93.31,-93.31,0,10.97
713140,422,422.15,-93.98,-93.98,0,10.97
713145,425,425.12,-94.61,-94.61,0,10.97
713150,423,422.79,-95.18,-95.18,0,10.97
713155,424,423.88,-95.69,-95.69,0,10.97
713160,422,422.26,-96.11,-96.11,0,10.97
713165,425,425.12,-96.42,-96.42,0,10.97
713170,425,424.69,-96.62,-96.42,0,10.97
713175,427,426.87,-96.66,-96.42,0,10.97
713180,427,427.36,-96.54,-96.42,0,10.97
713185,427,427.13,-96.21,-96.21,0,10.97
713190,430,429.59,-95.65,-95.65,0,10.97
713195,429,428.87,-94.83,-94.83,0,10.97
713200,428,428.46,-93.71,-93.71,0,10.97
713205,429,429.13,-92.26,-92.26,0,10.97
713210,453,452.51,-90.44,-90.44,0,10.97
713215,430,429.87,-88.21,-88.21,0,10.97
713220,428,428.49,-85.54,-85.54,0,10.97
713225,433,433.13,-82.37,-82.37,0,10.97
713230,430,429.53,-78.68,-78.68,0,10.97
713235,431,430.86,-74.42,-74.42,0,10.97
713240,431,431.45,-69.55,-69.55,0,10.97
713245,431,431.14,-64.06,-64.06,0,10.97
713250,430,429.57,-57.9,-57.9,0,10.97
713255,430,429.85,-51.07,-51.07,0,10.97
713260,431,431.42,-43.54,-43.54,0,10.97
713265,430,430.16,-35.3,-35.3,0,10.97
713270,432,431.59,-26.37,-26.37,0,10.97
713275,433,432.83,-16.75,-16.75,0,10.97
713280,437,437.4,-6.47,-6.47,0,10.97
713285,443,443.18,4.43,4.43,0,10.97
713290,451,450.61,15.9,15.9,0,10.97
713295,465,464.81,27.87,27.87,0,10.97
713300,481,481.38,40.27,40.27,0,10.97
713305,500,500.2,52.99,52.99,0,10.97
713310,524,523.62,65.94,65.94,0,10.97
713315,550,549.79,79.0,79.0,0,10.97
713320,578,578.37,92.04,92.04,0,10.97
713325,607,607.22,104.93,104.93,0,10.97
713330,634,633.63,117.54,117.54,0,10.97
713335,663,662.77,129.72,129.72,0,10.97
713340,685,685.37,141.36,141.36,0,10.97
713345,706,706.23,152.32,152.32,0,10.97
713350,725,724.62,162.48,162.48,0,10.97
713355,742,741.76,171.75,171.75,0,10.97
713360,752,752.37,180.03,180.03,0,10.97
713365,760,760.24,187.23,187.23,0,10.97
713370,767,766.62,193.29,193.29,0,10.97
713375,768,767.75,198.17,198.17,0,10.97
713380,768,768.38,201.83,201.83,0,10.97
713385,764,764.24,204.25,204.14,0,10.97
713390,757,756.62,205.43,204.14,0,10.97
713395,752,751.75,205.39,204.14,0,10.97
713400,743,743.39,204.14,204.14,0,10.97
713405,735,735.25,201.72,201.72,0,10.97
713410,724,723.6,198.18,198.18,0,10.97
713415,716,715.75,193.58,193.58,0,10.97
713420,702,702.41,187.97,187.97,0,10.97
713425,693,693.25,181.44,181.44,0,10.97
713430,680,679.58,174.06,174.06,0,10.97
713435,670,669.75,165.91,165.91,0,10.97
713440,658,658.43,157.07,157.07,0,10.97
713445,646,646.25,147.64,147.64,0,10.97
713450,636,635.55,137.7,137.7,0,10.97
713455,627,626.75,127.34,127.34,0,10.97
713460,612,612.46,116.65,116.65,0,10.97
713465,601,601.25,105.72,105.72,0,10.97
713470,599,598.53,94.64,94.64,0,10.97
713475,580,579.76,83.49,83.49,0,10.97
713480,566,566.46,72.35,72.35,0,10.97
713485,556,556.23,61.32,61.32,0,10.97
713490,543,542.55,50.46,50.46,0,10.97
713495,533,532.78,39.85,39.85,0,10.97
713500,522,522.44,29.56,29.56,0,10.97
713505,511,511.21,19.66,19.66,0,10.97
713510,497,496.56,10.2,10.2,0,10.97
713515,487,486.8,1.24,1.24,0,10.97
713520,476,476.44,-7.18,-7.18,0,10.97
713525,468,468.2,-15.01,-15.01,0,10.97
713530,460,459.57,-22.23,-22.23,0,10.97
713535,451,450.8,-28.81,-28.81,0,10.97
713540,445,445.43,-34.73,-34.73,0,10.97
713545,439,439.2,-40.0,-40.0,0,10.97
713550,440,439.57,-44.6,-44.6,0,10.97
713555,436,435.81,-48.54,-48.54,0,10.97
713560,435,435.42,-51.85,-51.85,0,10.97
713565,435,435.19,-54.55,-54.55,0,10.97
713570,438,437.59,-56.67,-56.67,0,10.97
713575,440,439.82,-58.25,-58.25,0,10.97
713580,442,442.4,-59.33,-59.33,0,10.97
713585,445,445.18,-59.95,-59.6,0,10.97
713590,450,449.61,-60.16,-59.6,0,10.97
713595,454,453.83,-60.03,-59.6,0,10.97
713600,459,459.38,-59.6,-59.6,0,10.97
713605,464,464.16,-58.92,-58.92,0,10.97
713610,467,466.62,-58.06,-58.06,0,10.97
713615,471,470.85,-57.07,-57.07,0,10.97
713620,472,472.37,-55.99,-55.99,0,10.97
713625,476,476.15,-54.88,-54.88,0,10.97
713630,479,478.64,-53.78,-53.78,0,10.97
713635,480,479.86,-52.73,-52.73,0,10.97
713640,480,480.35,-51.77,-51.77,0,10.97
713645,479,479.14,-50.92,-50.92,0,10.97
713650,478,477.65,-50.23,-50.23,0,10.97
713655,478,477.87,-49.7,-49.7,0,10.97
713660,476,476.34,-49.36,-49.59,0,10.97
713665,474,474.12,-49.22,-49.59,0,10.97
713670,472,471.67,-49.3,-49.59,0,10.97
713675,469,468.89,-49.59,-49.59,0,10.97
713680,467,467.33,-50.1,-50.1,0,10.97
713685,464,464.1,-50.82,-50.82,0,10.97
713690,462,461.67,-51.76,-51.76,0,10.97
713695,458,457.9,-52.9,-52.9,0,10.97
713700,456,456.32,-54.23,-54.23,0,10.97
713705,454,454.09,-55.75,-55.75,0,10.97
713710,450,449.68,-57.43,-57.43,0,10.97
713715,447,446.91,-59.27,-59.27,0,10.97
713720,445,445.32,-61.25,-61.25,0,10.97
713725,441,441.09,-63.34,-63.34,0,10.97
713730,439,438.68,-65.53,-65.53,0,10.97
713735,439,438.92,-67.81,-67.81,0,10.97
713740,434,434.32,-70.15,-70.15,0,10.97
713745,436,436.08,-72.53,-72.53,0,10.97
713750,435,434.68,-74.93,-74.93,0,10.97
713755,432,431.93,-77.33,-77.33,0,10.97
713760,432,432.32,-79.72,-79.72,0,10.97
713765,431,431.07,-82.06,-82.06,0,10.97
713770,430,429.68,-84.35,-84.35,0,10.97
713775,430,429.93,-86.54,-86.54,0,10.97
713780,429,429.32,-88.63,-88.63,0,10.97
713785,439,439.08,-90.58,-90.58,0,10.97
713790,430,429.68,-92.37,-92.37,0,10.97
713795,432,431.91,-93.97,-93.97,0,10.97
713800,429,429.32,-95.35,-95.35,0,10.97
713805,428,428.11,-96.48,-96.48,0,10.97
713810,428,427.69,-97.32,-97.32,0,10.97
713815,429,428.87,-97.85,-97.32,0,10.97
713820,427,427.31,-98.02,-97.32,0,10.97
713825,425,425.14,-97.8,-97.32,0,10.97
713830,428,427.69,-97.15,-97.15,0,10.97
713835,428,427.85,-96.05,-96.05,0,10.97
713840,429,429.31,-94.44,-94.44,0,10.97
713845,428,428.16,-92.3,-92.3,0,10.97
713850,429,428.68,-89.59,-89.59,0,10.97
713855,427,426.84,-86.28,-86.28,0,10.97
713860,426,426.32,-82.34,-82.34,0,10.97
713865,424,424.17,-77.74,-77.74,0,10.97
713870,428,427.69,-72.45,-72.45,0,10.97
713875,426,425.83,-66.46,-66.46,0,10.97
713880,425,425.31,-59.76,-59.76,0,10.97
713885,425,425.18,-52.34,-52.34,0,10.97
713890,426,425.7,-44.21,-44.21,0,10.97
713895,429,428.82,-35.38,-35.38,0,10.97
713900,431,431.3,-25.87,-25.87,0,10.97
713905,435,435.18,-15.72,-15.72,0,10.97
713910,443,442.71,-4.98,-4.98,0,10.97
713915,454,453.83,6.29,6.29,0,10.97
713920,468,468.3,18.02,18.02,0,10.97
713925,483,483.17,30.12,30.12,0,10.97
713930,507,506.71,42.49,42.49,0,10.97
713935,532,531.84,55.02,55.02,0,10.97
713940,557,557.29,67.59,67.59,0,10.97
713945,584,584.15,80.07,80.07,0,10.97
713950,609,608.7,92.35,92.35,0,10.97
713955,634,633.86,104.28,104.28,0,10.97
713960,660,660.3,115.75,115.75,0,10.97
713965,681,681.13,126.62,126.62,0,10.97
713970,697,696.69,136.79,136.79,0,10.97
713975,714,713.87,146.14,146.14,0,10.97
713980,725,725.32,154.59,154.59,0,10.97
713985,736,736.12,162.04,162.04,0,10.97
713990,741,740.67,168.43,168.43,0,10.97
713995,749,748.88,173.71,173.71,0,10.97
714000,747,747.34,177.82,177.82,0,10.97
714005,747,747.11,180.76,180.76,0,10.97
714010,745,744.64,182.51,180.76,0,10.97
714015,739,738.9,183.06,180.76,0,10.97
714021,727,727.37,182.45,180.76,0,10.97
714025,726,726.09,180.69,180.69,0,10.97
714030,713,712.63,177.83,177.83,0,10.97
714035,705,704.91,173.92,173.92,0,10.97
714040,696,696.38,169.02,169.02,0,10.97
714045,683,683.08,163.19,163.19,0,10.97
714050,669,668.61,156.5,156.5,0,10.97
714055,661,660.92,149.04,149.04,0,10.97
714060,650,650.41,140.89,140.89,0,10.97
714065,638,638.07,132.12,132.12,0,10.97
714070,627,626.57,122.83,122.83,0,10.97
714075,616,615.93,113.1,113.1,0,10.97
714080,606,606.45,103.02,103.02,0,10.97
714085,595,595.06,92.68,92.68,0,10.97
714090,584,583.52,82.16,82.16,0,10.97
714095,573,572.94,71.55,71.55,0,10.97
714100,562,562.51,60.92,60.92,0,10.97
714105,550,550.05,50.36,50.36,0,10.97
714110,541,540.46,39.95,39.95,0,10.97
714115,530,529.95,29.75,29.75,0,10.97
714120,519,519.57,19.84,19.84,0,10.97
714125,507,507.04,10.27,10.27,0,10.97
714130,495,494.4,1.12,1.12,0,10.97
714135,488,487.97,-7.58,-7.58,0,10.97
714140,451,451.62,-15.77,-15.77,0,10.97
714145,465,465.02,-23.42,-23.42,0,10.97
714150,456,455.39,-30.49,-30.49,0,10.97
714155,450,450.0,-36.96,-36.96,0,10.97
714160,449,449.59,-42.81,-42.81,0,10.97
714165,440,439.98,-48.05,-48.05,0,10.97
714170,436,435.42,-52.67,-52.67,0,10.97
714175,433,433.04,-56.68,-56.68,0,10.97
714180,436,436.58,-60.09,-60.09,0,10.97
714185,436,435.95,-62.94,-62.94,0,10.97
714190,437,436.43,-65.24,-65.24,0,10.97
714195,435,435.06,-67.04,-67.04,0,10.97
714200,438,438.58,-68.37,-68.37,0,10.97
714205,442,441.94,-69.28,-69.28,0,10.97
714210,446,445.43,-69.81,-69.63,0,10.97
714215,449,449.06,-70.01,-69.63,0,10.97
714220,451,451.57,-69.93,-69.63,0,10.97
714225,456,455.94,-69.63,-69.63,0,10.97
714230,459,458.43,-69.16,-69.16,0,10.97
714235,461,461.07,-68.56,-68.56,0,10.97
714240,463,463.56,-67.88,-67.88,0,10.97
714245,466,465.93,-67.17,-67.17,0,10.97
714250,463,462.44,-66.47,-66.47,0,10.97
714255,469,469.07,-65.82,-65.82,0,10.97
714260,467,467.57,-65.26,-65.26,0,10.97
714265,467,466.93,-64.81,-64.81,0,10.97
714270,469,468.43,-64.5,-64.65,0,10.97
714275,467,467.08,-64.36,-64.65,0,10.97
714280,466,466.58,-64.41,-64.65,0,10.97
714285,463,462.91,-64.65,-64.65,0,10.97
714290,462,461.42,-65.1,-65.1,0,10.97
714295,460,460.1,-65.76,-65.76,0,10.97
714300,457,457.59,-66.63,-66.63,0,10.97
714305,455,454.89,-67.72,-67.72,0,10.97
714310,452,451.4,-69.0,-69.0,0,10.97
714315,448,448.12,-70.48,-70.48,0,10.97
714320,447,447.61,-72.15,-72.15,0,10.97
714325,442,441.87,-73.98,-73.98,0,10.97
714330,465,464.39,-75.95,-75.95,0,10.97
714335,442,442.15,-78.06,-78.06,0,10.97
714340,438,438.58,-80.26,-80.26,0,10.97
714345,435,434.83,-82.54,-82.54,0,10.97
714350,433,432.47,-84.86,-84.86,0,10.97
714355,432,432.19,-87.19,-87.19,0,10.97
714360,431,431.49,-89.51,-89.51,0,10.97
714365,429,428.79,-91.76,-91.76,0,10.97
714370,427,426.55,-93.93,-93.93,0,10.97
714375,426,426.24,-95.96,-95.96,0,10.97
714380,427,427.42,-97.83,-97.83,0,10.97
714385,426,425.74,-99.49,-99.49,0,10.97
714390,426,425.62,-100.9,-100.9,0,10.97
714395,423,423.28,-102.02,-102.02,0,10.97
714400,424,424.35,-102.81,-102.73,0,10.97
714405,423,422.7,-103.22,-102.73,0,10.97
714410,424,423.68,-103.21,-102.73,0,10.97
714415,425,425.32,-102.73,-102.73,0,10.97
714420,424,424.28,-101.76,-101.76,0,10.97
714425,439,438.66,-100.23,-100.23,0,10.97
714430,422,421.75,-98.11,-98.11,0,10.97
714435,420,420.33,-95.37,-95.37,0,10.97
714440,424,424.23,-91.95,-91.95,0,10.97
714445,419,418.69,-87.82,-87.82,0,10.97
714450,417,416.79,-82.96,-82.96,0,10.97
714455,418,418.3,-77.33,-77.33,0,10.97
714460,416,416.19,-70.92,-70.92,0,10.97
714465,417,416.72,-63.71,-63.71,0,10.97
714470,416,415.82,-55.71,-55.71,0,10.97
714475,418,418.27,-46.91,-46.91,0,10.97
714480,421,421.16,-37.34,-37.34,0,10.97
714485,425,424.75,-27.03,-27.03,0,10.97
714490,432,431.85,-16.02,-16.02,0,10.97
714495,441,441.24,-4.37,-4.37,0,10.97
714500,454,454.14,7.85,7.85,0,10.97
714505,473,472.78,20.54,20.54,0,10.97
714510,494,493.88,33.61,33.61,0,10.97
714515,516,516.2,46.96,46.96,0,10.97
714520,550,550.11,60.44,60.44,0,10.97
714525,575,574.82,73.94,73.94,0,10.97
714530,601,600.89,87.32,87.32,0,10.97
714535,630,630.15,100.43,100.43,0,10.97
714540,657,657.11,113.15,113.15,0,10.97
714545,675,674.87,125.34,125.34,0,10.97
714550,701,700.88,136.87,136.87,0,10.97
714555,720,720.12,147.62,147.62,0,10.97
714560,734,734.12,157.49,157.49,0,10.97
714565,746,745.89,166.38,166.38,0,10.97
714570,755,754.87,174.2,174.2,0,10.97
714575,758,758.1,180.89,180.89,0,10.97
714580,764,764.13,186.4,186.4,0,10.97
714585,762,761.91,190.69,190.69,0,10.97
714590,760,759.86,193.75,193.75,0,10.97
714595,756,756.07,195.56,193.75,0,10.97
714600,750,750.14,196.14,193.75,0,10.97
714605,742,741.93,195.5,193.75,0,10.97
714610,734,733.84,193.68,193.68,0,10.97
714615,723,723.05,190.72,190.72,0,10.97
714620,714,714.17,186.68,186.68,0,10.97
714625,705,704.96,181.61,181.61,0,10.97
714630,693,692.82,175.59,175.59,0,10.97
714635,681,681.02,168.69,168.69,0,10.97
714640,671,671.19,160.98,160.98,0,10.97
714645,660,660.0,152.55,152.55,0,10.97
714650,650,649.8,143.48,143.48,0,10.97
714655,638,637.98,133.85,133.85,0,10.97
714660,628,628.2,123.76,123.76,0,10.97
714665,612,612.03,113.29,113.29,0,10.97
714670,617,616.79,102.51,102.51,0,10.97
714675,596,595.96,91.53,91.53,0,10.97
714680,585,585.2,80.42,80.42,0,10.97
714685,573,573.05,69.26,69.26,0,10.97
714690,561,560.82,58.14,58.14,0,10.97
714695,553,552.95,47.12,47.12,0,10.97
714700,539,539.17,36.29,36.29,0,10.97
714705,527,527.05,25.71,25.71,0,10.97
714710,515,514.85,15.46,15.46,0,10.97
714715,503,502.95,5.58,5.58,0,10.97
714720,492,492.14,-3.86,-3.86,0,10.97
714725,479,479.05,-12.81,-12.81,0,10.97
714730,465,464.87,-21.22,-21.22,0,10.97
714735,459,458.96,-29.07,-29.07,0,10.97
714740,450,450.13,-36.33,-36.33,0,10.97
714745,443,443.04,-42.96,-42.96,0,10.97
714750,438,437.87,-48.96,-48.96,0,10.97
714755,433,432.96,-54.33,-54.33,0,10.97
714760,429,429.13,-59.06,-59.06,0,10.97
714765,428,428.04,-63.17,-63.17,0,10.97
714770,428,427.87,-66.68,-66.68,0,10.97
714775,428,427.97,-69.61,-69.61,0,10.97
714780,430,430.13,-72.0,-72.0,0,10.97
714785,431,431.03,-73.88,-73.88,0,10.97
714790,434,433.87,-75.29,-75.29,0,10.97
714795,436,435.98,-76.29,-76.29,0,10.97
714800,441,441.13,-76.91,-76.91,0,10.97
714805,444,444.02,-77.22,-76.91,0,10.97
714810,445,444.87,-77.26,-76.91,0,10.97
714815,448,447.98,-77.08,-76.91,0,10.97
714820,451,451.13,-76.73,-76.73,0,10.97
714825,454,454.02,-76.27,-76.27,0,10.97
714830,455,454.86,-75.75,-75.75,0,10.97
714835,457,456.97,-75.2,-75.2,0,10.97
714840,456,456.14,-74.67,-74.67,0,10.97
714845,459,459.03,-74.2,-74.2,0,10.97
714850,458,457.85,-73.81,-73.81,0,10.97
714855,464,463.97,-73.56,-73.74,0,10.97
714860,458,458.15,-73.45,-73.74,0,10.97
714865,458,458.03,-73.5,-73.74,0,10.97
714870,456,455.85,-73.74,-73.74,0,10.97
714875,457,456.98,-74.18,-74.18,0,10.97
714880,455,455.16,-74.81,-74.81,0,10.97
714885,451,451.01,-75.65,-75.65,0,10.97
714890,456,455.84,-76.69,-76.69,0,10.97
714895,451,451.01,-77.91,-77.91,0,10.97
714900,447,447.16,-79.32,-79.32,0,10.97
714905,445,444.97,-80.88,-80.88,0,10.97
714910,442,441.84,-82.59,-82.59,0,10.97
714915,440,440.05,-84.42,-84.42,0,10.97
714920,437,437.15,-86.33,-86.33,0,10.97
714925,435,434.93,-88.3,-88.3,0,10.97
714930,431,430.85,-90.29,-90.29,0,10.97
714935,431,431.1,-92.26,-92.26,0,10.97
714940,430,430.15,-94.18,-94.18,0,10.97
714945,429,428.88,-96.01,-96.01,0,10.97
714950,428,427.84,-97.7,-97.7,0,10.97
714955,425,425.14,-99.2,-99.2,0,10.97
714960,424,424.16,-100.48,-100.48,0,10.97
714965,423,422.84,-101.47,-101.47,0,10.97
714970,421,420.84,-102.14,-101.67,0,10.97
714975,421,421.18,-102.43,-101.67,0,10.97
714980,420,420.16,-102.29,-101.67,0,10.97
714985,418,417.8,-101.67,-101.67,0,10.97
714990,417,416.83,-100.53,-100.53,0,10.97
714995,420,420.22,-98.82,-98.82,0,10.97
715000,416,416.17,-96.49,-96.49,0,10.97
715005,416,415.75,-93.51,-93.51,0,10.97
715010,414,413.82,-89.82,-89.82,0,10.97
715015,414,414.28,-85.41,-85.41,0,10.97
715020,414,414.19,-80.24,-80.24,0,10.97
715025,414,413.68,-74.28,-74.28,0,10.97
715030,415,414.8,-67.53,-67.53,0,10.97
715035,412,412.35,-59.97,-59.97,0,10.97
715040,414,414.21,-51.62,-51.62,0,10.97
715045,416,415.63,-42.48,-42.48,0,10.97
715050,419,418.78,-32.58,-32.58,0,10.97
715055,422,422.4,-21.96,-21.96,0,10.97
715060,432,432.23,-10.68,-10.68,0,10.97
715065,446,445.58,1.2,1.2,0,10.97
715070,460,459.77,13.6,13.6,0,10.97
715075,479,479.45,26.41,26.41,0,10.97
715080,503,503.24,39.54,39.54,0,10.97
715085,533,532.54,52.85,52.85,0,10.97
715090,559,558.75,66.23,66.23,0,10.97
715095,588,588.48,79.54,79.54,0,10.97
715100,617,617.25,92.63,92.63,0,10.97
715105,644,643.51,105.38,105.38,0,10.97
715110,666,665.74,117.65,117.65,0,10.97
715115,688,688.5,129.3,129.3,0,10.97
715120,704,704.27,140.21,140.21,0,10.97
715125,722,721.48,150.28,150.28,0,10.97
715130,735,734.72,159.41,159.41,0,10.97
715135,744,744.53,167.5,167.5,0,10.97
715140,749,749.28,174.5,174.5,0,10.97
715145,753,752.45,180.33,180.33,0,10.97
715150,754,753.71,184.97,184.97,0,10.97
715155,752,752.56,188.38,188.38,0,10.97
715160,748,748.29,190.56,189.77,0,10.97
715165,742,741.42,191.5,189.77,0,10.97
715170,735,734.7,191.23,189.77,0,10.97
715175,728,728.61,189.77,189.77,0,10.97
715180,721,721.31,187.16,187.16,0,10.97
715185,714,713.37,183.45,183.45,0,10.97
715190,703,702.68,178.7,178.7,0,10.97
715195,675,675.64,172.98,172.98,0,10.97
715200,681,681.33,166.34,166.34,0,10.97
715205,669,668.38,158.88,158.88,0,10.97
715210,658,657.66,150.67,150.67,0,10.97
715215,647,647.6,141.79,141.79,0,10.97
715220,636,636.35,132.33,132.33,0,10.97
715225,626,625.42,122.36,122.36,0,10.97
715230,611,610.64,111.99,111.99,0,10.97
715235,604,604.56,101.3,101.3,0,10.97
715240,593,593.39,90.36,90.36,0,10.97
715245,581,580.46,79.28,79.28,0,10.97
715250,571,570.59,68.12,68.12,0,10.97
715255,558,558.52,56.98,56.98,0,10.97
715260,547,547.43,45.94,45.94,0,10.97
715265,535,534.49,35.06,35.06,0,10.97
715270,522,521.54,24.42,24.42,0,10.97
715275,510,510.49,14.1,14.1,0,10.97
715280,495,495.49,4.15,4.15,0,10.97
715285,483,482.52,-5.37,-5.37,0,10.97
715290,472,471.49,-14.39,-14.39,0,10.97
715295,461,461.47,-22.88,-22.88,0,10.97
715300,452,452.54,-30.8,-30.8,0,10.97
715305,444,443.54,-38.11,-38.11,0,10.97
715310,435,434.43,-44.79,-44.79,0,10.97
715315,431,431.46,-50.82,-50.82,0,10.97
715320,426,426.6,-56.21,-56.21,0,10.97
715325,425,424.55,-60.95,-60.95,0,10.97
715330,422,421.37,-65.05,-65.05,0,10.97
715335,422,422.44,-68.53,-68.53,0,10.97
715340,421,421.67,-71.41,-71.41,0,10.97
715345,421,420.57,-73.72,-73.72,0,10.97
715350,426,425.29,-75.51,-75.51,0,10.97
715355,426,426.43,-76.81,-76.81,0,10.97
715360,429,429.74,-77.67,-77.67,0,10.97
715365,434,433.57,-78.14,-77.71,0,10.97
715370,460,459.24,-78.27,-77.71,0,10.97
715375,439,439.43,-78.11,-77.71,0,10.97
715380,446,446.75,-77.71,-77.71,0,10.97
715385,446,445.57,-77.12,-77.12,0,10.97
715390,448,447.27,-76.4,-76.4,0,10.97
715395,449,449.42,-75.58,-75.58,0,10.97
715400,451,451.71,-74.7,-74.7,0,10.97
715405,453,452.58,-73.83,-73.83,0,10.97
715410,455,454.31,-72.98,-72.98,0,10.97
715415,455,455.41,-72.19,-72.19,0,10.97
715420,455,455.68,-71.5,-71.5,0,10.97
715425,455,454.59,-70.93,-70.93,0,10.97
715430,457,456.34,-70.51,-70.51,0,10.97
715435,452,452.41,-70.25,-70.51,0,10.97
715440,448,448.64,-70.17,-70.51,0,10.97
715445,449,448.59,-70.27,-70.51,0,10.97
715450,446,445.39,-70.57,-70.57,0,10.97
715455,444,444.4,-71.06,-71.06,0,10.97
715460,443,443.59,-71.75,-71.75,0,10.97
715465,439,438.6,-72.63,-72.63,0,10.97
715470,437,436.43,-73.7,-73.7,0,10.97
715475,435,435.4,-74.95,-74.95,0,10.97
715480,431,431.55,-76.37,-76.37,0,10.97
715485,430,429.59,-77.95,-77.95,0,10.97
715490,430,429.47,-79.66,-79.66,0,10.97
715495,425,425.41,-81.51,-81.51,0,10.97
715500,428,428.51,-83.46,-83.46,0,10.97
715505,427,426.59,-85.49,-85.49,0,10.97
715510,423,422.51,-87.6,-87.6,0,10.97
715515,420,420.41,-89.74,-89.74,0,10.97
715520,420,420.48,-91.91,-91.91,0,10.97
715525,417,416.6,-94.07,-94.07,0,10.97
715530,417,416.53,-96.19,-96.19,0,10.97
715535,417,417.4,-98.26,-98.26,0,10.97
715540,415,415.46,-100.22,-100.22,0,10.97
715545,415,414.6,-102.07,-102.07,0,10.97
715550,415,414.56,-103.75,-103.75,0,10.97
715555,415,415.4,-105.25,-105.25,0,10.97
715560,414,414.43,-106.51,-106.51,0,10.97
715565,415,414.6,-107.51,-107.51,0,10.97
715570,413,412.57,-108.21,-108.07,0,10.97
715575,414,414.4,-108.56,-108.07,0,10.97
715580,417,417.42,-108.53,-108.07,0,10.97
715585,418,417.6,-108.07,-108.07,0,10.97
715590,415,414.58,-107.14,-107.14,0,10.97
715595,414,414.4,-105.71,-105.71,0,10.97
715600,415,415.43,-103.71,-103.71,0,10.97
715605,415,414.61,-101.12,-101.12,0,10.97
715610,414,413.57,-97.9,-97.9,0,10.97
715615,414,414.39,-93.99,-93.99,0,10.97
715620,415,415.44,-89.38,-89.38,0,10.97
715625,416,415.62,-84.02,-84.02,0,10.97
715630,416,415.55,-77.89,-77.89,0,10.97
715635,415,415.37,-70.96,-70.96,0,10.97
715640,414,414.46,-63.23,-63.23,0,10.97
715645,417,416.64,-54.68,-54.68,0,10.97
715650,418,417.54,-45.32,-45.32,0,10.97
715655,418,418.35,-35.15,-35.15,0,10.97
715660,422,422.47,-24.21,-24.21,0,10.97
715665,426,425.66,-12.53,-12.53,0,10.97
715670,435,434.53,-0.17,-0.17,0,10.97
715675,445,445.34,12.82,12.82,0,10.97
715680,462,462.48,26.35,26.35,0,10.97
715685,482,481.68,40.32,40.32,0,10.97
715690,506,505.52,54.63,54.63,0,10.97
715695,533,533.32,69.16,69.16,0,10.97
715700,562,562.5,83.76,83.76,0,10.97
715705,594,593.7,98.31,98.31,0,10.97
715710,625,624.5,112.66,112.66,0,10.97
715715,654,654.29,126.67,126.67,0,10.97
715720,681,681.51,140.18,140.18,0,10.97
715725,705,704.71,153.07,153.07,0,10.97
715730,727,726.48,165.2,165.2,0,10.97
715735,746,746.28,176.45,176.45,0,10.97
715740,759,759.53,186.71,186.71,0,10.97
715745,770,769.72,195.9,195.9,0,10.97
715750,777,776.46,203.92,203.92,0,10.97
715755,781,781.27,210.72,210.72,0,10.97
715760,785,785.55,216.25,216.25,0,10.97
715765,782,781.72,220.49,220.49,0,10.97
715770,778,777.42,223.4,223.4,0,10.97
715775,773,773.27,225.0,223.4,0,10.97
715780,767,767.6,225.3,223.4,0,10.97
715785,762,761.73,224.33,223.4,0,10.97
715790,751,750.38,222.11,222.11,0,10.97
715795,741,741.26,218.72,218.72,0,10.97
715800,729,729.65,214.19,214.19,0,10.97
715805,723,722.75,208.6,208.6,0,10.97
715810,708,707.33,202.02,202.02,0,10.97
715815,697,697.24,194.53,194.53,0,10.97
715820,683,683.7,186.21,186.21,0,10.97
715825,673,672.78,177.15,177.15,0,10.97
715830,663,662.28,167.44,167.44,0,10.97
715835,651,651.21,157.16,157.16,0,10.97
715840,639,639.74,146.41,146.41,0,10.97
715845,628,627.8,135.27,135.27,0,10.97
715850,617,616.23,123.83,123.83,0,10.97
715855,606,606.19,112.19,112.19,0,10.97
715860,595,595.79,100.42,100.42,0,10.97
715865,582,581.82,88.61,88.61,0,10.97
715870,571,570.18,76.85,76.85,0,10.97
715875,557,557.17,65.2,65.2,0,10.97
715880,546,546.85,53.74,53.74,0,10.97
715885,533,532.84,42.55,42.55,0,10.97
715890,520,519.12,31.69,31.69,0,10.97
715895,507,507.15,21.22,21.22,0,10.97
715900,495,495.92,11.19,11.19,0,10.97
715905,483,482.86,1.66,1.66,0,10.97
715910,493,492.06,-7.33,-7.33,0,10.97
715915,462,462.13,-15.75,-15.75,0,10.97
715920,453,453.94,-23.57,-23.57,0,10.97
715925,447,446.89,-30.76,-30.76,0,10.97
715930,441,440.08,-37.31,-37.31,0,10.97
715935,437,437.11,-43.21,-43.21,0,10.97
715940,432,432.91,-48.47,-48.47,0,10.97
715945,431,430.91,-53.09,-53.09,0,10.97
715950,431,430.11,-57.08,-57.08,0,10.97
715955,431,431.09,-60.49,-60.49,0,10.97
715960,422,422.87,-63.32,-63.32,0,10.97
715965,434,433.92,-65.62,-65.62,0,10.97
715970,437,436.16,-67.43,-67.43,0,10.97
715975,439,439.07,-68.78,-68.78,0,10.97
715980,440,440.8,-69.73,-69.73,0,10.97
715985,441,440.93,-70.32,-70.32,0,10.97
715990,447,446.24,-70.61,-70.32,0,10.97
715995,449,449.07,-70.63,-70.32,0,10.97
716000,450,450.72,-70.44,-70.32,0,10.97
716005,452,451.93,-70.08,-70.08,0,10.97
716010,454,453.32,-69.6,-69.6,0,10.97
716015,456,456.07,-69.04,-69.04,0,10.97
716020,457,457.65,-68.43,-68.43,0,10.97
716025,457,456.92,-67.82,-67.82,0,10.97
716030,458,457.39,-67.23,-67.23,0,10.97
716035,458,458.09,-66.68,-66.68,0,10.97
716040,453,453.57,-66.22,-66.22,0,10.97
716045,456,455.91,-65.84,-65.84,0,10.97
716050,455,454.47,-65.57,-65.57,0,10.97
716055,452,452.1,-65.42,-65.57,0,10.97
716060,448,448.49,-65.4,-65.57,0,10.97
716065,449,448.89,-65.5,-65.57,0,10.97
716070,444,443.56,-65.74,-65.74,0,10.97
716075,442,442.11,-66.11,-66.11,0,10.97
716080,442,442.4,-66.6,-66.6,0,10.97
716085,437,436.88,-67.22,-67.22,0,10.97
716090,433,432.64,-67.94,-67.94,0,10.97
716095,433,433.12,-68.77,-68.77,0,10.97
716100,430,430.33,-69.69,-69.69,0,10.97
716105,426,425.87,-70.69,-70.69,0,10.97
716110,425,424.7,-71.77,-71.77,0,10.97
716115,424,424.14,-72.9,-72.9,0,10.97
716120,421,421.27,-74.08,-74.08,0,10.97
716125,419,418.85,-75.29,-75.29,0,10.97
716130,417,416.75,-76.53,-76.53,0,10.97
716135,404,404.16,-77.79,-77.79,0,10.97
716140,417,417.22,-79.06,-79.06,0,10.97
716145,417,416.85,-80.32,-80.32,0,10.97
716150,414,413.8,-81.59,-81.59,0,10.97
716155,415,415.13,-82.84,-82.84,0,10.97
716160,412,412.18,-84.08,-84.08,0,10.97
716165,411,410.89,-85.3,-85.3,0,10.97
716170,410,409.84,-86.5,-86.5,0,10.97
716175,411,411.09,-87.68,-87.68,0,10.97
716180,409,409.14,-88.83,-88.83,0,10.97
716185,407,406.93,-89.95,-89.95,0,10.97
716190,410,409.88,-91.05,-91.05,0,10.97
716195,412,412.07,-92.1,-92.1,0,10.97
716200,412,412.1,-93.13,-93.13,0,10.97
716205,412,411.94,-94.12,-94.12,0,10.97
716210,411,410.91,-95.07,-95.07,0,10.97
716215,412,412.06,-95.97,-95.97,0,10.97
716220,414,414.08,-96.83,-96.83,0,10.97
716225,412,411.95,-97.63,-97.63,0,10.97
716230,413,412.93,-98.37,-98.37,0,10.97
716235,416,416.05,-99.04,-99.04,0,10.97
716240,418,418.06,-99.61,-99.61,0,10.97
716245,417,416.95,-100.09,-100.09,0,10.97
716250,418,417.94,-100.46,-100.46,0,10.97
716255,420,420.06,-100.69,-100.46,0,10.97
716260,420,420.06,-100.76,-100.46,0,10.97
716265,422,421.94,-100.66,-100.46,0,10.97
716270,424,423.95,-100.35,-100.35,0,10.97
716275,424,424.06,-99.81,-99.81,0,10.97
716280,425,425.05,-98.99,-98.99,0,10.97
716285,425,424.93,-97.88,-97.88,0,10.97
716290,427,426.95,-96.43,-96.43,0,10.97
716295,428,428.08,-94.61,-94.61,0,10.97
716300,428,428.04,-92.37,-92.37,0,10.97
716305,430,429.92,-89.67,-89.67,0,10.97
716310,429,428.96,-86.47,-86.47,0,10.97
716315,428,428.09,-82.74,-82.74,0,10.97
716320,429,429.03,-78.42,-78.42,0,10.97
716325,429,428.91,-73.49,-73.49,0,10.97
716330,427,426.97,-67.9,-67.9,0,10.97
716335,428,428.09,-61.62,-61.62,0,10.97
716340,436,436.03,-54.63,-54.63,0,10.97
716345,427,426.91,-46.9,-46.9,0,10.97
716350,427,426.95,-38.42,-38.42,0,10.97
716355,425,425.1,-29.18,-29.18,0,10.97
716360,428,428.07,-19.2,-19.2,0,10.97
716365,428,427.91,-8.48,-8.48,0,10.97
716370,441,440.91,2.94,2.94,0,10.97
716375,441,441.1,15.02,15.02,0,10.97
716380,449,449.1,27.7,27.7,0,10.97
716385,465,464.9,40.91,40.91,0,10.97
716390,484,483.91,54.55,54.55,0,10.97
716395,506,506.11,68.52,68.52,0,10.97
716400,534,534.1,82.71,82.71,0,10.97
716405,563,562.89,96.97,96.97,0,10.97
716410,596,595.91,111.18,111.18,0,10.97
716415,625,625.11,125.19,125.19,0,10.97
716420,657,657.09,138.85,138.85,0,10.97
716425,685,684.89,152.01,152.01,0,10.97
716430,712,711.91,164.53,164.53,0,10.97
716435,735,735.11,176.28,176.28,0,10.97
716440,755,755.08,187.13,187.13,0,10.97
716445,769,768.88,196.96,196.96,0,10.97
716450,781,780.92,205.69,205.69,0,10.97
716455,789,789.12,213.23,213.23,0,10.97
716460,816,816.09,219.5,219.5,0,10.97
716465,800,799.87,224.48,224.48,0,10.97
716470,793,792.86,228.12,228.12,0,10.97
716475,790,790.12,230.42,229.4,0,10.97
716480,760,760.19,231.39,229.4,0,10.97
716485,774,773.88,231.03,229.4,0,10.97
716490,765,764.79,229.4,229.4,0,10.97
716495,753,753.11,226.53,226.53,0,10.97
716500,742,742.21,222.48,222.48,0,10.97
716505,730,729.89,217.31,217.31,0,10.97
716510,719,718.79,211.1,211.1,0,10.97
716515,704,704.1,203.92,203.92,0,10.97
716520,692,692.2,195.87,195.87,0,10.97
716525,683,682.91,187.03,187.03,0,10.97
716530,667,666.8,177.5,177.5,0,10.97
716535,654,654.08,167.36,167.36,0,10.97
716540,640,640.2,156.72,156.72,0,10.97
716545,630,629.94,145.66,145.66,0,10.97
716550,620,619.81,134.28,134.28,0,10.97
716555,609,609.05,122.66,122.66,0,10.97
716560,598,598.18,110.9,110.9,0,10.97
716565,587,586.97,99.09,99.09,0,10.97
716570,573,572.82,87.29,87.29,0,10.97
716575,564,564.02,75.6,75.6,0,10.97
716580,553,553.17,64.08,64.08,0,10.97
716585,541,541.0,52.81,52.81,0,10.97
716590,530,529.83,41.86,41.86,0,10.97
716595,516,515.98,31.28,31.28,0,10.97
716600,507,507.18,21.13,21.13,0,10.97
716605,493,493.03,11.47,11.47,0,10.97
716610,482,481.82,2.33,2.33,0,10.97
716615,473,472.95,-6.24,-6.24,0,10.97
716620,465,465.19,-14.21,-14.21,0,10.97
716625,456,456.07,-21.56,-21.56,0,10.97
716630,449,448.8,-28.28,-28.28,0,10.97
716635,454,453.92,-34.34,-34.34,0,10.97
716640,438,438.21,-39.77,-39.77,0,10.97
716645,438,438.07,-44.55,-44.55,0,10.97
716650,434,433.78,-48.7,-48.7,0,10.97
716655,434,433.94,-52.25,-52.25,0,10.97
716660,434,434.23,-55.21,-55.21,0,10.97
716665,436,436.06,-57.62,-57.62,0,10.97
716670,436,435.76,-59.51,-59.51,0,10.97
716675,440,439.95,-60.93,-60.93,0,10.97
716680,444,444.26,-61.91,-61.91,0,10.97
716685,446,446.05,-62.51,-62.48,0,10.97
716690,445,444.72,-62.78,-62.48,0,10.97
716695,454,453.96,-62.75,-62.48,0,10.97
716700,453,453.3,-62.48,-62.48,0,10.97
716705,455,455.03,-62.01,-62.01,0,10.97
716710,457,456.67,-61.4,-61.4,0,10.97
716715,461,460.98,-60.68,-60.68,0,10.97
716720,463,463.37,-59.9,-59.9,0,10.97
716725,463,463.0,-59.1,-59.1,0,10.97
716730,464,463.6,-58.3,-58.3,0,10.97
716735,463,463.01,-57.55,-57.55,0,10.97
716740,463,463.44,-56.86,-56.86,0,10.97
716745,462,461.97,-56.26,-56.26,0,10.97
716750,464,463.52,-55.78,-55.78,0,10.97
716755,459,459.05,-55.41,-55.41,0,10.97
716760,458,458.51,-55.19,-55.41,0,10.97
716765,456,455.94,-55.11,-55.41,0,10.97
716770,477,476.47,-55.19,-55.41,0,10.97
716775,451,451.07,-55.42,-55.42,0,10.97
716780,450,450.51,-55.79,-55.79,0,10.97
716785,447,446.91,-56.31,-56.31,0,10.97
716790,445,444.51,-56.97,-56.97,0,10.97
716795,442,442.1,-57.75,-57.75,0,10.97
716800,440,440.46,-58.66,-58.66,0,10.97
716805,438,437.89,-59.66,-59.66,0,10.97
716810,436,435.56,-60.76,-60.76,0,10.97
716815,432,432.12,-61.94,-61.94,0,10.97
716820,430,430.41,-63.19,-63.19,0,10.97
716825,431,430.87,-64.5,-64.5,0,10.97
716830,427,426.61,-65.85,-65.85,0,10.97
716835,427,427.14,-67.24,-67.24,0,10.97
716840,425,425.36,-68.65,-68.65,0,10.97
716845,423,422.85,-70.07,-70.07,0,10.97
716850,423,422.66,-71.5,-71.5,0,10.97
716855,421,421.15,-72.93,-72.93,0,10.97
716860,419,419.32,-74.34,-74.34,0,10.97
716865,419,418.84,-75.74,-75.74,0,10.97
716870,418,417.71,-77.12,-77.12,0,10.97
716875,417,417.17,-78.46,-78.46,0,10.97
716880,415,415.27,-79.78,-79.78,0,10.97
716885,415,414.82,-81.06,-81.06,0,10.97
716890,415,414.76,-82.3,-82.3,0,10.97
716895,415,415.2,-83.51,-83.51,0,10.97
716900,417,417.22,-84.67,-84.67,0,10.97
716905,417,416.79,-85.79,-85.79,0,10.97
716910,413,412.8,-86.87,-86.87,0,10.97
716915,418,418.22,-87.9,-87.9,0,10.97
716920,415,415.18,-88.89,-88.89,0,10.97
716925,417,416.77,-89.82,-89.82,0,10.97
716930,416,415.83,-90.7,-90.7,0,10.97
716935,417,417.24,-91.52,-91.52,0,10.97
716940,419,419.16,-92.28,-92.28,0,10.97
716945,415,414.74,-92.96,-92.96,0,10.97
716950,419,418.85,-93.56,-93.56,0,10.97
716955,421,421.28,-94.07,-94.07,0,10.97
716960,424,424.14,-94.48,-94.48,0,10.97
716965,423,422.69,-94.77,-94.75,0,10.97
716970,424,423.86,-94.92,-94.75,0,10.97
716975,425,425.34,-94.93,-94.75,0,10.97
716980,428,428.14,-94.75,-94.75,0,10.97
716985,443,442.65,-94.38,-94.38,0,10.97
716990,427,426.85,-93.79,-93.79,0,10.97
716995,427,427.35,-92.93,-92.93,0,10.97
717000,429,429.16,-91.79,-91.79,0,10.97
717005,429,428.67,-90.33,-90.33,0,10.97
717010,432,431.84,-88.51,-88.51,0,10.97
717015,431,431.32,-86.28,-86.28,0,10.97
717020,429,429.17,-83.63,-83.63,0,10.97
717025,435,434.7,-80.5,-80.5,0,10.97
717030,431,430.83,-76.86,-76.86,0,10.97
717035,430,430.28,-72.68,-72.68,0,10.97
717040,432,432.17,-67.91,-67.91,0,10.97
717045,431,430.75,-62.54,-62.54,0,10.97
717050,432,431.83,-56.52,-56.52,0,10.97
717055,431,431.23,-49.85,-49.85,0,10.97
717060,432,432.17,-42.5,-42.5,0,10.97
717065,432,431.8,-34.46,-34.46,0,10.97
717070,432,431.83,-25.75,-25.75,0,10.97
717075,433,433.18,-16.36,-16.36,0,10.97
717080,439,439.18,-6.32,-6.32,0,10.97
717085,435,434.85,4.33,4.33,0,10.97
717090,448,447.81,15.56,15.56,0,10.97
717095,457,457.14,27.29,27.29,0,10.97
717100,472,472.21,39.45,39.45,0,10.97
717105,495,494.88,51.95,51.95,0,10.97
717110,510,509.78,64.7,64.7,0,10.97
717115,537,537.1,77.56,77.56,0,10.97
717120,567,567.24,90.43,90.43,0,10.97
717125,590,589.92,103.17,103.17,0,10.97
717130,624,623.74,115.65,115.65,0,10.97
717135,652,652.06,127.72,127.72,0,10.97
717140,675,675.28,139.25,139.25,0,10.97
717145,700,699.95,150.12,150.12,0,10.97
717150,721,720.69,160.21,160.21,0,10.97
717155,735,735.03,169.39,169.39,0,10.97
717160,749,749.32,177.57,177.57,0,10.97
717165,760,759.98,184.68,184.68,0,10.97
717170,763,762.66,190.64,190.64,0,10.97
717175,767,766.99,195.39,195.39,0,10.97
717180,768,768.36,198.91,198.91,0,10.97
717185,763,763.02,201.17,200.46,0,10.97
717190,759,758.61,202.17,200.46,0,10.97
717195,750,749.96,201.93,200.46,0,10.97
717200,743,743.41,200.46,200.46,0,10.97
717205,732,732.06,197.82,197.82,0,10.97
717210,723,722.56,194.05,194.05,0,10.97
717215,706,705.91,189.21,189.21,0,10.97
717220,696,696.46,183.38,183.38,0,10.97
717225,681,681.11,176.63,176.63,0,10.97
717230,669,668.51,169.05,169.05,0,10.97
717235,657,656.86,160.72,160.72,0,10.97
717240,643,643.52,151.73,151.73,0,10.97
717245,631,631.16,142.18,142.18,0,10.97
717250,642,641.47,132.17,132.17,0,10.97
717255,605,604.81,121.77,121.77,0,10.97
717260,597,597.51,111.09,111.09,0,10.97
717265,586,586.22,100.23,100.23,0,10.97
717270,574,573.52,89.26,89.26,0,10.97
717275,564,563.75,78.27,78.27,0,10.97
717280,554,554.46,67.36,67.36,0,10.97
717285,543,543.28,56.59,56.59,0,10.97
717290,533,532.57,46.04,46.04,0,10.97
717295,526,525.68,35.78,35.78,0,10.97
717300,512,512.41,25.88,25.88,0,10.97
717305,499,499.34,16.39,16.39,0,10.97
717310,490,489.61,7.38,7.38,0,10.97
717315,479,478.63,-1.12,-1.12,0,10.97
717320,470,470.37,-9.06,-9.06,0,10.97
717325,462,462.39,-16.41,-16.41,0,10.97
717330,454,453.65,-23.15,-23.15,0,10.97
717335,448,447.59,-29.25,-29.25,0,10.97
717340,444,444.33,-34.71,-34.71,0,10.97
717345,441,441.45,-39.52,-39.52,0,10.97
717350,439,438.69,-43.7,-43.7,0,10.97
717355,436,435.52,-47.25,-47.25,0,10.97
717360,439,439.3,-50.19,-50.19,0,10.97
717365,438,438.51,-52.56,-52.56,0,10.97
717370,441,440.72,-54.38,-54.38,0,10.97
717375,443,442.45,-55.7,-55.7,0,10.97
717380,446,446.27,-56.55,-56.55,0,10.97
717385,449,449.58,-56.98,-56.55,0,10.97
717390,452,451.74,-57.04,-56.55,0,10.97
717395,456,455.38,-56.77,-56.55,0,10.97
717400,460,460.25,-56.24,-56.24,0,10.97
717405,440,440.65,-55.48,-55.48,0,10.97
717410,467,466.76,-54.55,-54.55,0,10.97
717415,470,469.36,-53.5,-53.5,0,10.97
717420,470,470.23,-52.37,-52.37,0,10.97
717425,475,475.62,-51.22,-51.22,0,10.97
717430,477,476.78,-50.08,-50.08,0,10.97
717435,478,477.4,-48.99,-48.99,0,10.97
717440,477,477.2,-47.99,-47.99,0,10.97
717445,477,477.59,-47.11,-47.11,0,10.97
717450,477,476.81,-46.37,-46.37,0,10.97
717455,481,480.43,-45.79,-45.79,0,10.97
717460,474,474.17,-45.4,-45.4,0,10.97
717465,471,471.54,-45.2,-45.4,0,10.97
717470,469,468.85,-45.19,-45.4,0,10.97
717475,467,466.49,-45.39,-45.4,0,10.97
717480,463,463.14,-45.79,-45.79,0,10.97
717485,461,461.47,-46.4,-46.4,0,10.97
717490,460,459.88,-47.2,-47.2,0,10.97
717495,455,454.56,-48.19,-48.19,0,10.97
717500,454,454.1,-49.36,-49.36,0,10.97
717505,453,453.42,-50.7,-50.7,0,10.97
717510,447,446.92,-52.19,-52.19,0,10.97
717515,447,446.6,-53.83,-53.83,0,10.97
717520,447,447.07,-55.6,-55.6,0,10.97
717525,443,443.38,-57.49,-57.49,0,10.97
717530,440,439.94,-59.47,-59.47,0,10.97
717535,437,436.64,-61.53,-61.53,0,10.97
717540,437,437.05,-63.66,-63.66,0,10.97
717545,434,434.35,-65.84,-65.84,0,10.97
717550,437,436.96,-68.05,-68.05,0,10.97
717555,433,432.67,-70.27,-70.27,0,10.97
717560,433,433.03,-72.48,-72.48,0,10.97
717565,429,429.32,-74.67,-74.67,0,10.97
717570,430,429.98,-76.82,-76.82,0,10.97
717575,430,429.7,-78.91,-78.91,0,10.97
717580,428,428.01,-80.91,-80.91,0,10.97
717585,430,430.28,-82.81,-82.81,0,10.97
717590,430,430.0,-84.59,-84.59,0,10.97
717595,429,428.74,-86.22,-86.22,0,10.97
717600,431,430.99,-87.67,-87.67,0,10.97
717605,430,430.25,-88.93,-88.93,0,10.97
717610,427,427.03,-89.97,-89.97,0,10.97
717615,430,429.76,-90.75,-90.75,0,10.97
717620,430,429.97,-91.25,-90.76,0,10.97
717625,430,430.22,-91.44,-90.76,0,10.97
717630,427,427.03,-91.29,-90.76,0,10.97
717635,430,429.79,-90.76,-90.76,0,10.97
717640,430,429.97,-89.82,-89.82,0,10.97
717645,429,429.2,-88.44,-88.44,0,10.97
717650,429,429.02,-86.58,-86.58,0,10.97
717655,428,427.81,-84.21,-84.21,0,10.97
717660,432,431.98,-81.3,-81.3,0,10.97
717665,429,429.18,-77.82,-77.82,0,10.97
717670,434,434.01,-73.74,-73.74,0,10.97
717675,428,427.83,-69.03,-69.03,0,10.97
717680,429,429.0,-63.68,-63.68,0,10.97
717685,428,428.16,-57.67,-57.67,0,10.97
717690,428,428.0,-50.99,-50.99,0,10.97
717695,429,428.84,-43.64,-43.64,0,10.97
717700,430,430.0,-35.61,-35.61,0,10.97
717705,430,430.15,-26.93,-26.93,0,10.97
717710,433,433.0,-17.62,-17.62,0,10.97
717715,435,434.86,-7.72,-7.72,0,10.97
717720,445,445.01,2.72,2.72,0,10.97
717725,454,454.14,13.65,13.65,0,10.97
717730,467,466.99,24.99,24.99,0,10.97
717735,487,486.86,36.65,36.65,0,10.97
717740,503,503.02,48.53,48.53,0,10.97
717745,529,529.14,60.52,60.52,0,10.97
717750,553,552.97,72.51,72.51,0,10.97
717755,580,579.87,84.37,84.37,0,10.97
717760,605,605.03,95.97,95.97,0,10.97
717765,629,629.12,107.18,107.18,0,10.97
717770,655,654.97,117.87,117.87,0,10.97
717775,678,677.89,127.93,127.93,0,10.97
717780,695,695.03,137.24,137.24,0,10.97
717785,713,713.1,145.68,145.68,0,10.97
717790,724,723.96,153.18,153.18,0,10.97
717795,734,733.91,159.64,159.64,0,10.97
717800,739,739.03,165.0,165.0,0,10.97
717805,741,741.07,169.22,169.22,0,10.97
717810,742,741.96,172.26,172.26,0,10.97
717815,737,736.94,174.1,172.5,0,10.97
717820,734,734.03,174.74,172.5,0,10.97
717825,725,725.05,174.2,172.5,0,10.97
717830,719,718.96,172.5,172.5,0,10.97
717835,709,708.96,169.68,169.68,0,10.97
717840,696,696.03,165.78,165.78,0,10.97
717845,685,685.02,160.89,160.89,0,10.97
717850,673,672.97,155.05,155.05,0,10.97
717855,659,658.99,148.35,148.35,0,10.97
717860,647,647.02,140.88,140.88,0,10.97
717865,638,637.99,132.71,132.71,0,10.97
717870,621,620.98,123.94,123.94,0,10.97
717875,609,609.01,114.67,114.67,0,10.97
717880,599,599.02,104.98,104.98,0,10.97
717885,587,586.99,94.97,94.97,0,10.97
717890,577,576.99,84.73,84.73,0,10.97
717895,565,565.02,74.35,74.35,0,10.97
717900,552,552.01,63.91,63.91,0,10.97
717905,545,544.98,53.51,53.51,0,10.97
717910,533,533.0,43.22,43.22,0,10.97
717915,523,523.01,33.12,33.12,0,10.97
717920,513,512.99,23.28,23.28,0,10.97
717925,503,502.99,13.77,13.77,0,10.97
717930,492,492.02,4.66,4.66,0,10.97
717935,484,484.01,-4.02,-4.02,0,10.97
717940,472,471.97,-12.2,-12.2,0,10.97
717945,464,463.99,-19.83,-19.83,0,10.97
717950,455,455.04,-26.9,-26.9,0,10.97
717955,447,447.01,-33.36,-33.36,0,10.97
717960,442,441.96,-39.19,-39.19,0,10.97
717965,439,438.99,-44.4,-44.4,0,10.97
717970,432,432.05,-48.96,-48.96,0,10.97
717975,431,431.0,-52.88,-52.88,0,10.97
717980,428,427.94,-56.18,-56.18,0,10.97
717985,430,430.01,-58.86,-58.86,0,10.97
717990,430,430.07,-60.97,-60.97,0,10.97
717995,433,432.98,-62.53,-62.53,0,10.97
718000,434,433.92,-63.58,-63.58,0,10.97
718005,439,439.03,-64.15,-63.58,0,10.97
718010,442,442.09,-64.31,-63.58,0,10.97
718015,447,446.97,-64.09,-63.58,0,10.97
718020,452,451.9,-63.56,-63.56,0,10.97
718025,454,454.04,-62.75,-62.75,0,10.97
718030,460,460.11,-61.74,-61.74,0,10.97
718035,463,462.95,-60.56,-60.56,0,10.97
718040,467,466.88,-59.27,-59.27,0,10.97
718045,471,471.05,-57.93,-57.93,0,10.97
718050,472,472.13,-56.57,-56.57,0,10.97
718055,474,473.94,-55.24,-55.24,0,10.97
718060,476,475.86,-53.99,-53.99,0,10.97
718065,477,477.07,-52.84,-52.84,0,10.97
718070,474,474.15,-51.82,-51.82,0,10.97
718075,477,476.92,-50.98,-50.98,0,10.97
718080,477,476.85,-50.31,-50.31,0,10.97
718085,474,474.09,-49.86,-49.86,0,10.97
718090,474,474.15,-49.62,-49.86,0,10.97
718095,472,471.9,-49.6,-49.86,0,10.97
718100,470,469.85,-49.82,-49.86,0,10.97
718105,466,466.11,-50.28,-50.28,0,10.97
718110,464,464.15,-50.96,-50.96,0,10.97
718115,462,461.89,-51.87,-51.87,0,10.97
718120,461,460.85,-52.99,-52.99,0,10.97
718125,456,456.12,-54.32,-54.32,0,10.97
718130,453,453.15,-55.84,-55.84,0,10.97
718135,449,448.87,-57.53,-57.53,0,10.97
718140,448,447.86,-59.39,-59.39,0,10.97
718145,442,442.13,-61.38,-61.38,0,10.97
718150,443,443.14,-63.5,-63.5,0,10.97
718155,442,441.87,-65.72,-65.72,0,10.97
718160,440,439.87,-68.02,-68.02,0,10.97
718165,437,437.13,-70.37,-70.37,0,10.97
718170,436,436.12,-72.77,-72.77,0,10.97
718175,435,434.87,-75.17,-75.17,0,10.97
718180,434,433.89,-77.57,-77.57,0,10.97
718185,433,433.13,-79.93,-79.93,0,10.97
718190,435,435.11,-82.23,-82.23,0,10.97
718195,430,429.88,-84.45,-84.45,0,10.97
718200,431,430.89,-86.55,-86.55,0,10.97
718205,428,428.12,-88.51,-88.51,0,10.97
718210,429,429.11,-90.31,-90.31,0,10.97
718215,429,428.88,-91.9,-91.9,0,10.97
718220,428,427.89,-93.27,-93.27,0,10.97
718225,428,428.12,-94.37,-94.37,0,10.97
718230,428,428.11,-95.18,-95.18,0,10.97
718235,429,428.89,-95.67,-95.18,0,10.97
718240,431,430.9,-95.8,-95.18,0,10.97
718245,432,432.11,-95.53,-95.18,0,10.97
718250,431,431.1,-94.84,-94.84,0,10.97
718255,431,430.89,-93.68,-93.68,0,10.97
718260,433,432.9,-92.03,-92.03,0,10.97
718265,432,432.11,-89.84,-89.84,0,10.97
718270,431,431.09,-87.08,-87.08,0,10.97
718275,431,430.88,-83.72,-83.72,0,10.97
718280,432,431.92,-79.73,-79.73,0,10.97
718285,432,432.12,-75.09,-75.09,0,10.97
718290,432,432.07,-69.76,-69.76,0,10.97
718295,433,432.87,-63.73,-63.73,0,10.97
718300,431,430.94,-56.98,-56.98,0,10.97
718305,427,427.13,-49.52,-49.52,0,10.97
718310,432,432.06,-41.33,-41.33,0,10.97
718315,434,433.88,-32.44,-32.44,0,10.97
718320,434,433.95,-22.86,-22.86,0,10.97
718325,440,440.11,-12.63,-12.63,0,10.97
718330,444,444.05,-1.79,-1.79,0,10.97
718335,454,453.9,9.6,9.6,0,10.97
718340,464,463.96,21.47,21.47,0,10.97
718345,483,483.1,33.73,33.73,0,10.97
718350,503,503.04,46.28,46.28,0,10.97
718355,527,526.92,59.02,59.02,0,10.97
718360,553,552.96,71.82,71.82,0,10.97
718365,581,581.08,84.55,84.55,0,10.97
718370,608,608.04,97.09,97.09,0,10.97
718375,637,636.93,109.29,109.29,0,10.97
718380,662,661.95,121.03,121.03,0,10.97
718385,686,686.06,132.17,132.17,0,10.97
718390,707,707.04,142.58,142.58,0,10.97
718395,724,723.94,152.16,152.16,0,10.97
718400,737,736.95,160.81,160.81,0,10.97
718405,748,748.04,168.42,168.42,0,10.97
718410,754,754.04,174.94,174.94,0,10.97
718415,762,761.96,180.29,180.29,0,10.97
718420,763,762.95,184.44,184.44,0,10.97
718425,764,764.02,187.36,187.36,0,10.97
718430,757,757.04,189.03,187.36,0,10.97
718435,753,752.98,189.47,187.36,0,10.97
718440,744,743.96,188.69,187.36,0,10.97
718445,734,734.01,186.72,186.72,0,10.97
718450,726,726.03,183.62,183.62,0,10.97
718455,712,712.0,179.43,179.43,0,10.97
718460,699,698.97,174.22,174.22,0,10.97
718465,686,685.99,168.06,168.06,0,10.97
718470,676,676.04,161.04,161.04,0,10.97
718475,663,663.02,153.24,153.24,0,10.97
718480,651,650.96,144.75,144.75,0,10.97
718485,640,639.96,135.65,135.65,0,10.97
718490,626,626.05,126.05,126.05,0,10.97
718495,614,614.05,116.02,116.02,0,10.97
718500,604,603.95,105.67,105.67,0,10.97
718505,591,590.94,95.08,95.08,0,10.97
718510,583,583.05,84.35,84.35,0,10.97
718515,570,570.07,73.55,73.55,0,10.97
718520,563,562.94,62.77,62.77,0,10.97
718525,551,550.92,52.09,52.09,0,10.97
718530,540,540.06,41.59,41.59,0,10.97
718535,534,534.09,31.32,31.32,0,10.97
718540,519,518.94,21.37,21.37,0,10.97
718545,511,510.89,11.78,11.78,0,10.97
718550,500,500.06,2.63,2.63,0,10.97
718555,488,488.12,-6.06,-6.06,0,10.97
718560,481,480.94,-14.22,-14.22,0,10.97
718565,469,468.86,-21.82,-21.82,0,10.97
718570,462,462.06,-28.84,-28.84,0,10.97
718575,454,454.15,-35.24,-35.24,0,10.97
718580,449,448.94,-41.02,-41.02,0,10.97
718585,443,442.83,-46.17,-46.17,0,10.97
718590,442,442.07,-50.68,-50.68,0,10.97
718595,438,438.19,-54.57,-54.57,0,10.97
718600,441,440.94,-57.84,-57.84,0,10.97
718605,439,438.8,-60.53,-60.53,0,10.97
718610,439,439.06,-62.66,-62.66,0,10.97
718615,443,443.22,-64.27,-64.27,0,10.97
718620,445,444.95,-65.39,-65.39,0,10.97
718625,445,444.76,-66.06,-65.9,0,10.97
718630,451,451.05,-66.34,-65.9,0,10.97
718635,454,454.27,-66.27,-65.9,0,10.97
718640,458,457.96,-65.9,-65.9,0,10.97
718645,463,462.71,-65.28,-65.28,0,10.97
718650,465,465.03,-64.47,-64.47,0,10.97
718655,466,466.31,-63.51,-63.51,0,10.97
718660,471,470.97,-62.45,-62.45,0,10.97
718665,472,471.66,-61.34,-61.34,0,10.97
718670,475,475.02,-60.22,-60.22,0,10.97
718675,478,478.36,-59.14,-59.14,0,10.97
718680,478,477.99,-58.12,-58.12,0,10.97
718685,480,479.62,-57.2,-57.2,0,10.97
718690,478,478.0,-56.41,-56.41,0,10.97
718695,477,477.41,-55.78,-55.78,0,10.97
718700,474,474.01,-55.32,-55.32,0,10.97
718705,475,474.57,-55.04,-55.32,0,10.97
718710,473,472.99,-54.97,-55.32,0,10.97
718715,470,470.46,-55.1,-55.32,0,10.97
718720,468,468.01,-55.44,-55.44,0,10.97
718725,466,465.52,-55.99,-55.99,0,10.97
718730,465,464.99,-56.75,-56.75,0,10.97
718735,461,461.51,-57.72,-57.72,0,10.97
718740,461,461.01,-58.88,-58.88,0,10.97
718745,457,456.47,-60.23,-60.23,0,10.97
718750,453,452.98,-61.75,-61.75,0,10.97
718755,452,452.56,-63.43,-63.43,0,10.97
718760,449,449.02,-65.26,-65.26,0,10.97
718765,449,448.42,-67.21,-67.21,0,10.97
718770,446,445.97,-69.28,-69.28,0,10.97
718775,444,444.61,-71.43,-71.43,0,10.97
718780,442,442.03,-73.65,-73.65,0,10.97
718785,465,464.38,-75.93,-75.93,0,10.97
718790,440,439.97,-78.22,-78.22,0,10.97
718795,438,438.6,-80.52,-80.52,0,10.97
718800,439,439.04,-82.79,-82.79,0,10.97
718805,438,437.44,-85.0,-85.0,0,10.97
718810,438,437.96,-87.13,-87.13,0,10.97
718815,437,437.52,-89.14,-89.14,0,10.97
718820,436,436.04,-91.0,-91.0,0,10.97
718825,435,434.51,-92.68,-92.68,0,10.97
718830,434,433.95,-94.14,-94.14,0,10.97
718835,436,436.46,-95.35,-95.35,0,10.97
718840,435,435.05,-96.27,-96.27,0,10.97
718845,435,434.57,-96.87,-96.32,0,10.97
718850,434,433.94,-97.1,-96.32,0,10.97
718855,434,434.4,-96.93,-96.32,0,10.97
718860,434,434.07,-96.32,-96.32,0,10.97
718865,435,434.63,-95.22,-95.22,0,10.97
718870,434,433.92,-93.61,-93.61,0,10.97
718875,435,435.35,-91.43,-91.43,0,10.97
718880,435,435.09,-88.66,-88.66,0,10.97
718885,434,433.68,-85.26,-85.26,0,10.97
718890,434,433.9,-81.21,-81.21,0,10.97
718895,436,436.3,-76.46,-76.46,0,10.97
718900,434,434.11,-70.99,-70.99,0,10.97
718905,434,433.72,-64.79,-64.79,0,10.97
718910,438,437.88,-57.85,-57.85,0,10.97
718915,435,435.26,-50.16,-50.16,0,10.97
718920,434,434.12,-41.71,-41.71,0,10.97
718925,436,435.75,-32.53,-32.53,0,10.97
718930,440,439.88,-22.64,-22.64,0,10.97
718935,444,444.24,-12.07,-12.07,0,10.97
718940,447,447.12,-0.87,-0.87,0,10.97
718945,460,459.78,10.89,10.89,0,10.97
718950,475,474.9,23.14,23.14,0,10.97
718955,491,491.22,35.8,35.8,0,10.97
718960,513,513.09,48.75,48.75,0,10.97
718965,538,537.8,61.89,61.89,0,10.97
718970,565,564.93,75.09,75.09,0,10.97
718975,595,595.19,88.21,88.21,0,10.97
718980,623,623.06,101.12,101.12,0,10.97
718985,650,649.81,113.69,113.69,0,10.97
718990,676,675.95,125.78,125.78,0,10.97
718995,698,698.18,137.26,137.26,0,10.97
719000,720,720.03,148.0,148.0,0,10.97
719005,737,736.82,157.88,157.88,0,10.97
719010,751,750.97,166.82,166.82,0,10.97
719015,762,762.16,174.71,174.71,0,10.97
719020,769,769.01,181.49,181.49,0,10.97
719025,771,770.84,187.09,187.09,0,10.97
719030,772,771.99,191.48,191.48,0,10.97
719035,770,770.16,194.63,194.63,0,10.97
719040,766,765.99,196.53,194.83,0,10.97
719045,759,758.84,197.18,194.83,0,10.97
719050,754,754.01,196.6,194.83,0,10.97
719055,746,746.16,194.83,194.83,0,10.97
719060,732,731.97,191.9,191.9,0,10.97
719065,723,722.84,187.88,187.88,0,10.97
719070,711,711.04,182.81,182.81,0,10.97
719075,699,699.17,176.78,176.78,0,10.97
719080,692,691.94,169.86,169.86,0,10.97
719085,679,678.83,162.12,162.12,0,10.97
719090,664,664.06,153.66,153.66,0,10.97
719095,654,654.18,144.57,144.57,0,10.97
719100,642,641.93,134.92,134.92,0,10.97
719105,631,630.82,124.82,124.82,0,10.97
719110,620,620.07,114.34,114.34,0,10.97
719115,608,608.18,103.59,103.59,0,10.97
719120,599,598.92,92.65,92.65,0,10.97
719125,588,587.82,81.6,81.6,0,10.97
719130,577,577.08,70.52,70.52,0,10.97
719135,565,565.17,59.51,59.51,0,10.97
719140,555,554.92,48.63,48.63,0,10.97
719145,544,543.83,37.96,37.96,0,10.97
719150,532,532.09,27.57,27.57,0,10.97
719155,521,521.17,17.52,17.52,0,10.97
719160,510,509.91,7.88,7.88,0,10.97
719165,498,497.84,-1.31,-1.31,0,10.97
719170,486,486.09,-9.98,-9.98,0,10.97
719175,477,477.16,-18.11,-18.11,0,10.97
719180,467,466.91,-25.65,-25.65,0,10.97
719185,461,460.85,-32.57,-32.57,0,10.97
719190,447,447.09,-38.86,-38.86,0,10.97
719195,448,448.15,-44.51,-44.51,0,10.97
719200,443,442.93,-49.51,-49.51,0,10.97
719205,443,442.86,-53.87,-53.87,0,10.97
719210,441,441.06,-57.59,-57.59,0,10.97
719215,439,439.14,-60.7,-60.7,0,10.97
719220,440,439.95,-63.23,-63.23,0,10.97
719225,443,442.87,-65.21,-65.21,0,10.97
719230,445,445.04,-66.68,-66.68,0,10.97
719235,448,448.12,-67.67,-67.67,0,10.97
719240,452,451.97,-68.25,-67.91,0,10.97
719245,456,455.9,-68.44,-67.91,0,10.97
719250,460,460.03,-68.31,-67.91,0,10.97
719255,463,463.09,-67.91,-67.91,0,10.97
719260,466,465.98,-67.29,-67.29,0,10.97
719265,468,467.92,-66.5,-66.5,0,10.97
719270,472,472.01,-65.58,-65.58,0,10.97
719275,476,476.07,-64.59,-64.59,0,10.97
719280,475,474.99,-63.56,-63.56,0,10.97
719285,477,476.93,-62.54,-62.54,0,10.97
719290,480,480.01,-61.57,-61.57,0,10.97
719295,478,478.06,-60.67,-60.67,0,10.97
719300,478,477.99,-59.87,-59.87,0,10.97
719305,474,473.94,-59.21,-59.21,0,10.97
719310,476,476.01,-58.69,-58.69,0,10.97
719315,475,475.07,-58.33,-58.34,0,10.97
719320,472,471.99,-58.15,-58.34,0,10.97
719325,471,470.93,-58.15,-58.34,0,10.97
719330,468,468.01,-58.34,-58.34,0,10.97
719335,465,465.08,-58.71,-58.71,0,10.97
719340,463,462.98,-59.27,-59.27,0,10.97
719345,459,458.91,-60.01,-60.01,0,10.97
719350,456,456.02,-60.93,-60.93,0,10.97
719355,455,455.1,-62.01,-62.01,0,10.97
719360,451,450.98,-63.25,-63.25,0,10.97
719365,450,449.9,-64.63,-64.63,0,10.97
719370,448,448.03,-66.15,-66.15,0,10.97
719375,445,445.11,-67.78,-67.78,0,10.97
719380,443,442.97,-69.53,-69.53,0,10.97
719385,443,442.88,-71.36,-71.36,0,10.97
719390,439,439.03,-73.27,-73.27,0,10.97
719395,436,436.12,-75.24,-75.24,0,10.97
719400,434,433.96,-77.26,-77.26,0,10.97
719405,435,434.87,-79.32,-79.32,0,10.97
719410,434,434.05,-81.39,-81.39,0,10.97
719415,432,432.12,-83.46,-83.46,0,10.97
719420,431,430.94,-85.52,-85.52,0,10.97
719425,429,428.88,-87.55,-87.55,0,10.97
719430,428,428.07,-89.53,-89.53,0,10.97
719435,429,429.13,-91.46,-91.46,0,10.97
719440,432,431.92,-93.31,-93.31,0,10.97
719445,427,426.87,-95.06,-95.06,0,10.97
719450,429,429.08,-96.69,-96.69,0,10.97
719455,429,429.14,-98.2,-98.2,0,10.97
719460,430,429.92,-99.55,-99.55,0,10.97
719465,432,431.86,-100.72,-100.72,0,10.97
719470,430,430.08,-101.69,-101.69,0,10.97
719475,429,429.15,-102.44,-102.44,0,10.97
719480,432,431.92,-102.93,-102.59,0,10.97
719485,434,433.85,-103.14,-102.59,0,10.97
719490,434,434.08,-103.03,-102.59,0,10.97
719495,434,434.14,-102.59,-102.59,0,10.97
719500,433,432.92,-101.76,-101.76,0,10.97
719505,435,434.86,-100.52,-100.52,0,10.97
719510,441,441.09,-98.83,-98.83,0,10.97
719515,434,434.13,-96.65,-96.65,0,10.97
719520,436,435.9,-93.95,-93.95,0,10.97
719525,436,435.88,-90.69,-90.69,0,10.97
719530,438,438.12,-86.83,-86.83,0,10.97
719535,435,435.11,-82.34,-82.34,0,10.97
719540,436,435.85,-77.19,-77.19,0,10.97
719545,436,435.9,-71.34,-71.34,0,10.97
719550,436,436.17,-64.78,-64.78,0,10.97
719555,437,437.09,-57.49,-57.49,0,10.97
719560,433,432.8,-49.45,-49.45,0,10.97
719565,437,436.92,-40.67,-40.67,0,10.97
719570,436,436.24,-31.16,-31.16,0,10.97
719575,440,440.07,-20.92,-20.92,0,10.97
719580,442,441.73,-9.99,-9.99,0,10.97
719585,448,447.94,1.59,1.59,0,10.97
719590,459,459.31,13.76,13.76,0,10.97
719595,471,471.06,26.44,26.44,0,10.97
719600,491,490.66,39.56,39.56,0,10.97
719605,512,511.95,53.01,53.01,0,10.97
719610,537,537.38,66.68,66.68,0,10.97
719615,566,566.05,80.45,80.45,0,10.97
719620,596,595.59,94.19,94.19,0,10.97
719625,625,624.96,107.76,107.76,0,10.97
719630,654,654.45,121.02,121.02,0,10.97
719635,680,680.03,133.84,133.84,0,10.97
719640,706,705.51,146.08,146.08,0,10.97
719645,729,728.98,157.62,157.62,0,10.97
719650,748,748.52,168.33,168.33,0,10.97
719655,759,759.01,178.12,178.12,0,10.97
719660,769,768.43,186.89,186.89,0,10.97
719665,781,781.01,194.56,194.56,0,10.97
719670,785,785.62,201.08,201.08,0,10.97
719675,789,788.97,206.4,206.4,0,10.97
719680,789,788.32,210.48,210.48,0,10.97
719685,769,769.03,213.31,213.31,0,10.97
719690,778,778.73,214.9,213.31,0,10.97
719695,770,769.98,215.26,213.31,0,10.97
719700,763,762.22,214.41,213.31,0,10.97
719705,754,754.0,212.4,212.4,0,10.97
719710,719,719.82,209.27,209.27,0,10.97
719715,731,731.02,205.08,205.08,0,10.97
719720,722,721.18,199.9,199.9,0,10.97
719725,709,708.96,193.79,193.79,0,10.97
719730,699,699.81,186.83,186.83,0,10.97
719735,677,677.05,179.09,179.09,0,10.97
719740,676,675.19,170.65,170.65,0,10.97
719745,664,663.95,161.6,161.6,0,10.97
719750,654,654.8,152.02,152.02,0,10.97
719755,643,643.04,141.98,141.98,0,10.97
719760,634,633.2,131.57,131.57,0,10.97
719765,624,623.97,120.87,120.87,0,10.97
719770,615,615.8,109.95,109.95,0,10.97
719775,603,603.02,98.89,98.89,0,10.97
719780,617,616.22,87.76,87.76,0,10.97
719785,582,581.99,76.65,76.65,0,10.97
719790,576,576.74,65.61,65.61,0,10.97
719795,560,560.0,54.71,54.71,0,10.97
719800,550,549.3,44.04,44.04,0,10.97
719805,537,537.01,33.64,33.64,0,10.97
719810,527,527.65,23.58,23.58,0,10.97
719815,513,512.98,13.91,13.91,0,10.97
719820,502,501.39,4.68,4.68,0,10.97
719825,489,489.03,-4.06,-4.06,0,10.97
719830,482,482.57,-12.27,-12.27,0,10.97
719835,473,472.96,-19.94,-19.94,0,10.97
719840,463,462.46,-27.02,-27.02,0,10.97
719845,457,457.04,-33.51,-33.51,0,10.97
719850,450,450.51,-39.38,-39.38,0,10.97
719855,448,447.96,-44.66,-44.66,0,10.97
719860,445,444.52,-49.32,-49.32,0,10.97
719865,444,444.05,-53.4,-53.4,0,10.97
719870,442,442.44,-56.91,-56.91,0,10.97
719875,442,441.95,-59.86,-59.86,0,10.97
719880,445,444.59,-62.3,-62.3,0,10.97
719885,444,444.06,-64.26,-64.26,0,10.97
719890,448,448.38,-65.78,-65.78,0,10.97
719895,451,450.94,-66.89,-66.89,0,10.97
719900,453,452.66,-67.65,-67.65,0,10.97
719905,456,456.06,-68.1,-68.05,0,10.97
719910,462,462.32,-68.29,-68.05,0,10.97
719915,460,459.94,-68.26,-68.05,0,10.97
719920,461,460.71,-68.05,-68.05,0,10.97
719925,465,465.06,-67.72,-67.72,0,10.97
719930,468,468.28,-67.29,-67.29,0,10.97
719935,468,467.93,-66.82,-66.82,0,10.97
719940,468,467.73,-66.32,-66.32,0,10.97
719945,468,468.07,-65.85,-65.85,0,10.97
719950,466,466.26,-65.41,-65.41,0,10.97
719955,472,471.93,-65.04,-65.04,0,10.97
719960,466,465.75,-64.76,-64.76,0,10.97
719965,462,462.06,-64.58,-64.74,0,10.97
719970,462,462.23,-64.51,-64.74,0,10.97
719975,460,459.95,-64.56,-64.74,0,10.97
719980,457,456.78,-64.74,-64.74,0,10.97
719985,455,455.03,-65.06,-65.06,0,10.97
719990,453,453.21,-65.5,-65.5,0,10.97
719995,449,448.98,-66.07,-66.07,0,10.97
720000,449,448.8,-66.76,-66.76,0,10.97
720005,445,445.0,-67.57,-67.57,0,10.97
720010,446,446.19,-68.49,-68.49,0,10.97
720015,432,432.01,-69.51,-69.51,0,10.97
720020,437,436.81,-70.61,-70.61,0,10.97
720025,435,435.0,-71.81,-71.81,0,10.97
720030,433,433.19,-73.07,-73.07,0,10.97
720035,432,432.0,-74.39,-74.39,0,10.97
720040,428,427.81,-75.77,-75.77,0,10.97
720045,430,430.01,-77.19,-77.19,0,10.97
720050,426,426.19,-78.65,-78.65,0,10.97
720055,427,426.98,-80.13,-80.13,0,10.97
720060,426,425.81,-81.63,-81.63,0,10.97
720065,425,425.03,-83.14,-83.14,0,10.97
720070,425,425.2,-84.66,-84.66,0,10.97
720075,423,422.96,-86.17,-86.17,0,10.97
720080,423,422.8,-87.68,-87.68,0,10.97
720085,422,422.05,-89.16,-89.16,0,10.97
720090,422,422.21,-90.62,-90.62,0,10.97
720095,424,423.94,-92.04,-92.04,0,10.97
720100,414,413.78,-93.42,-93.42,0,10.97
720105,422,422.06,-94.75,-94.75,0,10.97
720110,421,421.24,-96.02,-96.02,0,10.97
720115,422,421.93,-97.22,-97.22,0,10.97
720120,423,422.74,-98.33,-98.33,0,10.97
720125,423,423.07,-99.35,-99.35,0,10.97
720130,420,420.29,-100.26,-100.26,0,10.97
720135,425,424.92,-101.05,-101.05,0,10.97
720140,442,441.71,-101.69,-101.69,0,10.97
720145,424,424.08,-102.17,-102.17,0,10.97
720150,427,427.27,-102.47,-102.17,0,10.97
720155,427,426.92,-102.56,-102.17,0,10.97
720160,428,427.76,-102.41,-102.17,0,10.97
720165,431,431.08,-102.0,-102.0,0,10.97
720170,430,430.22,-101.29,-101.29,0,10.97
720175,429,428.91,-100.24,-100.24,0,10.97
720180,431,430.81,-98.83,-98.83,0,10.97
720185,431,431.1,-97.02,-97.02,0,10.97
720190,432,432.17,-94.77,-94.77,0,10.97
720195,433,432.89,-92.04,-92.04,0,10.97
720200,430,429.86,-88.8,-88.8,0,10.97
720205,432,432.11,-85.0,-85.0,0,10.97
720210,434,434.12,-80.63,-80.63,0,10.97
720215,434,433.88,-75.63,-75.63,0,10.97
720220,434,433.89,-69.99,-69.99,0,10.97
720225,433,433.12,-63.68,-63.68,0,10.97
720230,434,434.09,-56.67,-56.67,0,10.97
720235,434,433.88,-48.97,-48.97,0,10.97
720240,433,432.92,-40.55,-40.55,0,10.97
720245,435,435.13,-31.43,-31.43,0,10.97
720250,436,436.07,-21.62,-21.62,0,10.97
720255,440,439.87,-11.14,-11.14,0,10.97
720260,444,443.95,-0.03,-0.03,0,10.97
720265,454,454.13,11.66,11.66,0,10.97
720270,466,466.05,23.86,23.86,0,10.97
720275,481,480.87,36.5,36.5,0,10.97
720280,500,499.96,49.48,49.48,0,10.97
720285,522,522.14,62.7,62.7,0,10.97
720290,549,549.04,76.05,76.05,0,10.97
720295,580,579.86,89.39,89.39,0,10.97
720300,608,607.97,102.59,102.59,0,10.97
720305,634,634.13,115.53,115.53,0,10.97
720310,663,663.01,128.06,128.06,0,10.97
720315,688,687.87,140.05,140.05,0,10.97
720320,711,710.99,151.38,151.38,0,10.97
720325,730,730.12,161.93,161.93,0,10.97
720330,747,746.99,171.58,171.58,0,10.97
720335,758,757.89,180.25,180.25,0,10.97
720340,763,763.01,187.85,187.85,0,10.97
720345,772,772.1,194.32,194.32,0,10.97
720350,774,773.99,199.6,199.6,0,10.97
720355,773,772.9,203.66,203.66,0,10.97
720360,772,772.01,206.49,206.49,0,10.97
720365,767,767.09,208.07,206.49,0,10.97
720370,758,757.99,208.41,206.49,0,10.97
720375,749,748.91,207.55,206.49,0,10.97
720380,742,742.02,205.51,205.51,0,10.97
720385,731,731.09,202.34,202.34,0,10.97
720390,723,722.98,198.09,198.09,0,10.97
720395,711,710.9,192.84,192.84,0,10.97
720400,698,698.02,186.64,186.64,0,10.97
720405,687,687.1,179.58,179.58,0,10.97
720410,675,674.98,171.73,171.73,0,10.97
720415,667,666.9,163.17,163.17,0,10.97
720420,655,655.02,154.0,154.0,0,10.97
720425,645,645.09,144.29,144.29,0,10.97
720430,634,633.97,134.13,134.13,0,10.97
720435,622,621.91,123.61,123.61,0,10.97
720440,612,612.03,112.82,112.82,0,10.97
720445,600,600.09,101.84,101.84,0,10.97
720450,592,591.97,90.75,90.75,0,10.97
720455,583,582.92,79.64,79.64,0,10.97
720460,570,570.03,68.58,68.58,0,10.97
720465,557,557.07,57.64,57.64,0,10.97
720470,547,546.97,46.91,46.91,0,10.97
720475,535,534.94,36.45,36.45,0,10.97
720480,523,523.03,26.33,26.33,0,10.97
720485,514,514.05,16.61,16.61,0,10.97
720490,496,495.97,7.34,7.34,0,10.97
720495,487,486.96,-1.43,-1.43,0,10.97
720500,476,476.04,-9.65,-9.65,0,10.97
720505,466,466.04,-17.28,-17.28,0,10.97
720510,457,456.96,-24.3,-24.3,0,10.97
720515,450,449.97,-30.69,-30.69,0,10.97
720520,445,445.05,-36.43,-36.43,0,10.97
720525,440,440.03,-41.51,-41.51,0,10.97
720530,438,437.94,-45.95,-45.95,0,10.97
720535,436,435.98,-49.75,-49.75,0,10.97
720540,436,436.07,-52.94,-52.94,0,10.97
720545,437,437.02,-55.54,-55.54,0,10.97
720550,440,439.92,-57.58,-57.58,0,10.97
720555,442,441.99,-59.1,-59.1,0,10.97
720560,444,444.08,-60.16,-60.16,0,10.97
720565,448,448.01,-60.79,-60.64,0,10.97
720570,452,451.91,-61.04,-60.64,0,10.97
720575,460,460.0,-60.98,-60.64,0,10.97
720580,462,462.1,-60.64,-60.64,0,10.97
720585,468,467.99,-60.1,-60.1,0,10.97
720590,470,469.9,-59.39,-59.39,0,10.97
720595,472,472.02,-58.58,-58.58,0,10.97
720600,472,472.11,-57.7,-57.7,0,10.97
720605,477,476.97,-56.79,-56.79,0,10.97
720610,477,476.89,-55.91,-55.91,0,10.97
720615,478,478.04,-55.09,-55.09,0,10.97
720620,478,478.11,-54.35,-54.35,0,10.97
720625,476,475.95,-53.73,-53.73,0,10.97
720630,475,474.89,-53.24,-53.24,0,10.97
720635,473,473.05,-52.91,-52.95,0,10.97
720640,472,472.12,-52.75,-52.95,0,10.97
720645,468,467.94,-52.76,-52.95,0,10.97
720650,465,464.88,-52.95,-52.95,0,10.97
720655,462,462.07,-53.32,-53.32,0,10.97
720660,459,459.13,-53.88,-53.88,0,10.97
720665,454,453.92,-54.61,-54.61,0,10.97
720670,453,452.86,-55.51,-55.51,0,10.97
720675,450,450.1,-56.57,-56.57,0,10.97
720680,446,446.15,-57.78,-57.78,0,10.97
720685,447,446.89,-59.14,-59.14,0,10.97
720690,444,443.85,-60.62,-60.62,0,10.97
720695,441,441.12,-62.22,-62.22,0,10.97
720700,440,440.15,-63.92,-63.92,0,10.97
720705,439,438.87,-65.72,-65.72,0,10.97
720710,435,434.84,-67.59,-67.59,0,10.97
720715,432,432.13,-69.52,-69.52,0,10.97
720720,424,424.16,-71.49,-71.49,0,10.97
720725,432,431.87,-73.5,-73.5,0,10.97
720730,431,430.85,-75.53,-75.53,0,10.97
720735,430,430.13,-77.56,-77.56,0,10.97
720740,430,430.13,-79.58,-79.58,0,10.97
720745,424,423.86,-81.58,-81.58,0,10.97
720750,429,428.88,-83.54,-83.54,0,10.97
720755,427,427.15,-85.44,-85.44,0,10.97
720760,428,428.1,-87.28,-87.28,0,10.97
720765,430,429.84,-89.02,-89.02,0,10.97
720770,423,422.91,-90.66,-90.66,0,10.97
720775,429,429.17,-92.17,-92.17,0,10.97
720780,429,429.09,-93.53,-93.53,0,10.97
720785,426,425.82,-94.72,-94.72,0,10.97
720790,429,428.91,-95.72,-95.72,0,10.97
720795,428,428.19,-96.49,-96.49,0,10.97
720800,428,428.09,-97.01,-96.78,0,10.97
720805,427,426.79,-97.26,-96.78,0,10.97
720810,427,426.92,-97.19,-96.78,0,10.97
720815,430,430.22,-96.78,-96.78,0,10.97
720820,428,428.09,-95.99,-95.99,0,10.97
720825,429,428.75,-94.79,-94.79,0,10.97
720830,433,432.92,-93.14,-93.14,0,10.97
720835,429,429.27,-91.0,-91.0,0,10.97
720840,427,427.08,-88.35,-88.35,0,10.97
720845,429,428.7,-85.15,-85.15,0,10.97
720850,428,427.94,-81.36,-81.36,0,10.97
720855,429,429.32,-76.95,-76.95,0,10.97
720860,427,427.05,-71.9,-71.9,0,10.97
720865,429,428.65,-66.18,-66.18,0,10.97
720870,427,426.97,-59.78,-59.78,0,10.97
720875,420,420.37,-52.69,-52.69,0,10.97
720880,427,427.02,-44.89,-44.89,0,10.97
720885,428,427.62,-36.41,-36.41,0,10.97
720890,428,428.0,-27.24,-27.24,0,10.97
720895,432,432.39,-17.42,-17.42,0,10.97
720900,438,437.99,-6.99,-6.99,0,10.97
720905,446,445.61,3.99,3.99,0,10.97
720910,459,459.02,15.48,15.48,0,10.97
720915,471,471.41,27.38,27.38,0,10.97
720920,490,489.97,39.61,39.61,0,10.97
720925,510,509.59,52.06,52.06,0,10.97
720930,536,536.05,64.62,64.62,0,10.97
720935,562,562.42,77.16,77.16,0,10.97
720940,590,589.93,89.57,89.57,0,10.97
720945,619,618.57,101.7,101.7,0,10.97
720950,645,645.08,113.42,113.42,0,10.97
720955,669,669.44,124.61,124.61,0,10.97
720960,691,690.89,135.15,135.15,0,10.97
720965,720,719.55,144.91,144.91,0,10.97
720970,725,725.12,153.79,153.79,0,10.97
720975,737,737.44,161.7,161.7,0,10.97
720980,744,743.85,168.56,168.56,0,10.97
720985,748,747.57,174.32,174.32,0,10.97
720990,726,726.15,178.93,178.93,0,10.97
720995,751,751.41,182.36,182.36,0,10.97
721000,747,746.88,184.58,184.09,0,10.97
721005,740,739.59,185.6,184.09,0,10.97
721010,735,735.07,185.43,184.09,0,10.97
721015,726,726.41,184.09,184.09,0,10.97
721020,717,716.97,181.62,181.62,0,10.97
721025,706,705.59,178.07,178.07,0,10.97
721030,696,695.98,173.49,173.49,0,10.97
721035,686,686.41,167.95,167.95,0,10.97
721040,673,673.06,161.52,161.52,0,10.97
721045,661,660.58,154.27,154.27,0,10.97
721050,649,648.89,146.3,146.3,0,10.97
721055,638,638.43,137.67,137.67,0,10.97
721060,627,627.16,128.49,128.49,0,10.97
721065,618,617.56,118.84,118.84,0,10.97
721070,608,607.8,108.81,108.81,0,10.97
721075,593,593.45,98.48,98.48,0,10.97
721080,586,586.25,87.94,87.94,0,10.97
721085,576,575.55,77.28,77.28,0,10.97
721090,565,564.71,66.59,66.59,0,10.97
721095,553,553.45,55.94,55.94,0,10.97
721100,519,519.32,45.41,45.41,0,10.97
721105,534,533.55,35.09,35.09,0,10.97
721110,520,519.68,25.03,25.03,0,10.97
721115,509,509.45,15.31,15.31,0,10.97
721120,496,496.3,5.98,5.98,0,10.97
721125,484,483.56,-2.89,-2.89,0,10.97
721130,474,473.72,-11.27,-11.27,0,10.97
721135,462,462.44,-19.11,-19.11,0,10.97
721140,454,454.26,-26.37,-26.37,0,10.97
721145,450,449.56,-33.03,-33.03,0,10.97
721150,443,442.76,-39.06,-39.06,0,10.97
721155,435,435.43,-44.46,-44.46,0,10.97
721160,433,433.21,-49.23,-49.23,0,10.97
721165,431,430.58,-53.36,-53.36,0,10.97
721170,427,426.81,-56.86,-56.86,0,10.97
721175,427,427.41,-59.77,-59.77,0,10.97
721180,430,430.17,-62.1,-62.1,0,10.97
721185,433,432.61,-63.9,-63.9,0,10.97
721190,439,438.85,-65.18,-65.18,0,10.97
721195,438,438.37,-66.01,-66.01,0,10.97
721200,443,443.13,-66.43,-66.01,0,10.97
721205,445,444.64,-66.49,-66.01,0,10.97
721210,450,449.9,-66.23,-66.01,0,10.97
721215,453,453.34,-65.71,-65.71,0,10.97
721220,463,463.08,-64.98,-64.98,0,10.97
721225,460,459.67,-64.1,-64.1,0,10.97
721230,463,462.93,-63.1,-63.1,0,10.97
721235,467,467.31,-62.04,-62.04,0,10.97
721240,469,469.06,-60.97,-60.97,0,10.97
721245,469,468.69,-59.91,-59.91,0,10.97
721250,471,470.95,-58.91,-58.91,0,10.97
721255,471,471.3,-58.0,-58.0,0,10.97
721260,473,473.05,-57.2,-57.2,0,10.97
721265,470,469.71,-56.54,-56.54,0,10.97
721270,467,466.95,-56.04,-56.04,0,10.97
721275,466,466.29,-55.71,-55.84,0,10.97
721280,460,460.05,-55.57,-55.84,0,10.97
721285,461,460.72,-55.61,-55.84,0,10.97
721290,460,459.96,-55.84,-55.84,0,10.97
721295,457,457.28,-56.27,-56.27,0,10.97
721300,455,455.04,-56.88,-56.88,0,10.97
721305,452,451.72,-57.68,-57.68,0,10.97
721310,449,448.97,-58.65,-58.65,0,10.97
721315,446,446.28,-59.8,-59.8,0,10.97
721320,443,443.02,-61.09,-61.09,0,10.97
721325,440,439.73,-62.54,-62.54,0,10.97
721330,439,438.99,-64.12,-64.12,0,10.97
721335,435,435.27,-65.81,-65.81,0,10.97
721340,434,434.01,-67.61,-67.61,0,10.97
721345,433,432.73,-69.5,-69.5,0,10.97
721350,430,430.0,-71.46,-71.46,0,10.97
721355,429,429.27,-73.49,-73.49,0,10.97
721360,428,427.99,-75.56,-75.56,0,10.97
721365,427,426.73,-77.66,-77.66,0,10.97
721370,425,425.02,-79.78,-79.78,0,10.97
721375,425,425.27,-81.9,-81.9,0,10.97
721380,424,423.97,-84.0,-84.0,0,10.97
721385,424,423.73,-86.07,-86.07,0,10.97
721390,424,424.03,-88.09,-88.09,0,10.97
721395,421,421.27,-90.04,-90.04,0,10.97
721400,423,422.96,-91.91,-91.91,0,10.97
721405,423,422.74,-93.67,-93.67,0,10.97
721410,425,425.05,-95.31,-95.31,0,10.97
721415,425,425.26,-96.8,-96.8,0,10.97
721420,426,425.94,-98.12,-98.12,0,10.97
721425,425,424.75,-99.24,-99.24,0,10.97
721430,426,426.07,-100.14,-100.14,0,10.97
721435,426,426.25,-100.78,-100.78,0,10.97
721440,425,424.91,-101.13,-100.78,0,10.97
721445,428,427.75,-101.17,-100.78,0,10.97
721450,427,427.1,-100.84,-100.78,0,10.97
721455,427,427.25,-100.13,-100.13,0,10.97
721460,427,426.89,-98.98,-98.98,0,10.97
721465,427,426.75,-97.35,-97.35,0,10.97
721470,426,426.13,-95.22,-95.22,0,10.97
721475,426,426.25,-92.54,-92.54,0,10.97
721480,427,426.86,-89.26,-89.26,0,10.97
721485,425,424.75,-85.36,-85.36,0,10.97
721490,427,427.16,-80.79,-80.79,0,10.97
721495,423,423.25,-75.53,-75.53,0,10.97
721500,426,425.83,-69.54,-69.54,0,10.97
721505,427,426.76,-62.81,-62.81,0,10.97
721510,424,424.19,-55.31,-55.31,0,10.97
721515,424,424.23,-47.05,-47.05,0,10.97
721520,425,424.8,-38.01,-38.01,0,10.97
721525,426,425.78,-28.22,-28.22,0,10.97
721530,426,426.21,-17.69,-17.69,0,10.97
721535,435,435.22,-6.46,-6.46,0,10.97
721540,444,443.79,5.42,5.42,0,10.97
721545,454,453.8,17.88,17.88,0,10.97
721550,472,472.22,30.86,30.86,0,10.97
721555,489,489.2,44.25,44.25,0,10.97
721560,516,515.78,57.95,57.95,0,10.97
721565,542,541.81,71.84,71.84,0,10.97
721570,573,573.23,85.79,85.79,0,10.97
721575,602,602.18,99.68,99.68,0,10.97
721580,631,630.76,113.37,113.37,0,10.97
721585,659,658.82,126.71,126.71,0,10.97
721590,685,685.25,139.57,139.57,0,10.97
721595,707,707.17,151.82,151.82,0,10.97
721600,728,727.74,163.34,163.34,0,10.97
721605,744,743.84,174.01,174.01,0,10.97
721610,757,757.27,183.75,183.75,0,10.97
721615,768,768.15,192.45,192.45,0,10.97
721620,773,772.71,200.05,200.05,0,10.97
721625,777,776.85,206.5,206.5,0,10.97
721630,778,778.29,211.75,211.75,0,10.97
721635,776,776.15,215.77,215.77,0,10.97
721640,772,771.69,218.56,218.56,0,10.97
721645,769,768.86,220.12,218.56,0,10.97
721650,745,745.32,220.46,218.56,0,10.97
721656,751,751.13,219.61,218.56,0,10.97
721660,745,744.7,217.61,217.61,0,10.97
721665,735,734.88,214.5,214.5,0,10.97
721670,726,726.28,210.33,210.33,0,10.97
721675,716,716.11,205.17,205.17,0,10.97
721680,707,706.75,199.08,199.08,0,10.97
721685,695,694.9,192.13,192.13,0,10.97
721690,683,683.22,184.39,184.39,0,10.97
721695,675,675.09,175.94,175.94,0,10.97
721700,663,662.81,166.86,166.86,0,10.97
721705,654,653.92,157.23,157.23,0,10.97
721710,645,645.16,147.12,147.12,0,10.97
721715,635,635.08,136.61,136.61,0,10.97
721720,635,634.87,125.79,125.79,0,10.97
721725,614,613.93,114.72,114.72,0,10.97
721730,605,605.09,103.49,103.49,0,10.97
721735,595,595.07,92.17,92.17,0,10.97
721740,582,581.97,80.84,80.84,0,10.97
721745,572,571.93,69.57,69.57,0,10.97
721750,560,559.98,58.42,58.42,0,10.97
721755,548,548.07,47.47,47.47,0,10.97
721760,536,536.07,36.78,36.78,0,10.97
721765,524,523.93,26.41,26.41,0,10.97
721770,513,512.89,16.41,16.41,0,10.97
721775,499,499.06,6.84,6.84,0,10.97
721780,487,487.16,-2.26,-2.26,0,10.97
721785,475,474.94,-10.84,-10.84,0,10.97
721790,468,467.8,-18.87,-18.87,0,10.97
721795,457,457.06,-26.33,-26.33,0,10.97
721800,450,450.25,-33.19,-33.19,0,10.97
721805,445,444.94,-39.45,-39.45,0,10.97
721810,442,441.72,-45.09,-45.09,0,10.97
721815,440,440.07,-50.12,-50.12,0,10.97
721820,413,413.31,-54.55,-54.55,0,10.97
721825,436,435.93,-58.39,-58.39,0,10.97
721830,435,434.7,-61.67,-61.67,0,10.97
721835,439,439.08,-64.43,-64.43,0,10.97
721840,438,438.28,-66.69,-66.69,0,10.97
721845,442,441.92,-68.49,-68.49,0,10.97
721850,443,442.75,-69.89,-69.89,0,10.97
721855,446,446.09,-70.91,-70.91,0,10.97
721860,448,448.23,-71.61,-71.61,0,10.97
721865,452,451.9,-72.03,-72.03,0,10.97
721870,454,453.79,-72.22,-72.03,0,10.97
721875,454,454.11,-72.21,-72.03,0,10.97
721880,457,457.18,-72.06,-72.03,0,10.97
721885,456,455.89,-71.81,-71.81,0,10.97
721890,459,458.84,-71.48,-71.48,0,10.97
721895,455,455.12,-71.11,-71.11,0,10.97
721900,459,459.14,-70.74,-70.74,0,10.97
721905,459,458.88,-70.39,-70.39,0,10.97
721910,456,455.88,-70.08,-70.08,0,10.97
721915,458,458.11,-69.83,-69.83,0,10.97
721920,455,455.1,-69.65,-69.7,0,10.97
721925,454,453.89,-69.57,-69.7,0,10.97
721930,450,449.92,-69.58,-69.7,0,10.97
721935,447,447.11,-69.7,-69.7,0,10.97
721940,447,447.06,-69.92,-69.92,0,10.97
721945,444,443.89,-70.24,-70.24,0,10.97
721950,441,440.95,-70.66,-70.66,0,10.97
721955,438,438.1,-71.18,-71.18,0,10.97
721960,436,436.04,-71.79,-71.79,0,10.97
721965,435,434.91,-72.48,-72.48,0,10.97
721970,433,432.97,-73.25,-73.25,0,10.97
721975,429,429.08,-74.08,-74.08,0,10.97
721980,426,426.01,-74.96,-74.96,0,10.97
721985,426,425.93,-75.89,-75.89,0,10.97
721990,423,423.01,-76.86,-76.86,0,10.97
721995,422,422.06,-77.86,-77.86,0,10.97
722000,420,419.97,-78.89,-78.89,0,10.97
722005,421,420.95,-79.92,-79.92,0,10.97
722010,420,420.05,-80.97,-80.97,0,10.97
722015,420,420.03,-82.01,-82.01,0,10.97
722020,419,418.93,-83.06,-83.06,0,10.97
722025,417,416.98,-84.1,-84.1,0,10.97
722030,406,406.08,-85.14,-85.14,0,10.97
722035,417,417.01,-86.16,-86.16,0,10.97
722040,416,415.92,-87.17,-87.17,0,10.97
722045,415,415.0,-88.17,-88.17,0,10.97
722050,417,417.07,-89.16,-89.16,0,10.97
722055,415,415.0,-90.14,-90.14,0,10.97
722060,417,416.93,-91.11,-91.11,0,10.97
722065,414,414.01,-92.07,-92.07,0,10.97
722070,416,416.06,-93.02,-93.02,0,10.97
722075,416,415.98,-93.97,-93.97,0,10.97
722080,416,415.95,-94.9,-94.9,0,10.97
722085,417,417.02,-95.83,-95.83,0,10.97
722090,423,423.05,-96.74,-96.74,0,10.97
722095,417,416.98,-97.64,-97.64,0,10.97
722100,418,417.95,-98.51,-98.51,0,10.97
722105,419,419.03,-99.35,-99.35,0,10.97
722110,418,418.06,-100.16,-100.16,0,10.97
722115,419,418.96,-100.91,-100.91,0,10.97
722120,421,420.93,-101.6,-101.6,0,10.97
722125,420,420.05,-102.2,-102.2,0,10.97
722130,422,422.07,-102.71,-102.71,0,10.97
722135,424,423.95,-103.1,-103.1,0,10.97
722141,423,422.92,-103.35,-103.1,0,10.97
722145,426,426.06,-103.43,-103.1,0,10.97
722150,426,426.09,-103.31,-103.1,0,10.97
722155,427,426.94,-102.96,-102.96,0,10.97
722160,429,428.9,-102.35,-102.35,0,10.97
722165,428,428.07,-101.44,-101.44,0,10.97
722170,427,427.1,-100.19,-100.19,0,10.97
722175,429,428.92,-98.56,-98.56,0,10.97
722180,429,428.9,-96.51,-96.51,0,10.97
722185,430,430.08,-94.0,-94.0,0,10.97
722190,430,430.1,-90.98,-90.98,0,10.97
722195,430,429.91,-87.4,-87.4,0,10.97
722200,429,428.89,-83.24,-83.24,0,10.97
722205,430,430.1,-78.44,-78.44,0,10.97
722210,429,429.11,-72.97,-72.97,0,10.97
722215,430,429.89,-66.8,-66.8,0,10.97
722220,432,431.89,-59.9,-59.9,0,10.97
722225,430,430.12,-52.23,-52.23,0,10.97
722230,430,430.11,-43.8,-43.8,0,10.97
722235,429,428.87,-34.6,-34.6,0,10.97
722240,430,429.89,-24.62,-24.62,0,10.97
722245,432,432.14,-13.88,-13.88,0,10.97
722250,436,436.11,-2.42,-2.42,0,10.97
722255,443,442.85,9.73,9.73,0,10.97
722260,457,456.89,22.51,22.51,0,10.97
722265,471,471.16,35.85,35.85,0,10.97
722270,491,491.11,49.65,49.65,0,10.97
722275,514,513.83,63.82,63.82,0,10.97
722280,542,541.9,78.24,78.24,0,10.97
722285,572,572.19,92.78,92.78,0,10.97
722290,602,602.1,107.31,107.31,0,10.97
722295,633,632.79,121.7,121.7,0,10.97
722300,662,661.91,135.79,135.79,0,10.97
722305,690,690.23,149.45,149.45,0,10.97
722310,718,718.09,162.55,162.55,0,10.97
722315,739,738.75,174.95,174.95,0,10.97
722320,758,757.9,186.54,186.54,0,10.97
722325,773,773.27,197.2,197.2,0,10.97
722330,784,784.09,206.85,206.85,0,10.97
722335,792,791.71,215.4,215.4,0,10.97
722340,800,799.9,222.8,222.8,0,10.97
722345,786,786.3,228.98,228.98,0,10.97
722350,800,800.09,233.93,233.93,0,10.97
722355,797,796.7,237.63,237.63,0,10.97
722360,790,789.91,240.07,239.99,0,10.97
722365,784,784.28,241.26,239.99,0,10.97
722370,777,777.09,241.22,239.99,0,10.97
722375,769,768.74,239.99,239.99,0,10.97
722380,758,757.91,237.62,237.62,0,10.97
722385,748,748.24,234.15,234.15,0,10.97
722390,739,739.09,229.65,229.65,0,10.97
722395,713,712.77,224.18,224.18,0,10.97
722400,719,718.9,217.8,217.8,0,10.97
722405,709,709.24,210.6,210.6,0,10.97
722410,700,700.1,202.64,202.64,0,10.97
722415,689,688.73,194.0,194.0,0,10.97
722420,679,678.89,184.75,184.75,0,10.97
722425,671,671.29,174.98,174.98,0,10.97
722430,660,660.12,164.75,164.75,0,10.97
722435,651,650.68,154.14,154.14,0,10.97
722440,640,639.87,143.23,143.23,0,10.97
722445,632,632.35,132.08,132.08,0,10.97
722450,622,622.14,120.78,120.78,0,10.97
722455,612,611.62,109.39,109.39,0,10.97
722460,602,601.85,97.98,97.98,0,10.97
722465,592,592.41,86.62,86.62,0,10.97
722470,580,580.16,75.37,75.37,0,10.97
722475,566,565.55,64.29,64.29,0,10.97
722480,555,554.82,53.45,53.45,0,10.97
722485,543,543.49,42.9,42.9,0,10.97
722490,529,529.19,32.7,32.7,0,10.97
722495,517,516.46,22.89,22.89,0,10.97
722500,503,502.79,13.53,13.53,0,10.97
722505,476,476.57,4.65,4.65,0,10.97
722510,483,483.23,-3.72,-3.72,0,10.97
722515,474,473.42,-11.55,-11.55,0,10.97
722520,475,474.76,-18.82,-18.82,0,10.97
722525,457,457.59,-25.52,-25.52,0,10.97
722530,455,455.24,-31.65,-31.65,0,10.97
722535,450,449.42,-37.19,-37.19,0,10.97
722540,447,446.76,-42.17,-42.17,0,10.97
722545,446,446.58,-46.6,-46.6,0,10.97
722550,446,446.24,-50.49,-50.49,0,10.97
722555,445,444.42,-53.87,-53.87,0,10.97
722560,444,443.76,-56.77,-56.77,0,10.97
722565,442,442.58,-59.23,-59.23,0,10.97
722570,447,447.25,-61.28,-61.28,0,10.97
722575,446,445.42,-62.96,-62.96,0,10.97
722580,468,467.75,-64.31,-64.31,0,10.97
722585,449,449.58,-65.37,-65.37,0,10.97
722590,451,451.22,-66.19,-66.19,0,10.97
722595,463,462.43,-66.81,-66.81,0,10.97
722600,453,452.82,-67.25,-67.25,0,10.97
722605,456,456.55,-67.57,-67.57,0,10.97
722610,457,457.14,-67.78,-67.78,0,10.97
722615,457,456.48,-67.93,-67.93,0,10.97
722620,455,454.9,-68.05,-68.05,0,10.97
722625,456,456.5,-68.15,-68.15,0,10.97
722630,456,456.07,-68.27,-68.27,0,10.97
722635,454,453.53,-68.41,-68.41,0,10.97
722640,451,450.96,-68.6,-68.6,0,10.97
722645,451,451.45,-68.85,-68.85,0,10.97
722650,451,451.01,-69.17,-69.17,0,10.97
722655,448,447.57,-69.56,-69.56,0,10.97
722660,445,445.01,-70.02,-70.02,0,10.97
722665,443,443.41,-70.56,-70.56,0,10.97
722670,440,439.97,-71.18,-71.18,0,10.97
722675,436,435.61,-71.87,-71.87,0,10.97
722680,436,436.05,-72.62,-72.62,0,10.97
722685,433,433.37,-73.43,-73.43,0,10.97
722690,431,430.93,-74.29,-74.29,0,10.97
722695,427,426.64,-75.18,-75.18,0,10.97
722700,426,426.1,-76.11,-76.11,0,10.97
722705,420,420.35,-77.06,-77.06,0,10.97
722710,421,420.88,-78.02,-78.02,0,10.97
722715,420,419.67,-78.98,-78.98,0,10.97
722720,418,418.14,-79.93,-79.93,0,10.97
722725,416,416.32,-80.87,-80.87,0,10.97
722730,417,416.83,-81.79,-81.79,0,10.97
722735,417,416.7,-82.67,-82.67,0,10.97
722740,413,413.19,-83.52,-83.52,0,10.97
722745,413,413.27,-84.34,-84.34,0,10.97
722750,411,410.79,-85.11,-85.11,0,10.97
722755,408,407.75,-85.83,-85.83,0,10.97
722760,412,412.23,-86.51,-86.51,0,10.97
722765,411,411.24,-87.15,-87.15,0,10.97
722770,412,411.74,-87.74,-87.74,0,10.97
722775,411,410.77,-88.29,-88.29,0,10.97
722780,412,412.28,-88.81,-88.81,0,10.97
722785,412,412.21,-89.28,-89.28,0,10.97
722790,412,411.69,-89.73,-89.73,0,10.97
722795,413,412.8,-90.15,-90.15,0,10.97
722800,410,410.34,-90.54,-90.54,0,10.97
722805,414,414.19,-90.92,-90.92,0,10.97
722810,414,413.64,-91.28,-91.28,0,10.97
722815,415,414.81,-91.63,-91.63,0,10.97
722820,413,413.38,-91.97,-91.97,0,10.97
722825,417,417.18,-92.31,-92.31,0,10.97
722830,414,413.6,-92.64,-92.64,0,10.97
722835,417,416.83,-92.97,-92.97,0,10.97
722840,419,419.42,-93.3,-93.3,0,10.97
722845,418,418.17,-93.62,-93.62,0,10.97
722850,418,417.55,-93.93,-93.93,0,10.97
722855,419,418.84,-94.22,-94.22,0,10.97
722860,420,420.48,-94.48,-94.48,0,10.97
722865,422,422.16,-94.72,-94.72,0,10.97
722870,423,422.48,-94.9,-94.9,0,10.97
722875,425,424.84,-95.03,-94.9,0,10.97
722880,425,425.55,-95.07,-94.9,0,10.97
722885,426,426.15,-95.02,-94.9,0,10.97
722890,445,444.43,-94.85,-94.85,0,10.97
722895,429,428.85,-94.53,-94.53,0,10.97
722900,428,428.57,-94.03,-94.03,0,10.97
722905,430,430.14,-93.33,-93.33,0,10.97
722910,432,431.44,-92.38,-92.38,0,10.97
722915,433,432.86,-91.15,-91.15,0,10.97
722920,432,432.54,-89.6,-89.6,0,10.97
722925,433,433.13,-87.69,-87.69,0,10.97
722930,432,431.47,-85.37,-85.37,0,10.97
722935,433,432.88,-82.6,-82.6,0,10.97
722940,432,432.52,-79.34,-79.34,0,10.97
722945,433,433.11,-75.55,-75.55,0,10.97
722950,433,432.49,-71.18,-71.18,0,10.97
722955,433,432.89,-66.2,-66.2,0,10.97
722960,432,432.49,-60.57,-60.57,0,10.97
722965,431,431.1,-54.27,-54.27,0,10.97
722970,433,432.52,-47.26,-47.26,0,10.97
722975,430,429.91,-39.54,-39.54,0,10.97
722980,429,429.47,-31.08,-31.08,0,10.97
722985,432,432.09,-21.9,-21.9,0,10.97
722990,432,431.55,-12.0,-12.0,0,10.97
722995,436,435.92,-1.41,-1.41,0,10.97
723000,442,442.44,9.84,9.84,0,10.97
723005,454,454.08,21.69,21.69,0,10.97
723010,465,464.58,34.09,34.09,0,10.97
723015,483,482.92,46.94,46.94,0,10.97
723020,504,504.42,60.16,60.16,0,10.97
723025,528,528.08,73.63,73.63,0,10.97
723030,558,557.6,87.25,87.25,0,10.97
723035,585,584.92,100.87,100.87,0,10.97
723040,614,614.39,114.38,114.38,0,10.97
723045,642,642.08,127.64,127.64,0,10.97
723050,671,670.63,140.5,140.5,0,10.97
723055,696,695.92,152.84,152.84,0,10.97
723060,717,717.36,164.53,164.53,0,10.97
723065,735,735.07,175.46,175.46,0,10.97
723070,750,749.65,185.51,185.51,0,10.97
723075,760,759.93,194.6,194.6,0,10.97
723080,772,772.33,202.64,202.64,0,10.97
723085,776,776.07,209.56,209.56,0,10.97
723090,779,778.67,215.33,215.33,0,10.97
723095,779,778.93,219.89,219.89,0,10.97
723100,776,776.31,223.23,223.23,0,10.97
723105,773,773.07,225.36,224.52,0,10.97
723110,766,765.69,226.26,224.52,0,10.97
723115,759,758.93,225.97,224.52,0,10.97
723120,749,749.3,224.52,224.52,0,10.97
723125,740,740.07,221.95,221.95,0,10.97
723130,730,729.71,218.31,218.31,0,10.97
723135,721,720.93,213.67,213.67,0,10.97
723140,711,711.29,208.08,208.08,0,10.97
723145,699,699.07,201.62,201.62,0,10.97
723150,689,688.72,194.37,194.37,0,10.97
723155,679,678.93,186.39,186.39,0,10.97
723160,668,668.28,177.78,177.78,0,10.97
723165,657,657.07,168.6,168.6,0,10.97
723170,646,645.72,158.95,158.95,0,10.97
723175,636,635.94,148.9,148.9,0,10.97
723180,625,625.28,138.53,138.53,0,10.97
723185,615,615.06,127.93,127.93,0,10.97
723190,607,606.72,117.16,117.16,0,10.97
723195,596,595.95,106.3,106.3,0,10.97
723200,589,589.28,95.42,95.42,0,10.97
723205,579,579.05,84.59,84.59,0,10.97
723210,568,567.71,73.88,73.88,0,10.97
723215,556,555.95,63.36,63.36,0,10.97
723220,544,544.29,53.07,53.07,0,10.97
723225,533,533.05,43.08,43.08,0,10.97
723230,522,521.71,33.44,33.44,0,10.97
723235,511,510.95,24.2,24.2,0,10.97
723240,499,499.29,15.41,15.41,0,10.97
723245,489,489.05,7.09,7.09,0,10.97
723250,480,479.71,-0.71,-0.71,0,10.97
723255,471,470.95,-7.98,-7.98,0,10.97
723260,463,463.29,-14.69,-14.69,0,10.97
723265,457,457.05,-20.83,-20.83,0,10.97
723270,453,452.71,-26.39,-26.39,0,10.97
723275,449,448.96,-31.38,-31.38,0,10.97
723280,446,446.29,-35.81,-35.81,0,10.97
723285,443,443.04,-39.69,-39.69,0,10.97
723290,445,444.71,-43.04,-43.04,0,10.97
723295,443,442.96,-45.88,-45.88,0,10.97
723300,447,447.29,-48.26,-48.26,0,10.97
723305,448,448.03,-50.21,-50.21,0,10.97
723310,452,451.71,-51.76,-51.76,0,10.97
723315,458,457.97,-52.96,-52.96,0,10.97
723320,453,453.29,-53.85,-53.85,0,10.97
723325,459,459.02,-54.47,-54.47,0,10.97
723330,461,460.72,-54.86,-54.86,0,10.97
723335,461,461.0,-55.08,-55.02,0,10.97
723340,464,464.27,-55.15,-55.02,0,10.97
723345,465,464.99,-55.12,-55.02,0,10.97
723350,466,465.74,-55.02,-55.02,0,10.97
723355,467,467.02,-54.89,-54.89,0,10.97
723360,466,466.26,-54.75,-54.75,0,10.97
723365,466,465.97,-54.63,-54.63,0,10.97
723370,464,463.75,-54.56,-54.63,0,10.97
723375,462,462.04,-54.54,-54.63,0,10.97
723380,462,462.24,-54.6,-54.63,0,10.97
723385,460,459.95,-54.75,-54.75,0,10.97
723390,460,459.76,-54.98,-54.98,0,10.97
723395,453,453.05,-55.32,-55.32,0,10.97
723400,453,453.23,-55.75,-55.75,0,10.97
723405,451,450.94,-56.28,-56.28,0,10.97
723410,448,447.78,-56.91,-56.91,0,10.97
723415,446,446.06,-57.62,-57.62,0,10.97
723420,445,445.21,-58.41,-58.41,0,10.97
723425,442,441.95,-59.27,-59.27,0,10.97
723430,440,439.79,-60.2,-60.2,0,10.97
723435,437,437.05,-61.17,-61.17,0,10.97
723440,434,434.2,-62.19,-62.19,0,10.97
723445,432,431.95,-63.22,-63.22,0,10.97
723450,430,429.8,-64.28,-64.28,0,10.97
723455,429,429.05,-65.33,-65.33,0,10.97
723460,427,427.19,-66.38,-66.38,0,10.97
723465,427,426.95,-67.41,-67.41,0,10.97
723470,425,424.81,-68.41,-68.41,0,10.97
723475,425,425.05,-69.38,-69.38,0,10.97
723480,423,423.18,-70.3,-70.3,0,10.97
723485,422,421.94,-71.17,-71.17,0,10.97
723490,421,420.82,-71.98,-71.98,0,10.97
723495,420,420.06,-72.74,-72.74,0,10.97
723500,419,419.18,-73.43,-73.43,0,10.97
723505,419,418.94,-74.05,-74.05,0,10.97
723510,419,418.83,-74.6,-74.6,0,10.97
723515,418,418.06,-75.09,-75.09,0,10.97
723520,418,418.17,-75.51,-75.51,0,10.97
723525,419,418.94,-75.88,-75.88,0,10.97
723530,419,418.84,-76.18,-76.18,0,10.97
723535,419,419.06,-76.43,-76.43,0,10.97
723540,420,420.16,-76.64,-76.64,0,10.97
723545,420,419.94,-76.8,-76.8,0,10.97
723550,421,420.84,-76.94,-76.94,0,10.97
723555,420,420.06,-77.04,-77.04,0,10.97
723560,421,421.15,-77.13,-77.13,0,10.97
723565,422,421.94,-77.2,-77.2,0,10.97
723570,420,419.85,-77.28,-77.28,0,10.97
723575,421,421.05,-77.35,-77.35,0,10.97
723580,422,422.15,-77.44,-77.44,0,10.97
723585,423,422.95,-77.55,-77.55,0,10.97
723590,425,424.85,-77.68,-77.68,0,10.97
723595,426,426.04,-77.85,-77.85,0,10.97
723600,424,424.14,-78.05,-78.05,0,10.97
723605,425,424.96,-78.3,-78.3,0,10.97
723610,426,425.86,-78.58,-78.58,0,10.97
723615,426,426.04,-78.92,-78.92,0,10.97
723620,427,427.13,-79.29,-79.29,0,10.97
723625,427,426.96,-79.71,-79.71,0,10.97
723630,429,428.88,-80.17,-80.17,0,10.97
723635,429,429.04,-80.66,-80.66,0,10.97
723640,429,429.12,-81.18,-81.18,0,10.97
723645,430,429.96,-81.71,-81.71,0,10.97
723650,431,430.89,-82.24,-82.24,0,10.97
723655,431,431.04,-82.76,-82.76,0,10.97
723660,435,435.1,-83.25,-83.25,0,10.97
723665,433,432.96,-83.7,-83.7,0,10.97
723670,434,433.9,-84.06,-84.06,0,10.97
723675,433,433.04,-84.33,-84.23,0,10.97
723680,435,435.1,-84.47,-84.23,0,10.97
723685,436,435.96,-84.45,-84.23,0,10.97
723690,435,434.9,-84.23,-84.23,0,10.97
723695,435,435.03,-83.78,-83.78,0,10.97
723700,436,436.1,-83.06,-83.06,0,10.97
723705,436,435.98,-82.02,-82.02,0,10.97
723710,435,434.9,-80.64,-80.64,0,10.97
723715,437,437.02,-78.85,-78.85,0,10.97
723720,436,436.11,-76.63,-76.63,0,10.97
723725,435,434.99,-73.92,-73.92,0,10.97
723730,435,434.89,-70.68,-70.68,0,10.97
723735,435,435.01,-66.87,-66.87,0,10.97
723740,435,435.12,-62.45,-62.45,0,10.97
723745,435,434.99,-57.38,-57.38,0,10.97
723750,433,432.87,-51.64,-51.64,0,10.97
723755,434,434.0,-45.2,-45.2,0,10.97
723760,432,432.14,-38.03,-38.03,0,10.97
723765,435,435.0,-30.12,-30.12,0,10.97
723770,438,437.86,-21.48,-21.48,0,10.97
723775,434,433.99,-12.11,-12.11,0,10.97
723780,437,437.15,-2.03,-2.03,0,10.97
723785,441,441.02,8.73,8.73,0,10.97
723790,449,448.86,20.13,20.13,0,10.97
723795,459,458.97,32.1,32.1,0,10.97
723800,474,474.14,44.57,44.57,0,10.97
723805,491,491.04,57.45,57.45,0,10.97
723810,516,515.87,70.64,70.64,0,10.97
723815,540,539.96,84.02,84.02,0,10.97
723820,569,569.13,97.48,97.48,0,10.97
723825,597,597.05,110.86,110.86,0,10.97
723830,627,626.88,124.04,124.04,0,10.97
723835,655,654.94,136.88,136.88,0,10.97
723840,681,681.12,149.24,149.24,0,10.97
723845,706,706.06,160.98,160.98,0,10.97
723850,729,728.89,171.97,171.97,0,10.97
723855,746,745.93,182.11,182.11,0,10.97
723860,762,762.1,191.28,191.28,0,10.97
723865,768,768.07,199.39,199.39,0,10.97
723870,778,777.9,206.37,206.37,0,10.97
723875,783,782.92,212.15,212.15,0,10.97
723880,784,784.09,216.7,216.7,0,10.97
723885,782,782.07,219.99,219.99,0,10.97
723890,778,777.91,222.01,220.55,0,10.97
723895,766,765.93,222.76,220.55,0,10.97
723900,763,763.09,222.26,220.55,0,10.97
723905,755,755.08,220.55,220.55,0,10.97
723910,744,743.91,217.67,217.67,0,10.97
723915,732,731.9,213.67,213.67,0,10.97
723920,721,721.08,208.62,208.62,0,10.97
723925,704,704.11,202.6,202.6,0,10.97
723930,696,695.92,195.67,195.67,0,10.97
723935,682,681.88,187.93,187.93,0,10.97
723940,671,671.08,179.46,179.46,0,10.97
723945,659,659.13,170.35,170.35,0,10.97
723950,645,644.93,160.68,160.68,0,10.97
723955,634,633.86,150.55,150.55,0,10.97
723960,624,624.08,140.05,140.05,0,10.97
723965,613,613.15,129.26,129.26,0,10.97
723970,602,601.92,118.26,118.26,0,10.97
723975,595,594.84,107.15,107.15,0,10.97
723980,581,581.08,96.0,96.0,0,10.97
723985,572,572.17,84.89,84.89,0,10.97
723990,562,561.91,73.89,73.89,0,10.97
723995,552,551.82,63.07,63.07,0,10.97
724000,542,542.09,52.5,52.5,0,10.97
724005,531,531.18,42.23,42.23,0,10.97
724010,519,518.91,32.32,32.32,0,10.97
724015,511,510.81,22.83,22.83,0,10.97
724020,499,499.1,13.81,13.81,0,10.97
724025,489,489.2,5.28,5.28,0,10.97
724030,480,479.89,-2.7,-2.7,0,10.97
724035,470,469.8,-10.12,-10.12,0,10.97
724040,461,461.11,-16.95,-16.95,0,10.97
724045,458,458.21,-23.18,-23.18,0,10.97
724050,452,451.89,-28.79,-28.79,0,10.97
724055,448,447.78,-33.79,-33.79,0,10.97
724060,441,441.11,-38.18,-38.18,0,10.97
724065,442,442.23,-41.98,-41.98,0,10.97
724070,442,441.9,-45.2,-45.2,0,10.97
724075,442,441.76,-47.87,-47.87,0,10.97
724080,443,443.09,-50.02,-50.02,0,10.97
724085,444,444.25,-51.69,-51.69,0,10.97
724090,447,446.92,-52.92,-52.92,0,10.97
724095,449,448.74,-53.74,-53.74,0,10.97
724100,453,453.07,-54.21,-53.93,0,10.97
724105,458,458.27,-54.36,-53.93,0,10.97
724110,460,459.93,-54.25,-53.93,0,10.97
724115,460,459.71,-53.93,-53.93,0,10.97
724120,466,466.06,-53.44,-53.44,0,10.97
724125,468,468.31,-52.82,-52.82,0,10.97
724130,471,470.95,-52.12,-52.12,0,10.97
724135,473,472.66,-51.38,-51.38,0,10.97
724140,474,474.04,-50.62,-50.62,0,10.97
724145,475,475.36,-49.9,-49.9,0,10.97
724150,475,474.97,-49.22,-49.22,0,10.97
724155,475,474.61,-48.62,-48.62,0,10.97
724160,473,473.02,-48.12,-48.12,0,10.97
724165,448,448.4,-47.73,-47.73,0,10.97
724170,470,469.99,-47.46,-47.47,0,10.97
724175,468,467.62,-47.32,-47.47,0,10.97
724180,467,467.0,-47.32,-47.47,0,10.97
724185,467,467.34,-47.47,-47.47,0,10.97
724190,461,461.01,-47.76,-47.76,0,10.97
724195,460,459.69,-48.2,-48.2,0,10.97
724200,458,457.98,-48.76,-48.76,0,10.97
724205,454,454.29,-49.46,-49.46,0,10.97
724210,452,452.02,-50.28,-50.28,0,10.97
724215,450,449.74,-51.21,-51.21,0,10.97
724220,446,445.97,-52.24,-52.24,0,10.97
724225,444,444.23,-53.35,-53.35,0,10.97
724230,442,442.03,-54.54,-54.54,0,10.97
724235,439,438.8,-55.79,-55.79,0,10.97
724240,437,436.96,-57.09,-57.09,0,10.97
724245,435,435.17,-58.43,-58.43,0,10.97
724250,434,434.04,-59.79,-59.79,0,10.97
724255,433,432.86,-61.17,-61.17,0,10.97
724260,431,430.95,-62.55,-62.55,0,10.97
724265,430,430.11,-63.94,-63.94,0,10.97
724270,428,428.06,-65.31,-65.31,0,10.97
724275,428,427.92,-66.66,-66.66,0,10.97
724280,428,427.93,-68.0,-68.0,0,10.97
724285,425,425.05,-69.3,-69.3,0,10.97
724290,425,425.07,-70.58,-70.58,0,10.97
724295,423,422.98,-71.82,-71.82,0,10.97
724300,423,422.93,-73.02,-73.02,0,10.97
724305,423,422.99,-74.19,-74.19,0,10.97
724310,423,423.08,-75.33,-75.33,0,10.97
724315,423,423.04,-76.43,-76.43,0,10.97
724320,422,421.91,-77.49,-77.49,0,10.97
724325,423,422.93,-78.52,-78.52,0,10.97
724330,425,425.09,-79.51,-79.51,0,10.97
724335,421,421.09,-80.47,-80.47,0,10.97
724340,424,423.89,-81.4,-81.4,0,10.97
724345,435,434.89,-82.29,-82.29,0,10.97
724350,425,425.12,-83.15,-83.15,0,10.97
724355,427,427.11,-83.98,-83.98,0,10.97
724360,427,426.87,-84.76,-84.76,0,10.97
724365,430,429.89,-85.49,-85.49,0,10.97
724370,422,422.14,-86.16,-86.16,0,10.97
724375,428,428.1,-86.76,-86.76,0,10.97
724380,430,429.86,-87.29,-87.29,0,10.97
724385,431,430.91,-87.72,-87.72,0,10.97
724390,430,430.14,-88.04,-88.04,0,10.97
724395,430,430.08,-88.23,-88.04,0,10.97
724400,433,432.87,-88.27,-88.04,0,10.97
724405,431,430.94,-88.13,-88.04,0,10.97
724410,433,433.12,-87.79,-87.79,0,10.97
724415,432,432.05,-87.23,-87.23,0,10.97
724420,435,434.89,-86.41,-86.41,0,10.97
724425,434,433.97,-85.3,-85.3,0,10.97
724430,435,435.1,-83.87,-83.87,0,10.97
724435,435,435.02,-82.08,-82.08,0,10.97
724440,435,434.91,-79.9,-79.9,0,10.97
724445,435,435.0,-77.29,-77.29,0,10.97
724450,434,434.08,-74.22,-74.22,0,10.97
724455,436,435.99,-70.66,-70.66,0,10.97
724460,436,435.93,-66.56,-66.56,0,10.97
724465,435,435.02,-61.92,-61.92,0,10.97
724470,435,435.06,-56.69,-56.69,0,10.97
724475,436,435.97,-50.85,-50.85,0,10.97
724480,437,436.96,-44.39,-44.39,0,10.97
724485,436,436.05,-37.31,-37.31,0,10.97
724490,436,436.03,-29.58,-29.58,0,10.97
724495,437,436.94,-21.23,-21.23,0,10.97
724500,437,436.99,-12.27,-12.27,0,10.97
724505,441,441.07,-2.72,-2.72,0,10.97
724510,446,445.99,7.38,7.38,0,10.97
724515,455,454.93,17.98,17.98,0,10.97
724520,467,467.03,29.01,29.01,0,10.97
724525,481,481.09,40.4,40.4,0,10.97
724530,504,503.96,52.05,52.05,0,10.97
724535,526,525.91,63.87,63.87,0,10.97
724540,547,547.06,75.75,75.75,0,10.97
724545,572,572.09,87.57,87.57,0,10.97
724550,600,599.94,99.21,99.21,0,10.97
724555,625,624.91,110.53,110.53,0,10.97
724560,649,649.07,121.43,121.43,0,10.97
724565,671,671.08,131.77,131.77,0,10.97
724570,691,690.92,141.45,141.45,0,10.97
724575,708,707.92,150.35,150.35,0,10.97
724580,722,722.08,158.37,158.37,0,10.97
724585,734,734.07,165.45,165.45,0,10.97
724590,741,740.9,171.5,171.5,0,10.97
724595,744,743.92,176.47,176.47,0,10.97
724600,745,745.1,180.31,180.31,0,10.97
724605,743,743.07,183.01,183.01,0,10.97
724610,740,739.89,184.56,183.01,0,10.97
724615,734,733.92,184.96,183.01,0,10.97
724620,723,723.11,184.22,183.01,0,10.97
724625,719,719.07,182.38,182.38,0,10.97
724630,711,710.9,179.48,179.48,0,10.97
724635,698,697.92,175.57,175.57,0,10.97
724640,685,685.09,170.72,170.72,0,10.97
724645,672,672.07,164.98,164.98,0,10.97
724650,663,662.92,158.44,158.44,0,10.97
724655,651,650.93,151.18,151.18,0,10.97
724660,638,638.06,143.27,143.27,0,10.97
724665,627,627.06,134.8,134.8,0,10.97
724670,617,616.96,125.86,125.86,0,10.97
724675,607,606.94,116.53,116.53,0,10.97
724680,597,597.02,106.9,106.9,0,10.97
724685,586,586.05,97.05,97.05,0,10.97
724690,576,575.99,87.07,87.07,0,10.97
724695,567,566.96,77.03,77.03,0,10.97
724700,555,554.99,67.01,67.01,0,10.97
724705,548,548.03,57.08,57.08,0,10.97
724710,539,539.03,47.32,47.32,0,10.97
724715,529,528.98,37.79,37.79,0,10.97
724720,518,517.95,28.56,28.56,0,10.97
724725,508,508.0,19.67,19.67,0,10.97
724730,497,497.08,11.2,11.2,0,10.97
724735,489,489.01,3.17,3.17,0,10.97
724740,478,477.9,-4.36,-4.36,0,10.97
724745,471,470.98,-11.36,-11.36,0,10.97
724750,463,463.13,-17.8,-17.8,0,10.97
724755,457,457.04,-23.66,-23.66,0,10.97
724760,450,449.85,-28.93,-28.93,0,10.97
724765,447,446.95,-33.59,-33.59,0,10.97
724770,444,444.18,-37.65,-37.65,0,10.97
724775,443,443.07,-41.12,-41.12,0,10.97
724780,439,438.78,-44.01,-44.01,0,10.97
724785,442,441.92,-46.34,-46.34,0,10.97
724790,443,443.25,-48.15,-48.15,0,10.97
724795,447,447.1,-49.45,-49.45,0,10.97
724800,448,447.71,-50.29,-50.29,0,10.97
724805,453,452.88,-50.72,-50.29,0,10.97
724810,456,456.33,-50.77,-50.29,0,10.97
724815,461,461.14,-50.5,-50.29,0,10.97
724820,464,463.63,-49.95,-49.95,0,10.97
724825,467,466.84,-49.17,-49.17,0,10.97
724830,472,472.41,-48.21,-48.21,0,10.97
724835,475,475.18,-47.11,-47.11,0,10.97
724840,479,478.54,-45.93,-45.93,0,10.97
724845,481,480.79,-44.7,-44.7,0,10.97
724850,459,459.48,-43.46,-43.46,0,10.97
724855,485,485.24,-42.26,-42.26,0,10.97
724860,485,484.52,-41.12,-41.12,0,10.97
724865,486,485.74,-40.08,-40.08,0,10.97
724870,484,484.46,-39.16,-39.16,0,10.97
724875,484,484.29,-38.39,-38.39,0,10.97
724880,483,482.56,-37.78,-37.78,0,10.97
724885,481,480.68,-37.36,-37.36,0,10.97
724890,480,480.42,-37.12,-37.36,0,10.97
724895,478,478.35,-37.09,-37.36,0,10.97
724900,475,474.6,-37.25,-37.36,0,10.97
724905,473,472.62,-37.61,-37.61,0,10.97
724910,470,470.38,-38.18,-38.18,0,10.97
724915,467,467.41,-38.94,-38.94,0,10.97
724920,465,464.63,-39.88,-39.88,0,10.97
724925,484,483.57,-41.01,-41.01,0,10.97
724930,455,455.35,-42.3,-42.3,0,10.97
724935,456,456.41,-43.74,-43.74,0,10.97
724940,453,452.67,-45.32,-45.32,0,10.97
724945,453,452.62,-47.03,-47.03,0,10.97
724950,449,449.31,-48.85,-48.85,0,10.97
724955,445,445.35,-50.75,-50.75,0,10.97
724960,442,441.71,-52.74,-52.74,0,10.97
724965,442,441.68,-54.79,-54.79,0,10.97
724970,442,442.27,-56.89,-56.89,0,10.97
724975,440,440.29,-59.02,-59.02,0,10.97
724980,436,435.74,-61.17,-61.17,0,10.97
724985,438,437.74,-63.33,-63.33,0,10.97
724990,437,437.26,-65.49,-65.49,0,10.97
724995,437,437.23,-67.63,-67.63,0,10.97
725000,435,434.74,-69.75,-69.75,0,10.97
725005,435,434.8,-71.82,-71.82,0,10.97
725010,436,436.26,-73.84,-73.84,0,10.97
725015,435,435.17,-75.8,-75.8,0,10.97
725020,434,433.74,-77.68,-77.68,0,10.97
725025,435,434.86,-79.46,-79.46,0,10.97
725030,437,437.27,-81.14,-81.14,0,10.97
725035,437,437.12,-82.69,-82.69,0,10.97
725040,438,437.72,-84.09,-84.09,0,10.97
725045,436,435.9,-85.33,-85.33,0,10.97
725050,435,435.29,-86.38,-86.38,0,10.97
725055,437,437.08,-87.22,-87.22,0,10.97
725060,436,435.7,-87.83,-87.83,0,10.97
725065,433,432.94,-88.16,-87.83,0,10.97
725070,435,435.3,-88.2,-87.83,0,10.97
725075,433,433.05,-87.92,-87.83,0,10.97
725080,434,433.69,-87.28,-87.28,0,10.97
725085,433,432.97,-86.24,-86.24,0,10.97
725090,436,436.32,-84.79,-84.79,0,10.97
725095,434,434.02,-82.88,-82.88,0,10.97
725100,435,434.67,-80.48,-80.48,0,10.97
725105,432,431.99,-77.56,-77.56,0,10.97
725110,432,432.35,-74.1,-74.1,0,10.97
725115,433,433.0,-70.06,-70.06,0,10.97
725120,433,432.64,-65.42,-65.42,0,10.97
725125,433,433.01,-60.16,-60.16,0,10.97
725130,433,433.37,-54.27,-54.27,0,10.97
725135,433,432.98,-47.73,-47.73,0,10.97
725140,434,433.62,-40.56,-40.56,0,10.97
725145,433,433.03,-32.74,-32.74,0,10.97
725150,433,433.39,-24.31,-24.31,0,10.97
725155,437,436.97,-15.28,-15.28,0,10.97
725160,440,439.6,-5.69,-5.69,0,10.97
725165,446,446.04,4.4,4.4,0,10.97
725170,458,458.41,14.95,14.95,0,10.97
725175,475,474.96,25.86,25.86,0,10.97
725180,489,488.58,37.05,37.05,0,10.97
725185,512,512.04,48.43,48.43,0,10.97
725190,535,535.44,59.89,59.89,0,10.97
725195,560,559.97,71.31,71.31,0,10.97
725200,585,584.54,82.57,82.57,0,10.97
725205,609,609.03,93.54,93.54,0,10.97
725210,633,633.47,104.11,104.11,0,10.97
725215,658,657.98,114.14,114.14,0,10.97
725220,676,675.5,123.53,123.53,0,10.97
725225,693,693.01,132.17,132.17,0,10.97
725230,707,707.51,139.96,139.96,0,10.97
725235,719,719.0,146.81,146.81,0,10.97
725240,728,727.47,152.66,152.66,0,10.97
725245,730,729.98,157.44,157.44,0,10.97
725250,735,735.55,161.11,161.11,0,10.97
725255,733,733.04,163.65,163.65,0,10.97
725260,728,727.42,165.04,163.65,0,10.97
725265,724,723.94,165.29,163.65,0,10.97
725270,718,718.6,164.42,163.65,0,10.97
725275,709,709.08,162.46,162.46,0,10.97
725280,698,697.36,159.45,159.45,0,10.97
725285,686,685.9,155.44,155.44,0,10.97
725290,649,649.65,150.5,150.5,0,10.97
725295,665,665.12,144.7,144.7,0,10.97
725300,651,650.36,138.11,138.11,0,10.97
725305,640,639.85,130.82,130.82,0,10.97
725310,628,628.6,122.9,122.9,0,10.97
725315,616,616.18,114.45,114.45,0,10.97
725320,606,605.43,105.55,105.55,0,10.97
725325,593,592.79,96.29,96.29,0,10.97
725330,583,583.54,86.76,86.76,0,10.97
725335,572,572.24,77.05,77.05,0,10.97
725340,562,561.49,67.24,67.24,0,10.97
725345,553,552.73,57.41,57.41,0,10.97
725350,542,542.48,47.64,47.64,0,10.97
725355,535,535.31,38.01,38.01,0,10.97
725360,521,520.54,28.6,28.6,0,10.97
725365,512,511.66,19.46,19.46,0,10.97
725370,500,500.43,10.67,10.67,0,10.97
725375,492,492.38,2.28,2.28,0,10.97
725380,481,480.59,-5.66,-5.66,0,10.97
725385,496,495.59,-13.1,-13.1,0,10.97
725390,465,465.38,-20.0,-20.0,0,10.97
725395,457,457.4,-26.34,-26.34,0,10.97
725400,450,449.64,-32.07,-32.07,0,10.97
725405,445,444.62,-37.2,-37.2,0,10.97
725410,440,440.35,-41.69,-41.69,0,10.97
725415,439,439.36,-45.57,-45.57,0,10.97
725420,437,436.68,-48.82,-48.82,0,10.97
725425,437,436.66,-51.46,-51.46,0,10.97
725430,438,438.31,-53.53,-53.53,0,10.97
725435,441,441.33,-55.03,-55.03,0,10.97
725440,444,443.71,-56.02,-56.02,0,10.97
725445,452,451.69,-56.52,-56.02,0,10.97
725450,451,451.27,-56.59,-56.02,0,10.97
725455,455,455.29,-56.27,-56.02,0,10.97
725460,460,459.75,-55.62,-55.62,0,10.97
725465,464,463.73,-54.67,-54.67,0,10.97
725470,470,470.23,-53.5,-53.5,0,10.97
725475,475,475.24,-52.14,-52.14,0,10.97
725480,476,475.78,-50.66,-50.66,0,10.97
725485,481,480.78,-49.1,-49.1,0,10.97
725490,484,484.2,-47.51,-47.51,0,10.97
725495,486,486.2,-45.94,-45.94,0,10.97
725500,490,489.81,-44.42,-44.42,0,10.97
725505,490,489.81,-43.01,-43.01,0,10.97
725510,485,485.18,-41.72,-41.72,0,10.97
725515,493,493.17,-40.59,-40.59,0,10.97
725520,492,491.85,-39.64,-39.64,0,10.97
725525,490,489.84,-38.9,-38.9,0,10.97
725530,490,490.12,-38.38,-38.38,0,10.97
725535,489,489.14,-38.1,-38.38,0,10.97
725540,484,483.91,-38.06,-38.38,0,10.97
725545,485,484.87,-38.27,-38.38,0,10.97
725550,482,482.07,-38.72,-38.72,0,10.97
725555,480,480.13,-39.42,-39.42,0,10.97
725560,478,477.96,-40.35,-40.35,0,10.97
725565,473,472.88,-41.52,-41.52,0,10.97
725570,471,471.02,-42.9,-42.9,0,10.97
725575,470,470.11,-44.48,-44.48,0,10.97
725580,467,467.01,-46.25,-46.25,0,10.97
725585,465,464.89,-48.19,-48.19,0,10.97
725590,463,462.96,-50.28,-50.28,0,10.97
725595,459,459.11,-52.51,-52.51,0,10.97
725600,456,456.06,-54.84,-54.84,0,10.97
725605,455,454.9,-57.27,-57.27,0,10.97
725610,453,452.91,-59.75,-59.75,0,10.97
725615,451,451.1,-62.28,-62.28,0,10.97
725620,448,448.11,-64.83,-64.83,0,10.97
725625,450,449.91,-67.36,-67.36,0,10.97
725630,448,447.87,-69.87,-69.87,0,10.97
725635,446,446.08,-72.31,-72.31,0,10.97
725640,446,446.14,-74.67,-74.67,0,10.97
725645,446,445.93,-76.92,-76.92,0,10.97
725650,445,444.84,-79.03,-79.03,0,10.97
725655,443,443.06,-80.96,-80.96,0,10.97
725660,444,444.18,-82.7,-82.7,0,10.97
725665,444,443.95,-84.2,-84.2,0,10.97
725670,445,444.8,-85.44,-85.44,0,10.97
725675,443,443.03,-86.38,-86.38,0,10.97
725680,442,442.21,-86.99,-86.49,0,10.97
725685,442,441.99,-87.24,-86.49,0,10.97
725690,442,441.77,-87.09,-86.49,0,10.97
725695,442,442.0,-86.49,-86.49,0,10.97
725700,441,441.24,-85.43,-85.43,0,10.97
725705,442,442.02,-83.87,-83.87,0,10.97
725710,442,441.75,-81.76,-81.76,0,10.97
725715,440,439.97,-79.08,-79.08,0,10.97
725720,442,442.26,-75.8,-75.8,0,10.97
725725,440,440.05,-71.89,-71.89,0,10.97
725730,441,440.72,-67.33,-67.33,0,10.97
725735,440,439.93,-62.1,-62.1,0,10.97
725740,439,439.29,-56.19,-56.19,0,10.97
725745,440,440.09,-49.58,-49.58,0,10.97
725750,440,439.7,-42.28,-42.28,0,10.97
725755,439,438.89,-34.3,-34.3,0,10.97
725760,441,441.32,-25.65,-25.65,0,10.97
725765,442,442.13,-16.37,-16.37,0,10.97
725770,439,438.67,-6.49,-6.49,0,10.97
725775,461,460.86,3.93,3.93,0,10.97
725780,469,469.37,14.82,14.82,0,10.97
725785,480,480.15,26.1,26.1,0,10.97
725790,524,523.6,37.68,37.68,0,10.97
725795,526,525.85,49.46,49.46,0,10.97
725800,546,546.4,61.33,61.33,0,10.97
725805,573,573.14,73.16,73.16,0,10.97
725810,596,595.62,84.83,84.83,0,10.97
725815,622,621.86,96.22,96.22,0,10.97
725820,644,644.37,107.19,107.19,0,10.97
725825,671,671.13,117.64,117.64,0,10.97
725830,692,691.65,127.43,127.43,0,10.97
725835,710,709.87,136.46,136.46,0,10.97
725840,723,723.32,144.62,144.62,0,10.97
725845,734,734.13,151.84,151.84,0,10.97
725850,741,740.69,158.03,158.03,0,10.97
725855,748,747.88,163.13,163.13,0,10.97
725860,747,747.28,167.11,167.11,0,10.97
725865,750,750.12,169.93,169.93,0,10.97
725870,745,744.74,171.58,169.93,0,10.97
725875,738,737.88,172.06,169.93,0,10.97
725880,732,732.24,171.38,169.93,0,10.97
725885,724,724.12,169.58,169.58,0,10.97
725890,714,713.78,166.7,166.7,0,10.97
725895,702,701.88,162.78,162.78,0,10.97
725900,692,692.2,157.88,157.88,0,10.97
725905,677,677.13,152.08,152.08,0,10.97
725910,668,667.82,145.45,145.45,0,10.97
725915,657,656.87,138.06,138.06,0,10.97
725920,645,645.16,130.01,130.01,0,10.97
725925,633,633.13,121.37,121.37,0,10.97
725930,621,620.86,112.24,112.24,0,10.97
725935,611,610.88,102.7,102.7,0,10.97
725940,599,599.12,92.84,92.84,0,10.97
725945,589,589.12,82.76,82.76,0,10.97
725950,580,579.9,72.53,72.53,0,10.97
725955,567,566.88,62.23,62.23,0,10.97
725960,559,559.08,51.96,51.96,0,10.97
725965,550,550.12,41.78,41.78,0,10.97
725970,540,539.94,31.77,31.77,0,10.97
725975,529,528.87,22.01,22.01,0,10.97
725980,518,518.04,12.55,12.55,0,10.97
725985,507,507.13,3.46,3.46,0,10.97
725990,496,495.98,-5.21,-5.21,0,10.97
725995,489,488.86,-13.4,-13.4,0,10.97
726000,477,477.0,-21.07,-21.07,0,10.97
726005,469,469.14,-28.19,-28.19,0,10.97
726010,460,460.02,-34.72,-34.72,0,10.97
726015,454,453.86,-40.64,-40.64,0,10.97
726020,449,448.96,-45.94,-45.94,0,10.97
726025,445,445.14,-50.61,-50.61,0,10.97
726030,441,441.06,-54.66,-54.66,0,10.97
726035,440,439.86,-58.08,-58.08,0,10.97
726040,441,440.92,-60.91,-60.91,0,10.97
726045,437,437.14,-63.15,-63.15,0,10.97
726050,444,444.09,-64.85,-64.85,0,10.97
726055,446,445.86,-66.04,-66.04,0,10.97
726060,449,448.89,-66.77,-66.61,0,10.97
726065,450,450.13,-67.07,-66.61,0,10.97
726070,456,456.13,-67.0,-66.61,0,10.97
726075,462,461.89,-66.61,-66.61,0,10.97
726080,466,465.86,-65.95,-65.95,0,10.97
726085,469,469.1,-65.08,-65.08,0,10.97
726090,475,475.16,-64.05,-64.05,0,10.97
726095,476,475.92,-62.92,-62.92,0,10.97
726100,482,481.83,-61.72,-61.72,0,10.97
726105,482,482.06,-60.52,-60.52,0,10.97
726110,483,483.19,-59.35,-59.35,0,10.97
726115,486,485.95,-58.26,-58.26,0,10.97
726120,487,486.8,-57.28,-57.28,0,10.97
726125,489,489.03,-56.43,-56.43,0,10.97
726130,486,486.21,-55.76,-55.76,0,10.97
726135,486,485.98,-55.28,-55.28,0,10.97
726140,484,483.78,-55.01,-55.28,0,10.97
726145,483,483.01,-54.96,-55.28,0,10.97
726150,483,483.23,-55.14,-55.28,0,10.97
726155,479,479.0,-55.55,-55.55,0,10.97
726160,476,475.75,-56.2,-56.2,0,10.97
726165,477,476.99,-57.08,-57.08,0,10.97
726170,472,472.27,-58.18,-58.18,0,10.97
726175,472,472.02,-59.5,-59.5,0,10.97
726180,467,466.71,-61.01,-61.01,0,10.97
726185,464,463.97,-62.7,-62.7,0,10.97
726190,462,462.31,-64.56,-64.56,0,10.97
726195,459,459.04,-66.56,-66.56,0,10.97
726200,460,459.67,-68.67,-68.67,0,10.97
726205,456,455.95,-70.88,-70.88,0,10.97
726210,450,450.34,-73.15,-73.15,0,10.97
726215,453,453.06,-75.46,-75.46,0,10.97
726220,451,450.65,-77.77,-77.77,0,10.97
726225,452,451.93,-80.06,-80.06,0,10.97
726230,448,448.36,-82.29,-82.29,0,10.97
726235,448,448.08,-84.43,-84.43,0,10.97
726240,446,445.63,-86.45,-86.45,0,10.97
726245,446,445.91,-88.3,-88.3,0,10.97
726250,446,446.38,-89.96,-89.96,0,10.97
726255,445,445.1,-91.38,-91.38,0,10.97
726260,445,444.61,-92.52,-92.52,0,10.97
726265,443,442.9,-93.35,-93.35,0,10.97
726270,443,443.4,-93.82,-93.35,0,10.97
726275,444,444.12,-93.9,-93.35,0,10.97
726280,444,443.59,-93.54,-93.35,0,10.97
726285,448,447.88,-92.7,-92.7,0,10.97
726290,444,444.42,-91.35,-91.35,0,10.97
726295,444,444.13,-89.44,-89.44,0,10.97
726300,443,442.56,-86.94,-86.94,0,10.97
726305,442,441.87,-83.8,-83.8,0,10.97
726310,440,440.45,-80.0,-80.0,0,10.97
726315,443,443.14,-75.51,-75.51,0,10.97
726320,442,441.54,-70.31,-70.31,0,10.97
726325,440,439.86,-64.36,-64.36,0,10.97
726330,440,440.47,-57.67,-57.67,0,10.97
726335,441,441.16,-50.22,-50.22,0,10.97
726340,440,439.52,-42.03,-42.03,0,10.97
726345,441,440.83,-33.1,-33.1,0,10.97
726350,440,440.49,-23.46,-23.46,0,10.97
726355,448,448.19,-13.15,-13.15,0,10.97
726360,457,456.51,-2.22,-2.22,0,10.97
726365,469,468.8,9.27,9.27,0,10.97
726370,484,484.5,21.23,21.23,0,10.97
726375,503,503.21,33.57,33.57,0,10.97
726380,526,525.5,46.18,46.18,0,10.97
726385,556,555.78,58.96,58.96,0,10.97
726390,578,578.51,71.78,71.78,0,10.97
726395,607,607.23,84.51,84.51,0,10.97
726400,634,633.49,97.01,97.01,0,10.97
726405,659,658.77,109.16,109.16,0,10.97
726410,686,686.52,120.81,120.81,0,10.97
726415,702,702.23,131.86,131.86,0,10.97
726420,728,727.47,142.18,142.18,0,10.97
726425,737,736.76,151.67,151.67,0,10.97
726430,751,751.53,160.23,160.23,0,10.97
726435,759,759.23,167.78,167.78,0,10.97
726440,765,764.46,174.26,174.26,0,10.97
726445,769,768.76,179.61,179.61,0,10.97
726450,764,764.54,183.8,183.8,0,10.97
726455,765,765.24,186.81,186.81,0,10.97
726460,762,761.45,188.62,187.08,0,10.97
726465,759,758.76,189.26,187.08,0,10.97
726470,747,747.54,188.73,187.08,0,10.97
726475,740,740.23,187.08,187.08,0,10.97
726480,730,729.46,184.33,184.33,0,10.97
726485,720,719.78,180.55,180.55,0,10.97
726490,710,710.54,175.79,175.79,0,10.97
726495,700,700.21,170.12,170.12,0,10.97
726500,689,688.46,163.6,163.6,0,10.97
726505,676,675.79,156.32,156.32,0,10.97
726510,667,667.54,148.36,148.36,0,10.97
726515,658,658.21,139.78,139.78,0,10.97
726520,647,646.46,130.68,130.68,0,10.97
726525,635,634.78,121.14,121.14,0,10.97
726530,627,627.54,111.23,111.23,0,10.97
726535,617,617.22,101.05,101.05,0,10.97
726540,609,608.45,90.66,90.66,0,10.97
726545,598,597.76,80.15,80.15,0,10.97
726550,587,587.55,69.59,69.59,0,10.97
726555,576,576.24,59.06,59.06,0,10.97
726560,567,566.45,48.63,48.63,0,10.97
726565,558,557.75,38.37,38.37,0,10.97
726570,545,545.55,28.33,28.33,0,10.97
726575,534,534.25,18.6,18.6,0,10.97
726580,523,522.45,9.21,9.21,0,10.97
726585,511,510.74,0.23,0.23,0,10.97
726590,498,498.56,-8.3,-8.3,0,10.97
726595,491,491.26,-16.34,-16.34,0,10.97
726600,481,480.45,-23.85,-23.85,0,10.97
726605,472,471.73,-30.8,-30.8,0,10.97
726610,466,466.56,-37.17,-37.17,0,10.97
726615,460,460.28,-42.95,-42.95,0,10.97
726620,456,455.45,-48.13,-48.13,0,10.97
726625,454,453.71,-52.72,-52.72,0,10.97
726630,440,440.55,-56.71,-56.71,0,10.97
726635,450,450.3,-60.13,-60.13,0,10.97
726640,451,450.47,-63.0,-63.0,0,10.97
726645,452,451.69,-65.34,-65.34,0,10.97
726650,451,451.51,-67.19,-67.19,0,10.97
726655,453,453.32,-68.6,-68.6,0,10.97
726660,457,456.52,-69.59,-69.59,0,10.97
726665,460,459.68,-70.22,-70.22,0,10.97
726670,463,463.45,-70.54,-70.22,0,10.97
726675,466,466.32,-70.58,-70.22,0,10.97
726680,469,468.58,-70.4,-70.22,0,10.97
726685,472,471.67,-70.06,-70.06,0,10.97
726690,474,474.4,-69.58,-69.58,0,10.97
726695,475,475.33,-69.03,-69.03,0,10.97
726700,477,476.63,-68.44,-68.44,0,10.97
726705,478,477.66,-67.85,-67.85,0,10.97
726710,478,478.35,-67.3,-67.3,0,10.97
726715,480,480.34,-66.82,-66.82,0,10.97
726720,480,479.67,-66.44,-66.44,0,10.97
726725,479,478.65,-66.18,-66.36,0,10.97
726730,477,477.3,-66.08,-66.36,0,10.97
726735,475,475.36,-66.13,-66.36,0,10.97
726740,473,472.72,-66.36,-66.36,0,10.97
726745,469,468.63,-66.77,-66.77,0,10.97
726750,468,468.25,-67.36,-67.36,0,10.97
726755,465,465.38,-68.15,-68.15,0,10.97
726760,459,458.77,-69.13,-69.13,0,10.97
726765,470,469.61,-70.29,-70.29,0,10.97
726770,457,457.21,-71.62,-71.62,0,10.97
726775,454,454.38,-73.13,-73.13,0,10.97
726780,449,448.8,-74.79,-74.79,0,10.97
726785,449,448.63,-76.59,-76.59,0,10.97
726790,447,447.2,-78.52,-78.52,0,10.97
726795,444,444.36,-80.56,-80.56,0,10.97
726800,443,442.81,-82.69,-82.69,0,10.97
726805,442,441.66,-84.9,-84.9,0,10.97
726810,439,439.19,-87.16,-87.16,0,10.97
726815,438,438.33,-89.46,-89.46,0,10.97
726820,435,434.81,-91.76,-91.76,0,10.97
726825,435,434.68,-94.06,-94.06,0,10.97
726830,433,433.18,-96.32,-96.32,0,10.97
726835,435,435.31,-98.52,-98.52,0,10.97
726840,432,431.82,-100.64,-100.64,0,10.97
726845,431,430.7,-102.64,-102.64,0,10.97
726850,431,431.18,-104.51,-104.51,0,10.97
726855,432,432.3,-106.2,-106.2,0,10.97
726860,433,432.82,-107.69,-107.69,0,10.97
726865,431,430.7,-108.95,-108.95,0,10.97
726870,433,433.17,-109.94,-109.94,0,10.97
726875,434,434.3,-110.63,-110.51,0,10.97
726880,434,433.83,-110.98,-110.51,0,10.97
726885,432,431.69,-110.95,-110.51,0,10.97
726890,434,434.17,-110.51,-110.51,0,10.97
726895,431,431.32,-109.6,-109.6,0,10.97
726900,432,431.83,-108.2,-108.2,0,10.97
726905,433,432.67,-106.25,-106.25,0,10.97
726910,431,431.16,-103.72,-103.72,0,10.97
726915,433,433.33,-100.58,-100.58,0,10.97
726920,431,430.84,-96.77,-96.77,0,10.97
726925,432,431.66,-92.27,-92.27,0,10.97
726930,432,432.16,-87.04,-87.04,0,10.97
726935,432,432.35,-81.06,-81.06,0,10.97
726940,432,431.84,-74.31,-74.31,0,10.97
726945,432,431.63,-66.76,-66.76,0,10.97
726950,432,432.17,-58.41,-58.41,0,10.97
726955,433,433.38,-49.27,-49.27,0,10.97
726960,436,435.84,-39.34,-39.34,0,10.97
726965,436,435.61,-28.64,-28.64,0,10.97
726970,442,442.17,-17.21,-17.21,0,10.97
726975,451,451.41,-5.11,-5.11,0,10.97
726980,463,462.84,7.62,7.62,0,10.97
726985,480,479.57,20.88,20.88,0,10.97
726990,498,498.16,34.59,34.59,0,10.97
726995,522,522.45,48.64,48.64,0,10.97
727000,550,549.85,62.92,62.92,0,10.97
727005,579,578.53,77.3,77.3,0,10.97
727010,607,607.14,91.65,91.65,0,10.97
727015,637,637.48,105.83,105.83,0,10.97
727020,665,664.86,119.7,119.7,0,10.97
727025,692,691.5,133.12,133.12,0,10.97
727030,715,715.12,145.97,145.97,0,10.97
727035,735,735.52,158.11,158.11,0,10.97
727040,752,751.88,169.43,169.43,0,10.97
727045,766,765.46,179.83,179.83,0,10.97
727050,776,776.11,189.22,189.22,0,10.97
727055,785,785.56,197.52,197.52,0,10.97
727060,790,789.89,204.67,204.67,0,10.97
727065,810,809.43,210.62,210.62,0,10.97
727070,792,792.09,215.34,215.34,0,10.97
727075,788,788.55,218.82,218.82,0,10.97
727080,783,782.91,221.04,220.42,0,10.97
727085,774,773.47,222.04,220.42,0,10.97
727090,772,772.09,221.82,220.42,0,10.97
727095,762,762.52,220.42,220.42,0,10.97
727100,753,752.91,217.89,217.89,0,10.97
727105,745,744.5,214.28,214.28,0,10.97
727110,735,735.09,209.65,209.65,0,10.97
727115,727,727.49,204.05,204.05,0,10.97
727120,715,714.91,197.57,197.57,0,10.97
727125,706,705.52,190.26,190.26,0,10.97
727130,696,696.1,182.22,182.22,0,10.97
727135,685,685.47,173.5,173.5,0,10.97
727140,675,674.9,164.2,164.2,0,10.97
727145,665,664.53,154.38,154.38,0,10.97
727150,655,655.11,144.14,144.14,0,10.97
727155,645,645.46,133.54,133.54,0,10.97
727160,636,635.89,122.66,122.66,0,10.97
727165,630,629.55,111.58,111.58,0,10.97
727170,616,616.12,100.37,100.37,0,10.97
727175,606,606.44,89.11,89.11,0,10.97
727180,595,594.87,77.86,77.86,0,10.97
727185,584,583.58,66.69,66.69,0,10.97
727190,572,572.13,55.67,55.67,0,10.97
727195,557,557.41,44.87,44.87,0,10.97
727200,547,546.86,34.34,34.34,0,10.97
727205,536,535.61,24.15,24.15,0,10.97
727210,523,523.15,14.33,14.33,0,10.97
727215,510,510.37,4.95,4.95,0,10.97
727220,500,499.84,-3.95,-3.95,0,10.97
727225,489,488.65,-12.35,-12.35,0,10.97
727230,478,478.17,-20.21,-20.21,0,10.97
727235,469,469.33,-27.5,-27.5,0,10.97
727240,465,464.83,-34.21,-34.21,0,10.97
727245,462,461.7,-40.32,-40.32,0,10.97
727250,451,451.18,-45.85,-45.85,0,10.97
727255,448,448.26,-50.78,-50.78,0,10.97
727260,448,447.83,-55.14,-55.14,0,10.97
727265,447,446.78,-58.94,-58.94,0,10.97
727270,447,447.17,-62.2,-62.2,0,10.97
727275,450,450.18,-64.96,-64.96,0,10.97
727280,450,449.83,-67.25,-67.25,0,10.97
727285,451,450.85,-69.1,-69.1,0,10.97
727290,453,453.17,-70.56,-70.56,0,10.97
727295,455,455.11,-71.67,-71.67,0,10.97
727300,457,456.84,-72.47,-72.47,0,10.97
727305,459,458.92,-73.01,-73.01,0,10.97
727310,460,460.16,-73.33,-73.33,0,10.97
727315,465,465.05,-73.47,-73.33,0,10.97
727320,463,462.85,-73.48,-73.33,0,10.97
727325,464,463.98,-73.39,-73.33,0,10.97
727330,469,469.15,-73.25,-73.25,0,10.97
727335,467,466.99,-73.08,-73.08,0,10.97
727340,465,464.84,-72.91,-72.91,0,10.97
727345,465,465.03,-72.78,-72.78,0,10.97
727350,463,463.17,-72.7,-72.78,0,10.97
727355,463,462.95,-72.69,-72.78,0,10.97
727360,460,459.82,-72.78,-72.78,0,10.97
727365,457,457.07,-72.96,-72.96,0,10.97
727370,456,456.19,-73.25,-73.25,0,10.97
727375,452,451.91,-73.66,-73.66,0,10.97
727380,449,448.8,-74.18,-74.18,0,10.97
727385,448,448.1,-74.82,-74.82,0,10.97
727390,444,444.21,-75.58,-75.58,0,10.97
727395,442,441.87,-76.45,-76.45,0,10.97
727400,438,437.77,-77.43,-77.43,0,10.97
727405,439,439.15,-78.5,-78.5,0,10.97
727410,436,436.25,-79.67,-79.67,0,10.97
727415,433,432.83,-80.93,-80.93,0,10.97
727420,431,430.73,-82.26,-82.26,0,10.97
727425,428,428.2,-83.65,-83.65,0,10.97
727430,427,427.29,-85.11,-85.11,0,10.97
727435,423,422.77,-86.6,-86.6,0,10.97
727440,422,421.69,-88.14,-88.14,0,10.97
727445,421,421.26,-89.7,-89.7,0,10.97
727450,418,418.34,-91.28,-91.28,0,10.97
727455,416,415.71,-92.87,-92.87,0,10.97
727460,416,415.64,-94.46,-94.46,0,10.97
727465,415,415.33,-96.04,-96.04,0,10.97
727470,415,415.39,-97.6,-97.6,0,10.97
727475,411,410.63,-99.14,-99.14,0,10.97
727480,412,411.58,-100.65,-100.65,0,10.97
727485,411,411.41,-102.12,-102.12,0,10.97
727490,411,411.45,-103.55,-103.55,0,10.97
727495,413,412.55,-104.92,-104.92,0,10.97
727500,437,436.53,-106.24,-106.24,0,10.97
727505,412,412.49,-107.48,-107.48,0,10.97
727510,413,413.45,-108.65,-108.65,0,10.97
727515,414,413.47,-109.72,-109.72,0,10.97
727520,416,415.59,-110.68,-110.68,0,10.97
727525,417,417.58,-111.52,-111.52,0,10.97
727530,419,419.38,-112.21,-112.21,0,10.97
727535,419,418.38,-112.74,-112.74,0,10.97
727540,421,420.66,-113.08,-112.74,0,10.97
727545,396,396.65,-113.21,-112.74,0,10.97
727550,421,421.31,-113.11,-112.74,0,10.97
727555,425,424.35,-112.74,-112.74,0,10.97
727560,424,423.72,-112.08,-112.08,0,10.97
727565,427,427.63,-111.1,-111.1,0,10.97
727570,428,428.24,-109.76,-109.76,0,10.97
727575,427,426.39,-108.03,-108.03,0,10.97
727580,428,427.79,-105.88,-105.88,0,10.97
727585,427,427.6,-103.25,-103.25,0,10.97
727590,428,428.18,-100.13,-100.13,0,10.97
727595,428,427.42,-96.45,-96.45,0,10.97
727600,429,428.84,-92.2,-92.2,0,10.97
727605,428,428.57,-87.33,-87.33,0,10.97
727610,429,429.13,-81.81,-81.81,0,10.97
727615,432,431.45,-75.6,-75.6,0,10.97
727620,429,428.9,-68.68,-68.68,0,10.97
727625,429,429.53,-61.03,-61.03,0,10.97
727630,428,428.07,-52.63,-52.63,0,10.97
727635,430,429.48,-43.48,-43.48,0,10.97
727640,430,429.96,-33.58,-33.58,0,10.97
727645,435,435.5,-22.95,-22.95,0,10.97
727650,436,436.01,-11.6,-11.6,0,10.97
727655,442,441.52,0.41,0.41,0,10.97
727660,453,453.03,13.05,13.05,0,10.97
727665,468,468.48,26.23,26.23,0,10.97
727670,486,485.94,39.89,39.89,0,10.97
727675,512,511.53,53.91,53.91,0,10.97
727680,527,527.09,68.19,68.19,0,10.97
727685,564,564.47,82.62,82.62,0,10.97
727690,597,596.9,97.06,97.06,0,10.97
727695,627,626.55,111.38,111.38,0,10.97
727700,656,656.1,125.44,125.44,0,10.97
727705,681,681.44,139.11,139.11,0,10.97
727710,705,704.89,152.25,152.25,0,10.97
727715,728,727.57,164.74,164.74,0,10.97
727720,745,745.12,176.47,176.47,0,10.97
727725,761,761.41,187.32,187.32,0,10.97
727730,774,773.87,197.2,197.2,0,10.97
727735,782,781.6,206.04,206.04,0,10.97
727740,786,786.13,213.77,213.77,0,10.97
727745,788,788.38,220.34,220.34,0,10.97
727750,790,789.86,225.71,225.71,0,10.97
727755,787,786.63,229.86,229.86,0,10.97
727760,781,781.14,232.79,232.79,0,10.97
727765,777,777.35,234.51,232.79,0,10.97
727770,771,770.86,235.02,232.79,0,10.97
727775,764,763.67,234.35,232.79,0,10.97
727780,755,755.14,232.55,232.55,0,10.97
727785,747,747.32,229.66,229.66,0,10.97
727790,738,737.87,225.73,225.73,0,10.97
727795,729,728.7,220.81,220.81,0,10.97
727800,720,720.13,214.98,214.98,0,10.97
727805,709,709.29,208.3,208.3,0,10.97
727810,701,700.87,200.82,200.82,0,10.97
727815,693,692.73,192.64,192.64,0,10.97
727820,681,681.13,183.82,183.82,0,10.97
727825,673,673.25,174.42,174.42,0,10.97
727830,663,662.87,164.54,164.54,0,10.97
727835,654,653.77,154.23,154.23,0,10.97
727840,645,645.12,143.57,143.57,0,10.97
727845,635,635.21,132.63,132.63,0,10.97
727850,627,626.88,121.48,121.48,0,10.97
727855,614,613.81,110.2,110.2,0,10.97
727860,606,606.12,98.85,98.85,0,10.97
727865,594,594.18,87.5,87.5,0,10.97
727870,584,583.89,76.21,76.21,0,10.97
727875,572,571.84,65.05,65.05,0,10.97
727880,559,559.11,54.08,54.08,0,10.97
727885,545,545.14,43.37,43.37,0,10.97
727890,531,530.89,32.95,32.95,0,10.97
727895,520,519.87,22.9,22.9,0,10.97
727900,505,505.11,13.26,13.26,0,10.97
727905,496,496.11,4.07,4.07,0,10.97
727910,483,482.9,-4.62,-4.62,0,10.97
727915,467,466.9,-12.8,-12.8,0,10.97
727920,465,465.1,-20.42,-20.42,0,10.97
727925,458,458.1,-27.48,-27.48,0,10.97
727930,451,450.9,-33.97,-33.97,0,10.97
727935,449,448.9,-39.86,-39.86,0,10.97
727940,443,443.1,-45.18,-45.18,0,10.97
727945,441,441.1,-49.94,-49.94,0,10.97
727950,439,438.9,-54.13,-54.13,0,10.97
727955,440,439.9,-57.79,-57.79,0,10.97
727960,440,440.1,-60.95,-60.95,0,10.97
727965,440,440.09,-63.63,-63.63,0,10.97
727970,443,442.89,-65.87,-65.87,0,10.97
727975,441,440.91,-67.71,-67.71,0,10.97
727980,445,445.11,-69.18,-69.18,0,10.97
727985,447,447.09,-70.33,-70.33,0,10.97
727990,448,447.89,-71.19,-71.19,0,10.97
727995,449,448.9,-71.81,-71.81,0,10.97
728000,451,451.11,-72.23,-72.23,0,10.97
728005,455,455.11,-72.48,-72.48,0,10.97
728010,454,453.89,-72.61,-72.56,0,10.97
728015,453,452.88,-72.65,-72.56,0,10.97
728020,453,453.11,-72.62,-72.56,0,10.97
728025,453,453.13,-72.56,-72.56,0,10.97
728030,453,452.89,-72.48,-72.48,0,10.97
728035,451,450.85,-72.42,-72.46,0,10.97
728040,449,449.11,-72.39,-72.46,0,10.97
728045,448,448.17,-72.4,-72.46,0,10.97
728050,447,446.9,-72.46,-72.46,0,10.97
728055,444,443.82,-72.58,-72.58,0,10.97
728060,440,440.09,-72.77,-72.77,0,10.97
728065,438,438.2,-73.03,-73.03,0,10.97
728070,436,435.92,-73.36,-73.36,0,10.97
728075,435,434.78,-73.76,-73.76,0,10.97
728080,434,434.08,-74.23,-74.23,0,10.97
728085,430,430.23,-74.75,-74.75,0,10.97
728090,429,428.93,-75.34,-75.34,0,10.97
728095,427,426.76,-75.98,-75.98,0,10.97
728100,426,426.07,-76.66,-76.66,0,10.97
728105,424,424.26,-77.38,-77.38,0,10.97
728110,422,421.94,-78.13,-78.13,0,10.97
728115,422,421.73,-78.91,-78.91,0,10.97
728120,420,420.06,-79.7,-79.7,0,10.97
728125,418,418.29,-80.51,-80.51,0,10.97
728130,417,416.94,-81.32,-81.32,0,10.97
728135,417,416.7,-82.14,-82.14,0,10.97
728140,415,415.06,-82.95,-82.95,0,10.97
728145,413,413.31,-83.75,-83.75,0,10.97
728150,414,413.94,-84.54,-84.54,0,10.97
728155,413,412.68,-85.31,-85.31,0,10.97
728160,412,412.06,-86.07,-86.07,0,10.97
728165,411,411.33,-86.82,-86.82,0,10.97
728170,411,410.94,-87.54,-87.54,0,10.97
728175,411,410.66,-88.25,-88.25,0,10.97
728180,412,412.06,-88.94,-88.94,0,10.97
728185,412,412.35,-89.62,-89.62,0,10.97
728190,411,410.94,-90.28,-90.28,0,10.97
728195,413,412.64,-90.94,-90.94,0,10.97
728200,413,413.06,-91.59,-91.59,0,10.97
728205,413,413.37,-92.22,-92.22,0,10.97
728210,414,413.93,-92.86,-92.86,0,10.97
728215,416,415.62,-93.48,-93.48,0,10.97
728220,412,412.07,-94.1,-94.1,0,10.97
728225,415,415.39,-94.71,-94.71,0,10.97
728230,418,417.93,-95.31,-95.31,0,10.97
728235,418,417.61,-95.9,-95.9,0,10.97
728240,421,421.06,-96.46,-96.46,0,10.97
728245,421,421.4,-96.99,-96.99,0,10.97
728250,420,419.94,-97.48,-97.48,0,10.97
728255,423,422.59,-97.92,-97.92,0,10.97
728260,422,422.06,-98.29,-98.29,0,10.97
728265,423,423.42,-98.57,-98.57,0,10.97
728270,423,422.94,-98.74,-98.57,0,10.97
728275,423,422.57,-98.78,-98.57,0,10.97
728280,430,430.07,-98.66,-98.57,0,10.97
728285,425,425.44,-98.36,-98.36,0,10.97
728290,426,425.92,-97.83,-97.83,0,10.97
728295,427,426.54,-97.05,-97.05,0,10.97
728300,425,425.1,-95.98,-95.98,0,10.97
728305,420,420.47,-94.58,-94.58,0,10.97
728310,430,429.89,-92.81,-92.81,0,10.97
728315,430,429.53,-90.63,-90.63,0,10.97
728320,429,429.12,-88.01,-88.01,0,10.97
728325,429,429.46,-84.89,-84.89,0,10.97
728330,430,429.88,-81.25,-81.25,0,10.97
728335,434,433.55,-77.04,-77.04,0,10.97
728340,430,430.13,-72.22,-72.22,0,10.97
728345,435,435.44,-66.77,-66.77,0,10.97
728350,430,429.86,-60.65,-60.65,0,10.97
728355,429,428.57,-53.84,-53.84,0,10.97
728360,428,428.14,-46.31,-46.31,0,10.97
728365,428,428.43,-38.07,-38.07,0,10.97
728370,428,427.85,-29.1,-29.1,0,10.97
728375,430,429.57,-19.41,-19.41,0,10.97
728380,433,433.16,-9.02,-9.02,0,10.97
728385,437,437.43,2.02,2.02,0,10.97
728390,446,445.84,13.69,13.69,0,10.97
728395,458,457.57,25.91,25.91,0,10.97
728400,470,470.17,38.61,38.61,0,10.97
728405,490,490.43,51.7,51.7,0,10.97
728410,517,516.83,65.07,65.07,0,10.97
728415,543,542.58,78.62,78.62,0,10.97
728420,573,573.17,92.2,92.2,0,10.97
728425,601,601.41,105.7,105.7,0,10.97
728430,631,630.83,118.97,118.97,0,10.97
728435,660,659.59,131.88,131.88,0,10.97
728440,685,685.17,144.29,144.29,0,10.97
728445,708,708.4,156.07,156.07,0,10.97
728450,728,727.82,167.11,167.11,0,10.97
728455,744,743.6,177.27,177.27,0,10.97
728460,757,757.18,186.48,186.48,0,10.97
728465,767,767.39,194.64,194.64,0,10.97
728470,774,773.81,201.69,201.69,0,10.97
728475,777,776.61,207.56,207.56,0,10.97
728480,775,775.18,212.22,212.22,0,10.97
728485,774,774.38,215.65,215.65,0,10.97
728490,766,765.81,217.84,217.07,0,10.97
728495,765,764.63,218.79,217.07,0,10.97
728500,758,758.19,218.52,217.07,0,10.97
728505,748,748.37,217.07,217.07,0,10.97
728510,737,736.79,214.47,214.47,0,10.97
728515,727,726.64,210.79,210.79,0,10.97
728520,717,717.22,206.07,206.07,0,10.97
728525,705,705.36,200.38,200.38,0,10.97
728530,695,694.76,193.8,193.8,0,10.97
728535,685,684.64,186.4,186.4,0,10.97
728540,674,674.26,178.27,178.27,0,10.97
728545,664,664.35,169.47,169.47,0,10.97
728550,653,652.72,160.11,160.11,0,10.97
728555,642,641.65,150.25,150.25,0,10.97
728560,633,633.3,139.99,139.99,0,10.97
728565,621,621.35,129.41,129.41,0,10.97
728570,614,613.67,118.59,118.59,0,10.97
728575,601,600.65,107.6,107.6,0,10.97
728580,592,592.35,96.54,96.54,0,10.97
728585,582,582.36,85.47,85.47,0,10.97
728590,571,570.63,74.47,74.47,0,10.97
728595,562,561.64,63.62,63.62,0,10.97
728600,550,550.39,52.97,52.97,0,10.97
728605,536,536.36,42.6,42.6,0,10.97
728610,523,522.58,32.57,32.57,0,10.97
728615,512,511.64,22.93,22.93,0,10.97
728620,500,500.45,13.75,13.75,0,10.97
728625,489,489.36,5.05,5.05,0,10.97
728630,480,479.52,-3.1,-3.1,0,10.97
728635,469,468.64,-10.69,-10.69,0,10.97
728640,462,462.51,-17.68,-17.68,0,10.97
728645,454,454.37,-24.05,-24.05,0,10.97
728650,449,448.46,-29.8,-29.8,0,10.97
728655,447,446.63,-34.91,-34.91,0,10.97
728660,418,418.56,-39.4,-39.4,0,10.97
728665,441,441.37,-43.27,-43.27,0,10.97
728670,441,440.45,-46.56,-46.56,0,10.97
728675,442,441.63,-49.27,-49.27,0,10.97
728680,444,444.52,-51.46,-51.46,0,10.97
728685,444,444.37,-53.15,-53.15,0,10.97
728690,449,448.51,-54.39,-54.39,0,10.97
728695,451,450.63,-55.24,-55.24,0,10.97
728700,456,456.47,-55.73,-55.6,0,10.97
728705,458,458.37,-55.92,-55.6,0,10.97
728710,468,467.56,-55.86,-55.6,0,10.97
728715,465,464.63,-55.6,-55.6,0,10.97
728720,469,469.41,-55.18,-55.18,0,10.97
728725,470,470.37,-54.67,-54.67,0,10.97
728730,472,471.63,-54.09,-54.09,0,10.97
728735,474,473.63,-53.49,-53.49,0,10.97
728740,474,474.34,-52.91,-52.91,0,10.97
728745,472,472.36,-52.39,-52.39,0,10.97
728750,475,474.69,-51.93,-51.93,0,10.97
728755,471,470.64,-51.59,-51.59,0,10.97
728760,471,471.27,-51.36,-51.57,0,10.97
728765,469,469.36,-51.28,-51.57,0,10.97
728770,467,466.76,-51.34,-51.57,0,10.97
728775,464,463.64,-51.57,-51.57,0,10.97
728780,464,464.21,-51.95,-51.95,0,10.97
728785,460,460.37,-52.51,-52.51,0,10.97
728790,455,454.82,-53.22,-53.22,0,10.97
728795,451,450.63,-54.1,-54.1,0,10.97
728800,449,449.16,-55.12,-55.12,0,10.97
728805,446,446.39,-56.29,-56.29,0,10.97
728810,443,442.87,-57.59,-57.59,0,10.97
728815,441,440.6,-59.02,-59.02,0,10.97
728820,438,438.11,-60.55,-60.55,0,10.97
728825,435,435.41,-62.18,-62.18,0,10.97
728830,429,428.91,-63.9,-63.9,0,10.97
728835,442,441.58,-65.69,-65.69,0,10.97
728840,429,429.08,-67.55,-67.55,0,10.97
728845,426,426.41,-69.45,-69.45,0,10.97
728850,425,424.94,-71.39,-71.39,0,10.97
728855,425,424.61,-73.36,-73.36,0,10.97
728860,422,422.05,-75.34,-75.34,0,10.97
728865,422,422.37,-77.32,-77.32,0,10.97
728870,421,420.96,-79.29,-79.29,0,10.97
728875,419,418.65,-81.25,-81.25,0,10.97
728880,420,420.03,-83.17,-83.17,0,10.97
728885,419,419.34,-85.06,-85.06,0,10.97
728890,419,418.98,-86.89,-86.89,0,10.97
728895,416,415.67,-88.67,-88.67,0,10.97
728900,417,417.01,-90.37,-90.37,0,10.97
728905,418,418.32,-91.99,-91.99,0,10.97
728910,418,418.0,-93.52,-93.52,0,10.97
728915,418,417.69,-94.93,-94.93,0,10.97
728920,419,418.98,-96.22,-96.22,0,10.97
728925,419,419.31,-97.37,-97.37,0,10.97
728930,420,420.03,-98.36,-98.36,0,10.97
728935,421,420.69,-99.18,-99.18,0,10.97
728940,420,419.95,-99.8,-99.8,0,10.97
728945,423,423.3,-100.2,-99.83,0,10.97
728950,422,422.06,-100.36,-99.83,0,10.97
728955,422,421.69,-100.24,-99.83,0,10.97
728960,421,420.92,-99.83,-99.83,0,10.97
728965,424,424.31,-99.08,-99.08,0,10.97
728970,426,426.1,-97.98,-97.98,0,10.97
728975,426,425.69,-96.48,-96.48,0,10.97
728980,426,425.87,-94.55,-94.55,0,10.97
728985,429,429.32,-92.17,-92.17,0,10.97
728990,428,428.16,-89.28,-89.28,0,10.97
728995,424,423.67,-85.87,-85.87,0,10.97
729000,425,424.81,-81.89,-81.89,0,10.97
729005,426,426.35,-77.32,-77.32,0,10.97
729010,424,424.22,-72.12,-72.12,0,10.97
729015,426,425.63,-66.28,-66.28,0,10.97
729020,426,425.74,-59.77,-59.77,0,10.97
729025,425,425.39,-52.58,-52.58,0,10.97
729030,425,425.29,-44.7,-44.7,0,10.97
729035,426,425.59,-36.15,-36.15,0,10.97
729040,428,427.68,-26.92,-26.92,0,10.97
729045,431,431.43,-17.04,-17.04,0,10.97
729050,435,435.35,-6.55,-6.55,0,10.97
729055,442,441.55,4.51,4.51,0,10.97
729060,456,455.63,16.08,16.08,0,10.97
729065,469,469.49,28.08,28.08,0,10.97
729070,487,487.41,40.42,40.42,0,10.97
729075,509,508.49,53.01,53.01,0,10.97
729080,534,533.57,65.74,65.74,0,10.97
729085,559,559.55,78.49,78.49,0,10.97
729090,588,588.46,91.13,91.13,0,10.97
729095,612,611.42,103.54,103.54,0,10.97
729100,639,638.51,115.58,115.58,0,10.97
729105,663,663.61,127.14,127.14,0,10.97
729110,687,687.52,138.07,138.07,0,10.97
729115,703,702.35,148.28,148.28,0,10.97
729120,724,723.44,157.65,157.65,0,10.97
729125,734,734.69,166.09,166.09,0,10.97
729130,744,744.59,173.51,173.51,0,10.97
729135,748,747.26,179.86,179.86,0,10.97
729140,754,753.37,185.08,185.08,0,10.97
729145,752,752.79,189.12,189.12,0,10.97
729150,746,746.65,191.98,191.98,0,10.97
729155,745,744.15,193.64,191.98,0,10.97
729160,737,736.32,194.11,191.98,0,10.97
729165,729,729.9,193.41,191.98,0,10.97
729170,720,720.71,191.57,191.57,0,10.97
729175,736,735.06,188.64,188.64,0,10.97
729180,702,701.26,184.65,184.65,0,10.97
729185,691,691.95,179.68,179.68,0,10.97
729190,679,679.76,173.79,173.79,0,10.97
729195,669,668.06,167.05,167.05,0,10.97
729200,661,660.21,159.55,159.55,0,10.97
729205,649,649.94,151.36,151.36,0,10.97
729210,637,637.82,142.56,142.56,0,10.97
729215,627,626.06,133.24,133.24,0,10.97
729220,616,615.16,123.48,123.48,0,10.97
729225,608,608.95,113.37,113.37,0,10.97
729230,599,599.87,102.99,102.99,0,10.97
729235,592,591.05,92.42,92.42,0,10.97
729240,577,576.1,81.74,81.74,0,10.97
729245,567,567.96,71.04,71.04,0,10.97
729250,557,557.94,60.38,60.38,0,10.97
729255,549,548.04,49.85,49.85,0,10.97
729260,535,534.01,39.51,39.51,0,10.97
729265,519,519.95,29.44,29.44,0,10.97
729270,509,510.03,19.69,19.69,0,10.97
729275,500,499.06,10.33,10.33,0,10.97
729280,488,486.93,1.41,1.41,0,10.97
729285,474,474.93,-7.02,-7.02,0,10.97
729290,464,465.11,-14.92,-14.92,0,10.97
729295,460,459.09,-22.26,-22.26,0,10.97
729300,455,453.85,-29.0,-29.0,0,10.97
729305,443,443.89,-35.13,-35.13,0,10.97
729310,427,428.18,-40.64,-40.64,0,10.97
729315,436,435.13,-45.52,-45.52,0,10.97
729320,431,429.82,-49.78,-49.78,0,10.97
729325,432,432.86,-53.43,-53.43,0,10.97
729330,432,433.19,-56.48,-56.48,0,10.97
729335,437,436.17,-58.98,-58.98,0,10.97
729340,435,433.8,-60.95,-60.95,0,10.97
729345,436,436.81,-62.42,-62.42,0,10.97
729350,441,442.22,-63.44,-63.44,0,10.97
729355,449,448.22,-64.05,-63.93,0,10.97
729360,449,447.76,-64.31,-63.93,0,10.97
729365,454,454.75,-64.25,-63.93,0,10.97
729370,432,433.24,-63.93,-63.93,0,10.97
729375,460,459.28,-63.4,-63.4,0,10.97
729380,462,460.78,-62.7,-62.7,0,10.97
729385,464,464.68,-61.89,-61.89,0,10.97
729390,468,469.18,-61.0,-61.0,0,10.97
729395,470,469.35,-60.09,-60.09,0,10.97
729400,470,468.85,-59.18,-59.18,0,10.97
729405,473,473.62,-58.32,-58.32,0,10.97
729410,471,472.12,-57.54,-57.54,0,10.97
729415,471,470.41,-56.85,-56.85,0,10.97
729420,468,466.91,-56.29,-56.29,0,10.97
729425,467,467.57,-55.86,-55.86,0,10.97
729430,464,465.07,-55.59,-55.72,0,10.97
729435,460,459.45,-55.47,-55.72,0,10.97
729440,461,459.95,-55.52,-55.72,0,10.97
729445,457,457.53,-55.72,-55.72,0,10.97
729450,455,456.03,-56.1,-56.1,0,10.97
729455,453,452.49,-56.63,-56.63,0,10.97
729460,448,446.98,-57.32,-57.32,0,10.97
729465,448,448.5,-58.15,-58.15,0,10.97
729470,443,444.01,-59.11,-59.11,0,10.97
729475,440,439.52,-60.21,-60.21,0,10.97
729480,439,438.0,-61.41,-61.41,0,10.97
729485,433,433.47,-62.72,-62.72,0,10.97
729490,436,437.0,-64.12,-64.12,0,10.97
729495,432,431.54,-65.6,-65.6,0,10.97
729500,431,430.0,-67.15,-67.15,0,10.97
729505,427,427.45,-68.76,-68.76,0,10.97
729512,427,428.0,-70.41,-70.41,0,10.97
729515,423,422.57,-72.1,-72.1,0,10.97
729520,445,444.01,-73.82,-73.82,0,10.97
729525,423,423.42,-75.55,-75.55,0,10.97
729530,422,422.95,-77.3,-77.3,0,10.97
729535,422,421.58,-79.04,-79.04,0,10.97
729540,421,420.1,-80.78,-80.78,0,10.97
729545,419,419.41,-82.49,-82.49,0,10.97
729550,422,422.86,-84.17,-84.17,0,10.97
729555,421,420.6,-85.82,-85.82,0,10.97
729560,422,421.18,-87.41,-87.41,0,10.97
729565,419,419.39,-88.95,-88.95,0,10.97
729570,422,422.78,-90.42,-90.42,0,10.97
729575,422,421.63,-91.81,-91.81,0,10.97
729580,424,423.26,-93.11,-93.11,0,10.97
729585,424,424.36,-94.3,-94.3,0,10.97
729590,425,425.71,-95.37,-95.37,0,10.97
729595,426,425.66,-96.3,-96.3,0,10.97
729600,423,422.33,-97.07,-97.07,0,10.97
729605,426,426.33,-97.66,-97.66,0,10.97
729610,430,430.65,-98.05,-97.72,0,10.97
729615,428,427.68,-98.2,-97.72,0,10.97
729620,432,431.37,-98.1,-97.72,0,10.97
729625,428,428.3,-97.72,-97.72,0,10.97
729630,428,428.61,-97.01,-97.01,0,10.97
729635,429,428.71,-95.94,-95.94,0,10.97
729640,432,431.42,-94.49,-94.49,0,10.97
729645,429,429.27,-92.6,-92.6,0,10.97
729650,431,431.56,-90.25,-90.25,0,10.97
729655,431,430.74,-87.4,-87.4,0,10.97
729660,431,430.47,-84.01,-84.01,0,10.97
729665,430,430.24,-80.03,-80.03,0,10.97
729670,431,431.51,-75.45,-75.45,0,10.97
729675,439,438.78,-70.22,-70.22,0,10.97
729680,430,429.52,-64.32,-64.32,0,10.97
729685,429,429.19,-57.73,-57.73,0,10.97
729690,429,429.46,-50.43,-50.43,0,10.97
729695,427,426.85,-42.4,-42.4,0,10.97
729700,429,428.56,-33.65,-33.65,0,10.97
729705,428,428.11,-24.18,-24.18,0,10.97
729710,433,433.42,-14.02,-14.02,0,10.97
729715,437,436.93,-3.19,-3.19,0,10.97
729720,445,444.6,8.25,8.25,0,10.97
729725,461,461.03,20.24,20.24,0,10.97
729730,467,467.39,32.72,32.72,0,10.97
729735,491,491.0,45.6,45.6,0,10.97
729740,515,514.64,58.76,58.76,0,10.97
729745,541,540.98,72.1,72.1,0,10.97
729750,568,568.33,85.5,85.5,0,10.97
729755,598,598.05,98.82,98.82,0,10.97
729760,627,626.7,111.94,111.94,0,10.97
729765,654,653.92,124.72,124.72,0,10.97
729770,679,679.27,137.02,137.02,0,10.97
729775,702,702.1,148.72,148.72,0,10.97
729780,722,721.76,159.69,159.69,0,10.97
729785,738,737.87,169.84,169.84,0,10.97
729790,749,749.21,179.05,179.05,0,10.97
729795,762,762.16,187.25,187.25,0,10.97
729800,766,765.82,194.37,194.37,0,10.97
729805,772,771.81,200.35,200.35,0,10.97
729810,771,771.14,205.14,205.14,0,10.97
729815,761,761.21,208.74,208.74,0,10.97
729820,767,766.89,211.12,211.06,0,10.97
729825,762,761.78,212.28,211.06,0,10.97
729830,755,755.08,212.25,211.06,0,10.97
729835,744,744.22,211.06,211.06,0,10.97
729840,727,726.95,208.74,208.74,0,10.97
729845,728,727.78,205.34,205.34,0,10.97
729850,719,719.04,200.91,200.91,0,10.97
729855,708,708.22,195.53,195.53,0,10.97
729860,696,695.96,189.25,189.25,0,10.97
729865,686,685.79,182.15,182.15,0,10.97
729870,676,676.05,174.31,174.31,0,10.97
729875,664,664.21,165.81,165.81,0,10.97
729880,654,653.95,156.72,156.72,0,10.97
729885,643,642.79,147.13,147.13,0,10.97
729890,633,633.05,137.12,137.12,0,10.97
729895,623,623.21,126.78,126.78,0,10.97
729900,613,612.94,116.18,116.18,0,10.97
729905,604,603.79,105.39,105.39,0,10.97
729910,593,593.06,94.51,94.51,0,10.97
729915,583,583.21,83.6,83.6,0,10.97
729920,575,574.93,72.74,72.74,0,10.97
729925,560,559.79,62.0,62.0,0,10.97
729930,551,551.07,51.44,51.44,0,10.97
729935,538,538.22,41.13,41.13,0,10.97
729940,527,526.94,31.12,31.12,0,10.97
729945,514,513.78,21.49,21.49,0,10.97
729950,505,505.07,12.27,12.27,0,10.97
729955,492,492.23,3.51,3.51,0,10.97
729960,483,482.93,-4.74,-4.74,0,10.97
729965,473,472.77,-12.45,-12.45,0,10.97
729970,463,463.07,-19.6,-19.6,0,10.97
729975,457,457.24,-26.17,-26.17,0,10.97
729980,451,450.93,-32.14,-32.14,0,10.97
729985,447,446.75,-37.51,-37.51,0,10.97
729990,442,442.07,-42.29,-42.29,0,10.97
729995,442,442.25,-46.47,-46.47,0,10.97
730000,441,440.94,-50.08,-50.08,0,10.97
730005,440,439.74,-53.15,-53.15,0,10.97
730010,442,442.06,-55.7,-55.7,0,10.97
730015,445,445.27,-57.76,-57.76,0,10.97
730020,448,447.95,-59.38,-59.38,0,10.97
730025,451,450.71,-60.6,-60.6,0,10.97
730030,453,453.04,-61.46,-61.46,0,10.97
730035,454,454.3,-62.0,-62.0,0,10.97
730040,459,458.97,-62.28,-62.0,0,10.97
730045,462,461.69,-62.33,-62.0,0,10.97
730050,464,464.02,-62.22,-62.0,0,10.97
730055,466,466.31,-61.96,-61.96,0,10.97
730060,468,467.99,-61.62,-61.62,0,10.97
730065,469,468.68,-61.23,-61.23,0,10.97
730070,472,472.01,-60.82,-60.82,0,10.97
730075,469,469.33,-60.43,-60.43,0,10.97
730080,470,470.0,-60.07,-60.07,0,10.97
730085,470,469.66,-59.78,-59.78,0,10.97
730090,469,469.0,-59.57,-59.57,0,10.97
730095,456,456.33,-59.46,-59.57,0,10.97
730100,465,465.0,-59.45,-59.57,0,10.97
730105,462,461.68,-59.56,-59.57,0,10.97
730110,460,460.0,-59.79,-59.79,0,10.97
730115,458,458.3,-60.15,-60.15,0,10.97
730120,453,453.01,-60.62,-60.62,0,10.97
730125,449,448.72,-61.2,-61.2,0,10.97
730130,448,447.99,-61.9,-61.9,0,10.97
730135,444,444.27,-62.7,-62.7,0,10.97
730140,444,444.01,-63.58,-63.58,0,10.97
730145,439,438.74,-64.55,-64.55,0,10.97
730150,438,437.99,-65.59,-65.59,0,10.97
730155,435,435.25,-66.69,-66.69,0,10.97
730160,432,432.01,-67.84,-67.84,0,10.97
730165,429,428.76,-69.03,-69.03,0,10.97
730170,427,426.99,-70.25,-70.25,0,10.97
730175,426,426.23,-71.49,-71.49,0,10.97
730180,426,426.01,-72.74,-72.74,0,10.97
730185,425,424.77,-73.99,-73.99,0,10.97
730190,426,425.98,-75.24,-75.24,0,10.97
730195,424,424.22,-76.49,-76.49,0,10.97
730200,423,423.02,-77.72,-77.72,0,10.97
730205,422,421.78,-78.94,-78.94,0,10.97
730210,422,421.98,-80.15,-80.15,0,10.97
730215,422,422.21,-81.34,-81.34,0,10.97
730220,419,419.01,-82.51,-82.51,0,10.97
730225,420,419.79,-83.65,-83.65,0,10.97
730230,420,419.99,-84.78,-84.78,0,10.97
730235,420,420.21,-85.89,-85.89,0,10.97
730240,424,424.01,-86.98,-86.98,0,10.97
730245,422,421.79,-88.04,-88.04,0,10.97
730250,420,419.99,-89.08,-89.08,0,10.97
730255,421,421.21,-90.1,-90.1,0,10.97
730260,422,422.02,-91.09,-91.09,0,10.97
730265,420,419.79,-92.05,-92.05,0,10.97
730270,423,422.97,-92.98,-92.98,0,10.97
730275,423,423.21,-93.86,-93.86,0,10.97
730280,423,423.03,-94.69,-94.69,0,10.97
730285,424,423.78,-95.47,-95.47,0,10.97
730290,428,427.96,-96.17,-96.17,0,10.97
730295,426,426.22,-96.79,-96.79,0,10.97
730300,427,427.04,-97.31,-97.31,0,10.97
730305,425,424.77,-97.7,-97.7,0,10.97
730310,428,427.96,-97.96,-97.7,0,10.97
730315,429,429.25,-98.05,-97.7,0,10.97
730320,428,428.04,-97.95,-97.7,0,10.97
730325,432,431.74,-97.62,-97.62,0,10.97
730330,430,429.97,-97.05,-97.05,0,10.97
730335,432,432.27,-96.18,-96.18,0,10.97
730340,436,436.03,-95.0,-95.0,0,10.97
730345,435,434.72,-93.46,-93.46,0,10.97
730350,433,432.96,-91.52,-91.52,0,10.97
730355,431,431.29,-89.13,-89.13,0,10.97
730360,431,431.05,-86.27,-86.27,0,10.97
730365,433,432.7,-82.89,-82.89,0,10.97
730370,432,431.95,-78.94,-78.94,0,10.97
730375,432,432.3,-74.4,-74.4,0,10.97
730380,434,434.06,-69.22,-69.22,0,10.97
730385,433,432.7,-63.38,-63.38,0,10.97
730390,432,431.93,-56.84,-56.84,0,10.97
730395,435,435.3,-49.6,-49.6,0,10.97
730400,432,432.08,-41.63,-41.63,0,10.97
730405,434,433.69,-32.93,-32.93,0,10.97
730410,432,431.91,-23.51,-23.51,0,10.97
730415,436,436.32,-13.37,-13.37,0,10.97
730420,442,442.1,-2.55,-2.55,0,10.97
730425,447,446.67,8.91,8.91,0,10.97
730430,457,456.88,20.96,20.96,0,10.97
730435,470,470.34,33.52,33.52,0,10.97
730440,489,489.15,46.52,46.52,0,10.97
730445,512,511.66,59.86,59.86,0,10.97
730450,545,544.84,73.43,73.43,0,10.97
730455,560,560.35,87.11,87.11,0,10.97
730460,592,592.16,100.77,100.77,0,10.97
730465,625,624.66,114.28,114.28,0,10.97
730470,650,649.84,127.51,127.51,0,10.97
730475,677,677.33,140.32,140.32,0,10.97
730480,701,701.15,152.59,152.59,0,10.97
730485,723,722.68,164.18,164.18,0,10.97
730490,739,738.85,174.99,174.99,0,10.97
730495,753,753.31,184.92,184.92,0,10.97
730500,766,766.15,193.86,193.86,0,10.97
730505,775,774.71,201.75,201.75,0,10.97
730510,778,777.85,208.52,208.52,0,10.97
730515,781,781.27,214.13,214.13,0,10.97
730520,780,780.15,218.54,218.54,0,10.97
730525,778,777.74,221.74,221.74,0,10.97
730530,772,771.84,223.72,222.53,0,10.97
730535,766,766.24,224.5,222.53,0,10.97
730540,760,760.17,224.09,222.53,0,10.97
730545,750,749.78,222.53,222.53,0,10.97
730550,741,740.82,219.87,219.87,0,10.97
730555,732,732.21,216.16,216.16,0,10.97
730560,723,723.19,211.45,211.45,0,10.97
730565,711,710.81,205.81,205.81,0,10.97
730570,701,700.8,199.31,199.31,0,10.97
730575,690,690.18,192.02,192.02,0,10.97
730580,677,677.21,184.02,184.02,0,10.97
730585,668,667.84,175.39,175.39,0,10.97
730590,661,660.78,166.2,166.2,0,10.97
730595,650,650.15,156.54,156.54,0,10.97
730600,639,639.23,146.47,146.47,0,10.97
730605,631,630.85,136.09,136.09,0,10.97
730610,618,617.77,125.45,125.45,0,10.97
730615,611,611.14,114.65,114.65,0,10.97
730620,601,601.24,103.74,103.74,0,10.97
730625,592,591.87,92.8,92.8,0,10.97
730630,582,581.75,81.9,81.9,0,10.97
730635,572,572.12,71.1,71.1,0,10.97
730640,561,561.26,60.46,60.46,0,10.97
730645,550,549.89,50.05,50.05,0,10.97
730650,537,536.73,39.92,39.92,0,10.97
730655,525,525.1,30.12,30.12,0,10.97
730660,515,515.29,20.7,20.7,0,10.97
730665,503,502.91,11.72,11.72,0,10.97
730670,493,492.7,3.2,3.2,0,10.97
730675,484,484.08,-4.82,-4.82,0,10.97
730680,474,474.32,-12.31,-12.31,0,10.97
730685,465,464.93,-19.25,-19.25,0,10.97
730690,458,457.66,-25.62,-25.62,0,10.97
730695,453,453.07,-31.41,-31.41,0,10.97
730700,448,448.36,-36.62,-36.62,0,10.97
730705,447,446.94,-41.26,-41.26,0,10.97
730710,446,445.62,-45.33,-45.33,0,10.97
730715,444,444.06,-48.87,-48.87,0,10.97
730720,442,442.4,-51.87,-51.87,0,10.97
730725,442,441.95,-54.39,-54.39,0,10.97
730730,444,443.59,-56.44,-56.44,0,10.97
730735,446,446.05,-58.06,-58.06,0,10.97
730740,448,448.43,-59.3,-59.3,0,10.97
730745,450,449.95,-60.19,-60.19,0,10.97
730750,450,449.55,-60.78,-60.78,0,10.97
730755,456,456.05,-61.11,-60.98,0,10.97
730760,457,457.47,-61.23,-60.98,0,10.97
730765,456,455.95,-61.17,-60.98,0,10.97
730770,462,461.5,-60.98,-60.98,0,10.97
730775,465,465.06,-60.7,-60.7,0,10.97
730780,465,465.52,-60.37,-60.37,0,10.97
730785,465,464.92,-60.03,-60.03,0,10.97
730790,490,489.46,-59.69,-59.69,0,10.97
730795,466,466.1,-59.39,-59.39,0,10.97
730800,464,464.52,-59.16,-59.16,0,10.97
730805,463,462.88,-59.0,-59.08,0,10.97
730810,462,461.52,-58.93,-59.08,0,10.97
730815,459,459.14,-58.95,-59.08,0,10.97
730820,458,458.45,-59.08,-59.08,0,10.97
730825,456,455.84,-59.32,-59.32,0,10.97
730830,455,454.59,-59.66,-59.66,0,10.97
730835,442,442.17,-60.1,-60.1,0,10.97
730840,450,450.38,-60.64,-60.64,0,10.97
730845,446,445.83,-61.27,-61.27,0,10.97
730850,444,443.66,-61.98,-61.98,0,10.97
730855,442,442.17,-62.77,-62.77,0,10.97
730860,441,441.31,-63.61,-63.61,0,10.97
730865,438,437.84,-64.51,-64.51,0,10.97
730870,435,434.72,-65.44,-65.44,0,10.97
730875,434,434.16,-66.4,-66.4,0,10.97
730880,432,432.26,-67.38,-67.38,0,10.97
730885,431,430.84,-68.36,-68.36,0,10.97
730890,429,428.76,-69.34,-69.34,0,10.97
730895,427,427.15,-70.3,-70.3,0,10.97
730900,424,424.21,-71.23,-71.23,0,10.97
730905,425,424.85,-72.13,-72.13,0,10.97
730910,424,423.82,-72.98,-72.98,0,10.97
730915,421,421.14,-73.79,-73.79,0,10.97
730920,423,423.15,-74.55,-74.55,0,10.97
730925,419,418.86,-75.25,-75.25,0,10.97
730930,420,419.87,-75.89,-75.89,0,10.97
730935,419,419.13,-76.48,-76.48,0,10.97
730940,420,420.1,-77.01,-77.01,0,10.97
730945,419,418.87,-77.49,-77.49,0,10.97
730950,417,416.92,-77.91,-77.91,0,10.97
730955,421,421.13,-78.3,-78.3,0,10.97
730960,421,421.07,-78.64,-78.64,0,10.97
730965,422,421.88,-78.96,-78.96,0,10.97
730970,421,420.95,-79.25,-79.25,0,10.97
730975,422,422.12,-79.53,-79.53,0,10.97
730980,423,423.04,-79.8,-79.8,0,10.97
730985,424,423.88,-80.07,-80.07,0,10.97
730990,424,423.97,-80.35,-80.35,0,10.97
730995,425,425.12,-80.65,-80.65,0,10.97
731000,426,426.02,-80.97,-80.97,0,10.97
731005,427,426.89,-81.33,-81.33,0,10.97
731010,426,425.99,-81.72,-81.72,0,10.97
731015,426,426.11,-82.15,-82.15,0,10.97
731020,429,429.01,-82.63,-82.63,0,10.97
731025,428,427.9,-83.15,-83.15,0,10.97
731030,428,428.0,-83.71,-83.71,0,10.97
731035,427,427.09,-84.31,-84.31,0,10.97
731040,431,431.0,-84.94,-84.94,0,10.97
731045,429,428.92,-85.6,-85.6,0,10.97
731050,428,428.0,-86.28,-86.28,0,10.97
731055,435,435.07,-86.96,-86.96,0,10.97
731060,428,428.01,-87.63,-87.63,0,10.97
731065,429,428.93,-88.28,-88.28,0,10.97
731070,432,431.99,-88.87,-88.87,0,10.97
731075,433,433.08,-89.4,-89.4,0,10.97
731080,431,431.01,-89.82,-89.82,0,10.97
731085,432,431.91,-90.12,-89.93,0,10.97
731090,431,430.99,-90.26,-89.93,0,10.97
731095,432,432.11,-90.21,-89.93,0,10.97
731100,432,432.01,-89.93,-89.93,0,10.97
731105,432,431.88,-89.38,-89.38,0,10.97
731110,433,433.0,-88.52,-88.52,0,10.97
731115,433,433.13,-87.31,-87.31,0,10.97
731120,432,432.0,-85.71,-85.71,0,10.97
731125,433,432.85,-83.67,-83.67,0,10.97
731130,433,433.0,-81.15,-81.15,0,10.97
731135,434,434.16,-78.11,-78.11,0,10.97
731140,433,432.99,-74.49,-74.49,0,10.97
731145,434,433.82,-70.27,-70.27,0,10.97
731150,432,432.01,-65.41,-65.41,0,10.97
731155,434,434.2,-59.86,-59.86,0,10.97
731160,433,432.99,-53.61,-53.61,0,10.97
731165,432,431.78,-46.62,-46.62,0,10.97
731170,432,432.01,-38.89,-38.89,0,10.97
731175,432,432.24,-30.4,-30.4,0,10.97
731180,433,432.99,-21.16,-21.16,0,10.97
731185,433,432.74,-11.18,-11.18,0,10.97
731190,439,439.02,-0.48,-0.48,0,10.97
731195,445,445.29,10.89,10.89,0,10.97
731200,454,453.99,22.89,22.89,0,10.97
731205,464,463.69,35.44,35.44,0,10.97
731210,482,482.02,48.47,48.47,0,10.97
731215,503,503.35,61.88,61.88,0,10.97
731220,529,528.99,75.55,75.55,0,10.97
731225,554,553.61,89.37,89.37,0,10.97
731230,584,584.01,103.21,103.21,0,10.97
731235,615,615.43,116.92,116.92,0,10.97
731240,644,643.99,130.37,130.37,0,10.97
731245,695,694.54,143.42,143.42,0,10.97
731250,697,697.0,155.94,155.94,0,10.97
731255,719,719.45,167.78,167.78,0,10.97
731260,739,739.0,178.83,178.83,0,10.97
731265,755,754.57,188.99,188.99,0,10.97
731270,766,765.98,198.15,198.15,0,10.97
731275,779,779.41,206.23,206.23,0,10.97
731280,782,782.02,213.16,213.16,0,10.97
731285,787,786.6,218.9,218.9,0,10.97
731290,787,786.97,223.41,223.41,0,10.97
731295,785,785.38,226.66,226.66,0,10.97
731300,779,779.04,228.66,227.27,0,10.97
731305,775,774.63,229.41,227.27,0,10.97
731310,765,764.95,228.93,227.27,0,10.97
731315,756,756.36,227.27,227.27,0,10.97
731320,739,739.05,224.46,224.46,0,10.97
731325,736,735.65,220.57,220.57,0,10.97
731330,725,724.96,215.65,215.65,0,10.97
731335,714,714.33,209.78,209.78,0,10.97
731340,701,701.02,203.04,203.04,0,10.97
731345,692,691.68,195.49,195.49,0,10.97
731350,679,679.0,187.22,187.22,0,10.97
731355,667,667.31,178.33,178.33,0,10.97
731360,655,654.99,168.88,168.88,0,10.97
731365,644,643.71,158.97,158.97,0,10.97
731370,635,635.03,148.68,148.68,0,10.97
731375,621,621.28,138.1,138.1,0,10.97
731380,614,613.94,127.29,127.29,0,10.97
731385,604,603.74,116.35,116.35,0,10.97
731390,597,597.08,105.34,105.34,0,10.97
731395,586,586.25,94.34,94.34,0,10.97
731400,575,574.89,83.41,83.41,0,10.97
731405,566,565.77,72.63,72.63,0,10.97
731410,532,532.12,62.05,62.05,0,10.97
731415,546,546.22,51.73,51.73,0,10.97
731420,536,535.9,41.73,41.73,0,10.97
731425,530,529.8,32.09,32.09,0,10.97
731430,516,516.07,22.86,22.86,0,10.97
731435,506,506.18,14.08,14.08,0,10.97
731440,494,493.96,5.78,5.78,0,10.97
731445,486,485.84,-2.01,-2.01,0,10.97
731450,476,476.01,-9.26,-9.26,0,10.97
731455,466,466.13,-15.96,-15.96,0,10.97
731460,462,462.03,-22.08,-22.08,0,10.97
731465,456,455.9,-27.63,-27.63,0,10.97
731470,451,450.94,-32.6,-32.6,0,10.97
731475,449,449.08,-37.01,-37.01,0,10.97
731480,446,446.09,-40.85,-40.85,0,10.97
731485,444,443.95,-44.16,-44.16,0,10.97
731490,447,446.88,-46.95,-46.95,0,10.97
731495,443,443.02,-49.26,-49.26,0,10.97
731500,447,447.15,-51.11,-51.11,0,10.97
731505,449,449.01,-52.54,-52.54,0,10.97
731510,448,447.82,-53.59,-53.59,0,10.97
731515,452,451.96,-54.3,-54.3,0,10.97
731520,455,455.22,-54.72,-54.65,0,10.97
731525,458,458.07,-54.89,-54.65,0,10.97
731530,462,461.75,-54.85,-54.65,0,10.97
731535,465,464.89,-54.65,-54.65,0,10.97
731540,466,466.29,-54.32,-54.32,0,10.97
731545,467,467.14,-53.91,-53.91,0,10.97
731550,470,469.68,-53.44,-53.44,0,10.97
731555,473,472.83,-52.97,-52.97,0,10.97
731560,447,447.34,-52.5,-52.5,0,10.97
731565,472,472.19,-52.08,-52.08,0,10.97
731570,471,470.67,-51.71,-51.71,0,10.97
731575,470,469.78,-51.44,-51.44,0,10.97
731580,471,471.3,-51.26,-51.42,0,10.97
731585,470,470.24,-51.19,-51.42,0,10.97
731590,465,464.73,-51.24,-51.42,0,10.97
731595,465,464.73,-51.42,-51.42,0,10.97
731600,462,462.25,-51.72,-51.72,0,10.97
731605,434,434.29,-52.15,-52.15,0,10.97
731610,458,457.77,-52.69,-52.69,0,10.97
731615,455,454.73,-53.35,-53.35,0,10.97
731620,452,452.21,-54.11,-54.11,0,10.97
731625,449,449.23,-54.96,-54.96,0,10.97
731630,446,445.81,-55.9,-55.9,0,10.97
731635,444,443.81,-56.92,-56.92,0,10.97
731640,443,443.17,-58.0,-58.0,0,10.97
731645,440,440.15,-59.12,-59.12,0,10.97
731650,436,435.84,-60.28,-60.28,0,10.97
731655,434,433.88,-61.46,-61.46,0,10.97
731660,432,432.14,-62.65,-62.65,0,10.97
731665,431,431.08,-63.83,-63.83,0,10.97
731670,431,430.87,-65.0,-65.0,0,10.97
731675,427,426.95,-66.15,-66.15,0,10.97
731680,427,427.11,-67.25,-67.25,0,10.97
731685,427,427.02,-68.31,-68.31,0,10.97
731690,424,423.9,-69.32,-69.32,0,10.97
731695,424,424.0,-70.27,-70.27,0,10.97
731700,421,421.08,-71.15,-71.15,0,10.97
731705,423,422.97,-71.97,-71.97,0,10.97
731710,420,419.93,-72.72,-72.72,0,10.97
731715,422,422.06,-73.4,-73.4,0,10.97
731720,421,421.05,-74.01,-74.01,0,10.97
731725,421,420.92,-74.55,-74.55,0,10.97
731730,421,420.96,-75.03,-75.03,0,10.97
731735,419,419.11,-75.44,-75.44,0,10.97
731740,421,421.02,-75.81,-75.81,0,10.97
731745,422,421.87,-76.12,-76.12,0,10.97
731750,422,421.99,-76.39,-76.39,0,10.97
731755,422,422.15,-76.63,-76.63,0,10.97
731760,423,422.99,-76.85,-76.85,0,10.97
731765,425,424.83,-77.04,-77.04,0,10.97
731770,425,425.02,-77.22,-77.22,0,10.97
731775,425,425.19,-77.4,-77.4,0,10.97
731780,425,424.96,-77.59,-77.59,0,10.97
731785,426,425.8,-77.78,-77.78,0,10.97
731790,425,425.06,-78.0,-78.0,0,10.97
731795,428,428.22,-78.23,-78.23,0,10.97
731800,431,430.93,-78.49,-78.49,0,10.97
731805,431,430.76,-78.77,-78.77,0,10.97
731810,431,431.08,-79.09,-79.09,0,10.97
731815,432,432.26,-79.43,-79.43,0,10.97
731820,434,433.91,-79.8,-79.8,0,10.97
731825,434,433.72,-80.18,-80.18,0,10.97
731830,435,435.1,-80.57,-80.57,0,10.97
731835,435,435.3,-80.96,-80.96,0,10.97
731840,436,435.9,-81.34,-81.34,0,10.97
731845,434,433.68,-81.69,-81.69,0,10.97
731850,438,438.11,-81.98,-81.98,0,10.97
731855,422,422.33,-82.2,-82.18,0,10.97
731860,438,437.88,-82.33,-82.18,0,10.97
731865,437,436.67,-82.33,-82.18,0,10.97
731870,437,437.13,-82.18,-82.18,0,10.97
731875,438,438.31,-81.84,-81.84,0,10.97
731880,463,462.88,-81.3,-81.3,0,10.97
731885,437,436.7,-80.5,-80.5,0,10.97
731890,439,439.08,-79.41,-79.41,0,10.97
731895,439,439.29,-77.99,-77.99,0,10.97
731900,439,438.98,-76.2,-76.2,0,10.97
731905,439,438.71,-73.99,-73.99,0,10.97
731910,439,438.96,-71.32,-71.32,0,10.97
731915,436,436.28,-68.15,-68.15,0,10.97
731920,428,428.09,-64.44,-64.44,0,10.97
731925,437,436.73,-60.15,-60.15,0,10.97
731930,439,438.87,-55.25,-55.25,0,10.97
731935,434,434.26,-49.7,-49.7,0,10.97
731940,436,436.16,-43.49,-43.49,0,10.97
731945,435,434.75,-36.6,-36.6,0,10.97
731950,434,433.81,-29.02,-29.02,0,10.97
731955,438,438.24,-20.75,-20.75,0,10.97
731960,437,437.22,-11.8,-11.8,0,10.97
731965,438,437.77,-2.19,-2.19,0,10.97
731970,446,445.75,8.04,8.04,0,10.97
731975,450,450.23,18.85,18.85,0,10.97
731980,465,465.28,30.17,30.17,0,10.97
731985,480,479.78,41.94,41.94,0,10.97
731990,499,498.69,54.05,54.05,0,10.97
731995,520,520.22,66.42,66.42,0,10.97
732000,544,544.34,78.93,78.93,0,10.97
732005,572,571.79,91.45,91.45,0,10.97
732010,599,598.63,103.87,103.87,0,10.97
732015,625,625.2,116.06,116.06,0,10.97
732020,627,627.38,127.87,127.87,0,10.97
732025,674,673.81,139.19,139.19,0,10.97
732030,697,696.64,149.88,149.88,0,10.97
732035,715,715.18,159.84,159.84,0,10.97
732040,732,732.32,168.94,168.94,0,10.97
732045,744,743.83,177.09,177.09,0,10.97
732050,754,753.71,184.2,184.2,0,10.97
732055,759,759.16,190.22,190.22,0,10.97
732060,781,781.27,195.08,195.08,0,10.97
732065,766,765.84,198.75,198.75,0,10.97
732070,763,762.73,201.21,201.21,0,10.97
732075,757,757.14,202.45,201.21,0,10.97
732080,750,750.28,202.48,201.21,0,10.97
732085,740,739.87,201.34,201.21,0,10.97
732090,731,730.7,199.06,199.06,0,10.97
732095,720,720.12,195.69,195.69,0,10.97
732100,709,709.31,191.28,191.28,0,10.97
732105,696,695.89,185.92,185.92,0,10.97
732110,682,681.67,179.66,179.66,0,10.97
732115,671,671.1,172.6,172.6,0,10.97
732120,660,660.35,164.81,164.81,0,10.97
732125,648,647.91,156.38,156.38,0,10.97
732130,635,634.62,147.4,147.4,0,10.97
732135,623,623.08,137.96,137.96,0,10.97
732140,613,613.41,128.15,128.15,0,10.97
732145,600,599.94,118.05,118.05,0,10.97
732150,592,591.56,107.75,107.75,0,10.97
732155,582,582.05,97.32,97.32,0,10.97
732160,572,572.47,86.86,86.86,0,10.97
732165,564,563.96,76.43,76.43,0,10.97
732170,573,572.52,66.1,66.1,0,10.97
732175,546,546.03,55.94,55.94,0,10.97
732180,536,536.48,46.03,46.03,0,10.97
732185,526,525.97,36.41,36.41,0,10.97
732190,517,516.54,27.15,27.15,0,10.97
732195,505,505.02,18.31,18.31,0,10.97
732200,496,496.44,9.92,9.92,0,10.97
732205,486,485.99,2.04,2.04,0,10.97
732210,477,476.58,-5.31,-5.31,0,10.97
732215,468,468.0,-12.1,-12.1,0,10.97
732220,460,460.41,-18.29,-18.29,0,10.97
732225,453,453.01,-23.89,-23.89,0,10.97
732230,450,449.61,-28.87,-28.87,0,10.97
732235,447,446.98,-33.24,-33.24,0,10.97
732240,444,444.37,-37.0,-37.0,0,10.97
732245,444,444.02,-40.18,-40.18,0,10.97
732250,445,444.65,-42.79,-42.79,0,10.97
732255,444,443.97,-44.86,-44.86,0,10.97
732260,446,446.33,-46.42,-46.42,0,10.97
732265,450,450.04,-47.51,-47.51,0,10.97
732270,453,452.69,-48.18,-48.09,0,10.97
732275,458,457.95,-48.47,-48.09,0,10.97
732280,461,461.29,-48.42,-48.09,0,10.97
732285,465,465.05,-48.09,-48.09,0,10.97
732290,469,468.73,-47.52,-47.52,0,10.97
732295,473,472.94,-46.77,-46.77,0,10.97
732300,476,476.25,-45.87,-45.87,0,10.97
732305,477,477.07,-44.89,-44.89,0,10.97
732310,480,479.76,-43.86,-43.86,0,10.97
732315,483,482.93,-42.82,-42.82,0,10.97
732320,486,486.22,-41.81,-41.81,0,10.97
732325,485,485.07,-40.86,-40.86,0,10.97
732330,485,484.79,-40.0,-40.0,0,10.97
732335,484,483.93,-39.26,-39.26,0,10.97
732340,483,483.2,-38.65,-38.65,0,10.97
732345,482,482.07,-38.19,-38.19,0,10.97
732350,484,483.81,-37.89,-38.0,0,10.97
732355,479,478.92,-37.75,-38.0,0,10.97
732360,476,476.18,-37.79,-38.0,0,10.97
732365,473,473.08,-38.0,-38.0,0,10.97
732370,471,470.84,-38.38,-38.38,0,10.97
732375,470,469.92,-38.93,-38.93,0,10.97
732380,467,467.14,-39.63,-39.63,0,10.97
732385,464,464.08,-40.47,-40.47,0,10.97
732390,461,460.87,-41.45,-41.45,0,10.97
732395,458,457.93,-42.55,-42.55,0,10.97
732400,455,455.11,-43.76,-43.76,0,10.97
732405,452,452.07,-45.07,-45.07,0,10.97
732410,451,450.91,-46.45,-46.45,0,10.97
732415,447,446.93,-47.9,-47.9,0,10.97
732420,446,446.08,-49.41,-49.41,0,10.97
732425,446,446.07,-50.95,-50.95,0,10.97
732430,442,441.94,-52.52,-52.52,0,10.97
732435,441,440.93,-54.11,-54.11,0,10.97
732440,440,440.05,-55.71,-55.71,0,10.97
732445,438,438.08,-57.3,-57.3,0,10.97
732450,436,435.97,-58.88,-58.88,0,10.97
732455,434,433.92,-60.44,-60.44,0,10.97
732460,435,435.02,-61.98,-61.98,0,10.97
732465,433,433.09,-63.49,-63.49,0,10.97
732470,431,430.99,-64.97,-64.97,0,10.97
732475,434,433.9,-66.41,-66.41,0,10.97
732480,431,431.0,-67.82,-67.82,0,10.97
732485,431,431.1,-69.19,-69.19,0,10.97
732490,431,431.0,-70.52,-70.52,0,10.97
732495,431,430.89,-71.81,-71.81,0,10.97
732500,433,432.99,-73.06,-73.06,0,10.97
732505,431,431.11,-74.27,-74.27,0,10.97
732510,431,431.01,-75.45,-75.45,0,10.97
732515,433,432.89,-76.58,-76.58,0,10.97
732520,433,432.99,-77.67,-77.67,0,10.97
732525,432,432.11,-78.72,-78.72,0,10.97
732530,433,433.01,-79.72,-79.72,0,10.97
732535,433,432.89,-80.66,-80.66,0,10.97
732540,434,433.99,-81.54,-81.54,0,10.97
732545,435,435.11,-82.35,-82.35,0,10.97
732550,435,435.0,-83.09,-83.09,0,10.97
732555,434,433.88,-83.73,-83.73,0,10.97
732560,437,437.0,-84.26,-84.26,0,10.97
732565,436,436.12,-84.67,-84.67,0,10.97
732570,437,437.0,-84.93,-84.67,0,10.97
732575,437,436.87,-85.03,-84.67,0,10.97
732580,438,438.01,-84.93,-84.67,0,10.97
732585,439,439.13,-84.62,-84.62,0,10.97
732590,436,435.99,-84.07,-84.07,0,10.97
732595,439,438.86,-83.25,-83.25,0,10.97
732600,439,439.02,-82.11,-82.11,0,10.97
732605,440,440.15,-80.64,-80.64,0,10.97
732610,441,440.96,-78.8,-78.8,0,10.97
732615,441,440.84,-76.55,-76.55,0,10.97
732620,441,441.05,-73.86,-73.86,0,10.97
732625,439,439.17,-70.7,-70.7,0,10.97
732630,442,441.95,-67.03,-67.03,0,10.97
732635,441,440.82,-62.81,-62.81,0,10.97
732640,441,441.06,-58.04,-58.04,0,10.97
732645,441,441.18,-52.66,-52.66,0,10.97
732650,441,440.93,-46.68,-46.68,0,10.97
732655,442,441.81,-40.07,-40.07,0,10.97
732660,440,440.08,-32.82,-32.82,0,10.97
732665,440,440.19,-24.94,-24.94,0,10.97
732670,442,441.92,-16.43,-16.43,0,10.97
732675,444,443.81,-7.32,-7.32,0,10.97
732680,446,446.09,2.38,2.38,0,10.97
732685,453,453.2,12.61,12.61,0,10.97
732690,463,462.91,23.33,23.33,0,10.97
732695,472,471.81,34.45,34.45,0,10.97
732700,493,493.1,45.91,45.91,0,10.97
732705,511,511.21,57.61,57.61,0,10.97
732710,534,533.9,69.44,69.44,0,10.97
732715,560,559.79,81.3,81.3,0,10.97
732720,584,584.1,93.05,93.05,0,10.97
732725,611,611.22,104.58,104.58,0,10.97
732730,635,634.89,115.76,115.76,0,10.97
732735,662,661.77,126.46,126.46,0,10.97
732740,682,682.11,136.56,136.56,0,10.97
732745,700,700.23,145.95,145.95,0,10.97
732750,717,716.88,154.52,154.52,0,10.97
732755,729,728.76,162.18,162.18,0,10.97
732760,738,738.13,168.84,168.84,0,10.97
732765,747,747.24,174.44,174.44,0,10.97
732770,750,749.86,178.93,178.93,0,10.97
732775,752,751.75,182.26,182.26,0,10.97
732780,750,750.14,184.42,183.86,0,10.97
732785,746,746.25,185.4,183.86,0,10.97
732790,739,738.85,185.2,183.86,0,10.97
732795,731,730.74,183.86,183.86,0,10.97
732800,722,722.15,181.4,181.4,0,10.97
732805,709,709.26,177.87,177.87,0,10.97
732810,696,695.84,173.34,173.34,0,10.97
732815,685,684.73,167.86,167.86,0,10.97
732820,672,672.18,161.51,161.51,0,10.97
732825,661,661.28,154.38,154.38,0,10.97
732830,648,647.81,146.53,146.53,0,10.97
732835,637,636.71,138.07,138.07,0,10.97
732841,623,623.21,129.08,129.08,0,10.97
732845,610,610.3,119.64,119.64,0,10.97
732850,600,599.78,109.86,109.86,0,10.97
732855,590,589.7,99.81,99.81,0,10.97
732860,578,578.24,89.58,89.58,0,10.97
732865,569,569.3,79.26,79.26,0,10.97
732870,557,556.75,68.93,68.93,0,10.97
732875,558,557.7,58.67,58.67,0,10.97
732880,537,537.27,48.54,48.54,0,10.97
732885,529,529.29,38.62,38.62,0,10.97
732890,537,536.73,28.97,28.97,0,10.97
732895,509,508.73,19.66,19.66,0,10.97
732900,501,501.25,10.75,10.75,0,10.97
732905,489,489.25,2.27,2.27,0,10.97
732910,481,480.78,-5.71,-5.71,0,10.97
732915,471,470.77,-13.16,-13.16,0,10.97
732920,465,465.19,-20.04,-20.04,0,10.97
732925,458,458.22,-26.34,-26.34,0,10.97
732930,445,444.83,-32.02,-32.02,0,10.97
732935,447,446.8,-37.09,-37.09,0,10.97
732940,443,443.16,-41.53,-41.53,0,10.97
732945,440,440.19,-45.36,-45.36,0,10.97
732950,440,439.85,-48.58,-48.58,0,10.97
732955,440,439.83,-51.21,-51.21,0,10.97
732960,439,439.14,-53.28,-53.28,0,10.97
732965,444,444.16,-54.82,-54.82,0,10.97
732970,446,445.88,-55.86,-55.86,0,10.97
732975,447,446.85,-56.45,-55.95,0,10.97
732980,452,452.11,-56.63,-55.95,0,10.97
732985,456,456.14,-56.45,-55.95,0,10.97
732990,460,459.91,-55.95,-55.95,0,10.97
732995,463,462.87,-55.19,-55.19,0,10.97
733000,468,468.08,-54.21,-54.21,0,10.97
733005,471,471.13,-53.07,-53.07,0,10.97
733010,476,475.94,-51.81,-51.81,0,10.97
733015,478,477.88,-50.48,-50.48,0,10.97
733020,481,481.05,-49.12,-49.12,0,10.97
733025,482,482.12,-47.77,-47.77,0,10.97
733030,483,482.97,-46.46,-46.46,0,10.97
733035,481,480.88,-45.24,-45.24,0,10.97
733040,485,485.02,-44.12,-44.12,0,10.97
733045,484,484.12,-43.13,-43.13,0,10.97
733050,484,483.99,-42.29,-42.29,0,10.97
733055,484,483.88,-41.62,-41.62,0,10.97
733060,485,485.0,-41.12,-41.12,0,10.97
733065,479,479.12,-40.81,-41.0,0,10.97
733070,479,479.01,-40.69,-41.0,0,10.97
733075,476,475.88,-40.75,-41.0,0,10.97
733080,476,475.99,-41.0,-41.0,0,10.97
733085,471,471.12,-41.44,-41.44,0,10.97
733090,467,467.01,-42.04,-42.04,0,10.97
733095,466,465.88,-42.81,-42.81,0,10.97
733100,461,460.99,-43.73,-43.73,0,10.97
733105,461,461.12,-44.78,-44.78,0,10.97
733110,457,457.01,-45.97,-45.97,0,10.97
733115,456,455.88,-47.26,-47.26,0,10.97
733120,453,452.99,-48.66,-48.66,0,10.97
733125,453,453.12,-50.14,-50.14,0,10.97
733130,444,444.01,-51.69,-51.69,0,10.97
733135,448,447.88,-53.3,-53.3,0,10.97
733140,445,445.01,-54.96,-54.96,0,10.97
733145,444,444.12,-56.66,-56.66,0,10.97
733150,444,443.98,-58.39,-58.39,0,10.97
733155,441,440.87,-60.13,-60.13,0,10.97
733160,440,440.03,-61.88,-61.88,0,10.97
733165,439,439.13,-63.64,-63.64,0,10.97
733170,439,438.96,-65.39,-65.39,0,10.97
733175,437,436.86,-67.13,-67.13,0,10.97
733180,436,436.04,-68.86,-68.86,0,10.97
733185,434,434.14,-70.56,-70.56,0,10.97
733190,437,436.95,-72.24,-72.24,0,10.97
733195,438,437.86,-73.9,-73.9,0,10.97
733200,431,431.05,-75.52,-75.52,0,10.97
733205,434,434.13,-77.1,-77.1,0,10.97
733210,434,433.96,-78.64,-78.64,0,10.97
733215,437,436.87,-80.14,-80.14,0,10.97
733220,436,436.04,-81.58,-81.58,0,10.97
733225,436,436.11,-82.96,-82.96,0,10.97
733230,434,433.97,-84.28,-84.28,0,10.97
733235,437,436.9,-85.52,-85.52,0,10.97
733240,436,436.03,-86.67,-86.67,0,10.97
733245,438,438.09,-87.71,-87.71,0,10.97
733250,437,436.97,-88.64,-88.64,0,10.97
733255,438,437.92,-89.44,-89.44,0,10.97
733260,439,439.03,-90.07,-90.07,0,10.97
733265,439,439.06,-90.53,-90.53,0,10.97
733270,440,439.97,-90.79,-90.53,0,10.97
733275,439,438.95,-90.82,-90.53,0,10.97
733280,441,441.03,-90.59,-90.53,0,10.97
733285,439,439.04,-90.07,-90.07,0,10.97
733290,443,442.97,-89.23,-89.23,0,10.97
733295,441,440.97,-88.02,-88.02,0,10.97
733300,441,441.03,-86.43,-86.43,0,10.97
733305,443,443.02,-84.4,-84.4,0,10.97
733310,440,439.97,-81.9,-81.9,0,10.97
733315,442,441.99,-78.89,-78.89,0,10.97
733320,441,441.03,-75.35,-75.35,0,10.97
733325,440,440.0,-71.22,-71.22,0,10.97
733330,442,441.97,-66.48,-66.48,0,10.97
733335,439,439.01,-61.1,-61.1,0,10.97
733340,440,440.02,-55.06,-55.06,0,10.97
733345,441,440.99,-48.33,-48.33,0,10.97
733350,440,439.98,-40.91,-40.91,0,10.97
733355,441,441.02,-32.78,-32.78,0,10.97
733360,442,442.02,-23.97,-23.97,0,10.97
733365,442,441.97,-14.47,-14.47,0,10.97
733370,446,445.99,-4.32,-4.32,0,10.97
733375,454,454.04,6.45,6.45,0,10.97
733380,462,462.02,17.78,17.78,0,10.97
733385,474,473.95,29.6,29.6,0,10.97
733390,489,488.99,41.84,41.84,0,10.97
733395,508,508.07,54.4,54.4,0,10.97
733400,531,531.02,67.18,67.18,0,10.97
733405,557,556.92,80.06,80.06,0,10.97
733410,583,582.98,92.91,92.91,0,10.97
733415,612,612.09,105.62,105.62,0,10.97
733420,640,640.02,118.03,118.03,0,10.97
733425,670,669.9,130.03,130.03,0,10.97
733430,689,688.97,141.47,141.47,0,10.97
733435,712,712.1,152.24,152.24,0,10.97
733440,730,730.04,162.21,162.21,0,10.97
733445,745,744.89,171.28,171.28,0,10.97
733450,757,756.95,179.36,179.36,0,10.97
733455,768,768.11,186.37,186.37,0,10.97
733460,773,773.06,192.23,192.23,0,10.97
733465,774,773.88,196.91,196.91,0,10.97
733470,776,775.93,200.37,200.37,0,10.97
733475,774,774.12,202.59,201.88,0,10.97
733480,768,768.08,203.57,201.88,0,10.97
733485,760,759.86,203.32,201.88,0,10.97
733490,755,754.91,201.88,201.88,0,10.97
733495,740,740.16,199.27,199.27,0,10.97
733500,734,734.1,195.56,195.56,0,10.97
733505,722,721.83,190.8,190.8,0,10.97
733510,707,706.89,185.06,185.06,0,10.97
733515,694,694.18,178.42,178.42,0,10.97
733520,681,681.12,170.96,170.96,0,10.97
733525,666,665.82,162.78,162.78,0,10.97
733530,657,656.87,153.94,153.94,0,10.97
733535,643,643.2,144.56,144.56,0,10.97
733540,631,631.14,134.72,134.72,0,10.97
733545,622,621.79,124.5,124.5,0,10.97
733550,611,610.85,114.0,114.0,0,10.97
733555,599,599.22,103.31,103.31,0,10.97
733560,588,588.15,92.5,92.5,0,10.97
733565,580,579.78,81.66,81.66,0,10.97
733570,568,567.85,70.87,70.87,0,10.97
733575,561,561.23,60.2,60.2,0,10.97
733580,551,551.16,49.72,49.72,0,10.97
733585,540,539.76,39.5,39.5,0,10.97
733590,532,531.84,29.59,29.59,0,10.97
733595,522,522.25,20.06,20.06,0,10.97
733600,509,509.17,10.94,10.94,0,10.97
733605,500,499.73,2.3,2.3,0,10.97
733610,491,490.83,-5.82,-5.82,0,10.97
733615,483,483.29,-13.41,-13.41,0,10.97
733620,474,474.17,-20.42,-20.42,0,10.97
733625,468,467.69,-26.83,-26.83,0,10.97
733630,457,456.82,-32.64,-32.64,0,10.97
733635,455,455.33,-37.83,-37.83,0,10.97
733640,449,449.18,-42.4,-42.4,0,10.97
733645,448,447.65,-46.36,-46.36,0,10.97
733650,448,447.81,-49.73,-49.73,0,10.97
733655,447,447.38,-52.53,-52.53,0,10.97
733660,447,447.2,-54.78,-54.78,0,10.97
733665,468,467.61,-56.51,-56.51,0,10.97
733670,451,450.8,-57.77,-57.77,0,10.97
733675,454,454.37,-58.59,-58.59,0,10.97
733680,459,459.21,-59.01,-58.59,0,10.97
733685,461,460.65,-59.08,-58.59,0,10.97
733690,464,463.79,-58.85,-58.59,0,10.97
733695,469,469.32,-58.36,-58.36,0,10.97
733700,460,460.22,-57.65,-57.65,0,10.97
733705,474,473.7,-56.78,-56.78,0,10.97
733710,477,476.79,-55.8,-55.8,0,10.97
733715,481,481.28,-54.74,-54.74,0,10.97
733720,481,481.19,-53.64,-53.64,0,10.97
733725,483,482.74,-52.55,-52.55,0,10.97
733730,484,483.83,-51.51,-51.51,0,10.97
733735,486,486.25,-50.53,-50.53,0,10.97
733740,487,487.15,-49.65,-49.65,0,10.97
733745,484,483.76,-48.89,-48.89,0,10.97
733750,485,484.86,-48.28,-48.28,0,10.97
733755,484,484.23,-47.82,-47.82,0,10.97
733760,483,483.13,-47.53,-47.72,0,10.97
733765,480,479.77,-47.42,-47.72,0,10.97
733770,478,477.88,-47.48,-47.72,0,10.97
733775,476,476.22,-47.72,-47.72,0,10.97
733780,474,474.11,-48.14,-48.14,0,10.97
733785,472,471.78,-48.72,-48.72,0,10.97
733790,468,467.9,-49.47,-49.47,0,10.97
733795,465,465.22,-50.38,-50.38,0,10.97
733800,464,464.09,-51.42,-51.42,0,10.97
733805,458,457.79,-52.6,-52.6,0,10.97
733810,457,456.91,-53.89,-53.89,0,10.97
733815,455,455.21,-55.29,-55.29,0,10.97
733820,452,452.09,-56.77,-56.77,0,10.97
733825,450,449.79,-58.33,-58.33,0,10.97
733830,443,442.91,-59.95,-59.95,0,10.97
733835,445,445.21,-61.63,-61.63,0,10.97
733840,444,444.1,-63.34,-63.34,0,10.97
733845,443,442.79,-65.08,-65.08,0,10.97
733850,440,439.89,-66.83,-66.83,0,10.97
733855,437,437.21,-68.6,-68.6,0,10.97
733860,436,436.12,-70.36,-70.36,0,10.97
733865,437,436.79,-72.12,-72.12,0,10.97
733870,436,435.87,-73.87,-73.87,0,10.97
733875,434,434.2,-75.61,-75.61,0,10.97
733880,435,435.14,-77.32,-77.32,0,10.97
733885,435,434.81,-79.01,-79.01,0,10.97
733890,435,434.85,-80.68,-80.68,0,10.97
733895,436,436.18,-82.31,-82.31,0,10.97
733900,433,433.16,-83.91,-83.91,0,10.97
733905,435,434.82,-85.47,-85.47,0,10.97
733910,434,433.84,-86.99,-86.99,0,10.97
733915,435,435.17,-88.46,-88.46,0,10.97
733920,436,436.17,-89.87,-89.87,0,10.97
733925,436,435.84,-91.22,-91.22,0,10.97
733930,437,436.82,-92.5,-92.5,0,10.97
733935,434,434.16,-93.7,-93.7,0,10.97
733940,436,436.19,-94.79,-94.79,0,10.97
733945,436,435.85,-95.78,-95.78,0,10.97
733950,436,435.81,-96.63,-96.63,0,10.97
733955,437,437.14,-97.33,-97.33,0,10.97
733960,436,436.2,-97.85,-97.85,0,10.97
733965,437,436.87,-98.17,-97.85,0,10.97
733970,437,436.79,-98.27,-97.85,0,10.97
733975,435,435.12,-98.11,-97.85,0,10.97
733980,438,438.22,-97.66,-97.66,0,10.97
733985,438,437.89,-96.89,-96.89,0,10.97
733990,439,438.77,-95.77,-95.77,0,10.97
733995,440,440.09,-94.26,-94.26,0,10.97
734000,442,442.24,-92.32,-92.32,0,10.97
734005,442,441.92,-89.91,-89.91,0,10.97
734010,442,441.75,-87.0,-87.0,0,10.97
734015,441,441.06,-83.55,-83.55,0,10.97
734020,441,441.27,-79.53,-79.53,0,10.97
734025,440,439.95,-74.89,-74.89,0,10.97
734030,443,442.72,-69.61,-69.61,0,10.97
734035,442,442.04,-63.67,-63.67,0,10.97
734040,441,441.29,-57.03,-57.03,0,10.97
734045,443,442.98,-49.68,-49.68,0,10.97
734050,445,444.7,-41.61,-41.61,0,10.97
734055,439,439.01,-32.83,-32.83,0,10.97
734060,442,442.3,-23.33,-23.33,0,10.97
734065,445,445.01,-13.14,-13.14,0,10.97
734070,450,449.7,-2.29,-2.29,0,10.97
734075,457,456.97,9.18,9.18,0,10.97
734080,468,468.3,21.2,21.2,0,10.97
734085,481,481.06,33.71,33.71,0,10.97
734090,500,499.7,46.62,46.62,0,10.97
734095,522,521.93,59.82,59.82,0,10.97
734100,547,547.3,73.21,73.21,0,10.97
734105,573,573.09,86.66,86.66,0,10.97
734110,602,601.69,100.04,100.04,0,10.97
734115,635,634.89,113.22,113.22,0,10.97
734120,658,658.31,126.07,126.07,0,10.97
734125,683,683.11,138.44,138.44,0,10.97
734130,705,704.68,150.2,150.2,0,10.97
734137,737,736.88,161.24,161.24,0,10.97
734140,746,746.33,171.43,171.43,0,10.97
734145,761,761.1,180.67,180.67,0,10.97
734150,777,776.66,188.88,188.88,0,10.97
734155,781,780.92,195.97,195.97,0,10.97
734160,785,785.34,201.88,201.88,0,10.97
734165,789,789.06,206.58,206.58,0,10.97
734170,788,787.65,210.03,210.03,0,10.97
734175,784,783.96,212.23,211.38,0,10.97
734180,778,778.34,213.17,211.38,0,10.97
734185,771,771.02,212.88,211.38,0,10.97
734190,761,760.66,211.38,211.38,0,10.97
734195,751,750.99,208.72,208.72,0,10.97
734200,741,741.35,204.96,204.96,0,10.97
734205,728,727.99,200.15,200.15,0,10.97
734210,718,717.65,194.37,194.37,0,10.97
734215,704,704.03,187.69,187.69,0,10.97
734220,692,692.35,180.2,180.2,0,10.97
734225,679,678.96,171.98,171.98,0,10.97
734230,667,666.64,163.12,163.12,0,10.97
734235,656,656.06,153.71,153.71,0,10.97
734240,644,644.36,143.84,143.84,0,10.97
734245,633,632.92,133.6,133.6,0,10.97
734250,622,621.63,123.07,123.07,0,10.97
734255,612,612.1,112.34,112.34,0,10.97
734260,602,602.38,101.48,101.48,0,10.97
734265,591,590.88,90.59,90.59,0,10.97
734270,579,578.61,79.74,79.74,0,10.97
734275,571,571.14,68.99,68.99,0,10.97
734280,561,561.4,58.41,58.41,0,10.97
734285,552,551.83,48.08,48.08,0,10.97
734290,544,543.58,38.04,38.04,0,10.97
734295,533,533.19,28.35,28.35,0,10.97
734300,523,523.43,19.07,19.07,0,10.97
734305,513,512.79,10.23,10.23,0,10.97
734310,502,501.55,1.87,1.87,0,10.97
734315,496,496.24,-5.97,-5.97,0,10.97
734320,485,485.47,-13.26,-13.26,0,10.97
734325,475,474.73,-19.98,-19.98,0,10.97
734330,470,469.51,-26.12,-26.12,0,10.97
734335,463,463.3,-31.67,-31.67,0,10.97
734340,459,459.51,-36.63,-36.63,0,10.97
734345,457,456.66,-41.0,-41.0,0,10.97
734350,477,476.48,-44.8,-44.8,0,10.97
734355,452,452.37,-48.04,-48.04,0,10.97
734360,452,452.5,-50.75,-50.75,0,10.97
734365,453,452.6,-52.96,-52.96,0,10.97
734370,455,454.54,-54.69,-54.69,0,10.97
734375,459,459.44,-55.98,-55.98,0,10.97
734380,462,462.42,-56.87,-56.87,0,10.97
734385,463,462.52,-57.41,-57.34,0,10.97
734390,464,463.61,-57.64,-57.34,0,10.97
734395,470,470.52,-57.6,-57.34,0,10.97
734400,471,471.36,-57.34,-57.34,0,10.97
734405,474,473.44,-56.91,-56.91,0,10.97
734410,477,476.66,-56.34,-56.34,0,10.97
734415,477,477.61,-55.67,-55.67,0,10.97
734420,481,481.31,-54.96,-54.96,0,10.97
734425,481,480.34,-54.23,-54.23,0,10.97
734430,482,481.71,-53.52,-53.52,0,10.97
734435,482,482.7,-52.86,-52.86,0,10.97
734440,483,483.26,-52.27,-52.27,0,10.97
734445,483,482.25,-51.78,-51.78,0,10.97
734450,480,479.76,-51.4,-51.4,0,10.97
734455,477,477.8,-51.16,-51.32,0,10.97
734460,477,477.23,-51.06,-51.32,0,10.97
734465,485,484.16,-51.11,-51.32,0,10.97
734470,473,472.79,-51.32,-51.32,0,10.97
734475,474,474.87,-51.69,-51.69,0,10.97
734480,470,470.19,-52.21,-52.21,0,10.97
734485,483,482.12,-52.89,-52.89,0,10.97
734490,462,461.82,-53.71,-53.71,0,10.97
734495,460,460.88,-54.66,-54.66,0,10.97
734500,457,457.17,-55.73,-55.73,0,10.97
734505,454,453.13,-56.92,-56.92,0,10.97
734510,451,450.84,-58.2,-58.2,0,10.97
734515,449,449.86,-59.57,-59.57,0,10.97
734520,446,446.16,-61.0,-61.0,0,10.97
734525,444,443.15,-62.49,-62.49,0,10.97
734530,443,442.85,-64.02,-64.02,0,10.97
734535,441,441.85,-65.59,-65.59,0,10.97
734540,439,439.14,-67.18,-67.18,0,10.97
734545,437,436.15,-68.78,-68.78,0,10.97
734550,437,436.87,-70.39,-70.39,0,10.97
734555,435,435.85,-71.99,-71.99,0,10.97
734560,434,434.12,-73.58,-73.58,0,10.97
734565,434,433.14,-75.16,-75.16,0,10.97
734570,432,431.89,-76.72,-76.72,0,10.97
734575,432,432.86,-78.25,-78.25,0,10.97
734580,432,432.11,-79.75,-79.75,0,10.97
734585,431,430.13,-81.22,-81.22,0,10.97
734590,429,428.9,-82.66,-82.66,0,10.97
734595,434,434.89,-84.07,-84.07,0,10.97
734600,427,427.1,-85.43,-85.43,0,10.97
734605,431,430.09,-86.76,-86.76,0,10.97
734610,433,432.91,-88.05,-88.05,0,10.97
734615,430,430.93,-89.29,-89.29,0,10.97
734620,430,430.07,-90.48,-90.48,0,10.97
734625,434,433.04,-91.61,-91.61,0,10.97
734630,432,431.95,-92.68,-92.68,0,10.97
734635,432,432.98,-93.69,-93.69,0,10.97
734640,434,434.03,-94.61,-94.61,0,10.97
734645,435,434.0,-95.44,-95.44,0,10.97
734650,434,433.99,-96.16,-96.16,0,10.97
734655,435,436.02,-96.76,-96.76,0,10.97
734660,439,439.0,-97.22,-97.22,0,10.97
734665,437,435.96,-97.51,-97.22,0,10.97
734670,438,438.01,-97.61,-97.22,0,10.97
734675,414,415.05,-97.5,-97.22,0,10.97
734680,441,440.98,-97.15,-97.15,0,10.97
734685,440,438.97,-96.53,-96.53,0,10.97
734690,440,440.02,-95.6,-95.6,0,10.97
734695,440,440.99,-94.33,-94.33,0,10.97
734700,441,440.97,-92.69,-92.69,0,10.97
734705,444,443.04,-90.65,-90.65,0,10.97
734710,441,441.03,-88.16,-88.16,0,10.97
734715,440,440.92,-85.19,-85.19,0,10.97
734720,441,440.97,-81.7,-81.7,0,10.97
734725,441,440.12,-77.66,-77.66,0,10.97
734730,440,440.03,-73.03,-73.03,0,10.97
734735,441,441.84,-67.78,-67.78,0,10.97
734740,441,440.97,-61.88,-61.88,0,10.97
734745,440,439.2,-55.31,-55.31,0,10.97
734750,440,440.03,-48.06,-48.06,0,10.97
734755,439,439.77,-40.11,-40.11,0,10.97
734760,439,438.97,-31.46,-31.46,0,10.97
734765,441,440.26,-22.12,-22.12,0,10.97
734770,443,443.04,-12.11,-12.11,0,10.97
734775,449,449.71,-1.47,-1.47,0,10.97
734780,455,454.96,9.77,9.77,0,10.97
734785,465,464.32,21.54,21.54,0,10.97
734790,480,480.04,33.77,33.77,0,10.97
734795,499,499.66,46.37,46.37,0,10.97
734800,520,519.96,59.24,59.24,0,10.97
734805,545,544.36,72.28,72.28,0,10.97
734810,571,571.04,85.36,85.36,0,10.97
734815,601,601.62,98.36,98.36,0,10.97
734820,627,626.96,111.13,111.13,0,10.97
734825,657,656.39,123.55,123.55,0,10.97
734830,682,682.04,135.48,135.48,0,10.97
734835,702,702.59,146.8,146.8,0,10.97
734840,724,723.95,157.39,157.39,0,10.97
734845,742,741.42,167.13,167.13,0,10.97
734850,755,755.06,175.92,175.92,0,10.97
734855,764,764.55,183.68,183.68,0,10.97
734860,772,771.93,190.33,190.33,0,10.97
734865,777,776.46,195.83,195.83,0,10.97
734870,775,775.07,200.13,200.13,0,10.97
734875,777,777.51,203.2,203.2,0,10.97
734880,771,770.92,205.05,203.31,0,10.97
734885,764,763.5,205.66,203.31,0,10.97
734890,756,756.08,205.07,203.31,0,10.97
734895,747,747.48,203.31,203.31,0,10.97
734900,737,736.92,200.42,200.42,0,10.97
734905,726,725.53,196.46,196.46,0,10.97
734910,716,716.08,191.48,191.48,0,10.97
734915,703,703.46,185.57,185.57,0,10.97
734920,690,689.91,178.79,178.79,0,10.97
734925,678,677.55,171.22,171.22,0,10.97
734930,668,668.1,162.97,162.97,0,10.97
734935,656,656.45,154.09,154.09,0,10.97
734940,644,643.89,144.7,144.7,0,10.97
734945,635,634.56,134.86,134.86,0,10.97
734950,623,623.12,124.68,124.68,0,10.97
734955,611,611.43,114.23,114.23,0,10.97
734960,601,600.87,103.6,103.6,0,10.97
734965,592,591.57,92.87,92.87,0,10.97
734970,580,580.15,82.13,82.13,0,10.97
734975,571,571.42,71.44,71.44,0,10.97
734980,561,560.84,60.87,60.87,0,10.97
734985,552,551.59,50.51,50.51,0,10.97
734990,543,543.18,40.4,40.4,0,10.97
734995,530,530.4,30.62,30.62,0,10.97
735000,521,520.81,21.22,21.22,0,10.97
735005,509,508.61,12.24,12.24,0,10.97
735010,501,501.21,3.74,3.74,0,10.97
735015,490,490.39,-4.25,-4.25,0,10.97
735020,480,479.76,-11.69,-11.69,0,10.97
735025,471,470.62,-18.56,-18.56,0,10.97
735030,465,465.26,-24.83,-24.83,0,10.97
735035,458,458.38,-30.49,-30.49,0,10.97
735040,456,455.72,-35.53,-35.53,0,10.97
735045,451,450.62,-39.97,-39.97,0,10.97
735050,448,448.31,-43.8,-43.8,0,10.97
735055,447,447.38,-47.04,-47.04,0,10.97
735060,446,445.67,-49.72,-49.72,0,10.97
735065,448,447.63,-51.86,-51.86,0,10.97
735070,450,450.35,-53.49,-53.49,0,10.97
735075,453,453.37,-54.66,-54.66,0,10.97
735080,456,455.62,-55.41,-55.41,0,10.97
735085,460,459.62,-55.78,-55.41,0,10.97
735090,461,461.41,-55.82,-55.41,0,10.97
735095,468,468.38,-55.58,-55.41,0,10.97
735100,471,470.57,-55.11,-55.11,0,10.97
735105,474,473.62,-54.46,-54.46,0,10.97
735110,477,477.45,-53.67,-53.67,0,10.97
735115,479,479.39,-52.79,-52.79,0,10.97
735120,481,480.52,-51.86,-51.86,0,10.97
735125,486,485.61,-50.92,-50.92,0,10.97
735130,478,478.5,-50.02,-50.02,0,10.97
735135,485,485.39,-49.17,-49.17,0,10.97
735140,485,484.49,-48.41,-48.41,0,10.97
735145,485,484.61,-47.76,-47.76,0,10.97
735150,474,474.52,-47.25,-47.25,0,10.97
735155,480,480.39,-46.88,-46.88,0,10.97
735160,479,478.49,-46.67,-46.88,0,10.97
735165,477,476.61,-46.62,-46.88,0,10.97
735170,475,475.5,-46.75,-46.88,0,10.97
735175,473,473.39,-47.06,-47.06,0,10.97
735180,469,468.51,-47.53,-47.53,0,10.97
735185,471,470.61,-48.17,-48.17,0,10.97
735190,461,461.49,-48.98,-48.98,0,10.97
735195,460,460.38,-49.93,-49.93,0,10.97
735200,459,458.52,-51.03,-51.03,0,10.97
735205,455,454.63,-52.26,-52.26,0,10.97
735210,453,453.47,-53.61,-53.61,0,10.97
735215,450,450.36,-55.07,-55.07,0,10.97
735220,447,446.54,-56.62,-56.62,0,10.97
735225,446,445.64,-58.25,-58.25,0,10.97
735230,442,442.45,-59.95,-59.95,0,10.97
735235,441,441.35,-61.7,-61.7,0,10.97
735240,439,438.56,-63.49,-63.49,0,10.97
735245,438,437.66,-65.32,-65.32,0,10.97
735250,436,436.43,-67.16,-67.16,0,10.97
735255,435,435.33,-69.02,-69.02,0,10.97
735260,435,434.58,-70.88,-70.88,0,10.97
735265,432,431.68,-72.72,-72.72,0,10.97
735270,433,433.42,-74.56,-74.56,0,10.97
735275,431,431.32,-76.36,-76.36,0,10.97
735280,431,430.59,-78.13,-78.13,0,10.97
735285,430,429.68,-79.87,-79.87,0,10.97
735290,432,432.41,-81.55,-81.55,0,10.97
735295,429,429.31,-83.18,-83.18,0,10.97
735300,426,425.59,-84.74,-84.74,0,10.97
735305,435,434.69,-86.22,-86.22,0,10.97
735310,429,429.42,-87.62,-87.62,0,10.97
735315,429,429.29,-88.93,-88.93,0,10.97
735320,432,431.56,-90.12,-90.12,0,10.97
735325,433,432.73,-91.2,-91.2,0,10.97
735330,433,433.45,-92.13,-92.13,0,10.97
735335,434,434.25,-92.91,-92.91,0,10.97
735340,434,433.54,-93.52,-93.52,0,10.97
735345,435,434.77,-93.94,-93.76,0,10.97
735350,435,435.48,-94.13,-93.76,0,10.97
735355,435,435.21,-94.08,-93.76,0,10.97
735360,436,435.51,-93.76,-93.76,0,10.97
735365,435,434.81,-93.13,-93.13,0,10.97
735370,435,435.51,-92.17,-92.17,0,10.97
735375,436,436.17,-90.85,-90.85,0,10.97
735380,436,435.48,-89.13,-89.13,0,10.97
735385,436,435.85,-86.97,-86.97,0,10.97
735390,437,437.54,-84.34,-84.34,0,10.97
735395,437,437.14,-81.21,-81.21,0,10.97
735400,438,437.44,-77.55,-77.55,0,10.97
735405,436,435.88,-73.32,-73.32,0,10.97
735410,437,437.58,-68.5,-68.5,0,10.97
735415,437,437.11,-63.06,-63.06,0,10.97
735420,437,436.4,-56.97,-56.97,0,10.97
735425,438,437.9,-50.23,-50.23,0,10.97
735430,438,438.62,-42.83,-42.83,0,10.97
735435,437,437.08,-34.76,-34.76,0,10.97
735440,438,437.36,-26.04,-26.04,0,10.97
735445,439,438.93,-16.67,-16.67,0,10.97
735450,443,443.67,-6.69,-6.69,0,10.97
735455,449,449.06,3.86,3.86,0,10.97
735460,458,457.3,14.92,14.92,0,10.97
735465,470,469.96,26.44,26.44,0,10.97
735470,486,486.73,38.32,38.32,0,10.97
735475,506,506.03,50.48,50.48,0,10.97
735480,527,526.24,62.81,62.81,0,10.97
735485,553,552.98,75.2,75.2,0,10.97
735490,572,572.79,87.52,87.52,0,10.97
735495,607,607.01,99.64,99.64,0,10.97
735500,633,632.18,111.44,111.44,0,10.97
735505,658,658.0,122.79,122.79,0,10.97
735510,683,683.84,133.55,133.55,0,10.97
735515,703,702.99,143.61,143.61,0,10.97
735520,724,723.14,152.86,152.86,0,10.97
735525,736,736.02,161.19,161.19,0,10.97
735530,731,731.87,168.52,168.52,0,10.97
735535,754,753.97,174.77,174.77,0,10.97
735540,760,759.14,179.89,179.89,0,10.97
735545,760,760.04,183.83,183.83,0,10.97
735550,758,758.84,186.56,186.56,0,10.97
735555,754,753.95,188.08,186.56,0,10.97
735560,752,751.18,188.39,186.56,0,10.97
735565,740,740.06,187.5,186.56,0,10.97
735570,730,730.79,185.46,185.46,0,10.97
735575,717,716.92,182.31,182.31,0,10.97
735580,706,705.23,178.09,178.09,0,10.97
735585,694,694.09,172.89,172.89,0,10.97
735590,682,682.74,166.77,166.77,0,10.97
735595,671,670.89,159.8,159.8,0,10.97
735600,658,657.28,152.08,152.08,0,10.97
735605,645,645.12,143.69,143.69,0,10.97
735610,634,634.7,134.73,134.73,0,10.97
735615,620,619.87,125.27,125.27,0,10.97
735620,611,610.32,115.42,115.42,0,10.97
735625,599,599.15,105.26,105.26,0,10.97
735630,589,589.67,94.88,94.88,0,10.97
735635,579,578.83,84.37,84.37,0,10.97
735640,569,568.35,73.81,73.81,0,10.97
735645,558,558.18,63.29,63.29,0,10.97
735650,549,549.64,52.88,52.88,0,10.97
735655,538,537.8,42.65,42.65,0,10.97
735660,528,527.37,32.68,32.68,0,10.97
735665,518,518.22,23.03,23.03,0,10.97
735670,506,506.62,13.77,13.77,0,10.97
735675,497,496.77,4.94,4.94,0,10.97
735680,486,485.39,-3.4,-3.4,0,10.97
735685,477,477.25,-11.22,-11.22,0,10.97
735690,467,467.61,-18.46,-18.46,0,10.97
735695,460,459.73,-25.11,-25.11,0,10.97
735700,454,453.4,-31.15,-31.15,0,10.97
735705,446,446.29,-36.55,-36.55,0,10.97
735710,442,442.59,-41.32,-41.32,0,10.97
735715,439,438.69,-45.45,-45.45,0,10.97
735720,436,435.42,-48.96,-48.96,0,10.97
735725,439,439.33,-51.86,-51.86,0,10.97
735730,438,438.58,-54.17,-54.17,0,10.97
735735,445,444.65,-55.94,-55.94,0,10.97
735740,443,442.42,-57.19,-57.19,0,10.97
735745,445,445.37,-57.97,-57.93,0,10.97
735750,449,449.57,-58.32,-57.93,0,10.97
735755,456,455.62,-58.29,-57.93,0,10.97
735760,459,458.43,-57.93,-57.93,0,10.97
735765,464,464.38,-57.3,-57.3,0,10.97
735770,467,467.57,-56.45,-56.45,0,10.97
735775,471,470.61,-55.42,-55.42,0,10.97
735780,475,474.43,-54.28,-54.28,0,10.97
735785,478,478.41,-53.06,-53.06,0,10.97
735790,480,480.57,-51.82,-51.82,0,10.97
735795,484,483.58,-50.59,-50.59,0,10.97
735800,484,483.43,-49.42,-49.42,0,10.97
735805,487,487.43,-48.33,-48.33,0,10.97
735810,485,485.57,-47.36,-47.36,0,10.97
735815,486,485.55,-46.53,-46.53,0,10.97
735820,484,483.42,-45.86,-45.86,0,10.97
735825,478,478.46,-45.37,-45.37,0,10.97
735830,480,480.58,-45.07,-45.31,0,10.97
735835,478,477.53,-44.95,-45.31,0,10.97
735840,483,482.42,-45.03,-45.31,0,10.97
735845,472,472.47,-45.31,-45.31,0,10.97
735850,469,469.57,-45.78,-45.78,0,10.97
735855,466,465.52,-46.42,-46.42,0,10.97
735860,462,461.44,-47.24,-47.24,0,10.97
735865,460,460.49,-48.22,-48.22,0,10.97
735870,456,456.55,-49.35,-49.35,0,10.97
735875,454,453.5,-50.61,-50.61,0,10.97
735880,442,441.45,-51.99,-51.99,0,10.97
735885,449,449.51,-53.47,-53.47,0,10.97
735890,446,446.56,-55.05,-55.05,0,10.97
735895,444,443.48,-56.7,-56.7,0,10.97
735900,442,441.42,-58.42,-58.42,0,10.97
735905,439,439.53,-60.19,-60.19,0,10.97
735910,438,438.59,-62.0,-62.0,0,10.97
735915,437,436.45,-63.85,-63.85,0,10.97
735920,436,435.39,-65.72,-65.72,0,10.97
735925,436,436.56,-67.6,-67.6,0,10.97
735930,434,434.63,-69.49,-69.49,0,10.97
735935,434,433.42,-71.37,-71.37,0,10.97
735940,432,431.34,-73.25,-73.25,0,10.97
735945,432,432.6,-75.12,-75.12,0,10.97
735950,433,433.68,-76.97,-76.97,0,10.97
735955,433,432.38,-78.78,-78.78,0,10.97
735960,433,432.29,-80.57,-80.57,0,10.97
735965,432,432.64,-82.32,-82.32,0,10.97
735970,434,434.74,-84.02,-84.02,0,10.97
735975,432,431.34,-85.66,-85.66,0,10.97
735980,432,431.22,-87.24,-87.24,0,10.97
735985,431,431.68,-88.73,-88.73,0,10.97
735990,433,433.82,-90.14,-90.14,0,10.97
735995,432,431.3,-91.43,-91.43,0,10.97
736000,434,433.14,-92.6,-92.6,0,10.97
736005,432,432.73,-93.63,-93.63,0,10.97
736010,410,410.89,-94.49,-94.49,0,10.97
736015,436,435.25,-95.16,-95.16,0,10.97
736020,436,435.11,-95.62,-95.46,0,10.97
736025,437,437.77,-95.85,-95.46,0,10.97
736030,438,438.87,-95.8,-95.46,0,10.97
736035,438,437.2,-95.46,-95.46,0,10.97
736040,438,437.15,-94.8,-94.8,0,10.97
736045,411,411.81,-93.77,-93.77,0,10.97
736050,437,437.84,-92.34,-92.34,0,10.97
736055,435,434.22,-90.48,-90.48,0,10.97
736060,439,438.17,-88.15,-88.15,0,10.97
736065,437,437.74,-85.32,-85.32,0,10.97
736070,437,437.81,-81.94,-81.94,0,10.97
736075,433,432.29,-78.0,-78.0,0,10.97
736080,437,436.2,-73.45,-73.45,0,10.97
736085,439,439.69,-68.27,-68.27,0,10.97
736090,435,435.79,-62.43,-62.43,0,10.97
736095,441,440.33,-55.92,-55.92,0,10.97
736100,443,442.23,-48.71,-48.71,0,10.97
736105,438,438.65,-40.8,-40.8,0,10.97
736110,434,434.75,-32.19,-32.19,0,10.97
736115,443,442.37,-22.89,-22.89,0,10.97
736120,442,441.29,-12.91,-12.91,0,10.97
736125,445,445.6,-2.3,-2.3,0,10.97
736130,451,451.68,8.92,8.92,0,10.97
736135,464,463.43,20.67,20.67,0,10.97
736140,477,476.36,32.9,32.9,0,10.97
736145,493,493.54,45.51,45.51,0,10.97
736150,515,515.61,58.41,58.41,0,10.97
736155,539,538.49,71.49,71.49,0,10.97
736160,565,564.43,84.62,84.62,0,10.97
736165,592,592.48,97.7,97.7,0,10.97
736170,621,621.53,110.57,110.57,0,10.97
736175,648,647.55,123.12,123.12,0,10.97
736180,674,673.5,135.19,135.19,0,10.97
736185,697,697.41,146.68,146.68,0,10.97
736190,718,718.47,157.45,157.45,0,10.97
736195,735,734.61,167.4,167.4,0,10.97
736200,750,749.56,176.41,176.41,0,10.97
736205,761,761.36,184.4,184.4,0,10.97
736210,769,769.41,191.3,191.3,0,10.97
736215,774,773.67,197.04,197.04,0,10.97
736220,777,776.61,201.58,201.58,0,10.97
736225,774,774.3,204.9,204.9,0,10.97
736230,771,771.35,206.98,205.86,0,10.97
736235,766,765.72,207.82,205.86,0,10.97
736240,759,758.67,207.43,205.86,0,10.97
736245,760,760.26,205.86,205.86,0,10.97
736250,739,739.29,203.14,203.14,0,10.97
736255,727,726.75,199.33,199.33,0,10.97
736260,716,715.74,194.48,194.48,0,10.97
736265,704,704.26,188.67,188.67,0,10.97
736270,696,696.24,181.98,181.98,0,10.97
736275,681,680.74,174.48,174.48,0,10.97
736280,669,668.78,166.26,166.26,0,10.97
736285,657,657.27,157.41,157.41,0,10.97
736290,646,646.2,148.02,148.02,0,10.97
736295,633,632.72,138.18,138.18,0,10.97
736300,622,621.82,127.97,127.97,0,10.97
736305,609,609.28,117.49,117.49,0,10.97
736310,601,601.17,106.81,106.81,0,10.97
736315,591,590.71,96.03,96.03,0,10.97
736320,580,579.85,85.22,85.22,0,10.97
736325,572,572.29,74.45,74.45,0,10.97
736330,560,560.14,63.81,63.81,0,10.97
736335,551,550.7,53.35,53.35,0,10.97
736340,539,538.87,43.14,43.14,0,10.97
736345,529,529.3,33.25,33.25,0,10.97
736350,520,520.12,23.73,23.73,0,10.97
736355,510,509.69,14.62,14.62,0,10.97
736360,500,499.89,5.97,5.97,0,10.97
736365,490,490.31,-2.17,-2.17,0,10.97
736370,481,481.1,-9.79,-9.79,0,10.97
736375,491,490.69,-16.85,-16.85,0,10.97
736380,464,463.9,-23.33,-23.33,0,10.97
736385,459,459.27,-29.22,-29.22,0,10.97
736390,454,454.09,-34.5,-34.5,0,10.97
736395,450,449.77,-39.2,-39.2,0,10.97
736400,449,448.91,-43.3,-43.3,0,10.97
736405,449,449.19,-46.82,-46.82,0,10.97
736410,447,447.08,-49.78,-49.78,0,10.97
736415,446,445.85,-52.21,-52.21,0,10.97
736420,446,445.92,-54.14,-54.14,0,10.97
736425,448,448.12,-55.61,-55.61,0,10.97
736430,455,455.08,-56.65,-56.65,0,10.97
736435,454,453.92,-57.31,-57.31,0,10.97
736440,456,455.91,-57.63,-57.31,0,10.97
736445,479,479.06,-57.67,-57.31,0,10.97
736450,464,464.1,-57.46,-57.31,0,10.97
736455,468,467.94,-57.06,-57.06,0,10.97
736460,470,469.89,-56.5,-56.5,0,10.97
736465,469,469.07,-55.84,-55.84,0,10.97
736470,477,477.13,-55.12,-55.12,0,10.97
736475,476,475.92,-54.36,-54.36,0,10.97
736480,479,478.85,-53.61,-53.61,0,10.97
736485,480,480.09,-52.91,-52.91,0,10.97
736490,479,479.17,-52.27,-52.27,0,10.97
736495,480,479.91,-51.72,-51.72,0,10.97
736500,478,477.81,-51.28,-51.28,0,10.97
736505,478,478.1,-50.97,-50.97,0,10.97
736510,477,477.21,-50.8,-50.97,0,10.97
736515,474,473.89,-50.77,-50.97,0,10.97
736520,472,471.77,-50.89,-50.97,0,10.97
736525,467,467.12,-51.16,-51.16,0,10.97
736530,465,465.25,-51.58,-51.58,0,10.97
736535,464,463.88,-52.14,-52.14,0,10.97
736540,461,460.73,-52.84,-52.84,0,10.97
736545,458,458.12,-53.66,-53.66,0,10.97
736550,455,455.29,-54.59,-54.59,0,10.97
736555,452,451.87,-55.63,-55.63,0,10.97
736560,449,448.69,-56.76,-56.76,0,10.97
736565,446,446.13,-57.96,-57.96,0,10.97
736570,445,445.34,-59.22,-59.22,0,10.97
736575,442,441.87,-60.54,-60.54,0,10.97
736580,440,439.64,-61.89,-61.89,0,10.97
736585,438,438.13,-63.26,-63.26,0,10.97
736590,436,436.39,-64.65,-64.65,0,10.97
736595,434,433.86,-66.05,-66.05,0,10.97
736600,432,431.58,-67.43,-67.43,0,10.97
736605,431,431.14,-68.81,-68.81,0,10.97
736610,430,430.45,-70.17,-70.17,0,10.97
736615,429,428.86,-71.51,-71.51,0,10.97
736620,429,428.52,-72.82,-72.82,0,10.97
736625,428,428.15,-74.1,-74.1,0,10.97
736630,426,426.51,-75.35,-75.35,0,10.97
736635,427,426.85,-76.57,-76.57,0,10.97
736640,445,444.47,-77.77,-77.77,0,10.97
736645,427,427.16,-78.93,-78.93,0,10.97
736650,427,427.52,-80.08,-80.08,0,10.97
736655,427,426.83,-81.19,-81.19,0,10.97
736660,428,427.5,-82.29,-82.29,0,10.97
736665,426,426.17,-83.35,-83.35,0,10.97
736670,427,427.49,-84.39,-84.39,0,10.97
736675,430,429.82,-85.41,-85.41,0,10.97
736680,429,428.53,-86.4,-86.4,0,10.97
736685,429,429.18,-87.36,-87.36,0,10.97
736690,428,428.45,-88.28,-88.28,0,10.97
736695,432,431.82,-89.17,-89.17,0,10.97
736700,432,431.58,-90.02,-90.02,0,10.97
736705,433,433.17,-90.81,-90.81,0,10.97
736710,433,433.4,-91.53,-91.53,0,10.97
736715,431,430.83,-92.18,-92.18,0,10.97
736720,434,433.62,-92.73,-92.73,0,10.97
736725,435,435.18,-93.17,-93.17,0,10.97
736730,436,436.36,-93.47,-93.33,0,10.97
736735,437,436.82,-93.62,-93.33,0,10.97
736740,436,435.66,-93.58,-93.33,0,10.97
736745,437,437.19,-93.33,-93.33,0,10.97
736750,437,437.33,-92.83,-92.83,0,10.97
736755,439,438.81,-92.06,-92.06,0,10.97
736760,437,436.69,-90.96,-90.96,0,10.97
736765,438,438.2,-89.51,-89.51,0,10.97
736770,440,440.3,-87.67,-87.67,0,10.97
736775,438,437.8,-85.39,-85.39,0,10.97
736780,438,437.71,-82.63,-82.63,0,10.97
736785,437,437.2,-79.36,-79.36,0,10.97
736790,439,439.29,-75.53,-75.53,0,10.97
736795,438,437.79,-71.11,-71.11,0,10.97
736800,437,436.71,-66.05,-66.05,0,10.97
736805,436,436.21,-60.33,-60.33,0,10.97
736810,437,437.29,-53.93,-53.93,0,10.97
736815,437,436.8,-46.82,-46.82,0,10.97
736820,436,435.71,-38.98,-38.98,0,10.97
736825,438,438.2,-30.42,-30.42,0,10.97
736830,438,438.29,-21.13,-21.13,0,10.97
736835,440,439.8,-11.14,-11.14,0,10.97
736840,443,442.7,-0.47,-0.47,0,10.97
736845,442,442.2,10.84,10.84,0,10.97
736850,460,460.31,22.73,22.73,0,10.97
736855,474,473.82,35.13,35.13,0,10.97
736860,491,490.69,47.96,47.96,0,10.97
736865,514,514.17,61.12,61.12,0,10.97
736870,539,539.33,74.49,74.49,0,10.97
736875,566,565.85,87.96,87.96,0,10.97
736880,594,593.66,101.4,101.4,0,10.97
736885,623,623.13,114.68,114.68,0,10.97
736890,651,651.36,127.64,127.64,0,10.97
736895,678,677.89,140.17,140.17,0,10.97
736900,711,710.63,152.13,152.13,0,10.97
736905,724,724.09,163.39,163.39,0,10.97
736910,740,740.37,173.83,173.83,0,10.97
736915,756,755.92,183.36,183.36,0,10.97
736920,767,766.64,191.88,191.88,0,10.97
736925,776,776.06,199.32,199.32,0,10.97
736930,780,780.35,205.61,205.61,0,10.97
736935,780,779.95,210.71,210.71,0,10.97
736940,780,779.65,214.59,214.59,0,10.97
736945,779,779.04,217.24,217.24,0,10.97
736950,771,771.34,218.65,217.24,0,10.97
736955,766,765.97,218.85,217.24,0,10.97
736960,757,756.67,217.85,217.24,0,10.97
736965,749,749.03,215.7,215.7,0,10.97
736970,739,739.33,212.45,212.45,0,10.97
736975,727,726.98,208.15,208.15,0,10.97
736980,717,716.67,202.88,202.88,0,10.97
736985,703,703.02,196.7,196.7,0,10.97
736990,692,692.32,189.69,189.69,0,10.97
736995,679,678.98,181.94,181.94,0,10.97
737000,668,667.68,173.52,173.52,0,10.97
737005,658,658.01,164.53,164.53,0,10.97
737010,647,647.32,155.04,155.04,0,10.97
737015,634,633.99,145.14,145.14,0,10.97
737020,625,624.68,134.91,134.91,0,10.97
737025,613,613.02,124.44,124.44,0,10.97
737030,605,605.33,113.8,113.8,0,10.97
737035,596,595.99,103.08,103.08,0,10.97
737040,588,587.67,92.33,92.33,0,10.97
737045,577,577.01,81.64,81.64,0,10.97
737050,566,566.33,71.07,71.07,0,10.97
737055,559,558.99,60.69,60.69,0,10.97
737060,548,547.67,50.54,50.54,0,10.97
737065,537,537.0,40.7,40.7,0,10.97
737070,526,526.32,31.2,31.2,0,10.97
737075,520,520.0,22.1,22.1,0,10.97
737080,505,504.68,13.44,13.44,0,10.97
737085,495,494.98,5.26,5.26,0,10.97
737090,487,487.32,-2.42,-2.42,0,10.97
737095,474,474.04,-9.56,-9.56,0,10.97
737100,470,469.68,-16.14,-16.14,0,10.97
737105,464,463.95,-22.16,-22.16,0,10.97
737110,459,459.33,-27.61,-27.61,0,10.97
737115,454,454.06,-32.48,-32.48,0,10.97
737120,461,460.68,-36.78,-36.78,0,10.97
737125,451,450.94,-40.54,-40.54,0,10.97
737130,449,449.31,-43.76,-43.76,0,10.97
737135,446,446.06,-46.47,-46.47,0,10.97
737140,449,448.71,-48.69,-48.69,0,10.97
737145,451,450.94,-50.47,-50.47,0,10.97
737150,454,454.28,-51.84,-51.84,0,10.97
737155,455,455.06,-52.84,-52.84,0,10.97
737160,458,457.74,-53.51,-53.51,0,10.97
737165,460,459.94,-53.9,-53.78,0,10.97
737170,464,464.25,-54.04,-53.78,0,10.97
737175,466,466.05,-53.99,-53.78,0,10.97
737180,468,467.76,-53.78,-53.78,0,10.97
737185,471,470.95,-53.46,-53.46,0,10.97
737190,473,473.23,-53.06,-53.06,0,10.97
737195,474,474.05,-52.63,-52.63,0,10.97
737200,473,472.77,-52.19,-52.19,0,10.97
737205,475,474.95,-51.78,-51.78,0,10.97
737210,474,474.23,-51.42,-51.42,0,10.97
737215,474,474.04,-51.13,-51.13,0,10.97
737220,474,473.77,-50.94,-51.02,0,10.97
737225,472,471.96,-50.85,-51.02,0,10.97
737230,469,469.22,-50.87,-51.02,0,10.97
737235,468,468.04,-51.02,-51.02,0,10.97
737240,467,466.78,-51.29,-51.29,0,10.97
737245,462,461.97,-51.69,-51.69,0,10.97
737250,460,460.21,-52.21,-52.21,0,10.97
737255,454,454.03,-52.85,-52.85,0,10.97
737260,454,453.8,-53.6,-53.6,0,10.97
737265,452,451.98,-54.44,-54.44,0,10.97
737270,449,449.19,-55.38,-55.38,0,10.97
737275,448,448.02,-56.39,-56.39,0,10.97
737280,447,446.82,-57.47,-57.47,0,10.97
737285,443,442.99,-58.6,-58.6,0,10.97
737290,441,441.17,-59.78,-59.78,0,10.97
737295,438,438.0,-60.98,-60.98,0,10.97
737300,436,435.84,-62.19,-62.19,0,10.97
737305,436,436.01,-63.41,-63.41,0,10.97
737310,433,433.15,-64.62,-64.62,0,10.97
737315,432,431.98,-65.81,-65.81,0,10.97
737320,431,430.86,-66.96,-66.96,0,10.97
737325,430,430.03,-68.08,-68.08,0,10.97
737330,427,427.13,-69.16,-69.16,0,10.97
737335,429,428.95,-70.18,-70.18,0,10.97
737340,427,426.88,-71.14,-71.14,0,10.97
737345,426,426.06,-72.04,-72.04,0,10.97
737350,426,426.11,-72.88,-72.88,0,10.97
737355,425,424.93,-73.65,-73.65,0,10.97
737360,421,420.9,-74.35,-74.35,0,10.97
737365,422,422.08,-74.98,-74.98,0,10.97
737370,423,423.09,-75.56,-75.56,0,10.97
737375,425,424.92,-76.07,-76.07,0,10.97
737380,423,422.91,-76.52,-76.52,0,10.97
737385,422,422.08,-76.92,-76.92,0,10.97
737390,421,421.08,-77.28,-77.28,0,10.97
737395,423,422.92,-77.59,-77.59,0,10.97
737400,424,423.93,-77.88,-77.88,0,10.97
737405,426,426.08,-78.14,-78.14,0,10.97
737410,425,425.06,-78.38,-78.38,0,10.97
737415,425,424.92,-78.62,-78.62,0,10.97
737420,427,426.95,-78.85,-78.85,0,10.97
737425,430,430.09,-79.09,-79.09,0,10.97
737430,432,432.05,-79.35,-79.35,0,10.97
737435,428,427.9,-79.62,-79.62,0,10.97
737440,430,429.96,-79.91,-79.91,0,10.97
737445,429,429.12,-80.22,-80.22,0,10.97
737450,428,428.04,-80.56,-80.56,0,10.97
737455,430,429.87,-80.92,-80.92,0,10.97
737460,431,430.96,-81.31,-81.31,0,10.97
737465,430,430.15,-81.71,-81.71,0,10.97
737470,432,432.03,-82.12,-82.12,0,10.97
737475,433,432.84,-82.53,-82.53,0,10.97
737480,433,432.98,-82.94,-82.94,0,10.97
737485,434,434.17,-83.33,-83.33,0,10.97
737490,434,434.01,-83.69,-83.69,0,10.97
737495,436,435.82,-83.99,-83.99,0,10.97
737500,436,435.99,-84.22,-84.22,0,10.97
737505,437,437.19,-84.36,-84.22,0,10.97
737510,439,439.0,-84.38,-84.22,0,10.97
737515,438,437.79,-84.25,-84.22,0,10.97
737520,437,437.0,-83.95,-83.95,0,10.97
737525,439,439.22,-83.43,-83.43,0,10.97
737530,439,439.0,-82.67,-82.67,0,10.97
737535,441,440.77,-81.62,-81.62,0,10.97
737540,439,439.0,-80.26,-80.26,0,10.97
737545,438,438.24,-78.53,-78.53,0,10.97
737550,441,441.0,-76.4,-76.4,0,10.97
737555,441,440.75,-73.83,-73.83,0,10.97
737560,442,442.0,-70.78,-70.78,0,10.97
737565,441,441.25,-67.21,-67.21,0,10.97
737570,439,439.0,-63.08,-63.08,0,10.97
737575,443,442.74,-58.36,-58.36,0,10.97
737580,440,440.0,-53.01,-53.01,0,10.97
737585,440,440.26,-47.01,-47.01,0,10.97
737590,440,440.0,-40.34,-40.34,0,10.97
737595,439,438.74,-32.97,-32.97,0,10.97
737600,439,439.01,-24.92,-24.92,0,10.97
737605,440,440.26,-16.17,-16.17,0,10.97
737610,445,444.99,-6.74,-6.74,0,10.97
737615,445,444.74,3.35,3.35,0,10.97
737620,450,450.0,14.05,14.05,0,10.97
737625,460,460.27,25.32,25.32,0,10.97
737630,470,470.01,37.09,37.09,0,10.97
737635,489,488.73,49.28,49.28,0,10.97
737640,503,502.99,61.81,61.81,0,10.97
737645,531,531.28,74.56,74.56,0,10.97
737650,556,556.03,87.43,87.43,0,10.97
737655,583,582.72,100.28,100.28,0,10.97
737660,611,610.95,112.99,112.99,0,10.97
737665,639,639.29,125.42,125.42,0,10.97
737670,665,665.06,137.45,137.45,0,10.97
737675,690,689.7,148.93,148.93,0,10.97
737680,711,710.91,159.75,159.75,0,10.97
737685,730,730.3,169.78,169.78,0,10.97
737690,744,744.1,178.93,178.93,0,10.97
737695,757,756.68,187.09,187.09,0,10.97
737700,767,766.88,194.19,194.19,0,10.97
737705,770,770.32,200.16,200.16,0,10.97
737710,775,775.13,204.96,204.96,0,10.97
737715,772,771.66,208.55,208.55,0,10.97
737720,772,771.85,210.92,210.72,0,10.97
737725,765,765.35,212.06,210.72,0,10.97
737730,760,760.16,211.98,210.72,0,10.97
737735,752,751.64,210.72,210.72,0,10.97
737740,740,739.82,208.31,208.31,0,10.97
737745,728,728.37,204.8,204.8,0,10.97
737750,717,717.19,200.25,200.25,0,10.97
737755,706,705.63,194.73,194.73,0,10.97
737760,695,694.79,188.31,188.31,0,10.97
737765,681,681.38,181.08,181.08,0,10.97
737770,668,668.22,173.12,173.12,0,10.97
737775,665,664.62,164.5,164.5,0,10.97
737780,644,643.76,155.33,155.33,0,10.97
737785,632,632.37,145.7,145.7,0,10.97
737790,619,619.25,135.68,135.68,0,10.97
737795,611,610.65,125.37,125.37,0,10.97
737800,599,598.74,114.85,114.85,0,10.97
737805,589,589.33,104.21,104.21,0,10.97
737810,579,579.27,93.52,93.52,0,10.97
737815,573,572.69,82.86,82.86,0,10.97
737820,562,561.72,72.3,72.3,0,10.97
737825,550,550.29,61.92,61.92,0,10.97
737830,542,542.28,51.77,51.77,0,10.97
737835,535,534.74,41.91,41.91,0,10.97
737840,531,530.71,32.4,32.4,0,10.97
737845,513,513.23,23.29,23.29,0,10.97
737850,504,504.28,14.63,14.63,0,10.97
737855,490,489.81,6.45,6.45,0,10.97
737860,484,483.73,-1.21,-1.21,0,10.97
737865,478,478.17,-8.31,-8.31,0,10.97
737870,469,469.26,-14.84,-14.84,0,10.97
737875,463,462.85,-20.78,-20.78,0,10.97
737880,458,457.75,-26.13,-26.13,0,10.97
737885,452,452.13,-30.87,-30.87,0,10.97
737890,449,449.24,-35.02,-35.02,0,10.97
737895,449,448.89,-38.58,-38.58,0,10.97
737900,446,445.77,-41.58,-41.58,0,10.97
737905,446,446.09,-44.03,-44.03,0,10.97
737910,448,448.22,-45.96,-45.96,0,10.97
737915,448,447.94,-47.42,-47.42,0,10.97
737920,451,450.79,-48.43,-48.43,0,10.97
737925,456,456.04,-49.04,-48.93,0,10.97
737930,458,458.21,-49.3,-48.93,0,10.97
737935,461,460.98,-49.25,-48.93,0,10.97
737940,465,464.79,-48.93,-48.93,0,10.97
737945,469,469.0,-48.4,-48.4,0,10.97
737950,472,472.2,-47.71,-47.71,0,10.97
737955,473,473.01,-46.89,-46.89,0,10.97
737960,477,476.8,-46.0,-46.0,0,10.97
737965,477,476.97,-45.07,-45.07,0,10.97
737970,480,480.2,-44.15,-44.15,0,10.97
737975,483,483.05,-43.26,-43.26,0,10.97
737980,483,482.8,-42.45,-42.45,0,10.97
737985,485,484.94,-41.73,-41.73,0,10.97
737990,483,483.2,-41.13,-41.13,0,10.97
737995,483,483.08,-40.67,-40.67,0,10.97
738000,482,481.8,-40.36,-40.43,0,10.97
738005,481,480.9,-40.21,-40.43,0,10.97
738010,478,478.19,-40.24,-40.43,0,10.97
738015,472,472.11,-40.43,-40.43,0,10.97
738020,473,472.81,-40.79,-40.79,0,10.97
738025,471,470.88,-41.32,-41.32,0,10.97
738030,465,465.19,-42.01,-42.01,0,10.97
738035,463,463.12,-42.84,-42.84,0,10.97
738040,459,458.82,-43.8,-43.8,0,10.97
738045,458,457.88,-44.89,-44.89,0,10.97
738050,455,455.18,-46.09,-46.09,0,10.97
738055,454,454.12,-47.39,-47.39,0,10.97
738060,450,449.82,-48.76,-48.76,0,10.97
738065,449,448.87,-50.2,-50.2,0,10.97
738070,443,443.18,-51.7,-51.7,0,10.97
738075,443,443.13,-53.22,-53.22,0,10.97
738080,442,441.83,-54.77,-54.77,0,10.97
738085,441,440.87,-56.33,-56.33,0,10.97
738090,436,436.16,-57.88,-57.88,0,10.97
738095,435,435.13,-59.42,-59.42,0,10.97
738100,435,434.85,-60.94,-60.94,0,10.97
738105,430,429.88,-62.42,-62.42,0,10.97
738110,433,433.14,-63.87,-63.87,0,10.97
738115,427,427.12,-65.27,-65.27,0,10.97
738120,431,430.87,-66.63,-66.63,0,10.97
738125,430,429.88,-67.93,-67.93,0,10.97
738130,431,431.12,-69.18,-69.18,0,10.97
738135,422,422.11,-70.38,-70.38,0,10.97
738140,431,430.89,-71.52,-71.52,0,10.97
738145,433,432.92,-72.62,-72.62,0,10.97
738150,431,431.1,-73.67,-73.67,0,10.97
738155,429,429.05,-74.67,-74.67,0,10.97
738160,427,426.91,-75.63,-75.63,0,10.97
738165,429,428.99,-76.55,-76.55,0,10.97
738170,432,432.09,-77.43,-77.43,0,10.97
738175,431,430.98,-78.28,-78.28,0,10.97
738180,430,429.9,-79.08,-79.08,0,10.97
738185,417,417.05,-79.85,-79.85,0,10.97
738190,434,434.11,-80.58,-80.58,0,10.97
738195,432,431.95,-81.27,-81.27,0,10.97
738200,435,434.88,-81.91,-81.91,0,10.97
738205,432,432.05,-82.52,-82.52,0,10.97
738210,435,435.13,-83.06,-83.06,0,10.97
738215,435,434.96,-83.55,-83.55,0,10.97
738220,436,435.86,-83.97,-83.97,0,10.97
738225,437,437.04,-84.3,-84.3,0,10.97
738230,435,435.15,-84.53,-84.43,0,10.97
738235,437,436.97,-84.64,-84.43,0,10.97
738240,438,437.84,-84.62,-84.43,0,10.97
738245,438,438.02,-84.43,-84.43,0,10.97
738250,439,439.17,-84.06,-84.06,0,10.97
738255,439,438.98,-83.48,-83.48,0,10.97
738260,439,438.82,-82.66,-82.66,0,10.97
738265,441,441.01,-81.57,-81.57,0,10.97
738270,436,436.18,-80.17,-80.17,0,10.97
738275,443,442.99,-78.43,-78.43,0,10.97
738280,443,442.82,-76.33,-76.33,0,10.97
738285,442,442.0,-73.82,-73.82,0,10.97
738290,442,442.18,-70.87,-70.87,0,10.97
738295,442,442.0,-67.44,-67.44,0,10.97
738300,441,440.83,-63.51,-63.51,0,10.97
738305,442,441.99,-59.05,-59.05,0,10.97
738310,439,439.17,-54.02,-54.02,0,10.97
738315,442,442.02,-48.41,-48.41,0,10.97
738320,444,443.84,-42.2,-42.2,0,10.97
738325,446,445.98,-35.38,-35.38,0,10.97
738330,440,440.15,-27.94,-27.94,0,10.97
738335,443,443.02,-19.89,-19.89,0,10.97
738340,444,443.87,-11.24,-11.24,0,10.97
738345,448,447.98,-2.02,-2.02,0,10.97
738350,449,449.11,7.75,7.75,0,10.97
738355,460,460.02,18.01,18.01,0,10.97
738360,470,469.92,28.7,28.7,0,10.97
738365,485,484.99,39.75,39.75,0,10.97
738370,501,501.06,51.07,51.07,0,10.97
738375,522,522.0,62.58,62.58,0,10.97
738380,545,544.97,74.15,74.15,0,10.97
738385,571,571.01,85.68,85.68,0,10.97
738390,597,597.0,97.05,97.05,0,10.97
738395,620,619.98,108.13,108.13,0,10.97
738400,646,646.02,118.8,118.8,0,10.97
738405,666,666.02,128.93,128.93,0,10.97
738410,689,688.95,138.42,138.42,0,10.97
738415,704,703.96,147.15,147.15,0,10.97
738420,720,720.07,155.03,155.03,0,10.97
738425,730,730.04,161.97,161.97,0,10.97
738430,737,736.9,167.9,167.9,0,10.97
738435,745,744.95,172.75,172.75,0,10.97
738440,743,743.12,176.49,176.49,0,10.97
738445,746,746.06,179.08,179.08,0,10.97
738450,743,742.85,180.52,179.08,0,10.97
738455,737,736.93,180.8,179.08,0,10.97
738460,730,730.17,179.93,179.08,0,10.97
738465,721,721.07,177.96,177.96,0,10.97
738470,711,710.81,174.91,174.91,0,10.97
738475,699,698.92,170.84,170.84,0,10.97
738480,687,687.21,165.82,165.82,0,10.97
738485,674,674.09,159.91,159.91,0,10.97
738490,662,661.77,153.19,153.19,0,10.97
738495,655,654.9,145.73,145.73,0,10.97
738500,637,637.25,137.63,137.63,0,10.97
738505,628,628.1,128.98,128.98,0,10.97
738510,612,611.73,119.85,119.85,0,10.97
738515,601,600.91,110.35,110.35,0,10.97
738520,592,592.3,100.56,100.56,0,10.97
738525,581,581.1,90.56,90.56,0,10.97
738530,572,571.68,80.46,80.46,0,10.97
738535,560,559.9,70.32,70.32,0,10.97
738540,552,552.35,60.22,60.22,0,10.97
738545,541,541.11,50.26,50.26,0,10.97
738550,533,532.62,40.48,40.48,0,10.97
738555,524,523.88,30.98,30.98,0,10.97
738560,500,500.4,21.8,21.8,0,10.97
738565,505,505.12,13.0,13.0,0,10.97
738570,497,496.6,4.65,4.65,0,10.97
738575,486,485.87,-3.22,-3.22,0,10.97
738580,475,475.39,-10.57,-10.57,0,10.97
738585,470,470.14,-17.36,-17.36,0,10.97
738590,463,462.63,-23.56,-23.56,0,10.97
738595,456,455.86,-29.16,-29.16,0,10.97
738600,451,451.36,-34.14,-34.14,0,10.97
738605,444,444.15,-38.5,-38.5,0,10.97
738610,442,441.66,-42.23,-42.23,0,10.97
738615,442,441.85,-45.35,-45.35,0,10.97
738620,441,441.33,-47.88,-47.88,0,10.97
738625,441,441.16,-49.83,-49.83,0,10.97
738630,442,441.69,-51.23,-51.23,0,10.97
738635,444,443.84,-52.12,-52.12,0,10.97
738640,447,447.31,-52.55,-52.12,0,10.97
738645,452,452.16,-52.54,-52.12,0,10.97
738650,454,453.7,-52.16,-52.12,0,10.97
738655,460,459.83,-51.45,-51.45,0,10.97
738660,465,465.29,-50.46,-50.46,0,10.97
738665,470,470.17,-49.24,-49.24,0,10.97
738670,474,473.71,-47.86,-47.86,0,10.97
738675,479,478.82,-46.36,-46.36,0,10.97
738680,481,481.29,-44.79,-44.79,0,10.97
738685,484,484.19,-43.19,-43.19,0,10.97
738690,486,485.71,-41.62,-41.62,0,10.97
738695,490,489.81,-40.12,-40.12,0,10.97
738700,491,491.29,-38.71,-38.71,0,10.97
738705,491,491.2,-37.44,-37.44,0,10.97
738710,491,490.71,-36.33,-36.33,0,10.97
738715,493,492.8,-35.41,-35.41,0,10.97
738720,491,491.29,-34.69,-34.69,0,10.97
738725,490,490.2,-34.19,-34.19,0,10.97
738730,487,486.7,-33.93,-34.19,0,10.97
738735,485,484.8,-33.9,-34.19,0,10.97
738740,481,481.31,-34.11,-34.19,0,10.97
738745,479,479.2,-34.56,-34.56,0,10.97
738750,478,477.68,-35.24,-35.24,0,10.97
738755,475,474.8,-36.15,-36.15,0,10.97
738760,475,475.32,-37.28,-37.28,0,10.97
738765,471,471.2,-38.61,-38.61,0,10.97
738770,476,475.67,-40.14,-40.14,0,10.97
738775,464,463.79,-41.85,-41.85,0,10.97
738780,459,459.32,-43.71,-43.71,0,10.97
738785,456,456.21,-45.72,-45.72,0,10.97
738790,456,455.69,-47.85,-47.85,0,10.97
738795,452,451.79,-50.08,-50.08,0,10.97
738800,449,449.29,-52.39,-52.39,0,10.97
738805,444,444.21,-54.77,-54.77,0,10.97
738810,444,443.73,-57.19,-57.19,0,10.97
738815,441,440.79,-59.63,-59.63,0,10.97
738820,439,439.26,-62.09,-62.09,0,10.97
738825,439,439.21,-64.53,-64.53,0,10.97
738830,438,437.76,-66.94,-66.94,0,10.97
738835,437,436.79,-69.31,-69.31,0,10.97
738840,435,435.22,-71.62,-71.62,0,10.97
738845,433,433.2,-73.85,-73.85,0,10.97
738850,434,433.8,-75.99,-75.99,0,10.97
738855,432,431.8,-78.03,-78.03,0,10.97
738860,432,432.18,-79.94,-79.94,0,10.97
738865,434,434.2,-81.72,-81.72,0,10.97
738870,433,432.84,-83.34,-83.34,0,10.97
738875,433,432.8,-84.8,-84.8,0,10.97
738880,433,433.13,-86.07,-86.07,0,10.97
738885,434,434.2,-87.13,-87.13,0,10.97
738890,436,435.89,-87.97,-87.97,0,10.97
738895,437,436.8,-88.57,-88.57,0,10.97
738900,436,436.08,-88.9,-88.57,0,10.97
738905,439,439.21,-88.94,-88.57,0,10.97
738910,439,438.94,-88.67,-88.57,0,10.97
738915,442,441.79,-88.06,-88.06,0,10.97
738920,439,439.03,-87.08,-87.08,0,10.97
738925,441,441.21,-85.71,-85.71,0,10.97
738930,440,440.0,-83.91,-83.91,0,10.97
738935,440,439.79,-81.66,-81.66,0,10.97
738940,441,440.97,-78.93,-78.93,0,10.97
738945,443,443.21,-75.68,-75.68,0,10.97
738950,442,442.06,-71.89,-71.89,0,10.97
738955,442,441.78,-67.54,-67.54,0,10.97
738960,441,440.91,-62.59,-62.59,0,10.97
738965,440,440.23,-57.04,-57.04,0,10.97
738970,438,438.12,-50.85,-50.85,0,10.97
738975,441,440.77,-44.04,-44.04,0,10.97
738980,439,438.85,-36.58,-36.58,0,10.97
738985,440,440.24,-28.49,-28.49,0,10.97
738990,442,442.18,-19.79,-19.79,0,10.97
738995,445,444.76,-10.49,-10.49,0,10.97
739000,450,449.79,-0.63,-0.63,0,10.97
739005,457,457.25,9.73,9.73,0,10.97
739010,467,467.24,20.55,20.55,0,10.97
739015,481,480.75,31.74,31.74,0,10.97
739020,509,508.74,43.22,43.22,0,10.97
739025,519,519.26,54.9,54.9,0,10.97
739030,541,541.27,66.66,66.66,0,10.97
739035,565,564.74,78.41,78.41,0,10.97
739040,592,591.73,90.01,90.01,0,10.97
739045,616,616.27,101.35,101.35,0,10.97
739050,642,642.27,112.31,112.31,0,10.97
739055,663,662.72,122.75,122.75,0,10.97
739060,684,683.73,132.57,132.57,0,10.97
739065,700,700.29,141.66,141.66,0,10.97
739070,716,716.27,149.92,149.92,0,10.97
739075,730,729.7,157.26,157.26,0,10.97
739080,742,741.73,163.6,163.6,0,10.97
739085,743,743.3,168.89,168.89,0,10.97
739090,745,745.26,173.07,173.07,0,10.97
739095,746,745.69,176.12,176.12,0,10.97
739100,745,744.75,178.03,176.9,0,10.97
739105,740,740.32,178.78,176.9,0,10.97
739110,728,728.23,178.39,176.9,0,10.97
739115,724,723.67,176.9,176.9,0,10.97
739120,715,714.79,174.33,174.33,0,10.97
739125,697,697.33,170.73,170.73,0,10.97
739130,693,693.19,166.17,166.17,0,10.97
739135,681,680.67,160.7,160.7,0,10.97
739140,670,669.84,154.41,154.41,0,10.97
739145,658,658.32,147.36,147.36,0,10.97
739150,645,645.13,139.64,139.64,0,10.97
739155,632,631.68,131.33,131.33,0,10.97
739160,621,620.89,122.52,122.52,0,10.97
739165,610,610.32,113.29,113.29,0,10.97
739170,599,599.08,103.73,103.73,0,10.97
739175,591,590.68,93.92,93.92,0,10.97
739180,580,579.95,83.95,83.95,0,10.97
739185,569,569.32,73.9,73.9,0,10.97
739190,558,558.02,63.84,63.84,0,10.97
739195,551,550.68,53.85,53.85,0,10.97
739200,542,542.01,44.0,44.0,0,10.97
739205,534,534.31,34.35,34.35,0,10.97
739210,522,521.95,24.97,24.97,0,10.97
739215,513,512.68,15.92,15.92,0,10.97
739220,504,504.08,7.25,7.25,0,10.97
739225,494,494.32,-0.99,-0.99,0,10.97
739230,488,487.88,-8.77,-8.77,0,10.97
739235,478,477.68,-16.03,-16.03,0,10.97
739240,467,467.16,-22.76,-22.76,0,10.97
739245,460,460.33,-28.92,-28.92,0,10.97
739250,456,455.82,-34.51,-34.51,0,10.97
739255,450,449.68,-39.5,-39.5,0,10.97
739260,447,447.21,-43.89,-43.89,0,10.97
739265,444,444.32,-47.69,-47.69,0,10.97
739270,442,441.76,-50.91,-50.91,0,10.97
739275,442,441.68,-53.57,-53.57,0,10.97
739280,443,443.27,-55.68,-55.68,0,10.97
739285,441,441.33,-57.28,-57.28,0,10.97
739290,447,446.7,-58.4,-58.4,0,10.97
739295,450,449.68,-59.08,-58.9,0,10.97
739300,452,452.33,-59.36,-58.9,0,10.97
739305,456,456.31,-59.28,-58.9,0,10.97
739310,460,459.64,-58.9,-58.9,0,10.97
739315,465,464.69,-58.26,-58.26,0,10.97
739320,467,467.39,-57.41,-57.41,0,10.97
739325,468,468.3,-56.39,-56.39,0,10.97
739330,475,474.58,-55.26,-55.26,0,10.97
739335,475,474.72,-54.05,-54.05,0,10.97
739340,478,478.45,-52.81,-52.81,0,10.97
739345,482,482.27,-51.59,-51.59,0,10.97
739350,483,482.52,-50.4,-50.4,0,10.97
739355,484,483.74,-49.3,-49.3,0,10.97
739360,484,484.51,-48.3,-48.3,0,10.97
739365,484,484.26,-47.43,-47.43,0,10.97
739370,484,483.46,-46.71,-46.71,0,10.97
739375,481,480.75,-46.15,-46.15,0,10.97
739380,479,479.57,-45.78,-45.79,0,10.97
739385,479,479.25,-45.59,-45.79,0,10.97
739390,476,475.41,-45.59,-45.79,0,10.97
739395,475,474.76,-45.79,-45.79,0,10.97
739400,472,472.62,-46.17,-46.17,0,10.97
739405,470,470.24,-46.74,-46.74,0,10.97
739410,467,466.35,-47.49,-47.49,0,10.97
739415,464,463.76,-48.42,-48.42,0,10.97
739420,463,463.69,-49.5,-49.5,0,10.97
739425,461,461.24,-50.73,-50.73,0,10.97
739430,458,457.28,-52.1,-52.1,0,10.97
739435,454,453.75,-53.6,-53.6,0,10.97
739440,452,452.76,-55.2,-55.2,0,10.97
739445,446,446.26,-56.89,-56.89,0,10.97
739450,447,446.2,-58.67,-58.67,0,10.97
739455,444,443.74,-60.51,-60.51,0,10.97
739460,441,441.84,-62.4,-62.4,0,10.97
739465,440,440.26,-64.33,-64.33,0,10.97
739470,441,440.12,-66.29,-66.29,0,10.97
739475,441,440.74,-68.26,-68.26,0,10.97
739480,424,424.91,-70.24,-70.24,0,10.97
739485,437,437.25,-72.21,-72.21,0,10.97
739490,439,438.08,-74.17,-74.17,0,10.97
739495,437,436.75,-76.1,-76.1,0,10.97
739500,435,435.92,-77.99,-77.99,0,10.97
739505,436,436.24,-79.85,-79.85,0,10.97
739510,434,433.08,-81.65,-81.65,0,10.97
739515,433,432.76,-83.39,-83.39,0,10.97
739520,433,433.92,-85.06,-85.06,0,10.97
739525,432,432.23,-86.65,-86.65,0,10.97
739530,437,436.08,-88.14,-88.14,0,10.97
739535,432,431.77,-89.52,-89.52,0,10.97
739540,434,434.92,-90.78,-90.78,0,10.97
739545,431,431.23,-91.91,-91.91,0,10.97
739550,436,435.08,-92.87,-92.87,0,10.97
739555,434,433.77,-93.66,-93.66,0,10.97
739560,436,436.92,-94.25,-94.25,0,10.97
739565,439,439.22,-94.63,-94.25,0,10.97
739570,437,436.08,-94.76,-94.25,0,10.97
739575,438,437.77,-94.62,-94.25,0,10.97
739580,439,439.93,-94.18,-94.18,0,10.97
739585,437,437.23,-93.41,-93.41,0,10.97
739590,462,461.08,-92.28,-92.28,0,10.97
739595,439,438.77,-90.76,-90.76,0,10.97
739600,439,439.88,-88.81,-88.81,0,10.97
739605,436,436.23,-86.39,-86.39,0,10.97
739610,440,439.17,-83.47,-83.47,0,10.97
739615,440,439.77,-80.0,-80.0,0,10.97
739620,439,439.78,-75.96,-75.96,0,10.97
739625,441,441.22,-71.31,-71.31,0,10.97
739630,440,439.27,-66.03,-66.03,0,10.97
739635,439,438.79,-60.09,-60.09,0,10.97
739640,440,440.69,-53.47,-53.47,0,10.97
739645,441,441.21,-46.16,-46.16,0,10.97
739650,439,438.36,-38.15,-38.15,0,10.97
739655,443,442.79,-29.44,-29.44,0,10.97
739660,444,444.6,-20.06,-20.06,0,10.97
739665,447,447.22,-10.01,-10.01,0,10.97
739670,451,450.44,0.66,0.66,0,10.97
739675,459,458.79,11.9,11.9,0,10.97
739680,469,469.53,23.65,23.65,0,10.97
739685,483,483.22,35.84,35.84,0,10.97
739690,503,502.51,48.37,48.37,0,10.97
739695,544,543.8,61.15,61.15,0,10.97
739700,551,551.47,74.07,74.07,0,10.97
739705,576,576.16,87.0,87.0,0,10.97
739710,601,600.56,99.81,99.81,0,10.97
739715,632,631.89,112.39,112.39,0,10.97
739720,656,656.41,124.59,124.59,0,10.97
739725,683,683.05,136.29,136.29,0,10.97
739730,704,703.6,147.37,147.37,0,10.97
739735,725,725.0,157.7,157.7,0,10.97
739740,742,742.37,167.18,167.18,0,10.97
739745,753,752.94,175.71,175.71,0,10.97
739750,763,762.64,183.22,183.22,0,10.97
739755,770,770.12,189.62,189.62,0,10.97
739760,774,774.35,194.88,194.88,0,10.97
739765,776,775.82,198.95,198.95,0,10.97
739770,774,773.66,201.81,201.81,0,10.97
739775,770,770.23,203.45,201.81,0,10.97
739780,765,765.32,203.88,201.81,0,10.97
739785,760,759.71,203.13,201.81,0,10.97
739790,747,746.68,201.22,201.22,0,10.97
739795,734,734.34,198.21,198.21,0,10.97
739800,726,726.31,194.15,194.15,0,10.97
739805,713,712.62,189.11,189.11,0,10.97
739810,702,701.7,183.15,183.15,0,10.97
739815,665,665.41,176.36,176.36,0,10.97
739820,678,678.3,168.81,168.81,0,10.97
739825,665,664.6,160.59,160.59,0,10.97
739830,656,655.7,151.78,151.78,0,10.97
739835,643,643.38,142.47,142.47,0,10.97
739840,632,632.29,132.73,132.73,0,10.97
739845,621,620.63,122.66,122.66,0,10.97
739850,612,611.72,112.33,112.33,0,10.97
739855,599,599.35,101.83,101.83,0,10.97
739860,595,595.28,91.22,91.22,0,10.97
739865,582,581.67,80.59,80.59,0,10.97
739870,574,573.72,70.01,70.01,0,10.97
739875,562,562.31,59.54,59.54,0,10.97
739880,555,555.28,49.25,49.25,0,10.97
739885,543,542.71,39.2,39.2,0,10.97
739890,536,535.72,29.45,29.45,0,10.97
739895,526,526.27,20.04,20.04,0,10.97
739900,514,514.29,11.04,11.04,0,10.97
739905,504,503.74,2.47,2.47,0,10.97
739910,495,494.71,-5.61,-5.61,0,10.97
739915,485,485.25,-13.17,-13.17,0,10.97
739920,478,478.29,-20.19,-20.19,0,10.97
739925,469,468.77,-26.65,-26.65,0,10.97
739930,463,462.71,-32.52,-32.52,0,10.97
739935,455,455.22,-37.81,-37.81,0,10.97
739940,453,453.29,-42.5,-42.5,0,10.97
739945,449,448.79,-46.61,-46.61,0,10.97
739950,449,448.7,-50.14,-50.14,0,10.97
739955,446,446.19,-53.12,-53.12,0,10.97
739960,448,448.3,-55.56,-55.56,0,10.97
739965,449,448.82,-57.49,-57.49,0,10.97
739970,450,449.69,-58.95,-58.95,0,10.97
739975,454,454.16,-59.98,-59.98,0,10.97
739980,457,457.31,-60.61,-60.59,0,10.97
739985,460,459.85,-60.89,-60.59,0,10.97
739990,459,458.67,-60.87,-60.59,0,10.97
739995,464,464.13,-60.59,-60.59,0,10.97
740000,465,465.34,-60.09,-60.09,0,10.97
740005,471,470.88,-59.42,-59.42,0,10.97
740010,476,475.64,-58.63,-58.63,0,10.97
740015,477,477.1,-57.75,-57.75,0,10.97
740020,479,479.37,-56.83,-56.83,0,10.97
740025,478,477.92,-55.9,-55.9,0,10.97
740030,488,487.63,-55.0,-55.0,0,10.97
740035,481,481.07,-54.16,-54.16,0,10.97
740040,480,480.37,-53.39,-53.39,0,10.97
740045,479,478.94,-52.73,-52.73,0,10.97
740050,470,469.63,-52.18,-52.18,0,10.97
740055,476,476.05,-51.77,-51.77,0,10.97
740060,475,475.37,-51.5,-51.59,0,10.97
740065,473,472.96,-51.37,-51.59,0,10.97
740070,472,471.61,-51.4,-51.59,0,10.97
740075,469,469.03,-51.59,-51.59,0,10.97
740080,467,467.41,-51.93,-51.93,0,10.97
740085,466,465.98,-52.43,-52.43,0,10.97
740090,464,463.58,-53.07,-53.07,0,10.97
740095,461,461.01,-53.85,-53.85,0,10.97
740100,458,458.43,-54.76,-54.76,0,10.97
740105,453,453.0,-55.8,-55.8,0,10.97
740110,454,453.55,-56.95,-56.95,0,10.97
740115,453,453.0,-58.21,-58.21,0,10.97
740120,450,450.46,-59.55,-59.55,0,10.97
740125,447,447.0,-60.98,-60.98,0,10.97
740130,445,444.52,-62.48,-62.48,0,10.97
740135,444,444.0,-64.03,-64.03,0,10.97
740140,440,440.5,-65.64,-65.64,0,10.97
740145,440,440.0,-67.29,-67.29,0,10.97
740150,438,437.48,-68.96,-68.96,0,10.97
740155,438,438.01,-70.66,-70.66,0,10.97
740160,435,435.54,-72.37,-72.37,0,10.97
740165,437,436.99,-74.08,-74.08,0,10.97
740170,435,434.45,-75.8,-75.8,0,10.97
740175,435,435.01,-77.5,-77.5,0,10.97
740180,436,436.57,-79.2,-79.2,0,10.97
740185,435,434.99,-80.86,-80.86,0,10.97
740190,433,432.4,-82.5,-82.5,0,10.97
740195,434,434.01,-84.11,-84.11,0,10.97
740200,433,433.63,-85.66,-85.66,0,10.97
740205,433,432.99,-87.16,-87.16,0,10.97
740210,432,431.34,-88.6,-88.6,0,10.97
740215,432,432.02,-89.96,-89.96,0,10.97
740220,432,432.69,-91.23,-91.23,0,10.97
740225,432,431.98,-92.4,-92.4,0,10.97
740230,436,435.28,-93.45,-93.45,0,10.97
740235,435,435.02,-94.37,-94.37,0,10.97
740240,417,417.74,-95.13,-95.13,0,10.97
740245,435,434.98,-95.72,-95.72,0,10.97
740250,439,438.27,-96.12,-95.9,0,10.97
740255,448,448.04,-96.3,-95.9,0,10.97
740260,435,435.71,-96.23,-95.9,0,10.97
740265,441,440.94,-95.9,-95.9,0,10.97
740270,440,439.32,-95.26,-95.26,0,10.97
740275,440,440.09,-94.29,-94.29,0,10.97
740280,440,440.65,-92.96,-92.96,0,10.97
740285,440,439.87,-91.22,-91.22,0,10.97
740290,439,438.37,-89.04,-89.04,0,10.97
740295,440,440.16,-86.38,-86.38,0,10.97
740300,441,441.6,-83.21,-83.21,0,10.97
740305,440,439.81,-79.5,-79.5,0,10.97
740310,441,440.42,-75.19,-75.19,0,10.97
740315,441,441.22,-70.28,-70.28,0,10.97
740320,440,440.56,-64.72,-64.72,0,10.97
740325,442,441.74,-58.49,-58.49,0,10.97
740330,439,438.45,-51.57,-51.57,0,10.97
740335,441,441.29,-43.96,-43.96,0,10.97
740340,440,440.53,-35.64,-35.64,0,10.97
740345,441,440.68,-26.63,-26.63,0,10.97
740350,445,444.48,-16.93,-16.93,0,10.97
740355,446,446.36,-6.57,-6.57,0,10.97
740360,453,453.5,4.41,4.41,0,10.97
740365,460,459.61,15.95,15.95,0,10.97
740370,475,474.52,27.99,27.99,0,10.97
740375,489,489.43,40.46,40.46,0,10.97
740380,508,508.47,53.26,53.26,0,10.97
740385,533,532.53,66.28,66.28,0,10.97
740390,558,557.55,79.4,79.4,0,10.97
740395,586,586.51,92.51,92.51,0,10.97
740400,614,614.43,105.48,105.48,0,10.97
740405,641,640.45,118.16,118.16,0,10.97
740410,665,664.58,130.43,130.43,0,10.97
740415,691,691.59,142.16,142.16,0,10.97
740420,713,713.41,153.22,153.22,0,10.97
740425,731,730.36,163.48,163.48,0,10.97
740430,748,747.6,172.85,172.85,0,10.97
740435,760,760.68,181.24,181.24,0,10.97
740440,769,769.39,188.55,188.55,0,10.97
740445,798,797.28,194.72,194.72,0,10.97
740450,776,775.61,199.71,199.71,0,10.97
740455,777,777.72,203.48,203.48,0,10.97
740460,773,773.39,206.01,206.01,0,10.97
740465,768,767.28,207.31,206.01,0,10.97
740470,761,760.61,207.38,206.01,0,10.97
740475,751,751.71,206.26,206.01,0,10.97
740480,743,743.38,203.99,203.99,0,10.97
740485,731,730.3,200.6,200.6,0,10.97
740490,721,720.61,196.17,196.17,0,10.97
740495,711,711.7,190.75,190.75,0,10.97
740500,698,698.39,184.41,184.41,0,10.97
740505,686,685.3,177.25,177.25,0,10.97
740510,677,676.61,169.33,169.33,0,10.97
740515,662,662.7,160.74,160.74,0,10.97
740520,652,652.39,151.57,151.57,0,10.97
740525,641,640.3,141.9,141.9,0,10.97
740530,630,629.61,131.82,131.82,0,10.97
740535,619,619.71,121.41,121.41,0,10.97
740540,608,608.39,110.76,110.76,0,10.97
740545,601,600.29,99.95,99.95,0,10.97
740550,588,587.61,89.06,89.06,0,10.97
740555,579,579.72,78.17,78.17,0,10.97
740560,570,570.39,67.35,67.35,0,10.97
740565,559,558.28,56.66,56.66,0,10.97
740570,549,548.61,46.19,46.19,0,10.97
740575,541,541.73,35.99,35.99,0,10.97
740580,528,528.4,26.11,26.11,0,10.97
740585,519,518.26,16.62,16.62,0,10.97
740590,510,509.6,7.57,7.57,0,10.97
740596,470,470.74,-0.99,-0.99,0,10.97
740600,485,485.41,-9.04,-9.04,0,10.97
740605,479,478.3,-16.53,-16.53,0,10.97
740610,471,470.6,-23.44,-23.44,0,10.97
740615,463,463.64,-29.75,-29.75,0,10.97
740620,457,457.4,-35.46,-35.46,0,10.97
740625,454,453.42,-40.55,-40.55,0,10.97
740630,448,447.61,-45.03,-45.03,0,10.97
740635,447,447.52,-48.91,-48.91,0,10.97
740640,445,445.39,-52.2,-52.2,0,10.97
740645,444,443.54,-54.92,-54.92,0,10.97
740650,444,443.61,-57.1,-57.1,0,10.97
740655,445,445.41,-58.78,-58.78,0,10.97
740660,448,448.39,-59.98,-59.98,0,10.97
740665,449,448.65,-60.76,-60.76,0,10.97
740670,454,453.61,-61.14,-60.76,0,10.97
740675,456,456.3,-61.19,-60.76,0,10.97
740680,459,459.4,-60.94,-60.76,0,10.97
740685,463,462.75,-60.44,-60.44,0,10.97
740690,464,463.6,-59.74,-59.74,0,10.97
740695,470,470.2,-58.9,-58.9,0,10.97
740700,473,473.41,-57.94,-57.94,0,10.97
740705,475,474.85,-56.93,-56.93,0,10.97
740710,477,476.58,-55.88,-55.88,0,10.97
740715,478,478.1,-54.86,-54.86,0,10.97
740720,477,477.43,-53.88,-53.88,0,10.97
740725,479,478.95,-52.98,-52.98,0,10.97
740730,480,479.56,-52.18,-52.18,0,10.97
740735,479,479.0,-51.51,-51.51,0,10.97
740740,475,475.45,-50.98,-50.98,0,10.97
740745,476,476.05,-50.6,-50.6,0,10.97
740750,475,474.55,-50.39,-50.6,0,10.97
740755,472,471.9,-50.35,-50.6,0,10.97
740760,468,468.45,-50.48,-50.6,0,10.97
740765,466,466.14,-50.79,-50.79,0,10.97
740770,464,463.55,-51.27,-51.27,0,10.97
740775,478,477.82,-51.91,-51.91,0,10.97
740780,457,457.45,-52.71,-52.71,0,10.97
740785,455,455.19,-53.66,-53.66,0,10.97
740790,452,451.55,-54.74,-54.74,0,10.97
740795,449,448.81,-55.94,-55.94,0,10.97
740800,443,443.45,-57.25,-57.25,0,10.97
740805,444,444.19,-58.66,-58.66,0,10.97
740810,445,444.56,-60.15,-60.15,0,10.97
740815,443,442.81,-61.71,-61.71,0,10.97
740820,439,439.43,-63.33,-63.33,0,10.97
740825,438,438.19,-65.0,-65.0,0,10.97
740830,436,435.59,-66.7,-66.7,0,10.97
740835,436,435.82,-68.43,-68.43,0,10.97
740840,434,434.4,-70.17,-70.17,0,10.97
740845,430,430.18,-71.93,-71.93,0,10.97
740850,432,431.61,-73.68,-73.68,0,10.97
740855,431,430.84,-75.43,-75.43,0,10.97
740860,429,429.38,-77.16,-77.16,0,10.97
740865,430,430.15,-78.87,-78.87,0,10.97
740870,430,429.64,-80.55,-80.55,0,10.97
740875,428,427.86,-82.2,-82.2,0,10.97
740880,428,428.35,-83.81,-83.81,0,10.97
740885,429,429.13,-85.37,-85.37,0,10.97
740890,428,427.67,-86.89,-86.89,0,10.97
740895,427,426.87,-88.34,-88.34,0,10.97
740900,429,429.32,-89.72,-89.72,0,10.97
740905,425,425.12,-91.02,-91.02,0,10.97
740910,429,428.69,-92.24,-92.24,0,10.97
740915,429,428.89,-93.36,-93.36,0,10.97
740920,429,429.3,-94.36,-94.36,0,10.97
740925,431,431.1,-95.23,-95.23,0,10.97
740930,431,430.71,-95.96,-95.96,0,10.97
740935,430,429.91,-96.52,-96.52,0,10.97
740940,430,430.28,-96.89,-96.67,0,10.97
740945,430,430.08,-97.06,-96.67,0,10.97
740950,432,431.74,-96.99,-96.67,0,10.97
740955,433,432.92,-96.67,-96.67,0,10.97
740960,433,433.25,-96.05,-96.05,0,10.97
740965,436,436.07,-95.11,-95.11,0,10.97
740970,433,432.76,-93.82,-93.82,0,10.97
740975,436,435.94,-92.14,-92.14,0,10.97
740980,434,434.23,-90.05,-90.05,0,10.97
740985,438,438.05,-87.5,-87.5,0,10.97
740990,438,437.79,-84.46,-84.46,0,10.97
740995,437,436.95,-80.9,-80.9,0,10.97
741000,437,437.2,-76.79,-76.79,0,10.97
741005,437,437.05,-72.09,-72.09,0,10.97
741010,437,436.82,-66.77,-66.77,0,10.97
741015,436,435.95,-60.82,-60.82,0,10.97
741020,434,434.17,-54.21,-54.21,0,10.97
741025,437,437.05,-46.93,-46.93,0,10.97
741030,437,436.85,-38.98,-38.98,0,10.97
741035,436,435.95,-30.35,-30.35,0,10.97
741040,438,438.13,-21.07,-21.07,0,10.97
741045,434,434.05,-11.15,-11.15,0,10.97
741050,447,446.9,-0.63,-0.63,0,10.97
741055,455,454.96,10.44,10.44,0,10.97
741060,467,467.08,21.99,21.99,0,10.97
741065,482,482.03,33.96,33.96,0,10.97
741070,499,498.95,46.25,46.25,0,10.97
741075,522,521.99,58.76,58.76,0,10.97
741080,546,546.04,71.39,71.39,0,10.97
741085,572,571.99,84.0,84.0,0,10.97
741090,599,598.98,96.48,96.48,0,10.97
741095,625,625.02,108.69,108.69,0,10.97
741100,652,652.0,120.51,120.51,0,10.97
741105,677,676.96,131.8,131.8,0,10.97
741110,698,698.02,142.45,142.45,0,10.97
741115,717,717.04,152.34,152.34,0,10.97
741120,735,734.96,161.37,161.37,0,10.97
741125,745,744.94,169.44,169.44,0,10.97
741130,753,753.05,176.47,176.47,0,10.97
741135,757,757.06,182.41,182.41,0,10.97
741140,765,764.94,187.2,187.2,0,10.97
741145,762,761.93,190.8,190.8,0,10.97
741150,757,757.06,193.21,193.21,0,10.97
741155,754,754.07,194.43,193.21,0,10.97
741160,748,747.94,194.45,193.21,0,10.97
741165,740,739.92,193.31,193.21,0,10.97
741170,729,729.05,191.05,191.05,0,10.97
741175,719,719.08,187.71,187.71,0,10.97
741180,709,708.95,183.35,183.35,0,10.97
741185,695,694.92,178.04,178.04,0,10.97
741190,684,684.04,171.85,171.85,0,10.97
741195,671,671.08,164.86,164.86,0,10.97
741200,659,658.97,157.15,157.15,0,10.97
741205,648,647.91,148.8,148.8,0,10.97
741210,639,639.03,139.9,139.9,0,10.97
741215,627,627.09,130.54,130.54,0,10.97
741220,617,616.98,120.8,120.8,0,10.97
741225,605,604.9,110.77,110.77,0,10.97
741230,595,595.02,100.53,100.53,0,10.97
741235,585,585.1,90.16,90.16,0,10.97
741240,574,573.99,79.74,79.74,0,10.97
741245,566,565.89,69.35,69.35,0,10.97
741250,576,576.02,59.06,59.06,0,10.97
741255,546,546.12,48.93,48.93,0,10.97
741260,537,536.94,39.04,39.04,0,10.97
741265,527,526.88,29.45,29.45,0,10.97
741270,514,514.11,20.21,20.21,0,10.97
741275,503,503.12,11.39,11.39,0,10.97
741280,497,496.84,3.02,3.02,0,10.97
741285,485,484.88,-4.85,-4.85,0,10.97
741290,480,480.21,-12.18,-12.18,0,10.97
741295,468,468.12,-18.94,-18.94,0,10.97
741300,462,461.74,-25.12,-25.12,0,10.97
741305,455,454.88,-30.69,-30.69,0,10.97
741310,449,449.31,-35.65,-35.65,0,10.97
741315,447,447.12,-40.0,-40.0,0,10.97
741320,445,444.64,-43.74,-43.74,0,10.97
741325,443,442.88,-46.89,-46.89,0,10.97
741330,442,442.41,-49.47,-49.47,0,10.97
741335,444,444.12,-51.52,-51.52,0,10.97
741340,467,466.56,-53.05,-53.05,0,10.97
741345,448,447.88,-54.12,-54.12,0,10.97
741350,453,453.44,-54.75,-54.54,0,10.97
741355,455,455.13,-55.0,-54.54,0,10.97
741360,461,460.57,-54.92,-54.54,0,10.97
741365,465,464.87,-54.54,-54.54,0,10.97
741370,466,466.43,-53.92,-53.92,0,10.97
741375,472,472.13,-53.11,-53.11,0,10.97
741380,475,474.59,-52.15,-52.15,0,10.97
741385,477,476.87,-51.09,-51.09,0,10.97
741390,479,479.4,-49.98,-49.98,0,10.97
741395,482,482.13,-48.85,-48.85,0,10.97
741400,482,481.61,-47.75,-47.75,0,10.97
741405,485,484.87,-46.7,-46.7,0,10.97
741410,485,485.38,-45.74,-45.74,0,10.97
741415,484,484.14,-44.89,-44.89,0,10.97
741420,483,482.63,-44.18,-44.18,0,10.97
741425,481,480.86,-43.62,-43.62,0,10.97
741430,480,480.37,-43.24,-43.24,0,10.97
741435,479,479.14,-43.03,-43.24,0,10.97
741440,475,474.63,-43.0,-43.24,0,10.97
741445,475,474.85,-43.17,-43.24,0,10.97
741450,472,472.36,-43.52,-43.52,0,10.97
741455,469,469.15,-44.06,-44.06,0,10.97
741460,466,465.63,-44.79,-44.79,0,10.97
741465,465,464.84,-45.69,-45.69,0,10.97
741470,462,462.37,-46.76,-46.76,0,10.97
741475,460,460.16,-48.0,-48.0,0,10.97
741480,458,457.62,-49.38,-49.38,0,10.97
741485,455,454.84,-50.9,-50.9,0,10.97
741490,452,452.38,-52.54,-52.54,0,10.97
741495,451,451.17,-54.3,-54.3,0,10.97
741500,454,453.62,-56.15,-56.15,0,10.97
741505,446,445.82,-58.09,-58.09,0,10.97
741510,443,443.38,-60.11,-60.11,0,10.97
741515,442,442.18,-62.17,-62.17,0,10.97
741520,442,441.64,-64.29,-64.29,0,10.97
741525,442,441.81,-66.43,-66.43,0,10.97
741530,436,436.35,-68.58,-68.58,0,10.97
741535,439,439.19,-70.73,-70.73,0,10.97
741540,437,436.67,-72.87,-72.87,0,10.97
741545,437,436.81,-74.98,-74.98,0,10.97
741550,437,437.31,-77.05,-77.05,0,10.97
741555,436,436.2,-79.06,-79.06,0,10.97
741560,437,436.71,-80.99,-80.99,0,10.97
741565,436,435.8,-82.83,-82.83,0,10.97
741570,434,434.27,-84.55,-84.55,0,10.97
741575,434,434.21,-86.15,-86.15,0,10.97
741580,434,433.75,-87.59,-87.59,0,10.97
741585,440,439.79,-88.86,-88.86,0,10.97
741590,435,435.23,-89.93,-89.93,0,10.97
741595,436,436.2,-90.78,-90.78,0,10.97
741600,436,435.78,-91.37,-91.36,0,10.97
741605,434,433.81,-91.69,-91.36,0,10.97
741610,436,436.2,-91.7,-91.36,0,10.97
741615,437,437.19,-91.36,-91.36,0,10.97
741620,436,435.82,-90.65,-90.65,0,10.97
741625,435,434.81,-89.54,-89.54,0,10.97
741630,436,436.16,-87.98,-87.98,0,10.97
741635,438,438.19,-85.94,-85.94,0,10.97
741640,433,432.85,-83.4,-83.4,0,10.97
741645,438,437.8,-80.32,-80.32,0,10.97
741650,437,437.14,-76.66,-76.66,0,10.97
741655,436,436.2,-72.4,-72.4,0,10.97
741660,435,434.87,-67.52,-67.52,0,10.97
741665,434,433.79,-61.99,-61.99,0,10.97
741670,434,434.13,-55.79,-55.79,0,10.97
741675,432,432.21,-48.92,-48.92,0,10.97
741680,434,433.88,-41.37,-41.37,0,10.97
741685,434,433.78,-33.14,-33.14,0,10.97
741690,435,435.12,-24.27,-24.27,0,10.97
741695,439,439.22,-14.76,-14.76,0,10.97
741700,444,443.89,-4.66,-4.66,0,10.97
741705,453,452.77,5.98,5.98,0,10.97
741710,463,463.11,17.09,17.09,0,10.97
741715,480,480.24,28.6,28.6,0,10.97
741720,497,496.9,40.43,40.43,0,10.97
741725,516,515.76,52.46,52.46,0,10.97
741730,540,540.09,64.59,64.59,0,10.97
741735,562,562.26,76.7,76.7,0,10.97
741740,591,590.92,88.66,88.66,0,10.97
741745,618,617.74,100.35,100.35,0,10.97
741750,642,642.07,111.64,111.64,0,10.97
741755,666,666.26,122.4,122.4,0,10.97
741760,687,686.93,132.51,132.51,0,10.97
741765,705,704.73,141.85,141.85,0,10.97
741770,721,721.05,150.33,150.33,0,10.97
741775,733,733.28,157.84,157.84,0,10.97
741780,742,741.95,164.32,164.32,0,10.97
741785,748,747.71,169.69,169.69,0,10.97
741790,750,750.03,173.92,173.92,0,10.97
741795,749,749.29,176.96,176.96,0,10.97
741800,747,746.97,178.81,177.22,0,10.97
741805,741,740.7,179.46,177.22,0,10.97
741810,735,735.02,178.92,177.22,0,10.97
741815,726,726.31,177.22,177.22,0,10.97
741820,716,715.99,174.41,174.41,0,10.97
741825,704,703.68,170.53,170.53,0,10.97
741830,693,693.0,165.64,165.64,0,10.97
741835,681,681.33,159.82,159.82,0,10.97
741840,668,668.01,153.13,153.13,0,10.97
741845,656,655.66,145.67,145.67,0,10.97
741850,644,643.99,137.52,137.52,0,10.97
741855,632,632.36,128.77,128.77,0,10.97
741860,619,619.02,119.5,119.5,0,10.97
741865,607,606.62,109.82,109.82,0,10.97
741870,597,596.98,99.8,99.8,0,10.97
741875,576,576.39,89.56,89.56,0,10.97
741880,576,576.03,79.16,79.16,0,10.97
741885,566,565.61,68.7,68.7,0,10.97
741890,558,557.97,58.25,58.25,0,10.97
741895,544,544.39,47.91,47.91,0,10.97
741900,535,535.03,37.74,37.74,0,10.97
741905,525,524.62,27.82,27.82,0,10.97
741910,513,512.97,18.21,18.21,0,10.97
741915,503,503.37,8.98,8.98,0,10.97
741920,493,493.03,0.18,0.18,0,10.97
741925,483,482.64,-8.14,-8.14,0,10.97
741930,472,471.97,-15.92,-15.92,0,10.97
741935,468,468.36,-23.14,-23.14,0,10.97
741940,456,456.04,-29.77,-29.77,0,10.97
741945,449,448.64,-35.77,-35.77,0,10.97
741950,443,442.96,-41.13,-41.13,0,10.97
741955,440,440.36,-45.85,-45.85,0,10.97
741960,436,436.05,-49.93,-49.93,0,10.97
741965,436,435.63,-53.37,-53.37,0,10.97
741970,436,435.95,-56.19,-56.19,0,10.97
741975,437,437.38,-58.42,-58.42,0,10.97
741980,435,435.06,-60.07,-60.07,0,10.97
741985,439,438.61,-61.2,-61.2,0,10.97
741990,444,443.95,-61.84,-61.29,0,10.97
741995,447,447.4,-62.04,-61.29,0,10.97
742000,451,451.05,-61.84,-61.29,0,10.97
742005,456,455.58,-61.29,-61.29,0,10.97
742010,462,461.96,-60.46,-60.46,0,10.97
742015,464,464.43,-59.38,-59.38,0,10.97
742020,468,468.03,-58.13,-58.13,0,10.97
742025,471,470.55,-56.74,-56.74,0,10.97
742030,474,473.99,-55.27,-55.27,0,10.97
742035,477,477.47,-53.77,-53.77,0,10.97
742040,484,484.01,-52.28,-52.28,0,10.97
742045,482,481.51,-50.84,-50.84,0,10.97
742050,482,481.99,-49.5,-49.5,0,10.97
742055,484,484.51,-48.28,-48.28,0,10.97
742060,485,485.01,-47.21,-47.21,0,10.97
742065,485,484.47,-46.33,-46.33,0,10.97
742070,484,483.99,-45.64,-45.64,0,10.97
742075,483,483.55,-45.17,-45.17,0,10.97
742080,480,480.02,-44.92,-45.17,0,10.97
742085,479,478.42,-44.91,-45.17,0,10.97
742090,474,473.98,-45.13,-45.17,0,10.97
742095,471,471.6,-45.58,-45.58,0,10.97
742100,470,470.03,-46.27,-46.27,0,10.97
742105,466,465.38,-47.18,-47.18,0,10.97
742110,465,464.96,-48.31,-48.31,0,10.97
742115,460,460.64,-49.64,-49.64,0,10.97
742120,459,459.04,-51.16,-51.16,0,10.97
742125,455,454.33,-52.86,-52.86,0,10.97
742130,453,452.95,-54.72,-54.72,0,10.97
742135,450,450.69,-56.73,-56.73,0,10.97
742140,447,447.06,-58.87,-58.87,0,10.97
742145,445,444.28,-61.12,-61.12,0,10.97
742150,442,441.94,-63.47,-63.47,0,10.97
742155,443,443.75,-65.89,-65.89,0,10.97
742160,440,440.07,-68.37,-68.37,0,10.97
742165,439,438.21,-70.89,-70.89,0,10.97
742170,437,436.92,-73.43,-73.43,0,10.97
742175,436,436.83,-75.98,-75.98,0,10.97
742180,436,436.09,-78.5,-78.5,0,10.97
742185,458,457.15,-80.99,-80.99,0,10.97
742190,433,432.89,-83.43,-83.43,0,10.97
742195,431,431.84,-85.78,-85.78,0,10.97
742200,422,422.11,-88.02,-88.02,0,10.97
742205,432,431.18,-90.13,-90.13,0,10.97
742210,431,430.89,-92.08,-92.08,0,10.97
742215,429,429.79,-93.84,-93.84,0,10.97
742220,431,431.1,-95.38,-95.38,0,10.97
742225,431,430.23,-96.68,-96.68,0,10.97
742230,431,430.92,-97.7,-97.7,0,10.97
742235,431,431.74,-98.41,-98.35,0,10.97
742240,430,430.07,-98.78,-98.35,0,10.97
742245,432,431.28,-98.77,-98.35,0,10.97
742250,430,429.94,-98.35,-98.35,0,10.97
742255,429,429.69,-97.47,-97.47,0,10.97
742260,430,430.05,-96.12,-96.12,0,10.97
742265,428,427.33,-94.24,-94.24,0,10.97
742270,433,432.97,-91.8,-91.8,0,10.97
742275,431,431.65,-88.78,-88.78,0,10.97
742280,430,430.02,-85.12,-85.12,0,10.97
742285,429,428.37,-80.82,-80.82,0,10.97
742290,430,430.0,-75.83,-75.83,0,10.97
742295,428,428.62,-70.14,-70.14,0,10.97
742300,430,429.98,-63.72,-63.72,0,10.97
742305,431,430.39,-56.58,-56.58,0,10.97
742310,433,433.05,-48.7,-48.7,0,10.97
742315,432,432.6,-40.08,-40.08,0,10.97
742320,435,434.93,-30.76,-30.76,0,10.97
742325,437,436.42,-20.74,-20.74,0,10.97
742330,440,440.1,-10.07,-10.07,0,10.97
742335,450,450.57,1.21,1.21,0,10.97
742340,463,462.89,13.02,13.02,0,10.97
742345,477,476.44,25.3,25.3,0,10.97
742350,488,488.12,37.96,37.96,0,10.97
742355,512,512.55,50.89,50.89,0,10.97
742360,539,538.88,63.99,63.99,0,10.97
742365,564,563.47,77.12,77.12,0,10.97
742370,593,593.12,90.16,90.16,0,10.97
742375,620,620.52,102.99,102.99,0,10.97
742380,647,646.88,115.46,115.46,0,10.97
742385,672,671.49,127.44,127.44,0,10.97
742390,694,694.12,138.8,138.8,0,10.97
742395,713,713.49,149.43,149.43,0,10.97
742400,731,730.88,159.21,159.21,0,10.97
742405,744,743.52,168.05,168.05,0,10.97
742410,753,753.11,175.85,175.85,0,10.97
742415,762,762.47,182.54,182.54,0,10.97
742420,766,765.89,188.08,188.08,0,10.97
742425,768,767.54,192.41,192.41,0,10.97
742430,767,767.1,195.51,195.51,0,10.97
742435,762,762.45,197.38,195.65,0,10.97
742440,757,756.9,198.01,195.65,0,10.97
742445,750,749.56,197.42,195.65,0,10.97
742450,742,742.1,195.65,195.65,0,10.97
742455,731,731.43,192.74,192.74,0,10.97
742460,719,718.9,188.74,188.74,0,10.97
742465,710,709.58,183.72,183.72,0,10.97
742470,697,697.1,177.74,177.74,0,10.97
742475,686,686.41,170.88,170.88,0,10.97
742480,673,672.89,163.23,163.23,0,10.97
742485,661,660.59,154.87,154.87,0,10.97
742490,649,649.11,145.88,145.88,0,10.97
742495,638,638.4,136.36,136.36,0,10.97
742500,626,625.88,126.39,126.39,0,10.97
742505,614,613.6,116.07,116.07,0,10.97
742510,596,596.12,105.48,105.48,0,10.97
742515,590,590.4,94.7,94.7,0,10.97
742520,585,584.89,83.83,83.83,0,10.97
742525,574,573.61,72.94,72.94,0,10.97
742530,563,563.09,62.1,62.1,0,10.97
742535,552,552.38,51.4,51.4,0,10.97
742540,544,543.94,40.89,40.89,0,10.97
742545,533,532.63,30.65,30.65,0,10.97
742550,523,523.04,20.74,20.74,0,10.97
742555,510,510.36,11.21,11.21,0,10.97
742560,501,500.98,2.11,2.11,0,10.97
742565,489,488.66,-6.5,-6.5,0,10.97
742570,480,480.0,-14.59,-14.59,0,10.97
742575,471,471.33,-22.12,-22.12,0,10.97
742580,460,460.02,-29.07,-29.07,0,10.97
742585,455,454.68,-35.42,-35.42,0,10.97
742590,451,450.96,-41.14,-41.14,0,10.97
742595,446,446.32,-46.24,-46.24,0,10.97
742600,442,442.05,-50.72,-50.72,0,10.97
742605,440,439.69,-54.59,-54.59,0,10.97
742610,440,439.94,-57.85,-57.85,0,10.97
742615,440,440.31,-60.55,-60.55,0,10.97
742620,442,442.08,-62.69,-62.69,0,10.97
742625,441,440.69,-64.32,-64.32,0,10.97
742630,445,444.91,-65.47,-65.47,0,10.97
742635,446,446.31,-66.19,-66.17,0,10.97
742640,451,451.1,-66.51,-66.17,0,10.97
742645,453,452.68,-66.49,-66.17,0,10.97
742650,458,457.88,-66.17,-66.17,0,10.97
742655,460,460.32,-65.6,-65.6,0,10.97
742660,463,463.13,-64.83,-64.83,0,10.97
742665,466,465.67,-63.91,-63.91,0,10.97
742670,470,469.85,-62.88,-62.88,0,10.97
742675,470,470.33,-61.79,-61.79,0,10.97
742680,473,473.16,-60.67,-60.67,0,10.97
742685,474,473.66,-59.56,-59.56,0,10.97
742690,473,472.83,-58.5,-58.5,0,10.97
742695,475,475.34,-57.52,-57.52,0,10.97
742700,474,474.18,-56.64,-56.64,0,10.97
742705,474,473.65,-55.89,-55.89,0,10.97
742710,475,474.8,-55.28,-55.28,0,10.97
742715,471,471.35,-54.83,-54.83,0,10.97
742720,469,469.21,-54.55,-54.8,0,10.97
742725,470,469.64,-54.45,-54.8,0,10.97
742730,466,465.79,-54.53,-54.8,0,10.97
742735,465,465.36,-54.8,-54.8,0,10.97
742740,461,461.22,-55.25,-55.25,0,10.97
742745,461,460.63,-55.88,-55.88,0,10.97
742750,458,457.77,-56.69,-56.69,0,10.97
742755,455,455.37,-57.66,-57.66,0,10.97
742760,448,448.23,-58.78,-58.78,0,10.97
742765,448,447.62,-60.06,-60.06,0,10.97
742770,447,446.77,-61.46,-61.46,0,10.97
742775,448,448.39,-63.0,-63.0,0,10.97
742780,441,441.22,-64.64,-64.64,0,10.97
742785,440,439.59,-66.39,-66.39,0,10.97
742790,440,439.79,-68.22,-68.22,0,10.97
742795,440,440.43,-70.12,-70.12,0,10.97
742800,437,437.2,-72.09,-72.09,0,10.97
742805,436,435.54,-74.11,-74.11,0,10.97
742810,436,435.81,-76.16,-76.16,0,10.97
742815,434,434.49,-78.23,-78.23,0,10.97
742820,433,433.18,-80.32,-80.32,0,10.97
742825,430,429.48,-82.39,-82.39,0,10.97
742830,432,431.83,-84.44,-84.44,0,10.97
742835,430,430.56,-86.46,-86.46,0,10.97
742840,431,431.16,-88.42,-88.42,0,10.97
742845,430,429.4,-90.3,-90.3,0,10.97
742850,429,428.85,-92.1,-92.1,0,10.97
742855,429,429.64,-93.79,-93.79,0,10.97
742860,428,428.14,-95.35,-95.35,0,10.97
742865,430,429.32,-96.75,-96.75,0,10.97
742870,429,428.87,-97.98,-97.98,0,10.97
742875,430,430.72,-99.01,-99.01,0,10.97
742880,429,429.12,-99.8,-99.8,0,10.97
742885,430,429.23,-100.33,-100.07,0,10.97
742890,432,431.89,-100.58,-100.07,0,10.97
742895,431,431.82,-100.5,-100.07,0,10.97
742900,429,429.09,-100.07,-100.07,0,10.97
742905,432,431.14,-99.25,-99.25,0,10.97
742910,433,432.93,-98.0,-98.0,0,10.97
742915,409,409.9,-96.29,-96.29,0,10.97
742920,435,435.05,-94.07,-94.07,0,10.97
742925,435,434.1,-91.33,-91.33,0,10.97
742930,435,434.97,-88.01,-88.01,0,10.97
742935,434,434.89,-84.1,-84.1,0,10.97
742940,431,431.01,-79.55,-79.55,0,10.97
742945,438,437.12,-74.35,-74.35,0,10.97
742950,438,438.02,-68.46,-68.46,0,10.97
742955,426,426.86,-61.88,-61.88,0,10.97
742960,435,434.94,-54.58,-54.58,0,10.97
742965,437,436.18,-46.55,-46.55,0,10.97
742970,437,437.1,-37.81,-37.81,0,10.97
742975,441,441.78,-28.36,-28.36,0,10.97
742980,460,459.87,-18.22,-18.22,0,10.97
742985,442,441.25,-7.42,-7.42,0,10.97
742990,450,450.13,3.99,3.99,0,10.97
742995,461,461.73,15.96,15.96,0,10.97
743000,472,471.89,28.42,28.42,0,10.97
743005,490,489.29,41.29,41.29,0,10.97
743010,512,512.11,54.47,54.47,0,10.97
743015,532,532.69,67.86,67.86,0,10.97
743020,560,559.9,81.33,81.33,0,10.97
743025,589,588.33,94.76,94.76,0,10.97
743030,617,617.1,108.02,108.02,0,10.97
743035,645,645.65,120.97,120.97,0,10.97
743040,669,668.9,133.48,133.48,0,10.97
743045,702,701.37,145.42,145.42,0,10.97
743050,719,719.1,156.67,156.67,0,10.97
743055,735,735.6,167.11,167.11,0,10.97
743060,750,749.89,176.63,176.63,0,10.97
743065,761,760.43,185.14,185.14,0,10.97
743070,772,772.12,192.57,192.57,0,10.97
743075,775,775.54,198.85,198.85,0,10.97
743080,781,780.87,203.94,203.94,0,10.97
743085,776,775.49,207.8,207.8,0,10.97
743090,773,773.14,210.42,210.42,0,10.97
743095,770,770.49,211.8,210.42,0,10.97
743100,765,764.86,211.94,210.42,0,10.97
743105,757,756.54,210.89,210.42,0,10.97
743110,745,745.14,208.66,208.66,0,10.97
743115,734,734.44,205.32,205.32,0,10.97
743120,725,724.86,200.92,200.92,0,10.97
743125,713,712.59,195.53,195.53,0,10.97
743130,700,700.13,189.21,189.21,0,10.97
743135,691,691.38,182.06,182.06,0,10.97
743140,677,676.88,174.13,174.13,0,10.97
743145,668,667.64,165.53,165.53,0,10.97
743150,649,649.12,156.34,156.34,0,10.97
743155,642,642.33,146.64,146.64,0,10.97
743160,630,629.9,136.51,136.51,0,10.97
743165,620,619.69,126.05,126.05,0,10.97
743170,610,610.08,115.34,115.34,0,10.97
743175,599,599.28,104.45,104.45,0,10.97
743180,589,588.93,93.47,93.47,0,10.97
743185,581,580.75,82.47,82.47,0,10.97
743190,571,571.06,71.51,71.51,0,10.97
743195,561,561.23,60.68,60.68,0,10.97
743200,551,550.95,50.03,50.03,0,10.97
743205,540,539.8,39.64,39.64,0,10.97
743210,531,531.03,29.54,29.54,0,10.97
743215,520,520.17,19.81,19.81,0,10.97
743220,510,509.98,10.48,10.48,0,10.97
743225,500,499.85,1.61,1.61,0,10.97
743230,489,489.01,-6.77,-6.77,0,10.97
743235,480,480.12,-14.61,-14.61,0,10.97
743240,470,470.0,-21.91,-21.91,0,10.97
743245,462,461.9,-28.62,-28.62,0,10.97
743250,455,454.99,-34.73,-34.73,0,10.97
743255,448,448.08,-40.23,-40.23,0,10.97
743260,444,444.02,-45.13,-45.13,0,10.97
743265,440,439.95,-49.42,-49.42,0,10.97
743270,440,439.98,-53.11,-53.11,0,10.97
743275,437,437.03,-56.22,-56.22,0,10.97
743280,436,436.03,-58.78,-58.78,0,10.97
743285,437,437.0,-60.81,-60.81,0,10.97
743290,438,437.97,-62.34,-62.34,0,10.97
743295,439,438.98,-63.43,-63.43,0,10.97
743300,442,442.04,-64.09,-64.08,0,10.97
743305,448,448.05,-64.39,-64.08,0,10.97
743310,449,448.96,-64.37,-64.08,0,10.97
743315,452,451.92,-64.08,-64.08,0,10.97
743320,454,454.04,-63.57,-63.57,0,10.97
743325,462,462.12,-62.88,-62.88,0,10.97
743330,463,462.96,-62.07,-62.07,0,10.97
743335,484,483.85,-61.17,-61.17,0,10.97
743340,466,466.03,-60.24,-60.24,0,10.97
743345,467,467.15,-59.31,-59.31,0,10.97
743350,468,467.97,-58.42,-58.42,0,10.97
743355,469,468.86,-57.6,-57.6,0,10.97
743360,469,469.02,-56.88,-56.88,0,10.97
743365,467,467.13,-56.27,-56.27,0,10.97
743370,468,467.98,-55.8,-55.8,0,10.97
743375,465,464.89,-55.49,-55.6,0,10.97
743380,466,466.02,-55.35,-55.6,0,10.97
743385,462,462.1,-55.38,-55.6,0,10.97
743390,462,461.99,-55.6,-55.6,0,10.97
743395,462,461.92,-56.0,-56.0,0,10.97
743400,454,454.01,-56.58,-56.58,0,10.97
743405,453,453.06,-57.34,-57.34,0,10.97
743410,450,450.0,-58.28,-58.28,0,10.97
743415,455,454.96,-59.38,-59.38,0,10.97
743420,442,441.99,-60.63,-60.63,0,10.97
743425,442,442.0,-62.03,-62.03,0,10.97
743430,440,440.03,-63.56,-63.56,0,10.97
743435,439,439.05,-65.21,-65.21,0,10.97
743440,436,435.95,-66.96,-66.96,0,10.97
743445,434,433.91,-68.79,-68.79,0,10.97
743450,429,429.06,-70.7,-70.7,0,10.97
743455,429,429.14,-72.66,-72.66,0,10.97
743460,427,426.93,-74.67,-74.67,0,10.97
743465,424,423.81,-76.7,-76.7,0,10.97
743470,423,423.08,-78.73,-78.73,0,10.97
743475,407,407.23,-80.77,-80.77,0,10.97
743480,423,422.91,-82.78,-82.78,0,10.97
743485,419,418.75,-84.76,-84.76,0,10.97
743490,418,418.1,-86.69,-86.69,0,10.97
743495,419,419.26,-88.57,-88.57,0,10.97
743500,417,416.9,-90.37,-90.37,0,10.97
743505,417,416.72,-92.08,-92.08,0,10.97
743510,416,416.1,-93.7,-93.7,0,10.97
743515,419,419.29,-95.2,-95.2,0,10.97
743520,418,417.9,-96.58,-96.58,0,10.97
743525,419,418.69,-97.81,-97.81,0,10.97
743530,419,419.1,-98.88,-98.88,0,10.97
743535,421,421.34,-99.76,-99.76,0,10.97
743540,420,419.9,-100.45,-100.45,0,10.97
743545,425,424.64,-100.92,-100.74,0,10.97
743550,418,418.1,-101.14,-100.74,0,10.97
743555,422,422.38,-101.09,-100.74,0,10.97
743560,423,422.9,-100.74,-100.74,0,10.97
743565,423,422.6,-100.06,-100.06,0,10.97
743570,426,426.09,-99.03,-99.03,0,10.97
743575,425,425.41,-97.6,-97.6,0,10.97
743580,424,423.91,-95.76,-95.76,0,10.97
743585,426,425.57,-93.47,-93.47,0,10.97
743590,421,421.09,-90.69,-90.69,0,10.97
743595,426,426.46,-87.39,-87.39,0,10.97
743600,425,424.92,-83.55,-83.55,0,10.97
743605,428,427.52,-79.13,-79.13,0,10.97
743610,427,427.07,-74.1,-74.1,0,10.97
743615,426,426.5,-68.45,-68.45,0,10.97
743620,427,426.94,-62.15,-62.15,0,10.97
743625,427,426.49,-55.2,-55.2,0,10.97
743630,428,428.05,-47.58,-47.58,0,10.97
743635,425,425.53,-39.3,-39.3,0,10.97
743640,429,428.95,-30.36,-30.36,0,10.97
743645,432,431.45,-20.79,-20.79,0,10.97
743650,436,436.05,-10.62,-10.62,0,10.97
743655,441,441.56,0.12,0.12,0,10.97
743660,451,450.96,11.36,11.36,0,10.97
743665,468,467.43,23.04,23.04,0,10.97
743670,481,481.04,35.07,35.07,0,10.97
743675,500,500.58,47.37,47.37,0,10.97
743680,525,524.97,59.83,59.83,0,10.97
743685,549,548.42,72.33,72.33,0,10.97
743690,574,574.03,84.77,84.77,0,10.97
743695,599,599.58,97.01,97.01,0,10.97
743700,626,625.97,108.92,108.92,0,10.97
743705,649,648.42,120.39,120.39,0,10.97
743710,671,671.02,131.29,131.29,0,10.97
743715,691,691.58,141.5,141.5,0,10.97
743720,708,707.99,150.93,150.93,0,10.97
743725,723,722.41,159.46,159.46,0,10.97
743730,734,734.0,167.01,167.01,0,10.97
743735,741,741.59,173.52,173.52,0,10.97
743740,746,746.0,178.93,178.93,0,10.97
743745,749,748.4,183.2,183.2,0,10.97
743750,745,744.99,186.29,186.29,0,10.97
743755,741,741.6,188.2,186.93,0,10.97
743760,738,738.02,188.93,186.93,0,10.97
743765,732,731.39,188.5,186.93,0,10.97
743770,724,723.97,186.93,186.93,0,10.97
743775,715,715.6,184.26,184.26,0,10.97
743780,702,702.04,180.56,180.56,0,10.97
743785,689,688.39,175.86,175.86,0,10.97
743790,680,679.95,170.25,170.25,0,10.97
743795,669,669.62,163.8,163.8,0,10.97
743800,655,655.05,156.58,156.58,0,10.97
743805,644,643.36,148.68,148.68,0,10.97
743810,634,633.95,140.17,140.17,0,10.97
743815,622,622.66,131.15,131.15,0,10.97
743820,610,610.05,121.7,121.7,0,10.97
743825,600,599.32,111.91,111.91,0,10.97
743830,590,589.95,101.86,101.86,0,10.97
743835,581,581.71,91.62,91.62,0,10.97
743840,571,571.05,81.29,81.29,0,10.97
743845,561,560.26,70.94,70.94,0,10.97
743850,550,549.95,60.65,60.65,0,10.97
743855,541,541.77,50.48,50.48,0,10.97
743860,532,532.05,40.51,40.51,0,10.97
743865,522,521.2,30.79,30.79,0,10.97
743870,512,511.95,21.39,21.39,0,10.97
743875,501,501.84,12.36,12.36,0,10.97
743880,494,494.06,3.76,3.76,0,10.97
743885,482,481.13,-4.38,-4.38,0,10.97
743890,468,467.93,-12.01,-12.01,0,10.97
743895,461,461.91,-19.09,-19.09,0,10.97
743900,455,455.09,-25.61,-25.61,0,10.97
743905,471,470.08,-31.54,-31.54,0,10.97
743910,442,441.89,-36.87,-36.87,0,10.97
743915,437,437.91,-41.58,-41.58,0,10.97
743920,434,434.13,-45.69,-45.69,0,10.97
743925,430,429.11,-49.2,-49.2,0,10.97
743930,431,430.85,-52.11,-52.11,0,10.97
743935,430,430.87,-54.46,-54.46,0,10.97
743940,433,433.18,-56.26,-56.26,0,10.97
743945,434,433.15,-57.55,-57.55,0,10.97
743950,440,439.8,-58.37,-58.37,0,10.97
743955,438,438.83,-58.76,-58.37,0,10.97
743960,443,443.22,-58.76,-58.37,0,10.97
743965,448,447.19,-58.43,-58.37,0,10.97
743970,453,452.76,-57.8,-57.8,0,10.97
743975,458,458.79,-56.94,-56.94,0,10.97
743980,462,462.25,-55.9,-55.9,0,10.97
743985,465,464.22,-54.71,-54.71,0,10.97
743990,468,467.73,-53.44,-53.44,0,10.97
743995,471,471.77,-52.12,-52.12,0,10.97
744000,473,473.29,-50.8,-50.8,0,10.97
744005,474,473.24,-49.52,-49.52,0,10.97
744010,475,474.69,-48.31,-48.31,0,10.97
744015,473,473.75,-47.2,-47.2,0,10.97
744020,476,476.33,-46.22,-46.22,0,10.97
744025,476,475.26,-45.39,-45.39,0,10.97
744030,475,474.65,-44.73,-44.73,0,10.97
744035,475,475.73,-44.25,-44.25,0,10.97
744040,471,471.38,-43.97,-44.25,0,10.97
744045,469,468.27,-43.89,-44.25,0,10.97
744050,465,464.6,-44.01,-44.25,0,10.97
744055,464,464.73,-44.33,-44.33,0,10.97
744060,462,462.43,-44.85,-44.85,0,10.97
744065,458,457.27,-45.57,-45.57,0,10.97
744070,456,455.54,-46.46,-46.46,0,10.97
744075,443,443.73,-47.53,-47.53,0,10.97
744080,450,450.49,-48.76,-48.76,0,10.97
744085,449,448.29,-50.14,-50.14,0,10.97
744090,445,444.48,-51.67,-51.67,0,10.97
744095,445,445.69,-53.31,-53.31,0,10.97
744100,442,442.56,-55.08,-55.08,0,10.97
744105,443,442.33,-56.94,-56.94,0,10.97
744110,464,463.42,-58.89,-58.89,0,10.97
744115,436,436.65,-60.91,-60.91,0,10.97
744120,434,434.57,-62.98,-62.98,0,10.97
744125,436,435.37,-65.09,-65.09,0,10.97
744130,435,434.47,-67.22,-67.22,0,10.97
744135,431,431.6,-69.36,-69.36,0,10.97
744140,433,433.5,-71.47,-71.47,0,10.97
744145,434,433.43,-73.55,-73.55,0,10.97
744150,431,430.53,-75.57,-75.57,0,10.97
744155,433,433.54,-77.51,-77.51,0,10.97
744160,432,432.44,-79.37,-79.37,0,10.97
744165,434,433.49,-81.1,-81.1,0,10.97
744170,432,431.59,-82.69,-82.69,0,10.97
744175,432,432.48,-84.11,-84.11,0,10.97
744180,431,431.38,-85.35,-85.35,0,10.97
744185,431,430.55,-86.37,-86.37,0,10.97
744190,429,428.64,-87.14,-87.14,0,10.97
744195,430,430.42,-87.63,-87.16,0,10.97
744200,430,430.33,-87.82,-87.16,0,10.97
744205,430,429.61,-87.68,-87.16,0,10.97
744210,429,428.69,-87.16,-87.16,0,10.97
744215,431,431.36,-86.25,-86.25,0,10.97
744220,430,430.3,-84.9,-84.9,0,10.97
744225,430,429.66,-83.09,-83.09,0,10.97
744230,429,428.72,-80.78,-80.78,0,10.97
744235,430,430.31,-77.95,-77.95,0,10.97
744240,430,430.27,-74.57,-74.57,0,10.97
744245,431,430.71,-70.61,-70.61,0,10.97
744250,430,429.74,-66.05,-66.05,0,10.97
744255,430,430.27,-60.88,-60.88,0,10.97
744260,427,427.24,-55.07,-55.07,0,10.97
744265,430,429.76,-48.64,-48.64,0,10.97
744270,426,425.77,-41.57,-41.57,0,10.97
744275,429,429.22,-33.87,-33.87,0,10.97
744280,431,431.22,-25.57,-25.57,0,10.97
744285,434,433.81,-16.69,-16.69,0,10.97
744290,439,438.79,-7.27,-7.27,0,10.97
744295,449,449.17,2.64,2.64,0,10.97
744300,459,459.21,12.98,12.98,0,10.97
744305,473,472.85,23.66,23.66,0,10.97
744310,493,492.81,34.6,34.6,0,10.97
744315,511,511.13,45.71,45.71,0,10.97
744320,532,532.19,56.88,56.88,0,10.97
744325,555,554.89,68.0,68.0,0,10.97
744330,581,580.83,78.95,78.95,0,10.97
744335,606,606.1,89.6,89.6,0,10.97
744340,627,627.16,99.85,99.85,0,10.97
744345,647,646.91,109.58,109.58,0,10.97
744350,665,664.85,118.67,118.67,0,10.97
744355,681,681.08,127.02,127.02,0,10.97
744360,694,694.13,134.55,134.55,0,10.97
744365,708,707.93,141.15,141.15,0,10.97
744370,715,714.87,146.78,146.78,0,10.97
744375,718,718.06,151.37,151.37,0,10.97
744380,722,722.11,154.87,154.87,0,10.97
744385,719,718.96,157.27,157.27,0,10.97
744390,718,717.9,158.56,157.27,0,10.97
744395,712,712.03,158.73,157.27,0,10.97
744400,705,705.08,157.8,157.27,0,10.97
744405,697,696.99,155.8,155.8,0,10.97
744410,687,686.93,152.78,152.78,0,10.97
744415,678,678.0,148.77,148.77,0,10.97
744420,665,665.05,143.85,143.85,0,10.97
744425,653,653.01,138.08,138.08,0,10.97
744430,640,639.96,131.54,131.54,0,10.97
744435,631,630.98,124.3,124.3,0,10.97
744440,619,619.03,116.44,116.44,0,10.97
744445,605,605.02,108.06,108.06,0,10.97
744450,598,597.98,99.24,99.24,0,10.97
744455,586,585.98,90.07,90.07,0,10.97
744460,577,577.01,80.63,80.63,0,10.97
744465,565,565.02,71.01,71.01,0,10.97
744470,557,557.0,61.31,61.31,0,10.97
744475,544,543.98,51.59,51.59,0,10.97
744480,535,534.99,41.94,41.94,0,10.97
744485,524,524.02,32.44,32.44,0,10.97
744490,513,513.03,23.16,23.16,0,10.97
744495,503,502.98,14.16,14.16,0,10.97
744500,495,494.96,5.52,5.52,0,10.97
744505,484,484.03,-2.71,-2.71,0,10.97
744510,476,476.05,-10.49,-10.49,0,10.97
744515,465,464.97,-17.75,-17.75,0,10.97
744520,458,457.95,-24.48,-24.48,0,10.97
744525,450,450.03,-30.63,-30.63,0,10.97
744530,445,445.07,-36.18,-36.18,0,10.97
744535,441,440.97,-41.11,-41.11,0,10.97
744540,437,436.93,-45.43,-45.43,0,10.97
744545,433,433.04,-49.12,-49.12,0,10.97
744550,433,433.09,-52.21,-52.21,0,10.97
744555,434,433.97,-54.69,-54.69,0,10.97
744560,436,435.91,-56.61,-56.61,0,10.97
744565,436,436.03,-57.98,-57.98,0,10.97
744570,438,438.1,-58.85,-58.82,0,10.97
744575,443,442.98,-59.24,-58.82,0,10.97
744580,446,445.9,-59.22,-58.82,0,10.97
744585,452,452.02,-58.82,-58.82,0,10.97
744590,455,455.11,-58.11,-58.11,0,10.97
744595,461,460.99,-57.12,-57.12,0,10.97
744600,465,464.89,-55.91,-55.91,0,10.97
744605,470,470.01,-54.54,-54.54,0,10.97
744610,473,473.11,-53.06,-53.06,0,10.97
744615,472,471.99,-51.51,-51.51,0,10.97
744620,477,476.88,-49.95,-49.95,0,10.97
744625,481,481.01,-48.42,-48.42,0,10.97
744630,482,482.12,-46.96,-46.96,0,10.97
744635,484,483.98,-45.61,-45.61,0,10.97
744640,486,485.87,-44.4,-44.4,0,10.97
744645,485,485.03,-43.37,-43.37,0,10.97
744650,486,486.14,-42.53,-42.53,0,10.97
744655,485,484.97,-41.9,-41.9,0,10.97
744660,481,480.85,-41.51,-41.83,0,10.97
744665,482,482.04,-41.36,-41.83,0,10.97
744670,481,481.16,-41.47,-41.83,0,10.97
744675,480,479.95,-41.83,-41.83,0,10.97
744680,479,478.83,-42.44,-42.44,0,10.97
744685,472,472.05,-43.3,-43.3,0,10.97
744690,471,471.18,-44.4,-44.4,0,10.97
744695,469,468.95,-45.73,-45.73,0,10.97
744700,467,466.81,-47.28,-47.28,0,10.97
744705,463,463.04,-49.03,-49.03,0,10.97
744710,462,462.2,-50.96,-50.96,0,10.97
744715,459,458.96,-53.06,-53.06,0,10.97
744720,457,456.79,-55.29,-55.29,0,10.97
744725,454,454.03,-57.64,-57.64,0,10.97
744730,446,446.22,-60.08,-60.08,0,10.97
744735,449,448.97,-62.58,-62.58,0,10.97
744740,448,447.79,-65.12,-65.12,0,10.97
744745,447,447.02,-67.66,-67.66,0,10.97
744750,444,444.21,-70.19,-70.19,0,10.97
744755,444,443.98,-72.67,-72.67,0,10.97
744760,442,441.8,-75.07,-75.07,0,10.97
744765,441,441.02,-77.36,-77.36,0,10.97
744770,440,440.19,-79.5,-79.5,0,10.97
744775,439,438.98,-81.47,-81.47,0,10.97
744780,439,438.81,-83.22,-83.22,0,10.97
744785,440,440.01,-84.73,-84.73,0,10.97
744790,437,437.18,-85.96,-85.96,0,10.97
744795,437,436.98,-86.87,-86.87,0,10.97
744800,438,437.83,-87.43,-86.87,0,10.97
744805,439,439.02,-87.6,-86.87,0,10.97
744810,439,439.16,-87.34,-86.87,0,10.97
744815,438,437.97,-86.61,-86.61,0,10.97
744820,442,441.85,-85.39,-85.39,0,10.97
744825,438,438.04,-83.62,-83.62,0,10.97
744830,437,437.14,-81.29,-81.29,0,10.97
744835,437,436.95,-78.34,-78.34,0,10.97
744840,436,435.88,-74.76,-74.76,0,10.97
744845,438,438.06,-70.52,-70.52,0,10.97
744850,436,436.11,-65.58,-65.58,0,10.97
744855,436,435.93,-59.94,-59.94,0,10.97
744860,436,435.91,-53.57,-53.57,0,10.97
744865,436,436.08,-46.48,-46.48,0,10.97
744870,435,435.08,-38.67,-38.67,0,10.97
744875,437,436.9,-30.14,-30.14,0,10.97
744880,439,438.94,-20.92,-20.92,0,10.97
744885,443,443.11,-11.05,-11.05,0,10.97
744890,453,453.05,-0.56,-0.56,0,10.97
744895,460,459.88,10.48,10.48,0,10.97
744900,472,471.97,22.0,22.0,0,10.97
744905,487,487.14,33.92,33.92,0,10.97
744910,509,509.03,46.14,46.14,0,10.97
744915,533,532.85,58.54,58.54,0,10.97
744920,555,554.98,71.03,71.03,0,10.97
744925,584,584.15,83.46,83.46,0,10.97
744930,606,606.01,95.71,95.71,0,10.97
744935,635,634.84,107.65,107.65,0,10.97
744940,659,658.99,119.15,119.15,0,10.97
744945,682,682.17,130.08,130.08,0,10.97
744950,704,704.0,140.32,140.32,0,10.97
744955,722,721.82,149.76,149.76,0,10.97
744960,731,731.0,158.3,158.3,0,10.97
744965,741,741.18,165.85,165.85,0,10.97
744970,751,750.99,172.33,172.33,0,10.97
744975,757,756.82,177.69,177.69,0,10.97
744980,758,758.0,181.87,181.87,0,10.97
744985,758,758.17,184.86,184.86,0,10.97
744990,755,754.99,186.64,184.86,0,10.97
744995,748,747.83,187.2,184.86,0,10.97
745000,742,742.0,186.57,184.86,0,10.97
745005,734,734.17,184.77,184.77,0,10.97
745010,724,724.0,181.85,181.85,0,10.97
745015,715,714.83,177.85,177.85,0,10.97
745020,703,703.0,172.83,172.83,0,10.97
745025,692,692.17,166.88,166.88,0,10.97
745030,677,677.0,160.05,160.05,0,10.97
745035,666,665.83,152.43,152.43,0,10.97
745040,653,653.0,144.12,144.12,0,10.97
745045,642,642.17,135.19,135.19,0,10.97
745050,630,630.0,125.73,125.73,0,10.97
745055,618,617.83,115.85,115.85,0,10.97
745060,605,605.0,105.62,105.62,0,10.97
745065,592,592.17,95.15,95.15,0,10.97
745070,584,584.0,84.51,84.51,0,10.97
745075,575,574.83,73.8,73.8,0,10.97
745080,563,563.0,63.09,63.09,0,10.97
745085,554,554.16,52.47,52.47,0,10.97
745090,543,543.01,42.01,42.01,0,10.97
745095,532,531.84,31.79,31.79,0,10.97
745100,521,520.99,21.86,21.86,0,10.97
745105,511,511.16,12.3,12.3,0,10.97
745110,499,499.02,3.17,3.17,0,10.97
745115,481,480.84,-5.5,-5.5,0,10.97
745120,480,479.98,-13.64,-13.64,0,10.97
745125,471,471.18,-21.23,-21.23,0,10.97
745130,463,463.02,-28.23,-28.23,0,10.97
745135,454,453.8,-34.62,-34.62,0,10.97
745140,451,450.97,-40.39,-40.39,0,10.97
745145,445,445.23,-45.52,-45.52,0,10.97
745150,443,443.03,-50.02,-50.02,0,10.97
745155,440,439.75,-53.9,-53.9,0,10.97
745160,438,437.97,-57.16,-57.16,0,10.97
745165,438,438.28,-59.84,-59.84,0,10.97
745170,438,438.04,-61.95,-61.95,0,10.97
745175,441,440.69,-63.54,-63.54,0,10.97
745180,444,443.96,-64.64,-64.64,0,10.97
745185,449,449.34,-65.3,-65.08,0,10.97
745190,453,453.04,-65.56,-65.08,0,10.97
745195,455,454.63,-65.47,-65.08,0,10.97
745200,457,456.95,-65.08,-65.08,0,10.97
745205,462,462.41,-64.45,-64.45,0,10.97
745210,465,465.06,-63.62,-63.62,0,10.97
745215,469,468.56,-62.65,-62.65,0,10.97
745220,472,471.93,-61.58,-61.58,0,10.97
745225,473,473.48,-60.46,-60.46,0,10.97
745230,475,475.08,-59.33,-59.33,0,10.97
745235,476,475.49,-58.24,-58.24,0,10.97
745240,477,476.91,-57.21,-57.21,0,10.97
745245,478,478.55,-56.29,-56.29,0,10.97
745250,477,477.1,-55.5,-55.5,0,10.97
745255,476,475.41,-54.86,-54.86,0,10.97
745260,476,475.9,-54.39,-54.39,0,10.97
745265,473,473.64,-54.11,-54.39,0,10.97
745270,472,472.11,-54.03,-54.39,0,10.97
745275,475,474.32,-54.17,-54.39,0,10.97
745280,468,467.88,-54.51,-54.51,0,10.97
745285,468,468.71,-55.07,-55.07,0,10.97
745290,462,462.13,-55.84,-55.84,0,10.97
745295,462,461.25,-56.82,-56.82,0,10.97
745300,458,457.87,-57.99,-57.99,0,10.97
745305,455,455.79,-59.35,-59.35,0,10.97
745310,453,453.14,-60.88,-60.88,0,10.97
745315,451,450.17,-62.57,-62.57,0,10.97
745320,447,446.86,-64.4,-64.4,0,10.97
745325,447,447.87,-66.36,-66.36,0,10.97
745330,444,444.15,-68.43,-68.43,0,10.97
745335,466,465.1,-70.58,-70.58,0,10.97
745340,440,439.84,-72.8,-72.8,0,10.97
745345,439,439.9,-75.06,-75.06,0,10.97
745350,438,438.17,-77.34,-77.34,0,10.97
745355,436,435.11,-79.61,-79.61,0,10.97
745360,438,437.82,-81.84,-81.84,0,10.97
745365,435,435.88,-84.01,-84.01,0,10.97
745370,435,435.19,-86.08,-86.08,0,10.97
745375,435,434.13,-88.04,-88.04,0,10.97
745380,434,433.8,-89.83,-89.83,0,10.97
745385,432,432.86,-91.44,-91.44,0,10.97
745390,433,433.21,-92.83,-92.83,0,10.97
745395,433,432.15,-93.97,-93.97,0,10.97
745400,432,431.78,-94.82,-94.82,0,10.97
745405,434,434.84,-95.34,-94.82,0,10.97
745410,431,431.23,-95.5,-94.82,0,10.97
745415,432,431.16,-95.27,-94.82,0,10.97
745420,433,432.76,-94.6,-94.6,0,10.97
745425,432,432.84,-93.45,-93.45,0,10.97
745430,434,434.25,-91.8,-91.8,0,10.97
745435,434,433.16,-89.61,-89.61,0,10.97
745440,433,432.74,-86.83,-86.83,0,10.97
745445,432,432.84,-83.44,-83.44,0,10.97
745450,433,433.27,-79.41,-79.41,0,10.97
745455,433,432.15,-74.7,-74.7,0,10.97
745460,432,431.72,-69.3,-69.3,0,10.97
745465,416,416.84,-63.19,-63.19,0,10.97
745470,432,432.3,-56.36,-56.36,0,10.97
745475,432,431.19,-48.8,-48.8,0,10.97
745480,430,429.68,-40.52,-40.52,0,10.97
745485,432,432.77,-31.54,-31.54,0,10.97
745490,436,436.34,-21.88,-21.88,0,10.97
745495,442,441.27,-11.58,-11.58,0,10.97
745500,451,450.64,-0.69,-0.69,0,10.97
745505,462,462.7,10.72,10.72,0,10.97
745510,475,475.38,22.57,22.57,0,10.97
745515,494,493.34,34.79,34.79,0,10.97
745520,519,518.6,47.26,47.26,0,10.97
745525,539,539.63,59.87,59.87,0,10.97
745530,564,564.41,72.52,72.52,0,10.97
745535,590,589.4,85.06,85.06,0,10.97
745540,618,617.58,97.38,97.38,0,10.97
745545,643,643.57,109.34,109.34,0,10.97
745550,664,664.42,120.82,120.82,0,10.97
745555,685,684.45,131.7,131.7,0,10.97
745560,707,706.57,141.86,141.86,0,10.97
745565,721,721.53,151.19,151.19,0,10.97
745570,733,733.43,159.61,159.61,0,10.97
745575,743,742.48,167.03,167.03,0,10.97
745580,749,748.56,173.39,173.39,0,10.97
745585,751,751.5,178.63,178.63,0,10.97
745590,743,743.43,182.72,182.72,0,10.97
745595,751,750.51,185.63,185.63,0,10.97
745600,749,748.59,187.35,185.63,0,10.97
745605,742,742.47,187.89,185.63,0,10.97
745610,741,741.39,187.27,185.63,0,10.97
745615,726,725.54,185.52,185.52,0,10.97
745620,718,717.62,182.68,182.68,0,10.97
745625,707,707.45,178.8,178.8,0,10.97
745630,695,695.37,173.94,173.94,0,10.97
745635,686,685.56,168.16,168.16,0,10.97
745640,673,672.64,161.55,161.55,0,10.97
745645,662,662.43,154.17,154.17,0,10.97
745650,652,652.35,146.12,146.12,0,10.97
745655,641,640.58,137.46,137.46,0,10.97
745660,632,631.66,128.29,128.29,0,10.97
745665,615,615.41,118.69,118.69,0,10.97
745670,605,605.32,108.75,108.75,0,10.97
745675,591,590.6,98.55,98.55,0,10.97
745680,585,584.69,88.17,88.17,0,10.97
745685,574,574.39,77.7,77.7,0,10.97
745690,565,565.29,67.2,67.2,0,10.97
745695,559,558.62,56.76,56.76,0,10.97
745700,546,545.72,46.44,46.44,0,10.97
745705,535,535.37,36.31,36.31,0,10.97
745710,526,526.26,26.44,26.44,0,10.97
745715,513,512.64,16.88,16.88,0,10.97
745720,506,505.75,7.69,7.69,0,10.97
745725,494,494.35,-1.09,-1.09,0,10.97
745730,485,485.23,-9.4,-9.4,0,10.97
745735,475,474.66,-17.21,-17.21,0,10.97
745740,465,464.78,-24.49,-24.49,0,10.97
745745,459,459.34,-31.2,-31.2,0,10.97
745750,451,451.21,-37.34,-37.34,0,10.97
745755,445,444.67,-42.88,-42.88,0,10.97
745760,439,438.81,-47.83,-47.83,0,10.97
745765,440,440.33,-52.18,-52.18,0,10.97
745770,436,436.19,-55.94,-55.94,0,10.97
745775,439,438.67,-59.14,-59.14,0,10.97
745780,434,433.81,-61.78,-61.78,0,10.97
745785,436,436.33,-63.9,-63.9,0,10.97
745790,438,438.19,-65.52,-65.52,0,10.97
745795,439,438.68,-66.69,-66.69,0,10.97
745800,442,441.81,-67.44,-67.44,0,10.97
745805,445,445.32,-67.82,-67.44,0,10.97
745810,449,449.19,-67.87,-67.44,0,10.97
745815,451,450.68,-67.64,-67.44,0,10.97
745820,452,451.8,-67.16,-67.16,0,10.97
745825,455,455.32,-66.5,-66.5,0,10.97
745830,457,457.2,-65.69,-65.69,0,10.97
745835,465,464.68,-64.78,-64.78,0,10.97
745840,463,462.79,-63.81,-63.81,0,10.97
745845,464,464.3,-62.82,-62.82,0,10.97
745850,468,468.22,-61.85,-61.85,0,10.97
745855,468,467.71,-60.92,-60.92,0,10.97
745860,467,466.77,-60.08,-60.08,0,10.97
745865,467,467.27,-59.33,-59.33,0,10.97
745870,468,468.25,-58.71,-58.71,0,10.97
745875,464,463.74,-58.23,-58.23,0,10.97
745880,461,460.73,-57.91,-57.97,0,10.97
745885,461,461.25,-57.75,-57.97,0,10.97
745890,460,460.29,-57.77,-57.97,0,10.97
745895,458,457.77,-57.97,-57.97,0,10.97
745900,455,454.68,-58.34,-58.34,0,10.97
745905,453,453.22,-58.89,-58.89,0,10.97
745910,452,452.36,-59.61,-59.61,0,10.97
745915,451,450.8,-60.51,-60.51,0,10.97
745920,446,445.61,-61.56,-61.56,0,10.97
745925,445,445.19,-62.76,-62.76,0,10.97
745930,444,444.43,-64.11,-64.11,0,10.97
745935,441,440.83,-65.58,-65.58,0,10.97
745940,440,439.53,-67.16,-67.16,0,10.97
745945,437,437.15,-68.85,-68.85,0,10.97
745950,433,433.51,-70.62,-70.62,0,10.97
745955,434,433.87,-72.46,-72.46,0,10.97
745960,433,432.45,-74.36,-74.36,0,10.97
745965,430,430.11,-76.29,-76.29,0,10.97
745970,428,428.58,-78.24,-78.24,0,10.97
745975,428,427.9,-80.19,-80.19,0,10.97
745980,451,450.4,-82.12,-82.12,0,10.97
745985,427,427.08,-84.02,-84.02,0,10.97
745990,426,426.59,-85.86,-85.86,0,10.97
745995,426,425.94,-87.62,-87.62,0,10.97
746000,425,424.44,-89.27,-89.27,0,10.97
746005,426,426.04,-90.79,-90.79,0,10.97
746010,425,425.53,-92.16,-92.16,0,10.97
746015,425,424.97,-93.34,-93.34,0,10.97
746020,427,426.5,-94.31,-94.31,0,10.97
746025,427,427.01,-95.04,-95.04,0,10.97
746030,427,427.48,-95.51,-95.04,0,10.97
746035,425,425.0,-95.67,-95.04,0,10.97
746040,424,423.55,-95.5,-95.04,0,10.97
746045,428,427.99,-94.96,-94.96,0,10.97
746050,429,429.44,-94.03,-94.03,0,10.97
746055,430,430.02,-92.67,-92.67,0,10.97
746060,430,429.58,-90.85,-90.85,0,10.97
746065,430,429.97,-88.53,-88.53,0,10.97
746070,430,430.41,-85.68,-85.68,0,10.97
746075,430,430.03,-82.27,-82.27,0,10.97
746080,429,428.6,-78.28,-78.28,0,10.97
746085,430,429.96,-73.67,-73.67,0,10.97
746090,429,429.39,-68.43,-68.43,0,10.97
746095,431,431.05,-62.53,-62.53,0,10.97
746100,430,429.61,-55.97,-55.97,0,10.97
746105,432,431.94,-48.73,-48.73,0,10.97
746110,431,431.38,-40.82,-40.82,0,10.97
746115,432,432.07,-32.25,-32.25,0,10.97
746120,434,433.63,-23.04,-23.04,0,10.97
746125,435,434.92,-13.22,-13.22,0,10.97
746130,444,444.37,-2.83,-2.83,0,10.97
746135,452,452.1,8.07,8.07,0,10.97
746140,466,465.64,19.42,19.42,0,10.97
746145,481,480.89,31.14,31.14,0,10.97
746150,499,499.36,43.13,43.13,0,10.97
746155,519,519.12,55.29,55.29,0,10.97
746160,546,545.65,67.51,67.51,0,10.97
746165,572,571.87,79.66,79.66,0,10.97
746170,600,600.35,91.63,91.63,0,10.97
746175,624,624.14,103.29,103.29,0,10.97
746180,648,647.65,114.51,114.51,0,10.97
746185,670,669.85,125.17,125.17,0,10.97
746190,689,689.35,135.15,135.15,0,10.97
746195,706,706.15,144.35,144.35,0,10.97
746200,720,719.64,152.66,152.66,0,10.97
746205,730,729.84,160.01,160.01,0,10.97
746210,738,738.36,166.32,166.32,0,10.97
746215,742,742.17,171.54,171.54,0,10.97
746220,743,742.64,175.62,175.62,0,10.97
746225,742,741.82,178.54,178.54,0,10.97
746230,739,739.37,180.29,178.59,0,10.97
746235,735,735.19,180.87,178.59,0,10.97
746240,727,726.62,180.29,178.59,0,10.97
746245,719,718.8,178.59,178.59,0,10.97
746250,709,709.38,175.8,175.8,0,10.97
746255,697,697.22,171.97,171.97,0,10.97
746260,689,688.61,167.18,167.18,0,10.97
746265,676,675.77,161.47,161.47,0,10.97
746270,665,665.4,154.93,154.93,0,10.97
746275,652,652.24,147.64,147.64,0,10.97
746280,641,640.59,139.67,139.67,0,10.97
746285,633,632.75,131.12,131.12,0,10.97
746290,619,619.42,122.06,122.06,0,10.97
746295,609,609.25,112.59,112.59,0,10.97
746300,596,595.57,102.8,102.8,0,10.97
746305,586,585.74,92.76,92.76,0,10.97
746310,576,576.44,82.57,82.57,0,10.97
746315,565,565.26,72.31,72.31,0,10.97
746320,556,555.54,62.06,62.06,0,10.97
746325,546,545.73,51.89,51.89,0,10.97
746330,535,535.48,41.89,41.89,0,10.97
746335,525,525.28,32.11,32.11,0,10.97
746340,514,513.5,22.62,22.62,0,10.97
746345,505,504.72,13.49,13.49,0,10.97
746350,493,493.52,4.76,4.76,0,10.97
746355,483,483.29,-3.5,-3.5,0,10.97
746360,493,492.47,-11.27,-11.27,0,10.97
746365,464,463.71,-18.49,-18.49,0,10.97
746370,454,454.51,-25.14,-25.14,0,10.97
746375,447,447.3,-31.2,-31.2,0,10.97
746380,441,440.53,-36.64,-36.64,0,10.97
746385,439,438.7,-41.46,-41.46,0,10.97
746390,437,437.45,-45.66,-45.66,0,10.97
746395,433,433.3,-49.24,-49.24,0,10.97
746400,431,430.58,-52.23,-52.23,0,10.97
746405,436,435.7,-54.64,-54.64,0,10.97
746410,435,435.4,-56.51,-56.51,0,10.97
746415,439,439.3,-57.86,-57.86,0,10.97
746420,443,442.61,-58.75,-58.75,0,10.97
746425,446,445.7,-59.21,-58.75,0,10.97
746430,450,450.37,-59.29,-58.75,0,10.97
746435,452,452.29,-59.04,-58.75,0,10.97
746440,459,458.65,-58.52,-58.52,0,10.97
746445,462,461.71,-57.77,-57.77,0,10.97
746450,468,468.33,-56.86,-56.86,0,10.97
746455,468,468.28,-55.82,-55.82,0,10.97
746460,471,470.68,-54.72,-54.72,0,10.97
746465,474,473.73,-53.59,-53.59,0,10.97
746470,475,475.31,-52.47,-52.47,0,10.97
746475,477,477.27,-51.41,-51.41,0,10.97
746480,478,477.7,-50.45,-50.45,0,10.97
746485,479,478.74,-49.6,-49.6,0,10.97
746490,474,474.29,-48.91,-48.91,0,10.97
746495,477,477.25,-48.38,-48.38,0,10.97
746500,476,475.73,-48.05,-48.29,0,10.97
746505,476,475.76,-47.91,-48.29,0,10.97
746510,471,471.25,-47.99,-48.29,0,10.97
746515,471,471.23,-48.29,-48.29,0,10.97
746520,468,467.77,-48.8,-48.8,0,10.97
746525,465,464.78,-49.52,-49.52,0,10.97
746530,461,461.21,-50.45,-50.45,0,10.97
746535,457,457.21,-51.59,-51.59,0,10.97
746540,459,458.82,-52.91,-52.91,0,10.97
746545,454,453.8,-54.4,-54.4,0,10.97
746550,452,452.15,-56.05,-56.05,0,10.97
746555,450,450.19,-57.84,-57.84,0,10.97
746560,449,448.88,-59.76,-59.76,0,10.97
746565,448,447.83,-61.77,-61.77,0,10.97
746570,444,444.09,-63.86,-63.86,0,10.97
746575,443,443.16,-66.01,-66.01,0,10.97
746580,444,443.95,-68.19,-68.19,0,10.97
746585,440,439.86,-70.37,-70.37,0,10.97
746590,440,440.01,-72.53,-72.53,0,10.97
746595,438,438.13,-74.64,-74.64,0,10.97
746600,440,440.03,-76.67,-76.67,0,10.97
746605,438,437.89,-78.58,-78.58,0,10.97
746610,435,434.93,-80.36,-80.36,0,10.97
746615,436,436.1,-81.96,-81.96,0,10.97
746620,435,435.12,-83.35,-83.35,0,10.97
746625,435,434.92,-84.5,-84.5,0,10.97
746630,434,433.83,-85.37,-85.37,0,10.97
746635,435,435.06,-85.93,-85.37,0,10.97
746640,432,432.22,-86.14,-85.37,0,10.97
746645,434,433.95,-85.96,-85.37,0,10.97
746650,432,431.74,-85.37,-85.37,0,10.97
746655,436,436.03,-84.31,-84.31,0,10.97
746660,434,434.31,-82.76,-82.76,0,10.97
746665,436,435.98,-80.68,-80.68,0,10.97
746670,435,434.63,-78.04,-78.04,0,10.97
746675,433,433.01,-74.8,-74.8,0,10.97
746680,418,418.41,-70.95,-70.95,0,10.97
746685,434,434.01,-66.46,-66.46,0,10.97
746690,432,431.57,-61.3,-61.3,0,10.97
746695,433,432.97,-55.47,-55.47,0,10.97
746700,434,434.44,-48.95,-48.95,0,10.97
746705,436,436.05,-41.76,-41.76,0,10.97
746710,436,435.55,-33.9,-33.9,0,10.97
746715,436,435.93,-25.38,-25.38,0,10.97
746720,438,438.47,-16.24,-16.24,0,10.97
746725,435,435.1,-6.52,-6.52,0,10.97
746730,461,460.53,3.74,3.74,0,10.97
746735,465,464.9,14.46,14.46,0,10.97
746740,476,476.47,25.58,25.58,0,10.97
746745,493,493.1,36.99,36.99,0,10.97
746750,512,511.55,48.62,48.62,0,10.97
746755,531,530.91,60.33,60.33,0,10.97
746760,558,558.45,72.03,72.03,0,10.97
746765,584,584.1,83.59,83.59,0,10.97
746770,607,606.56,94.87,94.87,0,10.97
746775,633,632.89,105.76,105.76,0,10.97
746780,653,653.43,116.12,116.12,0,10.97
746785,677,677.11,125.85,125.85,0,10.97
746790,694,693.57,134.82,134.82,0,10.97
746795,710,709.88,142.94,142.94,0,10.97
746800,722,722.42,150.11,150.11,0,10.97
746805,729,729.13,156.25,156.25,0,10.97
746810,733,732.58,161.3,161.3,0,10.97
746815,735,734.86,165.22,165.22,0,10.97
746820,734,734.41,167.96,167.96,0,10.97
746825,733,733.15,169.52,167.96,0,10.97
746830,730,729.59,169.88,167.96,0,10.97
746835,723,722.84,169.06,167.96,0,10.97
746840,710,710.4,167.08,167.08,0,10.97
746845,706,706.17,163.99,163.99,0,10.97
746850,693,692.61,159.81,159.81,0,10.97
746855,682,681.82,154.63,154.63,0,10.97
746860,672,672.38,148.49,148.49,0,10.97
746865,659,659.2,141.48,141.48,0,10.97
746870,647,646.63,133.68,133.68,0,10.97
746875,636,635.79,125.17,125.17,0,10.97
746880,621,621.36,116.04,116.04,0,10.97
746885,609,609.23,106.39,106.39,0,10.97
746890,597,596.65,96.3,96.3,0,10.97
746895,588,587.76,85.88,85.88,0,10.97
746900,574,574.35,75.22,75.22,0,10.97
746905,562,562.25,64.4,64.4,0,10.97
746910,552,551.66,53.53,53.53,0,10.97
746915,539,538.75,42.69,42.69,0,10.97
746920,527,527.33,31.97,31.97,0,10.97
746925,512,512.26,21.45,21.45,0,10.97
746930,502,501.68,11.22,11.22,0,10.97
746935,490,489.74,1.34,1.34,0,10.97
746940,478,478.32,-8.11,-8.11,0,10.97
746945,467,467.26,-17.08,-17.08,0,10.97
746950,459,458.69,-25.51,-25.51,0,10.97
746955,447,446.74,-33.35,-33.35,0,10.97
746960,437,437.3,-40.56,-40.56,0,10.97
746965,431,431.26,-47.11,-47.11,0,10.97
746970,426,425.71,-52.99,-52.99,0,10.97
746975,425,424.74,-58.17,-58.17,0,10.97
746980,419,419.27,-62.66,-62.66,0,10.97
746985,417,417.25,-66.46,-66.46,0,10.97
746990,418,417.74,-69.58,-69.58,0,10.97
746995,418,417.75,-72.04,-72.04,0,10.97
747000,420,420.24,-73.88,-73.88,0,10.97
747005,423,423.24,-75.12,-75.12,0,10.97
747010,427,426.77,-75.82,-75.12,0,10.97
747015,432,431.77,-76.01,-75.12,0,10.97
747020,434,434.21,-75.74,-75.12,0,10.97
747025,439,439.22,-75.08,-75.08,0,10.97
747030,444,443.8,-74.07,-74.07,0,10.97
747035,451,450.79,-72.77,-72.77,0,10.97
747040,453,453.18,-71.23,-71.23,0,10.97
747045,455,455.2,-69.52,-69.52,0,10.97
747050,461,460.84,-67.69,-67.69,0,10.97
747055,463,462.82,-65.78,-65.78,0,10.97
747060,467,467.15,-63.86,-63.86,0,10.97
747065,468,468.16,-61.95,-61.95,0,10.97
747070,470,469.87,-60.12,-60.12,0,10.97
747075,473,472.86,-58.39,-58.39,0,10.97
747080,472,472.12,-56.8,-56.8,0,10.97
747085,473,473.12,-55.39,-55.39,0,10.97
747090,473,472.89,-54.17,-54.17,0,10.97
747095,470,469.9,-53.17,-53.17,0,10.97
747100,472,472.09,-52.4,-52.4,0,10.97
747105,470,470.08,-51.88,-51.88,0,10.97
747110,470,469.92,-51.62,-51.88,0,10.97
747115,469,468.94,-51.62,-51.88,0,10.97
747120,467,467.06,-51.88,-51.88,0,10.97
747125,465,465.04,-52.41,-52.41,0,10.97
747130,467,466.95,-53.19,-53.19,0,10.97
747135,464,463.98,-54.21,-54.21,0,10.97
747140,461,461.03,-55.47,-55.47,0,10.97
747145,460,460.0,-56.94,-56.94,0,10.97
747150,457,456.99,-58.61,-58.61,0,10.97
747155,455,455.02,-60.46,-60.46,0,10.97
747160,453,452.99,-62.46,-62.46,0,10.97
747165,454,453.96,-64.6,-64.6,0,10.97
747170,443,443.03,-66.83,-66.83,0,10.97
747175,450,450.06,-69.13,-69.13,0,10.97
747180,450,449.96,-71.48,-71.48,0,10.97
747185,448,447.93,-73.83,-73.83,0,10.97
747190,446,446.04,-76.15,-76.15,0,10.97
747195,443,443.09,-78.4,-78.4,0,10.97
747200,441,440.97,-80.55,-80.55,0,10.97
747205,439,438.9,-82.55,-82.55,0,10.97
747210,439,439.04,-84.36,-84.36,0,10.97
747215,439,439.12,-85.94,-85.94,0,10.97
747220,434,433.96,-87.25,-87.25,0,10.97
747225,438,437.86,-88.24,-88.24,0,10.97
747230,436,436.05,-88.86,-88.24,0,10.97
747235,434,434.15,-89.08,-88.24,0,10.97
747240,435,434.94,-88.83,-88.24,0,10.97
747245,434,433.83,-88.09,-88.09,0,10.97
747250,434,434.07,-86.81,-86.81,0,10.97
747255,431,431.18,-84.94,-84.94,0,10.97
747260,434,433.92,-82.44,-82.44,0,10.97
747265,430,429.81,-79.28,-79.28,0,10.97
747270,428,428.08,-75.43,-75.43,0,10.97
747275,427,427.2,-70.85,-70.85,0,10.97
747280,429,428.92,-65.52,-65.52,0,10.97
747285,426,425.79,-59.42,-59.42,0,10.97
747290,426,426.08,-52.54,-52.54,0,10.97
747295,427,427.22,-44.89,-44.89,0,10.97
747300,428,427.92,-36.48,-36.48,0,10.97
747305,430,429.77,-27.31,-27.31,0,10.97
747310,434,434.08,-17.44,-17.44,0,10.97
747315,440,440.25,-6.89,-6.89,0,10.97
747320,450,449.93,4.26,4.26,0,10.97
747325,464,463.75,15.94,15.94,0,10.97
747330,481,481.07,28.07,28.07,0,10.97
747335,499,499.27,40.54,40.54,0,10.97
747340,524,523.93,53.25,53.25,0,10.97
747345,550,549.72,66.08,66.08,0,10.97
747350,578,578.07,78.88,78.88,0,10.97
747355,604,604.28,91.53,91.53,0,10.97
747360,633,632.93,103.9,103.9,0,10.97
747365,656,655.71,115.83,115.83,0,10.97
747370,683,683.07,127.21,127.21,0,10.97
747375,699,699.3,137.91,137.91,0,10.97
747380,716,715.92,147.81,147.81,0,10.97
747385,736,735.69,156.8,156.8,0,10.97
747390,744,744.09,164.79,164.79,0,10.97
747395,751,751.3,171.71,171.71,0,10.97
747400,756,755.89,177.48,177.48,0,10.97
747405,758,757.69,182.07,182.07,0,10.97
747410,760,760.12,185.43,185.43,0,10.97
747415,757,757.3,187.56,186.59,0,10.97
747420,752,751.86,188.45,186.59,0,10.97
747425,744,743.69,188.12,186.59,0,10.97
747430,735,735.16,186.59,186.59,0,10.97
747435,725,725.31,183.9,183.9,0,10.97
747440,715,714.83,180.11,180.11,0,10.97
747445,703,702.68,175.27,175.27,0,10.97
747450,693,693.19,169.45,169.45,0,10.97
747455,679,679.32,162.73,162.73,0,10.97
747460,668,667.79,155.18,155.18,0,10.97
747465,654,653.67,146.9,146.9,0,10.97
747470,644,644.23,137.98,137.98,0,10.97
747475,631,631.34,128.49,128.49,0,10.97
747480,621,620.74,118.54,118.54,0,10.97
747485,608,607.65,108.21,108.21,0,10.97
747490,598,598.28,97.6,97.6,0,10.97
747495,588,588.36,86.79,86.79,0,10.97
747500,575,574.7,75.87,75.87,0,10.97
747505,564,563.62,64.93,64.93,0,10.97
747510,551,551.32,54.05,54.05,0,10.97
747515,543,543.4,43.3,43.3,0,10.97
747520,534,533.66,32.76,32.76,0,10.97
747525,522,521.58,22.5,22.5,0,10.97
747530,509,509.36,12.59,12.59,0,10.97
747535,497,497.44,3.08,3.08,0,10.97
747540,488,487.63,-5.98,-5.98,0,10.97
747545,497,496.55,-14.52,-14.52,0,10.97
747550,468,468.38,-22.52,-22.52,0,10.97
747555,458,458.42,-29.93,-29.93,0,10.97
747560,450,449.6,-36.73,-36.73,0,10.97
747565,443,442.61,-42.89,-42.89,0,10.97
747570,438,438.42,-48.41,-48.41,0,10.97
747575,433,433.35,-53.27,-53.27,0,10.97
747580,431,430.57,-57.48,-57.48,0,10.97
747585,428,427.68,-61.05,-61.05,0,10.97
747590,429,429.46,-64.01,-64.01,0,10.97
747595,430,430.29,-66.37,-66.37,0,10.97
747600,431,430.52,-68.17,-68.17,0,10.97
747605,435,434.74,-69.45,-69.45,0,10.97
747610,438,438.5,-70.25,-70.25,0,10.97
747615,441,441.23,-70.63,-70.25,0,10.97
747620,463,462.49,-70.63,-70.25,0,10.97
747625,448,447.8,-70.31,-70.25,0,10.97
747630,451,451.5,-69.72,-69.72,0,10.97
747635,456,456.17,-68.91,-68.91,0,10.97
747640,459,458.52,-67.94,-67.94,0,10.97
747645,463,462.85,-66.85,-66.85,0,10.97
747650,465,465.46,-65.71,-65.71,0,10.97
747655,485,485.13,-64.55,-64.55,0,10.97
747660,470,469.56,-63.42,-63.42,0,10.97
747665,472,471.86,-62.36,-62.36,0,10.97
747670,463,463.41,-61.41,-61.41,0,10.97
747675,472,472.15,-60.59,-60.59,0,10.97
747680,473,472.63,-59.93,-59.93,0,10.97
747685,474,473.83,-59.45,-59.45,0,10.97
747690,470,470.33,-59.18,-59.45,0,10.97
747695,467,467.18,-59.12,-59.45,0,10.97
747700,467,466.72,-59.29,-59.45,0,10.97
747705,467,466.81,-59.68,-59.68,0,10.97
747710,463,463.24,-60.31,-60.31,0,10.97
747715,460,460.19,-61.17,-61.17,0,10.97
747720,459,458.81,-62.24,-62.24,0,10.97
747725,460,459.81,-63.53,-63.53,0,10.97
747730,456,456.15,-65.02,-65.02,0,10.97
747735,451,451.18,-66.69,-66.69,0,10.97
747740,450,449.89,-68.52,-68.52,0,10.97
747745,449,448.83,-70.49,-70.49,0,10.97
747750,447,447.07,-72.59,-72.59,0,10.97
747755,443,443.15,-74.77,-74.77,0,10.97
747760,441,440.97,-77.02,-77.02,0,10.97
747765,441,440.86,-79.31,-79.31,0,10.97
747770,440,440.0,-81.59,-81.59,0,10.97
747775,440,440.12,-83.84,-83.84,0,10.97
747780,437,437.03,-86.03,-86.03,0,10.97
747785,433,432.89,-88.11,-88.11,0,10.97
747790,433,432.94,-90.05,-90.05,0,10.97
747795,434,434.11,-91.8,-91.8,0,10.97
747800,431,431.09,-93.33,-93.33,0,10.97
747805,429,428.9,-94.6,-94.6,0,10.97
747810,432,431.87,-95.56,-95.56,0,10.97
747815,431,431.11,-96.16,-95.56,0,10.97
747820,430,430.16,-96.38,-95.56,0,10.97
747825,429,428.88,-96.15,-95.56,0,10.97
747830,429,428.81,-95.44,-95.44,0,10.97
747835,429,429.12,-94.21,-94.21,0,10.97
747840,428,428.22,-92.41,-92.41,0,10.97
747845,427,426.86,-90.01,-90.01,0,10.97
747850,425,424.75,-86.96,-86.96,0,10.97
747855,425,425.15,-83.23,-83.23,0,10.97
747860,426,426.28,-78.79,-78.79,0,10.97
747865,424,423.84,-73.61,-73.61,0,10.97
747870,424,423.68,-67.68,-67.68,0,10.97
747875,422,422.17,-60.98,-60.98,0,10.97
747880,424,424.36,-53.51,-53.51,0,10.97
747885,424,423.82,-45.27,-45.27,0,10.97
747890,425,424.6,-36.28,-36.28,0,10.97
747895,429,429.19,-26.56,-26.56,0,10.97
747900,436,436.45,-16.15,-16.15,0,10.97
747905,444,443.81,-5.11,-5.11,0,10.97
747910,454,453.5,6.5,6.5,0,10.97
747915,467,467.2,18.6,18.6,0,10.97
747920,487,487.56,31.1,31.1,0,10.97
747925,513,512.8,43.89,43.89,0,10.97
747930,539,538.4,56.86,56.86,0,10.97
747935,566,566.2,69.88,69.88,0,10.97
747940,568,568.63,82.83,82.83,0,10.97
747945,619,618.8,95.56,95.56,0,10.97
747950,647,646.37,107.95,107.95,0,10.97
747955,670,670.2,119.86,119.86,0,10.97
747960,692,692.61,131.16,131.16,0,10.97
747965,710,709.79,141.73,141.73,0,10.97
747970,725,724.4,151.46,151.46,0,10.97
747975,738,738.21,160.26,160.26,0,10.97
747980,747,747.58,168.04,168.04,0,10.97
747985,753,752.78,174.73,174.73,0,10.97
747990,759,758.43,180.27,180.27,0,10.97
747995,755,755.22,184.64,184.64,0,10.97
748000,756,756.55,187.79,187.79,0,10.97
748005,751,750.78,189.74,188.42,0,10.97
748010,744,743.46,190.47,188.42,0,10.97
748015,738,738.23,190.02,188.42,0,10.97
748020,730,730.52,188.42,188.42,0,10.97
748025,719,718.77,185.69,185.69,0,10.97
748030,708,707.48,181.91,181.91,0,10.97
748035,696,696.23,177.13,177.13,0,10.97
748040,687,687.52,171.41,171.41,0,10.97
748045,674,673.76,164.83,164.83,0,10.97
748050,674,673.49,157.47,157.47,0,10.97
748055,651,651.24,149.4,149.4,0,10.97
748060,641,641.49,140.71,140.71,0,10.97
748065,631,630.76,131.49,131.49,0,10.97
748070,620,619.53,121.82,121.82,0,10.97
748075,609,609.24,111.79,111.79,0,10.97
748080,600,600.44,101.47,101.47,0,10.97
748085,589,588.75,90.95,90.95,0,10.97
748090,579,578.58,80.3,80.3,0,10.97
748095,570,570.25,69.62,69.62,0,10.97
748100,561,561.4,58.96,58.96,0,10.97
748105,551,550.75,48.41,48.41,0,10.97
748110,544,543.61,38.03,38.03,0,10.97
748115,529,529.25,27.89,27.89,0,10.97
748120,519,519.36,18.04,18.04,0,10.97
748125,508,507.75,8.55,8.55,0,10.97
748130,496,495.66,-0.54,-0.54,0,10.97
748135,484,484.25,-9.17,-9.17,0,10.97
748140,470,470.32,-17.29,-17.29,0,10.97
748145,465,464.75,-24.89,-24.89,0,10.97
748150,458,457.72,-31.92,-31.92,0,10.97
748155,450,450.25,-38.36,-38.36,0,10.97
748160,444,444.25,-44.21,-44.21,0,10.97
748165,438,437.75,-49.44,-49.44,0,10.97
748170,437,436.79,-54.07,-54.07,0,10.97
748175,433,433.25,-58.09,-58.09,0,10.97
748180,433,433.18,-61.53,-61.53,0,10.97
748185,435,434.75,-64.4,-64.4,0,10.97
748190,434,433.86,-66.73,-66.73,0,10.97
748195,434,434.25,-68.55,-68.55,0,10.97
748200,437,437.11,-69.9,-69.9,0,10.97
748205,438,437.75,-70.81,-70.81,0,10.97
748210,442,441.93,-71.32,-70.98,0,10.97
748215,444,444.25,-71.49,-70.98,0,10.97
748220,448,448.03,-71.36,-70.98,0,10.97
748225,450,449.75,-70.98,-70.98,0,10.97
748230,455,455.0,-70.38,-70.38,0,10.97
748235,457,457.25,-69.63,-69.63,0,10.97
748240,458,457.96,-68.76,-68.76,0,10.97
748245,462,461.75,-67.81,-67.81,0,10.97
748250,463,463.09,-66.83,-66.83,0,10.97
748255,463,463.25,-65.85,-65.85,0,10.97
748260,466,465.87,-64.91,-64.91,0,10.97
748265,465,464.75,-64.03,-64.03,0,10.97
748270,464,464.17,-63.24,-63.24,0,10.97
748275,465,465.25,-62.57,-62.57,0,10.97
748280,461,460.79,-62.02,-62.02,0,10.97
748285,459,458.74,-61.62,-61.62,0,10.97
748290,461,461.25,-61.37,-61.62,0,10.97
748295,458,458.27,-61.29,-61.62,0,10.97
748300,456,455.7,-61.37,-61.62,0,10.97
748305,453,452.72,-61.62,-61.62,0,10.97
748310,449,449.35,-62.04,-62.04,0,10.97
748315,449,449.29,-62.62,-62.62,0,10.97
748320,446,445.61,-63.36,-63.36,0,10.97
748325,443,442.69,-64.25,-64.25,0,10.97
748330,442,442.44,-65.27,-65.27,0,10.97
748335,440,440.33,-66.43,-66.43,0,10.97
748340,438,437.52,-67.71,-67.71,0,10.97
748345,437,436.65,-69.1,-69.1,0,10.97
748350,424,424.52,-70.58,-70.58,0,10.97
748355,434,434.37,-72.15,-72.15,0,10.97
748360,434,433.45,-73.79,-73.79,0,10.97
748365,430,429.61,-75.49,-75.49,0,10.97
748370,429,429.57,-77.23,-77.23,0,10.97
748375,427,427.41,-79.01,-79.01,0,10.97
748380,427,426.42,-80.8,-80.8,0,10.97
748385,436,435.57,-82.6,-82.6,0,10.97
748390,426,426.6,-84.38,-84.38,0,10.97
748395,420,420.43,-86.14,-86.14,0,10.97
748400,424,423.38,-87.85,-87.85,0,10.97
748405,424,423.58,-89.5,-89.5,0,10.97
748410,423,423.65,-91.07,-91.07,0,10.97
748415,425,425.41,-92.53,-92.53,0,10.97
748420,424,423.33,-93.87,-93.87,0,10.97
748425,424,423.6,-95.07,-95.07,0,10.97
748430,425,425.7,-96.1,-96.1,0,10.97
748435,424,424.39,-96.94,-96.94,0,10.97
748440,427,426.27,-97.56,-97.56,0,10.97
748445,424,423.62,-97.94,-97.56,0,10.97
748450,426,426.75,-98.04,-97.56,0,10.97
748455,426,426.38,-97.83,-97.56,0,10.97
748460,428,427.22,-97.29,-97.29,0,10.97
748465,430,429.62,-96.38,-96.38,0,10.97
748470,430,430.81,-95.07,-95.07,0,10.97
748475,430,430.37,-93.31,-93.31,0,10.97
748480,454,453.17,-91.09,-91.09,0,10.97
748485,432,431.64,-88.35,-88.35,0,10.97
748490,430,430.81,-85.07,-85.07,0,10.97
748495,429,429.35,-81.2,-81.2,0,10.97
748500,431,430.22,-76.72,-76.72,0,10.97
748505,431,430.66,-71.58,-71.58,0,10.97
748510,431,431.75,-65.76,-65.76,0,10.97
748515,430,430.33,-59.25,-59.25,0,10.97
748520,430,429.27,-52.01,-52.01,0,10.97
748525,430,429.68,-44.05,-44.05,0,10.97
748530,430,430.71,-35.35,-35.35,0,10.97
748535,432,432.31,-25.93,-25.93,0,10.97
748540,435,434.32,-15.81,-15.81,0,10.97
748545,439,438.71,-5.02,-5.02,0,10.97
748550,445,445.67,6.41,6.41,0,10.97
748555,456,456.29,18.41,18.41,0,10.97
748560,470,469.36,30.9,30.9,0,10.97
748565,487,486.73,43.81,43.81,0,10.97
748570,508,508.62,57.04,57.04,0,10.97
748575,534,534.27,70.47,70.47,0,10.97
748580,562,561.4,83.98,83.98,0,10.97
748585,590,589.74,97.45,97.45,0,10.97
748590,618,618.57,110.73,110.73,0,10.97
748595,645,645.25,123.7,123.7,0,10.97
748600,673,672.45,136.22,136.22,0,10.97
748605,693,692.75,148.16,148.16,0,10.97
748610,716,716.53,159.39,159.39,0,10.97
748615,734,734.25,169.8,169.8,0,10.97
748620,748,747.49,179.28,179.28,0,10.97
748625,760,759.75,187.74,187.74,0,10.97
748630,768,768.48,195.11,195.11,0,10.97
748635,772,772.25,201.32,201.32,0,10.97
748640,774,773.53,206.32,206.32,0,10.97
748645,774,773.75,210.09,210.09,0,10.97
748650,768,768.45,212.61,212.61,0,10.97
748655,769,769.25,213.87,212.61,0,10.97
748660,760,759.57,213.9,212.61,0,10.97
748665,752,751.74,212.71,212.61,0,10.97
748670,741,741.41,210.35,210.35,0,10.97
748675,731,731.26,206.86,206.86,0,10.97
748680,721,720.62,202.3,202.3,0,10.97
748685,709,708.73,196.73,196.73,0,10.97
748690,699,699.36,190.24,190.24,0,10.97
748695,687,687.28,182.9,182.9,0,10.97
748700,674,673.66,174.78,174.78,0,10.97
748705,662,661.71,165.98,165.98,0,10.97
748710,651,651.32,156.58,156.58,0,10.97
748715,638,638.3,146.68,146.68,0,10.97
748720,628,627.69,136.35,136.35,0,10.97
748725,616,615.69,125.68,125.68,0,10.97
748730,606,606.29,114.76,114.76,0,10.97
748735,595,595.32,103.68,103.68,0,10.97
748740,583,582.72,92.52,92.52,0,10.97
748745,575,574.66,81.34,81.34,0,10.97
748750,564,564.27,70.24,70.24,0,10.97
748755,551,551.35,59.28,59.28,0,10.97
748760,536,535.74,48.53,48.53,0,10.97
748765,532,531.64,38.06,38.06,0,10.97
748770,521,521.27,27.92,27.92,0,10.97
748775,509,509.37,18.17,18.17,0,10.97
748780,499,498.72,8.86,8.86,0,10.97
748785,489,488.63,0.04,0.04,0,10.97
748790,471,471.29,-8.27,-8.27,0,10.97
748795,469,469.38,-16.02,-16.02,0,10.97
748800,462,461.71,-23.19,-23.19,0,10.97
748805,453,452.61,-29.76,-29.76,0,10.97
748810,448,448.28,-35.72,-35.72,0,10.97
748815,442,442.4,-41.07,-41.07,0,10.97
748820,440,439.73,-45.81,-45.81,0,10.97
748825,439,438.6,-49.95,-49.95,0,10.97
748830,437,437.27,-53.5,-53.5,0,10.97
748835,436,436.41,-56.49,-56.49,0,10.97
748840,437,436.74,-58.95,-58.95,0,10.97
748845,437,436.59,-60.9,-60.9,0,10.97
748850,438,438.25,-62.39,-62.39,0,10.97
748855,440,440.42,-63.45,-63.45,0,10.97
748860,444,443.76,-64.13,-64.13,0,10.97
748865,447,446.57,-64.47,-64.13,0,10.97
748870,449,449.24,-64.52,-64.13,0,10.97
748875,453,453.43,-64.33,-64.13,0,10.97
748880,447,446.77,-63.93,-63.93,0,10.97
748885,458,457.56,-63.39,-63.39,0,10.97
748890,460,460.24,-62.74,-62.74,0,10.97
748895,464,464.45,-62.02,-62.02,0,10.97
748900,465,464.74,-61.27,-61.27,0,10.97
748905,465,464.53,-60.54,-60.54,0,10.97
748910,466,466.27,-59.84,-59.84,0,10.97
748915,465,465.48,-59.21,-59.21,0,10.97
748920,472,471.72,-58.68,-58.68,0,10.97
748925,464,463.5,-58.26,-58.26,0,10.97
748930,464,464.28,-57.96,-57.96,0,10.97
748935,463,463.52,-57.8,-57.96,0,10.97
748940,460,459.72,-57.78,-57.96,0,10.97
748945,457,456.46,-57.91,-57.96,0,10.97
748950,455,455.28,-58.19,-58.19,0,10.97
748955,448,448.57,-58.61,-58.61,0,10.97
748960,449,448.72,-59.16,-59.16,0,10.97
748965,447,446.41,-59.83,-59.83,0,10.97
748970,444,444.28,-60.63,-60.63,0,10.97
748975,442,442.61,-61.53,-61.53,0,10.97
748980,439,438.72,-62.52,-62.52,0,10.97
748985,440,439.38,-63.58,-63.58,0,10.97
748990,433,433.28,-64.72,-64.72,0,10.97
748995,415,415.63,-65.9,-65.9,0,10.97
749000,430,429.72,-67.12,-67.12,0,10.97
749005,428,427.39,-68.36,-68.36,0,10.97
749010,425,425.29,-69.61,-69.61,0,10.97
749015,424,424.58,-70.87,-70.87,0,10.97
749020,420,419.71,-72.11,-72.11,0,10.97
749025,421,420.45,-73.34,-73.34,0,10.97
749030,419,419.29,-74.55,-74.55,0,10.97
749035,418,418.52,-75.72,-75.72,0,10.97
749040,424,423.71,-76.87,-76.87,0,10.97
749045,417,416.51,-77.98,-77.98,0,10.97
749050,416,416.29,-79.04,-79.04,0,10.97
749055,415,415.46,-80.07,-80.07,0,10.97
749060,416,415.72,-81.06,-81.06,0,10.97
749065,417,416.57,-82.0,-82.0,0,10.97
749070,417,417.27,-82.91,-82.91,0,10.97
749075,416,416.4,-83.77,-83.77,0,10.97
749080,418,417.74,-84.61,-84.61,0,10.97
749085,417,416.63,-85.41,-85.41,0,10.97
749090,418,418.25,-86.17,-86.17,0,10.97
749095,419,419.35,-86.91,-86.91,0,10.97
749100,420,419.76,-87.62,-87.62,0,10.97
749105,421,420.68,-88.3,-88.3,0,10.97
749110,423,423.23,-88.95,-88.95,0,10.97
749115,423,423.29,-89.58,-89.58,0,10.97
749120,422,421.78,-90.16,-90.16,0,10.97
749125,424,423.73,-90.71,-90.71,0,10.97
749130,425,425.22,-91.21,-91.21,0,10.97
749135,427,427.24,-91.65,-91.65,0,10.97
749140,429,428.78,-92.02,-92.02,0,10.97
749145,432,431.78,-92.31,-92.31,0,10.97
749150,428,428.22,-92.49,-92.31,0,10.97
749155,430,430.19,-92.55,-92.31,0,10.97
749160,430,429.79,-92.46,-92.31,0,10.97
749165,430,429.84,-92.19,-92.19,0,10.97
749170,434,434.21,-91.72,-91.72,0,10.97
749175,433,433.14,-91.02,-91.02,0,10.97
749180,432,431.79,-90.05,-90.05,0,10.97
749185,431,430.89,-88.76,-88.76,0,10.97
749190,432,432.21,-87.14,-87.14,0,10.97
749195,433,433.1,-85.13,-85.13,0,10.97
749200,435,434.79,-82.7,-82.7,0,10.97
749205,433,432.92,-79.8,-79.8,0,10.97
749210,433,433.21,-76.41,-76.41,0,10.97
749215,435,435.06,-72.47,-72.47,0,10.97
749220,435,434.79,-67.95,-67.95,0,10.97
749225,433,432.95,-62.82,-62.82,0,10.97
749230,434,434.2,-57.06,-57.06,0,10.97
749235,433,433.04,-50.62,-50.62,0,10.97
749240,436,435.81,-43.5,-43.5,0,10.97
749245,435,434.98,-35.68,-35.68,0,10.97
749250,433,433.18,-27.16,-27.16,0,10.97
749255,434,434.01,-17.95,-17.95,0,10.97
749260,439,438.83,-8.05,-8.05,0,10.97
749265,441,441.01,2.49,2.49,0,10.97
749270,447,447.16,13.65,13.65,0,10.97
749275,459,458.98,25.35,25.35,0,10.97
749280,472,471.87,37.54,37.54,0,10.97
749285,489,489.05,50.13,50.13,0,10.97
749290,512,512.12,63.02,63.02,0,10.97
749295,536,535.95,76.11,76.11,0,10.97
749300,560,559.9,89.27,89.27,0,10.97
749305,590,590.07,102.38,102.38,0,10.97
749310,618,618.08,115.31,115.31,0,10.97
749315,645,644.92,127.91,127.91,0,10.97
749320,671,670.92,140.07,140.07,0,10.97
749325,689,689.09,151.64,151.64,0,10.97
749330,717,717.06,162.51,162.51,0,10.97
749335,734,733.9,172.56,172.56,0,10.97
749340,750,749.94,181.68,181.68,0,10.97
749345,758,758.09,189.79,189.79,0,10.97
749350,767,767.04,196.81,196.81,0,10.97
749355,773,772.91,202.67,202.67,0,10.97
749360,775,774.96,207.34,207.34,0,10.97
749365,775,775.08,210.78,210.78,0,10.97
749370,771,771.02,212.97,212.2,0,10.97
749375,766,765.92,213.93,212.2,0,10.97
749380,758,757.99,213.66,212.2,0,10.97
749385,747,747.07,212.2,212.2,0,10.97
749390,740,739.99,209.58,209.58,0,10.97
749395,727,726.94,205.86,205.86,0,10.97
749400,714,714.01,201.1,201.1,0,10.97
749405,705,705.05,195.37,195.37,0,10.97
749410,692,691.98,188.74,188.74,0,10.97
749415,680,679.96,181.3,181.3,0,10.97
749420,667,667.02,173.12,173.12,0,10.97
749425,654,654.03,164.29,164.29,0,10.97
749430,644,643.97,154.91,154.91,0,10.97
749435,635,634.98,145.05,145.05,0,10.97
749440,620,620.03,134.81,134.81,0,10.97
749445,612,612.01,124.27,124.27,0,10.97
749450,602,601.97,113.51,113.51,0,10.97
749455,589,589.01,102.62,102.62,0,10.97
749460,579,579.02,91.68,91.68,0,10.97
749465,572,571.98,80.76,80.76,0,10.97
749470,561,560.99,69.93,69.93,0,10.97
749475,551,551.03,59.27,59.27,0,10.97
749480,539,539.0,48.84,48.84,0,10.97
749485,533,532.97,38.71,38.71,0,10.97
749490,518,518.01,28.91,28.91,0,10.97
749495,505,505.03,19.52,19.52,0,10.97
749500,498,497.97,10.58,10.58,0,10.97
749505,489,488.97,2.13,2.13,0,10.97
749510,478,478.04,-5.8,-5.8,0,10.97
749515,470,470.01,-13.17,-13.17,0,10.97
749520,465,464.96,-19.97,-19.97,0,10.97
749525,457,457.0,-26.17,-26.17,0,10.97
749530,450,450.05,-31.77,-31.77,0,10.97
749535,447,446.99,-36.76,-36.76,0,10.97
749540,443,442.95,-41.15,-41.15,0,10.97
749545,441,441.03,-44.95,-44.95,0,10.97
749550,440,440.05,-48.18,-48.18,0,10.97
749555,443,442.96,-50.86,-50.86,0,10.97
749560,442,441.95,-53.02,-53.02,0,10.97
749565,443,443.05,-54.69,-54.69,0,10.97
749570,445,445.06,-55.9,-55.9,0,10.97
749575,446,445.95,-56.71,-56.71,0,10.97
749580,451,450.95,-57.15,-56.72,0,10.97
749585,453,453.06,-57.27,-56.72,0,10.97
749590,455,455.05,-57.11,-56.72,0,10.97
749595,460,459.93,-56.72,-56.72,0,10.97
749600,461,460.95,-56.14,-56.14,0,10.97
749605,464,464.08,-55.43,-55.43,0,10.97
749610,469,469.05,-54.62,-54.62,0,10.97
749615,468,467.91,-53.74,-53.74,0,10.97
749620,467,466.95,-52.85,-52.85,0,10.97
749625,470,470.1,-51.98,-51.98,0,10.97
749630,471,471.06,-51.15,-51.15,0,10.97
749635,477,476.9,-50.39,-50.39,0,10.97
749640,474,473.93,-49.73,-49.73,0,10.97
749645,470,470.09,-49.18,-49.18,0,10.97
749650,470,470.08,-48.77,-48.77,0,10.97
749655,468,467.91,-48.5,-48.59,0,10.97
749660,468,467.92,-48.37,-48.59,0,10.97
749665,465,465.08,-48.4,-48.59,0,10.97
749670,462,462.08,-48.59,-48.59,0,10.97
749675,459,458.93,-48.93,-48.93,0,10.97
749680,457,456.92,-49.41,-49.41,0,10.97
749685,455,455.06,-50.04,-50.04,0,10.97
749690,454,454.09,-50.81,-50.81,0,10.97
749695,448,447.94,-51.69,-51.69,0,10.97
749700,447,446.91,-52.69,-52.69,0,10.97
749705,446,446.06,-53.8,-53.8,0,10.97
749710,443,443.1,-54.99,-54.99,0,10.97
749715,441,440.93,-56.27,-56.27,0,10.97
749720,437,436.89,-57.6,-57.6,0,10.97
749725,437,437.07,-59.0,-59.0,0,10.97
749730,436,436.13,-60.43,-60.43,0,10.97
749735,434,433.93,-61.9,-61.9,0,10.97
749740,431,430.86,-63.39,-63.39,0,10.97
749745,430,430.07,-64.89,-64.89,0,10.97
749750,429,429.16,-66.4,-66.4,0,10.97
749755,429,428.92,-67.9,-67.9,0,10.97
749760,427,426.82,-69.39,-69.39,0,10.97
749765,424,424.07,-70.87,-70.87,0,10.97
749770,424,424.2,-72.32,-72.32,0,10.97
749775,423,422.93,-73.74,-73.74,0,10.97
749780,424,423.78,-75.14,-75.14,0,10.97
749785,423,423.07,-76.5,-76.5,0,10.97
749790,424,424.24,-77.82,-77.82,0,10.97
749796,423,422.94,-79.11,-79.11,0,10.97
749800,423,422.74,-80.35,-80.35,0,10.97
749805,423,423.06,-81.56,-81.56,0,10.97
749810,423,423.28,-82.71,-82.71,0,10.97
749815,423,422.94,-83.82,-83.82,0,10.97
749820,424,423.7,-84.87,-84.87,0,10.97
749825,424,424.06,-85.87,-85.87,0,10.97
749830,425,425.32,-86.8,-86.8,0,10.97
749835,426,425.95,-87.66,-87.66,0,10.97
749840,427,426.65,-88.43,-88.43,0,10.97
749845,427,427.05,-89.12,-89.12,0,10.97
749850,428,428.37,-89.7,-89.7,0,10.97
749855,429,428.95,-90.17,-90.17,0,10.97
749860,430,429.61,-90.5,-90.47,0,10.97
749865,429,429.04,-90.67,-90.47,0,10.97
749870,430,430.41,-90.67,-90.47,0,10.97
749875,431,430.96,-90.47,-90.47,0,10.97
749880,439,438.57,-90.04,-90.04,0,10.97
749885,431,431.03,-89.35,-89.35,0,10.97
749890,432,432.44,-88.38,-88.38,0,10.97
749895,438,437.98,-87.09,-87.09,0,10.97
749900,434,433.56,-85.45,-85.45,0,10.97
749905,436,436.0,-83.42,-83.42,0,10.97
749910,434,434.45,-80.96,-80.96,0,10.97
749915,434,434.02,-78.05,-78.05,0,10.97
749920,434,433.55,-74.63,-74.63,0,10.97
749925,434,433.96,-70.69,-70.69,0,10.97
749930,435,435.46,-66.18,-66.18,0,10.97
749935,433,433.05,-61.08,-61.08,0,10.97
749940,436,435.54,-55.36,-55.36,0,10.97
749945,435,434.93,-48.99,-48.99,0,10.97
749950,435,435.47,-41.98,-41.98,0,10.97
749955,435,435.08,-34.3,-34.3,0,10.97
749960,435,434.52,-25.96,-25.96,0,10.97
749965,436,435.91,-16.97,-16.97,0,10.97
749970,439,439.49,-7.34,-7.34,0,10.97
749975,444,444.11,2.88,2.88,0,10.97
749980,452,451.5,13.66,13.66,0,10.97
749985,462,461.88,24.93,24.93,0,10.97
749990,476,476.51,36.63,36.63,0,10.97
749995,493,493.14,48.68,48.68,0,10.97
750000,514,513.48,60.96,60.96,0,10.97
750005,536,535.84,73.39,73.39,0,10.97
750010,563,563.54,85.84,85.84,0,10.97
750015,589,589.18,98.19,98.19,0,10.97
750020,615,614.45,110.31,110.31,0,10.97
750025,642,641.8,122.07,122.07,0,10.97
750030,667,667.57,133.35,133.35,0,10.97
750035,689,689.21,144.03,144.03,0,10.97
750040,707,706.4,153.98,153.98,0,10.97
750045,724,723.76,163.11,163.11,0,10.97
750050,735,735.62,171.31,171.31,0,10.97
750055,745,745.26,178.5,178.5,0,10.97
750060,753,752.35,184.63,184.63,0,10.97
750065,757,756.72,189.62,189.62,0,10.97
750070,756,756.67,193.46,193.46,0,10.97
750075,741,741.29,196.1,196.1,0,10.97
750080,753,752.31,197.55,196.1,0,10.97
750085,748,747.72,197.81,196.1,0,10.97
750090,740,740.72,196.9,196.1,0,10.97
750095,731,731.25,194.85,194.85,0,10.97
750100,720,719.26,191.7,191.7,0,10.97
750105,709,708.77,187.51,187.51,0,10.97
750110,696,696.77,182.34,182.34,0,10.97
750115,687,687.21,176.26,176.26,0,10.97
750120,672,671.2,169.34,169.34,0,10.97
750125,659,658.81,161.68,161.68,0,10.97
750130,651,651.84,153.34,153.34,0,10.97
750135,636,636.18,144.42,144.42,0,10.97
750140,625,624.12,135.0,135.0,0,10.97
750145,611,610.83,125.18,125.18,0,10.97
750150,600,600.92,115.04,115.04,0,10.97
750155,590,590.16,104.67,104.67,0,10.97
750160,597,596.05,94.15,94.15,0,10.97
750165,569,568.84,83.56,83.56,0,10.97
750170,558,558.96,72.98,72.98,0,10.97
750175,550,550.15,62.49,62.49,0,10.97
750180,539,538.04,52.16,52.16,0,10.97
750185,530,529.85,42.05,42.05,0,10.97
750190,520,520.96,32.25,32.25,0,10.97
750195,510,510.14,22.79,22.79,0,10.97
750200,502,501.04,13.73,13.73,0,10.97
750205,492,491.86,5.14,5.14,0,10.97
750210,475,475.96,-2.97,-2.97,0,10.97
750215,473,473.13,-10.54,-10.54,0,10.97
750220,465,464.05,-17.54,-17.54,0,10.97
750225,459,458.87,-23.96,-23.96,0,10.97
750230,450,450.93,-29.78,-29.78,0,10.97
750235,448,448.12,-34.99,-34.99,0,10.97
750240,444,443.08,-39.58,-39.58,0,10.97
750245,441,440.89,-43.57,-43.57,0,10.97
750250,439,439.91,-46.95,-46.95,0,10.97
750255,439,439.11,-49.76,-49.76,0,10.97
750260,437,436.11,-52.02,-52.02,0,10.97
750265,440,439.9,-53.74,-53.74,0,10.97
750270,441,441.89,-54.98,-54.98,0,10.97
750275,443,443.1,-55.76,-55.76,0,10.97
750280,446,445.11,-56.13,-55.76,0,10.97
750285,449,448.91,-56.13,-55.76,0,10.97
750290,454,454.89,-55.81,-55.76,0,10.97
750295,456,456.09,-55.21,-55.21,0,10.97
750300,460,459.11,-54.39,-54.39,0,10.97
750305,463,462.91,-53.39,-53.39,0,10.97
750310,466,466.9,-52.26,-52.26,0,10.97
750315,469,469.08,-51.05,-51.05,0,10.97
750320,471,470.09,-49.79,-49.79,0,10.97
750325,470,469.92,-48.53,-48.53,0,10.97
750330,475,475.92,-47.3,-47.3,0,10.97
750335,475,475.08,-46.13,-46.13,0,10.97
750340,485,484.07,-45.07,-45.07,0,10.97
750345,477,476.92,-44.13,-44.13,0,10.97
750350,476,476.93,-43.33,-43.33,0,10.97
750355,473,473.08,-42.69,-42.69,0,10.97
750360,473,472.07,-42.23,-42.23,0,10.97
750365,473,472.92,-41.95,-42.23,0,10.97
750370,470,470.94,-41.86,-42.23,0,10.97
750375,467,467.08,-41.95,-42.23,0,10.97
750380,488,487.08,-42.24,-42.24,0,10.97
750385,462,461.93,-42.72,-42.72,0,10.97
750390,460,460.89,-43.38,-43.38,0,10.97
750395,458,458.06,-44.2,-44.2,0,10.97
750400,456,455.17,-45.18,-45.18,0,10.97
750405,453,452.94,-46.31,-46.31,0,10.97
750410,451,451.78,-47.57,-47.57,0,10.97
750415,447,447.05,-48.94,-48.94,0,10.97
750420,445,444.27,-50.41,-50.41,0,10.97
750425,443,442.96,-51.96,-51.96,0,10.97
750430,442,442.69,-53.59,-53.59,0,10.97
750435,439,439.04,-55.27,-55.27,0,10.97
750440,437,436.36,-56.99,-56.99,0,10.97
750445,435,434.97,-58.74,-58.74,0,10.97
750450,431,431.6,-60.51,-60.51,0,10.97
750455,432,432.03,-62.28,-62.28,0,10.97
750460,429,428.44,-64.05,-64.05,0,10.97
750465,428,427.98,-65.8,-65.8,0,10.97
750470,429,429.52,-67.52,-67.52,0,10.97
750475,428,428.02,-69.22,-69.22,0,10.97
750480,427,426.51,-70.87,-70.87,0,10.97
750485,428,427.98,-72.49,-72.49,0,10.97
750490,427,427.45,-74.05,-74.05,0,10.97
750495,426,426.01,-75.56,-75.56,0,10.97
750500,424,423.58,-77.02,-77.02,0,10.97
750505,425,424.99,-78.41,-78.41,0,10.97
750510,426,426.4,-79.72,-79.72,0,10.97
750515,425,425.0,-80.97,-80.97,0,10.97
750520,426,425.62,-82.13,-82.13,0,10.97
750525,427,427.0,-83.21,-83.21,0,10.97
750530,428,428.36,-84.19,-84.19,0,10.97
750535,428,427.99,-85.07,-85.07,0,10.97
750540,429,428.66,-85.83,-85.83,0,10.97
750545,430,430.01,-86.47,-86.47,0,10.97
750550,430,430.32,-86.97,-86.97,0,10.97
750555,431,430.98,-87.31,-87.23,0,10.97
750560,432,431.7,-87.48,-87.23,0,10.97
750565,432,432.03,-87.46,-87.23,0,10.97
750570,434,434.28,-87.23,-87.23,0,10.97
750575,435,434.97,-86.76,-86.76,0,10.97
750580,435,434.73,-86.02,-86.02,0,10.97
750585,437,437.04,-84.99,-84.99,0,10.97
750590,437,437.25,-83.65,-83.65,0,10.97
750595,435,434.95,-81.95,-81.95,0,10.97
750600,437,436.76,-79.88,-79.88,0,10.97
750605,436,436.06,-77.39,-77.39,0,10.97
750610,437,437.23,-74.45,-74.45,0,10.97
750615,438,437.93,-71.04,-71.04,0,10.97
750620,438,437.78,-67.12,-67.12,0,10.97
750625,438,438.08,-62.67,-62.67,0,10.97
750630,439,439.21,-57.66,-57.66,0,10.97
750635,436,435.91,-52.06,-52.06,0,10.97
750640,438,437.8,-45.87,-45.87,0,10.97
750645,437,437.1,-39.06,-39.06,0,10.97
750650,438,438.19,-31.64,-31.64,0,10.97
750655,437,436.89,-23.61,-23.61,0,10.97
750660,440,439.82,-14.99,-14.99,0,10.97
750665,442,442.13,-5.78,-5.78,0,10.97
750670,447,447.18,3.96,3.96,0,10.97
750675,456,455.86,14.21,14.21,0,10.97
750680,463,462.83,24.89,24.89,0,10.97
750685,476,476.16,35.93,35.93,0,10.97
750690,495,495.17,47.26,47.26,0,10.97
750695,515,514.84,58.78,58.78,0,10.97
750700,537,536.83,70.39,70.39,0,10.97
750705,562,562.17,81.96,81.96,0,10.97
750710,586,586.17,93.39,93.39,0,10.97
750715,613,612.83,104.55,104.55,0,10.97
750720,632,631.83,115.32,115.32,0,10.97
750725,657,657.18,125.57,125.57,0,10.97
750730,678,678.17,135.2,135.2,0,10.97
750735,696,695.82,144.09,144.09,0,10.97
750740,711,710.82,152.13,152.13,0,10.97
750745,723,723.18,159.25,159.25,0,10.97
750750,733,733.19,165.37,165.37,0,10.97
750755,740,739.81,170.41,170.41,0,10.97
750760,741,740.79,174.35,174.35,0,10.97
750765,742,742.18,177.14,177.14,0,10.97
750770,738,738.21,178.76,177.14,0,10.97
750775,735,734.81,179.23,177.14,0,10.97
750780,727,726.77,178.54,177.14,0,10.97
750785,721,721.19,176.73,176.73,0,10.97
750790,703,703.23,173.84,173.84,0,10.97
750795,699,698.81,169.92,169.92,0,10.97
750800,687,686.76,165.03,165.03,0,10.97
750805,674,674.19,159.23,159.23,0,10.97
750810,662,662.23,152.61,152.61,0,10.97
750815,650,649.8,145.24,145.24,0,10.97
750820,638,637.77,137.21,137.21,0,10.97
750825,624,624.2,128.62,128.62,0,10.97
750830,609,609.22,119.55,119.55,0,10.97
750835,599,598.8,110.09,110.09,0,10.97
750840,589,588.79,100.34,100.34,0,10.97
750845,577,577.21,90.39,90.39,0,10.97
750850,565,565.19,80.32,80.32,0,10.97
750855,555,554.79,70.22,70.22,0,10.97
750860,544,543.82,60.18,60.18,0,10.97
750865,535,535.22,50.26,50.26,0,10.97
750870,526,526.16,40.55,40.55,0,10.97
750875,515,514.77,31.11,31.11,0,10.97
750880,506,505.85,22.0,22.0,0,10.97
750885,497,497.24,13.29,13.29,0,10.97
750890,487,487.14,5.03,5.03,0,10.97
750895,479,478.75,-2.75,-2.75,0,10.97
750900,472,471.87,-10.0,-10.0,0,10.97
750905,465,465.26,-16.68,-16.68,0,10.97
750910,459,459.12,-22.78,-22.78,0,10.97
750915,452,451.73,-28.27,-28.27,0,10.97
750920,447,446.89,-33.16,-33.16,0,10.97
750925,443,443.29,-37.42,-37.42,0,10.97
750930,447,447.1,-41.07,-41.07,0,10.97
750935,440,439.69,-44.12,-44.12,0,10.97
750940,438,437.89,-46.59,-46.59,0,10.97
750945,440,440.32,-48.49,-48.49,0,10.97
750950,447,447.12,-49.87,-49.87,0,10.97
750955,444,443.66,-50.76,-50.76,0,10.97
750960,448,447.86,-51.19,-50.76,0,10.97
750965,451,451.36,-51.21,-50.76,0,10.97
750970,454,454.17,-50.87,-50.76,0,10.97
750975,457,456.62,-50.21,-50.21,0,10.97
750980,464,463.81,-49.29,-49.29,0,10.97
750985,467,467.4,-48.15,-48.15,0,10.97
750990,472,472.22,-46.85,-46.85,0,10.97
750995,475,474.58,-45.44,-45.44,0,10.97
751000,478,477.76,-43.96,-43.96,0,10.97
751005,481,481.45,-42.46,-42.46,0,10.97
751010,482,482.27,-40.97,-40.97,0,10.97
751015,485,484.52,-39.55,-39.55,0,10.97
751020,485,484.71,-38.22,-38.22,0,10.97
751025,484,484.5,-37.01,-37.01,0,10.97
751030,485,485.31,-35.96,-35.96,0,10.97
751035,505,504.48,-35.08,-35.08,0,10.97
751040,484,483.66,-34.39,-34.39,0,10.97
751045,483,483.5,-33.91,-33.91,0,10.97
751050,482,482.37,-33.64,-33.91,0,10.97
751055,479,478.52,-33.59,-33.91,0,10.97
751060,477,476.61,-33.76,-33.91,0,10.97
751065,477,477.45,-34.14,-34.14,0,10.97
751070,472,472.42,-34.73,-34.73,0,10.97
751075,472,471.57,-35.53,-35.53,0,10.97
751080,467,466.54,-36.53,-36.53,0,10.97
751085,464,464.41,-37.7,-37.7,0,10.97
751090,463,463.49,-39.05,-39.05,0,10.97
751095,459,458.61,-40.55,-40.55,0,10.97
751100,456,455.48,-42.2,-42.2,0,10.97
751105,454,454.37,-43.97,-43.97,0,10.97
751110,449,449.56,-45.85,-45.85,0,10.97
751115,449,448.65,-47.82,-47.82,0,10.97
751120,448,447.4,-49.87,-49.87,0,10.97
751125,446,446.33,-51.99,-51.99,0,10.97
751130,443,443.63,-54.16,-54.16,0,10.97
751135,443,442.69,-56.36,-56.36,0,10.97
751140,460,459.35,-58.58,-58.58,0,10.97
751145,441,441.29,-60.8,-60.8,0,10.97
751150,438,438.65,-63.01,-63.01,0,10.97
751155,438,437.72,-65.2,-65.2,0,10.97
751160,439,438.37,-67.34,-67.34,0,10.97
751165,438,438.27,-69.42,-69.42,0,10.97
751170,438,438.61,-71.43,-71.43,0,10.97
751175,437,436.74,-73.34,-73.34,0,10.97
751180,438,437.4,-75.13,-75.13,0,10.97
751185,439,439.25,-76.8,-76.8,0,10.97
751190,436,436.58,-78.31,-78.31,0,10.97
751195,436,435.75,-79.66,-79.66,0,10.97
751200,437,436.44,-80.8,-80.8,0,10.97
751205,437,437.25,-81.73,-81.73,0,10.97
751210,437,437.55,-82.42,-82.42,0,10.97
751215,438,437.75,-82.84,-82.42,0,10.97
751220,439,438.47,-82.96,-82.42,0,10.97
751225,437,437.25,-82.76,-82.42,0,10.97
751230,438,438.51,-82.21,-82.21,0,10.97
751235,439,438.75,-81.28,-81.28,0,10.97
751240,439,438.5,-79.93,-79.93,0,10.97
751245,440,440.25,-78.15,-78.15,0,10.97
751250,438,438.48,-75.89,-75.89,0,10.97
751255,439,438.75,-73.14,-73.14,0,10.97
751260,440,439.54,-69.86,-69.86,0,10.97
751265,438,438.25,-66.02,-66.02,0,10.97
751270,438,438.44,-61.6,-61.6,0,10.97
751275,439,438.74,-56.59,-56.59,0,10.97
751280,436,435.57,-50.97,-50.97,0,10.97
751285,433,433.25,-44.73,-44.73,0,10.97
751290,437,437.41,-37.86,-37.86,0,10.97
751295,438,437.76,-30.38,-30.38,0,10.97
751300,438,437.6,-22.29,-22.29,0,10.97
751305,442,442.23,-13.62,-13.62,0,10.97
751310,443,443.39,-4.41,-4.41,0,10.97
751315,452,451.78,5.31,5.31,0,10.97
751320,461,460.63,15.47,15.47,0,10.97
751325,472,472.21,26.0,26.0,0,10.97
751330,489,489.36,36.82,36.82,0,10.97
751335,506,505.8,47.84,47.84,0,10.97
751340,528,527.65,58.96,58.96,0,10.97
751345,550,550.19,70.05,70.05,0,10.97
751350,573,573.34,81.02,81.02,0,10.97
751355,599,598.82,91.73,91.73,0,10.97
751360,622,621.68,102.07,102.07,0,10.97
751365,645,645.17,111.9,111.9,0,10.97
751370,667,667.31,121.12,121.12,0,10.97
751375,683,682.84,129.62,129.62,0,10.97
751380,699,698.7,137.29,137.29,0,10.97
751385,711,711.15,144.04,144.04,0,10.97
751390,719,719.29,149.8,149.8,0,10.97
751395,728,727.85,154.5,154.5,0,10.97
751400,729,728.71,158.1,158.1,0,10.97
751405,731,731.13,160.56,160.56,0,10.97
751410,726,726.28,161.86,160.56,0,10.97
751415,723,722.87,162.0,160.56,0,10.97
751420,715,714.73,161.0,160.56,0,10.97
751425,706,706.12,158.88,158.88,0,10.97
751430,694,694.26,155.67,155.67,0,10.97
751435,687,686.89,151.44,151.44,0,10.97
751440,675,674.76,146.24,146.24,0,10.97
751445,662,662.09,140.14,140.14,0,10.97
751450,653,653.23,133.22,133.22,0,10.97
751455,634,633.92,125.57,125.57,0,10.97
751460,624,623.78,117.26,117.26,0,10.97
751465,614,614.08,108.4,108.4,0,10.97
751470,597,597.21,99.09,99.09,0,10.97
751475,585,584.92,89.41,89.41,0,10.97
751480,573,572.8,79.46,79.46,0,10.97
751485,559,559.08,69.34,69.34,0,10.97
751490,550,550.2,59.14,59.14,0,10.97
751495,538,537.92,48.95,48.95,0,10.97
751500,528,527.81,38.85,38.85,0,10.97
751505,517,517.08,28.94,28.94,0,10.97
751510,506,506.18,19.29,19.29,0,10.97
751515,494,493.92,9.97,9.97,0,10.97
751520,485,484.82,1.05,1.05,0,10.97
751525,474,474.09,-7.42,-7.42,0,10.97
751530,470,470.17,-15.38,-15.38,0,10.97
751535,460,459.91,-22.78,-22.78,0,10.97
751540,451,450.83,-29.59,-29.59,0,10.97
751545,442,442.08,-35.77,-35.77,0,10.97
751550,440,440.18,-41.31,-41.31,0,10.97
751555,436,435.93,-46.18,-46.18,0,10.97
751560,439,438.82,-50.4,-50.4,0,10.97
751565,430,430.06,-53.95,-53.95,0,10.97
751570,427,427.17,-56.85,-56.85,0,10.97
751575,430,429.95,-59.12,-59.12,0,10.97
751580,431,430.84,-60.78,-60.78,0,10.97
751585,433,433.04,-61.86,-61.86,0,10.97
751590,436,436.14,-62.41,-61.86,0,10.97
751595,436,435.97,-62.46,-61.86,0,10.97
751600,445,444.88,-62.07,-61.86,0,10.97
751605,450,450.02,-61.28,-61.28,0,10.97
751610,454,454.1,-60.16,-60.16,0,10.97
751615,460,459.98,-58.75,-58.75,0,10.97
751620,464,463.91,-57.11,-57.11,0,10.97
751625,468,468.02,-55.29,-55.29,0,10.97
751630,472,472.07,-53.36,-53.36,0,10.97
751635,477,476.98,-51.37,-51.37,0,10.97
751640,480,479.95,-49.36,-49.36,0,10.97
751645,483,483.01,-47.39,-47.39,0,10.97
751650,486,486.03,-45.49,-45.49,0,10.97
751655,488,487.99,-43.71,-43.71,0,10.97
751660,489,488.99,-42.09,-42.09,0,10.97
751665,490,490.0,-40.65,-40.65,0,10.97
751670,486,485.98,-39.41,-39.41,0,10.97
751675,489,489.01,-38.41,-38.41,0,10.97
751680,489,489.04,-37.66,-37.66,0,10.97
751685,487,486.99,-37.17,-37.32,0,10.97
751690,485,484.93,-36.95,-37.32,0,10.97
751695,482,482.01,-37.0,-37.32,0,10.97
751700,482,482.11,-37.32,-37.32,0,10.97
751705,478,477.98,-37.91,-37.91,0,10.97
751710,477,476.86,-38.76,-38.76,0,10.97
751715,472,472.02,-39.86,-39.86,0,10.97
751720,468,468.17,-41.2,-41.2,0,10.97
751725,468,467.98,-42.77,-42.77,0,10.97
751730,467,466.8,-44.53,-44.53,0,10.97
751736,462,462.02,-46.49,-46.49,0,10.97
751740,462,462.23,-48.61,-48.61,0,10.97
751745,458,457.99,-50.88,-50.88,0,10.97
751750,454,453.75,-53.27,-53.27,0,10.97
751755,452,452.01,-55.76,-55.76,0,10.97
751760,447,447.28,-58.33,-58.33,0,10.97
751765,447,446.99,-60.94,-60.94,0,10.97
751770,445,444.69,-63.59,-63.59,0,10.97
751775,445,445.0,-66.23,-66.23,0,10.97
751780,443,443.34,-68.84,-68.84,0,10.97
751785,445,445.0,-71.41,-71.41,0,10.97
751790,441,440.64,-73.9,-73.9,0,10.97
751795,442,441.99,-76.28,-76.28,0,10.97
751800,440,440.39,-78.53,-78.53,0,10.97
751805,439,439.01,-80.62,-80.62,0,10.97
751810,440,439.58,-82.53,-82.53,0,10.97
751815,439,438.98,-84.21,-84.21,0,10.97
751820,439,439.45,-85.64,-85.64,0,10.97
751825,439,439.02,-86.79,-86.79,0,10.97
751830,439,438.52,-87.62,-87.62,0,10.97
751835,442,441.98,-88.11,-87.62,0,10.97
751840,438,438.52,-88.22,-87.62,0,10.97
751845,440,440.02,-87.9,-87.62,0,10.97
751850,439,438.45,-87.14,-87.14,0,10.97
751855,438,437.98,-85.89,-85.89,0,10.97
751860,438,438.58,-84.11,-84.11,0,10.97
751865,438,438.02,-81.78,-81.78,0,10.97
751870,440,439.39,-78.87,-78.87,0,10.97
751875,438,437.98,-75.33,-75.33,0,10.97
751880,437,437.64,-71.15,-71.15,0,10.97
751885,437,437.02,-66.29,-66.29,0,10.97
751890,440,439.33,-60.75,-60.75,0,10.97
751895,437,436.98,-54.51,-54.51,0,10.97
751900,436,436.69,-47.56,-47.56,0,10.97
751905,437,437.02,-39.9,-39.9,0,10.97
751910,439,438.29,-31.53,-31.53,0,10.97
751915,441,440.98,-22.49,-22.49,0,10.97
751920,442,442.74,-12.8,-12.8,0,10.97
751925,447,447.01,-2.5,-2.5,0,10.97
751930,456,455.24,8.36,8.36,0,10.97
751935,468,468.0,19.7,19.7,0,10.97
751940,480,480.78,31.44,31.44,0,10.97
751945,498,497.99,43.5,43.5,0,10.97
751950,524,523.2,55.76,55.76,0,10.97
751955,547,547.02,68.11,68.11,0,10.97
751960,572,572.82,80.42,80.42,0,10.97
751965,601,600.96,92.56,92.56,0,10.97
751970,629,628.17,104.41,104.41,0,10.97
751975,651,651.05,115.81,115.81,0,10.97
751980,676,676.85,126.66,126.66,0,10.97
751985,697,696.93,136.82,136.82,0,10.97
751990,715,714.13,146.17,146.17,0,10.97
751995,729,729.08,154.61,154.61,0,10.97
752000,743,743.88,162.05,162.05,0,10.97
752005,751,750.91,168.4,168.4,0,10.97
752010,757,756.09,173.61,173.61,0,10.97
752015,760,760.1,177.63,177.63,0,10.97
752020,760,760.93,180.42,180.42,0,10.97
752025,756,755.89,181.97,180.42,0,10.97
752030,751,750.04,182.29,180.42,0,10.97
752035,743,743.12,181.38,180.42,0,10.97
752040,736,736.99,179.28,179.28,0,10.97
752045,726,725.87,176.04,176.04,0,10.97
752050,712,710.97,171.7,171.7,0,10.97
752055,699,699.14,166.34,166.34,0,10.97
752060,687,688.07,160.04,160.04,0,10.97
752065,673,672.86,152.87,152.87,0,10.97
752070,660,658.88,144.92,144.92,0,10.97
752075,646,646.15,136.29,136.29,0,10.97
752080,634,635.17,127.08,127.08,0,10.97
752085,620,619.85,117.38,117.38,0,10.97
752090,606,604.78,107.29,107.29,0,10.97
752095,594,594.15,96.91,96.91,0,10.97
752100,558,559.26,86.33,86.33,0,10.97
752105,573,572.84,75.66,75.66,0,10.97
752110,563,561.72,64.97,64.97,0,10.97
752115,550,550.16,54.34,54.34,0,10.97
752120,541,542.27,43.87,43.87,0,10.97
752125,533,532.85,33.62,33.62,0,10.97
752130,520,518.73,23.66,23.66,0,10.97
752135,510,510.15,14.06,14.06,0,10.97
752140,499,500.27,4.88,4.88,0,10.97
752145,490,489.86,-3.84,-3.84,0,10.97
752150,500,498.74,-12.04,-12.04,0,10.97
752155,472,472.13,-19.7,-19.7,0,10.97
752160,465,466.23,-26.76,-26.76,0,10.97
752165,460,459.88,-33.21,-33.21,0,10.97
752170,453,451.81,-39.04,-39.04,0,10.97
752175,447,447.11,-44.21,-44.21,0,10.97
752180,445,446.15,-48.75,-48.75,0,10.97
752185,442,441.9,-52.64,-52.64,0,10.97
752190,441,439.88,-55.9,-55.9,0,10.97
752195,440,440.08,-58.55,-58.55,0,10.97
752200,440,441.08,-60.61,-60.61,0,10.97
752205,441,440.93,-62.12,-62.12,0,10.97
752210,446,444.95,-63.11,-63.11,0,10.97
752215,449,449.06,-63.63,-63.11,0,10.97
752220,451,452.02,-63.72,-63.11,0,10.97
752225,454,453.95,-63.42,-63.11,0,10.97
752230,464,463.01,-62.8,-62.8,0,10.97
752235,463,463.04,-61.9,-61.9,0,10.97
752240,468,468.95,-60.78,-60.78,0,10.97
752245,470,469.96,-59.48,-59.48,0,10.97
752250,474,473.09,-58.06,-58.06,0,10.97
752255,479,479.04,-56.58,-56.58,0,10.97
752260,481,481.88,-55.07,-55.07,0,10.97
752265,482,481.96,-53.58,-53.58,0,10.97
752270,485,484.15,-52.15,-52.15,0,10.97
752275,487,487.04,-50.82,-50.82,0,10.97
752280,485,485.82,-49.62,-49.62,0,10.97
752285,487,486.95,-48.58,-48.58,0,10.97
752290,487,486.2,-47.72,-47.72,0,10.97
752295,485,485.05,-47.07,-47.07,0,10.97
752300,487,487.77,-46.64,-46.76,0,10.97
752305,483,482.94,-46.44,-46.76,0,10.97
752310,481,480.25,-46.48,-46.76,0,10.97
752315,479,479.06,-46.76,-46.76,0,10.97
752320,477,477.73,-47.28,-47.28,0,10.97
752325,473,472.93,-48.04,-48.04,0,10.97
752330,472,471.28,-49.03,-49.03,0,10.97
752335,469,469.08,-50.24,-50.24,0,10.97
752340,466,466.7,-51.67,-51.67,0,10.97
752345,463,462.91,-53.29,-53.29,0,10.97
752350,460,459.31,-55.09,-55.09,0,10.97
752355,458,458.1,-57.06,-57.06,0,10.97
752360,455,455.68,-59.17,-59.17,0,10.97
752365,458,457.9,-61.41,-61.41,0,10.97
752370,453,452.33,-63.76,-63.76,0,10.97
752375,451,451.11,-66.2,-66.2,0,10.97
752380,446,446.66,-68.69,-68.69,0,10.97
752385,447,446.89,-71.23,-71.23,0,10.97
752390,447,446.35,-73.78,-73.78,0,10.97
752395,445,445.11,-76.32,-76.32,0,10.97
752400,442,442.63,-78.82,-78.82,0,10.97
752405,441,440.89,-81.27,-81.27,0,10.97
752410,442,441.39,-83.62,-83.62,0,10.97
752415,440,440.12,-85.85,-85.85,0,10.97
752420,440,440.6,-87.93,-87.93,0,10.97
752425,438,437.87,-89.84,-89.84,0,10.97
752430,438,437.42,-91.53,-91.53,0,10.97
752435,438,438.14,-92.97,-92.97,0,10.97
752440,437,437.57,-94.14,-94.14,0,10.97
752445,439,438.85,-95.0,-95.0,0,10.97
752450,439,438.45,-95.5,-95.0,0,10.97
752455,438,438.15,-95.62,-95.0,0,10.97
752460,438,438.54,-95.32,-95.0,0,10.97
752465,437,436.84,-94.56,-94.56,0,10.97
752470,437,436.48,-93.3,-93.3,0,10.97
752475,436,436.17,-91.5,-91.5,0,10.97
752480,437,437.51,-89.13,-89.13,0,10.97
752485,437,436.82,-86.16,-86.16,0,10.97
752490,437,436.5,-82.55,-82.55,0,10.97
752495,437,437.19,-78.26,-78.26,0,10.97
752500,437,437.49,-73.29,-73.29,0,10.97
752505,437,436.8,-67.59,-67.59,0,10.97
752510,437,436.52,-61.17,-61.17,0,10.97
752515,436,436.2,-54.0,-54.0,0,10.97
752520,438,438.48,-46.09,-46.09,0,10.97
752525,438,437.79,-37.44,-37.44,0,10.97
752530,442,441.53,-28.08,-28.08,0,10.97
752535,442,442.22,-18.02,-18.02,0,10.97
752540,446,446.47,-7.32,-7.32,0,10.97
752545,457,456.78,3.99,3.99,0,10.97
752550,467,466.55,15.82,15.82,0,10.97
752555,481,481.23,28.11,28.11,0,10.97
752560,500,500.45,40.75,40.75,0,10.97
752565,522,521.77,53.64,53.64,0,10.97
752570,547,546.57,66.67,66.67,0,10.97
752575,574,574.23,79.7,79.7,0,10.97
752580,601,601.42,92.61,92.61,0,10.97
752585,631,630.76,105.26,105.26,0,10.97
752590,657,656.58,117.51,117.51,0,10.97
752595,680,680.23,129.23,129.23,0,10.97
752600,702,702.4,140.29,140.29,0,10.97
752605,720,719.76,150.57,150.57,0,10.97
752610,739,738.61,159.95,159.95,0,10.97
752615,750,750.24,168.34,168.34,0,10.97
752620,762,762.38,175.65,175.65,0,10.97
752625,767,766.76,181.81,181.81,0,10.97
752630,772,771.63,186.77,186.77,0,10.97
752635,773,773.25,190.48,190.48,0,10.97
752640,772,772.36,192.92,192.65,0,10.97
752645,767,766.74,194.09,192.65,0,10.97
752650,763,762.65,193.99,192.65,0,10.97
752655,752,752.26,192.65,192.65,0,10.97
752660,745,745.34,190.11,190.11,0,10.97
752665,731,730.73,186.42,186.42,0,10.97
752670,720,719.67,181.63,181.63,0,10.97
752675,707,707.28,175.81,175.81,0,10.97
752680,693,693.33,169.06,169.06,0,10.97
752685,683,682.71,161.44,161.44,0,10.97
752690,666,665.68,153.04,153.04,0,10.97
752695,652,652.29,143.97,143.97,0,10.97
752700,641,641.32,134.32,134.32,0,10.97
752705,630,629.71,124.18,124.18,0,10.97
752710,616,615.68,113.65,113.65,0,10.97
752715,603,603.29,102.82,102.82,0,10.97
752720,592,592.32,91.79,91.79,0,10.97
752725,581,580.72,80.66,80.66,0,10.97
752730,571,570.68,69.5,69.5,0,10.97
752735,556,556.28,58.4,58.4,0,10.97
752740,549,549.32,47.45,47.45,0,10.97
752745,538,537.74,36.71,36.71,0,10.97
752750,530,529.68,26.27,26.27,0,10.97
752755,517,517.25,16.18,16.18,0,10.97
752760,507,507.31,6.51,6.51,0,10.97
752765,497,496.76,-2.69,-2.69,0,10.97
752770,486,485.69,-11.37,-11.37,0,10.97
752775,477,477.23,-19.49,-19.49,0,10.97
752780,469,469.31,-27.01,-27.01,0,10.97
752785,462,461.79,-33.9,-33.9,0,10.97
752790,455,454.69,-40.15,-40.15,0,10.97
752795,447,447.2,-45.74,-45.74,0,10.97
752800,446,446.31,-50.66,-50.66,0,10.97
752805,441,440.82,-54.92,-54.92,0,10.97
752810,438,437.69,-58.53,-58.53,0,10.97
752815,439,439.16,-61.51,-61.51,0,10.97
752820,438,438.32,-63.88,-63.88,0,10.97
752825,441,440.86,-65.67,-65.67,0,10.97
752830,442,441.67,-66.92,-66.92,0,10.97
752835,444,444.13,-67.66,-67.36,0,10.97
752840,449,449.34,-67.95,-67.36,0,10.97
752845,454,453.89,-67.83,-67.36,0,10.97
752850,456,455.65,-67.36,-67.36,0,10.97
752855,458,458.08,-66.58,-66.58,0,10.97
752860,464,464.36,-65.56,-65.56,0,10.97
752865,471,470.95,-64.33,-64.33,0,10.97
752870,472,471.63,-62.96,-62.96,0,10.97
752875,474,474.01,-61.49,-61.49,0,10.97
752880,478,478.39,-59.98,-59.98,0,10.97
752885,479,479.03,-58.46,-58.46,0,10.97
752890,482,481.6,-56.98,-56.98,0,10.97
752895,484,483.93,-55.57,-55.57,0,10.97
752900,483,483.42,-54.27,-54.27,0,10.97
752905,483,483.11,-53.11,-53.11,0,10.97
752910,483,482.57,-52.11,-52.11,0,10.97
752915,482,481.86,-51.29,-51.29,0,10.97
752920,478,478.45,-50.68,-50.68,0,10.97
752925,479,479.18,-50.27,-50.37,0,10.97
752930,477,476.54,-50.08,-50.37,0,10.97
752935,476,475.79,-50.11,-50.37,0,10.97
752940,474,474.47,-50.37,-50.37,0,10.97
752945,471,471.25,-50.85,-50.85,0,10.97
752950,469,468.51,-51.55,-51.55,0,10.97
752955,467,466.72,-52.46,-52.46,0,10.97
752960,464,464.5,-53.57,-53.57,0,10.97
752965,462,462.32,-54.87,-54.87,0,10.97
752970,459,458.48,-56.35,-56.35,0,10.97
752975,459,458.65,-57.99,-57.99,0,10.97
752980,450,450.54,-59.78,-59.78,0,10.97
752985,447,447.38,-61.7,-61.7,0,10.97
752990,450,449.45,-63.73,-63.73,0,10.97
752995,449,448.6,-65.85,-65.85,0,10.97
753000,431,431.55,-68.05,-68.05,0,10.97
753005,442,442.42,-70.31,-70.31,0,10.97
753010,443,442.47,-72.61,-72.61,0,10.97
753015,441,440.57,-74.93,-74.93,0,10.97
753020,441,441.5,-77.25,-77.25,0,10.97
753025,442,442.45,-79.57,-79.57,0,10.97
753030,439,438.52,-81.84,-81.84,0,10.97
753035,437,436.53,-84.07,-84.07,0,10.97
753040,437,437.45,-86.22,-86.22,0,10.97
753045,435,435.49,-88.28,-88.28,0,10.97
753050,436,435.57,-90.21,-90.21,0,10.97
753055,435,434.48,-92.01,-92.01,0,10.97
753060,435,435.41,-93.63,-93.63,0,10.97
753065,436,436.54,-95.05,-95.05,0,10.97
753070,437,436.62,-96.25,-96.25,0,10.97
753075,439,438.43,-97.2,-97.2,0,10.97
753080,436,436.36,-97.86,-97.78,0,10.97
753085,434,434.59,-98.2,-97.78,0,10.97
753090,436,435.67,-98.18,-97.78,0,10.97
753095,436,435.39,-97.78,-97.78,0,10.97
753100,435,435.31,-96.94,-96.94,0,10.97
753105,437,437.63,-95.65,-95.65,0,10.97
753110,438,437.72,-93.85,-93.85,0,10.97
753115,437,436.34,-91.51,-91.51,0,10.97
753120,436,436.25,-88.59,-88.59,0,10.97
753125,435,435.68,-85.06,-85.06,0,10.97
753130,436,435.78,-80.88,-80.88,0,10.97
753135,436,435.3,-76.03,-76.03,0,10.97
753140,435,435.19,-70.48,-70.48,0,10.97
753145,436,436.73,-64.2,-64.2,0,10.97
753150,435,434.84,-57.18,-57.18,0,10.97
753155,436,435.25,-49.41,-49.41,0,10.97
753160,441,441.14,-40.89,-40.89,0,10.97
753165,413,413.76,-31.63,-31.63,0,10.97
753170,438,437.88,-21.64,-21.64,0,10.97
753175,444,443.26,-10.97,-10.97,0,10.97
753180,451,451.11,0.34,0.34,0,10.97
753185,460,460.71,12.23,12.23,0,10.97
753190,473,472.9,24.63,24.63,0,10.97
753195,489,488.33,37.44,37.44,0,10.97
753200,510,510.1,50.58,50.58,0,10.97
753205,534,534.65,63.91,63.91,0,10.97
753210,561,560.92,77.33,77.33,0,10.97
753215,586,585.38,90.69,90.69,0,10.97
753220,618,618.08,103.87,103.87,0,10.97
753225,645,645.6,116.72,116.72,0,10.97
753230,672,671.93,129.1,129.1,0,10.97
753235,697,696.42,140.88,140.88,0,10.97
753240,719,719.06,151.92,151.92,0,10.97
753245,736,736.56,162.12,162.12,0,10.97
753250,753,752.94,171.36,171.36,0,10.97
753255,766,765.45,179.54,179.54,0,10.97
753260,773,773.05,186.6,186.6,0,10.97
753265,779,779.52,192.45,192.45,0,10.97
753270,781,780.95,197.07,197.07,0,10.97
753275,780,779.49,200.41,200.41,0,10.97
753280,775,775.03,202.47,201.04,0,10.97
753285,770,770.49,203.25,201.04,0,10.97
753290,763,762.97,202.76,201.04,0,10.97
753295,753,752.53,201.04,201.04,0,10.97
753300,742,742.01,198.14,198.14,0,10.97
753305,732,732.45,194.1,194.1,0,10.97
753310,713,712.99,189.01,189.01,0,10.97
753315,706,705.56,182.92,182.92,0,10.97
753320,691,691.0,175.92,175.92,0,10.97
753325,681,681.43,168.11,168.11,0,10.97
753330,667,667.0,159.56,159.56,0,10.97
753335,654,653.58,150.37,150.37,0,10.97
753340,641,641.0,140.65,140.65,0,10.97
753345,625,625.42,130.47,130.47,0,10.97
753350,617,617.01,119.94,119.94,0,10.97
753355,606,605.6,109.14,109.14,0,10.97
753360,595,594.99,98.17,98.17,0,10.97
753365,584,584.39,87.12,87.12,0,10.97
753370,574,574.01,76.06,76.06,0,10.97
753375,564,563.63,65.09,65.09,0,10.97
753380,552,551.98,54.26,54.26,0,10.97
753385,544,544.36,43.67,43.67,0,10.97
753390,530,530.02,33.36,33.36,0,10.97
753395,523,522.65,23.41,23.41,0,10.97
753400,512,511.97,13.87,13.87,0,10.97
753405,502,502.34,4.79,4.79,0,10.97
753410,495,495.03,-3.79,-3.79,0,10.97
753415,482,481.67,-11.82,-11.82,0,10.97
753420,470,469.96,-19.27,-19.27,0,10.97
753425,467,467.32,-26.12,-26.12,0,10.97
753430,460,460.05,-32.35,-32.35,0,10.97
753435,459,458.69,-37.96,-37.96,0,10.97
753440,451,450.93,-42.93,-42.93,0,10.97
753445,447,447.3,-47.27,-47.27,0,10.97
753450,445,445.09,-50.99,-50.99,0,10.97
753455,445,444.72,-54.11,-54.11,0,10.97
753460,446,445.89,-56.66,-56.66,0,10.97
753465,446,446.26,-58.66,-58.66,0,10.97
753470,447,447.13,-60.15,-60.15,0,10.97
753475,448,447.75,-61.17,-61.17,0,10.97
753480,451,450.86,-61.76,-61.41,0,10.97
753485,457,457.24,-61.96,-61.41,0,10.97
753490,459,459.16,-61.83,-61.41,0,10.97
753495,467,466.77,-61.41,-61.41,0,10.97
753500,471,470.83,-60.75,-60.75,0,10.97
753505,469,469.21,-59.91,-59.91,0,10.97
753510,473,473.18,-58.93,-58.93,0,10.97
753515,476,475.8,-57.85,-57.85,0,10.97
753520,478,477.81,-56.72,-56.72,0,10.97
753525,480,480.18,-55.57,-55.57,0,10.97
753530,482,482.2,-54.45,-54.45,0,10.97
753535,481,480.84,-53.38,-53.38,0,10.97
753540,480,479.79,-52.39,-52.39,0,10.97
753545,482,482.14,-51.52,-51.52,0,10.97
753550,482,482.22,-50.77,-50.77,0,10.97
753555,481,480.87,-50.16,-50.16,0,10.97
753560,479,478.76,-49.72,-49.72,0,10.97
753565,479,479.12,-49.43,-49.62,0,10.97
753570,476,476.26,-49.32,-49.62,0,10.97
753575,473,472.9,-49.38,-49.62,0,10.97
753580,471,470.72,-49.62,-49.62,0,10.97
753585,469,469.09,-50.01,-50.01,0,10.97
753590,466,466.31,-50.57,-50.57,0,10.97
753595,463,462.91,-51.27,-51.27,0,10.97
753600,462,461.67,-52.12,-52.12,0,10.97
753605,457,457.08,-53.09,-53.09,0,10.97
753610,452,452.35,-54.18,-54.18,0,10.97
753615,452,451.93,-55.37,-55.37,0,10.97
753620,453,452.64,-56.65,-56.65,0,10.97
753625,448,448.06,-58.0,-58.0,0,10.97
753630,447,447.37,-59.43,-59.43,0,10.97
753635,444,443.95,-60.9,-60.9,0,10.97
753640,443,442.62,-62.41,-62.41,0,10.97
753645,441,441.05,-63.96,-63.96,0,10.97
753650,439,439.39,-65.53,-65.53,0,10.97
753655,439,438.96,-67.1,-67.1,0,10.97
753660,443,442.6,-68.69,-68.69,0,10.97
753665,437,437.03,-70.26,-70.26,0,10.97
753670,436,436.39,-71.83,-71.83,0,10.97
753675,436,435.98,-73.39,-73.39,0,10.97
753680,433,432.61,-74.92,-74.92,0,10.97
753685,434,434.02,-76.43,-76.43,0,10.97
753690,432,432.39,-77.91,-77.91,0,10.97
753695,432,431.99,-79.35,-79.35,0,10.97
753700,433,432.61,-80.76,-80.76,0,10.97
753705,432,432.0,-82.12,-82.12,0,10.97
753710,430,430.39,-83.45,-83.45,0,10.97
753715,430,430.0,-84.72,-84.72,0,10.97
753720,433,432.62,-85.94,-85.94,0,10.97
753725,432,431.99,-87.11,-87.11,0,10.97
753730,429,429.38,-88.21,-88.21,0,10.97
753735,431,431.01,-89.25,-89.25,0,10.97
753740,433,432.64,-90.21,-90.21,0,10.97
753745,433,432.99,-91.09,-91.09,0,10.97
753750,434,434.35,-91.87,-91.87,0,10.97
753755,436,436.01,-92.55,-92.55,0,10.97
753760,436,435.67,-93.11,-93.11,0,10.97
753765,436,435.99,-93.54,-93.54,0,10.97
753770,437,437.32,-93.81,-93.54,0,10.97
753775,440,440.01,-93.91,-93.54,0,10.97
753780,441,440.7,-93.82,-93.54,0,10.97
753785,442,441.98,-93.51,-93.51,0,10.97
753790,441,441.29,-92.96,-92.96,0,10.97
753795,441,441.02,-92.12,-92.12,0,10.97
753800,443,442.73,-90.98,-90.98,0,10.97
753805,444,443.98,-89.5,-89.5,0,10.97
753810,443,443.25,-87.65,-87.65,0,10.97
753815,445,445.02,-85.38,-85.38,0,10.97
753820,444,443.77,-82.66,-82.66,0,10.97
753825,445,444.98,-79.46,-79.46,0,10.97
753830,444,444.21,-75.74,-75.74,0,10.97
753835,449,449.03,-71.46,-71.46,0,10.97
753840,446,445.8,-66.6,-66.6,0,10.97
753845,445,444.96,-61.12,-61.12,0,10.97
753850,444,444.17,-54.99,-54.99,0,10.97
753855,446,446.05,-48.2,-48.2,0,10.97
753860,445,444.85,-40.73,-40.73,0,10.97
753865,445,444.94,-32.58,-32.58,0,10.97
753870,451,451.13,-23.74,-23.74,0,10.97
753875,448,448.08,-14.23,-14.23,0,10.97
753880,450,449.88,-4.07,-4.07,0,10.97
753885,454,453.91,6.7,6.7,0,10.97
753890,463,463.11,18.04,18.04,0,10.97
753895,473,473.12,29.89,29.89,0,10.97
753900,490,489.9,42.16,42.16,0,10.97
753905,505,504.87,54.78,54.78,0,10.97
753910,528,528.1,67.63,67.63,0,10.97
753915,554,554.16,80.61,80.61,0,10.97
753920,581,580.92,93.59,93.59,0,10.97
753925,609,608.82,106.43,106.43,0,10.97
753930,639,639.07,119.02,119.02,0,10.97
753935,666,666.21,131.2,131.2,0,10.97
753940,692,691.94,142.85,142.85,0,10.97
753945,715,714.76,153.83,153.83,0,10.97
753950,734,734.05,164.03,164.03,0,10.97
753955,751,751.27,173.34,173.34,0,10.97
753960,764,763.96,181.66,181.66,0,10.97
753965,775,774.7,188.9,188.9,0,10.97
753970,779,779.02,195.0,195.0,0,10.97
753975,783,783.32,199.9,199.9,0,10.97
753980,783,782.99,203.58,203.58,0,10.97
753985,780,779.65,206.0,205.81,0,10.97
753990,777,776.99,207.17,205.81,0,10.97
753995,764,764.37,207.1,205.81,0,10.97
754000,759,759.01,205.81,205.81,0,10.97
754005,748,747.6,203.35,203.35,0,10.97
754010,736,735.97,199.76,199.76,0,10.97
754015,722,722.42,195.1,195.1,0,10.97
754020,714,714.04,189.45,189.45,0,10.97
754025,701,700.57,182.88,182.88,0,10.97
754030,691,690.95,175.46,175.46,0,10.97
754035,674,674.44,167.3,167.3,0,10.97
754040,661,661.06,158.46,158.46,0,10.97
754045,650,649.54,149.06,149.06,0,10.97
754050,639,638.94,139.17,139.17,0,10.97
754055,630,630.47,128.89,128.89,0,10.97
754060,614,614.07,118.3,118.3,0,10.97
754065,605,604.51,107.5,107.5,0,10.97
754070,595,594.94,96.58,96.58,0,10.97
754075,587,587.52,85.61,85.61,0,10.97
754080,575,575.06,74.67,74.67,0,10.97
754085,582,581.46,63.84,63.84,0,10.97
754090,553,552.94,53.2,53.2,0,10.97
754095,542,542.54,42.81,42.81,0,10.97
754100,531,531.06,32.75,32.75,0,10.97
754105,521,520.48,23.06,23.06,0,10.97
754110,510,509.94,13.82,13.82,0,10.97
754115,498,498.51,5.06,5.06,0,10.97
754120,490,490.05,-3.17,-3.17,0,10.97
754125,476,475.51,-10.83,-10.83,0,10.97
754130,471,470.95,-17.89,-17.89,0,10.97
754135,465,465.49,-24.34,-24.34,0,10.97
754140,459,459.06,-30.15,-30.15,0,10.97
754145,465,464.52,-35.32,-35.32,0,10.97
754150,451,450.94,-39.86,-39.86,0,10.97
754155,449,449.46,-43.78,-43.78,0,10.97
754160,447,447.06,-47.08,-47.08,0,10.97
754165,446,445.57,-49.8,-49.8,0,10.97
754170,451,450.94,-51.95,-51.95,0,10.97
754175,453,453.41,-53.59,-53.59,0,10.97
754180,455,455.06,-54.74,-54.74,0,10.97
754185,458,457.61,-55.45,-55.45,0,10.97
754190,460,459.94,-55.78,-55.45,0,10.97
754195,464,464.37,-55.76,-55.45,0,10.97
754200,468,468.06,-55.45,-55.45,0,10.97
754205,473,472.65,-54.91,-54.91,0,10.97
754210,477,476.94,-54.18,-54.18,0,10.97
754215,480,480.34,-53.31,-53.31,0,10.97
754220,482,482.05,-52.35,-52.35,0,10.97
754225,484,483.68,-51.35,-51.35,0,10.97
754230,487,486.95,-50.36,-50.36,0,10.97
754235,491,491.31,-49.4,-49.4,0,10.97
754240,489,489.05,-48.51,-48.51,0,10.97
754245,487,486.69,-47.72,-47.72,0,10.97
754250,490,489.96,-47.07,-47.07,0,10.97
754255,487,487.31,-46.56,-46.56,0,10.97
754260,485,485.04,-46.21,-46.27,0,10.97
754265,483,482.69,-46.05,-46.27,0,10.97
754270,482,481.97,-46.06,-46.27,0,10.97
754275,469,469.31,-46.27,-46.27,0,10.97
754280,477,477.02,-46.66,-46.66,0,10.97
754285,472,471.7,-47.24,-47.24,0,10.97
754290,469,468.99,-48.0,-48.0,0,10.97
754295,468,468.28,-48.94,-48.94,0,10.97
754300,465,465.0,-50.04,-50.04,0,10.97
754305,462,461.74,-51.29,-51.29,0,10.97
754310,458,458.0,-52.69,-52.69,0,10.97
754315,456,456.25,-54.21,-54.21,0,10.97
754320,453,453.0,-55.85,-55.85,0,10.97
754325,447,446.76,-57.59,-57.59,0,10.97
754330,449,449.01,-59.42,-59.42,0,10.97
754335,446,446.23,-61.31,-61.31,0,10.97
754340,445,444.99,-63.26,-63.26,0,10.97
754345,443,442.77,-65.25,-65.25,0,10.97
754350,442,442.01,-67.27,-67.27,0,10.97
754355,441,441.23,-69.29,-69.29,0,10.97
754360,439,438.99,-71.32,-71.32,0,10.97
754365,439,438.77,-73.33,-73.33,0,10.97
754370,438,438.02,-75.31,-75.31,0,10.97
754375,438,438.23,-77.25,-77.25,0,10.97
754380,436,435.97,-79.13,-79.13,0,10.97
754385,435,434.77,-80.94,-80.94,0,10.97
754390,438,438.03,-82.66,-82.66,0,10.97
754395,434,434.23,-84.28,-84.28,0,10.97
754400,437,436.96,-85.78,-85.78,0,10.97
754405,438,437.77,-87.14,-87.14,0,10.97
754410,437,437.06,-88.36,-88.36,0,10.97
754415,437,437.23,-89.4,-89.4,0,10.97
754420,439,438.93,-90.24,-90.24,0,10.97
754425,440,439.77,-90.87,-90.87,0,10.97
754430,439,439.07,-91.27,-90.87,0,10.97
754435,442,442.22,-91.4,-90.87,0,10.97
754440,441,440.92,-91.23,-90.87,0,10.97
754445,441,440.78,-90.75,-90.75,0,10.97
754450,439,439.09,-89.91,-89.91,0,10.97
754455,441,441.22,-88.7,-88.7,0,10.97
754460,441,440.91,-87.07,-87.07,0,10.97
754465,442,441.78,-85.0,-85.0,0,10.97
754470,442,442.09,-82.45,-82.45,0,10.97
754475,441,441.22,-79.39,-79.39,0,10.97
754480,442,441.9,-75.79,-75.79,0,10.97
754485,441,440.78,-71.63,-71.63,0,10.97
754490,442,442.1,-66.87,-66.87,0,10.97
754495,440,440.22,-61.51,-61.51,0,10.97
754500,441,440.9,-55.51,-55.51,0,10.97
754505,440,439.78,-48.88,-48.88,0,10.97
754510,438,438.11,-41.59,-41.59,0,10.97
754515,439,439.22,-33.67,-33.67,0,10.97
754520,441,440.89,-25.12,-25.12,0,10.97
754525,443,442.78,-15.96,-15.96,0,10.97
754530,447,447.11,-6.23,-6.23,0,10.97
754535,454,454.22,4.03,4.03,0,10.97
754540,464,463.9,14.75,14.75,0,10.97
754545,478,477.79,25.87,25.87,0,10.97
754550,495,495.11,37.3,37.3,0,10.97
754555,517,517.21,48.94,48.94,0,10.97
754560,539,538.9,60.69,60.69,0,10.97
754565,565,564.79,72.43,72.43,0,10.97
754570,587,587.1,84.05,84.05,0,10.97
754575,615,615.21,95.41,95.41,0,10.97
754580,639,638.9,106.4,106.4,0,10.97
754585,662,661.78,116.9,116.9,0,10.97
754590,682,682.09,126.77,126.77,0,10.97
754595,698,698.21,135.92,135.92,0,10.97
754600,718,717.91,144.25,144.25,0,10.97
754605,725,724.78,151.65,151.65,0,10.97
754610,735,735.07,158.07,158.07,0,10.97
754615,741,741.21,163.42,163.42,0,10.97
754620,743,742.94,167.68,167.68,0,10.97
754625,743,742.78,170.79,170.79,0,10.97
754630,742,742.04,172.76,171.75,0,10.97
754635,735,735.22,173.56,171.75,0,10.97
754640,729,728.97,173.22,171.75,0,10.97
754645,723,722.78,171.75,171.75,0,10.97
754650,713,713.02,169.2,169.2,0,10.97
754655,703,703.22,165.6,165.6,0,10.97
754660,691,690.98,161.03,161.03,0,10.97
754665,676,675.78,155.53,155.53,0,10.97
754670,668,668.01,149.19,149.19,0,10.97
754675,657,657.23,142.08,142.08,0,10.97
754680,646,646.0,134.28,134.28,0,10.97
754685,634,633.75,125.88,125.88,0,10.97
754690,623,622.99,116.96,116.96,0,10.97
754695,612,612.26,107.62,107.62,0,10.97
754700,606,606.02,97.93,97.93,0,10.97
754705,589,588.72,88.0,88.0,0,10.97
754710,577,576.96,77.9,77.9,0,10.97
754715,566,566.29,67.73,67.73,0,10.97
754720,558,558.07,57.56,57.56,0,10.97
754725,547,546.69,47.48,47.48,0,10.97
754730,536,535.9,37.57,37.57,0,10.97
754735,526,526.32,27.89,27.89,0,10.97
754740,515,515.13,18.51,18.51,0,10.97
754745,503,502.66,9.51,9.51,0,10.97
754750,493,492.84,0.92,0.92,0,10.97
754755,481,481.36,-7.18,-7.18,0,10.97
754760,473,473.19,-14.76,-14.76,0,10.97
754765,465,464.63,-21.79,-21.79,0,10.97
754770,458,457.78,-28.22,-28.22,0,10.97
754775,451,451.39,-34.04,-34.04,0,10.97
754780,447,447.26,-39.24,-39.24,0,10.97
754785,444,443.6,-43.82,-43.82,0,10.97
754790,441,440.71,-47.76,-47.76,0,10.97
754795,439,439.42,-51.09,-51.09,0,10.97
754800,438,438.32,-53.82,-53.82,0,10.97
754805,441,440.57,-55.99,-55.99,0,10.97
754810,445,444.65,-57.61,-57.61,0,10.97
754815,446,446.45,-58.73,-58.73,0,10.97
754820,450,450.38,-59.39,-59.09,0,10.97
754825,452,451.54,-59.63,-59.09,0,10.97
754830,457,456.59,-59.52,-59.09,0,10.97
754835,463,463.48,-59.09,-59.09,0,10.97
754840,464,464.43,-58.4,-58.4,0,10.97
754845,468,467.49,-57.5,-57.5,0,10.97
754850,471,470.54,-56.45,-56.45,0,10.97
754855,476,476.54,-55.3,-55.3,0,10.97
754860,479,479.5,-54.09,-54.09,0,10.97
754865,481,480.43,-52.87,-52.87,0,10.97
754870,482,481.47,-51.69,-51.69,0,10.97
754876,484,484.61,-50.58,-50.58,0,10.97
754880,483,483.57,-49.59,-49.59,0,10.97
754885,484,483.35,-48.73,-48.73,0,10.97
754890,506,505.41,-48.04,-48.04,0,10.97
754895,481,481.68,-47.55,-47.55,0,10.97
754900,479,479.58,-47.25,-47.55,0,10.97
754905,478,477.28,-47.18,-47.55,0,10.97
754910,477,476.44,-47.33,-47.55,0,10.97
754915,474,474.76,-47.7,-47.7,0,10.97
754920,468,468.53,-48.31,-48.31,0,10.97
754925,470,469.2,-49.14,-49.14,0,10.97
754930,467,466.5,-50.18,-50.18,0,10.97
754935,463,463.85,-51.44,-51.44,0,10.97
754940,461,461.46,-52.89,-52.89,0,10.97
754945,459,458.11,-54.54,-54.54,0,10.97
754950,455,454.57,-56.35,-56.35,0,10.97
754955,452,452.93,-58.32,-58.32,0,10.97
754960,452,452.4,-60.43,-60.43,0,10.97
754965,449,448.02,-62.67,-62.67,0,10.97
754970,445,444.63,-65.0,-65.0,0,10.97
754975,443,444.02,-67.42,-67.42,0,10.97
754980,443,443.35,-69.9,-69.9,0,10.97
754985,438,436.93,-72.42,-72.42,0,10.97
754990,437,436.67,-74.96,-74.96,0,10.97
754995,436,437.12,-77.5,-77.5,0,10.97
755000,436,436.32,-80.01,-80.01,0,10.97
755005,436,434.83,-82.47,-82.47,0,10.97
755010,434,433.69,-84.86,-84.86,0,10.97
755015,409,410.21,-87.15,-87.15,0,10.97
755020,433,433.3,-89.31,-89.31,0,10.97
755025,432,430.79,-91.33,-91.33,0,10.97
755030,432,431.71,-93.18,-93.18,0,10.97
755035,432,433.21,-94.84,-94.84,0,10.97
755040,433,433.28,-96.26,-96.26,0,10.97
755045,434,432.8,-97.44,-97.44,0,10.97
755050,433,432.73,-98.34,-98.34,0,10.97
755055,408,409.18,-98.92,-98.47,0,10.97
755060,431,431.27,-99.16,-98.47,0,10.97
755065,433,431.87,-99.02,-98.47,0,10.97
755070,435,434.74,-98.47,-98.47,0,10.97
755075,434,435.06,-97.49,-97.49,0,10.97
755080,433,433.24,-96.03,-96.03,0,10.97
755085,433,432.0,-94.06,-94.06,0,10.97
755090,435,434.77,-91.56,-91.56,0,10.97
755095,434,434.94,-88.48,-88.48,0,10.97
755100,434,434.21,-84.8,-84.8,0,10.97
755105,433,432.11,-80.49,-80.49,0,10.97
755110,432,431.81,-75.52,-75.52,0,10.97
755115,434,434.84,-69.87,-69.87,0,10.97
755120,430,430.18,-63.52,-63.52,0,10.97
755125,433,432.2,-56.46,-56.46,0,10.97
755130,432,431.84,-48.69,-48.69,0,10.97
755135,435,435.76,-40.21,-40.21,0,10.97
755140,435,435.14,-31.03,-31.03,0,10.97
755145,440,439.29,-21.19,-21.19,0,10.97
755150,442,441.87,-10.7,-10.7,0,10.97
755155,448,448.68,0.37,0.37,0,10.97
755160,460,460.11,11.97,11.97,0,10.97
755165,475,474.37,24.02,24.02,0,10.97
755170,493,492.91,36.44,36.44,0,10.97
755175,515,515.59,49.13,49.13,0,10.97
755180,539,539.08,61.96,61.96,0,10.97
755185,560,559.45,74.84,74.84,0,10.97
755190,592,591.93,87.62,87.62,0,10.97
755195,619,619.52,100.19,100.19,0,10.97
755200,645,645.05,112.4,112.4,0,10.97
755205,672,671.5,124.13,124.13,0,10.97
755210,692,691.96,135.25,135.25,0,10.97
755215,709,709.47,145.65,145.65,0,10.97
755220,728,728.02,155.22,155.22,0,10.97
755225,741,740.56,163.85,163.85,0,10.97
755230,751,750.99,171.48,171.48,0,10.97
755235,757,757.4,178.02,178.02,0,10.97
755240,762,761.99,183.42,183.42,0,10.97
755245,763,762.63,187.64,187.64,0,10.97
755250,759,759.02,190.66,190.66,0,10.97
755255,757,757.33,192.47,190.76,0,10.97
755260,751,750.97,193.08,190.76,0,10.97
755265,744,743.7,192.5,190.76,0,10.97
755270,736,736.04,190.76,190.76,0,10.97
755275,724,724.27,187.91,187.91,0,10.97
755280,716,715.95,184.0,184.0,0,10.97
755285,703,702.77,179.1,179.1,0,10.97
755290,692,692.06,173.25,173.25,0,10.97
755295,682,682.2,166.56,166.56,0,10.97
755300,670,669.93,159.08,159.08,0,10.97
755305,660,659.83,150.9,150.9,0,10.97
755310,648,648.07,142.11,142.11,0,10.97
755315,635,635.13,132.8,132.8,0,10.97
755320,627,626.92,123.04,123.04,0,10.97
755325,615,614.9,112.92,112.92,0,10.97
755330,605,605.09,102.54,102.54,0,10.97
755335,596,596.06,91.97,91.97,0,10.97
755340,586,585.91,81.3,81.3,0,10.97
755345,575,574.97,70.6,70.6,0,10.97
755350,564,564.1,59.96,59.96,0,10.97
755355,573,573.01,49.44,49.44,0,10.97
755360,541,540.9,39.12,39.12,0,10.97
755365,528,527.98,29.07,29.07,0,10.97
755370,517,517.1,19.36,19.36,0,10.97
755375,507,507.04,10.03,10.03,0,10.97
755380,497,496.9,1.16,1.16,0,10.97
755385,485,484.93,-7.22,-7.22,0,10.97
755390,475,475.1,-15.06,-15.06,0,10.97
755395,466,466.1,-22.33,-22.33,0,10.97
755400,459,458.9,-29.0,-29.0,0,10.97
755405,451,450.88,-35.05,-35.05,0,10.97
755410,449,449.1,-40.47,-40.47,0,10.97
755415,444,444.15,-45.27,-45.27,0,10.97
755420,443,442.9,-49.44,-49.44,0,10.97
755425,440,439.82,-53.0,-53.0,0,10.97
755430,442,442.1,-55.97,-55.97,0,10.97
755435,444,444.22,-58.38,-58.38,0,10.97
755440,446,445.9,-60.26,-60.26,0,10.97
755445,453,452.75,-61.66,-61.66,0,10.97
755450,448,448.1,-62.6,-62.6,0,10.97
755455,456,456.28,-63.15,-62.89,0,10.97
755460,459,458.91,-63.35,-62.89,0,10.97
755465,462,461.69,-63.25,-62.89,0,10.97
755470,468,468.08,-62.89,-62.89,0,10.97
755475,468,468.34,-62.34,-62.34,0,10.97
755480,472,471.93,-61.64,-61.64,0,10.97
755485,475,474.63,-60.83,-60.83,0,10.97
755490,475,475.07,-59.97,-59.97,0,10.97
755495,478,478.4,-59.09,-59.09,0,10.97
755500,480,479.94,-58.24,-58.24,0,10.97
755505,480,479.58,-57.44,-57.44,0,10.97
755510,480,480.05,-56.73,-56.73,0,10.97
755515,479,479.45,-56.14,-56.14,0,10.97
755520,478,477.96,-55.68,-55.68,0,10.97
755525,477,476.52,-55.38,-55.54,0,10.97
755530,475,475.03,-55.25,-55.54,0,10.97
755535,473,473.51,-55.3,-55.54,0,10.97
755540,471,470.98,-55.54,-55.54,0,10.97
755545,469,468.45,-55.96,-55.96,0,10.97
755550,465,465.01,-56.57,-56.57,0,10.97
755555,461,461.58,-57.36,-57.36,0,10.97
755560,460,460.0,-58.33,-58.33,0,10.97
755565,458,457.4,-59.47,-59.47,0,10.97
755570,455,454.99,-60.77,-60.77,0,10.97
755575,454,454.63,-62.22,-62.22,0,10.97
755580,449,449.02,-63.8,-63.8,0,10.97
755585,450,449.33,-65.5,-65.5,0,10.97
755590,444,443.97,-67.31,-67.31,0,10.97
755595,417,417.68,-69.21,-69.21,0,10.97
755600,440,440.04,-71.18,-71.18,0,10.97
755605,437,436.34,-73.22,-73.22,0,10.97
755610,436,435.95,-75.3,-75.3,0,10.97
755615,431,431.62,-77.41,-77.41,0,10.97
755620,433,433.06,-79.55,-79.55,0,10.97
755625,432,431.42,-81.69,-81.69,0,10.97
755630,430,429.93,-83.83,-83.83,0,10.97
755635,430,430.54,-85.95,-85.95,0,10.97
755640,427,427.09,-88.04,-88.04,0,10.97
755645,428,427.5,-90.08,-90.08,0,10.97
755650,428,427.9,-92.06,-92.06,0,10.97
755655,426,426.46,-93.97,-93.97,0,10.97
755660,428,428.1,-95.79,-95.79,0,10.97
755665,426,425.58,-97.5,-97.5,0,10.97
755670,429,428.89,-99.09,-99.09,0,10.97
755675,429,429.39,-100.53,-100.53,0,10.97
755680,429,429.12,-101.81,-101.81,0,10.97
755685,428,427.64,-102.9,-102.9,0,10.97
755690,428,427.87,-103.78,-103.78,0,10.97
755695,430,430.33,-104.42,-104.42,0,10.97
755700,430,430.14,-104.8,-104.42,0,10.97
755705,429,428.69,-104.88,-104.42,0,10.97
755710,430,429.85,-104.63,-104.42,0,10.97
755715,431,431.28,-104.02,-104.02,0,10.97
755720,434,434.17,-103.02,-103.02,0,10.97
755725,432,431.74,-101.58,-101.58,0,10.97
755730,433,432.81,-99.68,-99.68,0,10.97
755735,429,429.24,-97.27,-97.27,0,10.97
755740,433,433.21,-94.31,-94.31,0,10.97
755745,432,431.79,-90.78,-90.78,0,10.97
755750,434,433.77,-86.63,-86.63,0,10.97
755755,433,433.19,-81.83,-81.83,0,10.97
755760,433,433.26,-76.36,-76.36,0,10.97
755765,435,434.84,-70.19,-70.19,0,10.97
755770,434,433.72,-63.3,-63.3,0,10.97
755775,432,432.13,-55.66,-55.66,0,10.97
755780,433,433.29,-47.29,-47.29,0,10.97
755785,437,436.9,-38.18,-38.18,0,10.97
755790,436,435.69,-28.33,-28.33,0,10.97
755795,440,440.06,-17.79,-17.79,0,10.97
755800,441,441.33,-6.57,-6.57,0,10.97
755805,456,455.99,5.27,5.27,0,10.97
755810,467,466.66,17.67,17.67,0,10.97
755815,482,481.98,30.55,30.55,0,10.97
755820,501,501.35,43.82,43.82,0,10.97
755825,523,523.07,57.39,57.39,0,10.97
755830,549,548.65,71.13,71.13,0,10.97
755835,579,578.89,84.92,84.92,0,10.97
755840,606,606.37,98.64,98.64,0,10.97
755845,634,634.15,112.15,112.15,0,10.97
755850,668,667.63,125.31,125.31,0,10.97
755855,689,688.81,138.0,138.0,0,10.97
755860,709,709.37,150.09,150.09,0,10.97
755865,721,721.21,161.46,161.46,0,10.97
755870,751,750.63,171.99,171.99,0,10.97
755875,761,760.77,181.6,181.6,0,10.97
755880,771,771.35,190.19,190.19,0,10.97
755885,778,778.23,197.69,197.69,0,10.97
755890,783,782.66,204.05,204.05,0,10.97
755895,783,782.76,209.22,209.22,0,10.97
755900,782,782.32,213.19,213.19,0,10.97
755905,776,776.25,215.93,215.93,0,10.97
755910,773,772.7,217.45,215.93,0,10.97
755915,767,766.75,217.77,215.93,0,10.97
755920,758,758.28,216.91,215.93,0,10.97
755925,751,751.26,214.92,214.92,0,10.97
755930,740,739.73,211.83,211.83,0,10.97
755935,730,729.74,207.7,207.7,0,10.97
755940,720,720.26,202.6,202.6,0,10.97
755945,711,711.27,196.59,196.59,0,10.97
755950,698,697.76,189.75,189.75,0,10.97
755955,689,688.72,182.15,182.15,0,10.97
755960,678,678.23,173.87,173.87,0,10.97
755965,666,666.29,164.98,164.98,0,10.97
755970,658,657.78,155.56,155.56,0,10.97
755975,649,648.7,145.7,145.7,0,10.97
755980,638,638.21,135.48,135.48,0,10.97
755985,625,625.31,124.96,124.96,0,10.97
755990,620,619.8,114.23,114.23,0,10.97
755995,610,609.7,103.36,103.36,0,10.97
756000,601,601.19,92.42,92.42,0,10.97
756005,594,594.3,81.48,81.48,0,10.97
756010,581,580.82,70.61,70.61,0,10.97
756015,571,570.69,59.88,59.88,0,10.97
756020,558,558.17,49.35,49.35,0,10.97
756025,546,546.31,39.07,39.07,0,10.97
756030,535,534.84,29.12,29.12,0,10.97
756035,521,520.68,19.53,19.53,0,10.97
756040,510,510.15,10.36,10.36,0,10.97
756045,499,499.32,1.65,1.65,0,10.97
756050,488,487.86,-6.55,-6.55,0,10.97
756055,479,478.67,-14.23,-14.23,0,10.97
756060,470,470.13,-21.35,-21.35,0,10.97
756065,464,464.34,-27.89,-27.89,0,10.97
756070,456,455.88,-33.84,-33.84,0,10.97
756075,454,453.65,-39.2,-39.2,0,10.97
756080,448,448.11,-43.98,-43.98,0,10.97
756085,450,450.37,-48.17,-48.17,0,10.97
756090,448,447.9,-51.81,-51.81,0,10.97
756095,447,446.62,-54.91,-54.91,0,10.97
756100,447,447.09,-57.5,-57.5,0,10.97
756105,446,446.4,-59.61,-59.61,0,10.97
756110,448,447.93,-61.28,-61.28,0,10.97
756115,453,452.59,-62.56,-62.56,0,10.97
756120,456,456.06,-63.48,-63.48,0,10.97
756125,462,462.43,-64.09,-64.09,0,10.97
756130,462,461.95,-64.43,-64.34,0,10.97
756135,463,462.55,-64.56,-64.34,0,10.97
756140,466,466.04,-64.52,-64.34,0,10.97
756145,467,467.47,-64.34,-64.34,0,10.97
756150,468,467.96,-64.08,-64.08,0,10.97
756155,488,487.51,-63.77,-63.77,0,10.97
756160,471,471.03,-63.43,-63.43,0,10.97
756165,469,469.48,-63.12,-63.12,0,10.97
756170,470,469.97,-62.84,-62.84,0,10.97
756175,469,468.55,-62.62,-62.62,0,10.97
756180,467,467.02,-62.49,-62.62,0,10.97
756185,465,465.43,-62.45,-62.62,0,10.97
756190,464,463.98,-62.51,-62.62,0,10.97
756195,461,460.6,-62.69,-62.69,0,10.97
756200,462,462.01,-62.99,-62.99,0,10.97
756205,456,456.38,-63.41,-63.41,0,10.97
756210,454,453.99,-63.94,-63.94,0,10.97
756215,451,450.64,-64.6,-64.6,0,10.97
756220,448,448.01,-65.36,-65.36,0,10.97
756225,444,444.34,-66.23,-66.23,0,10.97
756230,442,441.98,-67.2,-67.2,0,10.97
756235,441,440.69,-68.25,-68.25,0,10.97
756240,439,439.02,-69.38,-69.38,0,10.97
756245,438,438.29,-70.58,-70.58,0,10.97
756250,435,434.98,-71.84,-71.84,0,10.97
756255,430,429.73,-73.16,-73.16,0,10.97
756260,431,431.03,-74.51,-74.51,0,10.97
756265,430,430.26,-75.89,-75.89,0,10.97
756270,428,427.97,-77.3,-77.3,0,10.97
756275,426,425.75,-78.73,-78.73,0,10.97
756280,424,424.03,-80.16,-80.16,0,10.97
756285,424,424.24,-81.59,-81.59,0,10.97
756290,421,420.96,-83.02,-83.02,0,10.97
756295,422,421.77,-84.44,-84.44,0,10.97
756300,420,420.04,-85.84,-85.84,0,10.97
756305,420,420.23,-87.23,-87.23,0,10.97
756310,418,417.96,-88.59,-88.59,0,10.97
756315,419,418.78,-89.92,-89.92,0,10.97
756320,418,418.05,-91.23,-91.23,0,10.97
756325,418,418.22,-92.5,-92.5,0,10.97
756330,415,414.94,-93.73,-93.73,0,10.97
756335,418,417.79,-94.92,-94.92,0,10.97
756340,415,415.07,-96.07,-96.07,0,10.97
756345,417,417.21,-97.18,-97.18,0,10.97
756350,419,418.92,-98.23,-98.23,0,10.97
756355,419,418.8,-99.22,-99.22,0,10.97
756360,419,419.08,-100.14,-100.14,0,10.97
756365,420,420.19,-101.0,-101.0,0,10.97
756370,420,419.91,-101.77,-101.77,0,10.97
756375,420,419.82,-102.44,-102.44,0,10.97
756380,421,421.09,-103.0,-103.0,0,10.97
756385,423,423.18,-103.44,-103.44,0,10.97
756390,424,423.9,-103.74,-103.56,0,10.97
756395,423,422.82,-103.87,-103.56,0,10.97
756400,425,425.1,-103.82,-103.56,0,10.97
756405,428,428.18,-103.56,-103.56,0,10.97
756410,428,427.9,-103.05,-103.05,0,10.97
756415,430,429.81,-102.28,-102.28,0,10.97
756420,430,430.1,-101.21,-101.21,0,10.97
756425,429,429.19,-99.8,-99.8,0,10.97
756430,431,430.89,-98.02,-98.02,0,10.97
756435,432,431.81,-95.83,-95.83,0,10.97
756440,434,434.11,-93.19,-93.19,0,10.97
756445,432,432.19,-90.07,-90.07,0,10.97
756450,432,431.88,-86.41,-86.41,0,10.97
756455,433,432.81,-82.19,-82.19,0,10.97
756460,433,433.13,-77.36,-77.36,0,10.97
756465,432,432.19,-71.9,-71.9,0,10.97
756470,431,430.86,-65.76,-65.76,0,10.97
756475,431,430.81,-58.94,-58.94,0,10.97
756480,429,429.15,-51.39,-51.39,0,10.97
756485,432,432.19,-43.12,-43.12,0,10.97
756490,432,431.84,-34.11,-34.11,0,10.97
756495,432,431.8,-24.38,-24.38,0,10.97
756500,434,434.17,-13.94,-13.94,0,10.97
756505,440,440.21,-2.81,-2.81,0,10.97
756510,445,444.82,8.95,8.95,0,10.97
756515,460,459.79,21.29,21.29,0,10.97
756520,472,472.19,34.14,34.14,0,10.97
756525,496,496.22,47.41,47.41,0,10.97
756530,520,519.8,61.01,61.01,0,10.97
756535,540,539.77,74.82,74.82,0,10.97
756540,569,569.2,88.72,88.72,0,10.97
756545,599,599.25,102.59,102.59,0,10.97
756550,628,627.81,116.29,116.29,0,10.97
756555,654,653.73,129.68,129.68,0,10.97
756560,683,683.19,142.64,142.64,0,10.97
756565,704,704.29,155.03,155.03,0,10.97
756570,727,726.81,166.74,166.74,0,10.97
756575,744,743.68,177.64,177.64,0,10.97
756580,759,759.19,187.65,187.65,0,10.97
756585,769,769.33,196.66,196.66,0,10.97
756590,777,776.81,204.6,204.6,0,10.97
756595,782,781.64,211.42,211.42,0,10.97
756600,784,784.19,217.07,217.07,0,10.97
756605,782,782.38,221.52,221.52,0,10.97
756610,779,778.8,224.75,224.75,0,10.97
756615,774,773.6,226.77,225.71,0,10.97
756620,768,768.2,227.58,225.71,0,10.97
756625,758,758.43,227.22,225.71,0,10.97
756630,752,751.79,225.71,225.71,0,10.97
756635,744,743.55,223.1,223.1,0,10.97
756640,734,734.21,219.44,219.44,0,10.97
756645,722,722.46,214.8,214.8,0,10.97
756650,713,712.78,209.23,209.23,0,10.97
756655,704,703.52,202.8,202.8,0,10.97
756660,690,690.23,195.59,195.59,0,10.97
756665,683,683.49,187.68,187.68,0,10.97
756670,673,672.77,179.13,179.13,0,10.97
756675,663,662.49,170.03,170.03,0,10.97
756680,651,651.24,160.46,160.46,0,10.97
756685,645,645.53,150.48,150.48,0,10.97
756690,636,635.77,140.18,140.18,0,10.97
756695,625,624.45,129.63,129.63,0,10.97
756700,615,615.23,118.9,118.9,0,10.97
756705,606,606.57,108.07,108.07,0,10.97
756710,597,596.78,97.2,97.2,0,10.97
756715,588,587.41,86.36,86.36,0,10.97
756720,576,576.21,75.62,75.62,0,10.97
756725,565,565.61,65.04,65.04,0,10.97
756730,552,551.8,54.68,54.68,0,10.97
756735,537,536.36,44.6,44.6,0,10.97
756740,528,528.2,34.85,34.85,0,10.97
756745,515,515.67,25.48,25.48,0,10.97
756750,503,502.8,16.54,16.54,0,10.97
756755,493,492.29,8.06,8.06,0,10.97
756760,484,484.2,0.08,0.08,0,10.97
756765,474,474.75,-7.38,-7.38,0,10.97
756770,469,468.81,-14.3,-14.3,0,10.97
756775,461,460.22,-20.65,-20.65,0,10.97
756780,456,456.19,-26.45,-26.45,0,10.97
756785,443,443.82,-31.68,-31.68,0,10.97
756790,449,448.81,-36.36,-36.36,0,10.97
756795,471,470.17,-40.5,-40.5,0,10.97
756800,447,447.19,-44.12,-44.12,0,10.97
756805,446,446.8,-47.24,-47.24,0,10.97
756810,447,446.81,-49.9,-49.9,0,10.97
756815,447,446.25,-52.12,-52.12,0,10.97
756820,451,451.19,-53.94,-53.94,0,10.97
756825,453,453.72,-55.41,-55.41,0,10.97
756830,454,453.8,-56.55,-56.55,0,10.97
756835,457,456.32,-57.41,-57.41,0,10.97
756840,458,458.2,-58.03,-58.03,0,10.97
756845,460,460.65,-58.46,-58.46,0,10.97
756850,462,461.79,-58.73,-58.73,0,10.97
756855,463,462.38,-58.87,-58.87,0,10.97
756860,464,464.21,-58.93,-58.92,0,10.97
756865,465,465.58,-58.94,-58.93,0,10.97
756870,464,463.78,-58.93,-58.93,0,10.97
756875,463,462.44,-58.92,-58.94,0,10.97
756880,460,460.22,-58.94,-58.94,0,10.97
756885,458,458.53,-59.0,-59.0,0,10.97
756890,460,459.77,-59.12,-59.12,0,10.97
756895,458,457.5,-59.31,-59.31,0,10.97
756900,456,456.23,-59.59,-59.59,0,10.97
756905,454,454.47,-59.95,-59.95,0,10.97
756910,452,451.77,-60.41,-60.41,0,10.97
756915,449,448.56,-60.95,-60.95,0,10.97
756920,446,446.23,-61.59,-61.59,0,10.97
756925,444,444.42,-62.32,-62.32,0,10.97
756930,444,443.77,-63.12,-63.12,0,10.97
756935,439,438.61,-63.99,-63.99,0,10.97
756940,436,436.22,-64.93,-64.93,0,10.97
756945,435,435.37,-65.92,-65.92,0,10.97
756950,432,431.78,-66.95,-66.95,0,10.97
756955,429,428.66,-68.02,-68.02,0,10.97
756960,428,428.21,-69.11,-69.11,0,10.97
756965,428,428.33,-70.2,-70.2,0,10.97
756970,424,423.8,-71.3,-71.3,0,10.97
756975,426,425.69,-72.38,-72.38,0,10.97
756980,422,422.2,-73.45,-73.45,0,10.97
756985,422,422.29,-74.49,-74.49,0,10.97
756990,420,419.8,-75.49,-75.49,0,10.97
756995,418,417.72,-76.45,-76.45,0,10.97
757000,417,417.19,-77.36,-77.36,0,10.97
757005,415,415.26,-78.21,-78.21,0,10.97
757010,414,413.81,-79.0,-79.0,0,10.97
757015,413,412.75,-79.74,-79.74,0,10.97
757020,413,413.19,-80.41,-80.41,0,10.97
757025,414,414.24,-81.01,-81.01,0,10.97
757030,412,411.81,-81.56,-81.56,0,10.97
757035,413,412.77,-82.05,-82.05,0,10.97
757040,416,416.19,-82.48,-82.48,0,10.97
757045,414,414.22,-82.86,-82.86,0,10.97
757050,414,413.8,-83.2,-83.2,0,10.97
757055,414,413.79,-83.49,-83.49,0,10.97
757060,414,414.21,-83.75,-83.75,0,10.97
757065,414,414.21,-83.99,-83.99,0,10.97
757070,415,414.78,-84.2,-84.2,0,10.97
757075,415,414.8,-84.4,-84.4,0,10.97
757080,416,416.23,-84.6,-84.6,0,10.97
757085,417,417.2,-84.79,-84.79,0,10.97
757090,416,415.76,-84.99,-84.99,0,10.97
757095,418,417.8,-85.2,-85.2,0,10.97
757100,420,420.25,-85.43,-85.43,0,10.97
757105,421,421.19,-85.68,-85.68,0,10.97
757110,420,419.73,-85.95,-85.95,0,10.97
757115,424,423.81,-86.25,-86.25,0,10.97
757120,422,422.29,-86.57,-86.57,0,10.97
757125,423,423.19,-86.9,-86.9,0,10.97
757130,425,424.69,-87.25,-87.25,0,10.97
757135,426,425.81,-87.61,-87.61,0,10.97
757140,418,418.33,-87.97,-87.97,0,10.97
757145,428,428.18,-88.31,-88.31,0,10.97
757150,428,427.67,-88.62,-88.62,0,10.97
757155,427,426.82,-88.89,-88.89,0,10.97
757160,426,426.33,-89.09,-89.06,0,10.97
757165,429,429.18,-89.21,-89.06,0,10.97
757170,430,429.68,-89.21,-89.06,0,10.97
757175,429,428.82,-89.06,-89.06,0,10.97
757180,431,431.31,-88.75,-88.75,0,10.97
757185,432,432.18,-88.24,-88.24,0,10.97
757190,432,431.7,-87.48,-87.48,0,10.97
757195,434,433.81,-86.44,-86.44,0,10.97
757200,433,433.3,-85.09,-85.09,0,10.97
757205,434,434.19,-83.39,-83.39,0,10.97
757210,431,430.71,-81.28,-81.28,0,10.97
757215,433,432.8,-78.73,-78.73,0,10.97
757220,430,430.29,-75.7,-75.7,0,10.97
757225,432,432.2,-72.14,-72.14,0,10.97
757230,433,432.71,-68.01,-68.01,0,10.97
757235,430,429.79,-63.28,-63.28,0,10.97
757240,433,433.28,-57.92,-57.92,0,10.97
757245,430,430.22,-51.89,-51.89,0,10.97
757250,432,431.72,-45.18,-45.18,0,10.97
757255,429,428.77,-37.76,-37.76,0,10.97
757260,430,430.28,-29.62,-29.62,0,10.97
757265,432,432.25,-20.78,-20.78,0,10.97
757270,434,433.73,-11.24,-11.24,0,10.97
757275,437,436.74,-1.03,-1.03,0,10.97
757280,443,443.27,9.82,9.82,0,10.97
757285,443,443.27,21.27,21.27,0,10.97
757290,464,463.74,33.23,33.23,0,10.97
757295,479,478.73,45.64,45.64,0,10.97
757300,501,501.26,58.4,58.4,0,10.97
757305,524,524.27,71.41,71.41,0,10.97
757310,549,548.75,84.55,84.55,0,10.97
757315,579,578.73,97.69,97.69,0,10.97
757320,607,607.25,110.71,110.71,0,10.97
757325,633,633.26,123.46,123.46,0,10.97
757330,662,661.74,135.83,135.83,0,10.97
757335,687,686.74,147.67,147.67,0,10.97
757340,706,706.26,158.86,158.86,0,10.97
757345,726,726.25,169.28,169.28,0,10.97
757350,741,740.74,178.83,178.83,0,10.97
757355,753,752.76,187.42,187.42,0,10.97
757360,762,762.26,194.96,194.96,0,10.97
757365,768,768.23,201.39,201.39,0,10.97
757370,767,766.73,206.66,206.66,0,10.97
757375,771,770.77,210.74,210.74,0,10.97
757380,766,766.27,213.61,213.61,0,10.97
757385,762,762.22,215.27,213.61,0,10.97
757390,756,755.72,215.72,213.61,0,10.97
757395,750,749.79,214.99,213.61,0,10.97
757400,737,737.29,213.13,213.13,0,10.97
757405,729,729.19,210.16,210.16,0,10.97
757410,719,718.71,206.16,206.16,0,10.97
757415,710,709.82,201.18,201.18,0,10.97
757420,694,694.3,195.29,195.29,0,10.97
757425,684,684.16,188.57,188.57,0,10.97
757430,672,671.7,181.1,181.1,0,10.97
757435,661,660.86,172.96,172.96,0,10.97
757440,650,650.3,164.23,164.23,0,10.97
757445,640,640.12,155.0,155.0,0,10.97
757450,629,628.7,145.36,145.36,0,10.97
757455,621,620.9,135.38,135.38,0,10.97
757460,609,609.3,125.15,125.15,0,10.97
757465,599,599.08,114.74,114.74,0,10.97
757470,591,590.7,104.24,104.24,0,10.97
757475,580,579.94,93.72,93.72,0,10.97
757480,572,572.31,83.24,83.24,0,10.97
757485,562,562.04,72.89,72.89,0,10.97
757490,552,551.69,62.72,62.72,0,10.97
757495,542,541.98,52.8,52.8,0,10.97
757500,531,531.32,43.18,43.18,0,10.97
757505,520,519.99,33.91,33.91,0,10.97
757510,511,510.68,25.05,25.05,0,10.97
757515,501,501.03,16.64,16.64,0,10.97
757520,488,488.32,8.72,8.72,0,10.97
757525,481,480.94,1.32,1.32,0,10.97
757530,472,471.68,-5.54,-5.54,0,10.97
757535,465,465.08,-11.83,-11.83,0,10.97
757540,458,458.33,-17.54,-17.54,0,10.97
757545,452,451.89,-22.68,-22.68,0,10.97
757550,449,448.67,-27.22,-27.22,0,10.97
757555,450,450.14,-31.2,-31.2,0,10.97
757560,450,450.33,-34.62,-34.62,0,10.97
757565,454,453.83,-37.51,-37.51,0,10.97
757570,449,448.66,-39.89,-39.89,0,10.97
757575,450,450.2,-41.8,-41.8,0,10.97
757580,455,455.36,-43.27,-43.27,0,10.97
757585,456,455.78,-44.34,-44.34,0,10.97
757590,461,460.63,-45.05,-45.05,0,10.97
757595,455,455.23,-45.45,-45.21,0,10.97
757600,464,464.39,-45.58,-45.21,0,10.97
757605,466,465.76,-45.49,-45.21,0,10.97
757610,470,469.6,-45.21,-45.21,0,10.97
757615,470,470.24,-44.81,-44.81,0,10.97
757620,473,473.41,-44.31,-44.31,0,10.97
757625,475,474.76,-43.76,-43.76,0,10.97
757630,477,476.57,-43.19,-43.19,0,10.97
757635,477,477.25,-42.63,-42.63,0,10.97
757640,478,478.44,-42.13,-42.13,0,10.97
757645,478,477.75,-41.7,-41.7,0,10.97
757650,477,476.54,-41.36,-41.36,0,10.97
757655,476,476.25,-41.14,-41.26,0,10.97
757660,476,476.47,-41.04,-41.26,0,10.97
757665,474,473.75,-41.08,-41.26,0,10.97
757670,471,470.51,-41.26,-41.26,0,10.97
757675,471,471.25,-41.59,-41.59,0,10.97
757680,466,466.51,-42.07,-42.07,0,10.97
757685,465,464.74,-42.68,-42.68,0,10.97
757690,460,459.46,-43.43,-43.43,0,10.97
757695,457,457.26,-44.31,-44.31,0,10.97
757700,453,453.56,-45.3,-45.3,0,10.97
757705,455,454.74,-46.39,-46.39,0,10.97
757710,449,448.41,-47.58,-47.58,0,10.97
757715,446,446.26,-48.84,-48.84,0,10.97
757720,443,443.61,-50.16,-50.16,0,10.97
757725,442,441.75,-51.53,-51.53,0,10.97
757730,440,439.36,-52.94,-52.94,0,10.97
757735,438,438.25,-54.36,-54.36,0,10.97
757740,437,437.66,-55.79,-55.79,0,10.97
757745,435,434.76,-57.21,-57.21,0,10.97
757750,433,432.31,-58.62,-58.62,0,10.97
757755,433,433.24,-60.0,-60.0,0,10.97
757760,431,431.72,-61.35,-61.35,0,10.97
757765,429,428.76,-62.65,-62.65,0,10.97
757770,429,428.24,-63.89,-63.89,0,10.97
757775,428,428.24,-65.08,-65.08,0,10.97
757780,427,427.79,-66.21,-66.21,0,10.97
757785,426,425.76,-67.26,-67.26,0,10.97
757790,426,425.17,-68.25,-68.25,0,10.97
757795,426,426.25,-69.16,-69.16,0,10.97
757800,401,401.85,-70.0,-70.0,0,10.97
757805,424,423.75,-70.77,-70.77,0,10.97
757810,425,424.16,-71.47,-71.47,0,10.97
757815,427,427.26,-72.11,-72.11,0,10.97
757820,424,424.82,-72.68,-72.68,0,10.97
757825,429,428.73,-73.21,-73.21,0,10.97
757830,428,427.2,-73.69,-73.69,0,10.97
757835,427,427.28,-74.12,-74.12,0,10.97
757840,426,426.77,-74.52,-74.52,0,10.97
757845,428,427.71,-74.88,-74.88,0,10.97
757850,424,423.25,-75.22,-75.22,0,10.97
757855,420,420.3,-75.53,-75.53,0,10.97
757860,429,429.73,-75.81,-75.81,0,10.97
757865,430,429.71,-76.08,-76.08,0,10.97
757870,433,432.29,-76.33,-76.33,0,10.97
757875,433,433.27,-76.55,-76.55,0,10.97
757880,433,433.7,-76.76,-76.76,0,10.97
757885,430,429.73,-76.93,-76.93,0,10.97
757890,436,435.32,-77.08,-77.08,0,10.97
757895,436,436.27,-77.19,-77.16,0,10.97
757900,437,437.67,-77.25,-77.16,0,10.97
757905,441,440.73,-77.24,-77.16,0,10.97
757910,441,440.35,-77.16,-77.16,0,10.97
757915,442,442.27,-76.98,-76.98,0,10.97
757920,442,442.64,-76.68,-76.68,0,10.97
757925,444,443.74,-76.24,-76.24,0,10.97
757930,443,442.38,-75.64,-75.64,0,10.97
757935,446,446.26,-74.84,-74.84,0,10.97
757940,443,443.61,-73.8,-73.8,0,10.97
757945,444,443.73,-72.51,-72.51,0,10.97
757950,444,443.4,-70.92,-70.92,0,10.97
757955,443,443.27,-68.99,-68.99,0,10.97
757960,443,443.59,-66.69,-66.69,0,10.97
757965,442,441.72,-63.99,-63.99,0,10.97
757970,440,439.42,-60.84,-60.84,0,10.97
757975,442,442.28,-57.2,-57.2,0,10.97
757980,440,440.57,-53.06,-53.06,0,10.97
757985,438,437.71,-48.37,-48.37,0,10.97
757990,458,457.44,-43.11,-43.11,0,10.97
757995,438,438.31,-37.27,-37.27,0,10.97
758000,438,438.52,-30.82,-30.82,0,10.97
758005,437,436.68,-23.77,-23.77,0,10.97
758010,437,436.53,-16.1,-16.1,0,10.97
758015,439,439.34,-7.83,-7.83,0,10.97
758020,444,444.42,1.02,1.02,0,10.97
758025,448,447.64,10.41,10.41,0,10.97
758030,456,455.63,20.3,20.3,0,10.97
758035,467,467.38,30.64,30.64,0,10.97
758040,480,480.33,41.35,41.35,0,10.97
758045,500,499.61,52.35,52.35,0,10.97
758050,512,511.71,63.54,63.54,0,10.97
758055,540,540.41,74.82,74.82,0,10.97
758060,567,567.27,86.07,86.07,0,10.97
758065,590,589.58,97.19,97.19,0,10.97
758070,616,615.76,108.03,108.03,0,10.97
758075,638,638.44,118.49,118.49,0,10.97
758080,663,663.22,128.45,128.45,0,10.97
758085,680,679.54,137.78,137.78,0,10.97
758090,698,697.79,146.38,146.38,0,10.97
758095,712,712.47,154.16,154.16,0,10.97
758100,722,722.19,161.03,161.03,0,10.97
758105,730,729.51,166.91,166.91,0,10.97
758110,736,735.82,171.75,171.75,0,10.97
758115,738,738.51,175.5,175.5,0,10.97
758120,737,737.16,178.14,178.14,0,10.97
758125,735,734.46,179.65,178.14,0,10.97
758130,729,728.86,180.04,178.14,0,10.97
758135,720,720.56,179.3,178.14,0,10.97
758140,714,714.12,177.49,177.49,0,10.97
758145,704,703.42,174.62,174.62,0,10.97
758150,695,694.89,170.76,170.76,0,10.97
758155,680,680.6,165.96,165.96,0,10.97
758160,669,669.09,160.3,160.3,0,10.97
758165,657,656.38,153.83,153.83,0,10.97
758170,643,642.93,146.65,146.65,0,10.97
758175,636,636.65,138.84,138.84,0,10.97
758180,617,617.05,130.47,130.47,0,10.97
758185,609,608.32,121.65,121.65,0,10.97
758190,600,599.98,112.45,112.45,0,10.97
758195,586,586.71,102.95,102.95,0,10.97
758200,577,576.99,93.26,93.26,0,10.97
758205,575,574.26,83.44,83.44,0,10.97
758210,557,557.04,73.57,73.57,0,10.97
758215,548,548.75,63.74,63.74,0,10.97
758220,537,536.93,54.02,54.02,0,10.97
758225,540,539.24,44.48,44.48,0,10.97
758230,519,519.11,35.19,35.19,0,10.97
758235,509,509.76,26.2,26.2,0,10.97
758240,500,499.86,17.57,17.57,0,10.97
758245,494,493.26,9.37,9.37,0,10.97
758250,482,482.18,1.62,1.62,0,10.97
758255,475,475.72,-5.62,-5.62,0,10.97
758260,466,465.79,-12.32,-12.32,0,10.97
758265,458,457.29,-18.47,-18.47,0,10.97
758270,451,451.25,-24.02,-24.02,0,10.97
758275,447,447.7,-28.98,-28.98,0,10.97
758280,443,442.72,-33.34,-33.34,0,10.97
758285,440,439.31,-37.11,-37.11,0,10.97
758290,440,440.32,-40.28,-40.28,0,10.97
758295,440,440.69,-42.89,-42.89,0,10.97
758300,440,439.65,-44.95,-44.95,0,10.97
758305,442,441.32,-46.49,-46.49,0,10.97
758310,444,444.39,-47.55,-47.55,0,10.97
758315,449,449.69,-48.17,-47.84,0,10.97
758320,456,455.57,-48.39,-47.84,0,10.97
758325,457,456.31,-48.27,-47.84,0,10.97
758330,461,461.46,-47.84,-47.84,0,10.97
758335,466,466.7,-47.16,-47.16,0,10.97
758340,469,468.51,-46.28,-46.28,0,10.97
758345,474,473.29,-45.24,-45.24,0,10.97
758350,477,477.52,-44.1,-44.1,0,10.97
758355,479,479.71,-42.89,-42.89,0,10.97
758360,483,482.45,-41.66,-41.66,0,10.97
758365,482,481.27,-40.46,-40.46,0,10.97
758370,476,476.58,-39.3,-39.3,0,10.97
758375,486,486.74,-38.23,-38.23,0,10.97
758380,487,486.4,-37.28,-37.28,0,10.97
758385,486,485.24,-36.46,-36.46,0,10.97
758390,485,485.6,-35.79,-35.79,0,10.97
758395,482,482.78,-35.29,-35.29,0,10.97
758400,482,481.38,-34.98,-35.15,0,10.97
758405,481,480.2,-34.84,-35.15,0,10.97
758410,477,477.63,-34.9,-35.15,0,10.97
758415,477,477.82,-35.15,-35.15,0,10.97
758420,473,472.36,-35.58,-35.58,0,10.97
758425,468,467.16,-36.19,-36.19,0,10.97
758430,467,467.65,-36.96,-36.96,0,10.97
758435,463,463.87,-37.9,-37.9,0,10.97
758440,461,460.33,-38.98,-38.98,0,10.97
758445,485,484.11,-40.2,-40.2,0,10.97
758450,455,455.68,-41.53,-41.53,0,10.97
758455,452,452.87,-42.96,-42.96,0,10.97
758460,451,450.3,-44.48,-44.48,0,10.97
758465,447,446.17,-46.07,-46.07,0,10.97
758470,444,444.72,-47.7,-47.7,0,10.97
758475,442,442.79,-49.37,-49.37,0,10.97
758480,442,441.27,-51.05,-51.05,0,10.97
758485,438,437.24,-52.74,-52.74,0,10.97
758490,438,438.75,-54.42,-54.42,0,10.97
758495,438,438.73,-56.08,-56.08,0,10.97
758500,436,435.24,-57.71,-57.71,0,10.97
758505,435,434.3,-59.31,-59.31,0,10.97
758510,431,431.78,-60.86,-60.86,0,10.97
758515,432,432.68,-62.36,-62.36,0,10.97
758520,433,432.21,-63.82,-63.82,0,10.97
758525,434,433.35,-65.22,-65.22,0,10.97
758530,433,433.81,-66.56,-66.56,0,10.97
758535,432,432.63,-67.85,-67.85,0,10.97
758540,430,429.17,-69.08,-69.08,0,10.97
758545,431,430.4,-70.25,-70.25,0,10.97
758550,432,432.85,-71.37,-71.37,0,10.97
758555,431,431.58,-72.44,-72.44,0,10.97
758560,431,430.12,-73.45,-73.45,0,10.97
758565,432,431.45,-74.42,-74.42,0,10.97
758570,407,407.9,-75.33,-75.33,0,10.97
758575,433,433.53,-76.19,-76.19,0,10.97
758580,433,432.12,-77.0,-77.0,0,10.97
758585,433,432.48,-77.76,-77.76,0,10.97
758590,434,434.85,-78.48,-78.48,0,10.97
758595,435,435.5,-79.15,-79.15,0,10.97
758600,436,435.18,-79.77,-79.77,0,10.97
758605,438,437.51,-80.33,-80.33,0,10.97
758610,436,436.79,-80.83,-80.83,0,10.97
758615,438,438.47,-81.26,-81.26,0,10.97
758620,438,437.23,-81.6,-81.6,0,10.97
758625,439,438.55,-81.85,-81.83,0,10.97
758630,439,439.74,-81.98,-81.83,0,10.97
758635,440,440.44,-81.98,-81.83,0,10.97
758640,443,442.28,-81.83,-81.83,0,10.97
758645,442,441.57,-81.49,-81.49,0,10.97
758650,443,443.69,-80.95,-80.95,0,10.97
758655,440,440.41,-80.17,-80.17,0,10.97
758660,440,439.33,-79.13,-79.13,0,10.97
758665,444,443.61,-77.78,-77.78,0,10.97
758670,453,453.66,-76.1,-76.1,0,10.97
758675,447,447.38,-74.05,-74.05,0,10.97
758680,445,444.34,-71.6,-71.6,0,10.97
758685,444,443.63,-68.7,-68.7,0,10.97
758690,444,444.67,-65.33,-65.33,0,10.97
758695,442,442.35,-61.44,-61.44,0,10.97
758700,442,441.31,-57.0,-57.0,0,10.97
758705,443,442.66,-51.98,-51.98,0,10.97
758710,443,443.71,-46.36,-46.36,0,10.97
758715,442,442.33,-40.12,-40.12,0,10.97
758720,443,442.27,-33.24,-33.24,0,10.97
758725,444,443.68,-25.71,-25.71,0,10.97
758730,444,444.76,-17.55,-17.55,0,10.97
758735,446,446.31,-8.75,-8.75,0,10.97
758740,451,450.22,0.65,0.65,0,10.97
758745,453,452.71,10.63,10.63,0,10.97
758750,437,437.79,21.14,21.14,0,10.97
758755,474,474.29,32.11,32.11,0,10.97
758760,489,488.24,43.48,43.48,0,10.97
758765,507,506.73,55.15,55.15,0,10.97
758770,530,530.72,67.03,67.03,0,10.97
758775,551,551.27,79.0,79.0,0,10.97
758780,579,578.32,90.95,90.95,0,10.97
758785,603,602.74,102.76,102.76,0,10.97
758790,629,629.64,114.3,114.3,0,10.97
758795,652,652.25,125.45,125.45,0,10.97
758800,675,674.4,136.07,136.07,0,10.97
758805,694,693.75,146.07,146.07,0,10.97
758810,712,712.56,155.32,155.32,0,10.97
758815,727,727.24,163.72,163.72,0,10.97
758820,739,738.47,171.19,171.19,0,10.97
758825,748,747.76,177.65,177.65,0,10.97
758830,753,753.49,183.04,183.04,0,10.97
758835,755,755.23,187.31,187.31,0,10.97
758840,756,755.54,190.44,190.44,0,10.97
758845,758,757.78,192.4,191.36,0,10.97
758850,748,748.43,193.2,191.36,0,10.97
758855,743,743.2,192.84,191.36,0,10.97
758860,733,732.6,191.36,191.36,0,10.97
758865,725,724.81,188.79,188.79,0,10.97
758870,714,714.37,185.18,185.18,0,10.97
758875,702,702.17,180.6,180.6,0,10.97
758880,691,690.66,175.1,175.1,0,10.97
758885,679,678.85,168.77,168.77,0,10.97
758890,667,667.31,161.67,161.67,0,10.97
758895,654,654.13,153.91,153.91,0,10.97
758900,640,639.71,145.55,145.55,0,10.97
758905,630,629.89,136.69,136.69,0,10.97
758910,618,618.27,127.42,127.42,0,10.97
758915,607,607.09,117.82,117.82,0,10.97
758920,598,597.75,107.97,107.97,0,10.97
758925,586,585.93,97.97,97.97,0,10.97
758930,577,577.22,87.89,87.89,0,10.97
758935,566,566.05,77.81,77.81,0,10.97
758940,559,558.8,67.8,67.8,0,10.97
758945,549,548.97,57.94,57.94,0,10.97
758950,541,541.18,48.29,48.29,0,10.97
758955,531,531.01,38.9,38.9,0,10.97
758960,521,520.84,29.84,29.84,0,10.97
758965,513,513.01,21.16,21.16,0,10.97
758970,504,504.14,12.89,12.89,0,10.97
758975,495,494.97,5.1,5.1,0,10.97
758980,488,487.88,-2.2,-2.2,0,10.97
758985,479,479.05,-8.97,-8.97,0,10.97
758990,470,470.11,-15.19,-15.19,0,10.97
758995,470,469.93,-20.84,-20.84,0,10.97
759000,459,458.92,-25.92,-25.92,0,10.97
759005,455,455.09,-30.43,-30.43,0,10.97
759010,454,454.06,-34.36,-34.36,0,10.97
759015,454,453.91,-37.72,-37.72,0,10.97
759020,450,449.96,-40.54,-40.54,0,10.97
759025,450,450.09,-42.84,-42.84,0,10.97
759030,453,453.03,-44.65,-44.65,0,10.97
759035,455,454.91,-46.0,-46.0,0,10.97
759040,458,457.99,-46.93,-46.93,0,10.97
759045,461,461.09,-47.47,-47.27,0,10.97
759050,465,465.0,-47.68,-47.27,0,10.97
759055,466,465.91,-47.6,-47.27,0,10.97
759060,471,471.01,-47.27,-47.27,0,10.97
759065,476,476.09,-46.75,-46.75,0,10.97
759070,477,476.97,-46.07,-46.07,0,10.97
759075,481,480.91,-45.28,-45.28,0,10.97
759080,475,475.04,-44.43,-44.43,0,10.97
759085,485,485.1,-43.55,-43.55,0,10.97
759090,486,485.96,-42.68,-42.68,0,10.97
759095,488,487.89,-41.86,-41.86,0,10.97
759100,489,489.03,-41.11,-41.11,0,10.97
759105,489,489.11,-40.46,-40.46,0,10.97
759110,489,488.97,-39.93,-39.93,0,10.97
759115,488,487.88,-39.54,-39.54,0,10.97
759120,486,486.02,-39.31,-39.54,0,10.97
759125,483,483.13,-39.23,-39.54,0,10.97
759130,482,481.98,-39.32,-39.54,0,10.97
759135,479,478.87,-39.58,-39.58,0,10.97
759140,479,479.01,-40.01,-40.01,0,10.97
759145,474,474.13,-40.59,-40.59,0,10.97
759150,471,470.99,-41.33,-41.33,0,10.97
759155,468,467.86,-42.21,-42.21,0,10.97
759160,463,463.01,-43.22,-43.22,0,10.97
759165,463,463.15,-44.35,-44.35,0,10.97
759170,458,457.99,-45.58,-45.58,0,10.97
759175,457,456.85,-46.9,-46.9,0,10.97
759180,453,453.01,-48.3,-48.3,0,10.97
759185,451,451.16,-49.75,-49.75,0,10.97
759190,447,447.0,-51.25,-51.25,0,10.97
759195,447,446.83,-52.79,-52.79,0,10.97
759200,445,445.0,-54.34,-54.34,0,10.97
759205,444,444.18,-55.9,-55.9,0,10.97
759210,440,439.99,-57.46,-57.46,0,10.97
759215,441,440.82,-59.0,-59.0,0,10.97
759220,440,440.01,-60.53,-60.53,0,10.97
759225,439,439.19,-62.03,-62.03,0,10.97
759230,438,437.98,-63.5,-63.5,0,10.97
759235,437,436.8,-64.94,-64.94,0,10.97
759240,436,436.03,-66.33,-66.33,0,10.97
759245,438,438.22,-67.68,-67.68,0,10.97
759250,434,433.96,-68.99,-68.99,0,10.97
759255,435,434.77,-70.25,-70.25,0,10.97
759260,434,434.05,-71.47,-71.47,0,10.97
759265,434,434.25,-72.65,-72.65,0,10.97
759270,432,431.94,-73.78,-73.78,0,10.97
759275,433,432.73,-74.86,-74.86,0,10.97
759280,434,434.07,-75.91,-75.91,0,10.97
759285,418,418.28,-76.91,-76.91,0,10.97
759290,433,432.91,-77.87,-77.87,0,10.97
759295,434,433.73,-78.79,-78.79,0,10.97
759300,434,434.11,-79.67,-79.67,0,10.97
759305,434,434.25,-80.52,-80.52,0,10.97
759310,433,432.88,-81.33,-81.33,0,10.97
759315,434,433.77,-82.1,-82.1,0,10.97
759320,434,434.15,-82.82,-82.82,0,10.97
759325,435,435.21,-83.5,-83.5,0,10.97
759330,438,437.84,-84.13,-84.13,0,10.97
759335,436,435.81,-84.69,-84.69,0,10.97
759340,439,439.18,-85.18,-85.18,0,10.97
759345,439,439.18,-85.59,-85.59,0,10.97
759350,440,439.8,-85.9,-85.9,0,10.97
759355,440,439.84,-86.09,-85.9,0,10.97
759360,442,442.22,-86.14,-85.9,0,10.97
759365,442,442.15,-86.03,-85.9,0,10.97
759370,442,441.76,-85.74,-85.74,0,10.97
759375,442,441.86,-85.24,-85.24,0,10.97
759380,443,443.26,-84.49,-84.49,0,10.97
759385,444,444.13,-83.47,-83.47,0,10.97
759390,442,441.71,-82.13,-82.13,0,10.97
759395,443,442.88,-80.46,-80.46,0,10.97
759400,447,447.32,-78.4,-78.4,0,10.97
759405,446,446.12,-75.93,-75.93,0,10.97
759410,446,445.65,-73.0,-73.0,0,10.97
759415,447,446.89,-69.58,-69.58,0,10.97
759420,446,446.39,-65.64,-65.64,0,10.97
759425,444,444.11,-61.14,-61.14,0,10.97
759430,443,442.57,-56.05,-56.05,0,10.97
759435,444,443.9,-50.34,-50.34,0,10.97
759440,443,443.47,-44.0,-44.0,0,10.97
759445,441,441.09,-37.01,-37.01,0,10.97
759450,443,442.48,-29.36,-29.36,0,10.97
759455,442,441.92,-21.05,-21.05,0,10.97
759460,444,444.56,-12.09,-12.09,0,10.97
759465,452,452.08,-2.51,-2.51,0,10.97
759470,456,455.4,7.66,7.66,0,10.97
759475,462,461.93,18.38,18.38,0,10.97
759480,474,474.65,29.58,29.58,0,10.97
759485,488,488.08,41.19,41.19,0,10.97
759490,505,504.31,53.12,53.12,0,10.97
759495,528,527.92,65.29,65.29,0,10.97
759500,549,549.74,77.57,77.57,0,10.97
759505,577,577.08,89.86,89.86,0,10.97
759510,604,603.22,102.03,102.03,0,10.97
759515,630,629.92,113.96,113.96,0,10.97
759520,655,655.83,125.52,125.52,0,10.97
759525,678,678.08,136.58,136.58,0,10.97
759530,699,698.12,147.03,147.03,0,10.97
759535,717,716.92,156.75,156.75,0,10.97
759540,733,733.92,165.65,165.65,0,10.97
759545,744,744.08,173.62,173.62,0,10.97
759550,752,751.02,180.6,180.6,0,10.97
759555,756,755.91,186.52,186.52,0,10.97
759560,761,762.04,191.32,191.32,0,10.97
759565,764,764.09,194.99,194.99,0,10.97
759570,761,759.9,197.48,197.48,0,10.97
759575,758,757.89,198.81,197.48,0,10.97
759580,751,752.16,198.97,197.48,0,10.97
759585,744,744.12,197.99,197.48,0,10.97
759590,753,751.79,195.91,195.91,0,10.97
759595,723,722.87,192.77,192.77,0,10.97
759600,705,706.24,188.63,188.63,0,10.97
759605,702,702.14,183.54,183.54,0,10.97
759610,688,686.76,177.6,177.6,0,10.97
759615,683,682.84,170.86,170.86,0,10.97
759620,651,652.24,163.41,163.41,0,10.97
759625,654,654.17,155.33,155.33,0,10.97
759630,644,642.78,146.72,146.72,0,10.97
759635,633,632.83,137.64,137.64,0,10.97
759640,622,623.19,128.19,128.19,0,10.97
759645,608,608.17,118.44,118.44,0,10.97
759650,601,599.83,108.49,108.49,0,10.97
759655,592,591.84,98.39,98.39,0,10.97
759660,572,573.14,88.25,88.25,0,10.97
759665,577,577.16,78.11,78.11,0,10.97
759670,563,561.9,68.05,68.05,0,10.97
759675,557,556.84,58.14,58.14,0,10.97
759680,546,547.06,48.44,48.44,0,10.97
759685,539,539.16,39.0,39.0,0,10.97
759690,528,526.98,29.88,29.88,0,10.97
759695,519,518.84,21.12,21.12,0,10.97
759700,509,509.98,12.78,12.78,0,10.97
759705,498,498.16,4.88,4.88,0,10.97
759710,492,491.05,-2.54,-2.54,0,10.97
759715,481,480.84,-9.45,-9.45,0,10.97
759720,473,473.92,-15.82,-15.82,0,10.97
759725,466,466.16,-21.64,-21.64,0,10.97
759730,463,462.12,-26.9,-26.9,0,10.97
759735,459,458.84,-31.6,-31.6,0,10.97
759740,455,455.85,-35.75,-35.75,0,10.97
759745,464,464.17,-39.34,-39.34,0,10.97
759750,451,450.19,-42.4,-42.4,0,10.97
759755,454,453.82,-44.94,-44.94,0,10.97
759760,451,451.79,-47.0,-47.0,0,10.97
759765,453,453.21,-48.6,-48.6,0,10.97
759770,454,453.24,-49.78,-49.78,0,10.97
759775,459,458.77,-50.57,-50.57,0,10.97
759780,457,457.73,-51.01,-50.7,0,10.97
759785,463,463.24,-51.15,-50.7,0,10.97
759790,466,465.3,-51.04,-50.7,0,10.97
759795,470,469.74,-50.7,-50.7,0,10.97
759800,472,472.68,-50.2,-50.2,0,10.97
759805,475,475.28,-49.57,-49.57,0,10.97
759810,479,478.35,-48.86,-48.86,0,10.97
759815,481,480.71,-48.1,-48.1,0,10.97
759820,480,480.62,-47.33,-47.33,0,10.97
759825,483,483.31,-46.58,-46.58,0,10.97
759830,484,483.41,-45.89,-45.89,0,10.97
759835,484,483.68,-45.28,-45.28,0,10.97
759840,482,482.56,-44.78,-44.78,0,10.97
759845,484,484.34,-44.4,-44.4,0,10.97
759850,484,483.48,-44.15,-44.3,0,10.97
759855,479,478.64,-44.05,-44.3,0,10.97
759860,477,477.49,-44.1,-44.3,0,10.97
759865,476,476.38,-44.3,-44.3,0,10.97
759870,474,473.55,-44.67,-44.67,0,10.97
759875,471,470.59,-45.18,-45.18,0,10.97
759880,470,470.41,-45.85,-45.85,0,10.97
759885,467,467.43,-46.65,-46.65,0,10.97
759890,465,464.63,-47.58,-47.58,0,10.97
759895,461,460.54,-48.63,-48.63,0,10.97
759900,457,457.33,-49.78,-49.78,0,10.97
759905,455,455.49,-51.02,-51.02,0,10.97
759910,451,450.71,-52.33,-52.33,0,10.97
759915,449,448.47,-53.71,-53.71,0,10.97
759920,447,447.26,-55.13,-55.13,0,10.97
759925,443,443.56,-56.58,-56.58,0,10.97
759930,442,441.78,-58.04,-58.04,0,10.97
759935,442,441.41,-59.52,-59.52,0,10.97
759940,438,438.19,-60.99,-60.99,0,10.97
759945,436,436.62,-62.44,-62.44,0,10.97
759950,434,433.85,-63.86,-63.86,0,10.97
759955,433,432.35,-65.26,-65.26,0,10.97
759960,433,433.12,-66.62,-66.62,0,10.97
759965,431,431.68,-67.93,-67.93,0,10.97
759970,431,430.91,-69.21,-69.21,0,10.97
759975,431,430.29,-70.44,-70.44,0,10.97
759980,432,432.07,-71.62,-71.62,0,10.97
759985,429,429.75,-72.77,-72.77,0,10.97
759990,429,428.96,-73.87,-73.87,0,10.97
759995,454,453.24,-74.94,-74.94,0,10.97
760000,430,430.02,-75.97,-75.97,0,10.97
760005,430,430.75,-76.98,-76.98,0,10.97
760010,431,431.0,-77.96,-77.96,0,10.97
760015,431,430.28,-78.91,-78.91,0,10.97
760020,431,430.98,-79.83,-79.83,0,10.97
760025,432,432.69,-80.73,-80.73,0,10.97
760030,430,430.05,-81.61,-81.61,0,10.97
760035,431,430.33,-82.46,-82.46,0,10.97
760040,433,432.93,-83.28,-83.28,0,10.97
760045,429,429.64,-84.08,-84.08,0,10.97
760050,433,433.08,-84.85,-84.85,0,10.97
760055,435,434.38,-85.57,-85.57,0,10.97
760060,436,435.9,-86.26,-86.26,0,10.97
760065,435,435.59,-86.89,-86.89,0,10.97
760070,433,433.11,-87.46,-87.46,0,10.97
760075,437,436.44,-87.95,-87.95,0,10.97
760080,438,437.88,-88.35,-88.35,0,10.97
760085,439,439.53,-88.64,-88.63,0,10.97
760090,438,438.12,-88.8,-88.63,0,10.97
760095,438,437.5,-88.8,-88.63,0,10.97
760100,441,440.88,-88.63,-88.63,0,10.97
760105,438,438.48,-88.25,-88.25,0,10.97
760110,441,441.12,-87.64,-87.64,0,10.97
760115,442,441.54,-86.76,-86.76,0,10.97
760120,442,441.88,-85.58,-85.58,0,10.97
760125,442,442.43,-84.06,-84.06,0,10.97
760130,442,442.12,-82.17,-82.17,0,10.97
760135,443,442.59,-79.86,-79.86,0,10.97
760140,441,440.88,-77.11,-77.11,0,10.97
760145,443,443.38,-73.88,-73.88,0,10.97
760150,441,441.12,-70.12,-70.12,0,10.97
760155,442,441.64,-65.81,-65.81,0,10.97
760160,443,442.88,-60.91,-60.91,0,10.97
760165,442,442.34,-55.4,-55.4,0,10.97
760170,441,441.12,-49.25,-49.25,0,10.97
760175,441,440.68,-42.45,-42.45,0,10.97
760180,441,440.88,-34.99,-34.99,0,10.97
760185,442,442.3,-26.87,-26.87,0,10.97
760190,443,443.11,-18.09,-18.09,0,10.97
760195,447,446.72,-8.67,-8.67,0,10.97
760200,451,450.89,1.36,1.36,0,10.97
760205,458,458.27,11.95,11.95,0,10.97
760210,467,467.11,23.05,23.05,0,10.97
760215,482,481.75,34.59,34.59,0,10.97
760220,498,497.9,46.5,46.5,0,10.97
760225,517,517.23,58.67,58.67,0,10.97
760230,540,540.1,71.0,71.0,0,10.97
760235,566,565.79,83.39,83.39,0,10.97
760240,592,591.91,95.71,95.71,0,10.97
760245,619,619.19,107.83,107.83,0,10.97
760250,637,637.08,119.62,119.62,0,10.97
760255,669,668.83,130.97,130.97,0,10.97
760260,690,689.94,141.74,141.74,0,10.97
760265,710,710.15,151.83,151.83,0,10.97
760270,727,727.03,161.12,161.12,0,10.97
760275,741,740.87,169.51,169.51,0,10.97
760280,751,750.99,176.93,176.93,0,10.97
760285,759,759.11,183.3,183.3,0,10.97
760290,765,764.98,188.56,188.56,0,10.97
760295,767,766.91,192.68,192.68,0,10.97
760300,764,764.03,195.63,195.63,0,10.97
760305,760,760.06,197.39,195.73,0,10.97
760310,756,755.94,197.98,195.73,0,10.97
760315,744,743.96,197.42,195.73,0,10.97
760320,735,735.07,195.73,195.73,0,10.97
760325,730,730.02,192.95,192.95,0,10.97
760330,718,717.92,189.15,189.15,0,10.97
760335,707,706.99,184.38,184.38,0,10.97
760340,695,695.09,178.71,178.71,0,10.97
760345,682,682.0,172.22,172.22,0,10.97
760350,672,671.91,164.98,164.98,0,10.97
760355,657,657.02,157.08,157.08,0,10.97
760360,646,646.1,148.6,148.6,0,10.97
760365,634,633.97,139.63,139.63,0,10.97
760370,624,623.9,130.26,130.26,0,10.97
760375,617,617.05,120.57,120.57,0,10.97
760380,603,603.1,110.64,110.64,0,10.97
760385,593,592.93,100.56,100.56,0,10.97
760390,583,582.9,90.39,90.39,0,10.97
760395,574,574.1,80.23,80.23,0,10.97
760400,566,566.11,70.13,70.13,0,10.97
760405,556,555.88,60.18,60.18,0,10.97
760410,554,553.89,50.42,50.42,0,10.97
760415,539,539.15,40.92,40.92,0,10.97
760420,529,529.11,31.74,31.74,0,10.97
760425,522,521.83,22.93,22.93,0,10.97
760430,511,510.91,14.53,14.53,0,10.97
760435,503,503.2,6.59,6.59,0,10.97
760440,493,493.08,-0.87,-0.87,0,10.97
760445,486,485.77,-7.8,-7.8,0,10.97
760450,480,479.93,-14.18,-14.18,0,10.97
760455,458,458.24,-20.0,-20.0,0,10.97
760460,467,467.06,-25.25,-25.25,0,10.97
760465,462,461.76,-29.92,-29.92,0,10.97
760470,459,458.96,-34.01,-34.01,0,10.97
760475,457,457.23,-37.53,-37.53,0,10.97
760480,457,457.03,-40.5,-40.5,0,10.97
760485,455,454.78,-42.95,-42.95,0,10.97
760490,457,456.99,-44.89,-44.89,0,10.97
760495,457,457.22,-46.36,-46.36,0,10.97
760500,461,461.0,-47.4,-47.4,0,10.97
760505,462,461.79,-48.03,-48.0,0,10.97
760510,465,465.01,-48.32,-48.0,0,10.97
760515,468,468.2,-48.29,-48.0,0,10.97
760520,474,473.98,-48.0,-48.0,0,10.97
760525,474,473.81,-47.49,-47.49,0,10.97
760530,476,476.02,-46.8,-46.8,0,10.97
760535,479,479.19,-45.98,-45.98,0,10.97
760540,482,481.98,-45.08,-45.08,0,10.97
760545,484,483.82,-44.13,-44.13,0,10.97
760550,486,486.02,-43.17,-43.17,0,10.97
760555,486,486.17,-42.23,-42.23,0,10.97
760560,489,488.98,-41.36,-41.36,0,10.97
760565,489,488.83,-40.58,-40.58,0,10.97
760570,485,485.02,-39.91,-39.91,0,10.97
760575,489,489.16,-39.37,-39.37,0,10.97
760580,487,486.99,-38.99,-38.99,0,10.97
760585,491,490.85,-38.78,-38.99,0,10.97
760590,503,503.01,-38.74,-38.99,0,10.97
760595,481,481.13,-38.89,-38.99,0,10.97
760600,482,481.96,-39.23,-39.23,0,10.97
760605,477,476.89,-39.74,-39.74,0,10.97
760610,475,475.07,-40.44,-40.44,0,10.97
760615,471,471.08,-41.3,-41.3,0,10.97
760620,495,494.91,-42.33,-42.33,0,10.97
760625,467,466.94,-43.5,-43.5,0,10.97
760630,463,463.07,-44.81,-44.81,0,10.97
760635,459,459.03,-46.23,-46.23,0,10.97
760640,457,456.96,-47.75,-47.75,0,10.97
760645,454,454.0,-49.36,-49.36,0,10.97
760650,457,457.01,-51.03,-51.03,0,10.97
760655,449,448.97,-52.75,-52.75,0,10.97
760660,442,442.02,-54.5,-54.5,0,10.97
760665,444,444.05,-56.27,-56.27,0,10.97
760670,443,442.97,-58.04,-58.04,0,10.97
760675,443,442.92,-59.8,-59.8,0,10.97
760680,440,440.03,-61.55,-61.55,0,10.97
760685,438,438.1,-63.27,-63.27,0,10.97
760690,439,438.96,-64.95,-64.95,0,10.97
760695,436,435.87,-66.59,-66.59,0,10.97
760700,435,435.04,-68.18,-68.18,0,10.97
760705,431,431.15,-69.72,-69.72,0,10.97
760710,434,433.96,-71.2,-71.2,0,10.97
760715,433,432.84,-72.63,-72.63,0,10.97
760720,433,433.05,-74.0,-74.0,0,10.97
760725,433,433.18,-75.32,-75.32,0,10.97
760730,431,430.95,-76.58,-76.58,0,10.97
760735,434,433.81,-77.79,-77.79,0,10.97
760740,433,433.06,-78.95,-78.95,0,10.97
760745,438,438.21,-80.06,-80.06,0,10.97
760750,432,431.94,-81.13,-81.13,0,10.97
760755,434,433.77,-82.14,-82.14,0,10.97
760760,432,432.07,-83.12,-83.12,0,10.97
760765,434,434.26,-84.04,-84.04,0,10.97
760770,434,433.92,-84.92,-84.92,0,10.97
760775,440,439.72,-85.75,-85.75,0,10.97
760780,435,435.09,-86.51,-86.51,0,10.97
760785,439,439.3,-87.22,-87.22,0,10.97
760790,438,437.91,-87.85,-87.85,0,10.97
760795,438,437.68,-88.4,-88.4,0,10.97
760800,441,441.1,-88.85,-88.85,0,10.97
760805,441,441.34,-89.18,-89.18,0,10.97
760810,439,438.89,-89.38,-89.18,0,10.97
760815,442,441.63,-89.43,-89.18,0,10.97
760820,443,443.13,-89.29,-89.18,0,10.97
760825,442,442.4,-88.96,-88.96,0,10.97
760830,444,443.86,-88.38,-88.38,0,10.97
760835,445,444.58,-87.55,-87.55,0,10.97
760840,437,437.15,-86.41,-86.41,0,10.97
760845,445,445.45,-84.94,-84.94,0,10.97
760850,447,446.85,-83.1,-83.1,0,10.97
760855,446,445.53,-80.85,-80.85,0,10.97
760860,447,447.15,-78.16,-78.16,0,10.97
760865,447,447.5,-74.98,-74.98,0,10.97
760870,446,445.86,-71.29,-71.29,0,10.97
760875,446,445.47,-67.05,-67.05,0,10.97
760880,446,446.14,-62.22,-62.22,0,10.97
760885,431,431.55,-56.78,-56.78,0,10.97
760890,445,444.86,-50.69,-50.69,0,10.97
760895,445,444.45,-43.95,-43.95,0,10.97
760900,444,444.14,-36.53,-36.53,0,10.97
760905,440,440.54,-28.45,-28.45,0,10.97
760910,445,444.87,-19.7,-19.7,0,10.97
760915,447,446.48,-10.29,-10.29,0,10.97
760920,453,453.14,-0.27,-0.27,0,10.97
760925,457,457.51,10.34,10.34,0,10.97
760930,468,467.87,21.48,21.48,0,10.97
760935,479,478.51,33.07,33.07,0,10.97
760940,496,496.14,45.05,45.05,0,10.97
760945,515,515.48,57.32,57.32,0,10.97
760950,538,537.86,69.77,69.77,0,10.97
760955,563,562.53,82.29,82.29,0,10.97
760960,589,589.14,94.76,94.76,0,10.97
760965,619,619.46,107.05,107.05,0,10.97
760970,645,644.86,119.03,119.03,0,10.97
760975,667,666.54,130.58,130.58,0,10.97
760980,691,691.14,141.56,141.56,0,10.97
760985,710,710.45,151.85,151.85,0,10.97
760990,729,728.86,161.35,161.35,0,10.97
760995,743,742.54,169.96,169.96,0,10.97
761000,755,755.13,177.59,177.59,0,10.97
761005,764,764.46,184.16,184.16,0,10.97
761010,768,767.87,189.61,189.61,0,10.97
761015,770,769.53,193.9,193.9,0,10.97
761020,769,769.13,197.01,197.01,0,10.97
761025,764,764.47,198.91,197.51,0,10.97
761030,760,759.87,199.62,197.51,0,10.97
761035,758,757.53,199.14,197.51,0,10.97
761040,746,746.13,197.51,197.51,0,10.97
761045,733,733.46,194.77,194.77,0,10.97
761050,724,723.87,190.97,190.97,0,10.97
761055,712,711.55,186.18,186.18,0,10.97
761060,698,698.13,180.46,180.46,0,10.97
761065,687,687.44,173.89,173.89,0,10.97
761070,675,674.87,166.55,166.55,0,10.97
761075,662,661.57,158.52,158.52,0,10.97
761080,652,652.13,149.9,149.9,0,10.97
761085,638,638.42,140.76,140.76,0,10.97
761090,629,628.87,131.2,131.2,0,10.97
761095,614,613.59,121.31,121.31,0,10.97
761100,606,606.13,111.17,111.17,0,10.97
761105,594,594.41,100.86,100.86,0,10.97
761110,587,586.87,90.47,90.47,0,10.97
761115,575,574.59,80.07,80.07,0,10.97
761120,567,567.13,69.74,69.74,0,10.97
761125,558,558.41,59.54,59.54,0,10.97
761130,549,548.87,49.54,49.54,0,10.97
761135,539,538.59,39.81,39.81,0,10.97
761140,530,530.13,30.39,30.39,0,10.97
761145,521,521.41,21.35,21.35,0,10.97
761150,514,513.88,12.72,12.72,0,10.97
761155,502,501.58,4.56,4.56,0,10.97
761160,491,491.11,-3.1,-3.1,0,10.97
761165,483,483.43,-10.23,-10.23,0,10.97
761170,474,473.9,-16.81,-16.81,0,10.97
761175,470,469.57,-22.82,-22.82,0,10.97
761180,465,465.09,-28.24,-28.24,0,10.97
761185,460,460.44,-33.07,-33.07,0,10.97
761190,457,456.92,-37.31,-37.31,0,10.97
761195,454,453.56,-40.98,-40.98,0,10.97
761200,453,453.08,-44.09,-44.09,0,10.97
761205,454,454.45,-46.65,-46.65,0,10.97
761210,454,453.93,-48.7,-48.7,0,10.97
761215,457,456.54,-50.27,-50.27,0,10.97
761220,459,459.07,-51.39,-51.39,0,10.97
761225,436,436.46,-52.1,-52.1,0,10.97
761230,464,463.94,-52.45,-52.1,0,10.97
761235,468,467.58,-52.48,-52.1,0,10.97
761240,470,470.06,-52.24,-52.1,0,10.97
761245,485,485.37,-51.78,-51.78,0,10.97
761250,478,477.95,-51.15,-51.15,0,10.97
761255,479,478.66,-50.39,-50.39,0,10.97
761260,483,483.05,-49.54,-49.54,0,10.97
761265,484,484.31,-48.65,-48.65,0,10.97
761270,485,484.96,-47.76,-47.76,0,10.97
761275,486,485.71,-46.9,-46.9,0,10.97
761280,488,488.04,-46.1,-46.1,0,10.97
761285,488,488.27,-45.38,-45.38,0,10.97
761290,489,488.97,-44.78,-44.78,0,10.97
761295,486,485.75,-44.31,-44.31,0,10.97
761300,484,484.03,-43.99,-43.99,0,10.97
761305,485,485.24,-43.82,-43.99,0,10.97
761310,481,480.98,-43.82,-43.99,0,10.97
761315,479,478.77,-43.98,-43.99,0,10.97
761320,476,476.01,-44.31,-44.31,0,10.97
761325,474,474.22,-44.8,-44.8,0,10.97
761330,471,471.0,-45.45,-45.45,0,10.97
761335,469,468.79,-46.26,-46.26,0,10.97
761340,464,463.99,-47.2,-47.2,0,10.97
761345,464,464.2,-48.28,-48.28,0,10.97
761350,461,461.02,-49.48,-49.48,0,10.97
761355,459,458.81,-50.79,-50.79,0,10.97
761360,456,455.96,-52.2,-52.2,0,10.97
761365,454,454.18,-53.68,-53.68,0,10.97
761370,450,450.05,-55.24,-55.24,0,10.97
761375,448,447.83,-56.84,-56.84,0,10.97
761380,447,446.94,-58.5,-58.5,0,10.97
761385,445,445.17,-60.18,-60.18,0,10.97
761390,441,441.07,-61.88,-61.88,0,10.97
761395,440,439.83,-63.59,-63.59,0,10.97
761400,442,441.92,-65.29,-65.29,0,10.97
761405,438,438.17,-66.99,-66.99,0,10.97
761410,437,437.08,-68.67,-68.67,0,10.97
761415,436,435.83,-70.33,-70.33,0,10.97
761420,436,435.92,-71.96,-71.96,0,10.97
761425,434,434.17,-73.55,-73.55,0,10.97
761430,434,434.08,-75.1,-75.1,0,10.97
761435,432,431.83,-76.62,-76.62,0,10.97
761440,432,431.92,-78.08,-78.08,0,10.97
761445,431,431.17,-79.5,-79.5,0,10.97
761450,433,433.08,-80.86,-80.86,0,10.97
761455,436,435.83,-82.17,-82.17,0,10.97
761460,430,429.92,-83.43,-83.43,0,10.97
761465,432,432.17,-84.62,-84.62,0,10.97
761470,431,431.09,-85.75,-85.75,0,10.97
761475,426,425.84,-86.82,-86.82,0,10.97
761480,436,435.9,-87.81,-87.81,0,10.97
761485,435,435.17,-88.72,-88.72,0,10.97
761490,432,432.09,-89.54,-89.54,0,10.97
761495,434,433.82,-90.27,-90.27,0,10.97
761500,436,435.91,-90.89,-90.89,0,10.97
761505,434,434.19,-91.39,-91.39,0,10.97
761510,439,439.08,-91.75,-91.75,0,10.97
761515,439,438.79,-91.97,-91.75,0,10.97
761520,440,439.92,-92.02,-91.75,0,10.97
761525,437,437.21,-91.88,-91.75,0,10.97
761530,445,445.07,-91.53,-91.53,0,10.97
761535,441,440.78,-90.94,-90.94,0,10.97
761540,443,442.92,-90.08,-90.08,0,10.97
761545,443,443.22,-88.93,-88.93,0,10.97
761550,444,444.08,-87.45,-87.45,0,10.97
761555,447,446.78,-85.6,-85.6,0,10.97
761560,444,443.91,-83.37,-83.37,0,10.97
761565,444,444.22,-80.7,-80.7,0,10.97
761570,444,444.09,-77.57,-77.57,0,10.97
761575,444,443.78,-73.93,-73.93,0,10.97
761580,443,442.9,-69.77,-69.77,0,10.97
761585,444,444.21,-65.04,-65.04,0,10.97
761590,444,444.11,-59.73,-59.73,0,10.97
761595,445,444.79,-53.8,-53.8,0,10.97
761600,446,445.88,-47.24,-47.24,0,10.97
761605,443,443.21,-40.04,-40.04,0,10.97
761610,443,443.12,-32.19,-32.19,0,10.97
761615,446,445.8,-23.69,-23.69,0,10.97
761620,448,447.88,-14.57,-14.57,0,10.97
761625,450,450.19,-4.85,-4.85,0,10.97
761630,456,456.12,5.44,5.44,0,10.97
761635,466,465.82,16.25,16.25,0,10.97
761640,477,476.88,27.51,27.51,0,10.97
761645,491,491.17,39.15,39.15,0,10.97
761650,508,508.12,51.09,51.09,0,10.97
761655,534,533.85,63.22,63.22,0,10.97
761660,555,554.89,75.43,75.43,0,10.97
761665,580,580.14,87.61,87.61,0,10.97
761670,607,607.1,99.64,99.64,0,10.97
761675,633,632.88,111.38,111.38,0,10.97
761680,658,657.9,122.72,122.72,0,10.97
761685,682,682.09,133.53,133.53,0,10.97
761690,701,701.09,143.69,143.69,0,10.97
761695,718,717.92,153.09,153.09,0,10.97
761700,735,734.91,161.64,161.64,0,10.97
761705,743,743.06,169.24,169.24,0,10.97
761710,753,753.07,175.82,175.82,0,10.97
761715,759,758.96,181.31,181.31,0,10.97
761720,761,760.94,185.68,185.68,0,10.97
761725,762,762.02,188.89,188.89,0,10.97
761730,758,758.05,190.93,190.07,0,10.97
761735,754,754.0,191.8,190.07,0,10.97
761740,748,747.96,191.5,190.07,0,10.97
761745,738,737.98,190.07,190.07,0,10.97
761750,728,728.02,187.53,187.53,0,10.97
761755,721,721.04,183.96,183.96,0,10.97
761760,707,706.99,179.39,179.39,0,10.97
761765,702,701.93,173.9,173.9,0,10.97
761770,682,681.99,167.55,167.55,0,10.97
761775,671,671.08,160.44,160.44,0,10.97
761780,660,660.03,152.64,152.64,0,10.97
761785,648,647.91,144.23,144.23,0,10.97
761790,636,635.94,135.3,135.3,0,10.97
761795,626,626.1,125.95,125.95,0,10.97
761800,614,614.08,116.26,116.26,0,10.97
761805,604,603.89,106.3,106.3,0,10.97
761810,594,593.9,96.18,96.18,0,10.97
761815,584,584.12,85.96,85.96,0,10.97
761820,574,574.12,75.73,75.73,0,10.97
761825,565,564.87,65.57,65.57,0,10.97
761830,555,554.85,55.54,55.54,0,10.97
761835,546,546.15,45.71,45.71,0,10.97
761840,536,536.17,36.15,36.15,0,10.97
761845,529,528.84,26.92,26.92,0,10.97
761850,516,515.81,18.07,18.07,0,10.97
761855,507,507.17,9.65,9.65,0,10.97
761860,497,497.22,1.7,1.7,0,10.97
761865,489,488.83,-5.73,-5.73,0,10.97
761870,480,479.76,-12.62,-12.62,0,10.97
761875,474,474.18,-18.93,-18.93,0,10.97
761880,467,467.27,-24.66,-24.66,0,10.97
761885,464,463.81,-29.79,-29.79,0,10.97
761890,458,457.7,-34.31,-34.31,0,10.97
761895,455,455.19,-38.23,-38.23,0,10.97
761900,427,427.31,-41.55,-41.55,0,10.97
761905,454,453.8,-44.3,-44.3,0,10.97
761910,450,449.72,-46.5,-46.5,0,10.97
761915,455,455.2,-48.18,-48.18,0,10.97
761920,457,457.25,-49.38,-49.38,0,10.97
761925,457,456.8,-50.14,-50.14,0,10.97
761930,464,463.79,-50.51,-50.14,0,10.97
761935,467,467.21,-50.53,-50.14,0,10.97
761940,474,474.18,-50.25,-50.14,0,10.97
761945,477,476.78,-49.73,-49.73,0,10.97
761950,479,478.84,-49.01,-49.01,0,10.97
761955,483,483.23,-48.15,-48.15,0,10.97
761960,487,487.13,-47.2,-47.2,0,10.97
761965,489,488.76,-46.19,-46.19,0,10.97
761970,487,486.89,-45.17,-45.17,0,10.97
761975,493,493.25,-44.19,-44.19,0,10.97
761980,493,493.1,-43.26,-43.26,0,10.97
761985,494,493.74,-42.44,-42.44,0,10.97
761990,493,492.91,-41.73,-41.73,0,10.97
761995,492,492.27,-41.17,-41.17,0,10.97
762000,489,489.07,-40.77,-40.77,0,10.97
762005,488,487.72,-40.55,-40.77,0,10.97
762010,485,484.94,-40.51,-40.77,0,10.97
762015,483,483.29,-40.66,-40.77,0,10.97
762020,482,482.05,-40.99,-40.99,0,10.97
762025,478,477.69,-41.52,-41.52,0,10.97
762030,475,474.96,-42.23,-42.23,0,10.97
762035,472,472.32,-43.11,-43.11,0,10.97
762040,471,471.03,-44.17,-44.17,0,10.97
762045,466,465.67,-45.38,-45.38,0,10.97
762050,464,463.97,-46.74,-46.74,0,10.97
762055,452,452.34,-48.23,-48.23,0,10.97
762060,457,457.02,-49.83,-49.83,0,10.97
762065,456,455.66,-51.54,-51.54,0,10.97
762070,452,451.98,-53.35,-53.35,0,10.97
762075,450,450.33,-55.23,-55.23,0,10.97
762080,449,449.01,-57.17,-57.17,0,10.97
762085,448,447.68,-59.17,-59.17,0,10.97
762090,441,440.99,-61.2,-61.2,0,10.97
762095,444,444.31,-63.26,-63.26,0,10.97
762100,443,443.02,-65.34,-65.34,0,10.97
762105,451,450.71,-67.42,-67.42,0,10.97
762110,444,443.98,-69.49,-69.49,0,10.97
762115,439,439.26,-71.55,-71.55,0,10.97
762120,438,438.03,-73.57,-73.57,0,10.97
762125,438,437.77,-75.55,-75.55,0,10.97
762130,439,438.98,-77.48,-77.48,0,10.97
762135,437,437.19,-79.34,-79.34,0,10.97
762140,439,439.02,-81.11,-81.11,0,10.97
762145,439,438.85,-82.79,-82.79,0,10.97
762150,437,436.98,-84.36,-84.36,0,10.97
762155,440,440.12,-85.8,-85.8,0,10.97
762160,439,439.02,-87.1,-87.1,0,10.97
762165,442,441.92,-88.23,-88.23,0,10.97
762170,440,439.98,-89.18,-89.18,0,10.97
762175,440,440.04,-89.91,-89.91,0,10.97
762180,440,440.02,-90.42,-90.25,0,10.97
762185,440,440.0,-90.66,-90.25,0,10.97
762190,441,440.98,-90.62,-90.25,0,10.97
762195,440,439.95,-90.25,-90.25,0,10.97
762200,438,438.02,-89.54,-89.54,0,10.97
762205,426,426.08,-88.44,-88.44,0,10.97
762210,441,440.99,-86.93,-86.93,0,10.97
762215,442,441.91,-84.98,-84.98,0,10.97
762220,440,440.0,-82.55,-82.55,0,10.97
762225,440,440.09,-79.61,-79.61,0,10.97
762230,439,439.01,-76.13,-76.13,0,10.97
762235,441,440.91,-72.09,-72.09,0,10.97
762240,440,439.98,-67.47,-67.47,0,10.97
762245,440,440.08,-62.23,-62.23,0,10.97
762250,440,440.02,-56.37,-56.37,0,10.97
762255,441,440.92,-49.87,-49.87,0,10.97
762260,439,438.97,-42.74,-42.74,0,10.97
762265,439,439.07,-34.97,-34.97,0,10.97
762270,441,441.04,-26.57,-26.57,0,10.97
762275,443,442.94,-17.57,-17.57,0,10.97
762280,448,447.95,-8.01,-8.01,0,10.97
762285,455,455.06,2.09,2.09,0,10.97
762290,463,463.06,12.65,12.65,0,10.97
762295,476,475.95,23.61,23.61,0,10.97
762300,493,492.94,34.89,34.89,0,10.97
762305,511,511.05,46.39,46.39,0,10.97
762310,533,533.07,58.02,58.02,0,10.97
762315,558,557.96,69.66,69.66,0,10.97
762320,582,581.92,81.2,81.2,0,10.97
762325,608,608.03,92.5,92.5,0,10.97
762330,632,632.08,103.46,103.46,0,10.97
762335,655,654.97,113.94,113.94,0,10.97
762340,676,675.91,123.84,123.84,0,10.97
762345,694,694.02,133.03,133.03,0,10.97
762350,709,709.09,141.43,141.43,0,10.97
762355,723,722.98,148.93,148.93,0,10.97
762360,729,728.9,155.46,155.46,0,10.97
762365,738,738.0,160.96,160.96,0,10.97
762370,740,740.11,165.38,165.38,0,10.97
762375,741,741.0,168.67,168.67,0,10.97
762380,739,738.88,170.83,170.48,0,10.97
762385,734,733.99,171.84,170.48,0,10.97
762390,728,728.12,171.72,170.48,0,10.97
762395,722,722.02,170.48,170.48,0,10.97
762400,713,712.87,168.17,168.17,0,10.97
762405,702,701.97,164.82,164.82,0,10.97
762410,690,690.14,160.49,160.49,0,10.97
762415,681,681.04,155.24,155.24,0,10.97
762420,668,667.86,149.15,149.15,0,10.97
762425,656,655.94,142.29,142.29,0,10.97
762430,639,639.14,134.74,134.74,0,10.97
762435,633,633.08,126.59,126.59,0,10.97
762440,620,619.86,117.92,117.92,0,10.97
762445,614,613.91,108.81,108.81,0,10.97
762450,602,602.13,99.36,99.36,0,10.97
762455,590,590.1,89.66,89.66,0,10.97
762460,580,579.87,79.78,79.78,0,10.97
762465,570,569.89,69.81,69.81,0,10.97
762470,560,560.13,59.83,59.83,0,10.97
762475,550,550.12,49.93,49.93,0,10.97
762480,539,538.87,40.17,40.17,0,10.97
762485,528,527.87,30.62,30.62,0,10.97
762490,518,518.13,21.37,21.37,0,10.97
762495,508,508.14,12.46,12.46,0,10.97
762500,498,497.87,3.95,3.95,0,10.97
762505,489,488.84,-4.09,-4.09,0,10.97
762510,479,479.13,-11.64,-11.64,0,10.97
762515,470,470.17,-18.64,-18.64,0,10.97
762520,463,462.87,-25.08,-25.08,0,10.97
762525,456,455.82,-30.91,-30.91,0,10.97
762530,450,450.13,-36.13,-36.13,0,10.97
762535,446,446.19,-40.74,-40.74,0,10.97
762540,444,443.87,-44.71,-44.71,0,10.97
762545,441,440.8,-48.08,-48.08,0,10.97
762550,442,442.13,-50.84,-50.84,0,10.97
762555,442,442.22,-53.02,-53.02,0,10.97
762560,442,441.87,-54.66,-54.66,0,10.97
762565,446,445.77,-55.78,-55.78,0,10.97
762570,448,448.13,-56.42,-55.95,0,10.97
762575,454,454.25,-56.63,-55.95,0,10.97
762580,458,457.86,-56.46,-55.95,0,10.97
762585,461,460.74,-55.95,-55.95,0,10.97
762590,465,465.14,-55.17,-55.17,0,10.97
762595,470,470.28,-54.16,-54.16,0,10.97
762600,474,473.86,-52.97,-52.97,0,10.97
762605,474,473.69,-51.66,-51.66,0,10.97
762610,480,480.13,-50.27,-50.27,0,10.97
762615,483,483.34,-48.86,-48.86,0,10.97
762620,486,485.87,-47.48,-47.48,0,10.97
762625,487,486.63,-46.16,-46.16,0,10.97
762630,490,490.13,-44.94,-44.94,0,10.97
762635,487,487.4,-43.85,-43.85,0,10.97
762640,488,487.87,-42.94,-42.94,0,10.97
762645,507,506.58,-42.21,-42.21,0,10.97
762650,488,488.13,-41.7,-41.7,0,10.97
762655,485,485.41,-41.41,-41.7,0,10.97
762660,485,484.86,-41.36,-41.7,0,10.97
762665,482,481.61,-41.55,-41.7,0,10.97
762670,481,481.14,-41.99,-41.99,0,10.97
762675,478,478.37,-42.67,-42.67,0,10.97
762680,476,475.85,-43.59,-43.59,0,10.97
762685,472,471.65,-44.74,-44.74,0,10.97
762690,469,469.15,-46.1,-46.1,0,10.97
762695,464,464.33,-47.67,-47.67,0,10.97
762700,462,461.84,-49.43,-49.43,0,10.97
762705,459,458.69,-51.36,-51.36,0,10.97
762710,455,455.17,-53.44,-53.44,0,10.97
762715,451,451.29,-55.66,-55.66,0,10.97
762720,450,449.83,-57.99,-57.99,0,10.97
762725,447,446.73,-60.41,-60.41,0,10.97
762730,445,445.18,-62.91,-62.91,0,10.97
762735,443,443.25,-65.46,-65.46,0,10.97
762740,440,439.82,-68.05,-68.05,0,10.97
762745,440,439.77,-70.64,-70.64,0,10.97
762750,438,438.19,-73.22,-73.22,0,10.97
762755,438,438.21,-75.77,-75.77,0,10.97
762760,436,435.8,-78.27,-78.27,0,10.97
762765,436,435.82,-80.7,-80.7,0,10.97
762770,433,433.21,-83.02,-83.02,0,10.97
762775,434,434.17,-85.23,-85.23,0,10.97
762780,435,434.78,-87.3,-87.3,0,10.97
762785,433,432.85,-89.2,-89.2,0,10.97
762790,430,430.22,-90.9,-90.9,0,10.97
762795,435,435.13,-92.39,-92.39,0,10.97
762800,433,432.78,-93.64,-93.64,0,10.97
762805,433,432.89,-94.62,-94.62,0,10.97
762810,434,434.21,-95.29,-95.21,0,10.97
762815,435,435.1,-95.64,-95.21,0,10.97
762820,433,432.79,-95.62,-95.21,0,10.97
762825,433,432.91,-95.21,-95.21,0,10.97
762831,432,432.21,-94.37,-94.37,0,10.97
762835,434,434.09,-93.08,-93.08,0,10.97
762840,433,432.79,-91.29,-91.29,0,10.97
762845,435,434.92,-88.97,-88.97,0,10.97
762850,435,435.21,-86.11,-86.11,0,10.97
762855,434,434.08,-82.65,-82.65,0,10.97
762860,437,436.79,-78.59,-78.59,0,10.97
762865,435,434.93,-73.88,-73.88,0,10.97
762870,436,436.21,-68.52,-68.52,0,10.97
762875,434,434.06,-62.48,-62.48,0,10.97
762880,434,433.79,-55.76,-55.76,0,10.97
762885,436,435.95,-48.34,-48.34,0,10.97
762890,435,435.21,-40.23,-40.23,0,10.97
762895,441,441.04,-31.45,-31.45,0,10.97
762900,441,440.79,-22.01,-22.01,0,10.97
762905,443,442.97,-11.95,-11.95,0,10.97
762910,449,449.21,-1.31,-1.31,0,10.97
762915,462,462.04,9.85,9.85,0,10.97
762920,474,473.8,21.46,21.46,0,10.97
762925,489,488.96,33.44,33.44,0,10.97
762930,509,509.2,45.69,45.69,0,10.97
762935,532,532.05,58.11,58.11,0,10.97
762940,557,556.81,70.59,70.59,0,10.97
762945,582,581.95,83.0,83.0,0,10.97
762950,610,610.18,95.21,95.21,0,10.97
762955,636,636.06,107.11,107.11,0,10.97
762960,660,659.82,118.57,118.57,0,10.97
762965,682,681.93,129.45,129.45,0,10.97
762970,699,699.16,139.66,139.66,0,10.97
762975,716,716.08,149.07,149.07,0,10.97
762980,731,730.84,157.59,157.59,0,10.97
762985,747,746.91,165.14,165.14,0,10.97
762990,749,749.14,171.65,171.65,0,10.97
762995,752,752.08,177.06,177.06,0,10.97
763000,755,754.86,181.32,181.32,0,10.97
763005,755,754.93,184.43,184.43,0,10.97
763010,751,751.12,186.35,185.16,0,10.97
763015,747,747.06,187.1,185.16,0,10.97
763020,737,736.88,186.69,185.16,0,10.97
763025,730,729.95,185.16,185.16,0,10.97
763030,722,722.11,182.53,182.53,0,10.97
763035,711,711.04,178.87,178.87,0,10.97
763040,701,700.89,174.23,174.23,0,10.97
763045,689,688.97,168.68,168.68,0,10.97
763050,677,677.11,162.28,162.28,0,10.97
763055,667,667.03,155.12,155.12,0,10.97
763060,654,653.9,147.28,147.28,0,10.97
763065,643,642.98,138.85,138.85,0,10.97
763070,633,633.1,129.89,129.89,0,10.97
763075,621,621.02,120.51,120.51,0,10.97
763080,603,602.9,110.79,110.79,0,10.97
763085,602,601.99,100.8,100.8,0,10.97
763090,593,593.12,90.63,90.63,0,10.97
763095,581,581.0,80.36,80.36,0,10.97
763100,571,570.85,70.07,70.07,0,10.97
763105,562,562.01,59.82,59.82,0,10.97
763110,553,553.18,49.7,49.7,0,10.97
763115,544,543.99,39.76,39.76,0,10.97
763120,533,532.79,30.06,30.06,0,10.97
763125,522,522.02,20.68,20.68,0,10.97
763130,512,512.24,11.65,11.65,0,10.97
763135,504,503.98,3.04,3.04,0,10.97
763140,492,491.73,-5.12,-5.12,0,10.97
763145,484,484.03,-12.78,-12.78,0,10.97
763150,474,474.31,-19.92,-19.92,0,10.97
763155,467,466.98,-26.51,-26.51,0,10.97
763160,461,460.66,-32.52,-32.52,0,10.97
763165,456,456.03,-37.95,-37.95,0,10.97
763170,450,450.37,-42.79,-42.79,0,10.97
763175,447,446.97,-47.04,-47.04,0,10.97
763180,448,447.6,-50.71,-50.71,0,10.97
763185,446,446.04,-53.81,-53.81,0,10.97
763190,442,442.43,-56.37,-56.37,0,10.97
763195,446,445.95,-58.42,-58.42,0,10.97
763200,446,445.55,-59.98,-59.98,0,10.97
763205,450,450.06,-61.09,-61.09,0,10.97
763210,439,439.46,-61.79,-61.79,0,10.97
763215,459,458.94,-62.13,-61.79,0,10.97
763220,462,461.54,-62.15,-61.79,0,10.97
763225,464,464.07,-61.91,-61.79,0,10.97
763230,467,467.44,-61.44,-61.44,0,10.97
763235,471,470.93,-60.8,-60.8,0,10.97
763240,473,472.57,-60.04,-60.04,0,10.97
763245,476,476.08,-59.19,-59.19,0,10.97
763250,478,478.41,-58.3,-58.3,0,10.97
763255,480,479.92,-57.41,-57.41,0,10.97
763260,480,479.6,-56.56,-56.56,0,10.97
763265,481,481.08,-55.76,-55.76,0,10.97
763270,479,479.39,-55.07,-55.07,0,10.97
763275,481,480.92,-54.48,-54.48,0,10.97
763280,478,477.62,-54.03,-54.03,0,10.97
763285,479,479.08,-53.73,-53.82,0,10.97
763290,471,471.36,-53.59,-53.82,0,10.97
763295,472,471.91,-53.62,-53.82,0,10.97
763300,473,472.66,-53.82,-53.82,0,10.97
763305,467,467.09,-54.19,-54.19,0,10.97
763310,465,465.32,-54.73,-54.73,0,10.97
763315,463,462.9,-55.44,-55.44,0,10.97
763320,460,459.71,-56.31,-56.31,0,10.97
763325,462,462.11,-57.33,-57.33,0,10.97
763330,456,456.27,-58.49,-58.49,0,10.97
763335,453,452.88,-59.78,-59.78,0,10.97
763340,448,447.75,-61.19,-61.19,0,10.97
763345,450,450.14,-62.71,-62.71,0,10.97
763350,443,443.23,-64.32,-64.32,0,10.97
763355,441,440.84,-66.0,-66.0,0,10.97
763360,440,439.79,-67.76,-67.76,0,10.97
763365,437,437.19,-69.56,-69.56,0,10.97
763370,437,437.19,-71.41,-71.41,0,10.97
763375,436,435.78,-73.28,-73.28,0,10.97
763380,433,432.83,-75.18,-75.18,0,10.97
763385,434,434.24,-77.08,-77.08,0,10.97
763390,434,434.16,-78.97,-78.97,0,10.97
763395,431,430.73,-80.85,-80.85,0,10.97
763400,429,428.85,-82.71,-82.71,0,10.97
763405,429,429.3,-84.54,-84.54,0,10.97
763410,430,430.14,-86.32,-86.32,0,10.97
763415,431,430.68,-88.05,-88.05,0,10.97
763420,430,429.86,-89.72,-89.72,0,10.97
763425,431,431.35,-91.32,-91.32,0,10.97
763430,432,432.13,-92.83,-92.83,0,10.97
763435,431,430.63,-94.25,-94.25,0,10.97
763440,431,430.87,-95.56,-95.56,0,10.97
763445,431,431.4,-96.74,-96.74,0,10.97
763450,431,431.14,-97.77,-97.77,0,10.97
763455,432,431.57,-98.65,-98.65,0,10.97
763460,433,432.86,-99.34,-99.34,0,10.97
763465,431,431.46,-99.83,-99.81,0,10.97
763470,433,433.14,-100.08,-99.81,0,10.97
763475,434,433.52,-100.09,-99.81,0,10.97
763480,434,433.87,-99.81,-99.81,0,10.97
763485,436,436.51,-99.22,-99.22,0,10.97
763490,436,436.13,-98.28,-98.28,0,10.97
763495,440,439.46,-96.97,-96.97,0,10.97
763500,436,435.86,-95.26,-95.26,0,10.97
763505,437,437.56,-93.09,-93.09,0,10.97
763510,439,439.14,-90.45,-90.45,0,10.97
763515,440,439.42,-87.3,-87.3,0,10.97
763520,439,438.85,-83.6,-83.6,0,10.97
763525,439,439.6,-79.32,-79.32,0,10.97
763530,439,439.15,-74.43,-74.43,0,10.97
763535,456,455.39,-68.9,-68.9,0,10.97
763540,442,441.84,-62.72,-62.72,0,10.97
763545,439,439.6,-55.85,-55.85,0,10.97
763550,440,440.16,-48.29,-48.29,0,10.97
763555,440,439.42,-40.02,-40.02,0,10.97
763560,442,441.84,-31.06,-31.06,0,10.97
763565,442,442.56,-21.41,-21.41,0,10.97
763570,446,446.16,-11.09,-11.09,0,10.97
763575,452,451.47,-0.14,-0.14,0,10.97
763580,461,460.84,11.38,11.38,0,10.97
763585,473,473.52,23.43,23.43,0,10.97
763590,489,489.16,35.92,35.92,0,10.97
763595,508,507.51,48.77,48.77,0,10.97
763600,529,528.84,61.87,61.87,0,10.97
763605,557,557.48,75.12,75.12,0,10.97
763610,583,583.17,88.38,88.38,0,10.97
763615,614,613.54,101.55,101.55,0,10.97
763620,640,639.83,114.48,114.48,0,10.97
763625,666,666.44,127.05,127.05,0,10.97
763630,692,692.17,139.13,139.13,0,10.97
763635,724,723.58,150.59,150.59,0,10.97
763640,731,730.82,161.33,161.33,0,10.97
763645,748,748.38,171.23,171.23,0,10.97
763650,759,759.19,180.21,180.21,0,10.97
763655,768,767.66,188.19,188.19,0,10.97
763660,774,773.8,195.11,195.11,0,10.97
763665,777,777.29,200.91,200.91,0,10.97
763670,779,779.21,205.56,205.56,0,10.97
763675,774,773.75,209.04,209.04,0,10.97
763680,769,768.77,211.34,211.32,0,10.97
763685,766,766.21,212.48,211.32,0,10.97
763690,759,759.25,212.46,211.32,0,10.97
763695,752,751.83,211.32,211.32,0,10.97
763700,744,743.73,209.11,209.11,0,10.97
763705,734,734.13,205.86,205.86,0,10.97
763710,724,724.29,201.64,201.64,0,10.97
763715,714,713.9,196.5,196.5,0,10.97
763720,703,702.69,190.51,190.51,0,10.97
763725,692,692.06,183.76,183.76,0,10.97
763730,684,684.34,176.3,176.3,0,10.97
763735,673,672.98,168.21,168.21,0,10.97
763740,663,662.64,159.58,159.58,0,10.97
763745,653,652.98,150.47,150.47,0,10.97
763750,645,645.39,140.97,140.97,0,10.97
763755,635,635.06,131.15,131.15,0,10.97
763760,626,625.58,121.09,121.09,0,10.97
763765,617,616.9,110.85,110.85,0,10.97
763770,608,608.46,100.5,100.5,0,10.97
763775,598,598.15,90.12,90.12,0,10.97
763780,591,590.51,79.78,79.78,0,10.97
763785,579,578.81,69.53,69.53,0,10.97
763790,570,570.52,59.43,59.43,0,10.97
763795,557,557.23,49.55,49.55,0,10.97
763800,547,546.44,39.94,39.94,0,10.97
763805,537,536.73,30.65,30.65,0,10.97
763810,523,523.59,21.73,21.73,0,10.97
763815,514,514.31,13.22,13.22,0,10.97
763820,507,506.38,5.16,5.16,0,10.97
763825,493,492.66,-2.42,-2.42,0,10.97
763830,482,482.65,-9.5,-9.5,0,10.97
763835,477,477.39,-16.05,-16.05,0,10.97
763840,470,469.33,-22.06,-22.06,0,10.97
763845,466,465.57,-27.53,-27.53,0,10.97
763850,462,462.7,-32.46,-32.46,0,10.97
763855,458,458.47,-36.86,-36.86,0,10.97
763860,481,480.3,-40.74,-40.74,0,10.97
763865,457,456.49,-44.11,-44.11,0,10.97
763870,457,457.69,-47.02,-47.02,0,10.97
763875,459,459.55,-49.48,-49.48,0,10.97
763880,462,461.35,-51.53,-51.53,0,10.97
763885,484,483.42,-53.2,-53.2,0,10.97
763890,464,464.61,-54.53,-54.53,0,10.97
763895,466,466.58,-55.56,-55.56,0,10.97
763900,466,465.43,-56.33,-56.33,0,10.97
763905,468,467.43,-56.88,-56.88,0,10.97
763910,476,476.55,-57.25,-57.25,0,10.97
763915,472,472.56,-57.46,-57.46,0,10.97
763920,474,473.47,-57.57,-57.57,0,10.97
763925,476,475.45,-57.61,-57.57,0,10.97
763930,475,475.51,-57.6,-57.57,0,10.97
763935,476,476.55,-57.57,-57.59,0,10.97
763940,477,476.5,-57.56,-57.6,0,10.97
763945,477,476.46,-57.59,-57.6,0,10.97
763950,475,475.48,-57.67,-57.67,0,10.97
763955,473,473.53,-57.82,-57.82,0,10.97
763960,472,471.54,-58.05,-58.05,0,10.97
763965,471,470.48,-58.38,-58.38,0,10.97
763970,468,468.45,-58.8,-58.8,0,10.97
763975,462,462.51,-59.33,-59.33,0,10.97
763980,463,462.56,-59.95,-59.95,0,10.97
763985,460,459.51,-60.68,-60.68,0,10.97
763990,456,456.43,-61.5,-61.5,0,10.97
763995,455,455.48,-62.4,-62.4,0,10.97
764000,452,451.59,-63.39,-63.39,0,10.97
764005,449,448.54,-64.46,-64.46,0,10.97
764010,446,446.4,-65.58,-65.58,0,10.97
764015,443,443.45,-66.76,-66.76,0,10.97
764020,442,441.61,-67.99,-67.99,0,10.97
764025,439,438.57,-69.24,-69.24,0,10.97
764030,437,437.38,-70.52,-70.52,0,10.97
764035,439,439.43,-71.82,-71.82,0,10.97
764040,434,433.64,-73.12,-73.12,0,10.97
764045,430,429.58,-74.43,-74.43,0,10.97
764050,431,431.35,-75.72,-75.72,0,10.97
764055,429,429.43,-76.99,-76.99,0,10.97
764060,427,426.66,-78.25,-78.25,0,10.97
764065,425,424.56,-79.48,-79.48,0,10.97
764070,426,426.33,-80.68,-80.68,0,10.97
764075,426,426.45,-81.85,-81.85,0,10.97
764080,424,423.67,-82.99,-82.99,0,10.97
764085,424,423.54,-84.1,-84.1,0,10.97
764090,425,425.32,-85.18,-85.18,0,10.97
764095,423,423.48,-86.23,-86.23,0,10.97
764100,423,422.68,-87.25,-87.25,0,10.97
764105,442,441.51,-88.25,-88.25,0,10.97
764110,422,422.32,-89.22,-89.22,0,10.97
764115,425,425.47,-90.17,-90.17,0,10.97
764120,422,421.68,-91.09,-91.09,0,10.97
764125,424,423.56,-91.99,-91.99,0,10.97
764130,423,423.33,-92.86,-92.86,0,10.97
764135,431,431.42,-93.69,-93.69,0,10.97
764140,423,422.67,-94.5,-94.5,0,10.97
764145,424,423.59,-95.26,-95.26,0,10.97
764150,427,427.34,-95.98,-95.98,0,10.97
764155,427,427.41,-96.65,-96.65,0,10.97
764160,428,427.65,-97.25,-97.25,0,10.97
764165,430,429.6,-97.78,-97.78,0,10.97
764170,429,429.36,-98.22,-98.22,0,10.97
764175,430,430.4,-98.55,-98.55,0,10.97
764180,431,430.62,-98.76,-98.55,0,10.97
764185,432,431.6,-98.82,-98.55,0,10.97
764190,433,433.39,-98.71,-98.55,0,10.97
764195,436,436.4,-98.41,-98.41,0,10.97
764200,460,459.61,-97.88,-97.88,0,10.97
764205,435,434.6,-97.1,-97.1,0,10.97
764210,438,438.35,-96.03,-96.03,0,10.97
764215,435,435.41,-94.62,-94.62,0,10.97
764220,427,426.69,-92.85,-92.85,0,10.97
764225,438,437.58,-90.66,-90.66,0,10.97
764230,435,435.28,-88.02,-88.02,0,10.97
764235,438,438.42,-84.88,-84.88,0,10.97
764240,437,436.74,-81.21,-81.21,0,10.97
764245,436,435.57,-76.97,-76.97,0,10.97
764250,437,437.24,-72.11,-72.11,0,10.97
764255,438,438.44,-66.62,-66.62,0,10.97
764260,436,435.78,-60.45,-60.45,0,10.97
764265,438,437.55,-53.59,-53.59,0,10.97
764270,438,438.2,-46.02,-46.02,0,10.97
764275,437,437.46,-37.73,-37.73,0,10.97
764280,437,436.82,-28.71,-28.71,0,10.97
764285,438,437.52,-18.99,-18.99,0,10.97
764290,442,442.17,-8.57,-8.57,0,10.97
764295,448,448.5,2.5,2.5,0,10.97
764300,456,455.85,14.18,14.18,0,10.97
764305,468,467.48,26.41,26.41,0,10.97
764310,485,485.14,39.1,39.1,0,10.97
764315,506,506.55,52.18,52.18,0,10.97
764320,529,528.87,65.54,65.54,0,10.97
764325,557,556.43,79.06,79.06,0,10.97
764330,584,584.12,92.62,92.62,0,10.97
764335,612,612.59,106.1,106.1,0,10.97
764340,641,640.89,119.36,119.36,0,10.97
764345,668,667.38,132.27,132.27,0,10.97
764350,692,692.09,144.7,144.7,0,10.97
764355,714,714.64,156.53,156.53,0,10.97
764360,730,729.91,167.63,167.63,0,10.97
764365,747,746.32,177.91,177.91,0,10.97
764370,762,762.08,187.27,187.27,0,10.97
764375,770,770.7,195.62,195.62,0,10.97
764380,776,775.92,202.91,202.91,0,10.97
764385,781,780.26,209.06,209.06,0,10.97
764390,784,784.08,214.06,214.06,0,10.97
764395,778,778.77,217.86,217.86,0,10.97
764400,775,774.91,220.47,220.47,0,10.97
764405,793,792.21,221.89,220.47,0,10.97
764410,763,763.11,222.13,220.47,0,10.97
764415,754,754.78,221.23,220.47,0,10.97
764420,747,746.88,219.23,219.23,0,10.97
764425,735,734.25,216.17,216.17,0,10.97
764430,726,726.13,212.13,212.13,0,10.97
764435,715,715.73,207.15,207.15,0,10.97
764440,706,705.86,201.31,201.31,0,10.97
764445,696,695.3,194.67,194.67,0,10.97
764450,684,684.15,187.33,187.33,0,10.97
764455,675,675.68,179.34,179.34,0,10.97
764460,668,667.85,170.79,170.79,0,10.97
764465,657,656.34,161.75,161.75,0,10.97
764470,647,647.15,152.3,152.3,0,10.97
764475,636,636.63,142.52,142.52,0,10.97
764480,629,628.85,132.47,132.47,0,10.97
764485,619,618.39,122.23,122.23,0,10.97
764490,610,610.15,111.87,111.87,0,10.97
764495,601,601.59,101.45,101.45,0,10.97
764500,593,592.85,91.05,91.05,0,10.97
764505,583,582.43,80.71,80.71,0,10.97
764510,575,575.15,70.5,70.5,0,10.97
764515,564,564.54,60.48,60.48,0,10.97
764520,554,553.85,50.7,50.7,0,10.97
764525,540,539.47,41.22,41.22,0,10.97
764530,530,530.15,32.06,32.06,0,10.97
764535,519,519.52,23.29,23.29,0,10.97
764540,510,509.85,14.93,14.93,0,10.97
764545,499,498.5,7.02,7.02,0,10.97
764550,490,490.15,-0.41,-0.41,0,10.97
764555,482,482.5,-7.34,-7.34,0,10.97
764560,475,474.86,-13.75,-13.75,0,10.97
764565,470,469.51,-19.64,-19.64,0,10.97
764570,466,466.14,-25.01,-25.01,0,10.97
764575,461,461.48,-29.85,-29.85,0,10.97
764580,459,458.86,-34.18,-34.18,0,10.97
764585,458,457.53,-38.01,-38.01,0,10.97
764590,455,455.14,-41.36,-41.36,0,10.97
764595,456,456.46,-44.25,-44.25,0,10.97
764600,458,457.86,-46.72,-46.72,0,10.97
764605,459,458.55,-48.8,-48.8,0,10.97
764610,461,461.13,-50.52,-50.52,0,10.97
764615,462,462.44,-51.92,-51.92,0,10.97
764620,464,463.87,-53.04,-53.04,0,10.97
764625,466,465.57,-53.91,-53.91,0,10.97
764630,465,465.13,-54.59,-54.59,0,10.97
764635,466,466.42,-55.1,-55.1,0,10.97
764640,469,468.88,-55.48,-55.48,0,10.97
764645,476,475.59,-55.76,-55.76,0,10.97
764650,470,470.11,-55.99,-55.99,0,10.97
764655,470,470.38,-56.19,-56.19,0,10.97
764660,471,470.89,-56.38,-56.38,0,10.97
764665,468,467.64,-56.59,-56.59,0,10.97
764670,471,471.1,-56.84,-56.84,0,10.97
764675,468,468.33,-57.14,-57.14,0,10.97
764680,467,466.91,-57.51,-57.51,0,10.97
764685,463,462.69,-57.95,-57.95,0,10.97
764690,460,460.09,-58.47,-58.47,0,10.97
764695,458,458.29,-59.08,-59.08,0,10.97
764700,456,455.92,-59.76,-59.76,0,10.97
764705,456,455.73,-60.53,-60.53,0,10.97
764710,453,453.07,-61.37,-61.37,0,10.97
764715,448,448.25,-62.28,-62.28,0,10.97
764720,446,445.93,-63.25,-63.25,0,10.97
764725,440,439.78,-64.27,-64.27,0,10.97
764730,441,441.06,-65.33,-65.33,0,10.97
764735,437,437.2,-66.41,-66.41,0,10.97
764740,436,435.94,-67.51,-67.51,0,10.97
764745,433,432.81,-68.61,-68.61,0,10.97
764750,429,429.06,-69.71,-69.71,0,10.97
764755,430,430.17,-70.78,-70.78,0,10.97
764760,430,429.95,-71.83,-71.83,0,10.97
764765,429,428.85,-72.85,-72.85,0,10.97
764770,426,426.04,-73.82,-73.82,0,10.97
764775,425,425.13,-74.74,-74.74,0,10.97
764780,425,424.98,-75.61,-75.61,0,10.97
764785,422,421.89,-76.41,-76.41,0,10.97
764790,427,427.01,-77.15,-77.15,0,10.97
764795,423,423.1,-77.82,-77.82,0,10.97
764800,422,422.0,-78.43,-78.43,0,10.97
764805,422,421.92,-78.96,-78.96,0,10.97
764810,421,421.0,-79.43,-79.43,0,10.97
764815,421,421.07,-79.84,-79.84,0,10.97
764820,419,419.01,-80.18,-80.18,0,10.97
764825,422,421.95,-80.46,-80.46,0,10.97
764830,421,420.99,-80.68,-80.68,0,10.97
764835,420,420.03,-80.87,-80.87,0,10.97
764840,422,422.01,-81.01,-81.01,0,10.97
764845,422,421.99,-81.11,-81.11,0,10.97
764850,426,425.99,-81.19,-81.19,0,10.97
764855,424,423.99,-81.26,-81.26,0,10.97
764860,423,423.0,-81.32,-81.32,0,10.97
764865,422,422.03,-81.37,-81.37,0,10.97
764870,426,426.01,-81.44,-81.44,0,10.97
764875,424,423.96,-81.52,-81.52,0,10.97
764880,429,428.98,-81.62,-81.62,0,10.97
764885,426,426.06,-81.75,-81.75,0,10.97
764890,425,425.02,-81.92,-81.92,0,10.97
764895,428,427.93,-82.13,-82.13,0,10.97
764900,427,426.97,-82.38,-82.38,0,10.97
764905,426,426.09,-82.68,-82.68,0,10.97
764910,427,427.03,-83.03,-83.03,0,10.97
764915,428,427.9,-83.42,-83.42,0,10.97
764920,429,428.98,-83.87,-83.87,0,10.97
764925,430,430.11,-84.35,-84.35,0,10.97
764930,430,430.02,-84.88,-84.88,0,10.97
764935,432,431.88,-85.43,-85.43,0,10.97
764940,432,431.98,-86.01,-86.01,0,10.97
764945,432,432.13,-86.6,-86.6,0,10.97
764950,433,433.02,-87.18,-87.18,0,10.97
764955,435,434.86,-87.74,-87.74,0,10.97
764960,436,435.99,-88.26,-88.26,0,10.97
764965,436,436.14,-88.72,-88.72,0,10.97
764970,437,437.01,-89.09,-89.09,0,10.97
764975,438,437.85,-89.33,-89.09,0,10.97
764980,438,438.0,-89.43,-89.09,0,10.97
764985,438,438.16,-89.33,-89.09,0,10.97
764990,436,435.99,-89.02,-89.02,0,10.97
764995,439,438.84,-88.44,-88.44,0,10.97
765000,438,438.02,-87.55,-87.55,0,10.97
765005,437,437.17,-86.31,-86.31,0,10.97
765010,437,436.97,-84.67,-84.67,0,10.97
765015,437,436.83,-82.59,-82.59,0,10.97
765020,436,436.04,-80.02,-80.02,0,10.97
765025,435,435.17,-76.92,-76.92,0,10.97
765030,435,434.95,-73.23,-73.23,0,10.97
765035,434,433.83,-68.93,-68.93,0,10.97
765040,432,432.07,-63.96,-63.96,0,10.97
765045,429,429.17,-58.29,-58.29,0,10.97
765050,430,429.92,-51.9,-51.9,0,10.97
765055,432,431.83,-44.77,-44.77,0,10.97
765060,430,430.09,-36.87,-36.87,0,10.97
765065,432,432.16,-28.21,-28.21,0,10.97
765070,434,433.9,-18.79,-18.79,0,10.97
765075,436,435.85,-8.63,-8.63,0,10.97
765080,440,440.11,2.23,2.23,0,10.97
765085,447,447.15,13.76,13.76,0,10.97
765090,460,459.89,25.88,25.88,0,10.97
765095,476,475.87,38.54,38.54,0,10.97
765100,495,495.13,51.64,51.64,0,10.97
765105,518,518.13,65.07,65.07,0,10.97
765110,543,542.87,78.72,78.72,0,10.97
765115,571,570.89,92.46,92.46,0,10.97
765120,601,601.14,106.17,106.17,0,10.97
765125,631,631.1,119.71,119.71,0,10.97
765130,659,658.84,132.94,132.94,0,10.97
765135,685,684.9,145.72,145.72,0,10.97
765140,709,709.16,157.91,157.91,0,10.97
765145,731,731.09,169.4,169.4,0,10.97
765150,747,746.82,180.07,180.07,0,10.97
765155,761,760.91,189.82,189.82,0,10.97
765160,774,774.19,198.55,198.55,0,10.97
765165,782,782.09,206.19,206.19,0,10.97
765170,786,785.79,212.68,212.68,0,10.97
765175,792,791.91,217.97,217.97,0,10.97
765180,777,777.21,222.05,222.05,0,10.97
765185,782,782.08,224.9,224.9,0,10.97
765190,776,775.79,226.51,224.9,0,10.97
765195,769,768.93,226.92,224.9,0,10.97
765200,761,761.2,226.13,224.9,0,10.97
765205,751,751.06,224.2,224.2,0,10.97
765210,744,743.8,221.18,221.18,0,10.97
765215,730,729.95,217.12,217.12,0,10.97
765220,720,720.19,212.08,212.08,0,10.97
765225,712,712.05,206.14,206.14,0,10.97
765230,700,699.83,199.38,199.38,0,10.97
765235,687,686.95,191.87,191.87,0,10.97
765240,676,676.16,183.69,183.69,0,10.97
765245,666,666.05,174.93,174.93,0,10.97
765250,656,655.86,165.66,165.66,0,10.97
765255,646,645.95,155.98,155.98,0,10.97
765260,635,635.12,145.96,145.96,0,10.97
765265,625,625.05,135.68,135.68,0,10.97
765270,616,615.89,125.21,125.21,0,10.97
765275,608,607.95,114.64,114.64,0,10.97
765280,598,598.09,104.03,104.03,0,10.97
765285,590,590.04,93.45,93.45,0,10.97
765290,580,579.93,82.97,82.97,0,10.97
765295,570,569.96,72.65,72.65,0,10.97
765300,559,559.05,62.55,62.55,0,10.97
765305,551,551.04,52.73,52.73,0,10.97
765310,538,537.97,43.23,43.23,0,10.97
765315,528,527.95,34.1,34.1,0,10.97
765320,516,516.01,25.39,25.39,0,10.97
765325,506,506.05,17.14,17.14,0,10.97
765330,496,496.01,9.38,9.38,0,10.97
765335,486,485.95,2.13,2.13,0,10.97
765340,486,485.98,-4.59,-4.59,0,10.97
765345,473,473.06,-10.75,-10.75,0,10.97
765350,470,470.03,-16.36,-16.36,0,10.97
765355,463,462.94,-21.42,-21.42,0,10.97
765360,460,459.96,-25.92,-25.92,0,10.97
765365,458,458.07,-29.89,-29.89,0,10.97
765370,457,457.05,-33.34,-33.34,0,10.97
765375,461,460.93,-36.3,-36.3,0,10.97
765380,459,458.94,-38.79,-38.79,0,10.97
765385,461,461.08,-40.85,-40.85,0,10.97
765390,462,462.07,-42.52,-42.52,0,10.97
765395,465,464.93,-43.83,-43.83,0,10.97
765400,470,469.93,-44.84,-44.84,0,10.97
765405,470,470.07,-45.57,-45.57,0,10.97
765410,472,472.07,-46.09,-46.09,0,10.97
765415,475,474.93,-46.42,-46.42,0,10.97
765420,474,473.92,-46.61,-46.61,0,10.97
765425,478,478.07,-46.71,-46.71,0,10.97
765430,480,480.08,-46.74,-46.74,0,10.97
765435,482,481.93,-46.74,-46.74,0,10.97
765440,482,481.91,-46.75,-46.75,0,10.97
765445,480,480.07,-46.8,-46.8,0,10.97
765450,479,479.09,-46.89,-46.89,0,10.97
765455,478,477.94,-47.07,-47.07,0,10.97
765460,475,474.9,-47.33,-47.33,0,10.97
765465,473,473.05,-47.7,-47.7,0,10.97
765470,471,471.1,-48.18,-48.18,0,10.97
765475,470,469.95,-48.78,-48.78,0,10.97
765480,468,467.89,-49.49,-49.49,0,10.97
765485,464,464.03,-50.32,-50.32,0,10.97
765490,462,462.11,-51.26,-51.26,0,10.97
765495,456,455.97,-52.31,-52.31,0,10.97
765500,457,456.88,-53.45,-53.45,0,10.97
765505,453,453.02,-54.67,-54.67,0,10.97
765510,450,450.12,-55.97,-55.97,0,10.97
765515,444,443.98,-57.33,-57.33,0,10.97
765520,445,444.88,-58.73,-58.73,0,10.97
765525,441,441.02,-60.17,-60.17,0,10.97
765530,440,440.12,-61.62,-61.62,0,10.97
765535,437,436.97,-63.08,-63.08,0,10.97
765540,433,432.88,-64.54,-64.54,0,10.97
765545,431,431.03,-65.97,-65.97,0,10.97
765550,428,428.13,-67.36,-67.36,0,10.97
765555,429,428.97,-68.72,-68.72,0,10.97
765560,429,428.87,-70.02,-70.02,0,10.97
765565,425,425.03,-71.26,-71.26,0,10.97
765570,424,424.13,-72.43,-72.43,0,10.97
765575,424,423.98,-73.53,-73.53,0,10.97
765580,422,421.88,-74.56,-74.56,0,10.97
765585,423,423.02,-75.51,-75.51,0,10.97
765590,423,423.12,-76.38,-76.38,0,10.97
765595,420,419.98,-77.18,-77.18,0,10.97
765600,421,420.88,-77.9,-77.9,0,10.97
765605,423,423.02,-78.55,-78.55,0,10.97
765610,421,421.12,-79.13,-79.13,0,10.97
765615,421,420.98,-79.64,-79.64,0,10.97
765620,422,421.87,-80.11,-80.11,0,10.97
765625,422,422.03,-80.52,-80.52,0,10.97
765630,424,424.13,-80.89,-80.89,0,10.97
765635,425,424.96,-81.22,-81.22,0,10.97
765640,426,425.87,-81.53,-81.53,0,10.97
765645,425,425.04,-81.82,-81.82,0,10.97
765650,427,427.13,-82.09,-82.09,0,10.97
765655,428,427.95,-82.35,-82.35,0,10.97
765660,429,428.86,-82.61,-82.61,0,10.97
765665,431,431.05,-82.86,-82.86,0,10.97
765670,430,430.14,-83.12,-83.12,0,10.97
765675,433,432.95,-83.38,-83.38,0,10.97
765680,431,430.86,-83.63,-83.63,0,10.97
765685,433,433.05,-83.88,-83.88,0,10.97
765690,433,433.14,-84.13,-84.13,0,10.97
765695,435,434.95,-84.35,-84.35,0,10.97
765700,435,434.85,-84.54,-84.54,0,10.97
765705,437,437.06,-84.69,-84.69,0,10.97
765710,437,437.15,-84.78,-84.69,0,10.97
765715,439,438.94,-84.8,-84.69,0,10.97
765720,440,439.84,-84.72,-84.69,0,10.97
765725,439,439.06,-84.52,-84.52,0,10.97
765730,445,445.16,-84.17,-84.17,0,10.97
765735,441,440.94,-83.64,-83.64,0,10.97
765740,441,440.82,-82.9,-82.9,0,10.97
765745,440,440.05,-81.92,-81.92,0,10.97
765750,441,441.19,-80.66,-80.66,0,10.97
765755,442,441.95,-79.09,-79.09,0,10.97
765760,443,442.79,-77.16,-77.16,0,10.97
765765,442,442.04,-74.84,-74.84,0,10.97
765770,440,440.22,-72.08,-72.08,0,10.97
765775,443,442.97,-68.85,-68.85,0,10.97
765780,443,442.77,-65.12,-65.12,0,10.97
765785,441,441.03,-60.84,-60.84,0,10.97
765790,438,438.23,-56.0,-56.0,0,10.97
765795,440,439.98,-50.54,-50.54,0,10.97
765800,442,441.77,-44.47,-44.47,0,10.97
765805,438,438.01,-37.76,-37.76,0,10.97
765810,439,439.22,-30.4,-30.4,0,10.97
765815,439,439.01,-22.39,-22.39,0,10.97
765820,441,440.79,-13.74,-13.74,0,10.97
765825,442,441.98,-4.48,-4.48,0,10.97
765830,447,447.21,5.37,5.37,0,10.97
765835,456,456.03,15.75,15.75,0,10.97
765840,465,464.8,26.62,26.62,0,10.97
765845,482,481.96,37.89,37.89,0,10.97
765850,498,498.19,49.49,49.49,0,10.97
765855,519,519.06,61.31,61.31,0,10.97
765860,544,543.82,73.25,73.25,0,10.97
765865,570,569.93,85.19,85.19,0,10.97
765870,596,596.18,97.0,97.0,0,10.97
765875,623,623.08,108.57,108.57,0,10.97
765880,648,647.83,119.77,119.77,0,10.97
765885,672,671.91,130.47,130.47,0,10.97
765890,691,691.16,140.55,140.55,0,10.97
765895,710,710.1,149.9,149.9,0,10.97
765900,724,723.84,158.43,158.43,0,10.97
765905,739,738.89,166.04,166.04,0,10.97
765910,743,743.14,172.65,172.65,0,10.97
765915,748,748.11,178.21,178.21,0,10.97
765920,750,749.86,182.67,182.67,0,10.97
765925,750,749.89,186.0,186.0,0,10.97
765930,747,747.13,188.18,187.87,0,10.97
765935,742,742.11,189.21,187.87,0,10.97
765940,735,734.88,189.1,187.87,0,10.97
765945,728,727.89,187.87,187.87,0,10.97
765950,720,720.12,185.57,185.57,0,10.97
765955,706,706.11,182.23,182.23,0,10.97
765960,698,697.88,177.91,177.91,0,10.97
765965,689,688.9,172.68,172.68,0,10.97
765970,676,676.11,166.61,166.61,0,10.97
765975,663,663.09,159.76,159.76,0,10.97
765980,653,652.89,152.22,152.22,0,10.97
765985,641,640.93,144.07,144.07,0,10.97
765990,633,633.12,135.39,135.39,0,10.97
765995,620,620.06,126.26,126.26,0,10.97
766000,610,609.88,116.77,116.77,0,10.97
766005,600,599.95,107.01,107.01,0,10.97
766010,592,592.13,97.05,97.05,0,10.97
766015,582,582.03,86.97,86.97,0,10.97
766020,574,573.86,76.85,76.85,0,10.97
766025,561,560.98,66.77,66.77,0,10.97
766030,551,551.15,56.8,56.8,0,10.97
766035,541,541.01,47.0,47.0,0,10.97
766040,531,530.85,37.45,37.45,0,10.97
766045,521,521.0,28.19,28.19,0,10.97
766050,510,510.15,19.3,19.3,0,10.97
766055,499,498.99,10.82,10.82,0,10.97
766060,491,490.84,2.8,2.8,0,10.97
766065,481,481.02,-4.73,-4.73,0,10.97
766070,471,471.16,-11.73,-11.73,0,10.97
766075,465,464.96,-18.17,-18.17,0,10.97
766080,458,457.84,-24.04,-24.04,0,10.97
766085,453,453.05,-29.32,-29.32,0,10.97
766090,448,448.16,-34.0,-34.0,0,10.97
766095,446,445.93,-38.1,-38.1,0,10.97
766100,446,445.84,-41.62,-41.62,0,10.97
766105,445,445.08,-44.59,-44.59,0,10.97
766110,445,445.15,-47.01,-47.01,0,10.97
766115,448,447.9,-48.93,-48.93,0,10.97
766120,448,447.85,-50.38,-50.38,0,10.97
766125,451,451.11,-51.39,-51.39,0,10.97
766130,456,456.15,-52.01,-52.01,0,10.97
766135,460,459.88,-52.3,-52.01,0,10.97
766140,463,462.85,-52.28,-52.01,0,10.97
766145,466,466.13,-52.02,-52.01,0,10.97
766150,469,469.15,-51.56,-51.56,0,10.97
766155,473,472.86,-50.94,-50.94,0,10.97
766160,476,475.86,-50.23,-50.23,0,10.97
766165,479,479.15,-49.45,-49.45,0,10.97
766170,481,481.14,-48.65,-48.65,0,10.97
766175,480,479.84,-47.87,-47.87,0,10.97
766180,483,482.86,-47.14,-47.14,0,10.97
766185,483,483.18,-46.49,-46.49,0,10.97
766190,483,483.14,-45.95,-45.95,0,10.97
766195,486,485.81,-45.54,-45.54,0,10.97
766200,480,479.85,-45.27,-45.45,0,10.97
766205,481,481.2,-45.17,-45.45,0,10.97
766210,462,462.14,-45.22,-45.45,0,10.97
766215,474,473.79,-45.45,-45.45,0,10.97
766220,471,470.89,-45.86,-45.86,0,10.97
766225,468,468.23,-46.43,-46.43,0,10.97
766230,470,470.08,-47.17,-47.17,0,10.97
766235,463,462.76,-48.07,-48.07,0,10.97
766240,457,456.94,-49.12,-49.12,0,10.97
766245,456,456.25,-50.32,-50.32,0,10.97
766250,454,454.04,-51.64,-51.64,0,10.97
766255,451,450.74,-53.08,-53.08,0,10.97
766260,449,448.98,-54.63,-54.63,0,10.97
766265,445,445.27,-56.26,-56.26,0,10.97
766270,444,444.01,-57.97,-57.97,0,10.97
766275,441,440.71,-59.74,-59.74,0,10.97
766280,437,437.01,-61.55,-61.55,0,10.97
766285,433,433.29,-63.4,-63.4,0,10.97
766290,436,435.98,-65.27,-65.27,0,10.97
766295,433,432.7,-67.15,-67.15,0,10.97
766300,431,431.02,-69.03,-69.03,0,10.97
766305,431,431.3,-70.89,-70.89,0,10.97
766310,429,428.97,-72.73,-72.73,0,10.97
766315,432,431.7,-74.54,-74.54,0,10.97
766320,432,432.04,-76.31,-76.31,0,10.97
766325,429,429.31,-78.03,-78.03,0,10.97
766330,429,428.95,-79.69,-79.69,0,10.97
766335,428,427.69,-81.29,-81.29,0,10.97
766340,430,430.07,-82.82,-82.82,0,10.97
766345,427,427.31,-84.26,-84.26,0,10.97
766350,431,430.92,-85.61,-85.61,0,10.97
766355,429,428.69,-86.86,-86.86,0,10.97
766360,428,428.1,-87.99,-87.99,0,10.97
766365,433,433.31,-89.0,-89.0,0,10.97
766370,433,432.89,-89.86,-89.86,0,10.97
766375,433,432.69,-90.57,-90.57,0,10.97
766380,434,434.11,-91.1,-91.1,0,10.97
766385,429,429.32,-91.44,-91.1,0,10.97
766390,436,435.88,-91.56,-91.1,0,10.97
766395,436,435.69,-91.44,-91.1,0,10.97
766400,437,437.12,-91.06,-91.06,0,10.97
766405,439,439.31,-90.39,-90.39,0,10.97
766410,437,436.87,-89.4,-89.4,0,10.97
766415,437,436.69,-88.07,-88.07,0,10.97
766420,438,438.14,-86.36,-86.36,0,10.97
766425,442,442.31,-84.23,-84.23,0,10.97
766430,439,438.86,-81.66,-81.66,0,10.97
766435,440,439.68,-78.62,-78.62,0,10.97
766440,440,440.15,-75.07,-75.07,0,10.97
766445,439,439.34,-70.98,-70.98,0,10.97
766450,450,449.85,-66.32,-66.32,0,10.97
766455,439,438.65,-61.08,-61.08,0,10.97
766460,439,439.14,-55.22,-55.22,0,10.97
766465,438,438.36,-48.73,-48.73,0,10.97
766470,440,439.88,-41.61,-41.61,0,10.97
766475,439,438.63,-33.83,-33.83,0,10.97
766480,437,437.1,-25.42,-25.42,0,10.97
766485,442,442.39,-16.38,-16.38,0,10.97
766490,447,446.93,-6.75,-6.75,0,10.97
766495,452,451.6,3.45,3.45,0,10.97
766500,459,459.04,14.16,14.16,0,10.97
766505,473,473.42,25.32,25.32,0,10.97
766510,488,488.0,36.86,36.86,0,10.97
766515,507,506.57,48.68,48.68,0,10.97
766520,529,528.97,60.7,60.7,0,10.97
766525,552,552.45,72.79,72.79,0,10.97
766530,571,571.07,84.85,84.85,0,10.97
766535,612,611.54,96.76,96.76,0,10.97
766540,628,627.91,108.38,108.38,0,10.97
766545,653,653.46,119.61,119.61,0,10.97
766550,675,675.1,130.31,130.31,0,10.97
766555,695,694.54,140.38,140.38,0,10.97
766560,714,713.87,149.71,149.71,0,10.97
766565,725,725.46,158.2,158.2,0,10.97
766570,733,733.14,165.76,165.76,0,10.97
766575,745,744.54,172.33,172.33,0,10.97
766580,749,748.85,177.85,177.85,0,10.97
766585,751,751.45,182.27,182.27,0,10.97
766590,751,751.15,185.56,185.56,0,10.97
766595,750,749.55,187.71,187.37,0,10.97
766600,744,743.84,188.72,187.37,0,10.97
766605,738,738.44,188.6,187.37,0,10.97
766610,726,726.16,187.37,187.37,0,10.97
766615,722,721.56,185.07,185.07,0,10.97
766620,711,710.84,181.75,181.75,0,10.97
766625,700,700.43,177.45,177.45,0,10.97
766630,691,691.16,172.24,172.24,0,10.97
766635,680,679.57,166.19,166.19,0,10.97
766640,670,669.85,159.37,159.37,0,10.97
766645,658,658.42,151.86,151.86,0,10.97
766650,645,645.15,143.73,143.73,0,10.97
766655,637,636.59,135.08,135.08,0,10.97
766660,626,625.86,125.96,125.96,0,10.97
766665,616,616.41,116.49,116.49,0,10.97
766670,606,606.13,106.72,106.72,0,10.97
766675,594,593.59,96.75,96.75,0,10.97
766680,584,583.87,86.64,86.64,0,10.97
766685,576,576.41,76.49,76.49,0,10.97
766690,566,566.12,66.36,66.36,0,10.97
766695,556,555.59,56.31,56.31,0,10.97
766700,547,546.88,46.43,46.43,0,10.97
766705,536,536.41,36.77,36.77,0,10.97
766710,527,527.12,27.4,27.4,0,10.97
766715,517,516.58,18.36,18.36,0,10.97
766720,505,504.88,9.71,9.71,0,10.97
766725,496,496.42,1.5,1.5,0,10.97
766730,485,485.12,-6.24,-6.24,0,10.97
766735,478,477.57,-13.46,-13.46,0,10.97
766740,468,467.88,-20.15,-20.15,0,10.97
766745,462,462.43,-26.28,-26.28,0,10.97
766750,455,455.12,-31.84,-31.84,0,10.97
766755,453,452.56,-36.83,-36.83,0,10.97
766760,449,448.88,-41.23,-41.23,0,10.97
766765,446,446.44,-45.06,-45.06,0,10.97
766770,445,445.11,-48.34,-48.34,0,10.97
766775,447,446.56,-51.09,-51.09,0,10.97
766780,447,446.89,-53.33,-53.33,0,10.97
766785,449,449.44,-55.09,-55.09,0,10.97
766790,452,452.11,-56.42,-56.42,0,10.97
766795,454,453.55,-57.35,-57.35,0,10.97
766800,459,458.9,-57.92,-57.92,0,10.97
766805,458,458.45,-58.19,-57.92,0,10.97
766810,465,465.1,-58.19,-57.92,0,10.97
766815,466,465.55,-57.97,-57.92,0,10.97
766820,469,468.9,-57.59,-57.59,0,10.97
766825,469,469.45,-57.08,-57.08,0,10.97
766830,474,474.1,-56.49,-56.49,0,10.97
766835,479,478.56,-55.86,-55.86,0,10.97
766840,479,478.9,-55.23,-55.23,0,10.97
766845,479,479.43,-54.63,-54.63,0,10.97
766850,478,478.09,-54.1,-54.1,0,10.97
766855,479,478.58,-53.66,-53.66,0,10.97
766860,477,476.91,-53.33,-53.33,0,10.97
766865,476,476.41,-53.13,-53.33,0,10.97
766870,477,477.08,-53.07,-53.33,0,10.97
766875,474,473.6,-53.18,-53.33,0,10.97
766880,470,469.92,-53.45,-53.45,0,10.97
766885,469,469.39,-53.89,-53.89,0,10.97
766890,465,465.09,-54.49,-54.49,0,10.97
766895,463,462.62,-55.26,-55.26,0,10.97
766900,458,457.91,-56.19,-56.19,0,10.97
766905,455,455.38,-57.27,-57.27,0,10.97
766910,453,453.1,-58.49,-58.49,0,10.97
766915,451,450.64,-59.85,-59.85,0,10.97
766920,449,448.9,-61.32,-61.32,0,10.97
766925,444,444.35,-62.9,-62.9,0,10.97
766930,444,444.11,-64.58,-64.58,0,10.97
766935,438,437.66,-66.33,-66.33,0,10.97
766940,437,436.88,-68.15,-68.15,0,10.97
766945,437,437.33,-70.03,-70.03,0,10.97
766950,435,435.13,-71.95,-71.95,0,10.97
766955,432,431.67,-73.9,-73.9,0,10.97
766960,431,430.86,-75.86,-75.86,0,10.97
766965,429,429.33,-77.83,-77.83,0,10.97
766970,425,425.15,-79.79,-79.79,0,10.97
766975,425,424.67,-81.73,-81.73,0,10.97
766980,425,424.84,-83.65,-83.65,0,10.97
766985,427,427.33,-85.52,-85.52,0,10.97
766990,423,423.17,-87.35,-87.35,0,10.97
766995,423,422.66,-89.12,-89.12,0,10.97
767000,422,421.83,-90.82,-90.82,0,10.97
767005,422,422.36,-92.44,-92.44,0,10.97
767010,424,424.18,-93.98,-93.98,0,10.97
767015,422,421.63,-95.42,-95.42,0,10.97
767020,424,423.81,-96.75,-96.75,0,10.97
767025,424,424.39,-97.96,-97.96,0,10.97
767030,423,423.2,-99.04,-99.04,0,10.97
767035,425,424.6,-99.97,-99.97,0,10.97
767040,426,425.79,-100.74,-100.74,0,10.97
767045,427,427.42,-101.33,-101.33,0,10.97
767050,427,427.22,-101.72,-101.47,0,10.97
767055,430,429.56,-101.88,-101.47,0,10.97
767060,431,430.77,-101.81,-101.47,0,10.97
767065,429,429.46,-101.47,-101.47,0,10.97
767070,432,432.23,-100.83,-100.83,0,10.97
767075,432,431.52,-99.88,-99.88,0,10.97
767080,434,433.76,-98.57,-98.57,0,10.97
767085,433,433.5,-96.87,-96.87,0,10.97
767090,435,435.24,-94.76,-94.76,0,10.97
767095,446,445.49,-92.2,-92.2,0,10.97
767100,441,440.75,-89.16,-89.16,0,10.97
767105,436,436.5,-85.6,-85.6,0,10.97
767110,435,435.24,-81.49,-81.49,0,10.97
767115,439,438.51,-76.79,-76.79,0,10.97
767120,435,434.77,-71.49,-71.49,0,10.97
767125,437,437.48,-65.54,-65.54,0,10.97
767130,439,439.23,-58.92,-58.92,0,10.97
767135,438,437.54,-51.63,-51.63,0,10.97
767140,440,439.78,-43.66,-43.66,0,10.97
767145,435,435.45,-34.99,-34.99,0,10.97
767150,442,442.22,-25.64,-25.64,0,10.97
767155,444,443.58,-15.63,-15.63,0,10.97
767160,449,448.78,-4.99,-4.99,0,10.97
767165,458,458.4,6.25,6.25,0,10.97
767170,467,467.22,18.02,18.02,0,10.97
767175,481,480.62,30.26,30.26,0,10.97
767180,498,497.78,42.89,42.89,0,10.97
767185,519,519.37,55.82,55.82,0,10.97
767190,542,542.22,68.93,68.93,0,10.97
767195,567,566.65,82.12,82.12,0,10.97
767200,595,594.78,95.26,95.26,0,10.97
767205,623,623.34,108.23,108.23,0,10.97
767210,647,647.22,120.91,120.91,0,10.97
767215,674,673.67,133.15,133.15,0,10.97
767220,697,696.78,144.85,144.85,0,10.97
767225,719,719.32,155.87,155.87,0,10.97
767230,734,734.22,166.12,166.12,0,10.97
767235,748,747.68,175.49,175.49,0,10.97
767240,760,759.78,183.9,183.9,0,10.97
767245,766,766.31,191.27,191.27,0,10.97
767250,773,773.21,197.54,197.54,0,10.97
767255,778,777.69,202.67,202.67,0,10.97
767260,774,773.79,206.64,206.64,0,10.97
767265,772,772.3,209.41,209.41,0,10.97
767270,768,768.21,211.0,209.41,0,10.97
767275,762,761.71,211.41,209.41,0,10.97
767280,758,757.79,210.68,209.41,0,10.97
767285,743,743.28,208.82,208.82,0,10.97
767290,736,736.2,205.89,205.89,0,10.97
767295,726,725.73,201.95,201.95,0,10.97
767300,716,715.8,197.04,197.04,0,10.97
767305,703,703.25,191.25,191.25,0,10.97
767310,693,693.19,184.63,184.63,0,10.97
767315,681,680.77,177.27,177.27,0,10.97
767320,673,672.82,169.24,169.24,0,10.97
767325,663,663.22,160.62,160.62,0,10.97
767330,654,654.17,151.48,151.48,0,10.97
767335,643,642.8,141.91,141.91,0,10.97
767340,634,633.84,131.98,131.98,0,10.97
767345,622,622.19,121.77,121.77,0,10.97
767350,615,615.15,111.36,111.36,0,10.97
767355,606,605.82,100.81,100.81,0,10.97
767360,594,593.85,90.21,90.21,0,10.97
767365,589,589.16,79.62,79.62,0,10.97
767370,579,579.14,69.1,69.1,0,10.97
767375,567,566.85,58.72,58.72,0,10.97
767380,557,556.85,48.55,48.55,0,10.97
767385,545,545.14,38.64,38.64,0,10.97
767390,534,534.15,29.05,29.05,0,10.97
767395,522,521.87,19.83,19.83,0,10.97
767400,511,510.84,11.02,11.02,0,10.97
767405,500,500.12,2.67,2.67,0,10.97
767410,490,490.16,-5.18,-5.18,0,10.97
767415,482,481.89,-12.5,-12.5,0,10.97
767420,473,472.83,-19.28,-19.28,0,10.97
767425,465,465.09,-25.48,-25.48,0,10.97
767430,461,461.18,-31.1,-31.1,0,10.97
767435,456,455.92,-36.14,-36.14,0,10.97
767440,453,452.82,-40.6,-40.6,0,10.97
767445,450,450.07,-44.49,-44.49,0,10.97
767450,451,451.19,-47.83,-47.83,0,10.97
767455,452,451.95,-50.64,-50.64,0,10.97
767460,452,451.8,-52.94,-52.94,0,10.97
767465,455,455.03,-54.78,-54.78,0,10.97
767470,457,457.21,-56.19,-56.19,0,10.97
767475,457,456.99,-57.2,-57.2,0,10.97
767480,462,461.78,-57.87,-57.87,0,10.97
767485,463,463.0,-58.23,-57.95,0,10.97
767490,461,461.23,-58.33,-57.95,0,10.97
767495,468,468.02,-58.22,-57.95,0,10.97
767500,474,473.77,-57.95,-57.95,0,10.97
767505,473,472.97,-57.54,-57.54,0,10.97
767510,476,476.23,-57.06,-57.06,0,10.97
767515,476,476.04,-56.53,-56.53,0,10.97
767520,475,474.78,-56.0,-56.0,0,10.97
767525,479,478.94,-55.5,-55.5,0,10.97
767530,479,479.22,-55.05,-55.05,0,10.97
767535,479,479.07,-54.69,-54.69,0,10.97
767540,479,478.77,-54.43,-54.46,0,10.97
767545,476,475.92,-54.3,-54.46,0,10.97
767550,475,475.23,-54.3,-54.46,0,10.97
767555,473,473.09,-54.46,-54.46,0,10.97
767560,471,470.77,-54.77,-54.77,0,10.97
767565,470,469.89,-55.23,-55.23,0,10.97
767570,466,466.23,-55.86,-55.86,0,10.97
767575,463,463.12,-56.65,-56.65,0,10.97
767580,461,460.77,-57.58,-57.58,0,10.97
767585,459,458.87,-58.66,-58.66,0,10.97
767590,453,453.23,-59.87,-59.87,0,10.97
767595,452,452.14,-61.2,-61.2,0,10.97
767600,449,448.77,-62.64,-62.64,0,10.97
767605,444,443.85,-64.18,-64.18,0,10.97
767610,442,442.23,-65.79,-65.79,0,10.97
767615,441,441.16,-67.48,-67.48,0,10.97
767620,436,435.77,-69.22,-69.22,0,10.97
767625,434,433.83,-71.0,-71.0,0,10.97
767630,430,430.22,-72.8,-72.8,0,10.97
767635,429,429.19,-74.62,-74.62,0,10.97
767640,428,427.78,-76.44,-76.44,0,10.97
767645,430,429.79,-78.26,-78.26,0,10.97
767650,426,426.22,-80.05,-80.05,0,10.97
767655,423,423.22,-81.83,-81.83,0,10.97
767660,421,420.78,-83.56,-83.56,0,10.97
767665,423,422.78,-85.26,-85.26,0,10.97
767670,422,422.22,-86.91,-86.91,0,10.97
767675,411,411.22,-88.51,-88.51,0,10.97
767680,419,418.77,-90.06,-90.06,0,10.97
767685,420,419.8,-91.54,-91.54,0,10.97
767690,422,422.24,-92.97,-92.97,0,10.97
767695,420,420.18,-94.33,-94.33,0,10.97
767700,422,421.75,-95.62,-95.62,0,10.97
767705,421,420.84,-96.85,-96.85,0,10.97
767710,422,422.27,-98.0,-98.0,0,10.97
767715,422,422.13,-99.07,-99.07,0,10.97
767720,423,422.72,-100.06,-100.06,0,10.97
767725,424,423.89,-100.96,-100.96,0,10.97
767730,424,424.3,-101.75,-101.75,0,10.97
767735,425,425.09,-102.43,-102.43,0,10.97
767740,429,428.69,-102.98,-102.98,0,10.97
767745,425,424.93,-103.39,-103.39,0,10.97
767750,424,424.32,-103.63,-103.39,0,10.97
767755,429,429.05,-103.7,-103.39,0,10.97
767760,432,431.68,-103.56,-103.39,0,10.97
767765,430,429.97,-103.19,-103.19,0,10.97
767770,432,432.32,-102.56,-102.56,0,10.97
767775,431,431.02,-101.64,-101.64,0,10.97
767780,431,430.69,-100.41,-100.41,0,10.97
767785,433,433.0,-98.82,-98.82,0,10.97
767790,434,434.31,-96.84,-96.84,0,10.97
767795,434,433.98,-94.44,-94.44,0,10.97
767800,437,436.68,-91.57,-91.57,0,10.97
767805,424,424.03,-88.2,-88.2,0,10.97
767810,435,435.31,-84.3,-84.3,0,10.97
767815,434,433.98,-79.82,-79.82,0,10.97
767820,436,435.69,-74.74,-74.74,0,10.97
767825,434,434.01,-69.03,-69.03,0,10.97
767830,440,440.31,-62.66,-62.66,0,10.97
767835,434,434.0,-55.62,-55.62,0,10.97
767840,435,434.68,-47.89,-47.89,0,10.97
767845,435,434.99,-39.47,-39.47,0,10.97
767850,436,436.33,-30.35,-30.35,0,10.97
767855,437,437.02,-20.56,-20.56,0,10.97
767860,441,440.66,-10.12,-10.12,0,10.97
767865,447,446.98,0.94,0.94,0,10.97
767870,458,458.36,12.57,12.57,0,10.97
767875,473,473.04,24.69,24.69,0,10.97
767880,484,483.62,37.24,37.24,0,10.97
767885,509,508.95,50.11,50.11,0,10.97
767890,531,531.41,63.22,63.22,0,10.97
767895,556,556.06,76.44,76.44,0,10.97
767900,589,588.57,89.65,89.65,0,10.97
767905,612,611.93,102.73,102.73,0,10.97
767910,640,640.45,115.55,115.55,0,10.97
767915,666,666.08,127.98,127.98,0,10.97
767920,689,688.52,139.89,139.89,0,10.97
767925,710,709.9,151.16,151.16,0,10.97
767930,730,730.49,161.69,161.69,0,10.97
767935,744,744.11,171.36,171.36,0,10.97
767940,755,754.47,180.1,180.1,0,10.97
767945,764,763.87,187.82,187.82,0,10.97
767950,767,767.55,194.47,194.47,0,10.97
767955,774,774.14,199.99,199.99,0,10.97
767960,772,771.42,204.35,204.35,0,10.97
767965,774,773.84,207.54,207.54,0,10.97
767970,763,763.6,209.56,208.71,0,10.97
767975,758,758.17,210.41,208.71,0,10.97
767980,754,753.38,210.11,208.71,0,10.97
767985,743,742.82,208.71,208.71,0,10.97
767990,735,735.64,206.23,206.23,0,10.97
767995,724,724.19,202.75,202.75,0,10.97
768000,714,713.34,198.3,198.3,0,10.97
768005,703,702.8,192.97,192.97,0,10.97
768010,693,693.69,186.81,186.81,0,10.97
768015,683,683.21,179.91,179.91,0,10.97
768020,673,672.29,172.33,172.33,0,10.97
768025,662,661.78,164.16,164.16,0,10.97
768030,652,652.74,155.47,155.47,0,10.97
768035,643,643.24,146.34,146.34,0,10.97
768040,633,632.24,136.84,136.84,0,10.97
768045,624,623.75,127.05,127.05,0,10.97
768050,615,615.79,117.04,117.04,0,10.97
768055,607,607.27,106.89,106.89,0,10.97
768060,596,595.17,96.66,96.66,0,10.97
768065,588,587.71,86.42,86.42,0,10.97
768070,580,580.86,76.23,76.23,0,10.97
768075,571,571.31,66.15,66.15,0,10.97
768080,579,578.11,56.24,56.24,0,10.97
768085,551,550.67,46.56,46.56,0,10.97
768090,537,537.89,37.15,37.15,0,10.97
768095,530,530.36,28.08,28.08,0,10.97
768100,517,516.12,19.39,19.39,0,10.97
768105,506,505.62,11.11,11.11,0,10.97
768110,495,495.87,3.28,3.28,0,10.97
768115,486,486.41,-4.05,-4.05,0,10.97
768120,478,477.14,-10.88,-10.88,0,10.97
768125,470,469.56,-17.18,-17.18,0,10.97
768130,465,465.86,-22.93,-22.93,0,10.97
768135,459,459.48,-28.15,-28.15,0,10.97
768140,457,456.15,-32.82,-32.82,0,10.97
768145,476,475.51,-36.95,-36.95,0,10.97
768150,452,452.85,-40.57,-40.57,0,10.97
768155,449,449.48,-43.69,-43.69,0,10.97
768160,470,469.16,-46.34,-46.34,0,10.97
768165,453,452.55,-48.54,-48.54,0,10.97
768170,455,455.8,-50.33,-50.33,0,10.97
768175,456,456.42,-51.74,-51.74,0,10.97
768180,459,458.24,-52.81,-52.81,0,10.97
768185,461,460.62,-53.58,-53.58,0,10.97
768190,466,466.71,-54.09,-54.09,0,10.97
768195,468,468.35,-54.39,-54.39,0,10.97
768200,470,469.32,-54.51,-54.39,0,10.97
768205,470,469.67,-54.5,-54.39,0,10.97
768210,474,474.64,-54.4,-54.39,0,10.97
768215,474,474.31,-54.24,-54.24,0,10.97
768220,475,474.39,-54.05,-54.05,0,10.97
768225,475,474.71,-53.87,-53.87,0,10.97
768230,474,474.58,-53.73,-53.74,0,10.97
768235,473,473.26,-53.65,-53.74,0,10.97
768240,472,471.45,-53.65,-53.74,0,10.97
768245,471,470.76,-53.74,-53.74,0,10.97
768250,471,471.52,-53.95,-53.95,0,10.97
768255,471,471.22,-54.28,-54.28,0,10.97
768260,467,466.51,-54.74,-54.74,0,10.97
768265,464,463.79,-55.33,-55.33,0,10.97
768270,463,463.47,-56.06,-56.06,0,10.97
768275,460,460.2,-56.92,-56.92,0,10.97
768280,456,455.55,-57.9,-57.9,0,10.97
768285,450,449.81,-59.01,-59.01,0,10.97
768290,447,447.43,-60.22,-60.22,0,10.97
768295,445,445.19,-61.54,-61.54,0,10.97
768300,443,442.59,-62.94,-62.94,0,10.97
768305,442,441.81,-64.43,-64.43,0,10.97
768310,438,438.39,-65.98,-65.98,0,10.97
768315,435,435.18,-67.59,-67.59,0,10.97
768320,433,432.63,-69.24,-69.24,0,10.97
768325,432,431.82,-70.92,-70.92,0,10.97
768330,429,429.35,-72.63,-72.63,0,10.97
768335,428,428.17,-74.34,-74.34,0,10.97
768340,425,424.67,-76.06,-76.06,0,10.97
768345,423,422.84,-77.76,-77.76,0,10.97
768350,422,422.32,-79.45,-79.45,0,10.97
768355,422,422.16,-81.11,-81.11,0,10.97
768360,421,420.7,-82.75,-82.75,0,10.97
768365,420,419.84,-84.34,-84.34,0,10.97
768370,419,419.29,-85.89,-85.89,0,10.97
768375,418,418.15,-87.39,-87.39,0,10.97
768380,417,416.73,-88.83,-88.83,0,10.97
768385,418,417.85,-90.22,-90.22,0,10.97
768390,420,420.26,-91.54,-91.54,0,10.97
768395,418,418.15,-92.8,-92.8,0,10.97
768400,420,419.75,-93.98,-93.98,0,10.97
768405,419,418.85,-95.08,-95.08,0,10.97
768410,422,422.24,-96.1,-96.1,0,10.97
768415,421,421.14,-97.02,-97.02,0,10.97
768420,422,421.76,-97.83,-97.83,0,10.97
768425,420,419.85,-98.54,-98.54,0,10.97
768430,424,424.24,-99.11,-99.11,0,10.97
768435,426,426.15,-99.55,-99.55,0,10.97
768440,426,425.76,-99.82,-99.55,0,10.97
768445,427,426.84,-99.92,-99.55,0,10.97
768450,428,428.23,-99.82,-99.55,0,10.97
768455,428,428.17,-99.5,-99.5,0,10.97
768460,430,429.77,-98.94,-98.94,0,10.97
768465,432,431.82,-98.09,-98.09,0,10.97
768470,430,430.23,-96.95,-96.95,0,10.97
768475,431,431.19,-95.47,-95.47,0,10.97
768480,437,436.77,-93.61,-93.61,0,10.97
768485,433,432.81,-91.36,-91.36,0,10.97
768490,431,431.21,-88.66,-88.66,0,10.97
768495,432,432.19,-85.49,-85.49,0,10.97
768500,432,431.8,-81.8,-81.8,0,10.97
768505,431,430.8,-77.57,-77.57,0,10.97
768510,433,433.18,-72.77,-72.77,0,10.97
768515,432,432.2,-67.36,-67.36,0,10.97
768520,429,428.83,-61.32,-61.32,0,10.97
768525,431,430.79,-54.63,-54.63,0,10.97
768530,430,430.16,-47.28,-47.28,0,10.97
768535,433,433.22,-39.26,-39.26,0,10.97
768540,431,430.85,-30.58,-30.58,0,10.97
768545,435,434.77,-21.26,-21.26,0,10.97
768550,441,441.15,-11.31,-11.31,0,10.97
768555,428,428.23,-0.77,-0.77,0,10.97
768560,452,451.86,10.3,10.3,0,10.97
768565,466,465.79,21.85,21.85,0,10.97
768570,481,481.15,33.79,33.79,0,10.97
768575,502,502.18,46.03,46.03,0,10.97
768580,522,521.85,58.48,58.48,0,10.97
768585,548,547.85,71.02,71.02,0,10.97
768590,572,572.16,83.54,83.54,0,10.97
768595,600,600.12,95.9,95.9,0,10.97
768600,628,627.83,107.98,107.98,0,10.97
768605,654,653.91,119.65,119.65,0,10.97
768610,676,676.17,130.79,130.79,0,10.97
768615,696,696.06,141.29,141.29,0,10.97
768620,713,712.82,151.02,151.02,0,10.97
768625,730,729.97,159.9,159.9,0,10.97
768630,737,737.18,167.83,167.83,0,10.97
768635,745,744.98,174.75,174.75,0,10.97
768640,754,753.82,180.59,180.59,0,10.97
768645,754,754.06,185.3,185.3,0,10.97
768650,754,754.17,188.87,188.87,0,10.97
768655,750,749.89,191.27,191.27,0,10.97
768660,749,748.83,192.51,191.27,0,10.97
768665,738,738.15,192.59,191.27,0,10.97
768670,731,731.16,191.55,191.27,0,10.97
768675,725,724.8,189.43,189.43,0,10.97
768680,710,709.85,186.27,186.27,0,10.97
768685,691,691.23,182.13,182.13,0,10.97
768690,691,691.15,177.07,177.07,0,10.97
768695,679,678.75,171.16,171.16,0,10.97
768700,668,667.86,164.49,164.49,0,10.97
768705,657,657.26,157.11,157.11,0,10.97
768710,647,647.14,149.12,149.12,0,10.97
768715,636,635.73,140.6,140.6,0,10.97
768720,627,626.86,131.63,131.63,0,10.97
768725,614,614.28,122.28,122.28,0,10.97
768730,606,606.14,112.64,112.64,0,10.97
768735,597,596.71,102.8,102.8,0,10.97
768740,587,586.86,92.82,92.82,0,10.97
768745,579,579.29,82.78,82.78,0,10.97
768750,569,569.13,72.76,72.76,0,10.97
768755,560,559.7,62.82,62.82,0,10.97
768760,550,549.87,53.03,53.03,0,10.97
768765,539,539.31,43.46,43.46,0,10.97
768770,525,525.13,34.16,34.16,0,10.97
768775,520,519.68,25.18,25.18,0,10.97
768780,509,508.88,16.59,16.59,0,10.97
768785,500,500.33,8.41,8.41,0,10.97
768790,491,491.11,0.7,0.7,0,10.97
768795,480,479.66,-6.51,-6.51,0,10.97
768800,471,470.9,-13.2,-13.2,0,10.97
768805,464,464.35,-19.34,-19.34,0,10.97
768810,458,458.09,-24.92,-24.92,0,10.97
768815,455,454.64,-29.93,-29.93,0,10.97
768820,452,451.92,-34.37,-34.37,0,10.97
768825,448,448.38,-38.26,-38.26,0,10.97
768830,447,447.07,-41.59,-41.59,0,10.97
768835,445,444.61,-44.4,-44.4,0,10.97
768840,445,444.94,-46.71,-46.71,0,10.97
768845,449,449.4,-48.54,-48.54,0,10.97
768850,452,452.06,-49.94,-49.94,0,10.97
768855,455,454.58,-50.95,-50.95,0,10.97
768860,457,456.94,-51.61,-51.61,0,10.97
768865,459,459.43,-51.97,-51.67,0,10.97
768870,465,465.05,-52.06,-51.67,0,10.97
768875,467,466.55,-51.95,-51.67,0,10.97
768880,470,469.94,-51.67,-51.67,0,10.97
768885,473,473.46,-51.27,-51.27,0,10.97
768890,476,476.06,-50.8,-50.8,0,10.97
768895,475,474.52,-50.29,-50.29,0,10.97
768900,478,477.94,-49.78,-49.78,0,10.97
768905,477,477.5,-49.31,-49.31,0,10.97
768910,477,477.07,-48.91,-48.91,0,10.97
768915,476,475.48,-48.61,-48.61,0,10.97
768920,477,476.93,-48.42,-48.61,0,10.97
768925,476,476.55,-48.37,-48.61,0,10.97
768930,473,473.07,-48.47,-48.61,0,10.97
768935,472,471.42,-48.73,-48.73,0,10.97
768940,469,468.93,-49.16,-49.16,0,10.97
768945,466,466.6,-49.76,-49.76,0,10.97
768950,468,468.08,-50.53,-50.53,0,10.97
768955,462,461.37,-51.47,-51.47,0,10.97
768960,460,459.92,-52.57,-52.57,0,10.97
768965,451,451.66,-53.83,-53.83,0,10.97
768970,450,450.09,-55.22,-55.22,0,10.97
768975,449,448.32,-56.75,-56.75,0,10.97
768980,447,446.91,-58.39,-58.39,0,10.97
768985,441,441.7,-60.13,-60.13,0,10.97
768990,438,438.09,-61.96,-61.96,0,10.97
768995,435,434.28,-63.85,-63.85,0,10.97
769000,434,433.91,-65.8,-65.8,0,10.97
769005,408,408.73,-67.79,-67.79,0,10.97
769010,430,430.08,-69.8,-69.8,0,10.97
769015,432,431.29,-71.83,-71.83,0,10.97
769020,428,427.92,-73.85,-73.85,0,10.97
769025,426,426.66,-75.86,-75.86,0,10.97
769030,426,426.07,-77.84,-77.84,0,10.97
769035,426,425.38,-79.79,-79.79,0,10.97
769040,426,425.93,-81.7,-81.7,0,10.97
769045,424,424.57,-83.55,-83.55,0,10.97
769050,424,424.06,-85.33,-85.33,0,10.97
769055,423,422.47,-87.02,-87.02,0,10.97
769060,425,424.95,-88.63,-88.63,0,10.97
769065,426,426.49,-90.12,-90.12,0,10.97
769070,424,424.04,-91.49,-91.49,0,10.97
769075,425,424.55,-92.72,-92.72,0,10.97
769080,425,424.97,-93.79,-93.79,0,10.97
769085,426,426.42,-94.68,-94.68,0,10.97
769090,426,426.01,-95.38,-95.38,0,10.97
769095,427,426.62,-95.85,-95.7,0,10.97
769100,423,422.99,-96.08,-95.7,0,10.97
769105,427,427.35,-96.04,-95.7,0,10.97
769110,428,428.0,-95.7,-95.7,0,10.97
769115,431,430.68,-95.03,-95.03,0,10.97
769120,429,429.0,-94.01,-94.01,0,10.97
769125,428,428.28,-92.59,-92.59,0,10.97
769130,430,430.0,-90.76,-90.76,0,10.97
769135,430,429.76,-88.47,-88.47,0,10.97
769140,430,430.0,-85.7,-85.7,0,10.97
769145,429,429.2,-82.42,-82.42,0,10.97
769150,434,434.0,-78.58,-78.58,0,10.97
769155,430,429.85,-74.17,-74.17,0,10.97
769160,428,427.99,-69.17,-69.17,0,10.97
769165,429,429.11,-63.54,-63.54,0,10.97
769170,430,430.03,-57.27,-57.27,0,10.97
769175,429,428.94,-50.36,-50.36,0,10.97
769180,430,429.96,-42.79,-42.79,0,10.97
769185,430,430.02,-34.57,-34.57,0,10.97
769190,431,431.06,-25.72,-25.72,0,10.97
769195,436,436.03,-16.26,-16.26,0,10.97
769200,438,437.93,-6.23,-6.23,0,10.97
769205,471,470.95,4.34,4.34,0,10.97
769210,457,457.1,15.37,15.37,0,10.97
769215,475,475.06,26.8,26.8,0,10.97
769220,486,485.89,38.55,38.55,0,10.97
769225,509,508.96,50.52,50.52,0,10.97
769230,532,532.14,62.6,62.6,0,10.97
769235,558,558.04,74.7,74.7,0,10.97
769240,583,582.84,86.68,86.68,0,10.97
769245,608,607.97,98.43,98.43,0,10.97
769250,633,633.19,109.82,109.82,0,10.97
769255,658,658.03,120.74,120.74,0,10.97
769260,677,676.79,131.05,131.05,0,10.97
769265,697,696.97,140.67,140.67,0,10.97
769270,703,703.23,149.47,149.47,0,10.97
769275,726,726.03,157.38,157.38,0,10.97
769280,733,732.76,164.32,164.32,0,10.97
769285,738,737.96,170.21,170.21,0,10.97
769290,743,743.25,175.02,175.02,0,10.97
769295,741,741.04,178.7,178.7,0,10.97
769300,743,742.75,181.24,181.24,0,10.97
769305,737,736.95,182.63,181.24,0,10.97
769310,730,730.26,182.87,181.24,0,10.97
769315,722,722.05,181.99,181.24,0,10.97
769320,715,714.74,180.02,180.02,0,10.97
769325,705,704.95,177.0,177.0,0,10.97
769330,693,693.26,172.98,172.98,0,10.97
769335,683,683.04,168.03,168.03,0,10.97
769340,673,672.74,162.21,162.21,0,10.97
769345,662,661.96,155.59,155.59,0,10.97
769350,651,651.25,148.26,148.26,0,10.97
769355,640,640.04,140.28,140.28,0,10.97
769360,630,629.75,131.74,131.74,0,10.97
769365,613,612.96,122.73,122.73,0,10.97
769370,609,609.25,113.32,113.32,0,10.97
769375,598,598.05,103.6,103.6,0,10.97
769380,590,589.75,93.66,93.66,0,10.97
769385,580,579.94,83.57,83.57,0,10.97
769390,570,570.24,73.41,73.41,0,10.97
769395,559,559.06,63.25,63.25,0,10.97
769400,550,549.76,53.18,53.18,0,10.97
769405,539,538.93,43.26,43.26,0,10.97
769410,528,528.24,33.55,33.55,0,10.97
769415,517,517.08,24.13,24.13,0,10.97
769420,506,505.76,15.05,15.05,0,10.97
769425,496,495.91,6.37,6.37,0,10.97
769430,485,485.24,-1.87,-1.87,0,10.97
769435,475,475.09,-9.62,-9.62,0,10.97
769440,467,466.77,-16.84,-16.84,0,10.97
769445,459,458.9,-23.51,-23.51,0,10.97
769450,450,450.23,-29.59,-29.59,0,10.97
769455,447,447.1,-35.09,-35.09,0,10.97
769460,441,440.77,-39.98,-39.98,0,10.97
769465,440,439.89,-44.27,-44.27,0,10.97
769470,437,437.23,-47.97,-47.97,0,10.97
769475,438,438.11,-51.09,-51.09,0,10.97
769480,438,437.78,-53.65,-53.65,0,10.97
769485,437,436.88,-55.68,-55.68,0,10.97
769490,440,440.22,-57.22,-57.22,0,10.97
769495,444,444.13,-58.29,-58.29,0,10.97
769500,447,446.79,-58.95,-58.88,0,10.97
769505,450,449.85,-59.24,-58.88,0,10.97
769510,453,453.21,-59.19,-58.88,0,10.97
769515,457,457.16,-58.88,-58.88,0,10.97
769520,460,459.8,-58.33,-58.33,0,10.97
769525,464,463.83,-57.6,-57.6,0,10.97
769530,467,467.19,-56.74,-56.74,0,10.97
769535,469,469.19,-55.8,-55.8,0,10.97
769540,472,471.81,-54.81,-54.81,0,10.97
769545,473,472.8,-53.82,-53.82,0,10.97
769550,473,473.18,-52.86,-52.86,0,10.97
769555,472,472.22,-51.97,-51.97,0,10.97
769560,476,475.82,-51.18,-51.18,0,10.97
769565,475,474.77,-50.51,-50.51,0,10.97
769570,474,474.17,-49.98,-49.98,0,10.97
769575,472,472.23,-49.62,-49.63,0,10.97
769580,475,474.84,-49.43,-49.63,0,10.97
769585,472,471.76,-49.44,-49.63,0,10.97
769590,467,467.14,-49.63,-49.63,0,10.97
769595,464,464.24,-50.01,-50.01,0,10.97
769600,462,461.88,-50.59,-50.59,0,10.97
769605,459,458.76,-51.35,-51.35,0,10.97
769610,456,456.1,-52.3,-52.3,0,10.97
769615,454,454.24,-53.42,-53.42,0,10.97
769620,450,449.92,-54.7,-54.7,0,10.97
769625,446,445.76,-56.13,-56.13,0,10.97
769630,444,444.07,-57.69,-57.69,0,10.97
769635,442,442.25,-59.38,-59.38,0,10.97
769640,440,439.95,-61.18,-61.18,0,10.97
769645,437,436.74,-63.08,-63.08,0,10.97
769650,435,435.02,-65.05,-65.05,0,10.97
769655,435,435.27,-67.09,-67.09,0,10.97
769660,432,432.0,-69.18,-69.18,0,10.97
769665,433,432.72,-71.3,-71.3,0,10.97
769670,429,428.98,-73.45,-73.45,0,10.97
769675,428,428.29,-75.61,-75.61,0,10.97
769680,427,427.04,-77.75,-77.75,0,10.97
769685,428,427.71,-79.87,-79.87,0,10.97
769690,426,425.94,-81.96,-81.96,0,10.97
769695,425,425.3,-83.99,-83.99,0,10.97
769700,425,425.08,-85.96,-85.96,0,10.97
769705,424,423.7,-87.83,-87.83,0,10.97
769710,426,425.89,-89.61,-89.61,0,10.97
769715,427,427.31,-91.26,-91.26,0,10.97
769720,424,424.12,-92.77,-92.77,0,10.97
769725,426,425.68,-94.12,-94.12,0,10.97
769730,424,423.86,-95.29,-95.29,0,10.97
769735,427,427.34,-96.25,-96.25,0,10.97
769740,428,428.16,-96.97,-96.97,0,10.97
769745,427,426.65,-97.44,-96.99,0,10.97
769750,426,425.81,-97.62,-96.99,0,10.97
769755,425,425.37,-97.48,-96.99,0,10.97
769760,427,427.22,-96.99,-96.99,0,10.97
769765,428,427.62,-96.11,-96.11,0,10.97
769770,429,428.75,-94.82,-94.82,0,10.97
769775,429,429.4,-93.08,-93.08,0,10.97
769780,429,429.27,-90.86,-90.86,0,10.97
769785,429,428.59,-88.12,-88.12,0,10.97
769790,429,428.7,-84.83,-84.83,0,10.97
769795,429,429.43,-80.96,-80.96,0,10.97
769800,427,427.33,-76.47,-76.47,0,10.97
769805,429,428.56,-71.35,-71.35,0,10.97
769810,429,428.65,-65.57,-65.57,0,10.97
769815,428,428.46,-59.11,-59.11,0,10.97
769820,429,429.38,-51.96,-51.96,0,10.97
769825,430,429.52,-44.12,-44.12,0,10.97
769830,430,429.59,-35.6,-35.6,0,10.97
769835,431,431.5,-26.4,-26.4,0,10.97
769840,434,434.43,-16.56,-16.56,0,10.97
769845,441,440.49,-6.1,-6.1,0,10.97
769850,473,472.56,4.91,4.91,0,10.97
769855,461,461.53,16.43,16.43,0,10.97
769860,473,473.42,28.38,28.38,0,10.97
769865,492,491.45,40.67,40.67,0,10.97
769870,512,511.62,53.21,53.21,0,10.97
769875,534,534.57,65.89,65.89,0,10.97
769880,564,564.34,78.59,78.59,0,10.97
769885,596,595.42,91.21,91.21,0,10.97
769890,615,614.69,103.6,103.6,0,10.97
769895,642,642.58,115.65,115.65,0,10.97
769900,664,664.27,127.22,127.22,0,10.97
769905,687,686.41,138.21,138.21,0,10.97
769910,706,705.75,148.5,148.5,0,10.97
769915,722,722.59,157.98,157.98,0,10.97
769920,735,735.21,166.56,166.56,0,10.97
769925,745,744.4,174.16,174.16,0,10.97
769930,751,750.82,180.72,180.72,0,10.97
769935,739,739.59,186.19,186.19,0,10.97
769940,757,757.15,190.52,190.52,0,10.97
769945,762,761.44,193.7,193.7,0,10.97
769950,750,749.88,195.71,194.84,0,10.97
769955,746,746.51,196.55,194.84,0,10.97
769960,738,738.1,196.26,194.84,0,10.97
769965,731,730.54,194.84,194.84,0,10.97
769970,720,719.93,192.35,192.35,0,10.97
769975,710,710.4,188.84,188.84,0,10.97
769980,701,701.05,184.36,184.36,0,10.97
769985,690,689.65,178.97,178.97,0,10.97
769990,679,678.97,172.74,172.74,0,10.97
769995,668,668.29,165.76,165.76,0,10.97
770000,657,657.01,158.08,158.08,0,10.97
770005,647,646.76,149.8,149.8,0,10.97
770010,635,635.01,140.99,140.99,0,10.97
770015,627,627.18,131.73,131.73,0,10.97
770020,617,616.97,122.1,122.1,0,10.97
770025,607,606.87,112.18,112.18,0,10.97
770030,598,598.05,102.05,102.05,0,10.97
770035,588,588.08,91.77,91.77,0,10.97
770040,580,579.93,81.43,81.43,0,10.97
770045,569,568.97,71.1,71.1,0,10.97
770050,561,561.08,60.84,60.84,0,10.97
770055,555,554.98,50.71,50.71,0,10.97
770060,541,540.9,40.79,40.79,0,10.97
770065,531,531.06,31.12,31.12,0,10.97
770070,520,520.12,21.77,21.77,0,10.97
770075,509,508.9,12.79,12.79,0,10.97
770080,495,494.86,4.22,4.22,0,10.97
770085,489,489.14,-3.89,-3.89,0,10.97
770090,476,476.16,-11.51,-11.51,0,10.97
770095,471,470.82,-18.6,-18.6,0,10.97
770100,463,462.82,-25.14,-25.14,0,10.97
770105,457,457.23,-31.12,-31.12,0,10.97
770110,450,450.2,-36.52,-36.52,0,10.97
770115,446,445.73,-41.34,-41.34,0,10.97
770120,443,442.78,-45.58,-45.58,0,10.97
770125,438,438.32,-49.25,-49.25,0,10.97
770130,433,433.24,-52.36,-52.36,0,10.97
770135,442,441.65,-54.95,-54.95,0,10.97
770140,445,444.76,-57.03,-57.03,0,10.97
770145,443,443.39,-58.64,-58.64,0,10.97
770150,447,447.24,-59.81,-59.81,0,10.97
770155,450,449.58,-60.59,-60.59,0,10.97
770160,449,448.77,-61.02,-60.67,0,10.97
770165,447,447.45,-61.15,-60.67,0,10.97
770170,458,458.24,-61.01,-60.67,0,10.97
770175,460,459.53,-60.67,-60.67,0,10.97
770180,461,460.76,-60.15,-60.15,0,10.97
770185,468,468.49,-59.51,-59.51,0,10.97
770190,471,471.26,-58.79,-58.79,0,10.97
770195,471,470.49,-58.03,-58.03,0,10.97
770200,472,471.73,-57.27,-57.27,0,10.97
770205,471,471.53,-56.55,-56.55,0,10.97
770210,474,474.29,-55.88,-55.88,0,10.97
770215,471,470.45,-55.3,-55.3,0,10.97
770220,470,469.68,-54.83,-54.83,0,10.97
770225,469,469.57,-54.48,-54.48,0,10.97
770230,467,467.35,-54.28,-54.48,0,10.97
770235,475,474.41,-54.23,-54.48,0,10.97
770240,465,464.63,-54.34,-54.48,0,10.97
770245,460,460.59,-54.61,-54.61,0,10.97
770250,457,457.4,-55.05,-55.05,0,10.97
770255,454,453.4,-55.64,-55.64,0,10.97
770260,457,456.58,-56.39,-56.39,0,10.97
770265,451,451.6,-57.28,-57.28,0,10.97
770270,445,445.43,-58.32,-58.32,0,10.97
770275,443,442.39,-59.48,-59.48,0,10.97
770280,442,441.56,-60.77,-60.77,0,10.97
770285,438,438.62,-62.16,-62.16,0,10.97
770290,438,438.45,-63.66,-63.66,0,10.97
770295,459,458.38,-65.24,-65.24,0,10.97
770300,433,432.54,-66.89,-66.89,0,10.97
770305,431,431.58,-68.61,-68.61,0,10.97
770310,431,431.47,-70.38,-70.38,0,10.97
770315,429,428.47,-72.19,-72.19,0,10.97
770320,428,427.51,-74.03,-74.03,0,10.97
770325,427,427.48,-75.87,-75.87,0,10.97
770330,422,422.5,-77.72,-77.72,0,10.97
770335,424,423.56,-79.56,-79.56,0,10.97
770340,423,422.49,-81.37,-81.37,0,10.97
770345,424,424.39,-83.16,-83.16,0,10.97
770350,421,421.52,-84.9,-84.9,0,10.97
770355,424,423.65,-86.59,-86.59,0,10.97
770360,424,423.47,-88.22,-88.22,0,10.97
770365,426,426.31,-89.78,-89.78,0,10.97
770370,426,426.54,-91.25,-91.25,0,10.97
770375,425,424.73,-92.62,-92.62,0,10.97
770380,429,428.45,-93.88,-93.88,0,10.97
770385,424,424.23,-95.02,-95.02,0,10.97
770390,426,426.56,-96.01,-96.01,0,10.97
770395,424,423.81,-96.83,-96.83,0,10.97
770400,425,424.43,-97.46,-97.46,0,10.97
770405,428,428.16,-97.89,-97.66,0,10.97
770410,426,426.58,-98.08,-97.66,0,10.97
770415,426,425.87,-98.02,-97.66,0,10.97
770420,430,429.41,-97.66,-97.66,0,10.97
770425,432,432.11,-96.99,-96.99,0,10.97
770430,430,430.6,-95.97,-95.97,0,10.97
770435,427,426.91,-94.58,-94.58,0,10.97
770440,432,431.39,-92.76,-92.76,0,10.97
770445,430,430.08,-90.51,-90.51,0,10.97
770450,431,431.62,-87.77,-87.77,0,10.97
770455,433,432.93,-84.52,-84.52,0,10.97
770460,434,433.38,-80.73,-80.73,0,10.97
770465,433,433.06,-76.37,-76.37,0,10.97
770470,436,436.63,-71.4,-71.4,0,10.97
770475,434,433.95,-65.8,-65.8,0,10.97
770480,434,433.35,-59.56,-59.56,0,10.97
770485,433,433.03,-52.66,-52.66,0,10.97
770490,433,433.66,-45.09,-45.09,0,10.97
770495,433,432.98,-36.84,-36.84,0,10.97
770500,435,434.32,-27.94,-27.94,0,10.97
770505,441,441.01,-18.38,-18.38,0,10.97
770510,441,441.7,-8.21,-8.21,0,10.97
770515,444,444.0,2.54,2.54,0,10.97
770520,457,456.29,13.81,13.81,0,10.97
770525,471,471.02,25.53,25.53,0,10.97
770530,485,485.74,37.64,37.64,0,10.97
770535,507,506.98,50.02,50.02,0,10.97
770540,530,529.24,62.59,62.59,0,10.97
770545,555,555.03,75.22,75.22,0,10.97
770550,580,580.78,87.8,87.8,0,10.97
770555,609,608.96,100.2,100.2,0,10.97
770560,637,636.2,112.3,112.3,0,10.97
770565,660,660.05,123.96,123.96,0,10.97
770570,683,683.81,135.07,135.07,0,10.97
770575,702,701.93,145.51,145.51,0,10.97
770580,720,719.17,155.17,155.17,0,10.97
770585,734,734.07,163.96,163.96,0,10.97
770590,743,743.85,171.78,171.78,0,10.97
770595,750,749.91,178.58,178.58,0,10.97
770600,755,754.13,184.28,184.28,0,10.97
770605,757,757.1,188.86,188.86,0,10.97
770610,755,755.89,192.28,192.28,0,10.97
770615,760,759.88,194.54,194.39,0,10.97
770620,747,746.08,195.63,194.39,0,10.97
770625,739,739.12,195.57,194.39,0,10.97
770630,732,732.94,194.39,194.39,0,10.97
770635,723,722.89,192.13,192.13,0,10.97
770640,712,711.03,188.83,188.83,0,10.97
770645,701,701.11,184.55,184.55,0,10.97
770650,691,692.0,179.36,179.36,0,10.97
770655,681,680.9,173.32,173.32,0,10.97
770660,669,667.96,166.52,166.52,0,10.97
770665,658,658.09,159.02,159.02,0,10.97
770670,649,650.08,150.9,150.9,0,10.97
770675,638,637.93,142.24,142.24,0,10.97
770680,628,626.88,133.13,133.13,0,10.97
770685,617,617.06,123.64,123.64,0,10.97
770690,606,607.17,113.85,113.85,0,10.97
770695,598,597.95,103.84,103.84,0,10.97
770700,607,605.8,93.69,93.69,0,10.97
770705,580,580.03,83.46,83.46,0,10.97
770710,570,571.21,73.23,73.23,0,10.97
770715,558,557.98,63.07,63.07,0,10.97
770720,551,549.79,53.04,53.04,0,10.97
770725,542,542.02,43.22,43.22,0,10.97
770730,530,531.22,33.64,33.64,0,10.97
770735,522,521.98,24.38,24.38,0,10.97
770740,534,532.79,15.48,15.48,0,10.97
770745,500,500.01,7.0,7.0,0,10.97
770750,489,490.16,-1.04,-1.04,0,10.97
770755,480,480.0,-8.58,-8.58,0,10.97
770760,472,470.89,-15.6,-15.6,0,10.97
770765,463,463.0,-22.07,-22.07,0,10.97
770770,455,456.05,-27.98,-27.98,0,10.97
770775,451,451.01,-33.3,-33.3,0,10.97
770780,446,445.0,-38.03,-38.03,0,10.97
770785,445,444.99,-42.18,-42.18,0,10.97
770790,443,443.95,-45.76,-45.76,0,10.97
770795,440,440.01,-48.78,-48.78,0,10.97
770800,443,442.1,-51.27,-51.27,0,10.97
770805,443,442.99,-53.26,-53.26,0,10.97
770810,446,446.86,-54.78,-54.78,0,10.97
770815,453,453.02,-55.87,-55.87,0,10.97
770820,455,454.19,-56.57,-56.57,0,10.97
770825,457,456.98,-56.93,-56.57,0,10.97
770830,459,459.76,-57.0,-56.57,0,10.97
770835,460,460.03,-56.81,-56.57,0,10.97
770840,466,465.29,-56.42,-56.42,0,10.97
770845,467,466.96,-55.87,-55.87,0,10.97
770850,473,473.67,-55.21,-55.21,0,10.97
770855,474,474.04,-54.48,-54.48,0,10.97
770860,473,472.37,-53.72,-53.72,0,10.97
770865,476,475.95,-52.96,-52.96,0,10.97
770870,477,477.6,-52.25,-52.25,0,10.97
770875,476,476.05,-51.61,-51.61,0,10.97
770880,477,476.43,-51.06,-51.06,0,10.97
770885,476,475.94,-50.64,-50.64,0,10.97
770890,480,480.54,-50.35,-50.4,0,10.97
770895,472,472.07,-50.21,-50.4,0,10.97
770900,475,474.48,-50.22,-50.4,0,10.97
770905,468,467.93,-50.4,-50.4,0,10.97
770910,467,467.5,-50.75,-50.75,0,10.97
770915,462,462.07,-51.26,-51.26,0,10.97
770920,461,460.52,-51.94,-51.94,0,10.97
770925,455,454.92,-52.76,-52.76,0,10.97
770930,454,454.46,-53.73,-53.73,0,10.97
770935,448,448.08,-54.84,-54.84,0,10.97
770940,449,448.56,-56.07,-56.07,0,10.97
770945,446,445.92,-57.42,-57.42,0,10.97
770950,443,443.42,-58.87,-58.87,0,10.97
770955,440,440.08,-60.41,-60.41,0,10.97
770960,442,441.6,-62.02,-62.02,0,10.97
770965,438,437.92,-63.71,-63.71,0,10.97
770970,436,436.38,-65.44,-65.44,0,10.97
770975,435,435.07,-67.22,-67.22,0,10.97
770980,433,432.64,-69.03,-69.03,0,10.97
770985,431,430.93,-70.86,-70.86,0,10.97
770990,429,429.33,-72.69,-72.69,0,10.97
770995,429,429.07,-74.53,-74.53,0,10.97
771000,428,427.69,-76.35,-76.35,0,10.97
771005,426,425.93,-78.15,-78.15,0,10.97
771010,427,427.28,-79.92,-79.92,0,10.97
771015,428,428.07,-81.65,-81.65,0,10.97
771020,427,426.74,-83.33,-83.33,0,10.97
771025,427,426.93,-84.95,-84.95,0,10.97
771030,424,424.23,-86.5,-86.5,0,10.97
771035,427,427.08,-87.97,-87.97,0,10.97
771040,427,426.8,-89.35,-89.35,0,10.97
771045,427,426.91,-90.62,-90.62,0,10.97
771050,429,429.17,-91.77,-91.77,0,10.97
771055,430,430.09,-92.78,-92.78,0,10.97
771060,429,428.85,-93.64,-93.64,0,10.97
771065,430,429.9,-94.33,-94.33,0,10.97
771070,430,430.12,-94.82,-94.82,0,10.97
771075,430,430.11,-95.1,-94.82,0,10.97
771080,431,430.91,-95.13,-94.82,0,10.97
771085,433,432.88,-94.89,-94.82,0,10.97
771090,433,433.07,-94.36,-94.36,0,10.97
771095,433,433.13,-93.5,-93.5,0,10.97
771100,433,432.96,-92.28,-92.28,0,10.97
771105,432,431.86,-90.66,-90.66,0,10.97
771110,435,435.02,-88.62,-88.62,0,10.97
771115,435,435.15,-86.12,-86.12,0,10.97
771120,433,433.0,-83.12,-83.12,0,10.97
771125,437,436.84,-79.6,-79.6,0,10.97
771130,436,435.99,-75.51,-75.51,0,10.97
771135,434,434.17,-70.84,-70.84,0,10.97
771140,435,435.03,-65.55,-65.55,0,10.97
771145,434,433.82,-59.62,-59.62,0,10.97
771150,433,432.96,-53.04,-53.04,0,10.97
771155,436,436.19,-45.8,-45.8,0,10.97
771160,433,433.05,-37.88,-37.88,0,10.97
771165,435,434.8,-29.3,-29.3,0,10.97
771170,437,436.93,-20.08,-20.08,0,10.97
771175,440,440.22,-10.22,-10.22,0,10.97
771180,446,446.08,0.22,0.22,0,10.97
771185,455,454.77,11.19,11.19,0,10.97
771190,469,468.91,22.64,22.64,0,10.97
771195,480,480.25,34.48,34.48,0,10.97
771200,500,500.1,46.63,46.63,0,10.97
771205,522,521.74,58.99,58.99,0,10.97
771210,546,545.89,71.44,71.44,0,10.97
771215,572,572.27,83.87,83.87,0,10.97
771220,600,600.11,96.16,96.16,0,10.97
771225,630,629.72,108.17,108.17,0,10.97
771230,652,651.88,119.78,119.78,0,10.97
771235,676,676.28,130.87,130.87,0,10.97
771240,696,696.13,141.31,141.31,0,10.97
771245,714,713.71,151.0,151.0,0,10.97
771250,730,729.86,159.84,159.84,0,10.97
771255,736,736.29,167.74,167.74,0,10.97
771260,749,749.14,174.62,174.62,0,10.97
771265,754,753.71,180.42,180.42,0,10.97
771270,757,756.85,185.1,185.1,0,10.97
771275,757,757.28,188.64,188.64,0,10.97
771280,738,738.15,191.0,191.0,0,10.97
771285,748,747.72,192.2,191.0,0,10.97
771290,742,741.88,192.24,191.0,0,10.97
771295,735,735.28,191.16,191.0,0,10.97
771300,726,726.09,188.98,188.98,0,10.97
771305,714,713.72,185.75,185.75,0,10.97
771310,703,702.94,181.53,181.53,0,10.97
771315,692,692.29,176.38,176.38,0,10.97
771320,679,679.02,170.37,170.37,0,10.97
771325,669,668.7,163.58,163.58,0,10.97
771330,659,659.01,156.08,156.08,0,10.97
771335,645,645.3,147.96,147.96,0,10.97
771340,636,635.95,139.3,139.3,0,10.97
771345,625,624.69,130.18,130.18,0,10.97
771350,613,613.09,120.68,120.68,0,10.97
771355,602,602.31,110.89,110.89,0,10.97
771360,613,612.89,100.88,100.88,0,10.97
771365,585,584.69,90.74,90.74,0,10.97
771370,575,575.1,80.53,80.53,0,10.97
771375,564,564.31,70.34,70.34,0,10.97
771380,557,556.92,60.24,60.24,0,10.97
771385,548,547.7,50.28,50.28,0,10.97
771390,538,538.07,40.55,40.55,0,10.97
771395,527,527.3,31.09,31.09,0,10.97
771400,518,517.95,21.96,21.96,0,10.97
771405,506,505.71,13.22,13.22,0,10.97
771410,498,498.03,4.9,4.9,0,10.97
771415,489,489.29,-2.94,-2.94,0,10.97
771420,480,479.99,-10.29,-10.29,0,10.97
771425,471,470.71,-17.1,-17.1,0,10.97
771430,464,464.0,-23.36,-23.36,0,10.97
771435,456,456.29,-29.05,-29.05,0,10.97
771440,450,450.02,-34.16,-34.16,0,10.97
771445,448,447.71,-38.7,-38.7,0,10.97
771450,447,446.97,-42.67,-42.67,0,10.97
771455,446,446.29,-46.09,-46.09,0,10.97
771460,447,447.05,-48.97,-48.97,0,10.97
771465,449,448.71,-51.34,-51.34,0,10.97
771470,451,450.94,-53.23,-53.23,0,10.97
771475,451,451.29,-54.68,-54.68,0,10.97
771480,453,453.07,-55.72,-55.72,0,10.97
771485,456,455.71,-56.4,-56.4,0,10.97
771490,460,459.93,-56.76,-56.4,0,10.97
771495,462,462.29,-56.84,-56.4,0,10.97
771500,465,465.08,-56.69,-56.4,0,10.97
771505,468,467.71,-56.36,-56.36,0,10.97
771510,471,470.92,-55.88,-55.88,0,10.97
771515,466,466.29,-55.3,-55.3,0,10.97
771520,472,472.08,-54.67,-54.67,0,10.97
771525,478,477.73,-54.01,-54.01,0,10.97
771530,475,474.92,-53.36,-53.36,0,10.97
771535,477,477.25,-52.76,-52.76,0,10.97
771540,480,480.08,-52.22,-52.22,0,10.97
771545,478,477.77,-51.78,-51.78,0,10.97
771550,477,476.91,-51.46,-51.46,0,10.97
771555,475,475.21,-51.26,-51.46,0,10.97
771560,472,472.1,-51.21,-51.46,0,10.97
771565,469,468.81,-51.3,-51.46,0,10.97
771570,470,469.9,-51.55,-51.55,0,10.97
771575,465,465.17,-51.95,-51.95,0,10.97
771580,463,463.1,-52.5,-52.5,0,10.97
771585,460,459.85,-53.2,-53.2,0,10.97
771590,459,458.9,-54.05,-54.05,0,10.97
771595,456,456.13,-55.03,-55.03,0,10.97
771600,454,454.1,-56.13,-56.13,0,10.97
771605,451,450.88,-57.34,-57.34,0,10.97
771610,448,447.9,-58.66,-58.66,0,10.97
771615,446,446.1,-60.07,-60.07,0,10.97
771620,442,442.1,-61.55,-61.55,0,10.97
771625,440,439.91,-63.09,-63.09,0,10.97
771630,438,437.9,-64.69,-64.69,0,10.97
771635,434,434.08,-66.32,-66.32,0,10.97
771640,434,434.1,-67.98,-67.98,0,10.97
771645,430,429.94,-69.65,-69.65,0,10.97
771650,430,429.9,-71.32,-71.32,0,10.97
771655,428,428.05,-72.99,-72.99,0,10.97
771660,428,428.1,-74.65,-74.65,0,10.97
771665,426,425.97,-76.29,-76.29,0,10.97
771670,427,426.9,-77.9,-77.9,0,10.97
771675,424,424.02,-79.48,-79.48,0,10.97
771680,427,427.11,-81.03,-81.03,0,10.97
771685,425,425.0,-82.54,-82.54,0,10.97
771690,424,423.89,-84.0,-84.0,0,10.97
771695,422,421.99,-85.42,-85.42,0,10.97
771700,424,424.12,-86.78,-86.78,0,10.97
771705,424,424.04,-88.1,-88.1,0,10.97
771710,424,423.88,-89.35,-89.35,0,10.97
771715,422,421.94,-90.55,-90.55,0,10.97
771720,423,423.13,-91.68,-91.68,0,10.97
771725,425,425.09,-92.74,-92.74,0,10.97
771730,426,425.86,-93.72,-93.72,0,10.97
771735,427,426.88,-94.61,-94.61,0,10.97
771740,428,428.14,-95.41,-95.41,0,10.97
771745,427,427.14,-96.1,-96.1,0,10.97
771750,431,430.86,-96.68,-96.68,0,10.97
771755,430,429.83,-97.12,-97.12,0,10.97
771760,431,431.15,-97.4,-97.13,0,10.97
771765,431,431.2,-97.52,-97.13,0,10.97
771770,435,434.86,-97.43,-97.13,0,10.97
771775,434,433.78,-97.13,-97.13,0,10.97
771780,434,434.14,-96.59,-96.59,0,10.97
771785,435,435.24,-95.76,-95.76,0,10.97
771790,436,435.86,-94.63,-94.63,0,10.97
771795,438,437.73,-93.15,-93.15,0,10.97
771800,437,437.13,-91.29,-91.29,0,10.97
771805,438,438.29,-89.02,-89.02,0,10.97
771810,438,437.87,-86.3,-86.3,0,10.97
771815,439,438.69,-83.09,-83.09,0,10.97
771820,439,439.12,-79.35,-79.35,0,10.97
771825,439,439.33,-75.05,-75.05,0,10.97
771830,439,438.88,-70.16,-70.16,0,10.97
771835,439,438.64,-64.64,-64.64,0,10.97
771840,440,440.12,-58.47,-58.47,0,10.97
771845,439,439.38,-51.62,-51.62,0,10.97
771850,440,439.89,-44.08,-44.08,0,10.97
771855,440,439.6,-35.84,-35.84,0,10.97
771860,441,441.11,-26.91,-26.91,0,10.97
771865,443,443.43,-17.28,-17.28,0,10.97
771870,446,445.89,-7.0,-7.0,0,10.97
771875,451,450.54,3.93,3.93,0,10.97
771880,457,457.11,15.44,15.44,0,10.97
771885,455,455.48,27.47,27.47,0,10.97
771890,486,485.9,39.96,39.96,0,10.97
771895,506,505.53,52.81,52.81,0,10.97
771900,530,530.1,65.92,65.92,0,10.97
771905,555,555.46,79.18,79.18,0,10.97
771910,583,582.9,92.46,92.46,0,10.97
771915,610,609.55,105.64,105.64,0,10.97
771920,641,641.09,118.58,118.58,0,10.97
771925,664,664.44,131.16,131.16,0,10.97
771930,691,690.9,143.23,143.23,0,10.97
771935,714,713.56,154.69,154.69,0,10.97
771940,732,732.09,165.41,165.41,0,10.97
771945,748,748.42,175.28,175.28,0,10.97
771950,760,759.9,184.21,184.21,0,10.97
771955,771,770.59,192.12,192.12,0,10.97
771960,775,775.1,198.94,198.94,0,10.97
771965,777,777.39,204.63,204.63,0,10.97
771970,781,780.9,209.13,209.13,0,10.97
771975,778,777.62,212.45,212.45,0,10.97
771980,774,774.1,214.55,213.8,0,10.97
771985,767,767.36,215.47,213.8,0,10.97
771990,757,756.9,215.21,213.8,0,10.97
771995,750,749.66,213.8,213.8,0,10.97
772000,742,742.11,211.3,211.3,0,10.97
772005,730,730.33,207.74,207.74,0,10.97
772010,722,721.88,203.2,203.2,0,10.97
772015,711,710.69,197.73,197.73,0,10.97
772020,699,699.12,191.4,191.4,0,10.97
772025,686,686.29,184.29,184.29,0,10.97
772030,678,677.87,176.48,176.48,0,10.97
772035,668,667.73,168.04,168.04,0,10.97
772040,657,657.13,159.06,159.06,0,10.97
772045,647,647.24,149.61,149.61,0,10.97
772050,638,637.86,139.77,139.77,0,10.97
772055,627,626.78,129.62,129.62,0,10.97
772060,617,617.14,119.24,119.24,0,10.97
772065,609,609.19,108.7,108.7,0,10.97
772070,598,597.85,98.07,98.07,0,10.97
772075,590,589.83,87.42,87.42,0,10.97
772080,580,580.15,76.82,76.82,0,10.97
772085,572,572.15,66.33,66.33,0,10.97
772090,560,559.84,56.01,56.01,0,10.97
772095,548,547.86,45.93,45.93,0,10.97
772100,541,541.16,36.13,36.13,0,10.97
772105,530,530.12,26.66,26.66,0,10.97
772110,519,518.83,17.58,17.58,0,10.97
772115,508,507.88,8.92,8.92,0,10.97
772120,498,498.18,0.73,0.73,0,10.97
772125,488,488.11,-6.97,-6.97,0,10.97
772130,480,479.81,-14.15,-14.15,0,10.97
772135,469,468.9,-20.79,-20.79,0,10.97
772140,464,464.2,-26.87,-26.87,0,10.97
772145,460,460.1,-32.39,-32.39,0,10.97
772150,462,461.79,-37.34,-37.34,0,10.97
772155,452,451.9,-41.74,-41.74,0,10.97
772160,450,450.2,-45.58,-45.58,0,10.97
772165,450,450.1,-48.9,-48.9,0,10.97
772170,453,452.81,-51.71,-51.71,0,10.97
772175,447,446.89,-54.03,-54.03,0,10.97
772180,451,451.17,-55.91,-55.91,0,10.97
772185,454,454.12,-57.37,-57.37,0,10.97
772190,456,455.85,-58.46,-58.46,0,10.97
772195,456,455.86,-59.21,-59.21,0,10.97
772200,460,460.13,-59.66,-59.66,0,10.97
772205,455,455.15,-59.87,-59.66,0,10.97
772210,466,465.89,-59.87,-59.66,0,10.97
772215,466,465.84,-59.71,-59.66,0,10.97
772220,468,468.08,-59.42,-59.42,0,10.97
772225,471,471.16,-59.05,-59.05,0,10.97
772230,473,472.95,-58.64,-58.64,0,10.97
772235,472,471.84,-58.22,-58.22,0,10.97
772240,479,479.03,-57.81,-57.81,0,10.97
772245,471,471.17,-57.46,-57.46,0,10.97
772250,471,470.99,-57.18,-57.18,0,10.97
772255,472,471.83,-56.99,-57.12,0,10.97
772260,469,469.0,-56.91,-57.12,0,10.97
772265,469,469.17,-56.95,-57.12,0,10.97
772270,467,467.01,-57.12,-57.12,0,10.97
772275,464,463.82,-57.43,-57.43,0,10.97
772280,461,460.97,-57.88,-57.88,0,10.97
772285,459,459.18,-58.47,-58.47,0,10.97
772290,455,455.04,-59.2,-59.2,0,10.97
772295,452,451.81,-60.07,-60.07,0,10.97
772300,469,468.96,-61.06,-61.06,0,10.97
772305,445,445.19,-62.16,-62.16,0,10.97
772310,448,448.02,-63.38,-63.38,0,10.97
772315,441,440.8,-64.69,-64.69,0,10.97
772320,439,439.01,-66.09,-66.09,0,10.97
772325,437,437.2,-67.56,-67.56,0,10.97
772330,434,433.96,-69.09,-69.09,0,10.97
772335,433,432.79,-70.66,-70.66,0,10.97
772340,430,430.07,-72.27,-72.27,0,10.97
772345,430,430.22,-73.9,-73.9,0,10.97
772350,429,428.91,-75.55,-75.55,0,10.97
772355,426,425.77,-77.19,-77.19,0,10.97
772360,424,424.12,-78.83,-78.83,0,10.97
772365,424,424.24,-80.46,-80.46,0,10.97
772370,423,422.86,-82.06,-82.06,0,10.97
772375,421,420.75,-83.63,-83.63,0,10.97
772380,420,420.16,-85.17,-85.17,0,10.97
772385,421,421.26,-86.67,-86.67,0,10.97
772390,419,418.82,-88.12,-88.12,0,10.97
772395,419,418.72,-89.52,-89.52,0,10.97
772400,419,419.2,-90.86,-90.86,0,10.97
772405,421,421.3,-92.15,-92.15,0,10.97
772410,428,427.78,-93.37,-93.37,0,10.97
772415,418,417.68,-94.52,-94.52,0,10.97
772420,422,422.22,-95.6,-95.6,0,10.97
772425,422,422.35,-96.59,-96.59,0,10.97
772430,424,423.78,-97.49,-97.49,0,10.97
772435,428,427.62,-98.3,-98.3,0,10.97
772440,426,426.23,-98.98,-98.98,0,10.97
772445,427,427.41,-99.55,-99.55,0,10.97
772450,429,428.77,-99.97,-99.97,0,10.97
772455,429,428.57,-100.23,-99.97,0,10.97
772460,429,429.23,-100.31,-99.97,0,10.97
772465,431,431.46,-100.18,-99.97,0,10.97
772470,431,430.77,-99.83,-99.83,0,10.97
772475,435,434.51,-99.21,-99.21,0,10.97
772480,432,432.23,-98.31,-98.31,0,10.97
772485,428,428.51,-97.09,-97.09,0,10.97
772490,433,432.77,-95.51,-95.51,0,10.97
772495,432,431.48,-93.54,-93.54,0,10.97
772500,434,434.23,-91.15,-91.15,0,10.97
772505,432,432.53,-88.29,-88.29,0,10.97
772510,436,435.77,-84.94,-84.94,0,10.97
772515,434,433.45,-81.05,-81.05,0,10.97
772520,436,436.23,-76.6,-76.6,0,10.97
772525,433,433.56,-71.56,-71.56,0,10.97
772530,435,434.77,-65.89,-65.89,0,10.97
772535,434,433.43,-59.57,-59.57,0,10.97
772540,434,434.23,-52.6,-52.6,0,10.97
772545,435,435.58,-44.94,-44.94,0,10.97
772550,436,435.77,-36.61,-36.61,0,10.97
772555,437,436.4,-27.61,-27.61,0,10.97
772560,438,438.23,-17.95,-17.95,0,10.97
772565,442,442.62,-7.66,-7.66,0,10.97
772570,450,449.77,3.21,3.21,0,10.97
772575,458,457.37,14.62,14.62,0,10.97
772580,470,470.23,26.5,26.5,0,10.97
772585,489,489.65,38.78,38.78,0,10.97
772590,512,511.79,51.35,51.35,0,10.97
772595,531,530.33,64.11,64.11,0,10.97
772600,556,556.2,76.96,76.96,0,10.97
772605,558,558.68,89.77,89.77,0,10.97
772610,610,609.82,102.42,102.42,0,10.97
772615,638,637.34,114.77,114.77,0,10.97
772620,663,663.16,126.69,126.69,0,10.97
772625,686,686.61,138.06,138.06,0,10.97
772630,706,705.85,148.75,148.75,0,10.97
772635,747,746.44,158.65,158.65,0,10.97
772640,739,739.14,167.66,167.66,0,10.97
772645,748,748.47,175.69,175.69,0,10.97
772650,757,756.87,182.67,182.67,0,10.97
772655,762,761.63,188.54,188.54,0,10.97
772660,763,763.11,193.25,193.25,0,10.97
772665,764,764.26,196.78,196.78,0,10.97
772670,760,759.89,199.12,199.03,0,10.97
772675,755,754.83,200.26,199.03,0,10.97
772680,745,745.09,200.22,199.03,0,10.97
772685,739,739.06,199.03,199.03,0,10.97
772690,729,728.92,196.73,196.73,0,10.97
772695,719,719.03,193.37,193.37,0,10.97
772700,707,707.06,188.99,188.99,0,10.97
772705,716,715.88,183.68,183.68,0,10.97
772710,687,686.96,177.49,177.49,0,10.97
772715,674,674.18,170.51,170.51,0,10.97
772720,663,663.01,162.82,162.82,0,10.97
772725,652,651.77,154.49,154.49,0,10.97
772730,642,642.01,145.62,145.62,0,10.97
772735,632,632.28,136.29,136.29,0,10.97
772740,623,622.96,126.59,126.59,0,10.97
772745,609,608.66,116.59,116.59,0,10.97
772750,601,601.06,106.39,106.39,0,10.97
772755,589,589.39,96.05,96.05,0,10.97
772760,583,582.92,85.66,85.66,0,10.97
772765,573,572.55,75.3,75.3,0,10.97
772770,564,564.09,65.03,65.03,0,10.97
772775,555,555.5,54.92,54.92,0,10.97
772780,544,543.89,45.04,45.04,0,10.97
772785,534,533.44,35.45,35.45,0,10.97
772790,524,524.13,26.2,26.2,0,10.97
772795,498,498.61,17.35,17.35,0,10.97
772800,504,503.85,8.95,8.95,0,10.97
772805,494,493.37,1.03,1.03,0,10.97
772810,485,485.18,-6.36,-6.36,0,10.97
772815,451,451.64,-13.2,-13.2,0,10.97
772820,470,469.81,-19.48,-19.48,0,10.97
772825,462,461.39,-25.16,-25.16,0,10.97
772830,457,457.22,-30.25,-30.25,0,10.97
772835,457,457.56,-34.76,-34.76,0,10.97
772840,450,449.77,-38.68,-38.68,0,10.97
772845,448,447.47,-42.04,-42.04,0,10.97
772850,446,446.25,-44.85,-44.85,0,10.97
772855,448,448.5,-47.14,-47.14,0,10.97
772860,450,449.73,-48.94,-48.94,0,10.97
772865,455,454.53,-50.29,-50.29,0,10.97
772870,454,454.28,-51.23,-51.23,0,10.97
772875,459,459.43,-51.81,-51.81,0,10.97
772880,463,462.7,-52.07,-51.81,0,10.97
772885,464,463.6,-52.06,-51.81,0,10.97
772890,467,467.31,-51.82,-51.81,0,10.97
772895,472,472.37,-51.41,-51.41,0,10.97
772900,475,474.68,-50.86,-50.86,0,10.97
772905,477,476.66,-50.23,-50.23,0,10.97
772910,479,479.32,-49.56,-49.56,0,10.97
772915,480,480.32,-48.88,-48.88,0,10.97
772920,481,480.67,-48.24,-48.24,0,10.97
772925,481,480.71,-47.65,-47.65,0,10.97
772930,480,480.34,-47.16,-47.16,0,10.97
772935,480,480.27,-46.78,-46.78,0,10.97
772940,478,477.65,-46.53,-46.71,0,10.97
772945,477,476.76,-46.43,-46.71,0,10.97
772950,474,474.36,-46.48,-46.71,0,10.97
772955,473,473.22,-46.71,-46.71,0,10.97
772960,471,470.63,-47.1,-47.1,0,10.97
772965,467,466.8,-47.66,-47.66,0,10.97
772970,463,463.38,-48.39,-48.39,0,10.97
772975,462,462.18,-49.28,-49.28,0,10.97
772980,459,458.62,-50.32,-50.32,0,10.97
772985,455,454.84,-51.51,-51.51,0,10.97
772990,450,450.39,-52.83,-52.83,0,10.97
772995,448,448.14,-54.27,-54.27,0,10.97
773000,445,444.61,-55.82,-55.82,0,10.97
773005,444,443.88,-57.47,-57.47,0,10.97
773010,440,440.39,-59.2,-59.2,0,10.97
773015,440,440.1,-61.0,-61.0,0,10.97
773020,436,435.61,-62.85,-62.85,0,10.97
773025,435,434.92,-64.74,-64.74,0,10.97
773030,433,433.4,-66.67,-66.67,0,10.97
773035,432,432.07,-68.61,-68.61,0,10.97
773040,430,429.6,-70.55,-70.55,0,10.97
773045,428,427.95,-72.49,-72.49,0,10.97
773050,426,426.41,-74.41,-74.41,0,10.97
773055,427,427.04,-76.31,-76.31,0,10.97
773060,424,423.58,-78.17,-78.17,0,10.97
773065,423,422.97,-79.98,-79.98,0,10.97
773070,424,424.42,-81.73,-81.73,0,10.97
773075,423,423.02,-83.42,-83.42,0,10.97
773080,424,423.57,-85.03,-85.03,0,10.97
773085,420,419.99,-86.56,-86.56,0,10.97
773090,423,423.44,-87.99,-87.99,0,10.97
773095,425,425.01,-89.32,-89.32,0,10.97
773100,425,424.55,-90.53,-90.53,0,10.97
773105,431,430.99,-91.61,-91.61,0,10.97
773110,425,425.46,-92.55,-92.55,0,10.97
773115,428,428.0,-93.33,-93.33,0,10.97
773120,427,426.53,-93.93,-93.93,0,10.97
773125,428,428.01,-94.34,-94.16,0,10.97
773130,428,428.48,-94.53,-94.16,0,10.97
773135,431,430.98,-94.48,-94.16,0,10.97
773140,431,430.51,-94.16,-94.16,0,10.97
773145,431,431.02,-93.56,-93.56,0,10.97
773150,432,432.5,-92.63,-92.63,0,10.97
773155,432,431.97,-91.35,-91.35,0,10.97
773160,436,435.49,-89.68,-89.68,0,10.97
773165,432,432.03,-87.61,-87.61,0,10.97
773170,429,429.51,-85.08,-85.08,0,10.97
773175,434,433.96,-82.07,-82.07,0,10.97
773180,434,433.49,-78.54,-78.54,0,10.97
773185,433,433.04,-74.47,-74.47,0,10.97
773190,434,434.5,-69.83,-69.83,0,10.97
773195,434,433.96,-64.59,-64.59,0,10.97
773200,434,433.5,-58.73,-58.73,0,10.97
773205,433,433.04,-52.23,-52.23,0,10.97
773210,433,433.49,-45.08,-45.08,0,10.97
773215,432,431.96,-37.27,-37.27,0,10.97
773220,434,433.51,-28.82,-28.82,0,10.97
773225,434,434.04,-19.74,-19.74,0,10.97
773230,440,440.49,-10.05,-10.05,0,10.97
773235,445,444.97,0.22,0.22,0,10.97
773240,452,451.51,11.01,11.01,0,10.97
773245,462,462.03,22.26,22.26,0,10.97
773250,477,477.49,33.9,33.9,0,10.97
773255,495,494.98,45.84,45.84,0,10.97
773260,516,515.51,57.99,57.99,0,10.97
773265,539,539.02,70.22,70.22,0,10.97
773270,563,563.5,82.43,82.43,0,10.97
773275,591,590.99,94.49,94.49,0,10.97
773280,619,618.5,106.27,106.27,0,10.97
773285,647,647.0,117.65,117.65,0,10.97
773290,667,667.5,128.5,128.5,0,10.97
773295,686,686.0,138.71,138.71,0,10.97
773300,708,707.5,148.15,148.15,0,10.97
773305,722,722.01,156.72,156.72,0,10.97
773310,732,732.5,164.35,164.35,0,10.97
773315,741,740.98,170.94,170.94,0,10.97
773320,746,745.5,176.44,176.44,0,10.97
773325,748,748.03,180.8,180.8,0,10.97
773330,749,749.5,183.99,183.99,0,10.97
773335,748,747.96,185.99,184.93,0,10.97
773340,741,740.5,186.81,184.93,0,10.97
773345,734,734.04,186.44,184.93,0,10.97
773350,726,726.5,184.93,184.93,0,10.97
773355,716,715.95,182.3,182.3,0,10.97
773360,707,706.49,178.61,178.61,0,10.97
773365,696,696.05,173.91,173.91,0,10.97
773370,682,682.51,168.27,168.27,0,10.97
773375,674,673.95,161.77,161.77,0,10.97
773380,658,657.49,154.49,154.49,0,10.97
773385,647,647.06,146.5,146.5,0,10.97
773390,634,634.52,137.9,137.9,0,10.97
773395,623,622.94,128.78,128.78,0,10.97
773400,611,610.48,119.21,119.21,0,10.97
773405,600,600.06,109.31,109.31,0,10.97
773410,587,587.53,99.14,99.14,0,10.97
773415,579,578.94,88.8,88.8,0,10.97
773420,570,569.47,78.37,78.37,0,10.97
773425,561,561.06,67.93,67.93,0,10.97
773430,541,541.53,57.57,57.57,0,10.97
773435,540,539.94,47.35,47.35,0,10.97
773440,530,529.49,37.34,37.34,0,10.97
773445,520,520.07,27.62,27.62,0,10.97
773450,509,509.49,18.24,18.24,0,10.97
773455,499,498.93,9.26,9.26,0,10.97
773460,487,486.52,0.74,0.74,0,10.97
773465,478,478.08,-7.29,-7.29,0,10.97
773470,468,468.46,-14.79,-14.79,0,10.97
773475,458,457.92,-21.72,-21.72,0,10.97
773480,452,451.56,-28.05,-28.05,0,10.97
773485,445,445.09,-33.77,-33.77,0,10.97
773490,441,441.43,-38.88,-38.88,0,10.97
773495,440,439.9,-43.36,-43.36,0,10.97
773500,437,436.58,-47.22,-47.22,0,10.97
773505,435,435.1,-50.48,-50.48,0,10.97
773510,435,435.41,-53.16,-53.16,0,10.97
773515,438,437.9,-55.28,-55.28,0,10.97
773520,440,439.61,-56.88,-56.88,0,10.97
773525,440,440.1,-57.99,-57.99,0,10.97
773530,444,444.38,-58.66,-58.44,0,10.97
773535,448,447.9,-58.92,-58.44,0,10.97
773540,452,451.64,-58.83,-58.44,0,10.97
773545,457,457.09,-58.44,-58.44,0,10.97
773550,460,460.34,-57.8,-57.8,0,10.97
773555,463,462.91,-56.95,-56.95,0,10.97
773560,468,467.67,-55.95,-55.95,0,10.97
773565,471,471.09,-54.84,-54.84,0,10.97
773570,468,468.31,-53.67,-53.67,0,10.97
773575,476,475.9,-52.48,-52.48,0,10.97
773580,477,476.72,-51.31,-51.31,0,10.97
773585,476,476.1,-50.19,-50.19,0,10.97
773590,479,479.25,-49.16,-49.16,0,10.97
773595,478,477.9,-48.24,-48.24,0,10.97
773600,478,477.77,-47.45,-47.45,0,10.97
773605,473,473.09,-46.82,-46.82,0,10.97
773610,474,474.2,-46.36,-46.36,0,10.97
773615,472,471.92,-46.07,-46.33,0,10.97
773620,471,470.83,-45.97,-46.33,0,10.97
773625,477,477.08,-46.05,-46.33,0,10.97
773630,469,469.14,-46.33,-46.33,0,10.97
773635,462,461.91,-46.79,-46.79,0,10.97
773640,460,459.88,-47.42,-47.42,0,10.97
773645,459,459.11,-48.23,-48.23,0,10.97
773650,456,456.11,-49.19,-49.19,0,10.97
773655,452,451.87,-50.31,-50.31,0,10.97
773660,449,448.91,-51.55,-51.55,0,10.97
773665,448,448.15,-52.92,-52.92,0,10.97
773670,446,446.08,-54.4,-54.4,0,10.97
773675,445,444.83,-55.97,-55.97,0,10.97
773680,438,437.93,-57.61,-57.61,0,10.97
773685,439,439.2,-59.33,-59.33,0,10.97
773690,436,436.06,-61.1,-61.1,0,10.97
773695,434,433.78,-62.91,-62.91,0,10.97
773700,434,433.94,-64.75,-64.75,0,10.97
773705,431,431.24,-66.6,-66.6,0,10.97
773710,430,430.05,-68.47,-68.47,0,10.97
773715,427,426.73,-70.33,-70.33,0,10.97
773720,429,428.95,-72.18,-72.18,0,10.97
773725,428,428.3,-74.02,-74.02,0,10.97
773730,427,427.04,-75.84,-75.84,0,10.97
773735,428,427.67,-77.62,-77.62,0,10.97
773740,428,427.97,-79.36,-79.36,0,10.97
773745,416,416.35,-81.07,-81.07,0,10.97
773750,426,426.02,-82.72,-82.72,0,10.97
773755,425,424.64,-84.31,-84.31,0,10.97
773760,425,425.0,-85.85,-85.85,0,10.97
773765,425,425.37,-87.31,-87.31,0,10.97
773770,426,425.99,-88.7,-88.7,0,10.97
773775,425,424.63,-89.99,-89.99,0,10.97
773780,424,424.02,-91.2,-91.2,0,10.97
773785,426,426.38,-92.29,-92.29,0,10.97
773790,426,425.98,-93.26,-93.26,0,10.97
773795,427,426.61,-94.1,-94.1,0,10.97
773800,427,427.03,-94.78,-94.78,0,10.97
773805,428,428.4,-95.29,-95.29,0,10.97
773810,430,429.97,-95.61,-95.29,0,10.97
773815,435,434.59,-95.71,-95.29,0,10.97
773820,431,431.04,-95.58,-95.29,0,10.97
773825,429,429.4,-95.17,-95.17,0,10.97
773830,433,432.96,-94.47,-94.47,0,10.97
773835,435,434.6,-93.44,-93.44,0,10.97
773840,434,434.04,-92.05,-92.05,0,10.97
773845,435,435.39,-90.26,-90.26,0,10.97
773850,437,436.96,-88.04,-88.04,0,10.97
773855,435,434.62,-85.34,-85.34,0,10.97
773860,437,437.04,-82.15,-82.15,0,10.97
773865,437,437.37,-78.41,-78.41,0,10.97
773870,436,435.96,-74.1,-74.1,0,10.97
773875,435,434.64,-69.17,-69.17,0,10.97
773880,435,435.04,-63.61,-63.61,0,10.97
773885,437,437.36,-57.39,-57.39,0,10.97
773890,436,435.96,-50.48,-50.48,0,10.97
773895,436,435.63,-42.88,-42.88,0,10.97
773900,436,436.04,-34.57,-34.57,0,10.97
773905,438,438.37,-25.56,-25.56,0,10.97
773910,438,437.97,-15.87,-15.87,0,10.97
773915,440,439.62,-5.51,-5.51,0,10.97
773920,448,448.04,5.47,5.47,0,10.97
773925,454,454.39,17.03,17.03,0,10.97
773930,470,469.97,29.1,29.1,0,10.97
773935,483,482.6,41.6,41.6,0,10.97
773940,501,501.03,54.44,54.44,0,10.97
773945,523,523.42,67.52,67.52,0,10.97
773950,548,547.98,80.73,80.73,0,10.97
773955,579,578.58,93.93,93.93,0,10.97
773960,605,605.02,106.99,106.99,0,10.97
773965,635,635.43,119.79,119.79,0,10.97
773970,663,662.99,132.17,132.17,0,10.97
773975,687,686.56,144.02,144.02,0,10.97
773980,709,709.0,155.2,155.2,0,10.97
773985,729,729.45,165.59,165.59,0,10.97
773990,746,746.01,175.08,175.08,0,10.97
773995,769,768.55,183.58,183.58,0,10.97
774000,768,767.98,190.99,190.99,0,10.97
774005,774,774.44,197.25,197.25,0,10.97
774010,779,779.03,202.32,202.32,0,10.97
774015,778,777.57,206.15,206.15,0,10.97
774020,776,775.95,208.72,208.72,0,10.97
774025,771,771.41,210.04,208.72,0,10.97
774030,764,764.06,210.12,208.72,0,10.97
774035,756,755.61,208.97,208.72,0,10.97
774040,747,746.92,206.65,206.65,0,10.97
774045,732,732.38,203.2,203.2,0,10.97
774050,723,723.09,198.68,198.68,0,10.97
774055,711,710.64,193.16,193.16,0,10.97
774060,699,698.9,186.71,186.71,0,10.97
774065,687,687.34,179.42,179.42,0,10.97
774070,673,673.12,171.37,171.37,0,10.97
774075,660,659.68,162.66,162.66,0,10.97
774080,649,648.87,153.36,153.36,0,10.97
774085,637,637.31,143.58,143.58,0,10.97
774090,626,626.14,133.4,133.4,0,10.97
774095,614,613.71,122.91,122.91,0,10.97
774100,603,602.85,112.2,112.2,0,10.97
774105,592,592.28,101.35,101.35,0,10.97
774110,583,583.16,90.45,90.45,0,10.97
774115,574,573.73,79.57,79.57,0,10.97
774120,564,563.82,68.79,68.79,0,10.97
774125,553,553.25,58.18,58.18,0,10.97
774130,546,546.19,47.8,47.8,0,10.97
774135,535,534.76,37.71,37.71,0,10.97
774140,524,523.79,27.98,27.98,0,10.97
774145,515,515.22,18.66,18.66,0,10.97
774150,504,504.23,9.79,9.79,0,10.97
774155,494,493.79,1.41,1.41,0,10.97
774160,485,484.75,-6.44,-6.44,0,10.97
774165,475,475.19,-13.72,-13.72,0,10.97
774170,459,459.26,-20.43,-20.43,0,10.97
774175,462,461.82,-26.53,-26.53,0,10.97
774180,458,457.74,-32.03,-32.03,0,10.97
774185,453,453.16,-36.92,-36.92,0,10.97
774190,451,451.26,-41.21,-41.21,0,10.97
774195,449,448.85,-44.91,-44.91,0,10.97
774200,448,447.75,-48.05,-48.05,0,10.97
774205,449,449.13,-50.64,-50.64,0,10.97
774210,449,449.25,-52.71,-52.71,0,10.97
774215,450,449.88,-54.31,-54.31,0,10.97
774220,453,452.75,-55.47,-55.47,0,10.97
774225,456,456.11,-56.23,-56.23,0,10.97
774230,459,459.24,-56.64,-56.23,0,10.97
774235,461,460.9,-56.74,-56.23,0,10.97
774240,465,464.76,-56.58,-56.23,0,10.97
774245,466,466.09,-56.21,-56.21,0,10.97
774250,470,470.24,-55.67,-55.67,0,10.97
774255,476,475.92,-55.02,-55.02,0,10.97
774260,475,474.76,-54.28,-54.28,0,10.97
774265,477,477.06,-53.5,-53.5,0,10.97
774270,478,478.24,-52.72,-52.72,0,10.97
774275,479,478.96,-51.98,-51.98,0,10.97
774280,479,478.76,-51.29,-51.29,0,10.97
774285,479,479.02,-50.69,-50.69,0,10.97
774290,479,479.24,-50.2,-50.2,0,10.97
774295,477,477.0,-49.84,-49.84,0,10.97
774300,476,475.76,-49.61,-49.84,0,10.97
774305,477,476.99,-49.54,-49.84,0,10.97
774310,472,472.25,-49.62,-49.84,0,10.97
774315,470,470.02,-49.86,-49.86,0,10.97
774320,467,466.75,-50.26,-50.26,0,10.97
774325,463,462.96,-50.81,-50.81,0,10.97
774330,462,462.26,-51.52,-51.52,0,10.97
774335,457,457.05,-52.36,-52.36,0,10.97
774340,456,455.74,-53.34,-53.34,0,10.97
774345,454,453.94,-54.43,-54.43,0,10.97
774350,451,451.27,-55.64,-55.64,0,10.97
774355,449,449.07,-56.95,-56.95,0,10.97
774360,445,444.72,-58.34,-58.34,0,10.97
774365,443,442.92,-59.81,-59.81,0,10.97
774370,442,442.29,-61.34,-61.34,0,10.97
774375,440,440.09,-62.92,-62.92,0,10.97
774380,439,438.69,-64.54,-64.54,0,10.97
774385,437,436.89,-66.18,-66.18,0,10.97
774390,434,434.32,-67.85,-67.85,0,10.97
774395,433,433.12,-69.52,-69.52,0,10.97
774400,430,429.67,-71.19,-71.19,0,10.97
774405,431,430.87,-72.85,-72.85,0,10.97
774410,428,428.35,-74.49,-74.49,0,10.97
774415,426,426.14,-76.12,-76.12,0,10.97
774420,427,426.64,-77.71,-77.71,0,10.97
774425,427,426.85,-79.28,-79.28,0,10.97
774430,427,427.38,-80.81,-80.81,0,10.97
774435,429,429.16,-82.3,-82.3,0,10.97
774440,427,426.6,-83.75,-83.75,0,10.97
774445,427,426.83,-85.15,-85.15,0,10.97
774450,426,426.42,-86.51,-86.51,0,10.97
774455,426,426.18,-87.81,-87.81,0,10.97
774460,429,428.57,-89.04,-89.04,0,10.97
774465,451,450.83,-90.22,-90.22,0,10.97
774470,429,429.45,-91.32,-91.32,0,10.97
774475,431,431.14,-92.33,-92.33,0,10.97
774480,430,429.54,-93.24,-93.24,0,10.97
774485,429,428.91,-94.04,-94.04,0,10.97
774490,433,433.48,-94.7,-94.7,0,10.97
774495,432,432.04,-95.21,-95.21,0,10.97
774500,432,431.49,-95.55,-95.24,0,10.97
774505,434,434.0,-95.68,-95.24,0,10.97
774510,412,412.52,-95.58,-95.24,0,10.97
774515,436,435.96,-95.24,-95.24,0,10.97
774520,436,435.5,-94.6,-94.6,0,10.97
774525,437,437.09,-93.66,-93.66,0,10.97
774530,438,438.47,-92.37,-92.37,0,10.97
774535,439,438.87,-90.7,-90.7,0,10.97
774540,437,436.56,-88.63,-88.63,0,10.97
774545,435,435.17,-86.1,-86.1,0,10.97
774550,439,439.42,-83.09,-83.09,0,10.97
774555,440,439.8,-79.57,-79.57,0,10.97
774560,438,437.6,-75.5,-75.5,0,10.97
774565,437,437.23,-70.84,-70.84,0,10.97
774570,438,438.38,-65.58,-65.58,0,10.97
774575,460,459.76,-59.68,-59.68,0,10.97
774580,434,433.64,-53.13,-53.13,0,10.97
774585,443,443.22,-45.91,-45.91,0,10.97
774590,436,436.35,-38.01,-38.01,0,10.97
774595,436,435.8,-29.43,-29.43,0,10.97
774600,438,437.66,-20.17,-20.17,0,10.97
774605,442,442.19,-10.26,-10.26,0,10.97
774610,444,444.34,0.27,0.27,0,10.97
774615,453,452.83,11.37,11.37,0,10.97
774620,465,464.68,23.0,23.0,0,10.97
774625,478,478.17,35.07,35.07,0,10.97
774630,494,494.31,47.5,47.5,0,10.97
774635,516,515.85,60.19,60.19,0,10.97
774640,542,541.71,73.03,73.03,0,10.97
774645,571,571.15,85.89,85.89,0,10.97
774650,598,598.28,98.66,98.66,0,10.97
774655,625,624.85,111.2,111.2,0,10.97
774660,651,650.73,123.38,123.38,0,10.97
774665,679,679.15,135.06,135.06,0,10.97
774670,700,700.25,146.12,146.12,0,10.97
774675,718,717.84,156.44,156.44,0,10.97
774680,735,734.75,165.91,165.91,0,10.97
774685,750,750.17,174.43,174.43,0,10.97
774690,759,759.24,181.91,181.91,0,10.97
774695,770,769.82,188.29,188.29,0,10.97
774700,769,768.76,193.52,193.52,0,10.97
774705,770,770.18,197.55,197.55,0,10.97
774710,769,769.23,200.36,200.36,0,10.97
774715,764,763.81,201.94,200.36,0,10.97
774720,759,758.77,202.3,200.36,0,10.97
774725,750,750.19,201.47,200.36,0,10.97
774730,742,742.23,199.47,199.47,0,10.97
774735,732,731.81,196.36,196.36,0,10.97
774740,721,720.77,192.19,192.19,0,10.97
774745,707,707.19,187.02,187.02,0,10.97
774750,696,696.23,180.93,180.93,0,10.97
774755,684,683.81,174.0,174.0,0,10.97
774760,665,664.77,166.31,166.31,0,10.97
774765,658,658.19,157.94,157.94,0,10.97
774770,644,644.24,148.98,148.98,0,10.97
774775,640,639.82,139.53,139.53,0,10.97
774780,623,622.74,129.67,129.67,0,10.97
774785,613,613.17,119.49,119.49,0,10.97
774790,599,599.27,109.07,109.07,0,10.97
774795,593,592.85,98.49,98.49,0,10.97
774800,582,581.73,87.85,87.85,0,10.97
774805,569,569.13,77.21,77.21,0,10.97
774810,564,564.28,66.65,66.65,0,10.97
774815,554,553.89,56.25,56.25,0,10.97
774820,543,542.71,46.06,46.06,0,10.97
774825,532,532.08,36.15,36.15,0,10.97
774830,523,523.3,26.57,26.57,0,10.97
774835,515,514.96,17.39,17.39,0,10.97
774840,503,502.69,8.64,8.64,0,10.97
774845,498,498.01,0.38,0.38,0,10.97
774850,485,485.32,-7.37,-7.37,0,10.97
774855,474,474.02,-14.57,-14.57,0,10.97
774860,469,468.67,-21.19,-21.19,0,10.97
774865,465,464.96,-27.23,-27.23,0,10.97
774870,439,439.34,-32.66,-32.66,0,10.97
774875,452,452.05,-37.49,-37.49,0,10.97
774880,447,446.68,-41.71,-41.71,0,10.97
774885,448,447.94,-45.34,-45.34,0,10.97
774890,447,447.29,-48.4,-48.4,0,10.97
774895,447,447.07,-50.92,-50.92,0,10.97
774900,448,447.73,-52.91,-52.91,0,10.97
774905,449,448.92,-54.42,-54.42,0,10.97
774910,452,452.24,-55.48,-55.48,0,10.97
774915,450,450.09,-56.13,-56.13,0,10.97
774920,458,457.78,-56.43,-56.13,0,10.97
774925,461,460.9,-56.41,-56.13,0,10.97
774930,465,465.2,-56.13,-56.13,0,10.97
774935,467,467.1,-55.63,-55.63,0,10.97
774940,471,470.82,-54.96,-54.96,0,10.97
774945,474,473.91,-54.16,-54.16,0,10.97
774950,467,467.15,-53.28,-53.28,0,10.97
774955,479,479.09,-52.35,-52.35,0,10.97
774960,470,469.88,-51.42,-51.42,0,10.97
774965,480,479.91,-50.53,-50.53,0,10.97
774970,481,481.09,-49.7,-49.7,0,10.97
774975,480,480.09,-48.96,-48.96,0,10.97
774980,479,478.93,-48.34,-48.34,0,10.97
774985,479,478.9,-47.86,-47.86,0,10.97
774990,477,477.06,-47.53,-47.57,0,10.97
774995,477,477.1,-47.37,-47.57,0,10.97
775000,473,472.96,-47.38,-47.57,0,10.97
775005,471,470.9,-47.57,-47.57,0,10.97
775010,469,469.03,-47.94,-47.94,0,10.97
775015,466,466.11,-48.48,-48.48,0,10.97
775020,464,463.99,-49.21,-49.21,0,10.97
775025,461,460.89,-50.09,-50.09,0,10.97
775030,457,457.0,-51.14,-51.14,0,10.97
775035,454,454.12,-52.34,-52.34,0,10.97
775040,452,452.02,-53.67,-53.67,0,10.97
775045,449,448.88,-55.13,-55.13,0,10.97
775050,448,447.96,-56.7,-56.7,0,10.97
775055,446,446.12,-58.36,-58.36,0,10.97
775060,440,440.05,-60.11,-60.11,0,10.97
775065,442,441.87,-61.93,-61.93,0,10.97
775070,439,438.94,-63.81,-63.81,0,10.97
775075,436,436.13,-65.73,-65.73,0,10.97
775080,434,434.06,-67.68,-67.68,0,10.97
775085,433,432.86,-69.64,-69.64,0,10.97
775090,431,430.93,-71.61,-71.61,0,10.97
775095,429,429.14,-73.57,-73.57,0,10.97
775100,428,428.08,-75.51,-75.51,0,10.97
775105,426,425.86,-77.42,-77.42,0,10.97
775110,427,426.92,-79.28,-79.28,0,10.97
775115,425,425.15,-81.1,-81.1,0,10.97
775120,425,425.08,-82.86,-82.86,0,10.97
775125,426,425.85,-84.54,-84.54,0,10.97
775130,426,425.91,-86.14,-86.14,0,10.97
775135,426,426.15,-87.66,-87.66,0,10.97
775140,428,428.09,-89.07,-89.07,0,10.97
775145,435,434.85,-90.36,-90.36,0,10.97
775150,427,426.91,-91.53,-91.53,0,10.97
775155,426,426.14,-92.56,-92.56,0,10.97
775160,428,428.1,-93.43,-93.43,0,10.97
775165,431,430.89,-94.12,-94.12,0,10.97
775170,428,427.89,-94.61,-94.61,0,10.97
775175,434,434.09,-94.89,-94.61,0,10.97
775180,431,431.12,-94.92,-94.61,0,10.97
775185,432,431.93,-94.69,-94.61,0,10.97
775190,434,433.87,-94.16,-94.16,0,10.97
775195,433,433.05,-93.32,-93.32,0,10.97
775200,434,434.14,-92.11,-92.11,0,10.97
775205,435,434.97,-90.53,-90.53,0,10.97
775210,435,434.85,-88.53,-88.53,0,10.97
775215,436,436.01,-86.08,-86.08,0,10.97
775220,434,434.15,-83.15,-83.15,0,10.97
775225,435,435.01,-79.7,-79.7,0,10.97
775230,435,434.84,-75.71,-75.71,0,10.97
775235,437,436.97,-71.15,-71.15,0,10.97
775240,434,434.16,-65.99,-65.99,0,10.97
775245,434,434.04,-60.21,-60.21,0,10.97
775250,433,432.83,-53.79,-53.79,0,10.97
775255,432,431.95,-46.73,-46.73,0,10.97
775260,432,432.18,-39.01,-39.01,0,10.97
775265,433,433.07,-30.65,-30.65,0,10.97
775270,436,435.82,-21.66,-21.66,0,10.97
775275,438,437.92,-12.07,-12.07,0,10.97
775280,444,444.19,-1.91,-1.91,0,10.97
775285,451,451.1,8.77,8.77,0,10.97
775290,464,463.81,19.9,19.9,0,10.97
775295,478,477.9,31.4,31.4,0,10.97
775300,496,496.19,43.19,43.19,0,10.97
775305,517,517.12,55.17,55.17,0,10.97
775310,540,539.81,67.23,67.23,0,10.97
775315,567,566.87,79.24,79.24,0,10.97
775320,593,593.2,91.08,91.08,0,10.97
775325,620,620.14,102.63,102.63,0,10.97
775330,644,643.79,113.76,113.76,0,10.97
775335,667,666.84,124.34,124.34,0,10.97
775340,688,688.21,134.25,134.25,0,10.97
775345,704,704.17,143.39,143.39,0,10.97
775350,722,721.77,151.65,151.65,0,10.97
775355,733,732.81,158.94,158.94,0,10.97
775360,740,740.23,165.2,165.2,0,10.97
775365,745,745.19,170.35,170.35,0,10.97
775370,749,748.76,174.35,174.35,0,10.97
775375,747,746.79,177.18,177.18,0,10.97
775380,747,747.24,178.83,177.18,0,10.97
775385,739,739.21,179.29,177.18,0,10.97
775390,731,730.75,178.58,177.18,0,10.97
775395,723,722.78,176.73,176.73,0,10.97
775400,712,712.26,173.79,173.79,0,10.97
775405,695,695.23,169.81,169.81,0,10.97
775410,688,687.73,164.85,164.85,0,10.97
775415,677,676.77,158.99,158.99,0,10.97
775420,664,664.29,152.31,152.31,0,10.97
775425,651,651.22,144.88,144.88,0,10.97
775430,640,639.7,136.79,136.79,0,10.97
775435,627,626.78,128.13,128.13,0,10.97
775440,615,615.32,119.0,119.0,0,10.97
775445,602,602.21,109.49,109.49,0,10.97
775450,594,593.66,99.68,99.68,0,10.97
775455,583,582.8,89.67,89.67,0,10.97
775460,571,571.35,79.54,79.54,0,10.97
775465,565,565.19,69.37,69.37,0,10.97
775470,553,552.64,59.26,59.26,0,10.97
775475,543,542.82,49.27,49.27,0,10.97
775480,528,528.37,39.48,39.48,0,10.97
775485,523,523.18,29.97,29.97,0,10.97
775490,513,512.63,20.78,20.78,0,10.97
775495,503,502.83,12.0,12.0,0,10.97
775500,493,493.37,3.65,3.65,0,10.97
775505,484,484.17,-4.19,-4.19,0,10.97
775510,475,474.63,-11.5,-11.5,0,10.97
775515,466,465.83,-18.24,-18.24,0,10.97
775520,460,460.37,-24.38,-24.38,0,10.97
775525,453,453.17,-29.91,-29.91,0,10.97
775530,448,447.63,-34.81,-34.81,0,10.97
775535,444,443.83,-39.08,-39.08,0,10.97
775540,440,440.38,-42.72,-42.72,0,10.97
775545,439,439.17,-45.74,-45.74,0,10.97
775550,445,444.63,-48.18,-48.18,0,10.97
775555,441,440.83,-50.04,-50.04,0,10.97
775560,443,443.37,-51.37,-51.37,0,10.97
775565,447,447.17,-52.21,-52.2,0,10.97
775570,451,450.65,-52.59,-52.2,0,10.97
775575,454,453.83,-52.57,-52.2,0,10.97
775580,465,465.35,-52.2,-52.2,0,10.97
775585,462,462.17,-51.53,-51.53,0,10.97
775590,466,465.65,-50.62,-50.62,0,10.97
775595,471,470.83,-49.51,-49.51,0,10.97
775600,475,475.36,-48.26,-48.26,0,10.97
775605,481,481.17,-46.93,-46.93,0,10.97
775610,483,482.63,-45.57,-45.57,0,10.97
775615,487,486.82,-44.22,-44.22,0,10.97
775620,488,488.38,-42.93,-42.93,0,10.97
775625,484,484.18,-41.74,-41.74,0,10.97
775630,512,511.63,-40.68,-40.68,0,10.97
775635,489,488.82,-39.78,-39.78,0,10.97
775640,489,489.34,-39.08,-39.08,0,10.97
775645,487,487.17,-38.59,-38.59,0,10.97
775650,482,481.71,-38.32,-38.59,0,10.97
775655,485,484.84,-38.29,-38.59,0,10.97
775660,481,481.26,-38.51,-38.59,0,10.97
775665,480,480.15,-38.97,-38.97,0,10.97
775670,477,476.78,-39.68,-39.68,0,10.97
775675,475,474.86,-40.63,-40.63,0,10.97
775680,471,471.18,-41.82,-41.82,0,10.97
775685,468,468.13,-43.23,-43.23,0,10.97
775690,465,464.85,-44.86,-44.86,0,10.97
775695,460,459.88,-46.69,-46.69,0,10.97
775700,478,478.12,-48.7,-48.7,0,10.97
775705,455,455.11,-50.88,-50.88,0,10.97
775710,451,450.87,-53.21,-53.21,0,10.97
775715,449,448.9,-55.66,-55.66,0,10.97
775720,446,446.15,-58.21,-58.21,0,10.97
775725,445,445.1,-60.83,-60.83,0,10.97
775730,443,442.83,-63.52,-63.52,0,10.97
775735,441,440.91,-66.23,-66.23,0,10.97
775740,438,438.18,-68.95,-68.95,0,10.97
775745,436,436.09,-71.66,-71.66,0,10.97
775750,436,435.8,-74.32,-74.32,0,10.97
775755,437,436.92,-76.92,-76.92,0,10.97
775760,434,434.22,-79.43,-79.43,0,10.97
775765,434,434.07,-81.83,-81.83,0,10.97
775770,433,432.77,-84.08,-84.08,0,10.97
775775,431,430.94,-86.17,-86.17,0,10.97
775780,432,432.25,-88.07,-88.07,0,10.97
775785,434,434.05,-89.74,-89.74,0,10.97
775790,430,429.73,-91.16,-91.16,0,10.97
775795,430,429.95,-92.3,-92.3,0,10.97
775800,431,431.29,-93.13,-93.13,0,10.97
775805,433,433.05,-93.62,-93.13,0,10.97
775810,431,430.68,-93.73,-93.13,0,10.97
775815,431,430.94,-93.44,-93.13,0,10.97
775820,431,431.34,-92.71,-92.71,0,10.97
775825,431,431.07,-91.52,-91.52,0,10.97
775830,430,429.63,-89.81,-89.81,0,10.97
775835,428,427.92,-87.58,-87.58,0,10.97
775840,432,432.39,-84.78,-84.78,0,10.97
775845,429,429.09,-81.39,-81.39,0,10.97
775850,431,430.57,-77.38,-77.38,0,10.97
775855,434,433.9,-72.73,-72.73,0,10.97
775860,430,430.46,-67.43,-67.43,0,10.97
775865,431,431.11,-61.45,-61.45,0,10.97
775870,431,430.51,-54.8,-54.8,0,10.97
775875,431,430.89,-47.48,-47.48,0,10.97
775880,432,432.53,-39.48,-39.48,0,10.97
775885,431,431.11,-30.84,-30.84,0,10.97
775890,440,439.44,-21.57,-21.57,0,10.97
775895,445,444.89,-11.72,-11.72,0,10.97
775900,447,447.59,-1.33,-1.33,0,10.97
775905,461,461.11,9.53,9.53,0,10.97
775910,473,472.39,20.78,20.78,0,10.97
775915,489,488.91,32.35,32.35,0,10.97
775920,509,509.64,44.13,44.13,0,10.97
775925,530,530.09,56.02,56.02,0,10.97
775930,560,559.34,67.89,67.89,0,10.97
775935,583,582.92,79.64,79.64,0,10.97
775940,609,609.68,91.13,91.13,0,10.97
775945,633,633.07,102.23,102.23,0,10.97
775950,656,655.29,112.84,112.84,0,10.97
775955,679,678.94,122.82,122.82,0,10.97
775960,690,690.72,132.06,132.06,0,10.97
775965,710,710.04,140.48,140.48,0,10.97
775970,721,720.26,147.97,147.97,0,10.97
775975,729,728.97,154.45,154.45,0,10.97
775980,737,737.76,159.88,159.88,0,10.97
775985,740,740.01,164.2,164.2,0,10.97
775990,741,740.22,167.38,167.38,0,10.97
775995,737,736.99,169.39,168.54,0,10.97
776000,732,732.8,170.25,168.54,0,10.97
776005,725,724.99,169.96,168.54,0,10.97
776010,717,716.18,168.54,168.54,0,10.97
776015,706,706.01,166.04,166.04,0,10.97
776020,698,698.84,162.5,162.5,0,10.97
776025,687,686.98,157.98,157.98,0,10.97
776030,675,674.13,152.55,152.55,0,10.97
776035,663,663.03,146.28,146.28,0,10.97
776040,654,654.9,139.25,139.25,0,10.97
776045,638,637.97,131.55,131.55,0,10.97
776050,627,626.06,123.25,123.25,0,10.97
776055,616,616.04,114.45,114.45,0,10.97
776060,602,602.98,105.23,105.23,0,10.97
776065,596,595.95,95.69,95.69,0,10.97
776070,583,581.98,85.9,85.9,0,10.97
776075,573,573.05,75.97,75.97,0,10.97
776080,563,564.06,65.95,65.95,0,10.97
776085,553,552.95,55.95,55.95,0,10.97
776090,549,547.9,46.04,46.04,0,10.97
776095,536,536.06,36.28,36.28,0,10.97
776100,524,525.14,26.75,26.75,0,10.97
776105,513,512.93,17.51,17.51,0,10.97
776110,528,526.84,8.62,8.62,0,10.97
776115,493,493.08,0.15,0.15,0,10.97
776120,483,484.15,-7.87,-7.87,0,10.97
776125,475,474.91,-15.37,-15.37,0,10.97
776130,465,463.88,-22.34,-22.34,0,10.97
776135,456,456.1,-28.72,-28.72,0,10.97
776140,440,441.1,-34.51,-34.51,0,10.97
776145,446,445.9,-39.68,-39.68,0,10.97
776150,440,438.95,-44.22,-44.22,0,10.97
776155,439,439.11,-48.15,-48.15,0,10.97
776160,441,442.02,-51.46,-51.46,0,10.97
776165,440,439.89,-54.18,-54.18,0,10.97
776170,442,441.02,-56.34,-56.34,0,10.97
776175,443,443.11,-57.96,-57.96,0,10.97
776180,447,447.95,-59.08,-59.08,0,10.97
776185,451,450.89,-59.75,-59.48,0,10.97
776190,455,454.08,-60.01,-59.48,0,10.97
776195,460,460.11,-59.9,-59.48,0,10.97
776200,462,462.89,-59.48,-59.48,0,10.97
776205,464,463.88,-58.8,-58.8,0,10.97
776210,471,470.13,-57.91,-57.91,0,10.97
776215,473,473.12,-56.87,-56.87,0,10.97
776220,476,476.84,-55.71,-55.71,0,10.97
776225,480,479.87,-54.49,-54.49,0,10.97
776230,482,481.18,-53.26,-53.26,0,10.97
776235,482,482.14,-52.05,-52.05,0,10.97
776240,481,481.79,-50.9,-50.9,0,10.97
776245,485,484.85,-49.85,-49.85,0,10.97
776250,484,483.24,-48.92,-48.92,0,10.97
776255,485,485.15,-48.15,-48.15,0,10.97
776260,484,484.73,-47.55,-47.55,0,10.97
776265,482,481.84,-47.14,-47.17,0,10.97
776270,481,480.29,-46.93,-47.17,0,10.97
776275,479,479.17,-46.94,-47.17,0,10.97
776280,477,477.68,-47.17,-47.17,0,10.97
776285,474,473.83,-47.63,-47.63,0,10.97
776290,472,471.34,-48.3,-48.3,0,10.97
776295,469,469.18,-49.19,-49.19,0,10.97
776300,466,466.64,-50.28,-50.28,0,10.97
776305,467,466.81,-51.58,-51.58,0,10.97
776310,463,462.38,-53.07,-53.07,0,10.97
776315,456,456.2,-54.73,-54.73,0,10.97
776320,457,457.6,-56.55,-56.55,0,10.97
776325,455,454.81,-58.52,-58.52,0,10.97
776330,452,451.41,-60.62,-60.62,0,10.97
776335,450,450.19,-62.83,-62.83,0,10.97
776340,448,448.57,-65.13,-65.13,0,10.97
776345,447,446.82,-67.49,-67.49,0,10.97
776350,445,444.45,-69.91,-69.91,0,10.97
776355,443,443.17,-72.36,-72.36,0,10.97
776360,442,442.54,-74.81,-74.81,0,10.97
776365,441,440.84,-77.25,-77.25,0,10.97
776370,439,438.47,-79.65,-79.65,0,10.97
776375,439,439.16,-81.99,-81.99,0,10.97
776380,437,437.51,-84.23,-84.23,0,10.97
776385,437,436.85,-86.36,-86.36,0,10.97
776390,436,435.5,-88.35,-88.35,0,10.97
776395,436,436.14,-90.16,-90.16,0,10.97
776400,438,438.5,-91.78,-91.78,0,10.97
776405,436,435.86,-93.17,-93.17,0,10.97
776410,438,437.51,-94.29,-94.29,0,10.97
776415,439,439.13,-95.12,-95.12,0,10.97
776420,438,438.49,-95.62,-95.12,0,10.97
776425,437,436.87,-95.76,-95.12,0,10.97
776430,437,436.51,-95.49,-95.12,0,10.97
776435,439,439.14,-94.79,-94.79,0,10.97
776440,437,437.49,-93.61,-93.61,0,10.97
776445,436,435.86,-91.92,-91.92,0,10.97
776450,434,433.5,-89.68,-89.68,0,10.97
776455,434,434.15,-86.84,-86.84,0,10.97
776460,435,435.51,-83.39,-83.39,0,10.97
776465,433,432.84,-79.28,-79.28,0,10.97
776470,435,434.48,-74.49,-74.49,0,10.97
776475,434,434.17,-69.0,-69.0,0,10.97
776480,432,432.53,-62.78,-62.78,0,10.97
776485,433,432.82,-55.83,-55.83,0,10.97
776490,435,434.46,-48.14,-48.14,0,10.97
776495,435,435.2,-39.72,-39.72,0,10.97
776500,435,435.54,-30.57,-30.57,0,10.97
776505,441,440.79,-20.73,-20.73,0,10.97
776510,443,442.45,-10.24,-10.24,0,10.97
776515,451,451.22,0.86,0.86,0,10.97
776520,461,461.56,12.51,12.51,0,10.97
776525,476,475.77,24.61,24.61,0,10.97
776530,496,495.44,37.1,37.1,0,10.97
776535,516,516.24,49.85,49.85,0,10.97
776540,541,541.57,62.75,62.75,0,10.97
776545,570,569.75,75.69,75.69,0,10.97
776550,597,596.42,88.53,88.53,0,10.97
776555,627,627.26,101.15,101.15,0,10.97
776560,650,650.58,113.39,113.39,0,10.97
776565,677,676.72,125.14,125.14,0,10.97
776570,697,696.41,136.26,136.26,0,10.97
776575,719,719.29,146.63,146.63,0,10.97
776580,736,736.59,156.16,156.16,0,10.97
776585,748,747.69,164.73,164.73,0,10.97
776590,757,756.39,172.27,172.27,0,10.97
776595,764,764.32,178.71,178.71,0,10.97
776600,767,767.63,183.99,183.99,0,10.97
776605,769,768.66,188.08,188.08,0,10.97
776610,763,762.35,190.96,190.96,0,10.97
776615,762,762.36,192.62,190.96,0,10.97
776620,751,751.67,193.07,190.96,0,10.97
776625,748,747.62,192.34,190.96,0,10.97
776630,736,735.3,190.46,190.46,0,10.97
776635,726,726.39,187.47,187.47,0,10.97
776640,718,718.72,183.43,183.43,0,10.97
776645,705,704.59,178.41,178.41,0,10.97
776650,693,692.25,172.48,172.48,0,10.97
776655,681,681.42,165.71,165.71,0,10.97
776660,668,668.79,158.19,158.19,0,10.97
776665,660,659.57,150.0,150.0,0,10.97
776670,647,646.18,141.23,141.23,0,10.97
776675,637,637.45,131.96,131.96,0,10.97
776680,625,625.86,122.28,122.28,0,10.97
776685,615,614.54,112.28,112.28,0,10.97
776690,605,604.11,102.05,102.05,0,10.97
776695,594,594.48,91.66,91.66,0,10.97
776700,559,559.91,81.2,81.2,0,10.97
776705,576,575.51,70.75,70.75,0,10.97
776710,568,567.1,60.38,60.38,0,10.97
776715,559,559.51,50.15,50.15,0,10.97
776720,548,548.86,40.12,40.12,0,10.97
776725,538,537.47,30.37,30.37,0,10.97
776730,528,527.17,20.95,20.95,0,10.97
776735,515,515.55,11.91,11.91,0,10.97
776740,505,505.8,3.29,3.29,0,10.97
776745,491,490.42,-4.86,-4.86,0,10.97
776750,482,481.22,-12.5,-12.5,0,10.97
776755,476,476.61,-19.6,-19.6,0,10.97
776760,468,468.76,-26.15,-26.15,0,10.97
776765,485,484.38,-32.12,-32.12,0,10.97
776770,458,457.26,-37.51,-37.51,0,10.97
776775,450,450.61,-42.31,-42.31,0,10.97
776780,447,447.72,-46.52,-46.52,0,10.97
776785,448,447.42,-50.16,-50.16,0,10.97
776790,447,446.31,-53.25,-53.25,0,10.97
776795,448,448.55,-55.8,-55.8,0,10.97
776800,439,439.67,-57.84,-57.84,0,10.97
776805,451,450.48,-59.41,-59.41,0,10.97
776810,455,454.38,-60.56,-60.56,0,10.97
776815,457,457.49,-61.31,-61.31,0,10.97
776820,464,464.58,-61.73,-61.39,0,10.97
776825,465,464.54,-61.85,-61.39,0,10.97
776830,467,466.46,-61.72,-61.39,0,10.97
776835,471,471.44,-61.39,-61.39,0,10.97
776840,472,472.5,-60.91,-60.91,0,10.97
776845,476,475.59,-60.32,-60.32,0,10.97
776850,477,476.53,-59.67,-59.67,0,10.97
776855,479,479.39,-58.99,-58.99,0,10.97
776860,480,480.43,-58.32,-58.32,0,10.97
776865,481,480.64,-57.7,-57.7,0,10.97
776870,480,479.6,-57.16,-57.16,0,10.97
776875,480,480.34,-56.71,-56.71,0,10.97
776880,477,477.37,-56.38,-56.38,0,10.97
776885,477,476.68,-56.19,-56.38,0,10.97
776890,473,472.67,-56.14,-56.38,0,10.97
776895,473,473.29,-56.26,-56.38,0,10.97
776900,469,469.3,-56.54,-56.54,0,10.97
776905,468,467.73,-56.99,-56.99,0,10.97
776910,463,462.73,-57.61,-57.61,0,10.97
776915,460,460.25,-58.39,-58.39,0,10.97
776920,455,455.24,-59.33,-59.33,0,10.97
776925,455,454.77,-60.42,-60.42,0,10.97
776930,452,451.79,-61.66,-61.66,0,10.97
776935,449,449.2,-63.03,-63.03,0,10.97
776940,453,453.18,-64.53,-64.53,0,10.97
776945,445,444.82,-66.15,-66.15,0,10.97
776950,443,442.84,-67.86,-67.86,0,10.97
776955,440,440.15,-69.67,-69.67,0,10.97
776960,437,437.15,-71.55,-71.55,0,10.97
776965,438,437.87,-73.5,-73.5,0,10.97
776970,436,435.87,-75.51,-75.51,0,10.97
776975,437,437.1,-77.55,-77.55,0,10.97
776980,437,437.11,-79.63,-79.63,0,10.97
776985,433,432.92,-81.72,-81.72,0,10.97
776990,433,432.91,-83.81,-83.81,0,10.97
776995,435,435.06,-85.89,-85.89,0,10.97
777000,432,432.08,-87.94,-87.94,0,10.97
777005,428,427.95,-89.94,-89.94,0,10.97
777010,431,430.93,-91.89,-91.89,0,10.97
777015,430,430.04,-93.76,-93.76,0,10.97
777020,429,429.05,-95.52,-95.52,0,10.97
777025,430,429.96,-97.17,-97.17,0,10.97
777030,430,429.96,-98.68,-98.68,0,10.97
777035,429,429.03,-100.03,-100.03,0,10.97
777040,430,430.02,-101.18,-101.18,0,10.97
777045,430,429.97,-102.12,-102.12,0,10.97
777050,429,428.99,-102.82,-102.82,0,10.97
777055,429,429.02,-103.23,-102.82,0,10.97
777060,430,430.0,-103.35,-102.82,0,10.97
777065,431,430.99,-103.12,-102.82,0,10.97
777070,431,431.02,-102.51,-102.51,0,10.97
777075,432,432.0,-101.49,-101.49,0,10.97
777080,431,430.97,-100.03,-100.03,0,10.97
777085,431,431.01,-98.07,-98.07,0,10.97
777090,431,431.05,-95.6,-95.6,0,10.97
777095,433,432.99,-92.56,-92.56,0,10.97
777100,433,432.94,-88.93,-88.93,0,10.97
777105,431,431.02,-84.67,-84.67,0,10.97
777110,431,431.07,-79.75,-79.75,0,10.97
777115,429,428.98,-74.14,-74.14,0,10.97
777120,433,432.92,-67.82,-67.82,0,10.97
777125,433,433.03,-60.76,-60.76,0,10.97
777130,432,432.08,-52.97,-52.97,0,10.97
777135,433,432.96,-44.44,-44.44,0,10.97
777140,439,438.92,-35.18,-35.18,0,10.97
777145,436,436.06,-25.19,-25.19,0,10.97
777150,440,440.08,-14.52,-14.52,0,10.97
777155,447,446.94,-3.2,-3.2,0,10.97
777160,456,455.93,8.72,8.72,0,10.97
777165,469,469.08,21.17,21.17,0,10.97
777170,485,485.06,34.07,34.07,0,10.97
777175,507,506.92,47.32,47.32,0,10.97
777180,528,527.95,60.81,60.81,0,10.97
777185,557,557.1,74.44,74.44,0,10.97
777190,585,585.04,88.07,88.07,0,10.97
777195,617,616.9,101.57,101.57,0,10.97
777200,640,639.96,114.81,114.81,0,10.97
777205,668,668.1,127.67,127.67,0,10.97
777210,692,692.04,140.0,140.0,0,10.97
777215,716,715.89,151.68,151.68,0,10.97
777220,733,732.96,162.6,162.6,0,10.97
777225,748,748.1,172.65,172.65,0,10.97
777230,760,760.03,181.74,181.74,0,10.97
777235,768,767.9,189.8,189.8,0,10.97
777240,775,774.96,196.75,196.75,0,10.97
777245,777,777.1,202.55,202.55,0,10.97
777250,779,779.03,207.16,207.16,0,10.97
777255,775,774.9,210.57,210.57,0,10.97
777260,769,768.97,212.76,212.23,0,10.97
777265,765,765.09,213.76,212.23,0,10.97
777270,759,759.04,213.57,212.23,0,10.97
777275,749,748.91,212.23,212.23,0,10.97
777280,739,738.95,209.79,209.79,0,10.97
777285,731,731.09,206.3,206.3,0,10.97
777290,720,720.06,201.82,201.82,0,10.97
777295,711,710.91,196.4,196.4,0,10.97
777300,701,700.93,190.12,190.12,0,10.97
777305,689,689.09,183.06,183.06,0,10.97
777310,679,679.09,175.3,175.3,0,10.97
777315,667,666.9,166.9,166.9,0,10.97
777320,657,656.9,157.96,157.96,0,10.97
777325,639,639.09,148.55,148.55,0,10.97
777330,638,638.11,138.74,138.74,0,10.97
777335,628,627.92,128.63,128.63,0,10.97
777340,620,619.88,118.28,118.28,0,10.97
777345,609,609.06,107.76,107.76,0,10.97
777350,601,601.13,97.15,97.15,0,10.97
777355,592,591.96,86.52,86.52,0,10.97
777360,583,582.85,75.94,75.94,0,10.97
777365,574,574.01,65.47,65.47,0,10.97
777370,561,561.16,55.17,55.17,0,10.97
777375,549,549.0,45.1,45.1,0,10.97
777380,540,539.84,35.31,35.31,0,10.97
777385,527,526.98,25.87,25.87,0,10.97
777390,514,514.17,16.81,16.81,0,10.97
777395,505,505.03,8.19,8.19,0,10.97
777400,493,492.83,0.04,0.04,0,10.97
777405,484,483.95,-7.62,-7.62,0,10.97
777410,474,474.18,-14.74,-14.74,0,10.97
777415,468,468.07,-21.32,-21.32,0,10.97
777420,462,461.82,-27.34,-27.34,0,10.97
777425,462,461.92,-32.8,-32.8,0,10.97
777430,454,454.19,-37.69,-37.69,0,10.97
777435,451,451.09,-42.03,-42.03,0,10.97
777440,456,455.82,-45.82,-45.82,0,10.97
777445,450,449.91,-49.1,-49.1,0,10.97
777450,449,449.18,-51.88,-51.88,0,10.97
777455,451,451.09,-54.2,-54.2,0,10.97
777460,450,449.84,-56.08,-56.08,0,10.97
777465,456,455.91,-57.57,-57.57,0,10.97
777470,455,455.15,-58.7,-58.7,0,10.97
777475,460,460.09,-59.53,-59.53,0,10.97
777480,462,461.86,-60.08,-60.08,0,10.97
777485,465,464.91,-60.41,-60.41,0,10.97
777490,468,468.13,-60.56,-60.41,0,10.97
777495,468,468.09,-60.56,-60.41,0,10.97
777500,469,468.88,-60.46,-60.41,0,10.97
777505,469,468.91,-60.3,-60.3,0,10.97
777510,471,471.12,-60.1,-60.1,0,10.97
777515,472,472.09,-59.9,-59.9,0,10.97
777520,472,471.89,-59.73,-59.73,0,10.97
777525,471,470.9,-59.61,-59.73,0,10.97
777530,469,469.11,-59.56,-59.73,0,10.97
777535,470,470.1,-59.6,-59.73,0,10.97
777540,467,466.9,-59.73,-59.73,0,10.97
777545,467,466.89,-59.98,-59.98,0,10.97
777550,463,463.09,-60.33,-60.33,0,10.97
777555,461,461.12,-60.8,-60.8,0,10.97
777560,459,458.92,-61.38,-61.38,0,10.97
777565,454,453.88,-62.07,-62.07,0,10.97
777570,453,453.07,-62.86,-62.86,0,10.97
777575,450,450.13,-63.75,-63.75,0,10.97
777580,446,445.94,-64.72,-64.72,0,10.97
777585,443,442.86,-65.75,-65.75,0,10.97
777590,442,442.05,-66.85,-66.85,0,10.97
777595,439,439.15,-67.99,-67.99,0,10.97
777600,438,437.95,-69.17,-69.17,0,10.97
777605,435,434.83,-70.36,-70.36,0,10.97
777610,433,433.04,-71.56,-71.56,0,10.97
777615,431,431.18,-72.75,-72.75,0,10.97
777620,430,429.97,-73.93,-73.93,0,10.97
777625,427,426.8,-75.07,-75.07,0,10.97
777630,427,427.02,-76.18,-76.18,0,10.97
777635,424,424.21,-77.23,-77.23,0,10.97
777640,424,423.98,-78.23,-78.23,0,10.97
777645,422,421.77,-79.17,-79.17,0,10.97
777650,422,422.01,-80.03,-80.03,0,10.97
777655,420,420.25,-80.83,-80.83,0,10.97
777660,420,420.0,-81.55,-81.55,0,10.97
777665,420,419.74,-82.2,-82.2,0,10.97
777670,419,418.99,-82.78,-82.78,0,10.97
777675,419,419.28,-83.28,-83.28,0,10.97
777680,419,419.01,-83.72,-83.72,0,10.97
777685,421,420.71,-84.09,-84.09,0,10.97
777690,420,419.98,-84.41,-84.41,0,10.97
777695,420,420.31,-84.68,-84.68,0,10.97
777700,412,412.02,-84.91,-84.91,0,10.97
777705,422,421.68,-85.1,-85.1,0,10.97
777710,423,422.99,-85.28,-85.28,0,10.97
777715,424,424.33,-85.44,-85.44,0,10.97
777720,427,426.99,-85.59,-85.59,0,10.97
777725,427,426.66,-85.75,-85.75,0,10.97
777730,426,426.02,-85.93,-85.93,0,10.97
777735,427,427.36,-86.13,-86.13,0,10.97
777740,428,427.97,-86.36,-86.36,0,10.97
777745,432,431.63,-86.62,-86.62,0,10.97
777750,440,440.05,-86.93,-86.93,0,10.97
777755,429,429.37,-87.27,-87.27,0,10.97
777760,431,430.92,-87.64,-87.64,0,10.97
777765,430,429.63,-88.06,-88.06,0,10.97
777770,432,432.12,-88.5,-88.5,0,10.97
777775,430,430.38,-88.95,-88.95,0,10.97
777780,443,442.84,-89.42,-89.42,0,10.97
777785,431,430.62,-89.88,-89.88,0,10.97
777790,434,434.18,-90.32,-90.32,0,10.97
777795,435,435.39,-90.72,-90.72,0,10.97
777800,434,433.81,-91.05,-91.05,0,10.97
777805,437,436.6,-91.29,-91.17,0,10.97
777810,431,431.21,-91.41,-91.17,0,10.97
777815,437,437.41,-91.38,-91.17,0,10.97
777820,439,438.79,-91.17,-91.17,0,10.97
777825,439,438.58,-90.74,-90.74,0,10.97
777830,438,438.21,-90.05,-90.05,0,10.97
777835,439,439.43,-89.06,-89.06,0,10.97
777840,439,438.79,-87.74,-87.74,0,10.97
777845,440,439.56,-86.03,-86.03,0,10.97
777850,440,440.21,-83.9,-83.9,0,10.97
777855,437,437.44,-81.3,-81.3,0,10.97
777860,441,440.79,-78.18,-78.18,0,10.97
777865,439,438.55,-74.5,-74.5,0,10.97
777870,439,439.21,-70.22,-70.22,0,10.97
777875,438,438.45,-65.3,-65.3,0,10.97
777880,439,438.79,-59.7,-59.7,0,10.97
777885,438,437.54,-53.4,-53.4,0,10.97
777890,438,438.21,-46.37,-46.37,0,10.97
777895,433,433.46,-38.59,-38.59,0,10.97
777900,442,441.79,-30.05,-30.05,0,10.97
777905,439,438.54,-20.76,-20.76,0,10.97
777910,440,440.2,-10.73,-10.73,0,10.97
777915,443,443.46,0.02,0.02,0,10.97
777920,449,448.82,11.45,11.45,0,10.97
777925,459,458.55,23.51,23.51,0,10.97
777930,478,478.18,36.14,36.14,0,10.97
777935,488,488.45,49.24,49.24,0,10.97
777940,516,515.82,62.72,62.72,0,10.97
777945,536,535.57,76.48,76.48,0,10.97
777950,564,564.18,90.4,90.4,0,10.97
777955,593,593.43,104.34,104.34,0,10.97
777960,623,622.83,118.17,118.17,0,10.97
777965,653,652.58,131.76,131.76,0,10.97
777970,682,682.17,144.96,144.96,0,10.97
777975,705,705.41,157.65,157.65,0,10.97
777980,729,728.83,169.68,169.68,0,10.97
777985,750,749.59,180.94,180.94,0,10.97
777990,765,765.17,191.33,191.33,0,10.97
777995,776,776.4,200.74,200.74,0,10.97
778000,788,787.83,209.08,209.08,0,10.97
778005,793,792.61,216.31,216.31,0,10.97
778010,797,797.17,222.35,222.35,0,10.97
778015,795,795.37,227.18,227.18,0,10.97
778020,795,794.83,230.77,230.77,0,10.97
778025,790,789.64,233.13,232.92,0,10.97
778030,784,784.17,234.26,232.92,0,10.97
778035,774,774.34,234.17,232.92,0,10.97
778040,766,765.83,232.92,232.92,0,10.97
778045,755,754.68,230.54,230.54,0,10.97
778050,746,746.18,227.09,227.09,0,10.97
778055,734,734.31,222.62,222.62,0,10.97
778060,723,722.82,217.21,217.21,0,10.97
778065,713,712.71,210.93,210.93,0,10.97
778070,702,702.19,203.85,203.85,0,10.97
778075,690,690.28,196.05,196.05,0,10.97
778080,680,679.8,187.62,187.62,0,10.97
778085,670,669.74,178.62,178.62,0,10.97
778090,660,660.21,169.15,169.15,0,10.97
778095,650,650.24,159.27,159.27,0,10.97
778100,642,641.78,149.07,149.07,0,10.97
778105,632,631.77,138.63,138.63,0,10.97
778110,624,624.23,128.0,128.0,0,10.97
778115,614,614.21,117.27,117.27,0,10.97
778120,605,604.76,106.49,106.49,0,10.97
778125,597,596.81,95.74,95.74,0,10.97
778130,586,586.25,85.08,85.08,0,10.97
778135,577,577.18,74.57,74.57,0,10.97
778140,569,568.74,64.25,64.25,0,10.97
778145,557,556.84,54.2,54.2,0,10.97
778150,546,546.27,44.45,44.45,0,10.97
778155,535,535.14,35.06,35.06,0,10.97
778160,522,521.72,26.06,26.06,0,10.97
778165,513,512.88,17.5,17.5,0,10.97
778170,502,502.3,9.41,9.41,0,10.97
778175,491,491.11,1.81,1.81,0,10.97
778180,484,483.69,-5.26,-5.26,0,10.97
778185,473,472.91,-11.8,-11.8,0,10.97
778190,471,471.33,-17.79,-17.79,0,10.97
778195,467,467.07,-23.24,-23.24,0,10.97
778200,461,460.66,-28.13,-28.13,0,10.97
778205,460,459.94,-32.49,-32.49,0,10.97
778210,458,458.36,-36.33,-36.33,0,10.97
778215,458,458.06,-39.67,-39.67,0,10.97
778220,459,458.62,-42.53,-42.53,0,10.97
778225,458,457.95,-44.95,-44.95,0,10.97
778230,461,461.4,-46.96,-46.96,0,10.97
778235,461,461.04,-48.59,-48.59,0,10.97
778240,463,462.57,-49.89,-49.89,0,10.97
778245,466,465.97,-50.9,-50.9,0,10.97
778250,467,467.45,-51.65,-51.65,0,10.97
778255,468,468.02,-52.18,-52.18,0,10.97
778260,471,470.52,-52.54,-52.54,0,10.97
778265,472,471.99,-52.77,-52.77,0,10.97
778270,473,473.5,-52.9,-52.9,0,10.97
778275,473,473.0,-52.97,-52.97,0,10.97
778280,475,474.47,-53.01,-53.01,0,10.97
778285,470,470.01,-53.04,-53.04,0,10.97
778290,472,472.56,-53.1,-53.1,0,10.97
778295,472,471.98,-53.21,-53.21,0,10.97
778300,471,470.42,-53.38,-53.38,0,10.97
778305,470,470.02,-53.63,-53.63,0,10.97
778310,468,468.61,-53.97,-53.97,0,10.97
778315,467,466.98,-54.42,-54.42,0,10.97
778320,463,462.36,-54.97,-54.97,0,10.97
778325,463,463.03,-55.63,-55.63,0,10.97
778330,459,459.67,-56.4,-56.4,0,10.97
778335,456,455.97,-57.28,-57.28,0,10.97
778340,476,475.31,-58.26,-58.26,0,10.97
778345,450,450.04,-59.34,-59.34,0,10.97
778350,448,448.68,-60.49,-60.49,0,10.97
778355,445,444.95,-61.72,-61.72,0,10.97
778360,441,440.34,-63.0,-63.0,0,10.97
778365,440,440.05,-64.33,-64.33,0,10.97
778370,439,439.64,-65.68,-65.68,0,10.97
778375,434,433.94,-67.05,-67.05,0,10.97
778380,431,430.37,-68.41,-68.41,0,10.97
778385,431,431.07,-69.76,-69.76,0,10.97
778390,429,429.62,-71.09,-71.09,0,10.97
778395,428,427.92,-72.37,-72.37,0,10.97
778400,426,425.38,-73.61,-73.61,0,10.97
778405,425,425.09,-74.79,-74.79,0,10.97
778410,420,420.62,-75.9,-75.9,0,10.97
778415,423,422.9,-76.94,-76.94,0,10.97
778420,421,420.39,-77.9,-77.9,0,10.97
778425,420,420.11,-78.79,-78.79,0,10.97
778430,421,421.6,-79.59,-79.59,0,10.97
778435,421,420.89,-80.31,-80.31,0,10.97
778440,420,419.4,-80.96,-80.96,0,10.97
778445,417,417.12,-81.52,-81.52,0,10.97
778450,421,421.6,-82.01,-82.01,0,10.97
778455,419,418.88,-82.43,-82.43,0,10.97
778460,421,420.4,-82.79,-82.79,0,10.97
778465,422,422.12,-83.1,-83.1,0,10.97
778470,422,422.61,-83.36,-83.36,0,10.97
778475,423,422.88,-83.57,-83.57,0,10.97
778480,422,421.39,-83.76,-83.76,0,10.97
778485,422,422.12,-83.92,-83.92,0,10.97
778490,420,420.62,-84.07,-84.07,0,10.97
778495,423,422.88,-84.21,-84.21,0,10.97
778500,426,425.38,-84.35,-84.35,0,10.97
778505,426,426.12,-84.5,-84.5,0,10.97
778510,427,427.62,-84.66,-84.66,0,10.97
778515,427,426.87,-84.85,-84.85,0,10.97
778520,429,428.37,-85.05,-85.05,0,10.97
778525,430,430.13,-85.29,-85.29,0,10.97
778530,432,432.63,-85.56,-85.56,0,10.97
778535,433,432.86,-85.85,-85.85,0,10.97
778540,433,432.36,-86.17,-86.17,0,10.97
778545,433,433.14,-86.51,-86.51,0,10.97
778550,435,435.65,-86.86,-86.86,0,10.97
778555,436,435.85,-87.21,-87.21,0,10.97
778560,438,437.34,-87.54,-87.54,0,10.97
778565,428,428.14,-87.84,-87.84,0,10.97
778570,438,438.67,-88.1,-88.1,0,10.97
778575,436,435.87,-88.28,-88.13,0,10.97
778580,439,438.31,-88.36,-88.13,0,10.97
778585,438,438.11,-88.32,-88.13,0,10.97
778590,439,439.7,-88.13,-88.13,0,10.97
778595,437,436.91,-87.75,-87.75,0,10.97
778600,440,439.29,-87.14,-87.14,0,10.97
778605,441,441.08,-86.27,-86.27,0,10.97
778610,440,440.73,-85.11,-85.11,0,10.97
778615,440,439.93,-83.6,-83.6,0,10.97
778620,439,438.25,-81.7,-81.7,0,10.97
778625,439,439.06,-79.39,-79.39,0,10.97
778630,439,439.77,-76.6,-76.6,0,10.97
778635,439,438.95,-73.3,-73.3,0,10.97
778640,437,436.2,-69.45,-69.45,0,10.97
778645,438,438.04,-65.01,-65.01,0,10.97
778650,422,422.81,-59.96,-59.96,0,10.97
778655,436,435.97,-54.25,-54.25,0,10.97
778660,437,436.19,-47.86,-47.86,0,10.97
778665,436,436.02,-40.79,-40.79,0,10.97
778670,440,440.81,-33.02,-33.02,0,10.97
778675,439,438.99,-24.56,-24.56,0,10.97
778680,439,438.19,-15.41,-15.41,0,10.97
778685,441,441.0,-5.61,-5.61,0,10.97
778690,446,446.81,4.82,4.82,0,10.97
778695,454,454.02,15.83,15.83,0,10.97
778700,465,464.18,27.34,27.34,0,10.97
778705,485,484.98,39.3,39.3,0,10.97
778710,499,499.83,51.61,51.61,0,10.97
778715,524,524.04,64.16,64.16,0,10.97
778720,549,548.17,76.84,76.84,0,10.97
778725,575,574.96,89.53,89.53,0,10.97
778730,603,603.84,102.11,102.11,0,10.97
778735,629,629.04,114.45,114.45,0,10.97
778740,657,656.15,126.4,126.4,0,10.97
778745,681,680.95,137.84,137.84,0,10.97
778750,702,702.86,148.66,148.66,0,10.97
778755,723,723.05,158.73,158.73,0,10.97
778760,738,737.12,167.94,167.94,0,10.97
778765,750,749.94,176.21,176.21,0,10.97
778770,759,759.89,183.45,183.45,0,10.97
778775,765,765.06,189.61,189.61,0,10.97
778780,767,766.09,194.63,194.63,0,10.97
778785,768,767.92,198.47,198.47,0,10.97
778790,765,765.92,201.13,201.13,0,10.97
778795,759,759.08,202.6,201.13,0,10.97
778800,752,751.05,202.9,201.13,0,10.97
778805,744,743.91,202.04,201.13,0,10.97
778810,736,736.98,200.06,200.06,0,10.97
778815,726,726.09,197.02,197.02,0,10.97
778820,715,713.99,192.98,192.98,0,10.97
778825,703,702.9,187.99,187.99,0,10.97
778830,691,692.04,182.13,182.13,0,10.97
778835,680,680.11,175.48,175.48,0,10.97
778840,668,666.92,168.13,168.13,0,10.97
778845,657,656.88,160.14,160.14,0,10.97
778850,623,624.1,151.62,151.62,0,10.97
778855,637,637.13,142.64,142.64,0,10.97
778860,630,628.91,133.29,133.29,0,10.97
778865,617,616.85,123.65,123.65,0,10.97
778870,605,606.06,113.81,113.81,0,10.97
778875,588,588.15,103.83,103.83,0,10.97
778880,587,585.97,93.79,93.79,0,10.97
778885,579,578.85,83.78,83.78,0,10.97
778890,569,570.0,73.84,73.84,0,10.97
778895,557,557.13,64.06,64.06,0,10.97
778900,561,560.03,54.49,54.49,0,10.97
778905,540,539.89,45.19,45.19,0,10.97
778910,531,531.93,36.21,36.21,0,10.97
778915,522,522.09,27.6,27.6,0,10.97
778920,511,510.12,19.41,19.41,0,10.97
778925,502,501.92,11.67,11.67,0,10.97
778930,492,492.84,4.43,4.43,0,10.97
778935,483,483.06,-2.3,-2.3,0,10.97
778940,475,474.21,-8.49,-8.49,0,10.97
778945,470,469.96,-14.13,-14.13,0,10.97
778950,466,466.75,-19.2,-19.2,0,10.97
778955,460,460.02,-23.71,-23.71,0,10.97
778960,459,458.28,-27.67,-27.67,0,10.97
778965,458,458.0,-31.09,-31.09,0,10.97
778970,457,457.69,-33.99,-33.99,0,10.97
778975,466,465.98,-36.4,-36.4,0,10.97
778980,460,459.34,-38.34,-38.34,0,10.97
778985,463,463.02,-39.86,-39.86,0,10.97
778990,462,462.62,-40.99,-40.99,0,10.97
778995,468,467.97,-41.77,-41.77,0,10.97
779000,471,470.41,-42.25,-42.25,0,10.97
779005,473,473.03,-42.47,-42.25,0,10.97
779010,479,479.56,-42.47,-42.25,0,10.97
779015,482,481.97,-42.32,-42.25,0,10.97
779020,483,482.47,-42.04,-42.04,0,10.97
779025,486,486.03,-41.68,-41.68,0,10.97
779030,487,487.5,-41.28,-41.28,0,10.97
779035,486,485.97,-40.88,-40.88,0,10.97
779040,488,487.52,-40.5,-40.5,0,10.97
779045,488,488.03,-40.19,-40.19,0,10.97
779050,494,494.46,-39.95,-39.95,0,10.97
779055,488,487.96,-39.82,-39.95,0,10.97
779060,484,483.55,-39.82,-39.95,0,10.97
779065,482,482.03,-39.94,-39.95,0,10.97
779070,480,480.45,-40.21,-40.21,0,10.97
779075,479,478.97,-40.62,-40.62,0,10.97
779080,479,478.55,-41.18,-41.18,0,10.97
779085,472,472.03,-41.88,-41.88,0,10.97
779090,469,469.44,-42.73,-42.73,0,10.97
779095,467,466.98,-43.71,-43.71,0,10.97
779100,464,463.57,-44.81,-44.81,0,10.97
779105,461,461.01,-46.03,-46.03,0,10.97
779110,455,455.42,-47.35,-47.35,0,10.97
779115,456,456.0,-48.76,-48.76,0,10.97
779120,452,451.6,-50.25,-50.25,0,10.97
779125,446,445.99,-51.8,-51.8,0,10.97
779130,445,445.39,-53.4,-53.4,0,10.97
779135,444,444.02,-55.04,-55.04,0,10.97
779140,442,441.63,-56.7,-56.7,0,10.97
779145,440,439.96,-58.38,-58.38,0,10.97
779150,438,438.35,-60.06,-60.06,0,10.97
779155,437,437.06,-61.73,-61.73,0,10.97
779160,435,434.66,-63.39,-63.39,0,10.97
779165,432,431.92,-65.03,-65.03,0,10.97
779170,434,434.32,-66.65,-66.65,0,10.97
779175,431,431.11,-68.23,-68.23,0,10.97
779180,432,431.69,-69.77,-69.77,0,10.97
779185,432,431.87,-71.28,-71.28,0,10.97
779190,429,429.3,-72.74,-72.74,0,10.97
779195,430,430.15,-74.16,-74.16,0,10.97
779200,428,427.72,-75.54,-75.54,0,10.97
779205,435,434.83,-76.87,-76.87,0,10.97
779210,433,433.27,-78.15,-78.15,0,10.97
779215,425,425.17,-79.38,-79.38,0,10.97
779220,429,428.73,-80.56,-80.56,0,10.97
779225,431,430.83,-81.68,-81.68,0,10.97
779230,426,426.27,-82.75,-82.75,0,10.97
779235,429,429.16,-83.75,-83.75,0,10.97
779240,431,430.73,-84.68,-84.68,0,10.97
779245,432,431.85,-85.54,-85.54,0,10.97
779250,432,432.26,-86.32,-86.32,0,10.97
779255,434,434.14,-87.01,-87.01,0,10.97
779260,434,433.75,-87.6,-87.6,0,10.97
779265,436,435.87,-88.07,-88.07,0,10.97
779270,434,434.25,-88.4,-88.4,0,10.97
779275,437,437.11,-88.59,-88.4,0,10.97
779280,438,437.76,-88.6,-88.4,0,10.97
779285,437,436.9,-88.42,-88.4,0,10.97
779290,438,438.23,-88.02,-88.02,0,10.97
779295,439,439.09,-87.38,-87.38,0,10.97
779300,445,444.79,-86.45,-86.45,0,10.97
779305,439,438.91,-85.22,-85.22,0,10.97
779310,438,438.18,-83.65,-83.65,0,10.97
779315,444,444.08,-81.7,-81.7,0,10.97
779320,438,437.84,-79.34,-79.34,0,10.97
779325,438,437.92,-76.52,-76.52,0,10.97
779330,439,439.13,-73.23,-73.23,0,10.97
779335,437,437.09,-69.42,-69.42,0,10.97
779340,436,435.9,-65.06,-65.06,0,10.97
779345,437,436.9,-60.12,-60.12,0,10.97
779350,439,439.08,-54.58,-54.58,0,10.97
779355,435,435.1,-48.43,-48.43,0,10.97
779360,437,436.94,-41.64,-41.64,0,10.97
779365,439,438.89,-34.21,-34.21,0,10.97
779370,436,436.05,-26.14,-26.14,0,10.97
779375,441,441.11,-17.46,-17.46,0,10.97
779380,443,442.97,-8.17,-8.17,0,10.97
779386,451,450.9,1.68,1.68,0,10.97
779390,455,455.01,12.06,12.06,0,10.97
779395,466,466.1,22.89,22.89,0,10.97
779400,480,480.02,34.11,34.11,0,10.97
779405,499,498.91,45.64,45.64,0,10.97
779410,519,518.97,57.38,57.38,0,10.97
779415,543,543.09,69.21,69.21,0,10.97
779420,569,569.06,81.04,81.04,0,10.97
779425,592,591.92,92.75,92.75,0,10.97
779430,619,618.92,104.2,104.2,0,10.97
779435,645,645.07,115.27,115.27,0,10.97
779440,662,662.11,125.85,125.85,0,10.97
779445,685,684.92,135.83,135.83,0,10.97
779450,703,702.87,145.08,145.08,0,10.97
779455,718,718.08,153.52,153.52,0,10.97
779460,728,728.14,161.06,161.06,0,10.97
779465,737,736.92,167.62,167.62,0,10.97
779470,741,740.84,173.14,173.14,0,10.97
779475,745,745.09,177.57,177.57,0,10.97
779480,744,744.17,180.89,180.89,0,10.97
779485,743,742.9,183.08,182.88,0,10.97
779490,738,737.81,184.13,182.88,0,10.97
779495,731,731.1,184.06,182.88,0,10.97
779500,724,724.21,182.88,182.88,0,10.97
779505,715,714.9,180.64,180.64,0,10.97
779510,704,703.77,177.37,177.37,0,10.97
779515,694,694.11,173.14,173.14,0,10.97
779520,683,683.25,167.99,167.99,0,10.97
779525,671,670.89,162.01,162.01,0,10.97
779530,661,660.73,155.27,155.27,0,10.97
779535,650,650.12,147.83,147.83,0,10.97
779540,639,639.29,139.79,139.79,0,10.97
779545,628,627.88,131.22,131.22,0,10.97
779550,618,617.69,122.21,122.21,0,10.97
779555,608,608.13,112.83,112.83,0,10.97
779560,597,597.34,103.18,103.18,0,10.97
779565,588,587.86,93.33,93.33,0,10.97
779570,578,577.64,83.36,83.36,0,10.97
779575,569,569.15,73.34,73.34,0,10.97
779580,558,558.38,63.36,63.36,0,10.97
779585,550,549.84,53.47,53.47,0,10.97
779590,546,545.6,43.76,43.76,0,10.97
779595,528,528.17,34.28,34.28,0,10.97
779600,518,518.41,25.1,25.1,0,10.97
779605,509,508.83,16.27,16.27,0,10.97
779610,497,496.58,7.85,7.85,0,10.97
779615,487,487.18,-0.13,-0.13,0,10.97
779620,476,476.42,-7.61,-7.61,0,10.97
779625,469,468.82,-14.58,-14.58,0,10.97
779630,461,460.57,-20.99,-20.99,0,10.97
779635,456,456.19,-26.83,-26.83,0,10.97
779640,449,449.43,-32.09,-32.09,0,10.97
779645,445,444.8,-36.76,-36.76,0,10.97
779650,445,444.57,-40.85,-40.85,0,10.97
779655,443,443.21,-44.37,-44.37,0,10.97
779660,441,441.44,-47.34,-47.34,0,10.97
779665,443,442.78,-49.77,-49.77,0,10.97
779670,446,445.56,-51.71,-51.71,0,10.97
779675,449,449.24,-53.18,-53.18,0,10.97
779680,451,451.43,-54.23,-54.23,0,10.97
779685,454,453.74,-54.89,-54.89,0,10.97
779690,459,458.57,-55.22,-54.89,0,10.97
779695,463,463.28,-55.26,-54.89,0,10.97
779700,465,465.43,-55.05,-54.89,0,10.97
779705,469,468.7,-54.65,-54.65,0,10.97
779710,472,471.57,-54.1,-54.1,0,10.97
779715,476,476.33,-53.44,-53.44,0,10.97
779720,477,477.43,-52.72,-52.72,0,10.97
779725,476,475.64,-51.97,-51.97,0,10.97
779730,480,479.57,-51.23,-51.23,0,10.97
779735,479,479.39,-50.54,-50.54,0,10.97
779740,480,480.43,-49.91,-49.91,0,10.97
779745,479,478.57,-49.37,-49.37,0,10.97
779750,478,477.57,-48.94,-48.94,0,10.97
779755,477,477.47,-48.64,-48.64,0,10.97
779760,477,477.44,-48.48,-48.64,0,10.97
779765,474,473.49,-48.46,-48.64,0,10.97
779770,473,472.55,-48.58,-48.64,0,10.97
779775,445,445.53,-48.86,-48.86,0,10.97
779780,467,467.46,-49.27,-49.27,0,10.97
779785,463,462.48,-49.83,-49.83,0,10.97
779790,463,462.54,-50.52,-50.52,0,10.97
779795,459,459.5,-51.34,-51.34,0,10.97
779800,453,453.47,-52.27,-52.27,0,10.97
779805,453,452.52,-53.32,-53.32,0,10.97
779810,450,449.53,-54.46,-54.46,0,10.97
779815,447,447.47,-55.69,-55.69,0,10.97
779820,445,445.47,-57.0,-57.0,0,10.97
779825,444,443.55,-58.37,-58.37,0,10.97
779830,441,440.53,-59.79,-59.79,0,10.97
779835,440,440.43,-61.25,-61.25,0,10.97
779840,438,438.48,-62.74,-62.74,0,10.97
779845,436,435.58,-64.25,-64.25,0,10.97
779850,435,434.52,-65.77,-65.77,0,10.97
779855,434,434.4,-67.3,-67.3,0,10.97
779860,433,433.49,-68.82,-68.82,0,10.97
779865,432,431.61,-70.33,-70.33,0,10.97
779870,431,430.5,-71.83,-71.83,0,10.97
779875,428,428.38,-73.3,-73.3,0,10.97
779880,427,427.51,-74.75,-74.75,0,10.97
779885,428,427.64,-76.17,-76.17,0,10.97
779890,427,426.48,-77.55,-77.55,0,10.97
779895,427,427.35,-78.91,-78.91,0,10.97
779900,417,417.52,-80.22,-80.22,0,10.97
779905,430,429.67,-81.5,-81.5,0,10.97
779910,428,427.49,-82.74,-82.74,0,10.97
779915,429,429.31,-83.93,-83.93,0,10.97
779920,428,428.49,-85.09,-85.09,0,10.97
779925,427,426.7,-86.2,-86.2,0,10.97
779930,429,428.53,-87.26,-87.26,0,10.97
779935,429,429.28,-88.27,-88.27,0,10.97
779940,430,430.46,-89.22,-89.22,0,10.97
779945,429,428.73,-90.1,-90.1,0,10.97
779950,431,430.56,-90.91,-90.91,0,10.97
779955,431,431.27,-91.63,-91.63,0,10.97
779960,432,432.43,-92.25,-92.25,0,10.97
779965,435,434.74,-92.75,-92.75,0,10.97
779970,435,434.58,-93.11,-93.11,0,10.97
779975,436,436.25,-93.32,-93.11,0,10.97
779980,438,438.41,-93.34,-93.11,0,10.97
779985,436,435.76,-93.17,-93.11,0,10.97
779990,438,437.6,-92.75,-92.75,0,10.97
779995,439,439.23,-92.07,-92.07,0,10.97
780000,438,438.39,-91.09,-91.09,0,10.97
780005,437,436.77,-89.78,-89.78,0,10.97
780010,439,438.62,-88.09,-88.09,0,10.97
780015,439,439.23,-85.99,-85.99,0,10.97
780020,439,439.38,-83.44,-83.44,0,10.97
780025,439,438.77,-80.4,-80.4,0,10.97
780030,439,438.63,-76.84,-76.84,0,10.97
780035,437,437.23,-72.71,-72.71,0,10.97
780040,438,438.36,-67.98,-67.98,0,10.97
780045,438,437.77,-62.63,-62.63,0,10.97
780050,438,437.64,-56.62,-56.62,0,10.97
780055,438,438.23,-49.93,-49.93,0,10.97
780060,438,438.35,-42.54,-42.54,0,10.97
780065,439,438.76,-34.46,-34.46,0,10.97
780070,437,436.65,-25.68,-25.68,0,10.97
780075,440,440.24,-16.21,-16.21,0,10.97
780080,435,435.35,-6.08,-6.08,0,10.97
780085,451,450.77,4.68,4.68,0,10.97
780090,458,457.67,16.01,16.01,0,10.97
780095,472,472.23,27.86,27.86,0,10.97
780100,489,489.32,40.15,40.15,0,10.97
780105,507,506.77,52.78,52.78,0,10.97
780110,530,529.7,65.65,65.65,0,10.97
780115,553,553.23,78.66,78.66,0,10.97
780120,584,584.29,91.67,91.67,0,10.97
780125,610,609.78,104.56,104.56,0,10.97
780130,635,634.71,117.21,117.21,0,10.97
780135,664,664.22,129.47,129.47,0,10.97
780140,687,687.28,141.23,141.23,0,10.97
780145,710,709.78,152.35,152.35,0,10.97
780150,728,727.71,162.73,162.73,0,10.97
780155,743,743.21,172.26,172.26,0,10.97
780160,756,756.28,180.84,180.84,0,10.97
780165,765,764.79,188.4,188.4,0,10.97
780170,771,770.71,194.87,194.87,0,10.97
780175,776,776.2,200.21,200.21,0,10.97
780180,774,774.29,204.37,204.37,0,10.97
780185,770,769.79,207.35,207.35,0,10.97
780190,768,767.71,209.13,207.48,0,10.97
780195,764,764.21,209.73,207.48,0,10.97
780200,755,755.3,209.17,207.48,0,10.97
780205,746,745.78,207.48,207.48,0,10.97
780210,734,733.7,204.71,204.71,0,10.97
780215,724,724.24,200.91,200.91,0,10.97
780220,716,716.31,196.15,196.15,0,10.97
780225,702,701.75,190.5,190.5,0,10.97
780230,691,690.67,184.03,184.03,0,10.97
780235,680,680.26,176.81,176.81,0,10.97
780240,668,668.35,168.94,168.94,0,10.97
780245,658,657.72,160.48,160.48,0,10.97
780250,647,646.63,151.53,151.53,0,10.97
780255,637,637.29,142.17,142.17,0,10.97
780260,626,626.39,132.47,132.47,0,10.97
780265,617,616.69,122.52,122.52,0,10.97
780270,608,607.59,112.38,112.38,0,10.97
780275,598,598.32,102.15,102.15,0,10.97
780280,590,590.42,91.88,91.88,0,10.97
780285,582,581.66,81.66,81.66,0,10.97
780290,574,573.56,71.53,71.53,0,10.97
780295,563,563.35,61.56,61.56,0,10.97
780300,553,553.46,51.82,51.82,0,10.97
780305,544,543.63,42.35,42.35,0,10.97
780310,533,532.52,33.21,33.21,0,10.97
780315,523,523.39,24.43,24.43,0,10.97
780320,513,513.5,16.08,16.08,0,10.97
780325,505,504.6,8.17,8.17,0,10.97
780330,497,496.49,0.74,0.74,0,10.97
780335,485,485.41,-6.19,-6.19,0,10.97
780340,476,476.53,-12.59,-12.59,0,10.97
780345,471,470.58,-18.45,-18.45,0,10.97
780350,467,466.46,-23.77,-23.77,0,10.97
780355,462,462.44,-28.55,-28.55,0,10.97
780360,460,460.55,-32.79,-32.79,0,10.97
780365,482,481.56,-36.51,-36.51,0,10.97
780370,460,459.44,-39.74,-39.74,0,10.97
780375,458,458.4,-42.48,-42.48,0,10.97
780380,459,459.57,-44.77,-44.77,0,10.97
780385,460,459.64,-46.65,-46.65,0,10.97
780390,472,471.43,-48.13,-48.13,0,10.97
780395,464,464.31,-49.27,-49.27,0,10.97
780400,468,468.56,-50.1,-50.1,0,10.97
780405,460,459.73,-50.66,-50.66,0,10.97
780410,472,471.45,-50.99,-50.99,0,10.97
780415,474,474.24,-51.13,-50.99,0,10.97
780420,472,472.53,-51.12,-50.99,0,10.97
780425,477,476.78,-51.01,-50.99,0,10.97
780430,476,475.48,-50.82,-50.82,0,10.97
780435,480,480.21,-50.59,-50.59,0,10.97
780440,481,481.5,-50.37,-50.37,0,10.97
780445,478,477.81,-50.17,-50.17,0,10.97
780450,480,479.5,-50.02,-50.09,0,10.97
780455,480,480.18,-49.94,-50.09,0,10.97
780460,480,480.49,-49.96,-50.09,0,10.97
780465,477,476.83,-50.09,-50.09,0,10.97
780470,476,475.51,-50.35,-50.35,0,10.97
780475,474,474.17,-50.73,-50.73,0,10.97
780480,472,472.49,-51.25,-51.25,0,10.97
780485,475,474.84,-51.9,-51.9,0,10.97
780490,467,466.51,-52.69,-52.69,0,10.97
780495,460,460.14,-53.61,-53.61,0,10.97
780500,461,461.49,-54.66,-54.66,0,10.97
780505,457,456.89,-55.82,-55.82,0,10.97
780510,456,455.51,-57.09,-57.09,0,10.97
780515,453,453.08,-58.45,-58.45,0,10.97
780520,446,446.5,-59.9,-59.9,0,10.97
780525,445,444.94,-61.42,-61.42,0,10.97
780530,442,441.51,-62.99,-62.99,0,10.97
780535,440,440.04,-64.61,-64.61,0,10.97
780540,438,438.49,-66.25,-66.25,0,10.97
780545,437,436.99,-67.92,-67.92,0,10.97
780550,435,434.51,-69.6,-69.6,0,10.97
780555,431,430.99,-71.28,-71.28,0,10.97
780560,431,431.49,-72.94,-72.94,0,10.97
780565,429,429.04,-74.59,-74.59,0,10.97
780570,429,428.51,-76.21,-76.21,0,10.97
780575,426,425.93,-77.79,-77.79,0,10.97
780580,425,425.49,-79.34,-79.34,0,10.97
780585,424,424.1,-80.84,-80.84,0,10.97
780590,424,423.51,-82.29,-82.29,0,10.97
780595,423,422.87,-83.7,-83.7,0,10.97
780600,423,423.5,-85.05,-85.05,0,10.97
780605,422,422.16,-86.35,-86.35,0,10.97
780610,422,421.5,-87.59,-87.59,0,10.97
780615,424,423.81,-88.78,-88.78,0,10.97
780620,423,423.5,-89.91,-89.91,0,10.97
780625,422,422.21,-90.98,-90.98,0,10.97
780630,423,422.49,-91.99,-91.99,0,10.97
780635,424,423.76,-92.94,-92.94,0,10.97
780640,425,425.52,-93.83,-93.83,0,10.97
780645,425,425.26,-94.64,-94.64,0,10.97
780650,427,426.47,-95.39,-95.39,0,10.97
780655,427,426.71,-96.05,-96.05,0,10.97
780660,431,431.55,-96.63,-96.63,0,10.97
780665,428,428.31,-97.1,-97.1,0,10.97
780670,427,426.43,-97.46,-97.46,0,10.97
780675,430,429.66,-97.7,-97.46,0,10.97
780680,431,431.6,-97.79,-97.46,0,10.97
780685,431,431.36,-97.71,-97.46,0,10.97
780690,434,433.37,-97.45,-97.45,0,10.97
780695,434,433.62,-96.98,-96.98,0,10.97
780700,437,437.66,-96.27,-96.27,0,10.97
780705,437,437.41,-95.29,-95.29,0,10.97
780710,438,437.3,-94.02,-94.02,0,10.97
780715,441,440.57,-92.41,-92.41,0,10.97
780720,438,438.74,-90.44,-90.44,0,10.97
780725,440,440.46,-88.07,-88.07,0,10.97
780730,440,439.23,-85.26,-85.26,0,10.97
780735,439,438.52,-81.97,-81.97,0,10.97
780740,437,437.81,-78.17,-78.17,0,10.97
780745,439,439.51,-73.82,-73.82,0,10.97
780750,438,437.15,-68.88,-68.88,0,10.97
780755,441,440.46,-63.34,-63.34,0,10.97
780760,439,439.88,-57.16,-57.16,0,10.97
780765,442,442.56,-50.32,-50.32,0,10.97
780770,438,437.07,-42.81,-42.81,0,10.97
780775,439,438.4,-34.62,-34.62,0,10.97
780780,438,438.97,-25.75,-25.75,0,10.97
780785,417,417.62,-16.22,-16.22,0,10.97
780790,445,443.99,-6.05,-6.05,0,10.97
780795,450,449.4,4.72,4.72,0,10.97
780800,459,460.06,16.04,16.04,0,10.97
780805,472,472.58,27.84,27.84,0,10.97
780810,513,511.91,40.05,40.05,0,10.97
780815,508,507.45,52.56,52.56,0,10.97
780820,533,534.1,65.28,65.28,0,10.97
780825,558,558.53,78.1,78.1,0,10.97
780830,587,585.92,90.89,90.89,0,10.97
780835,613,612.49,103.54,103.54,0,10.97
780840,630,631.06,115.91,115.91,0,10.97
780845,668,668.49,127.88,127.88,0,10.97
780850,689,687.96,139.32,139.32,0,10.97
780855,710,709.52,150.12,150.12,0,10.97
780860,727,728.0,160.16,160.16,0,10.97
780865,740,740.47,169.35,169.35,0,10.97
780870,753,752.03,177.59,177.59,0,10.97
780875,760,759.54,184.82,184.82,0,10.97
780880,766,766.94,190.97,190.97,0,10.97
780885,765,765.44,196.0,196.0,0,10.97
780890,766,765.09,199.88,199.88,0,10.97
780895,761,760.57,202.6,202.6,0,10.97
780900,760,760.89,204.14,202.6,0,10.97
780905,753,753.42,204.53,202.6,0,10.97
780910,748,747.13,203.79,202.6,0,10.97
780915,737,736.58,201.96,201.96,0,10.97
780920,725,725.85,199.07,199.07,0,10.97
780925,716,716.41,195.18,195.18,0,10.97
780930,705,704.17,190.36,190.36,0,10.97
780935,696,695.59,184.66,184.66,0,10.97
780940,683,683.8,178.17,178.17,0,10.97
780945,677,677.4,170.96,170.96,0,10.97
780950,663,662.22,163.09,163.09,0,10.97
780955,652,651.6,154.66,154.66,0,10.97
780960,641,641.76,145.74,145.74,0,10.97
780965,630,630.41,136.41,136.41,0,10.97
780970,622,621.26,126.75,126.75,0,10.97
780975,615,614.59,116.84,116.84,0,10.97
780980,603,603.73,106.74,106.74,0,10.97
780985,597,597.41,96.53,96.53,0,10.97
780990,586,585.29,86.29,86.29,0,10.97
780995,580,579.59,76.07,76.07,0,10.97
781000,567,567.69,65.95,65.95,0,10.97
781005,558,558.41,55.98,55.98,0,10.97
781010,549,548.32,46.22,46.22,0,10.97
781015,539,538.6,36.73,36.73,0,10.97
781020,529,529.66,27.56,27.56,0,10.97
781025,514,514.4,18.76,18.76,0,10.97
781030,507,506.35,10.37,10.37,0,10.97
781035,498,497.61,2.43,2.43,0,10.97
781040,485,485.64,-5.03,-5.03,0,10.97
781045,478,478.37,-11.99,-11.99,0,10.97
781050,472,471.37,-18.41,-18.41,0,10.97
781055,468,467.65,-24.29,-24.29,0,10.97
781060,460,460.61,-29.62,-29.62,0,10.97
781065,457,457.34,-34.4,-34.4,0,10.97
781070,455,454.4,-38.63,-38.63,0,10.97
781075,452,451.69,-42.33,-42.33,0,10.97
781080,446,446.58,-45.51,-45.51,0,10.97
781085,451,451.3,-48.19,-48.19,0,10.97
781090,453,452.44,-50.41,-50.41,0,10.97
781095,453,452.72,-52.19,-52.19,0,10.97
781100,457,457.53,-53.58,-53.58,0,10.97
781105,460,460.26,-54.6,-54.6,0,10.97
781110,461,460.49,-55.31,-55.31,0,10.97
781115,460,459.75,-55.74,-55.74,0,10.97
781120,466,466.48,-55.93,-55.74,0,10.97
781125,469,469.25,-55.93,-55.74,0,10.97
781130,468,467.53,-55.78,-55.74,0,10.97
781135,475,474.75,-55.52,-55.52,0,10.97
781140,469,469.45,-55.18,-55.18,0,10.97
781145,474,474.25,-54.81,-54.81,0,10.97
781150,474,473.57,-54.43,-54.43,0,10.97
781155,474,473.76,-54.07,-54.07,0,10.97
781160,475,475.41,-53.76,-53.76,0,10.97
781165,473,473.24,-53.52,-53.52,0,10.97
781170,472,471.61,-53.37,-53.52,0,10.97
781175,471,470.77,-53.32,-53.52,0,10.97
781180,470,470.37,-53.39,-53.52,0,10.97
781185,467,467.23,-53.58,-53.58,0,10.97
781190,465,464.64,-53.9,-53.9,0,10.97
781195,463,462.77,-54.35,-54.35,0,10.97
781200,460,460.35,-54.93,-54.93,0,10.97
781205,457,457.22,-55.64,-55.64,0,10.97
781210,455,454.66,-56.46,-56.46,0,10.97
781215,451,450.78,-57.4,-57.4,0,10.97
781220,449,449.32,-58.45,-58.45,0,10.97
781225,446,446.22,-59.59,-59.59,0,10.97
781230,445,444.69,-60.82,-60.82,0,10.97
781235,440,439.78,-62.12,-62.12,0,10.97
781240,438,438.3,-63.49,-63.49,0,10.97
781245,437,437.22,-64.92,-64.92,0,10.97
781250,436,435.71,-66.39,-66.39,0,10.97
781255,436,435.78,-67.9,-67.9,0,10.97
781260,432,432.27,-69.44,-69.44,0,10.97
781265,432,432.22,-70.99,-70.99,0,10.97
781270,428,427.74,-72.56,-72.56,0,10.97
781275,429,428.78,-74.12,-74.12,0,10.97
781280,427,427.24,-75.68,-75.68,0,10.97
781285,427,427.22,-77.24,-77.24,0,10.97
781290,426,425.77,-78.77,-78.77,0,10.97
781295,426,425.77,-80.28,-80.28,0,10.97
781300,425,425.22,-81.77,-81.77,0,10.97
781305,424,424.23,-83.22,-83.22,0,10.97
781310,425,424.79,-84.63,-84.63,0,10.97
781315,425,424.77,-86.0,-86.0,0,10.97
781320,424,424.2,-87.32,-87.32,0,10.97
781325,425,425.23,-88.58,-88.58,0,10.97
781330,427,426.81,-89.78,-89.78,0,10.97
781335,426,425.78,-90.91,-90.91,0,10.97
781340,426,426.17,-91.95,-91.95,0,10.97
781345,428,428.23,-92.91,-92.91,0,10.97
781350,427,426.85,-93.76,-93.76,0,10.97
781355,428,427.77,-94.49,-94.49,0,10.97
781360,430,430.14,-95.08,-95.08,0,10.97
781365,429,429.23,-95.52,-95.52,0,10.97
781370,429,428.87,-95.79,-95.52,0,10.97
781375,431,430.76,-95.85,-95.52,0,10.97
781380,431,431.12,-95.7,-95.52,0,10.97
781385,431,431.24,-95.3,-95.3,0,10.97
781390,430,429.89,-94.62,-94.62,0,10.97
781395,432,431.76,-93.64,-93.64,0,10.97
781400,435,435.11,-92.32,-92.32,0,10.97
781405,430,430.25,-90.62,-90.62,0,10.97
781410,437,436.89,-88.53,-88.53,0,10.97
781415,437,436.76,-85.99,-85.99,0,10.97
781420,433,433.11,-82.99,-82.99,0,10.97
781425,434,434.23,-79.47,-79.47,0,10.97
781430,435,434.9,-75.43,-75.43,0,10.97
781435,436,435.78,-70.81,-70.81,0,10.97
781440,436,436.09,-65.61,-65.61,0,10.97
781445,434,434.2,-59.79,-59.79,0,10.97
781450,433,432.91,-53.33,-53.33,0,10.97
781455,436,435.81,-46.23,-46.23,0,10.97
781460,436,436.09,-38.49,-38.49,0,10.97
781465,436,436.17,-30.09,-30.09,0,10.97
781470,441,440.92,-21.07,-21.07,0,10.97
781475,439,438.85,-11.43,-11.43,0,10.97
781480,445,445.08,-1.23,-1.23,0,10.97
781485,454,454.14,9.51,9.51,0,10.97
781490,465,464.93,20.71,20.71,0,10.97
781495,479,478.88,32.3,32.3,0,10.97
781500,498,498.06,44.2,44.2,0,10.97
781505,519,519.12,56.31,56.31,0,10.97
781510,541,540.95,68.53,68.53,0,10.97
781515,565,564.89,80.73,80.73,0,10.97
781520,593,593.05,92.8,92.8,0,10.97
781525,621,621.1,104.61,104.61,0,10.97
781530,645,644.95,116.03,116.03,0,10.97
781535,669,668.89,126.95,126.95,0,10.97
781540,691,691.04,137.24,137.24,0,10.97
781545,705,705.1,146.8,146.8,0,10.97
781550,721,720.96,155.51,155.51,0,10.97
781555,732,731.9,163.31,163.31,0,10.97
781560,742,742.04,170.09,170.09,0,10.97
781565,749,749.1,175.82,175.82,0,10.97
781570,751,750.96,180.43,180.43,0,10.97
781575,751,750.9,183.9,183.9,0,10.97
781580,747,747.04,186.21,186.21,0,10.97
781585,744,744.1,187.36,186.21,0,10.97
781590,737,736.96,187.35,186.21,0,10.97
781595,729,728.89,186.22,186.21,0,10.97
781600,719,719.04,183.99,183.99,0,10.97
781605,709,709.11,180.72,180.72,0,10.97
781610,698,697.97,176.46,176.46,0,10.97
781615,687,686.89,171.27,171.27,0,10.97
781620,677,677.03,165.23,165.23,0,10.97
781625,664,664.11,158.4,158.4,0,10.97
781630,655,654.97,150.88,150.88,0,10.97
781635,643,642.88,142.73,142.73,0,10.97
781640,632,632.03,134.05,134.05,0,10.97
781645,620,620.12,124.93,124.93,0,10.97
781650,610,609.98,115.43,115.43,0,10.97
781655,600,599.88,105.66,105.66,0,10.97
781660,590,590.02,95.68,95.68,0,10.97
781665,581,581.12,85.59,85.59,0,10.97
781670,570,569.98,75.46,75.46,0,10.97
781675,564,563.88,65.37,65.37,0,10.97
781680,550,550.02,55.38,55.38,0,10.97
781685,541,541.11,45.58,45.58,0,10.97
781690,532,531.98,36.02,36.02,0,10.97
781695,521,520.9,26.77,26.77,0,10.97
781700,515,515.01,17.88,17.88,0,10.97
781705,500,500.1,9.4,9.4,0,10.97
781710,492,491.98,1.39,1.39,0,10.97
781715,481,480.91,-6.12,-6.12,0,10.97
781720,472,472.02,-13.09,-13.09,0,10.97
781725,465,465.08,-19.5,-19.5,0,10.97
781730,458,457.98,-25.32,-25.32,0,10.97
781735,453,452.92,-30.54,-30.54,0,10.97
781740,445,445.02,-35.15,-35.15,0,10.97
781745,444,444.07,-39.16,-39.16,0,10.97
781750,443,442.98,-42.57,-42.57,0,10.97
781755,440,439.94,-45.4,-45.4,0,10.97
781760,444,444.01,-47.68,-47.68,0,10.97
781765,444,444.06,-49.44,-49.44,0,10.97
781770,448,447.99,-50.71,-50.71,0,10.97
781775,452,451.95,-51.53,-51.53,0,10.97
781780,455,455.0,-51.95,-51.53,0,10.97
781785,459,459.04,-52.01,-51.53,0,10.97
781790,463,463.0,-51.77,-51.53,0,10.97
781795,468,467.96,-51.28,-51.28,0,10.97
781800,471,470.99,-50.58,-50.58,0,10.97
781805,474,474.03,-49.73,-49.73,0,10.97
781810,477,477.01,-48.78,-48.78,0,10.97
781815,481,480.98,-47.78,-47.78,0,10.97
781820,483,482.98,-46.76,-46.76,0,10.97
781825,486,486.01,-45.77,-45.77,0,10.97
781830,486,486.02,-44.84,-44.84,0,10.97
781835,486,486.0,-44.01,-44.01,0,10.97
781840,486,485.98,-43.31,-43.31,0,10.97
781845,484,483.99,-42.75,-42.75,0,10.97
781850,484,484.02,-42.36,-42.36,0,10.97
781855,479,479.02,-42.15,-42.36,0,10.97
781860,481,480.97,-42.13,-42.36,0,10.97
781865,474,473.97,-42.31,-42.36,0,10.97
781870,474,474.03,-42.69,-42.69,0,10.97
781875,471,471.04,-43.26,-43.26,0,10.97
781880,469,468.97,-44.03,-44.03,0,10.97
781885,465,464.95,-44.99,-44.99,0,10.97
781890,462,462.02,-46.13,-46.13,0,10.97
781895,459,459.06,-47.44,-47.44,0,10.97
781900,455,454.98,-48.9,-48.9,0,10.97
781905,450,449.93,-50.51,-50.51,0,10.97
781910,456,456.03,-52.25,-52.25,0,10.97
781915,446,446.09,-54.1,-54.1,0,10.97
781920,444,443.96,-56.05,-56.05,0,10.97
781925,443,442.89,-58.09,-58.09,0,10.97
781930,441,441.06,-60.19,-60.19,0,10.97
781935,440,440.12,-62.34,-62.34,0,10.97
781940,435,434.92,-64.53,-64.53,0,10.97
781945,435,434.86,-66.75,-66.75,0,10.97
781950,432,432.1,-68.97,-68.97,0,10.97
781955,433,433.16,-71.18,-71.18,0,10.97
781960,439,438.88,-73.38,-73.38,0,10.97
781965,429,428.81,-75.54,-75.54,0,10.97
781970,429,429.12,-77.65,-77.65,0,10.97
781975,428,428.21,-79.69,-79.69,0,10.97
781980,428,427.88,-81.66,-81.66,0,10.97
781985,429,428.76,-83.53,-83.53,0,10.97
781990,429,429.13,-85.29,-85.29,0,10.97
781995,428,428.26,-86.93,-86.93,0,10.97
782000,429,428.87,-88.42,-88.42,0,10.97
782005,433,432.72,-89.75,-89.75,0,10.97
782010,429,429.13,-90.9,-90.9,0,10.97
782015,429,429.3,-91.84,-91.84,0,10.97
782020,429,428.87,-92.56,-92.56,0,10.97
782025,432,431.69,-93.03,-92.68,0,10.97
782030,432,432.14,-93.23,-92.68,0,10.97
782035,433,433.32,-93.12,-92.68,0,10.97
782040,433,432.85,-92.68,-92.68,0,10.97
782045,433,432.67,-91.88,-91.88,0,10.97
782050,434,434.15,-90.69,-90.69,0,10.97
782055,432,432.35,-89.07,-89.07,0,10.97
782060,435,434.84,-87.0,-87.0,0,10.97
782065,435,434.64,-84.43,-84.43,0,10.97
782070,433,433.17,-81.35,-81.35,0,10.97
782075,435,435.37,-77.71,-77.71,0,10.97
782080,433,432.83,-73.49,-73.49,0,10.97
782085,432,431.62,-68.66,-68.66,0,10.97
782090,432,432.18,-63.2,-63.2,0,10.97
782095,429,429.39,-57.09,-57.09,0,10.97
782100,432,431.82,-50.33,-50.33,0,10.97
782105,433,432.6,-42.89,-42.89,0,10.97
782110,433,433.19,-34.8,-34.8,0,10.97
782115,435,435.41,-26.05,-26.05,0,10.97
782120,438,437.81,-16.68,-16.68,0,10.97
782125,439,438.58,-6.71,-6.71,0,10.97
782130,449,449.2,3.81,3.81,0,10.97
782135,459,459.44,14.81,14.81,0,10.97
782140,474,473.8,26.24,26.24,0,10.97
782145,506,505.55,38.0,38.0,0,10.97
782150,506,506.21,50.0,50.0,0,10.97
782155,529,529.44,62.15,62.15,0,10.97
782160,555,554.8,74.31,74.31,0,10.97
782165,580,579.59,86.39,86.39,0,10.97
782170,605,605.2,98.24,98.24,0,10.97
782175,630,630.38,109.75,109.75,0,10.97
782180,657,656.81,120.8,120.8,0,10.97
782185,677,676.65,131.26,131.26,0,10.97
782190,696,696.18,141.03,141.03,0,10.97
782195,714,714.32,149.98,149.98,0,10.97
782200,726,725.83,158.04,158.04,0,10.97
782205,736,735.7,165.12,165.12,0,10.97
782210,743,743.15,171.15,171.15,0,10.97
782215,747,747.28,176.08,176.08,0,10.97
782220,748,747.85,179.87,179.87,0,10.97
782225,744,743.74,182.51,182.51,0,10.97
782230,745,745.13,183.97,182.51,0,10.97
782235,738,738.24,184.27,182.51,0,10.97
782240,729,728.87,183.43,182.51,0,10.97
782245,719,718.76,181.48,181.48,0,10.97
782250,710,710.13,178.46,178.46,0,10.97
782255,698,698.23,174.44,174.44,0,10.97
782260,688,687.88,169.46,169.46,0,10.97
782265,677,676.78,163.6,163.6,0,10.97
782270,664,664.12,156.93,156.93,0,10.97
782275,652,652.21,149.54,149.54,0,10.97
782280,641,640.88,141.5,141.5,0,10.97
782285,630,629.8,132.9,132.9,0,10.97
782290,617,617.11,123.83,123.83,0,10.97
782295,608,608.18,114.37,114.37,0,10.97
782300,598,597.89,104.61,104.61,0,10.97
782305,589,588.83,94.63,94.63,0,10.97
782310,584,584.1,84.5,84.5,0,10.97
782315,568,568.16,74.32,74.32,0,10.97
782320,560,559.89,64.16,64.16,0,10.97
782325,549,548.86,54.08,54.08,0,10.97
782330,539,539.11,44.17,44.17,0,10.97
782335,529,529.13,34.49,34.49,0,10.97
782340,520,519.88,25.1,25.1,0,10.97
782345,509,508.89,16.06,16.06,0,10.97
782350,499,499.12,7.42,7.42,0,10.97
782355,487,487.1,-0.76,-0.76,0,10.97
782360,480,479.88,-8.45,-8.45,0,10.97
782365,471,470.92,-15.62,-15.62,0,10.97
782370,463,463.13,-22.22,-22.22,0,10.97
782375,455,455.06,-28.25,-28.25,0,10.97
782380,449,448.87,-33.68,-33.68,0,10.97
782385,445,444.96,-38.51,-38.51,0,10.97
782390,445,445.14,-42.74,-42.74,0,10.97
782395,441,441.02,-46.38,-46.38,0,10.97
782400,441,440.85,-49.44,-49.44,0,10.97
782405,441,441.0,-51.94,-51.94,0,10.97
782410,442,442.17,-53.92,-53.92,0,10.97
782415,444,443.98,-55.4,-55.4,0,10.97
782420,448,447.82,-56.42,-56.42,0,10.97
782425,442,442.04,-57.02,-56.8,0,10.97
782430,451,451.19,-57.26,-56.8,0,10.97
782435,460,459.96,-57.16,-56.8,0,10.97
782440,462,461.81,-56.8,-56.8,0,10.97
782445,464,464.04,-56.21,-56.21,0,10.97
782450,469,469.2,-55.44,-55.44,0,10.97
782455,472,471.97,-54.55,-54.55,0,10.97
782460,476,475.8,-53.57,-53.57,0,10.97
782465,478,478.02,-52.56,-52.56,0,10.97
782470,480,480.2,-51.55,-51.55,0,10.97
782475,482,481.99,-50.58,-50.58,0,10.97
782480,483,482.8,-49.68,-49.68,0,10.97
782485,482,482.0,-48.88,-48.88,0,10.97
782490,480,480.2,-48.21,-48.21,0,10.97
782495,480,480.02,-47.68,-47.68,0,10.97
782500,479,478.8,-47.3,-47.3,0,10.97
782505,478,477.97,-47.09,-47.3,0,10.97
782510,474,474.2,-47.06,-47.3,0,10.97
782515,475,475.04,-47.2,-47.3,0,10.97
782520,469,468.81,-47.52,-47.52,0,10.97
782525,466,465.95,-48.01,-48.01,0,10.97
782530,464,464.19,-48.66,-48.66,0,10.97
782535,460,460.07,-49.47,-49.47,0,10.97
782540,458,457.81,-50.42,-50.42,0,10.97
782545,456,455.92,-51.5,-51.5,0,10.97
782550,451,451.19,-52.71,-52.71,0,10.97
782555,449,449.1,-54.02,-54.02,0,10.97
782560,446,445.81,-55.41,-55.41,0,10.97
782565,443,442.89,-56.89,-56.89,0,10.97
782570,443,443.19,-58.42,-58.42,0,10.97
782575,441,441.13,-60.01,-60.01,0,10.97
782580,437,436.81,-61.63,-61.63,0,10.97
782585,435,434.86,-63.27,-63.27,0,10.97
782590,434,434.19,-64.93,-64.93,0,10.97
782595,433,433.17,-66.59,-66.59,0,10.97
782600,432,431.8,-68.25,-68.25,0,10.97
782605,431,430.81,-69.89,-69.89,0,10.97
782610,430,430.2,-71.51,-71.51,0,10.97
782615,429,429.21,-73.11,-73.11,0,10.97
782620,428,427.79,-74.68,-74.68,0,10.97
782625,426,425.76,-76.21,-76.21,0,10.97
782630,427,427.21,-77.71,-77.71,0,10.97
782635,427,427.27,-79.17,-79.17,0,10.97
782640,428,427.78,-80.59,-80.59,0,10.97
782645,429,428.71,-81.97,-81.97,0,10.97
782650,427,427.23,-83.31,-83.31,0,10.97
782655,427,427.32,-84.6,-84.6,0,10.97
782660,428,427.77,-85.84,-85.84,0,10.97
782665,431,430.66,-87.02,-87.02,0,10.97
782670,430,430.24,-88.15,-88.15,0,10.97
782675,426,426.36,-89.22,-89.22,0,10.97
782680,431,430.76,-90.21,-90.21,0,10.97
782685,430,429.63,-91.12,-91.12,0,10.97
782690,432,432.25,-91.94,-91.94,0,10.97
782695,432,432.38,-92.66,-92.66,0,10.97
782700,433,432.74,-93.26,-93.26,0,10.97
782705,433,432.6,-93.71,-93.71,0,10.97
782710,434,434.27,-94.01,-93.71,0,10.97
782715,437,437.42,-94.12,-93.71,0,10.97
782720,437,436.72,-94.03,-93.71,0,10.97
782725,437,436.56,-93.71,-93.71,0,10.97
782730,437,437.28,-93.11,-93.11,0,10.97
782735,434,434.46,-92.22,-92.22,0,10.97
782740,438,437.71,-91.0,-91.0,0,10.97
782745,435,434.53,-89.4,-89.4,0,10.97
782750,429,429.29,-87.4,-87.4,0,10.97
782755,438,438.5,-84.95,-84.95,0,10.97
782760,440,439.72,-82.02,-82.02,0,10.97
782765,439,438.48,-78.58,-78.58,0,10.97
782770,439,439.26,-74.58,-74.58,0,10.97
782775,439,439.54,-70.0,-70.0,0,10.97
782780,440,439.76,-64.8,-64.8,0,10.97
782785,440,439.43,-58.96,-58.96,0,10.97
782790,439,439.22,-52.45,-52.45,0,10.97
782795,437,437.59,-45.26,-45.26,0,10.97
782800,437,436.8,-37.38,-37.38,0,10.97
782805,462,461.4,-28.8,-28.8,0,10.97
782810,439,439.19,-19.55,-19.55,0,10.97
782815,441,441.58,-9.62,-9.62,0,10.97
782820,447,446.83,0.94,0.94,0,10.97
782825,453,452.47,12.1,12.1,0,10.97
782830,464,464.16,23.81,23.81,0,10.97
782835,478,478.5,35.98,35.98,0,10.97
782840,494,493.87,48.55,48.55,0,10.97
782845,519,518.54,61.4,61.4,0,10.97
782850,540,540.12,74.45,74.45,0,10.97
782855,571,571.42,87.56,87.56,0,10.97
782860,597,596.89,100.61,100.61,0,10.97
782865,624,623.61,113.48,113.48,0,10.97
782870,654,654.09,126.02,126.02,0,10.97
782875,678,678.35,138.12,138.12,0,10.97
782880,699,698.92,149.63,149.63,0,10.97
782885,721,720.67,160.45,160.45,0,10.97
782890,740,740.07,170.46,170.46,0,10.97
782895,751,751.3,179.55,179.55,0,10.97
782900,760,759.92,187.66,187.66,0,10.97
782905,770,769.72,194.69,194.69,0,10.97
782910,776,776.08,200.59,200.59,0,10.97
782915,778,778.24,205.32,205.32,0,10.97
782920,779,778.91,208.85,208.85,0,10.97
782925,773,772.78,211.17,210.94,0,10.97
782930,769,769.09,212.28,210.94,0,10.97
782935,760,760.2,212.19,210.94,0,10.97
782940,752,751.9,210.94,210.94,0,10.97
782945,741,740.82,208.56,208.56,0,10.97
782950,731,731.1,205.11,205.11,0,10.97
782955,721,721.16,200.65,200.65,0,10.97
782960,710,709.9,195.23,195.23,0,10.97
782965,699,698.86,188.93,188.93,0,10.97
782970,685,685.11,181.83,181.83,0,10.97
782975,677,677.12,174.01,174.01,0,10.97
782980,665,664.89,165.55,165.55,0,10.97
782985,654,653.9,156.53,156.53,0,10.97
782990,643,643.1,147.04,147.04,0,10.97
782995,632,632.08,137.16,137.16,0,10.97
783000,622,621.9,126.98,126.98,0,10.97
783005,610,609.93,116.56,116.56,0,10.97
783010,601,601.1,106.0,106.0,0,10.97
783015,593,593.05,95.36,95.36,0,10.97
783020,589,588.91,84.73,84.73,0,10.97
783025,574,573.96,74.17,74.17,0,10.97
783030,559,559.07,63.74,63.74,0,10.97
783035,553,553.03,53.52,53.52,0,10.97
783040,545,544.96,43.56,43.56,0,10.97
783045,533,532.99,33.91,33.91,0,10.97
783050,524,524.0,24.63,24.63,0,10.97
783055,513,513.0,15.77,15.77,0,10.97
783060,504,504.03,7.36,7.36,0,10.97
783065,494,494.01,-0.55,-0.55,0,10.97
783070,487,486.93,-7.94,-7.94,0,10.97
783075,476,475.97,-14.78,-14.78,0,10.97
783080,463,463.1,-21.05,-21.05,0,10.97
783085,463,463.04,-26.75,-26.75,0,10.97
783090,459,458.89,-31.86,-31.86,0,10.97
783095,456,455.94,-36.38,-36.38,0,10.97
783100,446,446.12,-40.33,-40.33,0,10.97
783105,438,438.06,-43.73,-43.73,0,10.97
783110,453,452.88,-46.58,-46.58,0,10.97
783115,453,452.95,-48.93,-48.93,0,10.97
783120,454,454.12,-50.81,-50.81,0,10.97
783125,457,457.02,-52.24,-52.24,0,10.97
783130,463,462.9,-53.29,-53.29,0,10.97
783135,457,457.0,-53.98,-53.98,0,10.97
783140,466,466.09,-54.36,-54.13,0,10.97
783145,463,462.98,-54.49,-54.13,0,10.97
783150,471,470.93,-54.39,-54.13,0,10.97
783155,471,471.04,-54.13,-54.13,0,10.97
783160,474,474.05,-53.74,-53.74,0,10.97
783165,477,476.94,-53.27,-53.27,0,10.97
783170,476,475.96,-52.75,-52.75,0,10.97
783175,479,479.07,-52.22,-52.22,0,10.97
783180,480,480.02,-51.72,-51.72,0,10.97
783185,484,483.91,-51.27,-51.27,0,10.97
783190,479,478.99,-50.9,-50.9,0,10.97
783195,479,479.1,-50.63,-50.63,0,10.97
783200,476,476.0,-50.47,-50.63,0,10.97
783205,476,475.89,-50.45,-50.63,0,10.97
783210,474,474.02,-50.56,-50.63,0,10.97
783215,471,471.11,-50.82,-50.82,0,10.97
783220,470,469.97,-51.22,-51.22,0,10.97
783225,466,465.88,-51.76,-51.76,0,10.97
783230,464,464.05,-52.45,-52.45,0,10.97
783235,460,460.13,-53.26,-53.26,0,10.97
783240,457,456.94,-54.2,-54.2,0,10.97
783245,452,451.86,-55.25,-55.25,0,10.97
783250,451,451.08,-56.4,-56.4,0,10.97
783255,449,449.15,-57.64,-57.64,0,10.97
783260,445,444.9,-58.95,-58.95,0,10.97
783265,444,443.84,-60.32,-60.32,0,10.97
783270,442,442.11,-61.75,-61.75,0,10.97
783275,438,438.18,-63.21,-63.21,0,10.97
783280,434,433.86,-64.69,-64.69,0,10.97
783285,435,434.81,-66.19,-66.19,0,10.97
783290,434,434.17,-67.69,-67.69,0,10.97
783295,431,431.2,-69.17,-69.17,0,10.97
783300,428,427.8,-70.65,-70.65,0,10.97
783305,428,427.79,-72.1,-72.1,0,10.97
783310,426,426.23,-73.52,-73.52,0,10.97
783315,426,426.23,-74.9,-74.9,0,10.97
783320,426,425.73,-76.25,-76.25,0,10.97
783325,429,428.76,-77.56,-77.56,0,10.97
783330,425,425.3,-78.83,-78.83,0,10.97
783335,425,425.24,-80.05,-80.05,0,10.97
783340,426,425.66,-81.24,-81.24,0,10.97
783345,426,425.75,-82.38,-82.38,0,10.97
783350,425,425.37,-83.48,-83.48,0,10.97
783355,425,425.25,-84.54,-84.54,0,10.97
783360,423,422.59,-85.56,-85.56,0,10.97
783365,428,427.75,-86.54,-86.54,0,10.97
783370,427,427.45,-87.48,-87.48,0,10.97
783375,428,428.25,-88.37,-88.37,0,10.97
783380,429,428.5,-89.21,-89.21,0,10.97
783385,428,427.75,-90.0,-90.0,0,10.97
783390,429,429.54,-90.74,-90.74,0,10.97
783395,430,430.25,-91.41,-91.41,0,10.97
783400,431,430.42,-92.0,-92.0,0,10.97
783405,432,431.75,-92.51,-92.51,0,10.97
783410,429,429.63,-92.92,-92.92,0,10.97
783415,433,433.26,-93.2,-93.16,0,10.97
783420,432,431.33,-93.35,-93.16,0,10.97
783425,435,434.74,-93.35,-93.16,0,10.97
783430,435,435.71,-93.16,-93.16,0,10.97
783435,434,434.26,-92.76,-92.76,0,10.97
783440,437,436.24,-92.12,-92.12,0,10.97
783445,438,437.74,-91.22,-91.22,0,10.97
783450,438,438.8,-90.01,-90.01,0,10.97
783455,439,439.26,-88.47,-88.47,0,10.97
783460,440,439.15,-86.56,-86.56,0,10.97
783465,440,439.74,-84.25,-84.25,0,10.97
783470,438,438.9,-81.48,-81.48,0,10.97
783475,440,440.26,-78.23,-78.23,0,10.97
783480,439,438.05,-74.47,-74.47,0,10.97
783485,440,439.75,-70.14,-70.14,0,10.97
783490,415,415.98,-65.23,-65.23,0,10.97
783495,440,440.25,-59.7,-59.7,0,10.97
783500,440,439.01,-53.53,-53.53,0,10.97
783505,439,438.75,-46.7,-46.7,0,10.97
783510,438,438.97,-39.2,-39.2,0,10.97
783515,439,439.26,-31.03,-31.03,0,10.97
783520,439,438.04,-22.19,-22.19,0,10.97
783525,442,441.74,-12.71,-12.71,0,10.97
783530,442,442.95,-2.61,-2.61,0,10.97
783535,454,454.27,8.07,8.07,0,10.97
783540,461,460.06,19.28,19.28,0,10.97
783545,473,472.73,30.95,30.95,0,10.97
783550,489,489.93,43.0,43.0,0,10.97
783555,511,511.29,55.34,55.34,0,10.97
783560,534,533.09,67.86,67.86,0,10.97
783565,561,560.7,80.46,80.46,0,10.97
783570,587,587.9,93.0,93.0,0,10.97
783575,614,614.31,105.37,105.37,0,10.97
783580,641,640.1,117.44,117.44,0,10.97
783585,666,665.67,129.08,129.08,0,10.97
783590,688,688.89,140.16,140.16,0,10.97
783595,707,707.33,150.58,150.58,0,10.97
783600,725,724.11,160.22,160.22,0,10.97
783605,739,738.65,168.99,168.99,0,10.97
783610,734,734.87,176.8,176.8,0,10.97
783615,755,755.35,183.59,183.59,0,10.97
783620,761,760.16,189.29,189.29,0,10.97
783625,762,761.63,193.86,193.86,0,10.97
783630,762,762.8,197.28,197.28,0,10.97
783635,756,756.37,199.54,199.36,0,10.97
783640,753,752.23,200.62,199.36,0,10.97
783645,747,746.62,200.56,199.36,0,10.97
783650,737,737.73,199.36,199.36,0,10.97
783655,727,727.38,197.09,197.09,0,10.97
783660,718,717.3,193.77,193.77,0,10.97
783665,707,706.62,189.48,189.48,0,10.97
783670,697,697.67,184.27,184.27,0,10.97
783675,684,684.38,178.21,178.21,0,10.97
783680,674,673.36,171.37,171.37,0,10.97
783685,666,665.62,163.84,163.84,0,10.97
783690,650,650.61,155.7,155.7,0,10.97
783695,641,641.37,147.02,147.02,0,10.97
783700,630,629.42,137.89,137.89,0,10.97
783705,623,622.63,128.39,128.39,0,10.97
783710,611,611.56,118.6,118.6,0,10.97
783715,602,602.36,108.6,108.6,0,10.97
783720,591,590.47,98.47,98.47,0,10.97
783725,582,581.65,88.27,88.27,0,10.97
783730,572,572.51,78.09,78.09,0,10.97
783735,564,564.34,67.99,67.99,0,10.97
783740,553,552.51,58.04,58.04,0,10.97
783745,545,544.67,48.29,48.29,0,10.97
783750,534,534.47,38.81,38.81,0,10.97
783755,526,526.33,29.65,29.65,0,10.97
783760,516,515.55,20.86,20.86,0,10.97
783765,506,505.68,12.48,12.48,0,10.97
783770,495,495.44,4.56,4.56,0,10.97
783775,486,486.32,-2.87,-2.87,0,10.97
783780,477,476.58,-9.78,-9.78,0,10.97
783785,469,468.68,-16.15,-16.15,0,10.97
783790,464,464.4,-21.96,-21.96,0,10.97
783795,459,459.32,-27.2,-27.2,0,10.97
783800,453,452.62,-31.87,-31.87,0,10.97
783805,450,449.68,-35.97,-35.97,0,10.97
783810,448,448.37,-39.51,-39.51,0,10.97
783815,448,448.33,-42.52,-42.52,0,10.97
783820,448,447.64,-45.01,-45.01,0,10.97
783825,450,449.66,-47.01,-47.01,0,10.97
783830,450,450.35,-48.56,-48.56,0,10.97
783835,453,453.34,-49.69,-49.69,0,10.97
783840,456,455.66,-50.44,-50.44,0,10.97
783845,460,459.65,-50.86,-50.56,0,10.97
783850,462,462.33,-50.99,-50.56,0,10.97
783855,466,466.36,-50.87,-50.56,0,10.97
783860,469,468.68,-50.56,-50.56,0,10.97
783865,471,470.64,-50.1,-50.1,0,10.97
783870,473,473.3,-49.53,-49.53,0,10.97
783875,477,477.37,-48.9,-48.9,0,10.97
783880,479,478.71,-48.24,-48.24,0,10.97
783885,481,480.61,-47.59,-47.59,0,10.97
783890,481,481.28,-46.98,-46.98,0,10.97
783895,480,480.4,-46.44,-46.44,0,10.97
783900,481,480.74,-45.99,-45.99,0,10.97
783905,481,480.6,-45.66,-45.66,0,10.97
783910,476,476.25,-45.46,-45.66,0,10.97
783915,477,477.41,-45.4,-45.66,0,10.97
783920,474,473.77,-45.49,-45.66,0,10.97
783925,475,474.58,-45.73,-45.73,0,10.97
783931,470,470.21,-46.13,-46.13,0,10.97
783935,468,468.42,-46.68,-46.68,0,10.97
783940,464,463.8,-47.38,-47.38,0,10.97
783945,462,461.57,-48.22,-48.22,0,10.97
783950,457,457.18,-49.18,-49.18,0,10.97
783955,455,455.43,-50.26,-50.26,0,10.97
783960,453,452.83,-51.44,-51.44,0,10.97
783965,450,449.56,-52.71,-52.71,0,10.97
783970,446,446.15,-54.05,-54.05,0,10.97
783975,444,444.44,-55.45,-55.45,0,10.97
783980,442,441.87,-56.89,-56.89,0,10.97
783985,439,438.55,-58.37,-58.37,0,10.97
783990,436,436.11,-59.86,-59.86,0,10.97
783995,434,434.46,-61.35,-61.35,0,10.97
784000,435,434.92,-62.84,-62.84,0,10.97
784005,433,432.54,-64.3,-64.3,0,10.97
784010,432,432.06,-65.74,-65.74,0,10.97
784015,429,429.47,-67.14,-67.14,0,10.97
784020,427,426.97,-68.49,-68.49,0,10.97
784025,427,426.53,-69.8,-69.8,0,10.97
784030,426,426.01,-71.06,-71.06,0,10.97
784035,426,426.48,-72.25,-72.25,0,10.97
784040,425,425.01,-73.4,-73.4,0,10.97
784045,425,424.51,-74.48,-74.48,0,10.97
784050,426,425.97,-75.51,-75.51,0,10.97
784055,425,425.5,-76.48,-76.48,0,10.97
784060,424,424.05,-77.4,-77.4,0,10.97
784065,426,425.49,-78.27,-78.27,0,10.97
784070,428,427.94,-79.09,-79.09,0,10.97
784075,425,425.52,-79.86,-79.86,0,10.97
784080,427,427.07,-80.6,-80.6,0,10.97
784085,427,426.47,-81.3,-81.3,0,10.97
784090,428,427.92,-81.96,-81.96,0,10.97
784095,429,429.54,-82.59,-82.59,0,10.97
784100,429,429.09,-83.18,-83.18,0,10.97
784105,427,426.44,-83.73,-83.73,0,10.97
784110,430,429.9,-84.25,-84.25,0,10.97
784115,431,431.58,-84.72,-84.72,0,10.97
784120,432,432.12,-85.15,-85.15,0,10.97
784125,434,433.39,-85.52,-85.52,0,10.97
784130,436,435.87,-85.82,-85.82,0,10.97
784135,434,434.63,-86.05,-86.05,0,10.97
784140,435,435.13,-86.18,-86.05,0,10.97
784145,458,457.36,-86.2,-86.05,0,10.97
784150,437,436.86,-86.1,-86.05,0,10.97
784155,438,438.62,-85.84,-85.84,0,10.97
784160,437,437.14,-85.39,-85.39,0,10.97
784165,439,438.41,-84.74,-84.74,0,10.97
784170,440,439.86,-83.84,-83.84,0,10.97
784175,440,440.56,-82.67,-82.67,0,10.97
784180,441,441.15,-81.18,-81.18,0,10.97
784185,441,440.47,-79.34,-79.34,0,10.97
784190,439,438.85,-77.12,-77.12,0,10.97
784195,441,441.5,-74.47,-74.47,0,10.97
784200,442,442.16,-71.36,-71.36,0,10.97
784205,441,440.53,-67.75,-67.75,0,10.97
784210,442,441.83,-63.61,-63.61,0,10.97
784215,440,440.45,-58.91,-58.91,0,10.97
784220,441,441.18,-53.61,-53.61,0,10.97
784225,439,438.58,-47.7,-47.7,0,10.97
784230,439,438.81,-41.16,-41.16,0,10.97
784235,438,438.4,-33.97,-33.97,0,10.97
784240,439,439.2,-26.13,-26.13,0,10.97
784245,440,439.63,-17.65,-17.65,0,10.97
784250,439,438.78,-8.54,-8.54,0,10.97
784255,446,446.35,1.17,1.17,0,10.97
784260,453,453.24,11.43,11.43,0,10.97
784265,437,436.66,22.19,22.19,0,10.97
784270,473,472.74,33.4,33.4,0,10.97
784275,489,489.38,44.95,44.95,0,10.97
784280,510,510.29,56.77,56.77,0,10.97
784285,536,535.59,68.73,68.73,0,10.97
784290,582,581.7,80.73,80.73,0,10.97
784295,587,587.45,92.63,92.63,0,10.97
784300,613,613.29,104.32,104.32,0,10.97
784305,637,636.5,115.68,115.68,0,10.97
784310,655,654.74,126.56,126.56,0,10.97
784315,659,659.52,136.86,136.86,0,10.97
784320,705,705.24,146.45,146.45,0,10.97
784325,722,721.48,155.24,155.24,0,10.97
784330,733,732.76,163.12,163.12,0,10.97
784335,742,742.49,170.01,170.01,0,10.97
784340,751,751.23,175.83,175.83,0,10.97
784345,753,752.53,180.55,180.55,0,10.97
784350,755,754.76,184.1,184.1,0,10.97
784355,754,754.44,186.48,186.48,0,10.97
784360,749,749.23,187.68,186.48,0,10.97
784365,740,739.57,187.7,186.48,0,10.97
784370,734,733.77,186.57,186.48,0,10.97
784375,723,723.41,184.33,184.33,0,10.97
784380,715,715.23,181.01,181.01,0,10.97
784385,701,700.6,176.67,176.67,0,10.97
784390,690,689.76,171.39,171.39,0,10.97
784395,676,676.39,165.24,165.24,0,10.97
784400,661,661.24,158.29,158.29,0,10.97
784405,651,650.63,150.63,150.63,0,10.97
784410,639,638.76,142.35,142.35,0,10.97
784415,627,627.36,133.54,133.54,0,10.97
784420,614,614.24,124.28,124.28,0,10.97
784425,606,605.65,114.67,114.67,0,10.97
784430,593,592.77,104.79,104.79,0,10.97
784435,584,584.34,94.73,94.73,0,10.97
784440,572,572.23,84.58,84.58,0,10.97
784445,564,563.67,74.41,74.41,0,10.97
784450,555,554.78,64.29,64.29,0,10.97
784455,545,545.32,54.32,54.32,0,10.97
784460,537,537.22,44.54,44.54,0,10.97
784465,528,527.69,35.04,35.04,0,10.97
784470,519,518.79,25.86,25.86,0,10.97
784475,509,509.3,17.07,17.07,0,10.97
784480,499,499.2,8.71,8.71,0,10.97
784485,490,489.71,0.83,0.83,0,10.97
784490,481,480.8,-6.53,-6.53,0,10.97
784495,472,472.28,-13.33,-13.33,0,10.97
784500,465,465.19,-19.56,-19.56,0,10.97
784505,458,457.73,-25.19,-25.19,0,10.97
784510,452,451.82,-30.21,-30.21,0,10.97
784515,448,448.26,-34.61,-34.61,0,10.97
784520,442,442.18,-38.4,-38.4,0,10.97
784525,441,440.75,-41.58,-41.58,0,10.97
784530,442,441.83,-44.18,-44.18,0,10.97
784535,444,444.25,-46.22,-46.22,0,10.97
784540,444,444.16,-47.73,-47.73,0,10.97
784545,451,450.75,-48.75,-48.75,0,10.97
784550,452,451.85,-49.32,-48.77,0,10.97
784555,455,455.24,-49.48,-48.77,0,10.97
784560,459,459.14,-49.28,-48.77,0,10.97
784565,464,463.76,-48.77,-48.77,0,10.97
784570,466,465.88,-48.0,-48.0,0,10.97
784575,474,474.23,-47.04,-47.04,0,10.97
784580,478,478.11,-45.92,-45.92,0,10.97
784585,481,480.77,-44.69,-44.69,0,10.97
784590,484,483.89,-43.42,-43.42,0,10.97
784595,488,488.23,-42.13,-42.13,0,10.97
784600,489,489.11,-40.87,-40.87,0,10.97
784605,489,488.77,-39.69,-39.69,0,10.97
784610,492,491.9,-38.61,-38.61,0,10.97
784615,491,491.23,-37.65,-37.65,0,10.97
784620,491,491.1,-36.86,-36.86,0,10.97
784625,481,480.76,-36.23,-36.23,0,10.97
784630,489,488.91,-35.8,-35.8,0,10.97
784635,485,485.27,-35.57,-35.8,0,10.97
784640,481,481.08,-35.54,-35.8,0,10.97
784645,479,478.7,-35.72,-35.8,0,10.97
784650,479,478.93,-36.11,-36.11,0,10.97
784655,474,474.33,-36.71,-36.71,0,10.97
784660,475,475.06,-37.51,-37.51,0,10.97
784665,471,470.64,-38.5,-38.5,0,10.97
784670,464,463.95,-39.68,-39.68,0,10.97
784675,462,462.39,-41.02,-41.02,0,10.97
784680,460,460.05,-42.52,-42.52,0,10.97
784685,457,456.59,-44.16,-44.16,0,10.97
784690,454,453.96,-45.93,-45.93,0,10.97
784695,450,450.44,-47.81,-47.81,0,10.97
784700,448,448.04,-49.79,-49.79,0,10.97
784705,446,445.53,-51.84,-51.84,0,10.97
784710,444,443.96,-53.96,-53.96,0,10.97
784715,441,441.49,-56.14,-56.14,0,10.97
784720,437,437.03,-58.35,-58.35,0,10.97
784725,438,437.48,-60.59,-60.59,0,10.97
784730,436,435.98,-62.84,-62.84,0,10.97
784735,435,435.55,-65.09,-65.09,0,10.97
784740,436,436.02,-67.34,-67.34,0,10.97
784745,458,457.44,-69.56,-69.56,0,10.97
784750,431,430.99,-71.76,-71.76,0,10.97
784755,436,436.54,-73.92,-73.92,0,10.97
784760,430,430.01,-76.02,-76.02,0,10.97
784765,430,429.49,-78.05,-78.05,0,10.97
784770,431,430.99,-80.0,-80.0,0,10.97
784775,431,431.49,-81.85,-81.85,0,10.97
784780,433,433.0,-83.58,-83.58,0,10.97
784785,432,431.53,-85.19,-85.19,0,10.97
784790,432,432.0,-86.64,-86.64,0,10.97
784795,432,432.45,-87.94,-87.94,0,10.97
784800,430,430.0,-89.04,-89.04,0,10.97
784805,432,431.57,-89.93,-89.93,0,10.97
784810,432,432.0,-90.59,-90.59,0,10.97
784815,433,433.41,-90.98,-90.59,0,10.97
784820,433,432.99,-91.09,-90.59,0,10.97
784825,433,432.6,-90.89,-90.59,0,10.97
784830,434,434.01,-90.34,-90.34,0,10.97
784835,433,433.39,-89.41,-89.41,0,10.97
784840,433,432.98,-88.07,-88.07,0,10.97
784845,434,433.63,-86.29,-86.29,0,10.97
784850,435,435.03,-84.04,-84.04,0,10.97
784855,435,435.36,-81.28,-81.28,0,10.97
784860,433,432.96,-77.98,-77.98,0,10.97
784865,435,434.65,-74.11,-74.11,0,10.97
784870,433,433.05,-69.64,-69.64,0,10.97
784875,434,434.34,-64.55,-64.55,0,10.97
784880,434,433.94,-58.82,-58.82,0,10.97
784885,433,432.67,-52.43,-52.43,0,10.97
784890,431,431.07,-45.38,-45.38,0,10.97
784895,434,434.32,-37.65,-37.65,0,10.97
784900,433,432.92,-29.26,-29.26,0,10.97
784905,438,437.69,-20.23,-20.23,0,10.97
784910,439,439.09,-10.58,-10.58,0,10.97
784915,445,445.31,-0.34,-0.34,0,10.97
784920,455,454.91,10.42,10.42,0,10.97
784925,465,464.71,21.65,21.65,0,10.97
784930,479,479.1,33.27,33.27,0,10.97
784935,498,498.29,45.2,45.2,0,10.97
784940,517,516.9,57.33,57.33,0,10.97
784945,541,540.72,69.55,69.55,0,10.97
784950,566,566.11,81.75,81.75,0,10.97
784955,593,593.28,93.8,93.8,0,10.97
784960,618,617.89,105.57,105.57,0,10.97
784965,643,642.72,116.95,116.95,0,10.97
784970,666,666.11,127.8,127.8,0,10.97
784975,686,686.27,138.0,138.0,0,10.97
784980,704,703.88,147.45,147.45,0,10.97
784985,721,720.73,156.04,156.04,0,10.97
784990,733,733.13,163.67,163.67,0,10.97
784995,742,742.27,170.29,170.29,0,10.97
785000,747,746.86,175.81,175.81,0,10.97
785005,751,750.73,180.19,180.19,0,10.97
785010,751,751.15,183.41,183.41,0,10.97
785015,749,749.26,185.44,184.47,0,10.97
785020,745,744.83,186.28,184.47,0,10.97
785025,739,738.74,185.95,184.47,0,10.97
785030,728,728.18,184.47,184.47,0,10.97
785035,718,718.26,181.89,181.89,0,10.97
785040,704,703.81,178.25,178.25,0,10.97
785045,699,698.75,173.61,173.61,0,10.97
785050,676,676.2,168.05,168.05,0,10.97
785055,672,672.24,161.64,161.64,0,10.97
785060,660,659.8,154.46,154.46,0,10.97
785065,645,644.77,146.59,146.59,0,10.97
785070,634,634.2,138.12,138.12,0,10.97
785075,620,620.22,129.14,129.14,0,10.97
785080,611,610.8,119.74,119.74,0,10.97
785085,601,600.79,110.01,110.01,0,10.97
785090,590,590.2,100.03,100.03,0,10.97
785095,580,580.2,89.88,89.88,0,10.97
785100,568,567.8,79.66,79.66,0,10.97
785105,560,559.82,69.44,69.44,0,10.97
785110,550,550.2,59.3,59.3,0,10.97
785115,541,541.17,49.31,49.31,0,10.97
785120,530,529.8,39.53,39.53,0,10.97
785125,523,522.84,30.03,30.03,0,10.97
785130,511,511.21,20.87,20.87,0,10.97
785135,501,501.15,12.1,12.1,0,10.97
785140,491,490.79,3.78,3.78,0,10.97
785145,483,482.87,-4.06,-4.06,0,10.97
785150,474,474.22,-11.38,-11.38,0,10.97
785155,467,467.11,-18.15,-18.15,0,10.97
785160,468,467.77,-24.35,-24.35,0,10.97
785165,456,455.9,-29.96,-29.96,0,10.97
785170,447,447.22,-34.96,-34.96,0,10.97
785175,443,443.08,-39.37,-39.37,0,10.97
785180,441,440.8,-43.18,-43.18,0,10.97
785185,439,438.95,-46.41,-46.41,0,10.97
785190,441,441.19,-49.07,-49.07,0,10.97
785195,441,441.03,-51.18,-51.18,0,10.97
785200,443,442.82,-52.79,-52.79,0,10.97
785205,445,444.99,-53.92,-53.92,0,10.97
785210,448,448.17,-54.62,-54.56,0,10.97
785215,453,452.99,-54.93,-54.56,0,10.97
785220,456,455.85,-54.89,-54.56,0,10.97
785225,460,460.03,-54.56,-54.56,0,10.97
785230,464,464.14,-53.97,-53.97,0,10.97
785235,467,466.95,-53.2,-53.2,0,10.97
785240,470,469.87,-52.27,-52.27,0,10.97
785245,474,474.07,-51.23,-51.23,0,10.97
785250,476,476.12,-50.14,-50.14,0,10.97
785255,479,478.91,-49.03,-49.03,0,10.97
785260,482,481.89,-47.95,-47.95,0,10.97
785265,483,483.11,-46.92,-46.92,0,10.97
785270,483,483.1,-45.97,-45.97,0,10.97
785275,484,483.87,-45.14,-45.14,0,10.97
785280,483,482.91,-44.44,-44.44,0,10.97
785285,485,485.15,-43.89,-43.89,0,10.97
785290,480,480.08,-43.51,-43.51,0,10.97
785295,479,478.82,-43.3,-43.51,0,10.97
785300,475,474.93,-43.26,-43.51,0,10.97
785305,474,474.21,-43.4,-43.51,0,10.97
785310,471,471.06,-43.71,-43.71,0,10.97
785315,468,467.76,-44.18,-44.18,0,10.97
785320,464,463.95,-44.81,-44.81,0,10.97
785325,464,464.27,-45.59,-45.59,0,10.97
785330,460,460.04,-46.51,-46.51,0,10.97
785335,458,457.69,-47.54,-47.54,0,10.97
785340,454,453.96,-48.68,-48.68,0,10.97
785345,452,452.34,-49.92,-49.92,0,10.97
785350,449,449.03,-51.22,-51.22,0,10.97
785355,445,444.62,-52.59,-52.59,0,10.97
785360,445,444.97,-54.0,-54.0,0,10.97
785365,443,443.42,-55.44,-55.44,0,10.97
785370,441,441.02,-56.9,-56.9,0,10.97
785375,445,444.54,-58.36,-58.36,0,10.97
785380,436,435.98,-59.82,-59.82,0,10.97
785385,435,435.5,-61.26,-61.26,0,10.97
785390,435,435.02,-62.67,-62.67,0,10.97
785395,434,433.47,-64.04,-64.04,0,10.97
785400,433,432.98,-65.38,-65.38,0,10.97
785405,429,429.55,-66.67,-66.67,0,10.97
785410,431,431.02,-67.91,-67.91,0,10.97
785415,429,428.42,-69.1,-69.1,0,10.97
785420,430,429.98,-70.24,-70.24,0,10.97
785425,430,430.6,-71.32,-71.32,0,10.97
785430,427,427.02,-72.36,-72.36,0,10.97
785435,430,429.37,-73.35,-73.35,0,10.97
785440,429,428.99,-74.3,-74.3,0,10.97
785445,429,429.66,-75.21,-75.21,0,10.97
785450,432,432.01,-76.08,-76.08,0,10.97
785455,430,429.3,-76.93,-76.93,0,10.97
785460,433,433.0,-77.75,-77.75,0,10.97
785465,431,431.73,-78.56,-78.56,0,10.97
785470,432,432.0,-79.34,-79.34,0,10.97
785475,431,430.23,-80.11,-80.11,0,10.97
785480,431,431.01,-80.87,-80.87,0,10.97
785485,432,432.8,-81.61,-81.61,0,10.97
785490,433,432.99,-82.34,-82.34,0,10.97
785495,432,431.15,-83.06,-83.06,0,10.97
785500,433,433.01,-83.75,-83.75,0,10.97
785505,433,433.89,-84.41,-84.41,0,10.97
785510,435,434.99,-85.04,-85.04,0,10.97
785515,437,436.07,-85.63,-85.63,0,10.97
785520,437,437.01,-86.16,-86.16,0,10.97
785525,440,440.98,-86.61,-86.61,0,10.97
785530,439,438.99,-86.97,-86.97,0,10.97
785535,441,439.97,-87.22,-87.05,0,10.97
785540,441,441.01,-87.34,-87.05,0,10.97
785545,416,417.07,-87.29,-87.05,0,10.97
785550,441,440.99,-87.05,-87.05,0,10.97
785555,446,444.93,-86.59,-86.59,0,10.97
785560,443,443.02,-85.87,-85.87,0,10.97
785565,444,445.05,-84.87,-84.87,0,10.97
785570,444,443.98,-83.54,-83.54,0,10.97
785575,443,441.97,-81.85,-81.85,0,10.97
785580,443,443.02,-79.76,-79.76,0,10.97
785585,444,445.02,-77.22,-77.22,0,10.97
785590,451,450.98,-74.2,-74.2,0,10.97
785595,443,441.98,-70.66,-70.66,0,10.97
785600,440,440.0,-66.56,-66.56,0,10.97
785605,428,429.0,-61.86,-61.86,0,10.97
785610,442,442.02,-56.52,-56.52,0,10.97
785615,442,441.03,-50.53,-50.53,0,10.97
785620,443,442.95,-43.86,-43.86,0,10.97
785625,442,442.93,-36.48,-36.48,0,10.97
785630,444,444.08,-28.41,-28.41,0,10.97
785635,442,441.1,-19.63,-19.63,0,10.97
785640,444,443.9,-10.16,-10.16,0,10.97
785645,448,448.87,-0.02,-0.02,0,10.97
785650,452,452.14,10.76,10.76,0,10.97
785655,459,458.16,22.11,22.11,0,10.97
785660,471,470.84,33.99,33.99,0,10.97
785665,485,485.82,46.32,46.32,0,10.97
785670,505,505.2,59.0,59.0,0,10.97
785675,531,530.21,71.93,71.93,0,10.97
785680,555,554.77,84.99,84.99,0,10.97
785685,581,581.77,98.06,98.06,0,10.97
785690,611,611.26,111.01,111.01,0,10.97
785695,641,640.26,123.71,123.71,0,10.97
785700,668,667.71,136.02,136.02,0,10.97
785705,691,691.7,147.8,147.8,0,10.97
785710,716,716.31,158.93,158.93,0,10.97
785715,735,734.33,169.29,169.29,0,10.97
785720,751,750.65,178.77,178.77,0,10.97
785725,765,765.64,187.28,187.28,0,10.97
785730,775,775.38,194.72,194.72,0,10.97
785735,779,778.38,201.05,201.05,0,10.97
785740,784,783.58,206.2,206.2,0,10.97
785745,785,785.59,210.14,210.14,0,10.97
785750,758,758.44,212.86,212.86,0,10.97
785755,777,776.43,214.35,212.86,0,10.97
785760,771,770.57,214.62,212.86,0,10.97
785765,762,762.56,213.7,212.86,0,10.97
785770,752,752.4,211.62,211.62,0,10.97
785775,740,739.46,208.44,208.44,0,10.97
785780,728,727.62,204.21,204.21,0,10.97
785785,715,715.53,199.01,199.01,0,10.97
785790,703,703.35,192.9,192.9,0,10.97
785795,692,691.48,185.96,185.96,0,10.97
785800,678,677.67,178.28,178.28,0,10.97
785805,664,664.5,169.95,169.95,0,10.97
785810,653,653.31,161.05,161.05,0,10.97
785815,642,641.51,151.68,151.68,0,10.97
785820,630,629.72,141.91,141.91,0,10.97
785825,620,620.47,131.83,131.83,0,10.97
785830,615,615.27,121.53,121.53,0,10.97
785835,603,602.55,111.09,111.09,0,10.97
785840,591,590.74,100.58,100.58,0,10.97
785845,581,581.43,90.07,90.07,0,10.97
785850,575,575.25,79.65,79.65,0,10.97
785855,565,564.59,69.37,69.37,0,10.97
785860,556,555.75,59.3,59.3,0,10.97
785865,549,549.39,49.49,49.49,0,10.97
785870,536,536.25,39.99,39.99,0,10.97
785875,528,527.63,30.87,30.87,0,10.97
785880,520,519.75,22.15,22.15,0,10.97
785885,509,509.35,13.89,13.89,0,10.97
785890,499,499.24,6.11,6.11,0,10.97
785895,490,489.66,-1.15,-1.15,0,10.97
785900,485,484.77,-7.88,-7.88,0,10.97
785905,476,476.33,-14.05,-14.05,0,10.97
785910,469,469.22,-19.66,-19.66,0,10.97
785915,466,465.68,-24.69,-24.69,0,10.97
785920,461,460.79,-29.17,-29.17,0,10.97
785925,458,458.31,-33.08,-33.08,0,10.97
785930,457,457.2,-36.46,-36.46,0,10.97
785935,456,455.71,-39.31,-39.31,0,10.97
785940,461,460.82,-41.67,-41.67,0,10.97
785945,459,459.28,-43.57,-43.57,0,10.97
785950,460,460.16,-45.04,-45.04,0,10.97
785955,463,462.73,-46.13,-46.13,0,10.97
785960,465,464.86,-46.86,-46.86,0,10.97
785965,468,468.27,-47.3,-47.22,0,10.97
785970,472,472.12,-47.47,-47.22,0,10.97
785975,472,471.74,-47.43,-47.22,0,10.97
785980,476,475.9,-47.22,-47.22,0,10.97
785985,479,479.26,-46.88,-46.88,0,10.97
785990,481,481.08,-46.46,-46.46,0,10.97
785995,487,486.74,-45.99,-45.99,0,10.97
786000,486,485.94,-45.51,-45.51,0,10.97
786005,484,484.25,-45.06,-45.06,0,10.97
786010,485,485.04,-44.66,-44.66,0,10.97
786015,484,483.77,-44.34,-44.34,0,10.97
786020,485,484.98,-44.11,-44.17,0,10.97
786025,482,482.22,-44.0,-44.17,0,10.97
786030,482,481.99,-44.02,-44.17,0,10.97
786035,480,479.79,-44.17,-44.17,0,10.97
786040,478,478.03,-44.48,-44.48,0,10.97
786045,475,475.2,-44.92,-44.92,0,10.97
786050,474,473.94,-45.51,-45.51,0,10.97
786055,471,470.81,-46.25,-46.25,0,10.97
786060,468,468.08,-47.12,-47.12,0,10.97
786065,466,466.17,-48.11,-48.11,0,10.97
786070,462,461.9,-49.22,-49.22,0,10.97
786075,459,458.84,-50.43,-50.43,0,10.97
786080,457,457.13,-51.73,-51.73,0,10.97
786085,451,451.15,-53.11,-53.11,0,10.97
786090,450,449.85,-54.54,-54.54,0,10.97
786095,448,447.87,-56.02,-56.02,0,10.97
786100,445,445.18,-57.53,-57.53,0,10.97
786105,442,442.12,-59.06,-59.06,0,10.97
786110,440,439.79,-60.58,-60.58,0,10.97
786115,439,438.9,-62.1,-62.1,0,10.97
786120,432,432.24,-63.59,-63.59,0,10.97
786125,434,434.08,-65.05,-65.05,0,10.97
786130,434,433.74,-66.48,-66.48,0,10.97
786135,433,432.94,-67.85,-67.85,0,10.97
786140,431,431.27,-69.17,-69.17,0,10.97
786145,431,431.04,-70.44,-70.44,0,10.97
786150,431,430.71,-71.65,-71.65,0,10.97
786155,429,428.98,-72.8,-72.8,0,10.97
786160,420,420.3,-73.89,-73.89,0,10.97
786165,430,430.0,-74.93,-74.93,0,10.97
786170,437,436.71,-75.91,-75.91,0,10.97
786175,426,426.02,-76.85,-76.85,0,10.97
786180,431,431.27,-77.74,-77.74,0,10.97
786185,430,429.97,-78.59,-78.59,0,10.97
786190,429,428.76,-79.41,-79.41,0,10.97
786195,430,430.04,-80.19,-80.19,0,10.97
786200,430,430.22,-80.96,-80.96,0,10.97
786205,430,429.95,-81.7,-81.7,0,10.97
786210,431,430.81,-82.42,-82.42,0,10.97
786215,430,430.06,-83.13,-83.13,0,10.97
786220,430,430.17,-83.83,-83.83,0,10.97
786225,431,430.93,-84.51,-84.51,0,10.97
786230,432,431.85,-85.19,-85.19,0,10.97
786235,430,430.07,-85.85,-85.85,0,10.97
786240,433,433.12,-86.5,-86.5,0,10.97
786245,434,433.92,-87.12,-87.12,0,10.97
786250,434,433.9,-87.72,-87.72,0,10.97
786255,434,434.08,-88.28,-88.28,0,10.97
786260,436,436.07,-88.79,-88.79,0,10.97
786265,436,435.92,-89.23,-89.23,0,10.97
786270,437,436.95,-89.59,-89.59,0,10.97
786275,438,438.08,-89.86,-89.82,0,10.97
786280,438,438.03,-90.0,-89.82,0,10.97
786285,439,438.92,-90.0,-89.82,0,10.97
786290,440,440.0,-89.82,-89.82,0,10.97
786295,440,440.08,-89.44,-89.44,0,10.97
786300,442,441.98,-88.83,-88.83,0,10.97
786305,440,439.92,-87.94,-87.94,0,10.97
786310,431,431.04,-86.75,-86.75,0,10.97
786315,440,440.09,-85.21,-85.21,0,10.97
786320,440,439.96,-83.28,-83.28,0,10.97
786325,440,439.91,-80.94,-80.94,0,10.97
786330,442,442.03,-78.13,-78.13,0,10.97
786335,438,438.09,-74.83,-74.83,0,10.97
786340,442,441.97,-70.99,-70.99,0,10.97
786345,441,440.91,-66.58,-66.58,0,10.97
786350,441,441.03,-61.58,-61.58,0,10.97
786355,442,442.09,-55.94,-55.94,0,10.97
786360,441,440.98,-49.66,-49.66,0,10.97
786365,440,439.91,-42.71,-42.71,0,10.97
786370,440,440.02,-35.08,-35.08,0,10.97
786375,440,440.09,-26.78,-26.78,0,10.97
786380,441,440.99,-17.81,-17.81,0,10.97
786385,439,438.91,-8.19,-8.19,0,10.97
786390,447,447.01,2.04,2.04,0,10.97
786395,455,455.1,12.85,12.85,0,10.97
786400,464,464.0,24.17,24.17,0,10.97
786405,480,479.89,35.93,35.93,0,10.97
786410,498,498.01,48.05,48.05,0,10.97
786415,517,517.13,60.42,60.42,0,10.97
786420,543,543.0,72.94,72.94,0,10.97
786425,567,566.86,85.48,85.48,0,10.97
786430,595,595.0,97.93,97.93,0,10.97
786435,625,625.15,110.15,110.15,0,10.97
786440,649,649.0,122.01,122.01,0,10.97
786445,675,674.83,133.38,133.38,0,10.97
786450,698,697.99,144.13,144.13,0,10.97
786455,717,717.19,154.15,154.15,0,10.97
786460,733,733.0,163.33,163.33,0,10.97
786465,747,746.79,171.56,171.56,0,10.97
786470,757,756.99,178.78,178.78,0,10.97
786475,764,764.22,184.9,184.9,0,10.97
786480,766,766.0,189.88,189.88,0,10.97
786485,768,767.75,193.68,193.68,0,10.97
786490,766,766.0,196.28,196.28,0,10.97
786495,762,762.27,197.67,196.28,0,10.97
786500,755,754.99,197.87,196.28,0,10.97
786505,746,745.71,196.89,196.28,0,10.97
786510,735,735.01,194.79,194.79,0,10.97
786515,724,724.32,191.59,191.59,0,10.97
786520,714,713.98,187.37,187.37,0,10.97
786525,701,700.66,182.2,182.2,0,10.97
786530,688,688.01,176.13,176.13,0,10.97
786535,677,677.37,169.26,169.26,0,10.97
786540,665,664.99,161.67,161.67,0,10.97
786545,653,652.61,153.44,153.44,0,10.97
786550,641,641.01,144.67,144.67,0,10.97
786555,631,631.42,135.43,135.43,0,10.97
786560,618,617.99,125.83,125.83,0,10.97
786565,609,608.55,115.95,115.95,0,10.97
786570,599,599.0,105.87,105.87,0,10.97
786575,589,589.48,95.67,95.67,0,10.97
786580,578,578.0,85.44,85.44,0,10.97
786585,570,569.48,75.26,75.26,0,10.97
786590,551,551.0,65.19,65.19,0,10.97
786595,527,527.53,55.3,55.3,0,10.97
786600,542,542.01,45.67,45.67,0,10.97
786605,533,532.48,36.33,36.33,0,10.97
786610,535,534.97,27.35,27.35,0,10.97
786615,516,516.49,18.77,18.77,0,10.97
786620,506,506.03,10.63,10.63,0,10.97
786625,498,497.54,2.97,2.97,0,10.97
786630,489,488.98,-4.17,-4.17,0,10.97
786635,481,481.44,-10.79,-10.79,0,10.97
786640,474,474.01,-16.84,-16.84,0,10.97
786645,468,467.59,-22.33,-22.33,0,10.97
786650,464,464.0,-27.25,-27.25,0,10.97
786655,460,460.39,-31.58,-31.58,0,10.97
786660,458,458.0,-35.36,-35.36,0,10.97
786665,456,455.63,-38.57,-38.57,0,10.97
786670,453,453.01,-41.25,-41.25,0,10.97
786675,455,455.34,-43.42,-43.42,0,10.97
786680,454,453.98,-45.1,-45.1,0,10.97
786685,457,456.68,-46.34,-46.34,0,10.97
786690,459,459.02,-47.17,-47.17,0,10.97
786695,463,463.31,-47.63,-47.25,0,10.97
786700,465,464.97,-47.77,-47.25,0,10.97
786705,467,466.71,-47.62,-47.25,0,10.97
786710,476,476.04,-47.25,-47.25,0,10.97
786715,476,476.28,-46.7,-46.7,0,10.97
786720,479,478.94,-46.0,-46.0,0,10.97
786725,483,482.73,-45.21,-45.21,0,10.97
786730,484,484.07,-44.37,-44.37,0,10.97
786735,486,486.26,-43.53,-43.53,0,10.97
786740,488,487.91,-42.7,-42.7,0,10.97
786745,491,490.76,-41.94,-41.94,0,10.97
786750,488,488.11,-41.26,-41.26,0,10.97
786755,491,491.23,-40.7,-40.7,0,10.97
786760,488,487.88,-40.27,-40.27,0,10.97
786765,486,485.78,-39.99,-40.16,0,10.97
786770,484,484.14,-39.87,-40.16,0,10.97
786775,483,483.21,-39.93,-40.16,0,10.97
786780,480,479.85,-40.16,-40.16,0,10.97
786785,477,476.8,-40.57,-40.57,0,10.97
786790,472,472.16,-41.16,-41.16,0,10.97
786795,473,473.2,-41.92,-41.92,0,10.97
786800,470,469.83,-42.85,-42.85,0,10.97
786805,468,467.8,-43.94,-43.94,0,10.97
786810,464,464.17,-45.18,-45.18,0,10.97
786815,462,462.19,-46.55,-46.55,0,10.97
786820,458,457.82,-48.06,-48.06,0,10.97
786825,455,454.81,-49.67,-49.67,0,10.97
786830,453,453.19,-51.39,-51.39,0,10.97
786835,446,446.19,-53.19,-53.19,0,10.97
786840,450,449.81,-55.06,-55.06,0,10.97
786845,446,445.82,-57.0,-57.0,0,10.97
786850,440,440.2,-58.98,-58.98,0,10.97
786855,442,442.17,-60.99,-60.99,0,10.97
786860,440,439.81,-63.03,-63.03,0,10.97
786865,438,437.84,-65.07,-65.07,0,10.97
786870,438,438.19,-67.12,-67.12,0,10.97
786875,437,437.15,-69.16,-69.16,0,10.97
786880,434,433.82,-71.19,-71.19,0,10.97
786885,433,432.85,-73.19,-73.19,0,10.97
786890,433,433.18,-75.15,-75.15,0,10.97
786895,432,432.14,-77.07,-77.07,0,10.97
786900,435,434.82,-78.94,-78.94,0,10.97
786905,431,430.86,-80.74,-80.74,0,10.97
786910,431,431.17,-82.48,-82.48,0,10.97
786915,431,431.14,-84.14,-84.14,0,10.97
786920,432,431.84,-85.72,-85.72,0,10.97
786925,431,430.86,-87.19,-87.19,0,10.97
786930,430,430.15,-88.55,-88.55,0,10.97
786935,415,415.13,-89.79,-89.79,0,10.97
786940,431,430.86,-90.89,-90.89,0,10.97
786945,431,430.91,-91.84,-91.84,0,10.97
786950,433,433.13,-92.62,-92.62,0,10.97
786955,433,433.05,-93.22,-93.22,0,10.97
786960,434,433.88,-93.61,-93.35,0,10.97
786965,434,433.99,-93.78,-93.35,0,10.97
786970,436,436.11,-93.7,-93.35,0,10.97
786975,437,436.97,-93.35,-93.35,0,10.97
786980,437,436.9,-92.71,-92.71,0,10.97
786985,435,435.07,-91.74,-91.74,0,10.97
786990,436,436.09,-90.42,-90.42,0,10.97
786995,443,442.9,-88.71,-88.71,0,10.97
787000,438,437.92,-86.59,-86.59,0,10.97
787005,435,435.12,-84.01,-84.01,0,10.97
787010,439,439.07,-80.96,-80.96,0,10.97
787015,438,437.87,-77.4,-77.4,0,10.97
787020,438,437.94,-73.3,-73.3,0,10.97
787025,438,438.14,-68.63,-68.63,0,10.97
787030,438,438.05,-63.37,-63.37,0,10.97
787035,437,436.85,-57.5,-57.5,0,10.97
787040,438,437.95,-51.0,-51.0,0,10.97
787045,440,440.17,-43.87,-43.87,0,10.97
787050,438,438.04,-36.11,-36.11,0,10.97
787055,440,439.82,-27.72,-27.72,0,10.97
787060,440,439.97,-18.71,-18.71,0,10.97
787065,441,441.2,-9.13,-9.13,0,10.97
787070,450,450.02,1.0,1.0,0,10.97
787075,457,456.79,11.63,11.63,0,10.97
787080,471,470.99,22.68,22.68,0,10.97
787085,481,481.23,34.08,34.08,0,10.97
787090,502,502.01,45.74,45.74,0,10.97
787095,523,522.77,57.57,57.57,0,10.97
787100,549,549.01,69.44,69.44,0,10.97
787105,573,573.24,81.24,81.24,0,10.97
787110,602,601.98,92.86,92.86,0,10.97
787115,624,623.75,104.15,104.15,0,10.97
787120,652,652.03,115.0,115.0,0,10.97
787125,671,671.26,125.29,125.29,0,10.97
787130,693,692.95,134.89,134.89,0,10.97
787135,710,709.73,143.71,143.71,0,10.97
787140,722,722.06,151.63,151.63,0,10.97
787145,733,733.27,158.59,158.59,0,10.97
787150,742,741.93,164.51,164.51,0,10.97
787155,748,747.72,169.32,169.32,0,10.97
787160,747,747.07,173.0,173.0,0,10.97
787165,747,747.28,175.52,175.52,0,10.97
787170,743,742.92,176.86,175.52,0,10.97
787175,737,736.71,177.03,175.52,0,10.97
787180,730,730.09,176.05,175.52,0,10.97
787185,721,721.29,173.96,173.96,0,10.97
787190,712,711.9,170.8,170.8,0,10.97
787195,698,697.7,166.62,166.62,0,10.97
787200,689,689.1,161.49,161.49,0,10.97
787205,664,664.3,155.48,155.48,0,10.97
787210,661,660.89,148.67,148.67,0,10.97
787215,652,651.71,141.15,141.15,0,10.97
787220,637,637.12,133.0,133.0,0,10.97
787225,624,624.26,124.3,124.3,0,10.97
787230,616,615.87,115.16,115.16,0,10.97
787235,602,601.76,105.65,105.65,0,10.97
787240,592,592.14,95.88,95.88,0,10.97
787245,581,581.21,85.92,85.92,0,10.97
787250,571,570.85,75.86,75.86,0,10.97
787255,559,558.81,65.79,65.79,0,10.97
787260,551,551.16,55.79,55.79,0,10.97
787265,541,541.17,45.92,45.92,0,10.97
787270,531,530.83,36.27,36.27,0,10.97
787275,521,520.85,26.89,26.89,0,10.97
787280,512,512.18,17.86,17.86,0,10.97
787285,502,502.13,9.22,9.22,0,10.97
787290,495,494.82,1.03,1.03,0,10.97
787295,486,485.89,-6.67,-6.67,0,10.97
787300,476,476.19,-13.84,-13.84,0,10.97
787305,469,469.1,-20.44,-20.44,0,10.97
787310,464,463.8,-26.46,-26.46,0,10.97
787315,456,455.93,-31.88,-31.88,0,10.97
787320,450,450.2,-36.68,-36.68,0,10.97
787325,448,448.06,-40.86,-40.86,0,10.97
787330,445,444.81,-44.43,-44.43,0,10.97
787335,440,439.96,-47.4,-47.4,0,10.97
787340,445,445.2,-49.79,-49.79,0,10.97
787345,446,446.03,-51.63,-51.63,0,10.97
787350,447,446.8,-52.94,-52.94,0,10.97
787355,450,449.98,-53.77,-53.77,0,10.97
787360,454,454.2,-54.16,-53.77,0,10.97
787365,458,458.02,-54.14,-53.77,0,10.97
787370,462,461.8,-53.78,-53.77,0,10.97
787375,466,465.99,-53.12,-53.12,0,10.97
787380,469,469.21,-52.22,-52.22,0,10.97
787385,475,475.01,-51.11,-51.11,0,10.97
787390,477,476.79,-49.87,-49.87,0,10.97
787395,481,480.99,-48.52,-48.52,0,10.97
787400,485,485.22,-47.13,-47.13,0,10.97
787405,488,488.01,-45.74,-45.74,0,10.97
787410,490,489.78,-44.38,-44.38,0,10.97
787415,493,492.99,-43.1,-43.1,0,10.97
787420,489,489.23,-41.93,-41.93,0,10.97
787425,493,493.01,-40.89,-40.89,0,10.97
787430,491,490.77,-40.01,-40.01,0,10.97
787435,489,488.99,-39.32,-39.32,0,10.97
787440,484,484.22,-38.82,-38.82,0,10.97
787445,486,486.01,-38.53,-38.82,0,10.97
787450,485,484.78,-38.45,-38.82,0,10.97
787455,483,482.99,-38.6,-38.82,0,10.97
787460,480,480.2,-38.96,-38.96,0,10.97
787465,478,478.01,-39.54,-39.54,0,10.97
787470,475,474.81,-40.34,-40.34,0,10.97
787475,472,471.99,-41.34,-41.34,0,10.97
787480,469,469.18,-42.54,-42.54,0,10.97
787485,466,466.01,-43.93,-43.93,0,10.97
787490,464,463.83,-45.48,-45.48,0,10.97
787495,460,459.99,-47.2,-47.2,0,10.97
787500,459,459.16,-49.05,-49.05,0,10.97
787505,455,455.01,-51.04,-51.04,0,10.97
787510,454,453.85,-53.13,-53.13,0,10.97
787515,454,453.99,-55.32,-55.32,0,10.97
787520,450,450.14,-57.59,-57.59,0,10.97
787525,448,448.0,-59.93,-59.93,0,10.97
787530,447,446.87,-62.3,-62.3,0,10.97
787535,444,444.0,-64.71,-64.71,0,10.97
787540,443,443.12,-67.12,-67.12,0,10.97
787545,442,441.99,-69.52,-69.52,0,10.97
787550,440,439.89,-71.91,-71.91,0,10.97
787555,440,440.01,-74.24,-74.24,0,10.97
787560,441,441.1,-76.52,-76.52,0,10.97
787565,438,437.98,-78.71,-78.71,0,10.97
787570,439,438.91,-80.81,-80.81,0,10.97
787575,438,438.03,-82.79,-82.79,0,10.97
787580,437,437.09,-84.62,-84.62,0,10.97
787585,438,437.97,-86.29,-86.29,0,10.97
787590,438,437.92,-87.78,-87.78,0,10.97
787595,437,437.04,-89.05,-89.05,0,10.97
787600,437,437.07,-90.08,-90.08,0,10.97
787605,438,437.96,-90.85,-90.85,0,10.97
787610,439,438.94,-91.33,-90.85,0,10.97
787615,439,439.05,-91.48,-90.85,0,10.97
787620,439,439.05,-91.27,-90.85,0,10.97
787625,439,438.95,-90.68,-90.68,0,10.97
787630,440,439.96,-89.67,-89.67,0,10.97
787635,438,438.06,-88.2,-88.2,0,10.97
787640,438,438.03,-86.25,-86.25,0,10.97
787645,438,437.94,-83.77,-83.77,0,10.97
787650,437,436.99,-80.74,-80.74,0,10.97
787655,437,437.07,-77.12,-77.12,0,10.97
787660,438,438.0,-72.89,-72.89,0,10.97
787665,437,436.93,-68.03,-68.03,0,10.97
787670,437,437.01,-62.5,-62.5,0,10.97
787675,438,438.08,-56.3,-56.3,0,10.97
787680,437,436.98,-49.41,-49.41,0,10.97
787685,438,437.92,-41.84,-41.84,0,10.97
787690,440,440.04,-33.59,-33.59,0,10.97
787695,440,440.09,-24.67,-24.67,0,10.97
787700,441,440.95,-15.12,-15.12,0,10.97
787705,449,448.91,-4.96,-4.96,0,10.97
787710,454,454.07,5.75,5.75,0,10.97
787715,466,466.1,16.95,16.95,0,10.97
787720,479,478.91,28.56,28.56,0,10.97
787725,497,496.9,40.5,40.5,0,10.97
787730,519,519.11,52.67,52.67,0,10.97
787735,542,542.11,64.95,64.95,0,10.97
787740,568,567.87,77.23,77.23,0,10.97
787745,594,593.89,89.39,89.39,0,10.97
787750,611,611.15,101.29,101.29,0,10.97
787755,645,645.11,112.8,112.8,0,10.97
787760,670,669.85,123.8,123.8,0,10.97
787765,691,690.88,134.17,134.17,0,10.97
787770,710,710.14,143.78,143.78,0,10.97
787775,725,725.12,152.54,152.54,0,10.97
787780,737,736.85,160.35,160.35,0,10.97
787785,748,747.87,167.13,167.13,0,10.97
787790,754,754.14,172.82,172.82,0,10.97
787795,756,756.13,177.36,177.36,0,10.97
787800,759,758.85,180.72,180.72,0,10.97
787805,756,755.87,182.88,182.24,0,10.97
787810,750,750.14,183.85,182.24,0,10.97
787815,743,743.12,183.62,182.24,0,10.97
787820,733,732.86,182.24,182.24,0,10.97
787825,724,723.88,179.73,179.73,0,10.97
787830,713,713.14,176.15,176.15,0,10.97
787835,700,700.12,171.56,171.56,0,10.97
787840,690,689.86,166.03,166.03,0,10.97
787845,676,675.88,159.63,159.63,0,10.97
787850,663,663.14,152.44,152.44,0,10.97
787855,651,651.11,144.55,144.55,0,10.97
787860,642,641.86,136.05,136.05,0,10.97
787865,624,623.89,127.02,127.02,0,10.97
787870,616,616.13,117.56,117.56,0,10.97
787875,605,605.11,107.76,107.76,0,10.97
787880,595,594.88,97.7,97.7,0,10.97
787885,583,582.88,87.47,87.47,0,10.97
787890,576,576.11,77.15,77.15,0,10.97
787895,565,565.13,66.83,66.83,0,10.97
787900,555,554.9,56.58,56.58,0,10.97
787905,547,546.86,46.48,46.48,0,10.97
787910,536,536.09,36.59,36.59,0,10.97
787915,527,527.15,26.98,26.98,0,10.97
787920,518,517.91,17.72,17.72,0,10.97
787925,506,505.84,8.85,8.85,0,10.97
787930,498,498.08,0.42,0.42,0,10.97
787936,483,483.17,-7.51,-7.51,0,10.97
787940,479,478.93,-14.91,-14.91,0,10.97
787945,470,469.83,-21.74,-21.74,0,10.97
787950,461,461.07,-27.99,-27.99,0,10.97
787955,454,454.17,-33.64,-33.64,0,10.97
787960,451,450.95,-38.67,-38.67,0,10.97
787965,447,446.84,-43.08,-43.08,0,10.97
787970,446,446.04,-46.88,-46.88,0,10.97
787975,444,444.16,-50.09,-50.09,0,10.97
787980,443,442.97,-52.71,-52.71,0,10.97
787985,446,445.84,-54.78,-54.78,0,10.97
787990,447,447.03,-56.33,-56.33,0,10.97
787995,450,450.15,-57.39,-57.39,0,10.97
788000,452,451.98,-58.01,-57.68,0,10.97
788005,456,455.85,-58.23,-57.68,0,10.97
788010,459,459.02,-58.11,-57.68,0,10.97
788015,466,466.15,-57.68,-57.68,0,10.97
788020,465,464.98,-57.0,-57.0,0,10.97
788025,472,471.85,-56.12,-56.12,0,10.97
788030,476,476.02,-55.09,-55.09,0,10.97
788035,478,478.15,-53.96,-53.96,0,10.97
788040,481,480.98,-52.77,-52.77,0,10.97
788045,482,481.84,-51.57,-51.57,0,10.97
788050,486,486.02,-50.4,-50.4,0,10.97
788055,486,486.16,-49.29,-49.29,0,10.97
788060,487,486.97,-48.27,-48.27,0,10.97
788065,486,485.83,-47.38,-47.38,0,10.97
788070,486,486.04,-46.63,-46.63,0,10.97
788075,486,486.18,-46.05,-46.05,0,10.97
788080,484,483.96,-45.65,-45.65,0,10.97
788085,482,481.81,-45.44,-45.65,0,10.97
788090,479,479.05,-45.43,-45.65,0,10.97
788095,476,476.2,-45.62,-45.65,0,10.97
788100,475,474.95,-46.0,-46.0,0,10.97
788105,471,470.78,-46.59,-46.59,0,10.97
788110,466,466.05,-47.37,-47.37,0,10.97
788115,466,466.23,-48.33,-48.33,0,10.97
788120,463,462.95,-49.46,-49.46,0,10.97
788125,460,459.76,-50.76,-50.76,0,10.97
788130,461,461.05,-52.21,-52.21,0,10.97
788135,455,455.25,-53.79,-53.79,0,10.97
788140,452,451.95,-55.5,-55.5,0,10.97
788145,450,449.73,-57.32,-57.32,0,10.97
788150,447,447.05,-59.23,-59.23,0,10.97
788155,446,446.28,-61.21,-61.21,0,10.97
788160,443,442.94,-63.26,-63.26,0,10.97
788165,440,439.7,-65.36,-65.36,0,10.97
788170,438,438.06,-67.49,-67.49,0,10.97
788175,437,437.32,-69.65,-69.65,0,10.97
788180,435,434.93,-71.81,-71.81,0,10.97
788185,436,435.65,-73.96,-73.96,0,10.97
788190,433,433.07,-76.1,-76.1,0,10.97
788195,432,432.37,-78.21,-78.21,0,10.97
788200,436,435.93,-80.27,-80.27,0,10.97
788205,433,432.62,-82.29,-82.29,0,10.97
788210,431,431.07,-84.23,-84.23,0,10.97
788215,428,428.4,-86.1,-86.1,0,10.97
788220,431,430.94,-87.88,-87.88,0,10.97
788225,430,429.59,-89.55,-89.55,0,10.97
788230,431,431.05,-91.1,-91.1,0,10.97
788235,430,430.42,-92.52,-92.52,0,10.97
788240,432,431.96,-93.78,-93.78,0,10.97
788245,443,442.58,-94.87,-94.87,0,10.97
788250,432,432.04,-95.77,-95.77,0,10.97
788255,432,432.41,-96.46,-96.46,0,10.97
788260,433,432.97,-96.91,-96.55,0,10.97
788265,434,433.61,-97.09,-96.55,0,10.97
788270,435,435.02,-96.98,-96.55,0,10.97
788275,434,434.37,-96.55,-96.55,0,10.97
788280,436,435.99,-95.77,-95.77,0,10.97
788285,436,435.66,-94.61,-94.61,0,10.97
788290,437,437.0,-93.02,-93.02,0,10.97
788295,437,437.32,-90.98,-90.98,0,10.97
788300,436,436.0,-88.46,-88.46,0,10.97
788305,436,435.7,-85.41,-85.41,0,10.97
788310,436,435.99,-81.81,-81.81,0,10.97
788315,438,438.29,-77.63,-77.63,0,10.97
788320,438,438.02,-72.82,-72.82,0,10.97
788325,439,438.73,-67.38,-67.38,0,10.97
788330,439,438.97,-61.28,-61.28,0,10.97
788335,438,438.26,-54.5,-54.5,0,10.97
788340,437,437.03,-47.02,-47.02,0,10.97
788345,437,436.76,-38.86,-38.86,0,10.97
788350,438,437.96,-30.0,-30.0,0,10.97
788355,440,440.23,-20.48,-20.48,0,10.97
788360,443,443.04,-10.31,-10.31,0,10.97
788365,448,447.78,0.46,0.46,0,10.97
788370,459,458.96,11.8,11.8,0,10.97
788375,470,470.22,23.62,23.62,0,10.97
788380,486,486.05,35.85,35.85,0,10.97
788385,506,505.8,48.4,48.4,0,10.97
788390,528,527.95,61.16,61.16,0,10.97
788395,554,554.2,74.03,74.03,0,10.97
788400,582,582.05,86.89,86.89,0,10.97
788405,609,608.81,99.59,99.59,0,10.97
788410,637,636.94,112.02,112.02,0,10.97
788415,662,662.18,124.05,124.05,0,10.97
788420,684,684.05,135.55,135.55,0,10.97
788425,707,706.82,146.39,146.39,0,10.97
788430,724,723.94,156.47,156.47,0,10.97
788435,740,740.17,165.69,165.69,0,10.97
788440,750,750.05,173.95,173.95,0,10.97
788445,760,759.83,181.19,181.19,0,10.97
788450,765,764.94,187.33,187.33,0,10.97
788455,766,766.16,192.34,192.34,0,10.97
788460,766,766.05,196.17,196.17,0,10.97
788465,763,762.84,198.83,198.83,0,10.97
788470,760,759.95,200.3,198.83,0,10.97
788475,753,753.15,200.6,198.83,0,10.97
788480,745,745.04,199.75,198.83,0,10.97
788485,736,735.86,197.8,197.8,0,10.97
788490,725,724.97,194.78,194.78,0,10.97
788495,716,716.14,190.76,190.76,0,10.97
788500,704,704.03,185.8,185.8,0,10.97
788505,692,691.86,179.96,179.96,0,10.97
788510,681,680.97,173.33,173.33,0,10.97
788515,667,667.14,165.99,165.99,0,10.97
788520,659,659.02,158.0,158.0,0,10.97
788525,648,647.87,149.47,149.47,0,10.97
788530,638,637.98,140.46,140.46,0,10.97
788535,626,626.12,131.06,131.06,0,10.97
788540,616,616.02,121.35,121.35,0,10.97
788545,606,605.88,111.41,111.41,0,10.97
788550,600,599.99,101.32,101.32,0,10.97
788555,590,590.11,91.15,91.15,0,10.97
788560,580,580.0,80.96,80.96,0,10.97
788565,571,570.89,70.84,70.84,0,10.97
788570,564,564.02,60.84,60.84,0,10.97
788575,553,553.11,51.03,51.03,0,10.97
788580,544,543.97,41.46,41.46,0,10.97
788585,534,533.89,32.18,32.18,0,10.97
788590,524,524.05,23.26,23.26,0,10.97
788595,512,512.1,14.72,14.72,0,10.97
788600,504,503.93,6.62,6.62,0,10.97
788605,494,493.9,-1.01,-1.01,0,10.97
788610,485,485.08,-8.15,-8.15,0,10.97
788615,478,478.1,-14.76,-14.76,0,10.97
788620,471,470.9,-20.83,-20.83,0,10.97
788625,463,462.91,-26.35,-26.35,0,10.97
788630,457,457.11,-31.31,-31.31,0,10.97
788635,457,457.09,-35.72,-35.72,0,10.97
788640,455,454.88,-39.59,-39.59,0,10.97
788645,454,453.91,-42.92,-42.92,0,10.97
788650,454,454.13,-45.75,-45.75,0,10.97
788655,456,456.1,-48.09,-48.09,0,10.97
788660,455,454.87,-49.99,-49.99,0,10.97
788665,457,456.89,-51.47,-51.47,0,10.97
788670,456,456.14,-52.57,-52.57,0,10.97
788675,462,462.11,-53.33,-53.33,0,10.97
788680,464,463.86,-53.8,-53.8,0,10.97
788685,471,470.88,-54.01,-53.8,0,10.97
788690,472,472.15,-54.02,-53.8,0,10.97
788695,475,475.12,-53.86,-53.8,0,10.97
788700,474,473.84,-53.58,-53.58,0,10.97
788705,476,475.87,-53.21,-53.21,0,10.97
788710,478,478.16,-52.8,-52.8,0,10.97
788715,479,479.14,-52.37,-52.37,0,10.97
788720,481,480.82,-51.95,-51.95,0,10.97
788725,480,479.86,-51.58,-51.58,0,10.97
788730,478,478.18,-51.28,-51.28,0,10.97
788735,478,478.15,-51.06,-51.06,0,10.97
788740,480,479.81,-50.94,-51.06,0,10.97
788745,475,474.84,-50.94,-51.06,0,10.97
788750,474,474.19,-51.05,-51.06,0,10.97
788755,471,471.17,-51.29,-51.29,0,10.97
788760,468,467.82,-51.66,-51.66,0,10.97
788765,465,464.82,-52.14,-52.14,0,10.97
788770,463,463.19,-52.75,-52.75,0,10.97
788775,460,460.19,-53.47,-53.47,0,10.97
788780,455,454.81,-54.3,-54.3,0,10.97
788785,457,456.8,-55.22,-55.22,0,10.97
788790,451,451.2,-56.22,-56.22,0,10.97
788795,447,447.2,-57.3,-57.3,0,10.97
788800,447,446.8,-58.44,-58.44,0,10.97
788805,450,449.8,-59.63,-59.63,0,10.97
788810,444,444.21,-60.87,-60.87,0,10.97
788815,440,440.19,-62.13,-62.13,0,10.97
788820,439,438.78,-63.41,-63.41,0,10.97
788825,436,435.82,-64.69,-64.69,0,10.97
788830,434,434.23,-65.98,-65.98,0,10.97
788835,435,435.17,-67.25,-67.25,0,10.97
788840,433,432.76,-68.51,-68.51,0,10.97
788845,433,432.85,-69.75,-69.75,0,10.97
788850,431,431.25,-70.96,-70.96,0,10.97
788855,432,432.15,-72.14,-72.14,0,10.97
788860,431,430.74,-73.29,-73.29,0,10.97
788865,429,428.86,-74.4,-74.4,0,10.97
788870,430,430.26,-75.49,-75.49,0,10.97
788875,429,429.13,-76.54,-76.54,0,10.97
788880,430,429.73,-77.55,-77.55,0,10.97
788885,429,428.87,-78.54,-78.54,0,10.97
788890,429,429.28,-79.5,-79.5,0,10.97
788895,426,426.12,-80.43,-80.43,0,10.97
788900,430,429.71,-81.33,-81.33,0,10.97
788905,429,428.89,-82.21,-82.21,0,10.97
788910,428,428.3,-83.06,-83.06,0,10.97
788915,428,428.1,-83.89,-83.89,0,10.97
788920,429,428.7,-84.7,-84.7,0,10.97
788925,430,429.92,-85.49,-85.49,0,10.97
788930,430,430.31,-86.25,-86.25,0,10.97
788935,431,431.07,-86.99,-86.99,0,10.97
788940,431,430.69,-87.69,-87.69,0,10.97
788945,431,430.95,-88.35,-88.35,0,10.97
788950,433,433.32,-88.96,-88.96,0,10.97
788955,433,433.04,-89.52,-89.52,0,10.97
788960,434,433.67,-90.01,-90.01,0,10.97
788965,435,434.97,-90.42,-90.42,0,10.97
788970,434,434.34,-90.72,-90.72,0,10.97
788975,435,435.01,-90.91,-90.72,0,10.97
788980,438,437.65,-90.95,-90.72,0,10.97
788985,436,436.0,-90.83,-90.72,0,10.97
788990,438,438.36,-90.51,-90.51,0,10.97
788995,440,439.99,-89.98,-89.98,0,10.97
789000,439,438.64,-89.19,-89.19,0,10.97
789005,440,440.02,-88.11,-88.11,0,10.97
789010,440,440.37,-86.71,-86.71,0,10.97
789015,441,440.97,-84.96,-84.96,0,10.97
789020,438,437.62,-82.8,-82.8,0,10.97
789025,442,442.04,-80.22,-80.22,0,10.97
789030,441,441.4,-77.16,-77.16,0,10.97
789035,442,441.95,-73.59,-73.59,0,10.97
789040,441,440.59,-69.48,-69.48,0,10.97
789045,441,441.06,-64.79,-64.79,0,10.97
789050,438,438.43,-59.48,-59.48,0,10.97
789055,442,441.93,-53.55,-53.55,0,10.97
789060,442,441.55,-46.95,-46.95,0,10.97
789065,440,440.08,-39.69,-39.69,0,10.97
789070,440,440.46,-31.74,-31.74,0,10.97
789075,441,440.92,-23.12,-23.12,0,10.97
789080,444,443.54,-13.83,-13.83,0,10.97
789085,446,446.09,-3.9,-3.9,0,10.97
789090,449,449.47,6.65,6.65,0,10.97
789095,459,458.91,17.75,17.75,0,10.97
789100,471,470.53,29.36,29.36,0,10.97
789105,486,486.1,41.39,41.39,0,10.97
789110,506,506.48,53.76,53.76,0,10.97
789115,529,528.89,66.36,66.36,0,10.97
789120,553,552.51,79.1,79.1,0,10.97
789125,582,582.11,91.84,91.84,0,10.97
789130,608,608.5,104.46,104.46,0,10.97
789135,636,635.88,116.84,116.84,0,10.97
789140,662,661.49,128.85,128.85,0,10.97
789145,686,686.13,140.36,140.36,0,10.97
789150,707,707.52,151.25,151.25,0,10.97
789155,725,724.86,161.41,161.41,0,10.97
789160,742,741.47,170.74,170.74,0,10.97
789165,748,748.15,179.15,179.15,0,10.97
789170,759,759.54,186.56,186.56,0,10.97
789175,765,764.85,192.91,192.91,0,10.97
789180,769,768.45,198.15,198.15,0,10.97
789185,766,766.15,202.26,202.26,0,10.97
789190,764,764.55,205.2,205.2,0,10.97
789195,761,760.85,206.99,205.55,0,10.97
789200,754,753.44,207.63,205.55,0,10.97
789205,748,748.15,207.14,205.55,0,10.97
789210,739,739.56,205.55,205.55,0,10.97
789215,728,727.85,202.92,202.92,0,10.97
789220,715,714.43,199.28,199.28,0,10.97
789225,705,705.15,194.71,194.71,0,10.97
789230,694,694.59,189.27,189.27,0,10.97
789235,684,683.85,183.02,183.02,0,10.97
789240,674,673.39,176.04,176.04,0,10.97
789245,662,662.15,168.41,168.41,0,10.97
789250,655,655.63,160.2,160.2,0,10.97
789255,644,643.85,151.49,151.49,0,10.97
789260,658,657.37,142.35,142.35,0,10.97
789265,625,625.14,132.86,132.86,0,10.97
789270,615,615.61,123.1,123.1,0,10.97
789275,606,605.86,113.14,113.14,0,10.97
789280,597,596.43,103.05,103.05,0,10.97
789285,589,589.14,92.91,92.91,0,10.97
789290,580,580.53,82.78,82.78,0,10.97
789295,572,571.86,72.72,72.72,0,10.97
789300,561,560.5,62.8,62.8,0,10.97
789305,551,551.13,53.08,53.08,0,10.97
789310,542,542.47,43.62,43.62,0,10.97
789315,531,530.87,34.45,34.45,0,10.97
789320,526,525.57,25.64,25.64,0,10.97
789325,511,511.13,17.22,17.22,0,10.97
789330,503,503.4,9.23,9.23,0,10.97
789335,493,492.88,1.71,1.71,0,10.97
789340,487,486.64,-5.31,-5.31,0,10.97
789345,476,476.12,-11.82,-11.82,0,10.97
789350,472,472.32,-17.8,-17.8,0,10.97
789355,464,463.89,-23.23,-23.23,0,10.97
789360,461,460.72,-28.11,-28.11,0,10.97
789365,459,459.11,-32.44,-32.44,0,10.97
789370,453,453.24,-36.24,-36.24,0,10.97
789375,454,453.89,-39.51,-39.51,0,10.97
789380,453,452.8,-42.28,-42.28,0,10.97
789385,450,450.11,-44.57,-44.57,0,10.97
789390,456,456.16,-46.4,-46.4,0,10.97
789395,455,454.9,-47.82,-47.82,0,10.97
789400,449,448.88,-48.86,-48.86,0,10.97
789405,461,461.1,-49.56,-49.56,0,10.97
789410,464,464.11,-49.96,-49.81,0,10.97
789415,466,465.91,-50.11,-49.81,0,10.97
789420,469,468.91,-50.04,-49.81,0,10.97
789425,472,472.09,-49.81,-49.81,0,10.97
789430,474,474.08,-49.45,-49.45,0,10.97
789435,478,477.91,-49.01,-49.01,0,10.97
789440,477,476.92,-48.52,-48.52,0,10.97
789445,478,478.08,-48.01,-48.01,0,10.97
789450,483,483.07,-47.52,-47.52,0,10.97
789455,479,478.93,-47.09,-47.09,0,10.97
789460,480,479.93,-46.72,-46.72,0,10.97
789465,479,479.06,-46.44,-46.44,0,10.97
789470,476,476.07,-46.27,-46.44,0,10.97
789475,475,474.94,-46.22,-46.44,0,10.97
789480,473,472.93,-46.29,-46.44,0,10.97
789485,472,472.06,-46.5,-46.5,0,10.97
789490,473,473.07,-46.85,-46.85,0,10.97
789495,467,466.95,-47.33,-47.33,0,10.97
789500,465,464.92,-47.94,-47.94,0,10.97
789505,461,461.05,-48.68,-48.68,0,10.97
789510,460,460.09,-49.54,-49.54,0,10.97
789515,456,455.95,-50.5,-50.5,0,10.97
789520,456,455.9,-51.55,-51.55,0,10.97
789525,451,451.04,-52.69,-52.69,0,10.97
789530,450,450.1,-53.9,-53.9,0,10.97
789535,447,446.96,-55.16,-55.16,0,10.97
789540,443,442.89,-56.47,-56.47,0,10.97
789545,444,444.04,-57.81,-57.81,0,10.97
789550,440,440.12,-59.16,-59.16,0,10.97
789555,437,436.96,-60.51,-60.51,0,10.97
789560,437,436.86,-61.86,-61.86,0,10.97
789565,426,426.03,-63.19,-63.19,0,10.97
789570,434,434.15,-64.49,-64.49,0,10.97
789575,433,432.98,-65.75,-65.75,0,10.97
789580,430,429.84,-66.98,-66.98,0,10.97
789585,429,428.99,-68.15,-68.15,0,10.97
789590,431,431.18,-69.28,-69.28,0,10.97
789595,429,429.03,-70.35,-70.35,0,10.97
789600,429,428.8,-71.37,-71.37,0,10.97
789605,426,425.94,-72.33,-72.33,0,10.97
789610,429,429.22,-73.24,-73.24,0,10.97
789615,428,428.09,-74.1,-74.1,0,10.97
789620,429,428.76,-74.92,-74.92,0,10.97
789625,429,428.88,-75.68,-75.68,0,10.97
789630,428,428.27,-76.41,-76.41,0,10.97
789635,425,425.15,-77.09,-77.09,0,10.97
789640,429,428.71,-77.74,-77.74,0,10.97
789645,429,428.82,-78.36,-78.36,0,10.97
789650,426,426.31,-78.95,-78.95,0,10.97
789655,431,431.2,-79.51,-79.51,0,10.97
789660,431,430.68,-80.05,-80.05,0,10.97
789665,432,431.78,-80.57,-80.57,0,10.97
789670,434,434.34,-81.07,-81.07,0,10.97
789675,434,434.25,-81.55,-81.55,0,10.97
789680,434,433.64,-82.0,-82.0,0,10.97
789685,434,433.72,-82.42,-82.42,0,10.97
789690,437,437.38,-82.8,-82.8,0,10.97
789695,438,438.31,-83.13,-83.13,0,10.97
789700,441,440.6,-83.41,-83.41,0,10.97
789705,441,440.66,-83.61,-83.61,0,10.97
789710,440,440.42,-83.73,-83.61,0,10.97
789715,440,440.37,-83.74,-83.61,0,10.97
789720,442,441.57,-83.61,-83.61,0,10.97
789725,442,441.6,-83.33,-83.33,0,10.97
789730,439,439.45,-82.86,-82.86,0,10.97
789735,442,442.43,-82.18,-82.18,0,10.97
789740,442,441.54,-81.25,-81.25,0,10.97
789745,442,441.54,-80.04,-80.04,0,10.97
789750,442,442.47,-78.52,-78.52,0,10.97
789755,444,444.5,-76.64,-76.64,0,10.97
789760,445,444.51,-74.37,-74.37,0,10.97
789765,444,443.47,-71.68,-71.68,0,10.97
789770,444,444.49,-68.52,-68.52,0,10.97
789775,444,444.57,-64.87,-64.87,0,10.97
789780,442,441.49,-60.68,-60.68,0,10.97
789785,442,441.39,-55.93,-55.93,0,10.97
789790,440,440.52,-50.59,-50.59,0,10.97
789795,416,416.64,-44.64,-44.64,0,10.97
789800,441,440.47,-38.06,-38.06,0,10.97
789805,446,445.38,-30.85,-30.85,0,10.97
789810,441,441.55,-23.01,-23.01,0,10.97
789815,441,441.59,-14.55,-14.55,0,10.97
789820,443,442.44,-5.49,-5.49,0,10.97
789825,447,446.45,4.13,4.13,0,10.97
789830,456,456.58,14.26,14.26,0,10.97
789835,468,468.53,24.86,24.86,0,10.97
789840,484,483.4,35.84,35.84,0,10.97
789845,497,496.51,47.12,47.12,0,10.97
789850,518,518.62,58.61,58.61,0,10.97
789855,541,541.47,70.2,70.2,0,10.97
789860,568,567.37,81.77,81.77,0,10.97
789865,593,592.55,93.22,93.22,0,10.97
789870,625,625.64,104.41,104.41,0,10.97
789875,647,647.43,115.22,115.22,0,10.97
789880,666,665.33,125.53,125.53,0,10.97
789885,680,679.58,135.23,135.23,0,10.97
789890,679,679.68,144.22,144.22,0,10.97
789895,718,718.42,152.38,152.38,0,10.97
789900,730,729.33,159.65,159.65,0,10.97
789905,737,736.56,165.93,165.93,0,10.97
789910,743,743.64,171.18,171.18,0,10.97
789915,746,746.44,175.33,175.33,0,10.97
789920,742,741.39,178.37,178.37,0,10.97
789925,742,741.54,180.28,179.26,0,10.97
789930,736,736.58,181.05,179.26,0,10.97
789935,731,731.47,180.7,179.26,0,10.97
789940,721,720.43,179.26,179.26,0,10.97
789945,712,711.5,176.75,176.75,0,10.97
789950,701,701.55,173.24,173.24,0,10.97
789955,690,690.52,168.77,168.77,0,10.97
789960,678,677.47,163.41,163.41,0,10.97
789965,670,669.46,157.24,157.24,0,10.97
789970,653,653.51,150.34,150.34,0,10.97
789975,643,643.55,142.78,142.78,0,10.97
789980,632,631.51,134.64,134.64,0,10.97
789985,621,620.43,126.03,126.03,0,10.97
789990,613,613.48,117.01,117.01,0,10.97
789995,598,598.58,107.68,107.68,0,10.97
790000,590,589.53,98.12,98.12,0,10.97
790005,579,578.4,88.41,88.41,0,10.97
790010,570,570.46,78.64,78.64,0,10.97
790015,560,560.61,68.89,68.89,0,10.97
790020,553,552.55,59.22,59.22,0,10.97
790025,546,545.37,49.71,49.71,0,10.97
790030,533,533.44,40.43,40.43,0,10.97
790035,508,508.63,31.44,31.44,0,10.97
790040,515,514.57,22.79,22.79,0,10.97
790045,506,505.39,14.55,14.55,0,10.97
790050,496,496.42,6.75,6.75,0,10.97
790055,487,487.57,-0.56,-0.56,0,10.97
790060,479,478.59,-7.35,-7.35,0,10.97
790065,471,470.46,-13.59,-13.59,0,10.97
790070,464,464.4,-19.26,-19.26,0,10.97
790075,458,458.51,-24.34,-24.34,0,10.97
790080,452,451.61,-28.83,-28.83,0,10.97
790085,448,447.52,-32.73,-32.73,0,10.97
790090,454,454.4,-36.05,-36.05,0,10.97
790095,447,447.45,-38.79,-38.79,0,10.97
790100,446,445.59,-40.99,-40.99,0,10.97
790105,448,447.57,-42.68,-42.68,0,10.97
790110,452,452.43,-43.88,-43.88,0,10.97
790115,456,456.41,-44.63,-44.63,0,10.97
790120,459,458.55,-44.99,-44.63,0,10.97
790125,463,462.6,-44.99,-44.63,0,10.97
790130,467,467.47,-44.69,-44.63,0,10.97
790135,472,472.38,-44.13,-44.13,0,10.97
790140,476,475.5,-43.37,-43.37,0,10.97
790145,480,479.63,-42.46,-42.46,0,10.97
790150,483,483.52,-41.45,-41.45,0,10.97
790155,487,487.36,-40.38,-40.38,0,10.97
790160,489,488.45,-39.3,-39.3,0,10.97
790165,492,491.65,-38.26,-38.26,0,10.97
790170,494,494.57,-37.28,-37.28,0,10.97
790175,495,495.34,-36.41,-36.41,0,10.97
790180,495,494.4,-35.67,-35.67,0,10.97
790185,494,493.66,-35.09,-35.09,0,10.97
790190,492,492.64,-34.68,-34.68,0,10.97
790195,491,491.33,-34.46,-34.68,0,10.97
790200,491,490.33,-34.45,-34.68,0,10.97
790205,487,486.67,-34.64,-34.68,0,10.97
790210,485,485.69,-35.03,-35.03,0,10.97
790215,481,481.32,-35.63,-35.63,0,10.97
790220,478,477.27,-36.43,-36.43,0,10.97
790225,474,473.68,-37.42,-37.42,0,10.97
790230,472,472.76,-38.59,-38.59,0,10.97
790235,467,467.32,-39.92,-39.92,0,10.97
790240,464,463.2,-41.39,-41.39,0,10.97
790245,461,460.68,-43.0,-43.0,0,10.97
790250,432,432.82,-44.73,-44.73,0,10.97
790255,456,456.32,-46.54,-46.54,0,10.97
790260,451,450.19,-48.45,-48.45,0,10.97
790265,451,450.68,-50.41,-50.41,0,10.97
790270,448,448.79,-52.43,-52.43,0,10.97
790275,446,446.32,-54.49,-54.49,0,10.97
790280,442,441.23,-56.57,-56.57,0,10.97
790285,444,443.68,-58.66,-58.66,0,10.97
790290,441,441.76,-60.76,-60.76,0,10.97
790295,441,441.32,-62.84,-62.84,0,10.97
790300,440,439.25,-64.89,-64.89,0,10.97
790305,439,438.68,-66.92,-66.92,0,10.97
790310,438,438.74,-68.89,-68.89,0,10.97
790315,435,435.32,-70.81,-70.81,0,10.97
790320,436,435.27,-72.67,-72.67,0,10.97
790325,437,436.69,-74.45,-74.45,0,10.97
790330,437,437.73,-76.14,-76.14,0,10.97
790335,437,437.31,-77.73,-77.73,0,10.97
790340,437,436.27,-79.2,-79.2,0,10.97
790345,437,436.69,-80.56,-80.56,0,10.97
790350,438,438.73,-81.78,-81.78,0,10.97
790355,436,436.3,-82.84,-82.84,0,10.97
790360,439,438.26,-83.73,-83.73,0,10.97
790365,440,439.7,-84.44,-84.44,0,10.97
790370,437,437.74,-84.94,-84.94,0,10.97
790375,440,440.29,-85.2,-84.94,0,10.97
790380,442,441.26,-85.22,-84.94,0,10.97
790385,442,441.72,-84.96,-84.94,0,10.97
790390,440,440.74,-84.4,-84.4,0,10.97
790395,442,442.28,-83.51,-83.51,0,10.97
790400,442,441.26,-82.26,-82.26,0,10.97
790405,442,441.73,-80.63,-80.63,0,10.97
790410,443,443.74,-78.58,-78.58,0,10.97
790415,438,438.26,-76.08,-76.08,0,10.97
790420,442,441.25,-73.1,-73.1,0,10.97
790425,443,442.76,-69.63,-69.63,0,10.97
790430,442,442.75,-65.62,-65.62,0,10.97
790435,441,441.22,-61.07,-61.07,0,10.97
790440,442,441.24,-55.94,-55.94,0,10.97
790445,442,441.8,-50.23,-50.23,0,10.97
790450,440,440.77,-43.92,-43.92,0,10.97
790455,443,443.18,-37.01,-37.01,0,10.97
790460,442,441.22,-29.51,-29.51,0,10.97
790465,441,440.84,-21.43,-21.43,0,10.97
790470,444,444.79,-12.79,-12.79,0,10.97
790475,449,449.15,-3.62,-3.62,0,10.97
790480,458,457.21,6.04,6.04,0,10.97
790485,466,465.86,16.12,16.12,0,10.97
790490,478,478.8,26.55,26.55,0,10.97
790495,495,495.13,37.27,37.27,0,10.97
790500,510,509.2,48.18,48.18,0,10.97
790505,533,532.88,59.17,59.17,0,10.97
790510,555,555.82,70.15,70.15,0,10.97
790515,581,581.11,80.99,80.99,0,10.97
790520,606,605.17,91.59,91.59,0,10.97
790525,629,628.89,101.81,101.81,0,10.97
790530,649,649.84,111.55,111.55,0,10.97
790535,670,670.09,120.7,120.7,0,10.97
790540,685,684.14,129.14,129.14,0,10.97
790545,704,703.91,136.78,136.78,0,10.97
790550,712,712.87,143.54,143.54,0,10.97
790555,720,720.07,149.35,149.35,0,10.97
790560,724,723.1,154.14,154.14,0,10.97
790565,728,727.94,157.87,157.87,0,10.97
790570,727,727.92,160.5,160.5,0,10.97
790575,725,725.04,162.03,160.5,0,10.97
790580,743,742.06,162.46,160.5,0,10.97
790585,712,711.97,161.78,160.5,0,10.97
790590,706,706.92,160.04,160.04,0,10.97
790595,696,696.01,157.26,157.26,0,10.97
790600,685,684.1,153.51,153.51,0,10.97
790605,674,674.0,148.83,148.83,0,10.97
790610,661,661.87,143.29,143.29,0,10.97
790615,653,653.0,136.96,136.96,0,10.97
790620,637,636.15,129.94,129.94,0,10.97
790625,628,628.01,122.28,122.28,0,10.97
790630,617,617.83,114.08,114.08,0,10.97
790635,607,606.99,105.43,105.43,0,10.97
790640,595,594.19,96.41,96.41,0,10.97
790645,587,587.02,87.1,87.1,0,10.97
790650,570,570.8,77.6,77.6,0,10.97
790655,565,564.97,67.97,67.97,0,10.97
790660,554,553.22,58.31,58.31,0,10.97
790665,547,547.03,48.7,48.7,0,10.97
790670,538,538.77,39.2,39.2,0,10.97
790675,528,527.96,29.88,29.88,0,10.97
790680,517,516.24,20.82,20.82,0,10.97
790685,509,509.05,12.08,12.08,0,10.97
790690,500,500.75,3.71,3.71,0,10.97
790695,491,490.94,-4.23,-4.23,0,10.97
790700,480,479.25,-11.7,-11.7,0,10.97
790705,469,469.07,-18.65,-18.65,0,10.97
790710,462,462.75,-25.06,-25.06,0,10.97
790715,457,456.93,-30.88,-30.88,0,10.97
790720,451,450.25,-36.11,-36.11,0,10.97
790725,444,444.07,-40.73,-40.73,0,10.97
790730,442,442.75,-44.74,-44.74,0,10.97
790735,440,439.94,-48.13,-48.13,0,10.97
790740,438,437.25,-50.93,-50.93,0,10.97
790745,437,437.06,-53.14,-53.14,0,10.97
790750,440,440.76,-54.8,-54.8,0,10.97
790755,441,440.95,-55.93,-55.93,0,10.97
790760,445,444.23,-56.58,-56.03,0,10.97
790765,449,449.04,-56.77,-56.03,0,10.97
790770,454,454.78,-56.57,-56.03,0,10.97
790775,458,457.97,-56.03,-56.03,0,10.97
790780,463,462.21,-55.18,-55.18,0,10.97
790785,468,468.02,-54.09,-54.09,0,10.97
790790,472,472.81,-52.81,-52.81,0,10.97
790795,476,475.98,-51.4,-51.4,0,10.97
790800,479,478.17,-49.9,-49.9,0,10.97
790805,482,482.01,-48.36,-48.36,0,10.97
790810,487,487.85,-46.84,-46.84,0,10.97
790815,491,491.0,-45.37,-45.37,0,10.97
790820,495,494.12,-44.0,-44.0,0,10.97
790825,493,492.99,-42.76,-42.76,0,10.97
790830,495,495.9,-41.68,-41.68,0,10.97
790835,493,493.03,-40.78,-40.78,0,10.97
790840,493,492.07,-40.1,-40.1,0,10.97
790845,492,491.96,-39.64,-39.68,0,10.97
790850,490,490.95,-39.41,-39.68,0,10.97
790855,488,488.05,-39.43,-39.68,0,10.97
790860,485,484.01,-39.68,-39.68,0,10.97
790865,483,482.94,-40.18,-40.18,0,10.97
790870,455,456.0,-40.9,-40.9,0,10.97
790875,478,478.08,-41.86,-41.86,0,10.97
790880,473,472.01,-43.03,-43.03,0,10.97
790885,471,470.91,-44.41,-44.41,0,10.97
790890,467,467.96,-45.97,-45.97,0,10.97
790895,464,464.1,-47.72,-47.72,0,10.97
790900,464,463.06,-49.62,-49.62,0,10.97
790905,461,460.88,-51.66,-51.66,0,10.97
790910,459,459.91,-53.83,-53.83,0,10.97
790915,458,458.13,-56.1,-56.1,0,10.97
790920,457,456.11,-58.44,-58.44,0,10.97
790925,451,450.86,-60.85,-60.85,0,10.97
790930,449,449.86,-63.29,-63.29,0,10.97
790935,448,448.16,-65.74,-65.74,0,10.97
790940,446,445.16,-68.18,-68.18,0,10.97
790945,449,448.82,-70.58,-70.58,0,10.97
790950,439,439.81,-72.91,-72.91,0,10.97
790955,443,443.19,-75.16,-75.16,0,10.97
790960,443,442.22,-77.3,-77.3,0,10.97
790965,443,442.8,-79.29,-79.29,0,10.97
790970,443,443.74,-81.11,-81.11,0,10.97
790975,443,443.21,-82.74,-82.74,0,10.97
790980,444,443.29,-84.15,-84.15,0,10.97
790985,444,443.78,-85.3,-85.3,0,10.97
790990,443,443.68,-86.17,-86.17,0,10.97
790995,442,442.22,-86.72,-86.18,0,10.97
791000,442,441.35,-86.93,-86.18,0,10.97
791005,443,442.77,-86.76,-86.18,0,10.97
791010,443,443.62,-86.18,-86.18,0,10.97
791015,443,443.23,-85.15,-85.15,0,10.97
791020,444,443.4,-83.64,-83.64,0,10.97
791025,443,442.76,-81.62,-81.62,0,10.97
791030,442,442.57,-79.06,-79.06,0,10.97
791035,444,444.25,-75.93,-75.93,0,10.97
791040,447,446.45,-72.2,-72.2,0,10.97
791045,442,441.74,-67.84,-67.84,0,10.97
791050,441,441.51,-62.84,-62.84,0,10.97
791055,442,442.27,-57.17,-57.17,0,10.97
791060,439,438.52,-50.84,-50.84,0,10.97
791065,441,440.71,-43.83,-43.83,0,10.97
791070,438,438.44,-36.14,-36.14,0,10.97
791075,443,443.3,-27.8,-27.8,0,10.97
791080,445,444.6,-18.82,-18.82,0,10.97
791085,448,447.68,-9.25,-9.25,0,10.97
791090,456,456.37,0.88,0.88,0,10.97
791095,465,465.34,11.5,11.5,0,10.97
791100,479,478.67,22.55,22.55,0,10.97
791105,495,494.64,33.93,33.93,0,10.97
791110,521,521.3,45.54,45.54,0,10.97
791115,541,541.39,57.3,57.3,0,10.97
791120,564,563.73,69.07,69.07,0,10.97
791125,590,589.58,80.74,80.74,0,10.97
791130,617,617.25,92.19,92.19,0,10.97
791135,641,641.45,103.29,103.29,0,10.97
791140,664,663.76,113.92,113.92,0,10.97
791145,684,683.52,123.97,123.97,0,10.97
791150,700,700.22,133.32,133.32,0,10.97
791155,692,692.5,141.88,141.88,0,10.97
791160,730,729.8,149.55,149.55,0,10.97
791165,737,736.51,156.26,156.26,0,10.97
791170,746,746.17,161.94,161.94,0,10.97
791175,748,748.45,166.54,166.54,0,10.97
791180,748,747.84,170.02,170.02,0,10.97
791185,745,744.57,172.36,172.36,0,10.97
791190,740,740.14,173.57,172.36,0,10.97
791195,734,734.41,173.63,172.36,0,10.97
791200,728,727.88,172.59,172.36,0,10.97
791205,718,717.61,170.46,170.46,0,10.97
791210,711,711.09,167.3,167.3,0,10.97
791215,697,697.36,163.15,163.15,0,10.97
791220,685,684.92,158.08,158.08,0,10.97
791225,674,673.66,152.15,152.15,0,10.97
791230,664,664.07,145.45,145.45,0,10.97
791235,653,653.33,138.04,138.04,0,10.97
791240,642,641.95,130.01,130.01,0,10.97
791245,630,629.69,121.45,121.45,0,10.97
791250,620,620.04,112.43,112.43,0,10.97
791255,610,610.3,103.05,103.05,0,10.97
791260,600,599.97,93.38,93.38,0,10.97
791265,589,588.72,83.5,83.5,0,10.97
791270,580,580.02,73.51,73.51,0,10.97
791275,571,571.28,63.47,63.47,0,10.97
791280,560,559.99,53.47,53.47,0,10.97
791285,552,551.73,43.57,43.57,0,10.97
791290,541,540.99,33.85,33.85,0,10.97
791295,532,532.26,24.37,24.37,0,10.97
791300,521,521.02,15.2,15.2,0,10.97
791305,510,509.74,6.38,6.38,0,10.97
791310,500,499.97,-2.03,-2.03,0,10.97
791315,488,488.25,-9.97,-9.97,0,10.97
791320,480,480.04,-17.42,-17.42,0,10.97
791325,472,471.76,-24.33,-24.33,0,10.97
791330,466,465.95,-30.68,-30.68,0,10.97
791335,459,459.24,-36.46,-36.46,0,10.97
791340,453,453.06,-41.64,-41.64,0,10.97
791345,450,449.77,-46.23,-46.23,0,10.97
791350,447,446.94,-50.23,-50.23,0,10.97
791355,446,446.23,-53.64,-53.64,0,10.97
791360,447,447.07,-56.49,-56.49,0,10.97
791365,447,446.78,-58.81,-58.81,0,10.97
791370,449,448.92,-60.62,-60.62,0,10.97
791375,450,450.22,-61.95,-61.95,0,10.97
791380,454,454.09,-62.85,-62.85,0,10.97
791385,458,457.79,-63.36,-63.03,0,10.97
791390,462,461.9,-63.53,-63.03,0,10.97
791395,465,465.2,-63.4,-63.03,0,10.97
791400,468,468.11,-63.03,-63.03,0,10.97
791405,472,471.8,-62.46,-62.46,0,10.97
791410,477,476.89,-61.74,-61.74,0,10.97
791415,475,475.19,-60.92,-60.92,0,10.97
791420,481,481.12,-60.05,-60.05,0,10.97
791425,482,481.82,-59.16,-59.16,0,10.97
791430,483,482.88,-58.3,-58.3,0,10.97
791435,484,484.16,-57.5,-57.5,0,10.97
791440,484,484.12,-56.8,-56.8,0,10.97
791445,484,483.85,-56.22,-56.22,0,10.97
791450,484,483.87,-55.78,-55.78,0,10.97
791455,482,482.14,-55.51,-55.78,0,10.97
791460,482,482.13,-55.42,-55.78,0,10.97
791465,480,479.88,-55.52,-55.78,0,10.97
791470,477,476.86,-55.83,-55.83,0,10.97
791475,476,476.11,-56.33,-56.33,0,10.97
791480,472,472.14,-57.04,-57.04,0,10.97
791485,468,467.9,-57.96,-57.96,0,10.97
791490,466,465.85,-59.06,-59.06,0,10.97
791495,463,463.09,-60.36,-60.36,0,10.97
791500,460,460.16,-61.83,-61.83,0,10.97
791505,458,457.92,-63.47,-63.47,0,10.97
791510,448,447.83,-65.26,-65.26,0,10.97
791515,451,451.07,-67.19,-67.19,0,10.97
791520,448,448.19,-69.24,-69.24,0,10.97
791525,446,445.94,-71.4,-71.4,0,10.97
791530,445,444.78,-73.64,-73.64,0,10.97
791535,443,443.05,-75.97,-75.97,0,10.97
791540,440,440.24,-78.34,-78.34,0,10.97
791545,439,438.95,-80.76,-80.76,0,10.97
791550,438,437.74,-83.2,-83.2,0,10.97
791555,437,437.04,-85.65,-85.65,0,10.97
791560,436,436.28,-88.08,-88.08,0,10.97
791565,435,434.97,-90.48,-90.48,0,10.97
791570,436,435.69,-92.82,-92.82,0,10.97
791575,437,437.03,-95.09,-95.09,0,10.97
791580,434,434.33,-97.27,-97.27,0,10.97
791585,433,432.97,-99.32,-99.32,0,10.97
791590,434,433.65,-101.23,-101.23,0,10.97
791595,432,432.03,-102.97,-102.97,0,10.97
791600,432,432.37,-104.5,-104.5,0,10.97
791605,432,431.97,-105.81,-105.81,0,10.97
791610,433,432.61,-106.86,-106.86,0,10.97
791615,432,432.04,-107.62,-107.62,0,10.97
791620,433,433.41,-108.06,-107.62,0,10.97
791625,432,431.96,-108.13,-107.62,0,10.97
791630,434,433.57,-107.81,-107.62,0,10.97
791635,433,433.04,-107.05,-107.05,0,10.97
791640,433,433.45,-105.82,-105.82,0,10.97
791645,436,435.96,-104.08,-104.08,0,10.97
791650,433,432.53,-101.79,-101.79,0,10.97
791655,435,435.04,-98.91,-98.91,0,10.97
791660,439,439.49,-95.41,-95.41,0,10.97
791665,433,432.96,-91.25,-91.25,0,10.97
791670,434,433.47,-86.4,-86.4,0,10.97
791675,433,433.05,-80.83,-80.83,0,10.97
791680,409,409.55,-74.51,-74.51,0,10.97
791685,434,433.95,-67.43,-67.43,0,10.97
791690,435,434.46,-59.58,-59.58,0,10.97
791695,435,435.05,-50.95,-50.95,0,10.97
791700,436,436.51,-41.57,-41.57,0,10.97
791705,439,438.95,-31.44,-31.44,0,10.97
791710,443,442.51,-20.6,-20.6,0,10.97
791715,450,450.05,-9.09,-9.09,0,10.97
791720,460,460.46,3.02,3.02,0,10.97
791725,479,478.96,15.68,15.68,0,10.97
791730,491,490.57,28.79,28.79,0,10.97
791735,513,513.04,42.26,42.26,0,10.97
791740,540,540.42,55.97,55.97,0,10.97
791745,565,564.98,69.82,69.82,0,10.97
791750,595,594.6,83.67,83.67,0,10.97
791755,624,624.01,97.39,97.39,0,10.97
791760,652,652.38,110.85,110.85,0,10.97
791765,678,678.0,123.92,123.92,0,10.97
791770,701,700.63,136.47,136.47,0,10.97
791775,722,721.99,148.38,148.38,0,10.97
791780,738,738.36,159.52,159.52,0,10.97
791785,753,753.02,169.82,169.82,0,10.97
791790,766,765.65,179.16,179.16,0,10.97
791795,774,773.97,187.48,187.48,0,10.97
791800,781,781.33,194.71,194.71,0,10.97
791805,783,783.04,200.8,200.8,0,10.97
791810,784,783.68,205.72,205.72,0,10.97
791815,782,781.95,209.46,209.46,0,10.97
791820,778,778.31,212.01,212.01,0,10.97
791825,773,773.06,213.37,212.01,0,10.97
791830,767,766.7,213.57,212.01,0,10.97
791835,757,756.93,212.63,212.01,0,10.97
791840,747,747.28,210.61,210.61,0,10.97
791845,740,740.08,207.54,207.54,0,10.97
791850,729,728.73,203.49,203.49,0,10.97
791855,720,719.9,198.52,198.52,0,10.97
791860,710,710.25,192.69,192.69,0,10.97
791865,697,697.11,186.07,186.07,0,10.97
791870,689,688.76,178.74,178.74,0,10.97
791875,680,679.88,170.76,170.76,0,10.97
791880,673,673.23,162.22,162.22,0,10.97
791885,659,659.12,153.18,153.18,0,10.97
791890,653,652.78,143.72,143.72,0,10.97
791895,643,642.88,133.91,133.91,0,10.97
791900,638,638.22,123.82,123.82,0,10.97
791905,627,627.13,113.52,113.52,0,10.97
791910,619,618.78,103.07,103.07,0,10.97
791915,610,609.87,92.54,92.54,0,10.97
791920,601,601.22,82.0,82.0,0,10.97
791925,593,593.14,71.5,71.5,0,10.97
791930,583,582.77,61.1,61.1,0,10.97
791935,570,569.86,50.87,50.87,0,10.97
791940,561,561.23,40.85,40.85,0,10.97
791945,549,549.15,31.1,31.1,0,10.97
791950,537,536.77,21.67,21.67,0,10.97
791955,525,524.83,12.61,12.61,0,10.97
791960,514,514.23,3.95,3.95,0,10.97
791965,502,502.18,-4.26,-4.26,0,10.97
791970,493,492.76,-11.99,-11.99,0,10.97
791975,485,484.81,-19.22,-19.22,0,10.97
791980,478,478.25,-25.93,-25.93,0,10.97
791985,460,460.2,-32.09,-32.09,0,10.97
791990,465,464.75,-37.71,-37.71,0,10.97
791995,461,460.81,-42.78,-42.78,0,10.97
792000,457,457.27,-47.31,-47.31,0,10.97
792005,457,457.17,-51.31,-51.31,0,10.97
792010,454,453.73,-54.8,-54.8,0,10.97
792015,457,456.85,-57.8,-57.8,0,10.97
792020,454,454.29,-60.35,-60.35,0,10.97
792025,456,456.14,-62.46,-62.46,0,10.97
792030,455,454.7,-64.18,-64.18,0,10.97
792035,457,456.88,-65.54,-65.54,0,10.97
792040,461,461.31,-66.58,-66.58,0,10.97
792045,461,461.1,-67.35,-67.35,0,10.97
792050,465,464.67,-67.89,-67.89,0,10.97
792055,464,463.91,-68.24,-68.24,0,10.97
792060,470,470.35,-68.44,-68.44,0,10.97
792065,469,469.08,-68.52,-68.46,0,10.97
792070,471,470.62,-68.53,-68.46,0,10.97
792075,472,471.94,-68.5,-68.46,0,10.97
792080,469,469.4,-68.46,-68.5,0,10.97
792085,471,471.05,-68.44,-68.5,0,10.97
792090,469,468.58,-68.46,-68.5,0,10.97
792095,468,467.96,-68.55,-68.55,0,10.97
792100,465,465.44,-68.73,-68.73,0,10.97
792105,464,464.02,-69.0,-69.0,0,10.97
792110,462,461.53,-69.38,-69.38,0,10.97
792115,460,459.99,-69.87,-69.87,0,10.97
792120,457,457.49,-70.48,-70.48,0,10.97
792125,453,452.99,-71.22,-71.22,0,10.97
792130,451,450.49,-72.08,-72.08,0,10.97
792135,445,445.02,-73.05,-73.05,0,10.97
792140,445,445.53,-74.14,-74.14,0,10.97
792145,443,442.97,-75.34,-75.34,0,10.97
792150,441,440.44,-76.64,-76.64,0,10.97
792155,438,438.04,-78.04,-78.04,0,10.97
792160,432,432.58,-79.52,-79.52,0,10.97
792165,435,434.95,-81.07,-81.07,0,10.97
792170,434,433.4,-82.69,-82.69,0,10.97
792175,429,429.05,-84.36,-84.36,0,10.97
792180,425,425.61,-86.08,-86.08,0,10.97
792185,427,426.95,-87.83,-87.83,0,10.97
792190,426,425.38,-89.6,-89.6,0,10.97
792195,424,424.06,-91.37,-91.37,0,10.97
792200,424,424.62,-93.15,-93.15,0,10.97
792205,422,421.94,-94.91,-94.91,0,10.97
792210,423,422.37,-96.64,-96.64,0,10.97
792215,421,421.06,-98.33,-98.33,0,10.97
792220,421,421.64,-99.97,-99.97,0,10.97
792225,423,422.94,-101.53,-101.53,0,10.97
792230,423,422.36,-103.01,-103.01,0,10.97
792235,423,423.06,-104.39,-104.39,0,10.97
792240,422,422.65,-105.64,-105.64,0,10.97
792245,423,422.94,-106.75,-106.75,0,10.97
792250,423,422.34,-107.69,-107.69,0,10.97
792255,425,425.06,-108.44,-108.44,0,10.97
792260,425,425.67,-108.98,-108.98,0,10.97
792265,424,423.94,-109.27,-108.98,0,10.97
792270,425,424.32,-109.28,-108.98,0,10.97
792275,422,422.07,-108.99,-108.98,0,10.97
792280,425,425.69,-108.36,-108.36,0,10.97
792285,427,426.93,-107.35,-107.35,0,10.97
792290,426,425.29,-105.94,-105.94,0,10.97
792295,426,426.06,-104.07,-104.07,0,10.97
792300,426,426.72,-101.72,-101.72,0,10.97
792305,426,425.95,-98.84,-98.84,0,10.97
792310,427,426.26,-95.4,-95.4,0,10.97
792315,426,426.05,-91.37,-91.37,0,10.97
792320,427,427.76,-86.71,-86.71,0,10.97
792325,428,427.96,-81.39,-81.39,0,10.97
792330,437,436.22,-75.39,-75.39,0,10.97
792335,427,427.03,-68.68,-68.68,0,10.97
792340,431,431.78,-61.24,-61.24,0,10.97
792345,428,427.98,-53.07,-53.07,0,10.97
792350,429,428.21,-44.16,-44.16,0,10.97
792355,430,430.01,-34.53,-34.53,0,10.97
792360,434,434.8,-24.18,-24.18,0,10.97
792365,439,439.0,-13.16,-13.16,0,10.97
792370,446,445.19,-1.49,-1.49,0,10.97
792375,458,457.99,10.76,10.76,0,10.97
792380,473,473.83,23.52,23.52,0,10.97
792385,494,494.03,36.71,36.71,0,10.97
792390,513,512.15,50.23,50.23,0,10.97
792395,539,538.96,63.98,63.98,0,10.97
792400,543,543.86,77.85,77.85,0,10.97
792405,595,595.07,91.7,91.7,0,10.97
792410,622,621.16,105.42,105.42,0,10.97
792415,655,654.92,118.86,118.86,0,10.97
792420,675,675.8,131.9,131.9,0,10.97
792425,698,698.09,144.41,144.41,0,10.97
792430,717,716.22,156.28,156.28,0,10.97
792435,733,732.9,167.39,167.39,0,10.97
792440,747,747.74,177.64,177.64,0,10.97
792445,759,759.11,186.96,186.96,0,10.97
792450,768,767.28,195.25,195.25,0,10.97
792455,771,770.87,202.47,202.47,0,10.97
792460,773,773.69,208.57,208.57,0,10.97
792465,775,775.14,213.52,213.52,0,10.97
792470,771,770.34,217.3,217.3,0,10.97
792475,771,770.84,219.9,219.9,0,10.97
792480,762,762.63,221.34,219.9,0,10.97
792485,756,756.17,221.62,219.9,0,10.97
792490,749,748.39,220.8,219.9,0,10.97
792495,740,739.82,218.89,218.89,0,10.97
792500,732,732.58,215.95,215.95,0,10.97
792505,723,723.19,212.04,212.04,0,10.97
792510,714,713.44,207.21,207.21,0,10.97
792515,703,702.8,201.52,201.52,0,10.97
792520,695,695.53,195.04,195.04,0,10.97
792525,685,685.22,187.85,187.85,0,10.97
792530,676,675.49,180.0,180.0,0,10.97
792535,667,666.76,171.58,171.58,0,10.97
792540,657,657.49,162.65,162.65,0,10.97
792545,649,649.25,153.28,153.28,0,10.97
792550,641,640.53,143.55,143.55,0,10.97
792555,632,631.73,133.53,133.53,0,10.97
792560,623,623.45,123.28,123.28,0,10.97
792565,614,614.29,112.88,112.88,0,10.97
792570,605,604.57,102.38,102.38,0,10.97
792575,596,595.7,91.85,91.85,0,10.97
792580,585,585.41,81.35,81.35,0,10.97
792585,574,574.32,70.96,70.96,0,10.97
792590,562,561.6,60.71,60.71,0,10.97
792595,553,552.66,50.68,50.68,0,10.97
792600,537,537.38,40.92,40.92,0,10.97
792605,522,522.35,31.47,31.47,0,10.97
792610,515,514.64,22.38,22.38,0,10.97
792615,503,502.65,13.7,13.7,0,10.97
792620,491,491.34,5.45,5.45,0,10.97
792625,480,480.35,-2.32,-2.32,0,10.97
792630,475,474.68,-9.6,-9.6,0,10.97
792635,466,465.65,-16.36,-16.36,0,10.97
792640,462,462.3,-22.6,-22.6,0,10.97
792645,455,455.35,-28.31,-28.31,0,10.97
792650,451,450.72,-33.49,-33.49,0,10.97
792655,449,448.66,-38.16,-38.16,0,10.97
792660,449,449.27,-42.32,-42.32,0,10.97
792665,447,447.34,-45.99,-45.99,0,10.97
792670,450,449.75,-49.2,-49.2,0,10.97
792675,449,448.66,-51.98,-51.98,0,10.97
792680,449,449.24,-54.36,-54.36,0,10.97
792685,451,451.34,-56.38,-56.38,0,10.97
792690,452,451.78,-58.07,-58.07,0,10.97
792695,453,452.66,-59.46,-59.46,0,10.97
792700,455,455.2,-60.61,-60.61,0,10.97
792705,456,456.34,-61.55,-61.55,0,10.97
792710,458,457.81,-62.31,-62.31,0,10.97
792715,458,457.65,-62.92,-62.92,0,10.97
792720,459,459.17,-63.44,-63.44,0,10.97
792725,453,453.35,-63.87,-63.87,0,10.97
792730,456,455.85,-64.26,-64.26,0,10.97
792735,460,459.66,-64.63,-64.63,0,10.97
792740,457,457.14,-64.99,-64.99,0,10.97
792745,454,454.32,-65.38,-65.38,0,10.97
792750,454,453.86,-65.8,-65.8,0,10.97
792755,453,452.69,-66.26,-66.26,0,10.97
792760,449,449.13,-66.78,-66.78,0,10.97
792765,447,447.28,-67.36,-67.36,0,10.97
792770,444,443.88,-68.01,-68.01,0,10.97
792775,442,441.74,-68.71,-68.71,0,10.97
792780,435,435.11,-69.47,-69.47,0,10.97
792785,435,435.24,-70.28,-70.28,0,10.97
792790,434,433.91,-71.14,-71.14,0,10.97
792795,430,429.78,-72.04,-72.04,0,10.97
792800,427,427.07,-72.97,-72.97,0,10.97
792805,425,425.2,-73.91,-73.91,0,10.97
792810,422,421.95,-74.87,-74.87,0,10.97
792815,422,421.82,-75.82,-75.82,0,10.97
792820,421,421.03,-76.77,-76.77,0,10.97
792825,418,418.15,-77.69,-77.69,0,10.97
792830,418,417.98,-78.59,-78.59,0,10.97
792835,416,415.87,-79.45,-79.45,0,10.97
792840,414,414.0,-80.26,-80.26,0,10.97
792845,415,415.11,-81.01,-81.01,0,10.97
792850,414,414.02,-81.71,-81.71,0,10.97
792855,408,407.91,-82.34,-82.34,0,10.97
792860,416,415.96,-82.9,-82.9,0,10.97
792865,412,412.08,-83.38,-83.38,0,10.97
792870,411,411.05,-83.79,-83.79,0,10.97
792875,411,410.93,-84.12,-84.12,0,10.97
792880,410,409.94,-84.38,-84.38,0,10.97
792885,407,407.07,-84.55,-84.55,0,10.97
792890,412,412.08,-84.65,-84.55,0,10.97
792895,411,410.95,-84.68,-84.55,0,10.97
792900,412,411.91,-84.63,-84.55,0,10.97
792905,411,411.04,-84.53,-84.53,0,10.97
792910,411,411.11,-84.36,-84.36,0,10.97
792915,410,409.98,-84.14,-84.14,0,10.97
792920,413,412.88,-83.88,-83.88,0,10.97
792925,413,413.01,-83.58,-83.58,0,10.97
792930,412,412.13,-83.24,-83.24,0,10.97
792935,411,411.0,-82.89,-82.89,0,10.97
792940,414,413.86,-82.52,-82.52,0,10.97
792945,415,414.99,-82.15,-82.15,0,10.97
792950,417,417.15,-81.79,-81.79,0,10.97
792955,417,417.01,-81.44,-81.44,0,10.97
792960,418,417.84,-81.12,-81.12,0,10.97
792965,419,418.99,-80.84,-80.84,0,10.97
792970,419,419.18,-80.59,-80.59,0,10.97
792975,420,420.02,-80.4,-80.4,0,10.97
792980,421,420.81,-80.27,-80.27,0,10.97
792985,421,420.98,-80.2,-80.27,0,10.97
792990,421,421.2,-80.2,-80.27,0,10.97
792995,422,422.02,-80.27,-80.27,0,10.97
793000,424,423.79,-80.41,-80.41,0,10.97
793005,424,423.97,-80.63,-80.63,0,10.97
793010,423,423.22,-80.92,-80.92,0,10.97
793015,424,424.03,-81.28,-81.28,0,10.97
793020,427,426.77,-81.71,-81.71,0,10.97
793025,426,425.97,-82.2,-82.2,0,10.97
793030,427,427.23,-82.73,-82.73,0,10.97
793035,428,428.03,-83.31,-83.31,0,10.97
793040,426,425.77,-83.9,-83.9,0,10.97
793045,429,428.97,-84.51,-84.51,0,10.97
793050,429,429.24,-85.09,-85.09,0,10.97
793055,434,434.03,-85.65,-85.65,0,10.97
793060,430,429.75,-86.14,-86.14,0,10.97
793065,429,428.96,-86.54,-86.54,0,10.97
793070,432,432.26,-86.82,-86.57,0,10.97
793075,430,430.06,-86.94,-86.57,0,10.97
793080,431,430.72,-86.87,-86.57,0,10.97
793085,428,427.93,-86.57,-86.57,0,10.97
793090,431,431.29,-86.0,-86.0,0,10.97
793095,432,432.09,-85.11,-85.11,0,10.97
793100,431,430.69,-83.85,-83.85,0,10.97
793105,430,429.88,-82.19,-82.19,0,10.97
793110,432,432.33,-80.08,-80.08,0,10.97
793115,430,430.15,-77.47,-77.47,0,10.97
793120,431,430.65,-74.32,-74.32,0,10.97
793125,431,430.83,-70.58,-70.58,0,10.97
793130,432,432.37,-66.21,-66.21,0,10.97
793135,429,429.2,-61.17,-61.17,0,10.97
793140,430,429.61,-55.43,-55.43,0,10.97
793145,430,429.78,-48.96,-48.96,0,10.97
793150,429,429.42,-41.74,-41.74,0,10.97
793155,428,428.25,-33.76,-33.76,0,10.97
793160,428,427.55,-25.0,-25.0,0,10.97
793165,431,430.73,-15.48,-15.48,0,10.97
793170,433,433.48,-5.21,-5.21,0,10.97
793175,438,438.29,5.79,5.79,0,10.97
793180,444,443.49,17.46,17.46,0,10.97
793185,453,452.69,29.75,29.75,0,10.97
793190,471,471.56,42.58,42.58,0,10.97
793195,489,489.34,55.87,55.87,0,10.97
793200,513,512.41,69.51,69.51,0,10.97
793205,539,538.63,83.4,83.4,0,10.97
793210,567,567.64,97.4,97.4,0,10.97
793215,598,598.4,111.38,111.38,0,10.97
793220,628,627.32,125.21,125.21,0,10.97
793225,656,655.57,138.75,138.75,0,10.97
793230,684,684.72,151.85,151.85,0,10.97
793235,684,684.45,164.38,164.38,0,10.97
793240,731,730.23,176.22,176.22,0,10.97
793245,747,746.56,187.24,187.24,0,10.97
793250,764,764.81,197.34,197.34,0,10.97
793255,776,776.41,206.41,206.41,0,10.97
793260,786,785.14,214.38,214.38,0,10.97
793265,789,788.61,221.19,221.19,0,10.97
793270,792,792.9,226.78,226.78,0,10.97
793275,792,792.37,231.13,231.13,0,10.97
793280,787,786.05,234.21,234.21,0,10.97
793285,781,780.65,236.03,234.21,0,10.97
793290,774,775.0,236.6,234.21,0,10.97
793295,763,763.34,235.95,234.21,0,10.97
793300,773,771.96,234.11,234.11,0,10.97
793305,746,745.68,231.14,231.14,0,10.97
793310,736,737.06,227.1,227.1,0,10.97
793315,724,724.3,222.05,222.05,0,10.97
793320,713,711.92,216.06,216.06,0,10.97
793325,704,703.72,209.22,209.22,0,10.97
793330,687,688.09,201.61,201.61,0,10.97
793335,679,679.26,193.31,193.31,0,10.97
793340,667,665.89,184.4,184.4,0,10.97
793345,659,658.77,174.97,174.97,0,10.97
793350,623,624.11,165.11,165.11,0,10.97
793355,637,637.21,154.9,154.9,0,10.97
793360,635,633.92,144.41,144.41,0,10.97
793365,617,616.82,133.73,133.73,0,10.97
793370,610,611.02,122.92,122.92,0,10.97
793375,600,600.16,112.07,112.07,0,10.97
793380,595,594.04,101.23,101.23,0,10.97
793385,580,579.87,90.47,90.47,0,10.97
793390,573,573.9,79.86,79.86,0,10.97
793395,561,561.11,69.46,69.46,0,10.97
793400,551,550.16,59.32,59.32,0,10.97
793405,540,539.91,49.5,49.5,0,10.97
793410,529,529.78,40.04,40.04,0,10.97
793415,518,518.08,30.99,30.99,0,10.97
793420,506,505.28,22.4,22.4,0,10.97
793425,498,497.95,14.28,14.28,0,10.97
793430,488,488.67,6.69,6.69,0,10.97
793435,481,481.04,-0.38,-0.38,0,10.97
793440,475,474.38,-6.89,-6.89,0,10.97
793445,466,465.98,-12.83,-12.83,0,10.97
793450,464,464.57,-18.21,-18.21,0,10.97
793455,459,459.0,-23.03,-23.03,0,10.97
793460,456,455.48,-27.29,-27.29,0,10.97
793465,449,449.01,-31.01,-31.01,0,10.97
793470,453,453.48,-34.21,-34.21,0,10.97
793475,454,453.99,-36.92,-36.92,0,10.97
793480,456,455.57,-39.17,-39.17,0,10.97
793485,457,457.01,-40.99,-40.99,0,10.97
793490,460,460.39,-42.43,-42.43,0,10.97
793495,461,460.99,-43.52,-43.52,0,10.97
793500,462,461.65,-44.32,-44.32,0,10.97
793505,468,468.01,-44.85,-44.85,0,10.97
793510,469,469.31,-45.16,-45.16,0,10.97
793515,470,469.98,-45.31,-45.16,0,10.97
793520,472,471.73,-45.32,-45.16,0,10.97
793525,473,473.03,-45.25,-45.16,0,10.97
793530,474,474.24,-45.11,-45.11,0,10.97
793535,475,474.97,-44.96,-44.96,0,10.97
793540,475,474.8,-44.82,-44.82,0,10.97
793545,475,475.04,-44.72,-44.82,0,10.97
793550,475,475.17,-44.69,-44.82,0,10.97
793555,474,473.96,-44.73,-44.82,0,10.97
793560,460,459.85,-44.88,-44.88,0,10.97
793565,471,471.05,-45.14,-45.14,0,10.97
793570,472,472.15,-45.53,-45.53,0,10.97
793575,470,469.95,-46.05,-46.05,0,10.97
793580,465,464.84,-46.7,-46.7,0,10.97
793585,466,466.06,-47.48,-47.48,0,10.97
793590,462,462.17,-48.4,-48.4,0,10.97
793595,458,457.94,-49.44,-49.44,0,10.97
793600,456,455.82,-50.61,-50.61,0,10.97
793605,452,452.07,-51.87,-51.87,0,10.97
793610,450,450.2,-53.24,-53.24,0,10.97
793615,445,444.93,-54.68,-54.68,0,10.97
793620,443,442.78,-56.19,-56.19,0,10.97
793625,437,437.08,-57.75,-57.75,0,10.97
793630,437,437.24,-59.34,-59.34,0,10.97
793635,435,434.92,-60.95,-60.95,0,10.97
793640,439,438.75,-62.56,-62.56,0,10.97
793645,428,428.08,-64.16,-64.16,0,10.97
793650,426,426.25,-65.73,-65.73,0,10.97
793655,424,423.92,-67.27,-67.27,0,10.97
793660,425,424.75,-68.75,-68.75,0,10.97
793665,422,422.08,-70.16,-70.16,0,10.97
793670,421,421.25,-71.51,-71.51,0,10.97
793675,419,418.92,-72.77,-72.77,0,10.97
793680,420,419.76,-73.94,-73.94,0,10.97
793685,417,417.08,-75.03,-75.03,0,10.97
793690,415,415.23,-76.01,-76.01,0,10.97
793695,416,415.92,-76.9,-76.9,0,10.97
793700,415,414.78,-77.7,-77.7,0,10.97
793705,415,415.09,-78.39,-78.39,0,10.97
793710,416,416.21,-79.0,-79.0,0,10.97
793715,418,417.92,-79.52,-79.52,0,10.97
793720,418,417.8,-79.96,-79.96,0,10.97
793725,416,416.08,-80.33,-80.33,0,10.97
793730,417,417.19,-80.63,-80.63,0,10.97
793735,418,417.93,-80.87,-80.87,0,10.97
793740,418,417.82,-81.07,-81.07,0,10.97
793745,419,419.06,-81.22,-81.22,0,10.97
793750,420,420.17,-81.35,-81.35,0,10.97
793755,421,420.94,-81.45,-81.45,0,10.97
793760,421,420.84,-81.54,-81.54,0,10.97
793765,422,422.05,-81.63,-81.63,0,10.97
793770,422,422.15,-81.72,-81.72,0,10.97
793775,424,423.96,-81.82,-81.82,0,10.97
793780,425,424.86,-81.94,-81.94,0,10.97
793785,426,426.03,-82.08,-82.08,0,10.97
793790,427,427.12,-82.24,-82.24,0,10.97
793795,426,425.98,-82.43,-82.43,0,10.97
793800,429,428.89,-82.64,-82.64,0,10.97
793805,428,428.02,-82.87,-82.87,0,10.97
793810,430,430.1,-83.12,-83.12,0,10.97
793815,430,429.99,-83.38,-83.38,0,10.97
793820,430,429.91,-83.64,-83.64,0,10.97
793825,432,432.0,-83.89,-83.89,0,10.97
793830,433,433.09,-84.11,-84.11,0,10.97
793835,432,432.0,-84.28,-84.28,0,10.97
793840,434,433.92,-84.39,-84.28,0,10.97
793845,435,435.0,-84.41,-84.28,0,10.97
793850,436,436.08,-84.32,-84.28,0,10.97
793855,436,436.0,-84.09,-84.09,0,10.97
793860,437,436.93,-83.69,-83.69,0,10.97
793865,437,436.99,-83.08,-83.08,0,10.97
793870,438,438.07,-82.23,-82.23,0,10.97
793875,437,437.01,-81.1,-81.1,0,10.97
793880,437,436.94,-79.65,-79.65,0,10.97
793885,437,436.99,-77.85,-77.85,0,10.97
793890,437,437.06,-75.64,-75.64,0,10.97
793895,437,437.01,-73.0,-73.0,0,10.97
793900,438,437.94,-69.88,-69.88,0,10.97
793905,437,436.99,-66.23,-66.23,0,10.97
793910,438,438.06,-62.03,-62.03,0,10.97
793915,436,436.01,-57.25,-57.25,0,10.97
793920,435,434.94,-51.84,-51.84,0,10.97
793927,434,433.99,-45.79,-45.79,0,10.97
793930,436,436.06,-39.07,-39.07,0,10.97
793935,434,434.01,-31.68,-31.68,0,10.97
793940,434,433.93,-23.61,-23.61,0,10.97
793945,435,434.99,-14.88,-14.88,0,10.97
793950,439,439.08,-5.49,-5.49,0,10.97
793955,443,443.02,4.53,4.53,0,10.97
793960,452,451.92,15.12,15.12,0,10.97
793965,460,459.98,26.23,26.23,0,10.97
793970,475,475.09,37.8,37.8,0,10.97
793975,493,493.03,49.74,49.74,0,10.97
793980,514,513.91,61.95,61.95,0,10.97
793985,536,535.96,74.34,74.34,0,10.97
793990,562,562.1,86.77,86.77,0,10.97
793995,593,593.05,99.14,99.14,0,10.97
794000,617,616.9,111.3,111.3,0,10.97
794005,642,641.93,123.15,123.15,0,10.97
794010,666,666.1,134.54,134.54,0,10.97
794015,688,688.09,145.36,145.36,0,10.97
794020,706,705.89,155.48,155.48,0,10.97
794025,724,723.89,164.82,164.82,0,10.97
794030,737,737.11,173.26,173.26,0,10.97
794035,749,749.13,180.73,180.73,0,10.97
794040,754,753.88,187.15,187.15,0,10.97
794045,757,756.84,192.48,192.48,0,10.97
794050,759,759.12,196.67,196.67,0,10.97
794055,758,758.19,199.71,199.71,0,10.97
794060,754,753.87,201.58,200.3,0,10.97
794065,746,745.78,202.28,200.3,0,10.97
794070,738,738.13,201.85,200.3,0,10.97
794075,730,730.25,200.3,200.3,0,10.97
794080,722,721.87,197.69,197.69,0,10.97
794085,710,709.71,194.05,194.05,0,10.97
794090,701,701.13,189.46,189.46,0,10.97
794095,690,690.33,183.97,183.97,0,10.97
794100,677,676.87,177.67,177.67,0,10.97
794105,684,683.64,170.62,170.62,0,10.97
794110,654,654.13,162.9,162.9,0,10.97
794115,644,644.36,154.6,154.6,0,10.97
794120,633,632.87,145.81,145.81,0,10.97
794125,621,620.64,136.6,136.6,0,10.97
794130,612,612.13,127.07,127.07,0,10.97
794135,595,595.35,117.28,117.28,0,10.97
794140,593,592.87,107.33,107.33,0,10.97
794145,584,583.66,97.28,97.28,0,10.97
794150,575,575.14,87.22,87.22,0,10.97
794155,568,568.32,77.2,77.2,0,10.97
794160,559,558.86,67.31,67.31,0,10.97
794165,548,547.7,57.59,57.59,0,10.97
794170,539,539.13,48.11,48.11,0,10.97
794175,528,528.29,38.93,38.93,0,10.97
794180,522,521.87,30.1,30.1,0,10.97
794185,509,508.72,21.66,21.66,0,10.97
794190,498,498.12,13.65,13.65,0,10.97
794195,490,490.27,6.12,6.12,0,10.97
794200,481,480.89,-0.91,-0.91,0,10.97
794205,474,473.75,-7.41,-7.41,0,10.97
794210,466,466.1,-13.37,-13.37,0,10.97
794215,462,462.24,-18.77,-18.77,0,10.97
794220,458,457.92,-23.61,-23.61,0,10.97
794225,453,452.77,-27.89,-27.89,0,10.97
794230,450,450.07,-31.63,-31.63,0,10.97
794235,448,448.22,-34.83,-34.83,0,10.97
794240,453,452.95,-37.52,-37.52,0,10.97
794245,451,450.79,-39.73,-39.73,0,10.97
794250,455,455.02,-41.48,-41.48,0,10.97
794255,456,456.2,-42.82,-42.82,0,10.97
794260,459,459.0,-43.78,-43.78,0,10.97
794265,465,464.82,-44.42,-44.42,0,10.97
794270,463,462.98,-44.76,-44.5,0,10.97
794275,462,462.16,-44.86,-44.5,0,10.97
794280,466,466.05,-44.75,-44.5,0,10.97
794285,472,471.87,-44.5,-44.5,0,10.97
794290,475,474.93,-44.13,-44.13,0,10.97
794295,488,488.11,-43.69,-43.69,0,10.97
794300,478,478.08,-43.22,-43.22,0,10.97
794305,481,480.9,-42.76,-42.76,0,10.97
794310,484,483.9,-42.33,-42.33,0,10.97
794315,482,482.1,-41.97,-41.97,0,10.97
794320,481,481.1,-41.7,-41.7,0,10.97
794325,481,480.9,-41.53,-41.7,0,10.97
794330,479,478.89,-41.48,-41.7,0,10.97
794335,476,476.09,-41.57,-41.7,0,10.97
794340,475,475.12,-41.8,-41.8,0,10.97
794345,471,470.91,-42.16,-42.16,0,10.97
794350,468,467.87,-42.67,-42.67,0,10.97
794355,464,464.08,-43.32,-43.32,0,10.97
794360,463,463.14,-44.09,-44.09,0,10.97
794365,461,460.93,-45.0,-45.0,0,10.97
794370,458,457.85,-46.01,-46.01,0,10.97
794375,455,455.07,-47.13,-47.13,0,10.97
794380,453,453.16,-48.34,-48.34,0,10.97
794385,449,448.94,-49.63,-49.63,0,10.97
794390,448,447.83,-50.97,-50.97,0,10.97
794395,443,443.05,-52.37,-52.37,0,10.97
794400,442,442.18,-53.8,-53.8,0,10.97
794405,438,437.96,-55.25,-55.25,0,10.97
794410,437,436.8,-56.71,-56.71,0,10.97
794415,435,435.03,-58.16,-58.16,0,10.97
794420,432,432.21,-59.6,-59.6,0,10.97
794425,430,429.98,-61.0,-61.0,0,10.97
794430,430,429.78,-62.38,-62.38,0,10.97
794435,428,428.02,-63.71,-63.71,0,10.97
794440,428,428.23,-64.99,-64.99,0,10.97
794445,427,426.99,-66.23,-66.23,0,10.97
794450,428,427.76,-67.4,-67.4,0,10.97
794455,427,427.01,-68.53,-68.53,0,10.97
794460,426,426.25,-69.6,-69.6,0,10.97
794465,427,427.0,-70.61,-70.61,0,10.97
794470,430,429.74,-71.58,-71.58,0,10.97
794475,426,426.0,-72.49,-72.49,0,10.97
794480,426,426.26,-73.36,-73.36,0,10.97
794485,428,428.01,-74.19,-74.19,0,10.97
794490,427,426.74,-74.97,-74.97,0,10.97
794495,427,426.98,-75.72,-75.72,0,10.97
794500,429,429.26,-76.44,-76.44,0,10.97
794505,429,429.03,-77.13,-77.13,0,10.97
794510,428,427.74,-77.79,-77.79,0,10.97
794515,429,428.96,-78.42,-78.42,0,10.97
794520,430,430.26,-79.02,-79.02,0,10.97
794525,431,431.05,-79.59,-79.59,0,10.97
794530,431,430.73,-80.14,-80.14,0,10.97
794535,431,430.93,-80.65,-80.65,0,10.97
794540,432,432.28,-81.11,-81.11,0,10.97
794545,431,431.09,-81.53,-81.53,0,10.97
794550,434,433.71,-81.89,-81.89,0,10.97
794555,438,437.9,-82.18,-82.18,0,10.97
794560,436,436.29,-82.39,-82.32,0,10.97
794565,436,436.1,-82.49,-82.32,0,10.97
794570,439,438.7,-82.48,-82.32,0,10.97
794575,438,437.89,-82.32,-82.32,0,10.97
794580,437,437.31,-82.0,-82.0,0,10.97
794585,439,439.11,-81.49,-81.49,0,10.97
794590,440,439.69,-80.76,-80.76,0,10.97
794595,441,440.89,-79.78,-79.78,0,10.97
794600,439,439.31,-78.52,-78.52,0,10.97
794605,440,440.11,-76.94,-76.94,0,10.97
794610,442,441.69,-75.01,-75.01,0,10.97
794615,444,443.89,-72.7,-72.7,0,10.97
794620,439,439.31,-69.97,-69.97,0,10.97
794625,438,438.1,-66.78,-66.78,0,10.97
794630,441,440.69,-63.11,-63.11,0,10.97
794635,442,441.92,-58.92,-58.92,0,10.97
794640,440,440.3,-54.18,-54.18,0,10.97
794645,440,440.06,-48.87,-48.87,0,10.97
794650,437,436.71,-42.98,-42.98,0,10.97
794655,438,437.96,-36.48,-36.48,0,10.97
794660,439,439.29,-29.37,-29.37,0,10.97
794665,438,438.03,-21.66,-21.66,0,10.97
794670,439,438.71,-13.35,-13.35,0,10.97
794675,443,442.99,-4.46,-4.46,0,10.97
794680,449,449.3,4.96,4.96,0,10.97
794685,458,457.99,14.88,14.88,0,10.97
794690,465,464.69,25.24,25.24,0,10.97
794695,476,476.03,35.97,35.97,0,10.97
794700,496,496.32,46.98,46.98,0,10.97
794705,515,514.97,58.18,58.18,0,10.97
794710,540,539.67,69.47,69.47,0,10.97
794715,563,563.04,80.74,80.74,0,10.97
794720,588,588.35,91.87,91.87,0,10.97
794725,615,614.96,102.73,102.73,0,10.97
794730,635,634.64,113.22,113.22,0,10.97
794735,657,657.04,123.2,123.2,0,10.97
794740,678,678.37,132.58,132.58,0,10.97
794745,694,693.96,141.23,141.23,0,10.97
794750,710,709.61,149.07,149.07,0,10.97
794755,720,720.04,156.0,156.0,0,10.97
794760,729,729.41,161.97,161.97,0,10.97
794765,733,732.96,166.9,166.9,0,10.97
794770,736,735.57,170.76,170.76,0,10.97
794775,736,736.04,173.51,173.51,0,10.97
794780,731,731.44,175.15,173.51,0,10.97
794785,727,726.95,175.66,173.51,0,10.97
794790,721,720.54,175.07,173.51,0,10.97
794795,711,711.05,173.41,173.41,0,10.97
794800,701,701.48,170.7,170.7,0,10.97
794805,692,691.95,167.0,167.0,0,10.97
794810,681,680.51,162.37,162.37,0,10.97
794815,668,668.05,156.87,156.87,0,10.97
794820,657,657.51,150.58,150.58,0,10.97
794825,646,645.95,143.56,143.56,0,10.97
794830,654,653.49,135.9,135.9,0,10.97
794835,619,619.05,127.7,127.7,0,10.97
794840,610,610.49,119.02,119.02,0,10.97
794845,601,600.97,109.96,109.96,0,10.97
794850,589,588.55,100.61,100.61,0,10.97
794855,580,580.02,91.05,91.05,0,10.97
794860,570,570.41,81.36,81.36,0,10.97
794865,560,559.99,71.63,71.63,0,10.97
794870,551,550.63,61.94,61.94,0,10.97
794875,541,541.0,52.36,52.36,0,10.97
794880,534,534.34,42.96,42.96,0,10.97
794885,523,523.02,33.81,33.81,0,10.97
794890,513,512.69,24.97,24.97,0,10.97
794895,502,501.97,16.5,16.5,0,10.97
794900,494,494.28,8.45,8.45,0,10.97
794905,485,485.05,0.87,0.87,0,10.97
794910,477,476.75,-6.2,-6.2,0,10.97
794915,468,467.93,-12.73,-12.73,0,10.97
794920,460,460.22,-18.7,-18.7,0,10.97
794925,455,455.09,-24.07,-24.07,0,10.97
794930,450,449.81,-28.84,-28.84,0,10.97
794935,447,446.89,-33.02,-33.02,0,10.97
794940,445,445.16,-36.59,-36.59,0,10.97
794945,442,442.13,-39.57,-39.57,0,10.97
794950,444,443.87,-41.98,-41.98,0,10.97
794955,445,444.86,-43.85,-43.85,0,10.97
794960,446,446.11,-45.2,-45.2,0,10.97
794965,451,451.16,-46.07,-46.07,0,10.97
794970,453,452.92,-46.51,-46.07,0,10.97
794975,457,456.82,-46.56,-46.07,0,10.97
794980,461,461.05,-46.27,-46.07,0,10.97
794985,467,467.2,-45.68,-45.68,0,10.97
794990,470,469.99,-44.85,-44.85,0,10.97
794995,477,476.78,-43.83,-43.83,0,10.97
795000,480,479.98,-42.67,-42.67,0,10.97
795005,482,482.24,-41.42,-41.42,0,10.97
795010,485,485.04,-40.13,-40.13,0,10.97
795015,488,487.74,-38.84,-38.84,0,10.97
795020,489,488.93,-37.58,-37.58,0,10.97
795025,490,490.28,-36.41,-36.41,0,10.97
795030,491,491.1,-35.34,-35.34,0,10.97
795035,491,490.71,-34.41,-34.41,0,10.97
795041,491,490.88,-33.64,-33.64,0,10.97
795045,490,490.31,-33.05,-33.05,0,10.97
795050,490,490.15,-32.65,-32.73,0,10.97
795055,485,484.67,-32.47,-32.73,0,10.97
795060,486,485.82,-32.49,-32.73,0,10.97
795065,482,482.36,-32.73,-32.73,0,10.97
795070,480,480.21,-33.18,-33.18,0,10.97
795075,476,475.62,-33.85,-33.85,0,10.97
795080,472,471.76,-34.72,-34.72,0,10.97
795085,471,471.41,-35.78,-35.78,0,10.97
795090,468,468.27,-37.03,-37.03,0,10.97
795095,480,479.57,-38.45,-38.45,0,10.97
795100,460,459.69,-40.03,-40.03,0,10.97
795105,460,460.43,-41.75,-41.75,0,10.97
795110,456,456.35,-43.6,-43.6,0,10.97
795115,454,453.57,-45.56,-45.56,0,10.97
795120,451,450.6,-47.6,-47.6,0,10.97
795125,441,441.41,-49.72,-49.72,0,10.97
795130,447,447.44,-51.89,-51.89,0,10.97
795135,443,442.61,-54.11,-54.11,0,10.97
795140,441,440.51,-56.34,-56.34,0,10.97
795145,441,441.37,-58.59,-58.59,0,10.97
795150,437,437.54,-60.83,-60.83,0,10.97
795155,438,437.65,-63.05,-63.05,0,10.97
795160,438,437.41,-65.24,-65.24,0,10.97
795165,437,437.34,-67.39,-67.39,0,10.97
795170,436,436.64,-69.48,-69.48,0,10.97
795175,436,435.68,-71.51,-71.51,0,10.97
795180,435,434.32,-73.47,-73.47,0,10.97
795185,432,432.3,-75.33,-75.33,0,10.97
795190,436,436.74,-77.09,-77.09,0,10.97
795195,434,433.72,-78.74,-78.74,0,10.97
795200,436,435.21,-80.26,-80.26,0,10.97
795205,434,434.26,-81.65,-81.65,0,10.97
795210,426,426.84,-82.87,-82.87,0,10.97
795215,436,435.76,-83.92,-83.92,0,10.97
795220,436,435.12,-84.79,-84.79,0,10.97
795225,436,436.21,-85.44,-85.44,0,10.97
795230,439,439.92,-85.87,-85.58,0,10.97
795235,437,436.81,-86.05,-85.58,0,10.97
795240,438,437.04,-85.97,-85.58,0,10.97
795245,439,439.17,-85.58,-85.58,0,10.97
795250,439,440.0,-84.88,-84.88,0,10.97
795255,437,436.85,-83.83,-83.83,0,10.97
795260,439,437.95,-82.4,-82.4,0,10.97
795265,439,439.13,-80.57,-80.57,0,10.97
795270,439,440.11,-78.31,-78.31,0,10.97
795275,440,439.88,-75.59,-75.59,0,10.97
795280,439,437.84,-72.38,-72.38,0,10.97
795285,440,440.1,-68.66,-68.66,0,10.97
795290,441,442.22,-64.4,-64.4,0,10.97
795295,440,439.91,-59.58,-59.58,0,10.97
795300,463,461.73,-54.19,-54.19,0,10.97
795305,440,440.07,-48.21,-48.21,0,10.97
795310,440,441.29,-41.64,-41.64,0,10.97
795315,438,437.94,-34.46,-34.46,0,10.97
795320,457,455.71,-26.68,-26.68,0,10.97
795325,443,443.05,-18.32,-18.32,0,10.97
795330,445,446.27,-9.4,-9.4,0,10.97
795335,448,447.95,0.05,0.05,0,10.97
795340,456,454.76,9.99,9.99,0,10.97
795345,466,466.05,20.36,20.36,0,10.97
795350,478,479.22,31.1,31.1,0,10.97
795355,493,492.96,42.12,42.12,0,10.97
795360,514,512.81,53.33,53.33,0,10.97
795365,536,536.05,64.63,64.63,0,10.97
795370,559,560.18,75.92,75.92,0,10.97
795375,583,582.95,87.07,87.07,0,10.97
795380,608,606.84,97.97,97.97,0,10.97
795385,633,633.06,108.49,108.49,0,10.97
795390,654,655.15,118.52,118.52,0,10.97
795395,685,684.94,127.94,127.94,0,10.97
795400,693,691.86,136.64,136.64,0,10.97
795405,707,707.05,144.53,144.53,0,10.97
795410,720,721.13,151.51,151.51,0,10.97
795415,727,726.97,157.53,157.53,0,10.97
795420,737,735.88,162.5,162.5,0,10.97
795425,738,738.01,166.4,166.4,0,10.97
795430,738,739.11,169.18,169.18,0,10.97
795435,735,735.0,170.83,169.18,0,10.97
795440,731,729.89,171.35,169.18,0,10.97
795445,726,725.99,170.75,169.18,0,10.97
795450,703,704.1,169.07,169.07,0,10.97
795455,709,709.02,166.33,166.33,0,10.97
795460,697,695.93,162.58,162.58,0,10.97
795465,686,685.96,157.89,157.89,0,10.97
795470,672,673.04,152.31,152.31,0,10.97
795475,659,659.05,145.93,145.93,0,10.97
795480,647,645.99,138.81,138.81,0,10.97
795485,633,632.94,131.05,131.05,0,10.97
795490,624,624.98,122.72,122.72,0,10.97
795495,612,612.07,113.92,113.92,0,10.97
795500,599,598.04,104.73,104.73,0,10.97
795505,590,589.91,95.23,95.23,0,10.97
795510,577,577.94,85.52,85.52,0,10.97
795515,572,572.1,75.68,75.68,0,10.97
795520,563,562.09,65.78,65.78,0,10.97
795525,550,549.88,55.9,55.9,0,10.97
795530,543,543.89,46.13,46.13,0,10.97
795535,529,529.15,36.52,36.52,0,10.97
795540,522,521.13,27.16,27.16,0,10.97
795545,512,511.83,18.09,18.09,0,10.97
795550,502,502.85,9.38,9.38,0,10.97
795555,493,493.18,1.08,1.08,0,10.97
795560,485,484.17,-6.76,-6.76,0,10.97
795565,476,475.8,-14.11,-14.11,0,10.97
795570,468,468.82,-20.93,-20.93,0,10.97
795575,461,461.22,-27.18,-27.18,0,10.97
795580,456,455.2,-32.86,-32.86,0,10.97
795585,450,449.76,-37.95,-37.95,0,10.97
795590,444,444.79,-42.44,-42.44,0,10.97
795595,443,443.26,-46.33,-46.33,0,10.97
795600,440,439.23,-49.63,-49.63,0,10.97
795605,440,439.72,-52.36,-52.36,0,10.97
795610,442,442.76,-54.54,-54.54,0,10.97
795615,444,444.3,-56.19,-56.19,0,10.97
795620,447,446.25,-57.35,-57.35,0,10.97
795625,448,447.67,-58.06,-57.89,0,10.97
795630,452,452.74,-58.35,-57.89,0,10.97
795635,442,442.35,-58.28,-57.89,0,10.97
795640,466,465.27,-57.89,-57.89,0,10.97
795645,464,463.65,-57.22,-57.22,0,10.97
795650,468,468.71,-56.33,-56.33,0,10.97
795655,471,471.34,-55.27,-55.27,0,10.97
795660,476,475.31,-54.08,-54.08,0,10.97
795665,478,477.67,-52.81,-52.81,0,10.97
795670,480,480.66,-51.51,-51.51,0,10.97
795675,481,481.32,-50.2,-50.2,0,10.97
795680,483,482.36,-48.94,-48.94,0,10.97
795685,484,483.68,-47.75,-47.75,0,10.97
795690,484,484.62,-46.65,-46.65,0,10.97
795695,484,484.31,-45.69,-45.69,0,10.97
795700,482,481.39,-44.87,-44.87,0,10.97
795705,485,484.7,-44.22,-44.22,0,10.97
795710,481,481.59,-43.75,-43.75,0,10.97
795715,476,476.28,-43.47,-43.75,0,10.97
795720,483,482.42,-43.38,-43.75,0,10.97
795725,476,475.74,-43.49,-43.75,0,10.97
795730,475,475.56,-43.8,-43.8,0,10.97
795735,473,473.24,-44.3,-44.3,0,10.97
795740,470,469.46,-44.99,-44.99,0,10.97
795745,465,464.78,-45.86,-45.86,0,10.97
795750,465,465.52,-46.9,-46.9,0,10.97
795755,461,461.21,-48.11,-48.11,0,10.97
795760,460,459.49,-49.46,-49.46,0,10.97
795765,456,455.81,-50.94,-50.94,0,10.97
795770,455,455.49,-52.55,-52.55,0,10.97
795775,452,452.18,-54.27,-54.27,0,10.97
795780,450,449.52,-56.08,-56.08,0,10.97
795785,448,447.83,-57.97,-57.97,0,10.97
795790,444,444.46,-59.93,-59.93,0,10.97
795795,446,446.16,-61.94,-61.94,0,10.97
795800,440,439.55,-63.98,-63.98,0,10.97
795805,440,439.85,-66.06,-66.06,0,10.97
795810,439,439.44,-68.15,-68.15,0,10.97
795815,439,439.15,-70.24,-70.24,0,10.97
795820,438,437.57,-72.32,-72.32,0,10.97
795825,436,435.85,-74.38,-74.38,0,10.97
795830,435,435.42,-76.41,-76.41,0,10.97
795835,435,435.15,-78.4,-78.4,0,10.97
795840,435,434.59,-80.33,-80.33,0,10.97
795845,436,435.85,-82.2,-82.2,0,10.97
795850,433,433.4,-83.99,-83.99,0,10.97
795855,435,435.15,-85.68,-85.68,0,10.97
795860,435,434.61,-87.28,-87.28,0,10.97
795865,435,434.85,-88.75,-88.75,0,10.97
795870,434,434.38,-90.09,-90.09,0,10.97
795875,433,433.15,-91.28,-91.28,0,10.97
795880,437,436.64,-92.29,-92.29,0,10.97
795885,435,434.86,-93.12,-93.12,0,10.97
795890,435,435.34,-93.72,-93.72,0,10.97
795895,434,434.13,-94.09,-93.72,0,10.97
795900,436,435.67,-94.2,-93.72,0,10.97
795905,438,437.88,-94.02,-93.72,0,10.97
795910,439,439.31,-93.52,-93.52,0,10.97
795915,440,440.11,-92.66,-92.66,0,10.97
795920,441,440.71,-91.43,-91.43,0,10.97
795925,441,440.9,-89.79,-89.79,0,10.97
795930,441,441.28,-87.71,-87.71,0,10.97
795935,441,441.09,-85.14,-85.14,0,10.97
795940,442,441.74,-82.07,-82.07,0,10.97
795945,442,441.92,-78.45,-78.45,0,10.97
795950,443,443.25,-74.26,-74.26,0,10.97
795955,443,443.07,-69.46,-69.46,0,10.97
795960,441,440.76,-64.04,-64.04,0,10.97
795965,443,442.94,-57.97,-57.97,0,10.97
795970,442,442.23,-51.23,-51.23,0,10.97
795975,443,443.06,-43.81,-43.81,0,10.97
795980,444,443.78,-35.72,-35.72,0,10.97
795985,445,444.95,-26.95,-26.95,0,10.97
795990,447,447.21,-17.53,-17.53,0,10.97
795995,449,449.04,-7.47,-7.47,0,10.97
796000,457,456.8,3.18,3.18,0,10.97
796005,462,461.98,14.38,14.38,0,10.97
796010,476,476.2,26.05,26.05,0,10.97
796015,493,493.02,38.13,38.13,0,10.97
796020,510,509.82,50.52,50.52,0,10.97
796025,532,531.99,63.13,63.13,0,10.97
796030,556,556.18,75.84,75.84,0,10.97
796035,582,582.01,88.53,88.53,0,10.97
796040,609,608.83,101.09,101.09,0,10.97
796045,636,635.99,113.37,113.37,0,10.97
796050,662,662.16,125.26,125.26,0,10.97
796055,684,684.0,136.63,136.63,0,10.97
796060,707,706.85,147.35,147.35,0,10.97
796065,725,725.0,157.32,157.32,0,10.97
796070,741,741.14,166.42,166.42,0,10.97
796075,753,752.99,174.58,174.58,0,10.97
796080,762,761.86,181.7,181.7,0,10.97
796085,768,768.01,187.74,187.74,0,10.97
796090,773,773.13,192.64,192.64,0,10.97
796095,771,770.97,196.36,196.36,0,10.97
796100,771,770.87,198.9,198.9,0,10.97
796105,755,755.02,200.24,198.9,0,10.97
796110,759,759.13,200.4,198.9,0,10.97
796115,751,750.99,199.41,198.9,0,10.97
796120,743,742.88,197.3,197.3,0,10.97
796125,731,730.99,194.12,194.12,0,10.97
796130,721,721.12,189.92,189.92,0,10.97
796135,709,709.03,184.77,184.77,0,10.97
796140,698,697.89,178.75,178.75,0,10.97
796145,684,683.95,171.92,171.92,0,10.97
796150,673,673.11,164.38,164.38,0,10.97
796155,660,660.07,156.19,156.19,0,10.97
796160,650,649.9,147.46,147.46,0,10.97
796165,638,637.9,138.27,138.27,0,10.97
796170,625,625.09,128.7,128.7,0,10.97
796175,607,607.11,118.83,118.83,0,10.97
796180,607,606.92,108.76,108.76,0,10.97
796185,597,596.89,98.55,98.55,0,10.97
796190,586,586.06,88.28,88.28,0,10.97
796195,578,578.11,78.02,78.02,0,10.97
796200,570,569.96,67.85,67.85,0,10.97
796205,562,561.9,57.83,57.83,0,10.97
796210,551,551.02,48.01,48.01,0,10.97
796215,544,544.1,38.46,38.46,0,10.97
796220,533,533.0,29.23,29.23,0,10.97
796225,523,522.91,20.36,20.36,0,10.97
796230,514,513.98,11.9,11.9,0,10.97
796235,507,507.09,3.89,3.89,0,10.97
796240,496,496.04,-3.64,-3.64,0,10.97
796245,487,486.9,-10.67,-10.67,0,10.97
796250,481,480.94,-17.16,-17.16,0,10.97
796255,474,474.1,-23.1,-23.1,0,10.97
796260,469,469.08,-28.49,-28.49,0,10.97
796265,464,463.89,-33.32,-33.32,0,10.97
796270,462,461.9,-37.59,-37.59,0,10.97
796275,456,456.12,-41.31,-41.31,0,10.97
796280,457,457.12,-44.5,-44.5,0,10.97
796285,456,455.88,-47.17,-47.17,0,10.97
796290,457,456.86,-49.36,-49.36,0,10.97
796295,459,459.12,-51.09,-51.09,0,10.97
796300,459,459.16,-52.4,-52.4,0,10.97
796305,464,463.88,-53.32,-53.32,0,10.97
796310,466,465.82,-53.9,-53.9,0,10.97
796315,468,468.13,-54.18,-53.9,0,10.97
796320,469,469.19,-54.19,-53.9,0,10.97
796325,470,469.87,-53.99,-53.9,0,10.97
796330,473,472.8,-53.61,-53.61,0,10.97
796335,476,476.14,-53.09,-53.09,0,10.97
796340,479,479.22,-52.49,-52.49,0,10.97
796345,480,479.85,-51.83,-51.83,0,10.97
796350,481,480.76,-51.15,-51.15,0,10.97
796355,482,482.16,-50.48,-50.48,0,10.97
796360,482,482.26,-49.86,-49.86,0,10.97
796365,486,485.83,-49.32,-49.32,0,10.97
796370,483,482.72,-48.86,-48.86,0,10.97
796375,482,482.17,-48.53,-48.53,0,10.97
796380,481,481.3,-48.32,-48.53,0,10.97
796385,479,478.83,-48.26,-48.53,0,10.97
796390,477,476.68,-48.35,-48.53,0,10.97
796395,474,474.17,-48.59,-48.59,0,10.97
796400,473,473.34,-49.0,-49.0,0,10.97
796405,469,468.82,-49.57,-49.57,0,10.97
796410,468,467.64,-50.29,-50.29,0,10.97
796415,460,460.18,-51.16,-51.16,0,10.97
796420,462,462.39,-52.18,-52.18,0,10.97
796425,460,459.83,-53.34,-53.34,0,10.97
796430,457,456.59,-54.63,-54.63,0,10.97
796435,458,458.16,-56.04,-56.04,0,10.97
796440,450,450.44,-57.57,-57.57,0,10.97
796445,448,447.84,-59.19,-59.19,0,10.97
796450,446,445.54,-60.9,-60.9,0,10.97
796455,444,444.17,-62.69,-62.69,0,10.97
796460,444,444.48,-64.54,-64.54,0,10.97
796465,440,439.83,-66.45,-66.45,0,10.97
796470,462,461.5,-68.41,-68.41,0,10.97
796475,437,437.17,-70.4,-70.4,0,10.97
796480,437,437.48,-72.42,-72.42,0,10.97
796485,435,434.82,-74.44,-74.44,0,10.97
796490,434,433.55,-76.47,-76.47,0,10.97
796495,433,433.19,-78.47,-78.47,0,10.97
796500,433,433.43,-80.46,-80.46,0,10.97
796505,432,431.81,-82.4,-82.4,0,10.97
796510,432,431.6,-84.29,-84.29,0,10.97
796515,431,431.2,-86.11,-86.11,0,10.97
796520,430,430.38,-87.86,-87.86,0,10.97
796525,430,429.8,-89.51,-89.51,0,10.97
796530,429,428.65,-91.05,-91.05,0,10.97
796535,430,430.21,-92.47,-92.47,0,10.97
796540,431,431.33,-93.75,-93.75,0,10.97
796545,433,432.78,-94.87,-94.87,0,10.97
796550,431,430.69,-95.82,-95.82,0,10.97
796555,433,433.22,-96.56,-96.56,0,10.97
796560,430,430.3,-97.08,-97.06,0,10.97
796565,434,433.77,-97.35,-97.06,0,10.97
796570,433,432.73,-97.36,-97.06,0,10.97
796575,431,431.23,-97.06,-97.06,0,10.97
796580,437,437.26,-96.43,-96.43,0,10.97
796585,436,435.77,-95.44,-95.44,0,10.97
796590,434,433.76,-94.06,-94.06,0,10.97
796595,435,435.22,-92.26,-92.26,0,10.97
796600,436,436.23,-90.01,-90.01,0,10.97
796605,435,434.79,-87.27,-87.27,0,10.97
796610,435,434.77,-84.01,-84.01,0,10.97
796615,435,435.21,-80.2,-80.2,0,10.97
796620,436,436.22,-75.81,-75.81,0,10.97
796625,436,435.8,-70.82,-70.82,0,10.97
796630,437,436.78,-65.21,-65.21,0,10.97
796635,437,437.2,-58.96,-58.96,0,10.97
796640,436,436.21,-52.05,-52.05,0,10.97
796645,436,435.8,-44.49,-44.49,0,10.97
796650,437,436.79,-36.28,-36.28,0,10.97
796655,439,439.2,-27.42,-27.42,0,10.97
796660,442,442.2,-17.95,-17.95,0,10.97
796665,448,447.81,-7.89,-7.89,0,10.97
796670,454,453.8,2.7,2.7,0,10.97
796675,467,467.2,13.78,13.78,0,10.97
796680,477,477.2,25.28,25.28,0,10.97
796685,495,494.8,37.1,37.1,0,10.97
796690,518,517.81,49.16,49.16,0,10.97
796695,535,535.2,61.36,61.36,0,10.97
796700,562,562.18,73.58,73.58,0,10.97
796705,587,586.8,85.7,85.7,0,10.97
796710,614,613.83,97.61,97.61,0,10.97
796715,638,638.2,109.18,109.18,0,10.97
796720,662,662.15,120.28,120.28,0,10.97
796725,682,681.79,130.81,130.81,0,10.97
796730,703,702.86,140.65,140.65,0,10.97
796735,717,717.21,149.71,149.71,0,10.97
796740,729,729.12,157.88,157.88,0,10.97
796745,739,738.79,165.1,165.1,0,10.97
796750,745,744.89,171.29,171.29,0,10.97
796755,747,747.21,176.41,176.41,0,10.97
796760,748,748.09,180.43,180.43,0,10.97
796765,738,737.77,183.32,183.32,0,10.97
796770,743,742.93,185.07,183.63,0,10.97
796775,739,739.25,185.69,183.63,0,10.97
796780,732,732.05,185.2,183.63,0,10.97
796785,726,725.72,183.63,183.63,0,10.97
796790,716,715.96,181.01,181.01,0,10.97
796795,704,704.3,177.4,177.4,0,10.97
796800,694,694.02,172.86,172.86,0,10.97
796805,684,683.68,167.44,167.44,0,10.97
796810,673,673.0,161.22,161.22,0,10.97
796815,663,663.35,154.28,154.28,0,10.97
796820,648,647.97,146.69,146.69,0,10.97
796825,639,638.63,138.53,138.53,0,10.97
796830,629,629.05,129.88,129.88,0,10.97
796835,619,619.4,120.83,120.83,0,10.97
796840,607,606.92,111.46,111.46,0,10.97
796845,601,600.56,101.84,101.84,0,10.97
796850,588,588.12,92.05,92.05,0,10.97
796855,579,579.46,82.17,82.17,0,10.97
796860,570,569.85,72.28,72.28,0,10.97
796865,560,559.51,62.44,62.44,0,10.97
796870,551,551.18,52.71,52.71,0,10.97
796875,543,543.52,43.18,43.18,0,10.97
796880,534,533.79,33.88,33.88,0,10.97
796885,522,521.44,24.88,24.88,0,10.97
796890,513,513.24,16.24,16.24,0,10.97
796895,506,506.6,7.99,7.99,0,10.97
796900,497,496.74,0.18,0.18,0,10.97
796905,487,486.36,-7.16,-7.16,0,10.97
796910,473,473.28,-13.99,-13.99,0,10.97
796915,449,449.67,-20.29,-20.29,0,10.97
796920,469,468.71,-26.04,-26.04,0,10.97
796925,462,461.33,-31.23,-31.23,0,10.97
796930,456,456.29,-35.87,-35.87,0,10.97
796935,452,452.66,-39.94,-39.94,0,10.97
796940,449,448.71,-43.47,-43.47,0,10.97
796945,448,447.36,-46.47,-46.47,0,10.97
796950,449,449.3,-48.96,-48.96,0,10.97
796955,450,450.63,-50.97,-50.97,0,10.97
796960,467,466.71,-52.53,-52.53,0,10.97
796965,450,449.38,-53.67,-53.67,0,10.97
796970,459,459.27,-54.44,-54.44,0,10.97
796975,456,456.62,-54.86,-54.52,0,10.97
796980,460,459.76,-54.99,-54.52,0,10.97
796985,462,461.38,-54.86,-54.52,0,10.97
796990,470,470.22,-54.52,-54.52,0,10.97
796995,469,469.62,-54.01,-54.01,0,10.97
797000,472,471.8,-53.37,-53.37,0,10.97
797005,474,473.37,-52.64,-52.64,0,10.97
797010,475,475.18,-51.86,-51.86,0,10.97
797015,465,465.62,-51.05,-51.05,0,10.97
797020,478,477.83,-50.26,-50.26,0,10.97
797025,479,478.39,-49.52,-49.52,0,10.97
797030,480,480.15,-48.85,-48.85,0,10.97
797035,480,480.58,-48.26,-48.26,0,10.97
797040,478,477.86,-47.79,-47.79,0,10.97
797045,476,475.44,-47.45,-47.45,0,10.97
797050,477,477.13,-47.24,-47.45,0,10.97
797055,473,473.55,-47.19,-47.45,0,10.97
797060,472,471.88,-47.28,-47.45,0,10.97
797065,470,469.47,-47.52,-47.52,0,10.97
797070,469,469.12,-47.91,-47.91,0,10.97
797075,466,466.52,-48.46,-48.46,0,10.97
797080,461,460.88,-49.14,-49.14,0,10.97
797085,458,457.49,-49.95,-49.95,0,10.97
797090,456,456.12,-50.89,-50.89,0,10.97
797095,446,446.49,-51.93,-51.93,0,10.97
797100,449,448.88,-53.08,-53.08,0,10.97
797105,448,447.53,-54.32,-54.32,0,10.97
797110,446,446.12,-55.64,-55.64,0,10.97
797115,441,441.45,-57.02,-57.02,0,10.97
797120,440,439.87,-58.46,-58.46,0,10.97
797125,440,439.58,-59.95,-59.95,0,10.97
797130,439,439.14,-61.49,-61.49,0,10.97
797135,438,438.39,-63.05,-63.05,0,10.97
797140,440,439.85,-64.64,-64.64,0,10.97
797145,435,434.63,-66.25,-66.25,0,10.97
797150,434,434.16,-67.87,-67.87,0,10.97
797155,449,449.36,-69.5,-69.5,0,10.97
797160,434,433.84,-71.13,-71.13,0,10.97
797165,431,430.63,-72.76,-72.76,0,10.97
797170,432,432.16,-74.37,-74.37,0,10.97
797175,429,429.39,-75.96,-75.96,0,10.97
797180,430,429.84,-77.53,-77.53,0,10.97
797185,431,430.59,-79.06,-79.06,0,10.97
797190,432,432.17,-80.56,-80.56,0,10.97
797195,433,433.43,-82.0,-82.0,0,10.97
797200,432,431.82,-83.39,-83.39,0,10.97
797205,432,431.55,-84.71,-84.71,0,10.97
797210,432,432.18,-85.95,-85.95,0,10.97
797215,432,432.48,-87.11,-87.11,0,10.97
797220,434,433.81,-88.15,-88.15,0,10.97
797225,434,433.49,-89.08,-89.08,0,10.97
797230,433,433.19,-89.86,-89.86,0,10.97
797235,434,434.53,-90.49,-90.49,0,10.97
797240,435,434.8,-90.93,-90.9,0,10.97
797245,435,434.44,-91.16,-90.9,0,10.97
797250,436,436.2,-91.16,-90.9,0,10.97
797255,434,434.59,-90.9,-90.9,0,10.97
797260,435,434.79,-90.35,-90.35,0,10.97
797265,437,436.39,-89.47,-89.47,0,10.97
797270,436,436.21,-88.24,-88.24,0,10.97
797275,437,437.64,-86.61,-86.61,0,10.97
797280,438,437.78,-84.56,-84.56,0,10.97
797285,438,437.33,-82.05,-82.05,0,10.97
797290,438,438.23,-79.04,-79.04,0,10.97
797295,414,414.68,-75.49,-75.49,0,10.97
797300,437,436.77,-71.39,-71.39,0,10.97
797305,438,437.34,-66.7,-66.7,0,10.97
797310,437,437.24,-61.39,-61.39,0,10.97
797315,437,437.63,-55.45,-55.45,0,10.97
797320,437,436.75,-48.87,-48.87,0,10.97
797325,436,435.41,-41.63,-41.63,0,10.97
797330,436,436.26,-33.75,-33.75,0,10.97
797335,438,438.56,-25.21,-25.21,0,10.97
797340,441,440.73,-16.05,-16.05,0,10.97
797345,444,443.47,-6.3,-6.3,0,10.97
797350,450,450.28,4.01,4.01,0,10.97
797355,460,460.51,14.82,14.82,0,10.97
797360,472,471.72,26.06,26.06,0,10.97
797365,488,487.52,37.66,37.66,0,10.97
797370,505,505.29,49.52,49.52,0,10.97
797375,529,529.46,61.55,61.55,0,10.97
797380,553,552.71,73.63,73.63,0,10.97
797385,579,578.56,85.64,85.64,0,10.97
797390,604,604.29,97.47,97.47,0,10.97
797395,629,629.42,108.98,108.98,0,10.97
797400,654,653.71,120.06,120.06,0,10.97
797405,675,674.6,130.59,130.59,0,10.97
797410,695,695.29,140.44,140.44,0,10.97
797415,712,712.37,149.52,149.52,0,10.97
797420,727,726.7,157.73,157.73,0,10.97
797425,735,734.64,164.99,164.99,0,10.97
797430,744,744.3,171.22,171.22,0,10.97
797435,746,746.34,176.38,176.38,0,10.97
797440,749,748.7,180.43,180.43,0,10.97
797445,747,746.67,183.33,183.33,0,10.97
797450,742,742.3,185.09,183.57,0,10.97
797455,738,738.31,185.7,183.57,0,10.97
797460,731,730.7,185.19,183.57,0,10.97
797465,723,722.7,183.57,183.57,0,10.97
797470,713,713.3,180.9,180.9,0,10.97
797475,704,704.28,177.23,177.23,0,10.97
797480,692,691.7,172.61,172.61,0,10.97
797485,679,678.73,167.11,167.11,0,10.97
797490,669,669.3,160.81,160.81,0,10.97
797495,657,657.26,153.78,153.78,0,10.97
797500,645,644.7,146.1,146.1,0,10.97
797505,634,633.74,137.86,137.86,0,10.97
797510,624,624.31,129.13,129.13,0,10.97
797515,612,612.25,120.01,120.01,0,10.97
797520,604,603.69,110.58,110.58,0,10.97
797525,594,593.75,100.92,100.92,0,10.97
797530,583,583.32,91.11,91.11,0,10.97
797535,576,576.24,81.22,81.22,0,10.97
797540,565,564.68,71.34,71.34,0,10.97
797545,554,553.76,61.53,61.53,0,10.97
797550,547,547.33,51.86,51.86,0,10.97
797555,537,537.24,42.39,42.39,0,10.97
797560,527,526.67,33.2,33.2,0,10.97
797565,522,521.76,24.32,24.32,0,10.97
797570,508,508.34,15.82,15.82,0,10.97
797575,499,499.23,7.75,7.75,0,10.97
797580,490,489.65,0.13,0.13,0,10.97
797585,482,481.77,-6.99,-6.99,0,10.97
797590,473,473.36,-13.58,-13.58,0,10.97
797595,465,465.22,-19.62,-19.62,0,10.97
797600,470,469.64,-25.09,-25.09,0,10.97
797605,454,453.79,-29.99,-29.99,0,10.97
797610,455,455.36,-34.31,-34.31,0,10.97
797615,448,448.2,-38.06,-38.06,0,10.97
797620,447,446.65,-41.23,-41.23,0,10.97
797625,447,446.81,-43.87,-43.87,0,10.97
797630,446,446.34,-45.97,-45.97,0,10.97
797635,449,449.19,-47.58,-47.58,0,10.97
797640,451,450.66,-48.73,-48.73,0,10.97
797645,452,451.82,-49.45,-49.45,0,10.97
797650,457,457.33,-49.79,-49.45,0,10.97
797655,462,462.18,-49.8,-49.45,0,10.97
797660,463,462.67,-49.51,-49.45,0,10.97
797665,468,467.82,-48.98,-48.98,0,10.97
797670,472,472.33,-48.25,-48.25,0,10.97
797675,476,476.18,-47.38,-47.38,0,10.97
797680,478,477.67,-46.4,-46.4,0,10.97
797685,480,479.81,-45.37,-45.37,0,10.97
797690,482,482.33,-44.32,-44.32,0,10.97
797695,485,485.2,-43.3,-43.3,0,10.97
797700,485,484.67,-42.33,-42.33,0,10.97
797705,484,483.79,-41.46,-41.46,0,10.97
797710,486,486.34,-40.7,-40.7,0,10.97
797715,487,487.22,-40.08,-40.08,0,10.97
797720,486,485.66,-39.62,-39.62,0,10.97
797725,485,484.76,-39.34,-39.62,0,10.97
797730,482,482.34,-39.25,-39.62,0,10.97
797735,478,478.26,-39.35,-39.62,0,10.97
797740,475,474.65,-39.65,-39.65,0,10.97
797745,474,473.72,-40.15,-40.15,0,10.97
797750,468,468.35,-40.85,-40.85,0,10.97
797755,469,469.29,-41.73,-41.73,0,10.97
797760,459,458.64,-42.8,-42.8,0,10.97
797765,474,473.7,-44.05,-44.05,0,10.97
797770,461,461.38,-45.46,-45.46,0,10.97
797775,458,458.3,-47.03,-47.03,0,10.97
797780,466,465.61,-48.73,-48.73,0,10.97
797785,451,450.71,-50.56,-50.56,0,10.97
797790,451,451.4,-52.51,-52.51,0,10.97
797795,446,446.28,-54.54,-54.54,0,10.97
797800,444,443.6,-56.65,-56.65,0,10.97
797805,443,442.73,-58.83,-58.83,0,10.97
797810,438,438.4,-61.04,-61.04,0,10.97
797815,438,438.26,-63.28,-63.28,0,10.97
797820,439,438.61,-65.53,-65.53,0,10.97
797825,437,436.75,-67.78,-67.78,0,10.97
797830,427,427.38,-70.01,-70.01,0,10.97
797835,434,434.24,-72.2,-72.2,0,10.97
797840,434,433.64,-74.35,-74.35,0,10.97
797845,432,431.77,-76.43,-76.43,0,10.97
797850,432,432.33,-78.44,-78.44,0,10.97
797855,432,432.22,-80.35,-80.35,0,10.97
797860,431,430.7,-82.16,-82.16,0,10.97
797865,432,431.79,-83.84,-83.84,0,10.97
797870,433,433.28,-85.39,-85.39,0,10.97
797875,432,432.21,-86.78,-86.78,0,10.97
797880,431,430.74,-88.0,-88.0,0,10.97
797885,428,427.8,-89.02,-89.02,0,10.97
797890,432,432.24,-89.83,-89.83,0,10.97
797895,432,432.2,-90.41,-90.41,0,10.97
797900,430,429.78,-90.72,-90.41,0,10.97
797905,434,433.79,-90.76,-90.41,0,10.97
797910,436,436.21,-90.48,-90.41,0,10.97
797915,435,435.21,-89.87,-89.87,0,10.97
797920,436,435.79,-88.89,-88.89,0,10.97
797925,435,434.79,-87.53,-87.53,0,10.97
797930,438,438.21,-85.74,-85.74,0,10.97
797935,437,437.22,-83.51,-83.51,0,10.97
797940,438,437.79,-80.79,-80.79,0,10.97
797945,438,437.77,-77.57,-77.57,0,10.97
797950,438,438.2,-73.82,-73.82,0,10.97
797955,436,436.24,-69.5,-69.5,0,10.97
797960,438,437.8,-64.6,-64.6,0,10.97
797965,438,437.76,-59.1,-59.1,0,10.97
797970,432,432.2,-52.98,-52.98,0,10.97
797975,438,438.24,-46.24,-46.24,0,10.97
797980,438,437.81,-38.87,-38.87,0,10.97
797985,439,438.75,-30.88,-30.88,0,10.97
797990,440,440.18,-22.28,-22.28,0,10.97
797995,441,441.25,-13.11,-13.11,0,10.97
798000,447,446.84,-3.39,-3.39,0,10.97
798005,456,455.75,6.83,6.83,0,10.97
798010,464,464.15,17.48,17.48,0,10.97
798015,478,478.25,28.5,28.5,0,10.97
798020,492,491.87,39.8,39.8,0,10.97
798025,514,513.76,51.29,51.29,0,10.97
798030,536,536.13,62.86,62.86,0,10.97
798035,561,561.24,74.4,74.4,0,10.97
798040,588,587.88,85.79,85.79,0,10.97
798045,612,611.76,96.91,96.91,0,10.97
798050,635,635.11,107.64,107.64,0,10.97
798055,659,659.24,117.85,117.85,0,10.97
798060,678,677.9,127.44,127.44,0,10.97
798065,695,694.75,136.29,136.29,0,10.97
798070,708,708.08,144.3,144.3,0,10.97
798075,722,722.25,151.4,151.4,0,10.97
798080,730,729.94,157.5,157.5,0,10.97
798085,740,739.75,162.55,162.55,0,10.97
798090,738,738.04,166.5,166.5,0,10.97
798095,738,738.25,169.32,169.32,0,10.97
798100,734,733.97,171.0,169.32,0,10.97
798105,729,728.75,171.54,169.32,0,10.97
798110,724,724.01,170.95,169.32,0,10.97
798115,714,714.24,169.27,169.27,0,10.97
798120,703,703.0,166.52,166.52,0,10.97
798125,694,693.76,162.76,162.76,0,10.97
798130,683,682.99,158.05,158.05,0,10.97
798135,670,670.24,152.46,152.46,0,10.97
798140,661,661.02,146.05,146.05,0,10.97
798145,647,646.76,138.91,138.91,0,10.97
798150,638,637.97,131.13,131.13,0,10.97
798156,619,619.23,122.78,122.78,0,10.97
798160,616,616.04,113.95,113.95,0,10.97
798165,603,602.78,104.73,104.73,0,10.97
798170,591,590.95,95.22,95.22,0,10.97
798175,581,581.2,85.49,85.49,0,10.97
798180,570,570.07,75.62,75.62,0,10.97
798185,559,558.81,65.72,65.72,0,10.97
798190,551,550.92,55.84,55.84,0,10.97
798195,540,540.18,46.07,46.07,0,10.97
798200,531,531.09,36.48,36.48,0,10.97
798205,522,521.84,27.13,27.13,0,10.97
798210,512,511.89,18.1,18.1,0,10.97
798215,502,502.15,9.44,9.44,0,10.97
798220,492,492.12,1.2,1.2,0,10.97
798225,485,484.87,-6.58,-6.58,0,10.97
798230,476,475.87,-13.84,-13.84,0,10.97
798235,468,468.12,-20.56,-20.56,0,10.97
798240,460,460.14,-26.71,-26.71,0,10.97
798245,454,453.9,-32.28,-32.28,0,10.97
798250,450,449.85,-37.23,-37.23,0,10.97
798255,447,447.09,-41.58,-41.58,0,10.97
798260,442,442.16,-45.32,-45.32,0,10.97
798265,441,440.92,-48.46,-48.46,0,10.97
798270,442,441.84,-51.03,-51.03,0,10.97
798275,442,442.07,-53.03,-53.03,0,10.97
798280,443,443.16,-54.51,-54.51,0,10.97
798285,445,444.94,-55.49,-55.49,0,10.97
798290,450,449.83,-56.02,-55.49,0,10.97
798295,456,456.06,-56.14,-55.49,0,10.97
798300,457,457.17,-55.9,-55.49,0,10.97
798305,463,462.94,-55.34,-55.34,0,10.97
798310,464,463.83,-54.51,-54.51,0,10.97
798315,468,468.06,-53.47,-53.47,0,10.97
798320,469,469.17,-52.27,-52.27,0,10.97
798325,475,474.95,-50.95,-50.95,0,10.97
798330,478,477.83,-49.57,-49.57,0,10.97
798335,480,480.05,-48.17,-48.17,0,10.97
798340,483,483.17,-46.79,-46.79,0,10.97
798345,485,484.95,-45.47,-45.47,0,10.97
798350,486,485.84,-44.25,-44.25,0,10.97
798355,487,487.04,-43.17,-43.17,0,10.97
798360,487,487.16,-42.25,-42.25,0,10.97
798365,488,487.96,-41.52,-41.52,0,10.97
798370,487,486.84,-41.0,-41.0,0,10.97
798375,485,485.03,-40.7,-41.0,0,10.97
798380,484,484.16,-40.64,-41.0,0,10.97
798385,482,481.98,-40.82,-41.0,0,10.97
798390,480,479.84,-41.25,-41.25,0,10.97
798395,482,482.02,-41.93,-41.93,0,10.97
798400,476,476.15,-42.86,-42.86,0,10.97
798405,472,471.98,-44.02,-44.02,0,10.97
798410,470,469.85,-45.42,-45.42,0,10.97
798415,466,466.02,-47.03,-47.03,0,10.97
798420,463,463.15,-48.85,-48.85,0,10.97
798425,460,459.97,-50.86,-50.86,0,10.97
798430,458,457.85,-53.04,-53.04,0,10.97
798435,455,455.03,-55.37,-55.37,0,10.97
798440,449,449.15,-57.83,-57.83,0,10.97
798445,448,447.96,-60.41,-60.41,0,10.97
798450,444,443.86,-63.07,-63.07,0,10.97
798455,441,441.05,-65.8,-65.8,0,10.97
798460,440,440.14,-68.58,-68.58,0,10.97
798465,437,436.95,-71.38,-71.38,0,10.97
798470,435,434.86,-74.18,-74.18,0,10.97
798475,433,433.06,-76.96,-76.96,0,10.97
798480,432,432.14,-79.7,-79.7,0,10.97
798485,431,430.94,-82.38,-82.38,0,10.97
798490,429,428.87,-84.97,-84.97,0,10.97
798495,427,427.07,-87.46,-87.46,0,10.97
798500,426,426.13,-89.81,-89.81,0,10.97
798505,426,425.93,-92.01,-92.01,0,10.97
798510,426,425.87,-94.03,-94.03,0,10.97
798515,426,426.07,-95.86,-95.86,0,10.97
798520,425,425.13,-97.46,-97.46,0,10.97
798525,427,426.93,-98.81,-98.81,0,10.97
798530,425,424.88,-99.9,-99.9,0,10.97
798535,426,426.07,-100.68,-100.68,0,10.97
798540,424,424.12,-101.14,-100.68,0,10.97
798545,427,426.93,-101.24,-100.68,0,10.97
798550,427,426.89,-100.97,-100.68,0,10.97
798555,428,428.07,-100.28,-100.28,0,10.97
798560,429,429.11,-99.15,-99.15,0,10.97
798565,429,428.93,-97.56,-97.56,0,10.97
798570,432,431.9,-95.47,-95.47,0,10.97
798575,432,432.07,-92.86,-92.86,0,10.97
798580,434,434.09,-89.69,-89.69,0,10.97
798585,433,432.93,-85.94,-85.94,0,10.97
798590,437,436.91,-81.59,-81.59,0,10.97
798595,436,436.07,-76.6,-76.6,0,10.97
798600,434,434.07,-70.97,-70.97,0,10.97
798605,437,436.92,-64.68,-64.68,0,10.97
798610,436,435.94,-57.72,-57.72,0,10.97
798615,438,438.09,-50.08,-50.08,0,10.97
798620,440,440.05,-41.76,-41.76,0,10.97
798625,444,443.91,-32.78,-32.78,0,10.97
798630,442,441.96,-23.16,-23.16,0,10.97
798635,446,446.09,-12.92,-12.92,0,10.97
798640,453,453.03,-2.11,-2.11,0,10.97
798645,462,461.92,9.21,9.21,0,10.97
798650,474,473.98,20.99,20.99,0,10.97
798655,489,489.08,33.13,33.13,0,10.97
798660,508,508.01,45.56,45.56,0,10.97
798665,526,525.93,58.18,58.18,0,10.97
798670,553,553.0,70.86,70.86,0,10.97
798675,581,581.07,83.49,83.49,0,10.97
798680,607,607.0,95.95,95.95,0,10.97
798685,633,632.92,108.11,108.11,0,10.97
798690,657,657.0,119.85,119.85,0,10.97
798695,682,682.09,131.03,131.03,0,10.97
798700,703,702.99,141.55,141.55,0,10.97
798705,720,719.9,151.3,151.3,0,10.97
798710,739,739.01,160.17,160.17,0,10.97
798715,746,746.1,168.07,168.07,0,10.97
798720,754,753.98,174.95,174.95,0,10.97
798725,759,758.88,180.73,180.73,0,10.97
798730,758,758.02,185.37,185.37,0,10.97
798735,761,761.12,188.85,188.85,0,10.97
798740,758,757.97,191.15,191.05,0,10.97
798745,754,753.86,192.27,191.05,0,10.97
798750,747,747.03,192.23,191.05,0,10.97
798755,738,738.14,191.05,191.05,0,10.97
798760,730,729.97,188.78,188.78,0,10.97
798765,717,716.84,185.45,185.45,0,10.97
798770,712,712.04,181.13,181.13,0,10.97
798775,698,698.17,175.88,175.88,0,10.97
798780,687,686.95,169.77,169.77,0,10.97
798785,676,675.82,162.88,162.88,0,10.97
798790,663,663.06,155.29,155.29,0,10.97
798795,650,650.2,147.09,147.09,0,10.97
798800,642,641.94,138.34,138.34,0,10.97
798805,631,630.79,129.15,129.15,0,10.97
798810,620,620.07,119.58,119.58,0,10.97
798815,611,611.21,109.73,109.73,0,10.97
798820,599,598.92,99.68,99.68,0,10.97
798825,592,591.78,89.5,89.5,0,10.97
798830,584,584.09,79.27,79.27,0,10.97
798835,572,572.23,69.06,69.06,0,10.97
798840,564,563.9,58.94,58.94,0,10.97
798845,552,551.76,48.99,48.99,0,10.97
798850,543,543.12,39.25,39.25,0,10.97
798855,533,533.25,29.8,29.8,0,10.97
798860,524,523.87,20.68,20.68,0,10.97
798865,513,512.74,11.95,11.95,0,10.97
798870,503,503.14,3.64,3.64,0,10.97
798875,495,495.28,-4.19,-4.19,0,10.97
798880,486,485.85,-11.52,-11.52,0,10.97
798885,477,476.71,-18.32,-18.32,0,10.97
798890,470,470.16,-24.57,-24.57,0,10.97
798895,463,463.31,-30.26,-30.26,0,10.97
798900,460,459.83,-35.37,-35.37,0,10.97
798905,454,453.67,-39.92,-39.92,0,10.97
798910,451,451.18,-43.89,-43.89,0,10.97
798915,450,450.35,-47.32,-47.32,0,10.97
798920,450,449.82,-50.22,-50.22,0,10.97
798925,451,450.63,-52.61,-52.61,0,10.97
798930,451,451.18,-54.53,-54.53,0,10.97
798935,453,453.39,-56.01,-56.01,0,10.97
798940,456,455.81,-57.09,-57.09,0,10.97
798945,464,463.6,-57.82,-57.82,0,10.97
798950,460,460.19,-58.25,-58.14,0,10.97
798955,465,465.41,-58.41,-58.14,0,10.97
798960,469,468.81,-58.36,-58.14,0,10.97
798965,473,472.59,-58.14,-58.14,0,10.97
798970,474,474.19,-57.81,-57.81,0,10.97
798975,475,475.42,-57.4,-57.4,0,10.97
798980,479,478.82,-56.96,-56.96,0,10.97
798985,478,477.58,-56.52,-56.52,0,10.97
798990,481,481.18,-56.13,-56.13,0,10.97
798995,481,481.42,-55.81,-55.81,0,10.97
799000,479,478.82,-55.6,-55.8,0,10.97
799005,480,479.57,-55.51,-55.8,0,10.97
799010,479,479.18,-55.57,-55.8,0,10.97
799015,478,478.44,-55.8,-55.8,0,10.97
799020,473,472.81,-56.2,-56.2,0,10.97
799025,471,470.55,-56.78,-56.78,0,10.97
799030,468,468.2,-57.54,-57.54,0,10.97
799035,466,466.46,-58.5,-58.5,0,10.97
799040,462,461.8,-59.63,-59.63,0,10.97
799045,461,460.52,-60.94,-60.94,0,10.97
799050,457,457.21,-62.41,-62.41,0,10.97
799055,455,455.5,-64.04,-64.04,0,10.97
799060,455,454.78,-65.81,-65.81,0,10.97
799065,449,448.48,-67.7,-67.7,0,10.97
799070,449,449.23,-69.7,-69.7,0,10.97
799075,422,422.52,-71.8,-71.8,0,10.97
799080,445,444.77,-73.96,-73.96,0,10.97
799086,433,432.5,-76.17,-76.17,0,10.97
799090,441,441.24,-78.42,-78.42,0,10.97
799095,441,441.48,-80.67,-80.67,0,10.97
799100,440,439.76,-82.91,-82.91,0,10.97
799105,439,438.53,-85.12,-85.12,0,10.97
799110,436,436.25,-87.28,-87.28,0,10.97
799115,436,436.46,-89.35,-89.35,0,10.97
799120,436,435.75,-91.31,-91.31,0,10.97
799125,436,435.55,-93.13,-93.13,0,10.97
799130,435,435.25,-94.79,-94.79,0,10.97
799135,434,434.44,-96.24,-96.24,0,10.97
799140,433,432.75,-97.46,-97.46,0,10.97
799145,432,431.58,-98.42,-98.42,0,10.97
799150,432,432.26,-99.07,-98.82,0,10.97
799155,431,431.42,-99.38,-98.82,0,10.97
799160,431,430.74,-99.31,-98.82,0,10.97
799165,432,431.59,-98.82,-98.82,0,10.97
799170,429,429.27,-97.88,-97.88,0,10.97
799175,428,428.39,-96.45,-96.45,0,10.97
799180,427,426.73,-94.49,-94.49,0,10.97
799185,428,427.62,-91.96,-91.96,0,10.97
799190,429,429.28,-88.83,-88.83,0,10.97
799195,427,427.37,-85.07,-85.07,0,10.97
799200,428,427.71,-80.65,-80.65,0,10.97
799205,427,426.64,-75.55,-75.55,0,10.97
799210,426,426.3,-69.75,-69.75,0,10.97
799215,425,425.34,-63.25,-63.25,0,10.97
799220,429,428.69,-56.02,-56.02,0,10.97
799225,426,425.67,-48.09,-48.09,0,10.97
799230,428,428.32,-39.46,-39.46,0,10.97
799235,430,430.32,-30.16,-30.16,0,10.97
799240,436,435.68,-20.22,-20.22,0,10.97
799245,445,444.7,-9.7,-9.7,0,10.97
799250,457,457.33,1.35,1.35,0,10.97
799255,468,468.29,12.85,12.85,0,10.97
799260,496,495.66,24.72,24.72,0,10.97
799265,507,506.73,36.85,36.85,0,10.97
799270,528,528.33,49.14,49.14,0,10.97
799275,555,555.25,61.47,61.47,0,10.97
799280,583,582.69,73.73,73.73,0,10.97
799285,607,606.76,85.78,85.78,0,10.97
799290,632,632.29,97.51,97.51,0,10.97
799295,657,657.22,108.78,108.78,0,10.97
799300,677,676.73,119.47,119.47,0,10.97
799305,695,694.79,129.48,129.48,0,10.97
799310,711,711.25,138.71,138.71,0,10.97
799315,722,722.19,147.05,147.05,0,10.97
799320,732,731.77,154.42,154.42,0,10.97
799325,739,738.81,160.78,160.78,0,10.97
799330,743,743.21,166.05,166.05,0,10.97
799335,743,743.17,170.21,170.21,0,10.97
799340,741,740.8,173.23,173.23,0,10.97
799345,737,736.84,175.11,173.98,0,10.97
799350,732,732.18,175.84,173.98,0,10.97
799355,726,726.15,175.46,173.98,0,10.97
799360,716,715.83,173.98,173.98,0,10.97
799365,708,707.86,171.45,171.45,0,10.97
799370,698,698.16,167.92,167.92,0,10.97
799375,689,689.13,163.45,163.45,0,10.97
799380,678,677.85,158.1,158.1,0,10.97
799385,667,666.87,151.94,151.94,0,10.97
799390,655,655.14,145.05,145.05,0,10.97
799395,646,646.12,137.5,137.5,0,10.97
799400,635,634.87,129.37,129.37,0,10.97
799405,625,624.88,120.75,120.75,0,10.97
799410,615,615.11,111.71,111.71,0,10.97
799415,603,603.12,102.34,102.34,0,10.97
799420,594,593.9,92.72,92.72,0,10.97
799425,587,586.89,82.92,82.92,0,10.97
799430,573,573.09,73.03,73.03,0,10.97
799435,566,566.1,63.11,63.11,0,10.97
799440,558,557.92,53.24,53.24,0,10.97
799445,547,546.91,43.48,43.48,0,10.97
799450,539,539.06,33.9,33.9,0,10.97
799455,530,530.08,24.57,24.57,0,10.97
799460,518,517.96,15.53,15.53,0,10.97
799465,505,504.93,6.85,6.85,0,10.97
799470,497,497.02,-1.44,-1.44,0,10.97
799475,487,487.07,-9.28,-9.28,0,10.97
799480,476,475.99,-16.64,-16.64,0,10.97
799486,467,466.93,-23.49,-23.49,0,10.97
799490,462,462.0,-29.8,-29.8,0,10.97
799495,452,452.08,-35.56,-35.56,0,10.97
799500,451,451.02,-40.76,-40.76,0,10.97
799505,447,446.92,-45.38,-45.38,0,10.97
799510,444,443.97,-49.45,-49.45,0,10.97
799515,442,442.08,-52.97,-52.97,0,10.97
799520,441,441.04,-55.95,-55.95,0,10.97
799525,442,441.93,-58.43,-58.43,0,10.97
799530,442,441.95,-60.42,-60.42,0,10.97
799535,444,444.07,-61.97,-61.97,0,10.97
799540,446,446.06,-63.12,-63.12,0,10.97
799545,448,447.93,-63.9,-63.9,0,10.97
799550,451,450.92,-64.36,-64.3,0,10.97
799555,454,454.06,-64.55,-64.3,0,10.97
799560,454,454.09,-64.52,-64.3,0,10.97
799565,460,459.94,-64.3,-64.3,0,10.97
799570,459,458.9,-63.96,-63.96,0,10.97
799575,464,464.06,-63.54,-63.54,0,10.97
799580,469,469.11,-63.08,-63.08,0,10.97
799585,466,465.94,-62.63,-62.63,0,10.97
799590,472,471.87,-62.22,-62.22,0,10.97
799595,475,475.06,-61.89,-61.89,0,10.97
799600,475,475.15,-61.68,-61.89,0,10.97
799605,473,472.93,-61.61,-61.89,0,10.97
799610,472,471.82,-61.71,-61.89,0,10.97
799615,471,471.08,-61.98,-61.98,0,10.97
799620,469,469.2,-62.45,-62.45,0,10.97
799625,466,465.9,-63.12,-63.12,0,10.97
799630,464,463.77,-63.99,-63.99,0,10.97
799635,463,463.11,-65.07,-65.07,0,10.97
799640,461,461.26,-66.35,-66.35,0,10.97
799645,458,457.87,-67.81,-67.81,0,10.97
799650,455,454.71,-69.44,-69.44,0,10.97
799655,452,452.15,-71.23,-71.23,0,10.97
799660,451,451.32,-73.16,-73.16,0,10.97
799665,449,448.84,-75.19,-75.19,0,10.97
799670,448,447.65,-77.31,-77.31,0,10.97
799675,444,444.17,-79.48,-79.48,0,10.97
799680,431,431.38,-81.67,-81.67,0,10.97
799685,440,439.81,-83.84,-83.84,0,10.97
799690,435,434.61,-85.95,-85.95,0,10.97
799695,437,437.2,-87.97,-87.97,0,10.97
799700,434,434.4,-89.86,-89.86,0,10.97
799705,432,431.78,-91.57,-91.57,0,10.97
799710,430,429.59,-93.06,-93.06,0,10.97
799715,429,429.24,-94.29,-94.29,0,10.97
799720,427,427.43,-95.2,-95.2,0,10.97
799725,427,426.74,-95.77,-95.2,0,10.97
799730,426,425.56,-95.93,-95.2,0,10.97
799735,425,425.28,-95.65,-95.2,0,10.97
799740,421,421.45,-94.88,-94.88,0,10.97
799745,423,422.7,-93.57,-93.57,0,10.97
799750,420,419.53,-91.7,-91.7,0,10.97
799755,421,421.32,-89.21,-89.21,0,10.97
799760,420,420.48,-86.08,-86.08,0,10.97
799765,420,419.66,-82.27,-82.27,0,10.97
799770,419,418.51,-77.77,-77.77,0,10.97
799775,419,419.36,-72.54,-72.54,0,10.97
799780,418,418.51,-66.58,-66.58,0,10.97
799785,416,415.61,-59.88,-59.88,0,10.97
799790,418,417.47,-52.45,-52.45,0,10.97
799795,420,420.42,-44.29,-44.29,0,10.97
799800,424,424.55,-35.44,-35.44,0,10.97
799805,428,427.55,-25.93,-25.93,0,10.97
799810,436,435.43,-15.81,-15.81,0,10.97
799815,446,446.48,-5.14,-5.14,0,10.97
799820,460,460.6,6.01,6.01,0,10.97
799825,476,475.49,17.54,17.54,0,10.97
799830,497,496.38,29.37,29.37,0,10.97
799835,523,523.56,41.38,41.38,0,10.97
799840,544,544.65,53.45,53.45,0,10.97
799845,570,569.4,65.47,65.47,0,10.97
799850,596,595.32,77.3,77.3,0,10.97
799855,621,621.65,88.83,88.83,0,10.97
799860,642,642.71,99.92,99.92,0,10.97
799865,681,680.31,110.45,110.45,0,10.97
799870,683,682.26,120.32,120.32,0,10.97
799875,697,697.71,129.42,129.42,0,10.97
799880,686,686.75,137.66,137.66,0,10.97
799885,720,719.28,144.96,144.96,0,10.97
799890,727,726.27,151.25,151.25,0,10.97
799895,706,706.71,156.48,156.48,0,10.97
799900,732,732.7,160.61,160.61,0,10.97
799905,731,730.32,163.61,163.61,0,10.97
799910,728,727.33,165.48,164.31,0,10.97
799915,722,722.62,166.2,164.31,0,10.97
799920,716,716.63,165.8,164.31,0,10.97
799925,708,707.43,164.31,164.31,0,10.97
799930,699,698.4,161.75,161.75,0,10.97
799935,688,688.52,158.18,158.18,0,10.97
799940,678,678.57,153.66,153.66,0,10.97
799945,667,666.53,148.24,148.24,0,10.97
799950,657,656.45,142.01,142.01,0,10.97
799955,647,647.42,135.03,135.03,0,10.97
799960,638,638.52,127.38,127.38,0,10.97
799965,624,623.63,119.15,119.15,0,10.97
799970,614,613.5,110.42,110.42,0,10.97
799975,605,605.33,101.27,101.27,0,10.97
799980,593,593.48,91.8,91.8,0,10.97
799985,584,583.71,82.08,82.08,0,10.97
799990,572,571.53,72.2,72.2,0,10.97
799995,563,563.25,62.24,62.24,0,10.97
800000,553,553.46,52.28,52.28,0,10.97
800005,531,530.78,42.4,42.4,0,10.97
800010,531,530.55,32.67,32.67,0,10.97
800015,520,520.2,23.17,23.17,0,10.97
800020,509,509.44,13.96,13.96,0,10.97
800025,498,497.81,5.09,5.09,0,10.97
800030,488,487.57,-3.37,-3.37,0,10.97
800035,479,479.19,-11.39,-11.39,0,10.97
800040,467,467.42,-18.9,-18.9,0,10.97
800045,458,457.82,-25.89,-25.89,0,10.97
800050,452,451.59,-32.32,-32.32,0,10.97
800055,445,445.19,-38.17,-38.17,0,10.97
800060,440,440.41,-43.42,-43.42,0,10.97
800065,434,433.81,-48.08,-48.08,0,10.97
800070,433,432.6,-52.15,-52.15,0,10.97
800075,433,433.2,-55.63,-55.63,0,10.97
800080,433,433.4,-58.56,-58.56,0,10.97
800085,436,435.8,-60.94,-60.94,0,10.97
800090,437,436.61,-62.82,-62.82,0,10.97
800095,440,440.21,-64.23,-64.23,0,10.97
800100,441,441.39,-65.22,-65.22,0,10.97
800105,446,445.78,-65.82,-65.82,0,10.97
800110,450,449.62,-66.09,-65.82,0,10.97
800115,453,453.23,-66.07,-65.82,0,10.97
800120,457,457.38,-65.82,-65.82,0,10.97
800125,456,455.76,-65.39,-65.39,0,10.97
800130,461,460.63,-64.81,-64.81,0,10.97
800135,463,463.25,-64.15,-64.15,0,10.97
800140,466,466.37,-63.45,-63.45,0,10.97
800145,466,465.73,-62.75,-62.75,0,10.97
800150,469,468.63,-62.08,-62.08,0,10.97
800155,469,469.29,-61.49,-61.49,0,10.97
800160,469,469.37,-61.01,-61.01,0,10.97
800165,471,470.69,-60.66,-60.66,0,10.97
800170,470,469.63,-60.47,-60.66,0,10.97
800175,469,469.33,-60.45,-60.66,0,10.97
800180,466,466.37,-60.62,-60.66,0,10.97
800185,465,464.65,-61.0,-61.0,0,10.97
800190,463,462.63,-61.58,-61.58,0,10.97
800195,461,461.37,-62.36,-62.36,0,10.97
800200,457,457.37,-63.34,-63.34,0,10.97
800205,457,456.6,-64.51,-64.51,0,10.97
800210,459,458.64,-65.87,-65.87,0,10.97
800215,444,444.42,-67.4,-67.4,0,10.97
800220,455,455.35,-69.08,-69.08,0,10.97
800225,449,448.58,-70.88,-70.88,0,10.97
800230,432,431.65,-72.79,-72.79,0,10.97
800235,445,445.42,-74.79,-74.79,0,10.97
800240,439,439.38,-76.83,-76.83,0,10.97
800245,442,441.57,-78.9,-78.9,0,10.97
800250,438,437.59,-80.96,-80.96,0,10.97
800255,438,438.43,-82.98,-82.98,0,10.97
800260,436,436.44,-84.92,-84.92,0,10.97
800265,435,434.57,-86.74,-86.74,0,10.97
800270,434,433.52,-88.42,-88.42,0,10.97
800275,433,433.44,-89.9,-89.9,0,10.97
800280,434,434.51,-91.14,-91.14,0,10.97
800285,431,430.55,-92.11,-92.11,0,10.97
800290,430,429.45,-92.76,-92.32,0,10.97
800295,429,429.45,-93.04,-92.32,0,10.97
800300,428,428.59,-92.91,-92.32,0,10.97
800305,428,427.54,-92.32,-92.32,0,10.97
800310,427,426.36,-91.24,-91.24,0,10.97
800315,424,424.47,-89.62,-89.62,0,10.97
800320,426,426.68,-87.41,-87.41,0,10.97
800325,427,426.53,-84.59,-84.59,0,10.97
800330,425,424.27,-81.11,-81.11,0,10.97
800335,424,424.47,-76.94,-76.94,0,10.97
800340,425,425.78,-72.06,-72.06,0,10.97
800345,426,425.53,-66.45,-66.45,0,10.97
800350,423,422.16,-60.09,-60.09,0,10.97
800355,424,424.47,-52.97,-52.97,0,10.97
800360,401,401.88,-45.1,-45.1,0,10.97
800365,425,424.53,-36.49,-36.49,0,10.97
800370,427,426.11,-27.17,-27.17,0,10.97
800375,433,433.47,-17.18,-17.18,0,10.97
800380,439,439.9,-6.56,-6.56,0,10.97
800385,456,455.54,4.62,4.62,0,10.97
800390,466,465.11,16.29,16.29,0,10.97
800395,478,478.46,28.34,28.34,0,10.97
800400,505,505.9,40.68,40.68,0,10.97
800405,528,527.57,53.19,53.19,0,10.97
800410,556,555.1,65.76,65.76,0,10.97
800415,581,581.41,78.25,78.25,0,10.97
800420,607,607.91,90.53,90.53,0,10.97
800425,633,632.6,102.48,102.48,0,10.97
800430,659,658.09,113.94,113.94,0,10.97
800435,680,680.37,124.81,124.81,0,10.97
800440,698,698.91,134.96,134.96,0,10.97
800445,715,714.64,144.29,144.29,0,10.97
800450,726,725.08,152.69,152.69,0,10.97
800455,736,736.34,160.09,160.09,0,10.97
800460,742,742.93,166.41,166.41,0,10.97
800465,747,746.67,171.6,171.6,0,10.97
800470,747,746.06,175.62,175.62,0,10.97
800475,745,745.31,178.45,178.45,0,10.97
800480,741,741.95,180.09,178.45,0,10.97
800485,736,735.7,180.52,178.45,0,10.97
800490,734,733.04,179.79,178.45,0,10.97
800495,720,720.28,177.92,177.92,0,10.97
800500,702,702.96,174.95,174.95,0,10.97
800505,701,700.74,170.94,170.94,0,10.97
800510,690,689.05,165.95,165.95,0,10.97
800515,678,678.24,160.05,160.05,0,10.97
800520,654,654.92,153.32,153.32,0,10.97
800525,657,656.78,145.85,145.85,0,10.97
800530,645,644.12,137.7,137.7,0,10.97
800535,632,632.2,128.98,128.98,0,10.97
800540,620,620.83,119.77,119.77,0,10.97
800545,610,609.82,110.15,110.15,0,10.97
800550,601,600.23,100.22,100.22,0,10.97
800555,590,590.16,90.06,90.06,0,10.97
800560,576,576.72,79.77,79.77,0,10.97
800565,569,568.86,69.41,69.41,0,10.97
800570,555,554.34,59.09,59.09,0,10.97
800575,546,546.12,48.87,48.87,0,10.97
800580,534,534.61,38.82,38.82,0,10.97
800587,519,518.9,29.03,29.03,0,10.97
800590,512,511.45,19.56,19.56,0,10.97
800595,502,502.09,10.46,10.46,0,10.97
800600,489,489.5,1.8,1.8,0,10.97
800605,481,480.91,-6.38,-6.38,0,10.97
800610,471,470.55,-14.05,-14.05,0,10.97
800615,464,464.08,-21.15,-21.15,0,10.97
800620,458,458.4,-27.68,-27.68,0,10.97
800625,449,448.92,-33.6,-33.6,0,10.97
800630,446,445.65,-38.92,-38.92,0,10.97
800635,441,441.08,-43.62,-43.62,0,10.97
800640,440,440.31,-47.71,-47.71,0,10.97
800645,441,440.93,-51.2,-51.2,0,10.97
800650,441,440.74,-54.12,-54.12,0,10.97
800655,442,442.07,-56.49,-56.49,0,10.97
800660,443,443.22,-58.34,-58.34,0,10.97
800665,445,444.94,-59.71,-59.71,0,10.97
800670,449,448.83,-60.64,-60.64,0,10.97
800675,452,452.06,-61.18,-60.89,0,10.97
800680,456,456.12,-61.37,-60.89,0,10.97
800685,458,457.94,-61.26,-60.89,0,10.97
800690,460,459.92,-60.89,-60.89,0,10.97
800695,464,464.06,-60.33,-60.33,0,10.97
800700,466,466.04,-59.61,-59.61,0,10.97
800705,470,469.94,-58.78,-58.78,0,10.97
800710,469,469.0,-57.89,-57.89,0,10.97
800715,471,471.05,-56.98,-56.98,0,10.97
800720,475,474.96,-56.08,-56.08,0,10.97
800725,475,474.96,-55.24,-55.24,0,10.97
800730,464,464.07,-54.49,-54.49,0,10.97
800735,474,474.03,-53.85,-53.85,0,10.97
800740,476,475.92,-53.36,-53.36,0,10.97
800745,474,473.98,-53.02,-53.13,0,10.97
800750,471,471.08,-52.86,-53.13,0,10.97
800755,470,470.01,-52.9,-53.13,0,10.97
800760,471,470.92,-53.13,-53.13,0,10.97
800765,465,465.0,-53.57,-53.57,0,10.97
800770,464,464.07,-54.23,-54.23,0,10.97
800775,461,460.98,-55.09,-55.09,0,10.97
800780,462,461.94,-56.15,-56.15,0,10.97
800785,455,455.03,-57.41,-57.41,0,10.97
800790,452,452.04,-58.86,-58.86,0,10.97
800795,453,452.97,-60.48,-60.48,0,10.97
800800,445,444.98,-62.26,-62.26,0,10.97
800805,445,445.04,-64.2,-64.2,0,10.97
800810,441,441.01,-66.26,-66.26,0,10.97
800815,442,441.96,-68.43,-68.43,0,10.97
800820,442,442.01,-70.69,-70.69,0,10.97
800825,436,436.04,-73.03,-73.03,0,10.97
800830,435,434.96,-75.42,-75.42,0,10.97
800835,433,432.97,-77.83,-77.83,0,10.97
800840,431,431.06,-80.26,-80.26,0,10.97
800845,430,430.03,-82.66,-82.66,0,10.97
800850,430,429.91,-85.02,-85.02,0,10.97
800855,428,427.97,-87.31,-87.31,0,10.97
800860,427,427.11,-89.51,-89.51,0,10.97
800865,428,428.03,-91.58,-91.58,0,10.97
800870,428,427.86,-93.5,-93.5,0,10.97
800875,426,425.98,-95.24,-95.24,0,10.97
800880,425,425.16,-96.76,-96.76,0,10.97
800885,425,425.02,-98.04,-98.04,0,10.97
800890,426,425.83,-99.04,-99.04,0,10.97
800895,424,423.98,-99.73,-99.56,0,10.97
800900,425,425.19,-100.07,-99.56,0,10.97
800905,426,426.03,-100.02,-99.56,0,10.97
800910,425,424.79,-99.56,-99.56,0,10.97
800915,426,425.97,-98.64,-98.64,0,10.97
800920,425,425.22,-97.22,-97.22,0,10.97
800925,425,425.03,-95.27,-95.27,0,10.97
800930,425,424.76,-92.75,-92.75,0,10.97
800935,426,425.97,-89.63,-89.63,0,10.97
800940,426,426.26,-85.88,-85.88,0,10.97
800945,426,426.04,-81.47,-81.47,0,10.97
800950,426,425.72,-76.36,-76.36,0,10.97
800955,426,425.96,-70.55,-70.55,0,10.97
800960,426,426.3,-64.01,-64.01,0,10.97
800965,426,426.04,-56.74,-56.74,0,10.97
800970,428,427.68,-48.73,-48.73,0,10.97
800975,427,426.96,-39.98,-39.98,0,10.97
800980,427,427.34,-30.53,-30.53,0,10.97
800985,432,432.04,-20.39,-20.39,0,10.97
800990,437,436.65,-9.6,-9.6,0,10.97
800995,447,446.96,1.78,1.78,0,10.97
801000,458,458.37,13.68,13.68,0,10.97
801005,470,470.04,26.03,26.03,0,10.97
801010,489,488.61,38.74,38.74,0,10.97
801015,514,513.97,51.69,51.69,0,10.97
801020,536,536.42,64.78,64.78,0,10.97
801025,567,567.02,77.87,77.87,0,10.97
801030,597,596.57,90.83,90.83,0,10.97
801035,620,619.98,103.54,103.54,0,10.97
801040,650,650.45,115.85,115.85,0,10.97
801045,674,674.01,127.64,127.64,0,10.97
801050,695,694.53,138.77,138.77,0,10.97
801055,715,714.98,149.13,149.13,0,10.97
801060,730,730.49,158.61,158.61,0,10.97
801065,744,744.01,167.11,167.11,0,10.97
801070,751,750.49,174.56,174.56,0,10.97
801075,757,756.98,180.89,180.89,0,10.97
801080,760,760.53,186.04,186.04,0,10.97
801085,760,760.02,189.98,189.98,0,10.97
801090,759,758.44,192.69,192.69,0,10.97
801095,755,754.98,194.17,192.69,0,10.97
801100,744,744.58,194.43,192.69,0,10.97
801105,739,739.02,193.49,192.69,0,10.97
801110,730,729.4,191.38,191.38,0,10.97
801115,721,720.98,188.16,188.16,0,10.97
801120,709,709.62,183.88,183.88,0,10.97
801125,698,698.02,178.6,178.6,0,10.97
801130,686,685.36,172.41,172.41,0,10.97
801135,672,671.98,165.37,165.37,0,10.97
801140,663,663.66,157.58,157.58,0,10.97
801145,650,650.02,149.11,149.11,0,10.97
801150,640,639.31,140.05,140.05,0,10.97
801155,630,629.98,130.5,130.5,0,10.97
801160,615,615.71,120.54,120.54,0,10.97
801165,606,606.02,110.26,110.26,0,10.97
801170,594,593.26,99.75,99.75,0,10.97
801175,584,583.99,89.1,89.1,0,10.97
801180,574,574.76,78.38,78.38,0,10.97
801185,564,564.01,67.68,67.68,0,10.97
801190,576,575.22,57.08,57.08,0,10.97
801195,539,538.99,46.64,46.64,0,10.97
801200,530,530.76,36.45,36.45,0,10.97
801205,520,520.01,26.56,26.56,0,10.97
801210,507,506.27,17.04,17.04,0,10.97
801215,496,495.98,7.95,7.95,0,10.97
801220,487,487.7,-0.66,-0.66,0,10.97
801225,476,476.03,-8.75,-8.75,0,10.97
801230,467,466.32,-16.28,-16.28,0,10.97
801235,458,457.96,-23.22,-23.22,0,10.97
801240,450,450.66,-29.54,-29.54,0,10.97
801245,448,448.06,-35.25,-35.25,0,10.97
801250,443,442.37,-40.33,-40.33,0,10.97
801255,442,441.93,-44.78,-44.78,0,10.97
801260,441,441.61,-48.61,-48.61,0,10.97
801265,440,440.09,-51.85,-51.85,0,10.97
801270,440,439.41,-54.52,-54.52,0,10.97
801275,442,441.9,-56.65,-56.65,0,10.97
801280,445,445.58,-58.27,-58.27,0,10.97
801285,448,448.12,-59.43,-59.43,0,10.97
801290,450,449.43,-60.17,-60.17,0,10.97
801295,454,453.87,-60.54,-60.17,0,10.97
801300,453,453.55,-60.59,-60.17,0,10.97
801305,460,460.15,-60.36,-60.17,0,10.97
801310,464,463.46,-59.91,-59.91,0,10.97
801315,466,465.83,-59.29,-59.29,0,10.97
801320,469,469.52,-58.54,-58.54,0,10.97
801325,471,471.18,-57.71,-57.71,0,10.97
801330,473,472.5,-56.84,-56.84,0,10.97
801335,478,477.8,-55.99,-55.99,0,10.97
801340,475,475.49,-55.17,-55.17,0,10.97
801345,474,474.21,-54.42,-54.42,0,10.97
801350,474,473.53,-53.78,-53.78,0,10.97
801355,474,473.78,-53.27,-53.27,0,10.97
801360,475,475.46,-52.89,-52.89,0,10.97
801365,469,469.22,-52.69,-52.89,0,10.97
801370,470,469.54,-52.65,-52.89,0,10.97
801375,466,465.78,-52.79,-52.89,0,10.97
801380,465,465.45,-53.12,-53.12,0,10.97
801385,461,461.23,-53.64,-53.64,0,10.97
801390,457,456.55,-54.34,-54.34,0,10.97
801395,457,456.77,-55.22,-55.22,0,10.97
801400,454,454.46,-56.28,-56.28,0,10.97
801405,449,449.23,-57.5,-57.5,0,10.97
801410,449,448.54,-58.87,-58.87,0,10.97
801415,446,445.77,-60.39,-60.39,0,10.97
801420,444,444.47,-62.04,-62.04,0,10.97
801425,441,441.22,-63.8,-63.8,0,10.97
801430,442,441.52,-65.67,-65.67,0,10.97
801435,438,437.78,-67.62,-67.62,0,10.97
801440,437,437.49,-69.65,-69.65,0,10.97
801445,433,433.21,-71.73,-71.73,0,10.97
801450,433,432.51,-73.84,-73.84,0,10.97
801455,429,428.79,-75.98,-75.98,0,10.97
801460,429,429.5,-78.12,-78.12,0,10.97
801465,429,429.21,-80.24,-80.24,0,10.97
801470,429,428.49,-82.33,-82.33,0,10.97
801475,427,426.79,-84.37,-84.37,0,10.97
801480,427,427.52,-86.33,-86.33,0,10.97
801485,429,429.21,-88.2,-88.2,0,10.97
801490,427,426.48,-89.96,-89.96,0,10.97
801495,426,425.78,-91.58,-91.58,0,10.97
801500,427,427.53,-93.04,-93.04,0,10.97
801505,426,426.23,-94.32,-94.32,0,10.97
801510,426,425.46,-95.38,-95.38,0,10.97
801515,425,424.76,-96.21,-96.21,0,10.97
801520,429,429.56,-96.78,-96.59,0,10.97
801525,427,427.26,-97.05,-96.59,0,10.97
801530,449,448.44,-97.0,-96.59,0,10.97
801535,427,426.73,-96.59,-96.59,0,10.97
801540,427,427.54,-95.78,-95.78,0,10.97
801545,419,419.29,-94.55,-94.55,0,10.97
801550,427,426.49,-92.86,-92.86,0,10.97
801555,429,428.71,-90.67,-90.67,0,10.97
801560,427,427.47,-87.94,-87.94,0,10.97
801565,429,429.28,-84.66,-84.66,0,10.97
801570,428,427.56,-80.77,-80.77,0,10.97
801575,428,427.72,-76.27,-76.27,0,10.97
801580,428,428.4,-71.12,-71.12,0,10.97
801585,427,427.27,-65.31,-65.31,0,10.97
801590,427,426.63,-58.82,-58.82,0,10.97
801595,429,428.73,-51.64,-51.64,0,10.97
801600,429,429.34,-43.77,-43.77,0,10.97
801605,428,428.26,-35.24,-35.24,0,10.97
801610,432,431.68,-26.04,-26.04,0,10.97
801615,435,434.75,-16.22,-16.22,0,10.97
801620,444,444.29,-5.82,-5.82,0,10.97
801625,449,449.25,5.12,5.12,0,10.97
801630,461,460.73,16.52,16.52,0,10.97
801635,477,476.77,28.3,28.3,0,10.97
801640,496,496.26,40.37,40.37,0,10.97
801645,519,519.23,52.63,52.63,0,10.97
801650,543,542.76,64.96,64.96,0,10.97
801655,571,570.78,77.24,77.24,0,10.97
801660,596,596.23,89.35,89.35,0,10.97
801665,623,623.21,101.15,101.15,0,10.97
801670,647,646.78,112.53,112.53,0,10.97
801675,671,670.8,123.35,123.35,0,10.97
801680,689,689.2,133.51,133.51,0,10.97
801685,707,707.19,142.88,142.88,0,10.97
801690,717,716.81,151.38,151.38,0,10.97
801695,732,731.82,158.9,158.9,0,10.97
801700,739,739.18,165.4,165.4,0,10.97
801705,744,744.17,170.79,170.79,0,10.97
801710,745,744.82,175.05,175.05,0,10.97
801715,745,744.84,178.13,178.13,0,10.97
801720,741,741.18,180.04,178.76,0,10.97
801725,737,737.15,180.77,178.76,0,10.97
801730,730,729.82,180.33,178.76,0,10.97
801735,720,719.86,178.76,178.76,0,10.97
801740,712,712.17,176.09,176.09,0,10.97
801745,698,698.13,172.38,172.38,0,10.97
801750,689,688.83,167.69,167.69,0,10.97
801755,680,679.88,162.07,162.07,0,10.97
801760,668,668.17,155.61,155.61,0,10.97
801765,656,656.11,148.39,148.39,0,10.97
801770,647,646.82,140.48,140.48,0,10.97
801775,633,632.91,131.97,131.97,0,10.97
801780,624,624.18,122.94,122.94,0,10.97
801785,612,612.08,113.5,113.5,0,10.97
801790,601,600.82,103.71,103.71,0,10.97
801795,592,591.94,93.68,93.68,0,10.97
801800,581,581.18,83.48,83.48,0,10.97
801805,574,574.05,73.21,73.21,0,10.97
801810,559,558.81,62.94,62.94,0,10.97
801815,549,548.96,52.75,52.75,0,10.97
801820,537,537.19,42.72,42.72,0,10.97
801825,527,527.04,32.93,32.93,0,10.97
801830,514,513.8,23.43,23.43,0,10.97
801835,504,503.97,14.29,14.29,0,10.97
801840,495,495.21,5.58,5.58,0,10.97
801845,483,483.03,-2.67,-2.67,0,10.97
801850,472,471.77,-10.4,-10.4,0,10.97
801855,465,464.97,-17.58,-17.58,0,10.97
801860,455,455.25,-24.18,-24.18,0,10.97
801865,449,449.02,-30.18,-30.18,0,10.97
801870,445,444.74,-35.57,-35.57,0,10.97
801875,442,441.99,-40.33,-40.33,0,10.97
801880,441,441.28,-44.49,-44.49,0,10.97
801885,440,440.01,-48.04,-48.04,0,10.97
801890,438,437.7,-51.01,-51.01,0,10.97
801895,440,440.0,-53.42,-53.42,0,10.97
801900,440,440.33,-55.31,-55.31,0,10.97
801905,444,443.99,-56.71,-56.71,0,10.97
801910,456,455.66,-57.68,-57.68,0,10.97
801915,452,452.01,-58.25,-58.08,0,10.97
801920,456,456.35,-58.47,-58.08,0,10.97
801925,461,460.98,-58.4,-58.08,0,10.97
801930,465,464.65,-58.08,-58.08,0,10.97
801935,468,468.03,-57.57,-57.57,0,10.97
801940,470,470.34,-56.92,-56.92,0,10.97
801945,472,471.96,-56.18,-56.18,0,10.97
801950,474,473.66,-55.39,-55.39,0,10.97
801955,475,475.04,-54.59,-54.59,0,10.97
801960,475,475.34,-53.82,-53.82,0,10.97
801965,478,477.95,-53.13,-53.13,0,10.97
801970,477,476.66,-52.54,-52.54,0,10.97
801975,477,477.06,-52.07,-52.07,0,10.97
801980,475,475.34,-51.76,-51.92,0,10.97
801985,476,475.94,-51.63,-51.92,0,10.97
801990,472,471.66,-51.68,-51.92,0,10.97
801995,470,470.06,-51.92,-51.92,0,10.97
802000,466,466.34,-52.38,-52.38,0,10.97
802005,466,465.94,-53.04,-53.04,0,10.97
802010,464,463.67,-53.91,-53.91,0,10.97
802015,462,462.06,-54.98,-54.98,0,10.97
802020,459,459.33,-56.26,-56.26,0,10.97
802025,460,459.94,-57.72,-57.72,0,10.97
802030,454,453.68,-59.36,-59.36,0,10.97
802035,451,451.06,-61.17,-61.17,0,10.97
802040,448,448.32,-63.12,-63.12,0,10.97
802045,446,445.95,-65.21,-65.21,0,10.97
802050,443,442.69,-67.4,-67.4,0,10.97
802055,443,443.04,-69.68,-69.68,0,10.97
802060,439,439.31,-72.03,-72.03,0,10.97
802065,437,436.96,-74.42,-74.42,0,10.97
802070,426,425.68,-76.83,-76.83,0,10.97
802075,435,435.04,-79.23,-79.23,0,10.97
802080,428,428.33,-81.6,-81.6,0,10.97
802085,433,432.96,-83.91,-83.91,0,10.97
802090,431,430.65,-86.13,-86.13,0,10.97
802095,432,432.04,-88.24,-88.24,0,10.97
802100,429,429.36,-90.21,-90.21,0,10.97
802105,431,430.96,-92.0,-92.0,0,10.97
802110,431,430.63,-93.59,-93.59,0,10.97
802115,429,429.04,-94.95,-94.95,0,10.97
802120,428,428.38,-96.03,-96.03,0,10.97
802125,430,429.97,-96.82,-96.82,0,10.97
802130,429,428.61,-97.26,-96.82,0,10.97
802135,430,430.03,-97.33,-96.82,0,10.97
802140,430,430.4,-96.99,-96.82,0,10.97
802145,429,428.97,-96.2,-96.2,0,10.97
802150,429,428.59,-94.93,-94.93,0,10.97
802155,429,429.03,-93.13,-93.13,0,10.97
802160,427,427.42,-90.78,-90.78,0,10.97
802165,427,426.97,-87.83,-87.83,0,10.97
802170,427,426.57,-84.25,-84.25,0,10.97
802175,427,427.03,-80.02,-80.02,0,10.97
802180,416,416.44,-75.11,-75.11,0,10.97
802185,426,425.97,-69.5,-69.5,0,10.97
802190,426,425.57,-63.18,-63.18,0,10.97
802195,426,426.03,-56.13,-56.13,0,10.97
802200,426,426.41,-48.37,-48.37,0,10.97
802205,427,426.97,-39.9,-39.9,0,10.97
802210,433,432.6,-30.74,-30.74,0,10.97
802215,434,434.04,-20.93,-20.93,0,10.97
802220,437,437.38,-10.51,-10.51,0,10.97
802225,449,448.96,0.47,0.47,0,10.97
802230,461,460.65,11.93,11.93,0,10.97
802235,477,477.05,23.8,23.8,0,10.97
802240,497,497.33,35.97,35.97,0,10.97
802245,519,518.95,48.34,48.34,0,10.97
802250,543,542.7,60.79,60.79,0,10.97
802255,570,570.06,73.21,73.21,0,10.97
802260,599,599.28,85.46,85.46,0,10.97
802265,625,624.94,97.41,97.41,0,10.97
802270,649,648.74,108.93,108.93,0,10.97
802275,672,672.06,119.9,119.9,0,10.97
802280,693,693.24,130.2,130.2,0,10.97
802285,709,708.93,139.72,139.72,0,10.97
802290,724,723.77,148.35,148.35,0,10.97
802295,733,733.06,156.01,156.01,0,10.97
802300,738,738.21,162.63,162.63,0,10.97
802305,745,744.93,168.15,168.15,0,10.97
802310,748,747.8,172.52,172.52,0,10.97
802315,747,747.07,175.72,175.72,0,10.97
802320,746,746.17,177.74,176.75,0,10.97
802325,739,738.93,178.57,176.75,0,10.97
802330,730,729.84,178.23,176.75,0,10.97
802335,722,722.07,176.75,176.75,0,10.97
802340,713,713.14,174.18,174.18,0,10.97
802345,703,702.93,170.55,170.55,0,10.97
802350,692,691.87,165.93,165.93,0,10.97
802355,681,681.07,160.39,160.39,0,10.97
802360,670,670.12,154.0,154.0,0,10.97
802365,659,658.93,146.83,146.83,0,10.97
802370,647,646.89,138.97,138.97,0,10.97
802375,636,636.07,130.51,130.51,0,10.97
802380,626,626.1,121.53,121.53,0,10.97
802385,614,613.93,112.11,112.11,0,10.97
802390,607,606.91,102.34,102.34,0,10.97
802395,595,595.07,92.32,92.32,0,10.97
802400,586,586.08,82.12,82.12,0,10.97
802405,577,576.93,71.82,71.82,0,10.97
802410,564,563.93,61.51,61.51,0,10.97
802415,554,554.07,51.27,51.27,0,10.97
802420,543,543.06,41.17,41.17,0,10.97
802425,533,532.93,31.29,31.29,0,10.97
802430,519,518.95,21.68,21.68,0,10.97
802435,509,509.06,12.42,12.42,0,10.97
802440,498,498.04,3.56,3.56,0,10.97
802445,490,489.95,-4.85,-4.85,0,10.97
802450,479,478.96,-12.76,-12.76,0,10.97
802455,473,473.05,-20.14,-20.14,0,10.97
802460,459,459.03,-26.95,-26.95,0,10.97
802465,440,439.95,-33.17,-33.17,0,10.97
802470,450,449.99,-38.78,-38.78,0,10.97
802475,445,445.08,-43.78,-43.78,0,10.97
802480,445,445.0,-48.17,-48.17,0,10.97
802485,442,441.89,-51.96,-51.96,0,10.97
802490,442,442.01,-55.17,-55.17,0,10.97
802495,440,440.15,-57.83,-57.83,0,10.97
802500,444,443.98,-59.95,-59.95,0,10.97
802505,447,446.82,-61.59,-61.59,0,10.97
802510,451,451.03,-62.78,-62.78,0,10.97
802515,451,451.21,-63.57,-63.57,0,10.97
802520,457,456.95,-64.0,-63.64,0,10.97
802525,462,461.76,-64.12,-63.64,0,10.97
802530,464,464.06,-63.98,-63.64,0,10.97
802535,462,462.25,-63.64,-63.64,0,10.97
802540,469,468.92,-63.14,-63.14,0,10.97
802545,471,470.73,-62.53,-62.53,0,10.97
802550,475,475.1,-61.85,-61.85,0,10.97
802555,475,475.28,-61.16,-61.16,0,10.97
802560,479,478.88,-60.48,-60.48,0,10.97
802565,487,486.72,-59.86,-59.86,0,10.97
802570,475,475.13,-59.33,-59.33,0,10.97
802575,475,475.27,-58.91,-58.91,0,10.97
802580,474,473.86,-58.63,-58.78,0,10.97
802585,474,473.75,-58.51,-58.78,0,10.97
802590,471,471.15,-58.55,-58.78,0,10.97
802595,468,468.23,-58.78,-58.78,0,10.97
802600,467,466.83,-59.19,-59.19,0,10.97
802605,464,463.79,-59.8,-59.8,0,10.97
802610,460,460.18,-60.6,-60.6,0,10.97
802615,460,460.19,-61.59,-61.59,0,10.97
802620,458,457.82,-62.76,-62.76,0,10.97
802625,454,453.82,-64.12,-64.12,0,10.97
802630,452,452.19,-65.64,-65.64,0,10.97
802635,450,450.16,-67.31,-67.31,0,10.97
802640,446,445.8,-69.14,-69.14,0,10.97
802645,444,443.85,-71.09,-71.09,0,10.97
802650,444,444.21,-73.15,-73.15,0,10.97
802655,441,441.13,-75.31,-75.31,0,10.97
802660,439,438.78,-77.55,-77.55,0,10.97
802665,440,439.88,-79.85,-79.85,0,10.97
802670,432,432.23,-82.19,-82.19,0,10.97
802675,436,436.11,-84.54,-84.54,0,10.97
802680,435,434.77,-86.89,-86.89,0,10.97
802685,432,431.91,-89.22,-89.22,0,10.97
802690,432,432.23,-91.48,-91.48,0,10.97
802695,435,435.08,-93.67,-93.67,0,10.97
802700,432,431.77,-95.76,-95.76,0,10.97
802705,429,428.92,-97.71,-97.71,0,10.97
802710,429,429.23,-99.49,-99.49,0,10.97
802715,430,430.08,-101.08,-101.08,0,10.97
802720,430,429.77,-102.44,-102.44,0,10.97
802725,428,427.92,-103.54,-103.54,0,10.97
802730,429,429.23,-104.34,-104.34,0,10.97
802735,429,429.09,-104.8,-104.34,0,10.97
802740,429,428.78,-104.89,-104.34,0,10.97
802745,429,428.9,-104.57,-104.34,0,10.97
802750,428,428.22,-103.8,-103.8,0,10.97
802755,428,428.11,-102.54,-102.54,0,10.97
802760,427,426.79,-100.75,-100.75,0,10.97
802765,428,427.89,-98.4,-98.4,0,10.97
802770,429,429.21,-95.44,-95.44,0,10.97
802775,428,428.12,-91.84,-91.84,0,10.97
802780,428,427.79,-87.57,-87.57,0,10.97
802785,429,428.87,-82.6,-82.6,0,10.97
802790,430,430.22,-76.9,-76.9,0,10.97
802795,428,428.13,-70.46,-70.46,0,10.97
802800,429,428.78,-63.27,-63.27,0,10.97
802805,430,429.87,-55.31,-55.31,0,10.97
802810,431,431.23,-46.59,-46.59,0,10.97
802815,433,433.14,-37.13,-37.13,0,10.97
802820,435,434.76,-26.95,-26.95,0,10.97
802825,441,440.86,-16.08,-16.08,0,10.97
802830,449,449.26,-4.58,-4.58,0,10.97
802835,459,459.15,7.5,7.5,0,10.97
802840,476,475.73,20.08,20.08,0,10.97
802845,493,492.85,33.07,33.07,0,10.97
802850,517,517.29,46.37,46.37,0,10.97
802855,542,542.16,59.86,59.86,0,10.97
802860,569,568.7,73.42,73.42,0,10.97
802865,598,597.84,86.93,86.93,0,10.97
802870,622,622.31,100.26,100.26,0,10.97
802875,652,652.17,113.26,113.26,0,10.97
802880,677,676.68,125.81,125.81,0,10.97
802885,700,699.82,137.78,137.78,0,10.97
802890,721,721.33,149.05,149.05,0,10.97
802895,736,736.18,159.52,159.52,0,10.97
802900,748,747.65,169.07,169.07,0,10.97
802905,760,759.81,177.64,177.64,0,10.97
802910,765,765.36,185.13,185.13,0,10.97
802915,771,771.19,191.5,191.5,0,10.97
802920,789,788.63,196.71,196.71,0,10.97
802925,769,768.8,200.72,200.72,0,10.97
802930,767,767.35,203.52,203.52,0,10.97
802935,759,759.2,205.12,203.52,0,10.97
802940,756,755.68,205.53,203.52,0,10.97
802945,750,749.79,204.78,203.52,0,10.97
802950,741,741.29,202.89,202.89,0,10.97
802955,732,732.21,199.93,199.93,0,10.97
802960,722,721.74,195.94,195.94,0,10.97
802965,711,710.79,190.98,190.98,0,10.97
802970,706,706.24,185.12,185.12,0,10.97
802975,693,693.22,178.43,178.43,0,10.97
802980,682,681.78,170.99,170.99,0,10.97
802985,673,672.78,162.86,162.86,0,10.97
802990,664,664.21,154.14,154.14,0,10.97
802995,653,653.23,144.89,144.89,0,10.97
803000,643,642.8,135.2,135.2,0,10.97
803005,634,633.76,125.15,125.15,0,10.97
803010,626,626.19,114.82,114.82,0,10.97
803015,615,615.25,104.28,104.28,0,10.97
803020,607,606.81,93.61,93.61,0,10.97
803025,594,593.74,82.89,82.89,0,10.97
803030,585,585.18,72.2,72.2,0,10.97
803035,569,569.27,61.59,61.59,0,10.97
803040,561,560.83,51.14,51.14,0,10.97
803045,549,548.73,40.92,40.92,0,10.97
803050,537,537.17,30.99,30.99,0,10.97
803055,524,524.27,21.4,21.4,0,10.97
803060,512,511.83,12.21,12.21,0,10.97
803065,502,501.72,3.46,3.46,0,10.97
803070,491,491.17,-4.8,-4.8,0,10.97
803075,482,482.28,-12.54,-12.54,0,10.97
803080,474,473.84,-19.74,-19.74,0,10.97
803085,467,466.72,-26.37,-26.37,0,10.97
803090,461,461.16,-32.42,-32.42,0,10.97
803095,456,456.29,-37.89,-37.89,0,10.97
803100,454,453.84,-42.77,-42.77,0,10.97
803105,453,452.71,-47.08,-47.08,0,10.97
803110,450,450.16,-50.84,-50.84,0,10.97
803115,450,450.29,-54.05,-54.05,0,10.97
803120,453,452.84,-56.77,-56.77,0,10.97
803125,454,453.72,-59.01,-59.01,0,10.97
803130,455,455.15,-60.81,-60.81,0,10.97
803135,458,458.28,-62.21,-62.21,0,10.97
803140,458,457.85,-63.27,-63.27,0,10.97
803145,461,460.72,-64.01,-64.01,0,10.97
803150,463,463.14,-64.49,-64.49,0,10.97
803155,465,465.28,-64.75,-64.65,0,10.97
803160,471,470.86,-64.83,-64.65,0,10.97
803165,470,469.72,-64.78,-64.65,0,10.97
803170,472,472.13,-64.65,-64.65,0,10.97
803175,472,472.28,-64.46,-64.46,0,10.97
803180,469,468.88,-64.26,-64.26,0,10.97
803185,473,472.72,-64.07,-64.07,0,10.97
803190,470,470.12,-63.93,-64.01,0,10.97
803195,470,470.28,-63.86,-64.01,0,10.97
803200,471,470.88,-63.88,-64.01,0,10.97
803205,467,466.72,-64.01,-64.01,0,10.97
803210,465,465.11,-64.26,-64.26,0,10.97
803215,463,463.28,-64.66,-64.66,0,10.97
803220,457,456.9,-65.19,-65.19,0,10.97
803225,457,456.72,-65.87,-65.87,0,10.97
803230,455,455.1,-66.7,-66.7,0,10.97
803235,449,449.28,-67.67,-67.67,0,10.97
803240,449,448.9,-68.79,-68.79,0,10.97
803245,445,444.72,-70.05,-70.05,0,10.97
803250,442,442.1,-71.44,-71.44,0,10.97
803255,439,439.28,-72.95,-72.95,0,10.97
803260,442,441.9,-74.58,-74.58,0,10.97
803265,438,437.73,-76.32,-76.32,0,10.97
803270,435,435.09,-78.15,-78.15,0,10.97
803275,436,436.27,-80.07,-80.07,0,10.97
803280,432,431.92,-82.05,-82.05,0,10.97
803285,430,429.73,-84.1,-84.1,0,10.97
803290,427,427.07,-86.18,-86.18,0,10.97
803295,426,426.27,-88.29,-88.29,0,10.97
803300,425,424.94,-90.4,-90.4,0,10.97
803305,424,423.73,-92.51,-92.51,0,10.97
803310,423,423.05,-94.6,-94.6,0,10.97
803315,422,422.27,-96.63,-96.63,0,10.97
803320,423,422.97,-98.61,-98.61,0,10.97
803325,421,420.73,-100.49,-100.49,0,10.97
803330,420,420.01,-102.27,-102.27,0,10.97
803335,420,420.27,-103.92,-103.92,0,10.97
803340,419,419.0,-105.42,-105.42,0,10.97
803345,420,419.72,-106.73,-106.73,0,10.97
803350,419,418.98,-107.83,-107.83,0,10.97
803355,420,420.28,-108.7,-108.7,0,10.97
803360,420,420.04,-109.29,-109.16,0,10.97
803365,421,420.72,-109.59,-109.16,0,10.97
803370,421,420.94,-109.56,-109.16,0,10.97
803375,422,422.29,-109.16,-109.16,0,10.97
803380,422,422.07,-108.36,-108.36,0,10.97
803385,423,422.71,-107.12,-107.12,0,10.97
803390,424,423.91,-105.41,-105.41,0,10.97
803395,424,424.3,-103.19,-103.19,0,10.97
803400,424,424.11,-100.42,-100.42,0,10.97
803405,424,423.7,-97.06,-97.06,0,10.97
803410,424,423.88,-93.08,-93.08,0,10.97
803415,424,424.31,-88.46,-88.46,0,10.97
803420,425,425.14,-83.15,-83.15,0,10.97
803425,421,420.68,-77.13,-77.13,0,10.97
803430,425,424.84,-70.38,-70.38,0,10.97
803435,426,426.34,-62.89,-62.89,0,10.97
803440,427,427.18,-54.65,-54.65,0,10.97
803445,428,427.64,-45.66,-45.66,0,10.97
803450,429,428.8,-35.93,-35.93,0,10.97
803455,429,429.38,-25.48,-25.48,0,10.97
803460,438,438.23,-14.35,-14.35,0,10.97
803465,446,445.61,-2.57,-2.57,0,10.97
803470,457,456.75,9.78,9.78,0,10.97
803475,473,473.41,22.65,22.65,0,10.97
803480,491,491.28,35.94,35.94,0,10.97
803485,502,501.57,49.56,49.56,0,10.97
803490,540,539.7,63.39,63.39,0,10.97
803495,546,546.46,77.33,77.33,0,10.97
803500,597,597.33,91.23,91.23,0,10.97
803505,625,624.54,104.98,104.98,0,10.97
803510,651,650.64,118.43,118.43,0,10.97
803515,675,675.45,131.46,131.46,0,10.97
803520,687,687.38,143.94,143.94,0,10.97
803525,717,716.55,155.74,155.74,0,10.97
803530,734,733.61,166.76,166.76,0,10.97
803535,748,748.44,176.89,176.89,0,10.97
803540,761,761.4,186.05,186.05,0,10.97
803545,768,767.57,194.16,194.16,0,10.97
803550,770,769.59,201.16,201.16,0,10.97
803555,772,772.42,207.0,207.0,0,10.97
803560,771,771.42,211.66,211.66,0,10.97
803565,768,767.58,215.11,215.11,0,10.97
803570,766,765.57,217.35,216.96,0,10.97
803575,760,760.41,218.39,216.96,0,10.97
803580,753,753.44,218.25,216.96,0,10.97
803585,746,745.59,216.96,216.96,0,10.97
803590,739,738.54,214.56,214.56,0,10.97
803595,730,730.4,211.1,211.1,0,10.97
803600,719,719.47,206.63,206.63,0,10.97
803605,711,710.59,201.21,201.21,0,10.97
803610,700,699.52,194.91,194.91,0,10.97
803615,691,691.41,187.8,187.8,0,10.97
803620,673,673.48,179.95,179.95,0,10.97
803625,672,671.59,171.45,171.45,0,10.97
803630,661,660.52,162.35,162.35,0,10.97
803635,651,651.41,152.74,152.74,0,10.97
803640,641,641.47,142.7,142.7,0,10.97
803645,633,632.59,132.3,132.3,0,10.97
803650,623,622.54,121.62,121.62,0,10.97
803655,614,614.41,110.73,110.73,0,10.97
803660,604,604.46,99.7,99.7,0,10.97
803665,593,592.58,88.61,88.61,0,10.97
803670,581,580.54,77.54,77.54,0,10.97
803675,571,571.42,66.54,66.54,0,10.97
803680,558,558.45,55.7,55.7,0,10.97
803685,544,543.57,45.06,45.06,0,10.97
803690,531,530.54,34.7,34.7,0,10.97
803695,516,516.44,24.68,24.68,0,10.97
803700,505,505.46,15.04,15.04,0,10.97
803705,494,493.56,5.84,5.84,0,10.97
803710,483,482.54,-2.89,-2.89,0,10.97
803715,472,472.45,-11.09,-11.09,0,10.97
803720,464,464.47,-18.75,-18.75,0,10.97
803725,459,458.55,-25.84,-25.84,0,10.97
803730,449,448.52,-32.34,-32.34,0,10.97
803735,444,444.45,-38.26,-38.26,0,10.97
803740,431,431.48,-43.57,-43.57,0,10.97
803745,440,439.55,-48.3,-48.3,0,10.97
803750,437,436.53,-52.45,-52.45,0,10.97
803755,437,437.45,-56.05,-56.05,0,10.97
803760,437,437.46,-59.13,-59.13,0,10.97
803765,440,439.56,-61.7,-61.7,0,10.97
803770,440,439.56,-63.82,-63.82,0,10.97
803775,443,443.44,-65.51,-65.51,0,10.97
803780,445,445.43,-66.83,-66.83,0,10.97
803785,447,446.56,-67.8,-67.8,0,10.97
803790,449,448.58,-68.48,-68.48,0,10.97
803795,451,451.43,-68.91,-68.91,0,10.97
803800,451,451.41,-69.13,-68.94,0,10.97
803805,454,453.57,-69.18,-68.94,0,10.97
803810,455,454.6,-69.1,-68.94,0,10.97
803815,454,454.43,-68.94,-68.94,0,10.97
803820,456,456.39,-68.71,-68.71,0,10.97
803825,456,455.57,-68.46,-68.46,0,10.97
803830,457,456.62,-68.22,-68.22,0,10.97
803835,455,455.43,-68.0,-68.0,0,10.97
803840,454,454.36,-67.83,-67.83,0,10.97
803845,453,452.57,-67.73,-67.83,0,10.97
803850,451,450.65,-67.7,-67.83,0,10.97
803855,449,449.43,-67.76,-67.83,0,10.97
803860,446,446.34,-67.92,-67.92,0,10.97
803865,445,444.57,-68.17,-68.17,0,10.97
803870,442,441.67,-68.53,-68.53,0,10.97
803875,440,440.43,-68.98,-68.98,0,10.97
803880,436,436.32,-69.53,-69.53,0,10.97
803885,432,431.56,-70.17,-70.17,0,10.97
803890,433,432.7,-70.89,-70.89,0,10.97
803895,431,431.45,-71.69,-71.69,0,10.97
803900,428,428.29,-72.56,-72.56,0,10.97
803905,425,424.54,-73.48,-73.48,0,10.97
803910,426,425.72,-74.46,-74.46,0,10.97
803915,423,423.48,-75.47,-75.47,0,10.97
803920,422,422.26,-76.52,-76.52,0,10.97
803925,420,419.5,-77.58,-77.58,0,10.97
803930,416,415.75,-78.66,-78.66,0,10.97
803935,419,419.53,-79.74,-79.74,0,10.97
803940,414,414.24,-80.82,-80.82,0,10.97
803945,413,412.45,-81.89,-81.89,0,10.97
803950,412,411.77,-82.94,-82.94,0,10.97
803955,410,410.59,-83.97,-83.97,0,10.97
803960,410,410.22,-84.96,-84.96,0,10.97
803965,409,408.38,-85.93,-85.93,0,10.97
803970,409,408.79,-86.86,-86.86,0,10.97
803975,409,409.65,-87.75,-87.75,0,10.97
803980,408,408.2,-88.61,-88.61,0,10.97
803985,407,406.31,-89.43,-89.43,0,10.97
803990,412,411.81,-90.22,-90.22,0,10.97
803995,408,408.73,-90.97,-90.97,0,10.97
804000,410,410.18,-91.68,-91.68,0,10.97
804005,408,407.22,-92.36,-92.36,0,10.97
804010,408,407.84,-93.01,-93.01,0,10.97
804015,409,409.83,-93.63,-93.63,0,10.97
804020,409,409.15,-94.21,-94.21,0,10.97
804025,410,409.12,-94.76,-94.76,0,10.97
804030,411,410.86,-95.28,-95.28,0,10.97
804035,413,413.93,-95.77,-95.77,0,10.97
804040,416,416.13,-96.22,-96.22,0,10.97
804045,414,413.01,-96.63,-96.63,0,10.97
804050,421,420.88,-96.99,-96.99,0,10.97
804055,395,396.03,-97.3,-97.3,0,10.97
804060,419,419.11,-97.54,-97.54,0,10.97
804065,421,419.95,-97.71,-97.62,0,10.97
804070,421,420.91,-97.79,-97.62,0,10.97
804075,422,423.06,-97.76,-97.62,0,10.97
804080,422,422.07,-97.62,-97.62,0,10.97
804085,426,424.94,-97.33,-97.33,0,10.97
804090,425,424.94,-96.87,-96.87,0,10.97
804095,427,428.07,-96.23,-96.23,0,10.97
804100,429,429.04,-95.36,-95.36,0,10.97
804105,430,428.92,-94.24,-94.24,0,10.97
804110,430,429.98,-92.83,-92.83,0,10.97
804115,431,432.08,-91.1,-91.1,0,10.97
804120,431,431.01,-89.01,-89.01,0,10.97
804125,431,429.9,-86.51,-86.51,0,10.97
804130,431,431.0,-83.57,-83.57,0,10.97
804135,432,433.11,-80.15,-80.15,0,10.97
804140,429,428.98,-76.2,-76.2,0,10.97
804145,431,429.87,-71.69,-71.69,0,10.97
804150,432,432.04,-66.58,-66.58,0,10.97
804155,407,408.14,-60.83,-60.83,0,10.97
804160,429,428.94,-54.43,-54.43,0,10.97
804165,429,427.88,-47.34,-47.34,0,10.97
804170,429,429.09,-39.55,-39.55,0,10.97
804175,429,430.09,-31.07,-31.07,0,10.97
804180,430,429.89,-21.89,-21.89,0,10.97
804185,430,428.94,-12.03,-12.03,0,10.97
804190,436,436.14,-1.51,-1.51,0,10.97
804195,444,445.04,9.61,9.61,0,10.97
804200,454,453.84,21.3,21.3,0,10.97
804205,479,477.99,33.47,33.47,0,10.97
804210,487,487.19,46.05,46.05,0,10.97
804215,506,506.98,58.95,58.95,0,10.97
804220,532,531.79,72.06,72.06,0,10.97
804225,558,557.07,85.26,85.26,0,10.97
804230,584,584.24,98.43,98.43,0,10.97
804235,612,612.89,111.46,111.46,0,10.97
804240,642,641.73,124.19,124.19,0,10.97
804245,668,667.15,136.52,136.52,0,10.97
804250,690,690.29,148.3,148.3,0,10.97
804255,711,711.8,159.43,159.43,0,10.97
804260,728,727.68,169.8,169.8,0,10.97
804265,742,741.24,179.29,179.29,0,10.97
804270,751,751.33,187.83,187.83,0,10.97
804275,759,759.72,195.35,195.35,0,10.97
804280,764,763.64,201.78,201.78,0,10.97
804285,767,766.32,207.09,207.09,0,10.97
804290,765,765.38,211.23,211.23,0,10.97
804295,764,764.64,214.2,214.2,0,10.97
804300,758,757.6,215.99,214.48,0,10.97
804305,753,752.4,216.62,214.48,0,10.97
804310,745,745.42,216.11,214.48,0,10.97
804315,736,736.56,214.48,214.48,0,10.97
804320,728,727.55,211.8,211.8,0,10.97
804325,718,717.47,208.1,208.1,0,10.97
804330,707,707.47,203.44,203.44,0,10.97
804335,699,699.49,197.89,197.89,0,10.97
804340,687,686.5,191.52,191.52,0,10.97
804345,679,678.54,184.4,184.4,0,10.97
804350,670,670.53,176.61,176.61,0,10.97
804355,659,659.43,168.21,168.21,0,10.97
804360,650,649.44,159.28,159.28,0,10.97
804365,640,639.61,149.91,149.91,0,10.97
804370,629,629.59,140.17,140.17,0,10.97
804375,623,623.36,130.14,130.14,0,10.97
804380,612,611.38,119.89,119.89,0,10.97
804385,605,604.66,109.49,109.49,0,10.97
804390,596,596.66,99.02,99.02,0,10.97
804395,583,583.31,88.54,88.54,0,10.97
804400,574,573.3,78.13,78.13,0,10.97
804405,564,563.72,67.85,67.85,0,10.97
804410,540,540.73,57.77,57.77,0,10.97
804415,540,540.24,47.94,47.94,0,10.97
804420,528,527.25,38.41,38.41,0,10.97
804425,515,514.79,29.25,29.25,0,10.97
804430,504,504.76,20.5,20.5,0,10.97
804435,494,494.18,12.19,12.19,0,10.97
804440,484,483.22,4.36,4.36,0,10.97
804445,475,474.85,-2.96,-2.96,0,10.97
804450,467,467.8,-9.76,-9.76,0,10.97
804455,462,462.13,-16.0,-16.0,0,10.97
804460,477,476.2,-21.7,-21.7,0,10.97
804465,452,451.9,-26.84,-26.84,0,10.97
804470,449,449.77,-31.44,-31.44,0,10.97
804475,450,450.08,-35.5,-35.5,0,10.97
804480,448,447.26,-39.04,-39.04,0,10.97
804485,449,448.94,-42.09,-42.09,0,10.97
804490,451,451.7,-44.67,-44.67,0,10.97
804495,450,450.04,-46.82,-46.82,0,10.97
804500,454,453.33,-48.57,-48.57,0,10.97
804505,455,454.98,-49.96,-49.96,0,10.97
804510,458,458.64,-51.04,-51.04,0,10.97
804515,458,458.0,-51.84,-51.84,0,10.97
804520,462,461.39,-52.41,-52.41,0,10.97
804525,463,463.03,-52.78,-52.78,0,10.97
804530,466,466.58,-53.01,-53.01,0,10.97
804535,466,465.95,-53.13,-53.13,0,10.97
804540,469,468.44,-53.18,-53.18,0,10.97
804545,472,472.08,-53.2,-53.2,0,10.97
804550,470,470.54,-53.2,-53.2,0,10.97
804555,485,484.89,-53.24,-53.24,0,10.97
804560,468,467.48,-53.32,-53.32,0,10.97
804565,466,466.11,-53.46,-53.46,0,10.97
804570,462,462.49,-53.69,-53.69,0,10.97
804575,463,462.9,-54.0,-54.0,0,10.97
804580,459,458.53,-54.42,-54.42,0,10.97
804585,455,455.09,-54.94,-54.94,0,10.97
804590,455,455.45,-55.57,-55.57,0,10.97
804595,451,450.92,-56.3,-56.3,0,10.97
804600,448,447.57,-57.13,-57.13,0,10.97
804605,446,446.06,-58.07,-58.07,0,10.97
804610,443,443.42,-59.09,-59.09,0,10.97
804615,440,439.95,-60.2,-60.2,0,10.97
804620,439,438.6,-61.39,-61.39,0,10.97
804625,436,436.04,-62.64,-62.64,0,10.97
804630,434,434.39,-63.95,-63.95,0,10.97
804635,433,432.98,-65.32,-65.32,0,10.97
804640,432,431.63,-66.72,-66.72,0,10.97
804645,429,429.01,-68.16,-68.16,0,10.97
804650,427,427.35,-69.61,-69.61,0,10.97
804655,425,425.0,-71.08,-71.08,0,10.97
804660,424,423.66,-72.56,-72.56,0,10.97
804665,423,422.98,-74.03,-74.03,0,10.97
804670,422,422.32,-75.49,-75.49,0,10.97
804675,421,421.03,-76.94,-76.94,0,10.97
804680,419,418.69,-78.36,-78.36,0,10.97
804685,421,420.96,-79.76,-79.76,0,10.97
804690,416,416.29,-81.12,-81.12,0,10.97
804695,420,420.05,-82.44,-82.44,0,10.97
804700,420,419.73,-83.72,-83.72,0,10.97
804705,420,419.94,-84.95,-84.95,0,10.97
804710,420,420.25,-86.13,-86.13,0,10.97
804715,418,418.07,-87.25,-87.25,0,10.97
804720,422,421.77,-88.3,-88.3,0,10.97
804725,423,422.93,-89.29,-89.29,0,10.97
804730,423,423.21,-90.19,-90.19,0,10.97
804735,422,422.07,-91.01,-91.01,0,10.97
804740,423,422.8,-91.73,-91.73,0,10.97
804745,426,425.93,-92.34,-92.34,0,10.97
804750,425,425.18,-92.83,-92.83,0,10.97
804755,426,426.06,-93.17,-93.17,0,10.97
804760,429,428.84,-93.36,-93.17,0,10.97
804765,429,428.95,-93.38,-93.17,0,10.97
804770,426,426.14,-93.19,-93.17,0,10.97
804775,430,430.04,-92.78,-92.78,0,10.97
804780,431,430.89,-92.12,-92.12,0,10.97
804785,432,431.97,-91.18,-91.18,0,10.97
804790,434,434.08,-89.94,-89.94,0,10.97
804795,430,430.02,-88.37,-88.37,0,10.97
804800,429,428.94,-86.42,-86.42,0,10.97
804805,433,432.99,-84.08,-84.08,0,10.97
804810,436,436.05,-81.3,-81.3,0,10.97
804815,433,432.99,-78.06,-78.06,0,10.97
804820,434,433.96,-74.32,-74.32,0,10.97
804825,433,433.03,-70.06,-70.06,0,10.97
804830,435,435.03,-65.25,-65.25,0,10.97
804835,437,436.95,-59.86,-59.86,0,10.97
804840,435,434.97,-53.89,-53.89,0,10.97
804845,433,433.06,-47.31,-47.31,0,10.97
804850,433,433.02,-40.12,-40.12,0,10.97
804855,434,433.94,-32.31,-32.31,0,10.97
804860,435,434.99,-23.91,-23.91,0,10.97
804865,439,439.07,-14.92,-14.92,0,10.97
804870,442,442.01,-5.38,-5.38,0,10.97
804875,451,450.92,4.67,4.67,0,10.97
804880,459,459.01,15.18,15.18,0,10.97
804885,473,473.09,26.07,26.07,0,10.97
804890,490,489.99,37.28,37.28,0,10.97
804895,507,506.91,48.71,48.71,0,10.97
804900,530,530.02,60.26,60.26,0,10.97
804905,552,552.1,71.82,71.82,0,10.97
804910,577,576.98,83.29,83.29,0,10.97
804915,604,603.89,94.53,94.53,0,10.97
804920,626,626.03,105.44,105.44,0,10.97
804925,650,650.11,115.88,115.88,0,10.97
804930,671,670.96,125.76,125.76,0,10.97
804935,688,687.88,134.95,134.95,0,10.97
804940,705,705.04,143.36,143.36,0,10.97
804945,717,717.13,150.9,150.9,0,10.97
804950,725,724.95,157.49,157.49,0,10.97
804955,733,732.86,163.08,163.08,0,10.97
804960,734,734.05,167.6,167.6,0,10.97
804965,738,738.15,171.03,171.03,0,10.97
804970,736,735.94,173.35,173.35,0,10.97
804975,730,729.84,174.54,173.35,0,10.97
804980,723,723.06,174.62,173.35,0,10.97
804985,718,718.17,173.62,173.35,0,10.97
804990,709,708.94,171.55,171.55,0,10.97
804995,700,699.81,168.46,168.46,0,10.97
805000,689,689.05,164.42,164.42,0,10.97
805005,679,679.2,159.47,159.47,0,10.97
805010,668,667.95,153.68,153.68,0,10.97
805015,657,656.78,147.14,147.14,0,10.97
805020,646,646.04,139.91,139.91,0,10.97
805025,631,631.24,132.08,132.08,0,10.97
805030,624,623.96,123.74,123.74,0,10.97
805035,612,611.75,114.96,114.96,0,10.97
805040,601,601.03,105.82,105.82,0,10.97
805045,592,592.26,96.43,96.43,0,10.97
805050,584,583.98,86.85,86.85,0,10.97
805055,573,572.73,77.16,77.16,0,10.97
805060,564,564.01,67.46,67.46,0,10.97
805065,552,552.28,57.8,57.8,0,10.97
805070,540,539.99,48.27,48.27,0,10.97
805075,533,532.71,38.93,38.93,0,10.97
805080,522,522.0,29.84,29.84,0,10.97
805085,511,511.29,21.07,21.07,0,10.97
805090,501,501.0,12.68,12.68,0,10.97
805095,492,491.7,4.7,4.7,0,10.97
805100,483,483.0,-2.82,-2.82,0,10.97
805105,472,472.31,-9.85,-9.85,0,10.97
805110,466,466.0,-16.35,-16.35,0,10.97
805115,460,459.69,-22.31,-22.31,0,10.97
805120,456,456.0,-27.71,-27.71,0,10.97
805125,453,453.32,-32.55,-32.55,0,10.97
805130,449,449.0,-36.83,-36.83,0,10.97
805135,447,446.68,-40.55,-40.55,0,10.97
805140,447,447.01,-43.75,-43.75,0,10.97
805145,449,449.34,-46.44,-46.44,0,10.97
805150,450,449.99,-48.64,-48.64,0,10.97
805155,463,462.66,-50.4,-50.4,0,10.97
805160,455,455.01,-51.76,-51.76,0,10.97
805165,458,458.34,-52.74,-52.74,0,10.97
805170,462,461.98,-53.41,-53.41,0,10.97
805175,466,465.68,-53.79,-53.74,0,10.97
805180,468,468.02,-53.95,-53.74,0,10.97
805185,470,470.31,-53.91,-53.74,0,10.97
805190,472,471.98,-53.74,-53.74,0,10.97
805195,475,474.71,-53.46,-53.46,0,10.97
805200,477,477.02,-53.13,-53.13,0,10.97
805205,480,480.27,-52.78,-52.78,0,10.97
805210,479,478.97,-52.44,-52.44,0,10.97
805215,481,480.74,-52.15,-52.15,0,10.97
805220,478,478.03,-51.93,-51.94,0,10.97
805225,478,478.25,-51.81,-51.94,0,10.97
805230,478,477.96,-51.81,-51.94,0,10.97
805235,474,473.76,-51.94,-51.94,0,10.97
805240,472,472.04,-52.22,-52.22,0,10.97
805245,471,471.23,-52.64,-52.64,0,10.97
805250,466,465.96,-53.22,-53.22,0,10.97
805255,464,463.78,-53.96,-53.96,0,10.97
805260,458,458.03,-54.85,-54.85,0,10.97
805265,458,458.21,-55.9,-55.9,0,10.97
805270,456,455.97,-57.09,-57.09,0,10.97
805275,454,453.8,-58.42,-58.42,0,10.97
805280,448,448.02,-59.87,-59.87,0,10.97
805285,447,447.2,-61.45,-61.45,0,10.97
805290,443,442.99,-63.13,-63.13,0,10.97
805295,442,441.81,-64.91,-64.91,0,10.97
805300,440,439.99,-66.78,-66.78,0,10.97
805305,438,438.18,-68.71,-68.71,0,10.97
805310,436,436.02,-70.71,-70.71,0,10.97
805315,434,433.83,-72.75,-72.75,0,10.97
805320,433,432.97,-74.82,-74.82,0,10.97
805325,432,432.16,-76.91,-76.91,0,10.97
805330,433,433.04,-79.02,-79.02,0,10.97
805335,430,429.84,-81.11,-81.11,0,10.97
805340,431,430.95,-83.19,-83.19,0,10.97
805345,431,431.15,-85.23,-85.23,0,10.97
805350,431,431.06,-87.22,-87.22,0,10.97
805355,429,428.85,-89.16,-89.16,0,10.97
805360,432,431.92,-91.01,-91.01,0,10.97
805365,430,430.16,-92.76,-92.76,0,10.97
805370,430,430.09,-94.39,-94.39,0,10.97
805375,429,428.84,-95.88,-95.88,0,10.97
805380,431,430.9,-97.21,-97.21,0,10.97
805385,430,430.16,-98.35,-98.35,0,10.97
805390,429,429.11,-99.28,-99.28,0,10.97
805395,430,429.83,-99.97,-99.97,0,10.97
805400,429,428.88,-100.39,-99.97,0,10.97
805405,432,432.18,-100.5,-99.97,0,10.97
805410,431,431.13,-100.27,-99.97,0,10.97
805415,432,431.81,-99.68,-99.68,0,10.97
805420,431,430.86,-98.68,-98.68,0,10.97
805425,431,431.2,-97.24,-97.24,0,10.97
805430,430,430.15,-95.31,-95.31,0,10.97
805435,432,431.79,-92.88,-92.88,0,10.97
805440,431,430.84,-89.89,-89.89,0,10.97
805445,430,430.22,-86.32,-86.32,0,10.97
805450,431,431.17,-82.13,-82.13,0,10.97
805455,431,430.78,-77.29,-77.29,0,10.97
805460,429,428.82,-71.79,-71.79,0,10.97
805465,430,430.23,-65.59,-65.59,0,10.97
805470,430,430.19,-58.68,-58.68,0,10.97
805475,431,430.77,-51.06,-51.06,0,10.97
805480,432,431.79,-42.73,-42.73,0,10.97
805485,424,424.23,-33.69,-33.69,0,10.97
805490,437,437.22,-23.98,-23.98,0,10.97
805495,442,441.78,-13.62,-13.62,0,10.97
805500,449,448.77,-2.66,-2.66,0,10.97
805505,461,461.2,8.85,8.85,0,10.97
805510,474,474.26,20.82,20.82,0,10.97
805515,492,491.82,33.18,33.18,0,10.97
805520,514,513.73,45.83,45.83,0,10.97
805525,539,539.17,58.67,58.67,0,10.97
805530,561,561.28,71.57,71.57,0,10.97
805535,589,588.84,84.41,84.41,0,10.97
805540,615,614.7,97.07,97.07,0,10.97
805545,641,641.14,109.42,109.42,0,10.97
805550,667,667.31,121.34,121.34,0,10.97
805555,686,685.86,132.69,132.69,0,10.97
805560,707,706.67,143.38,143.38,0,10.97
805565,723,723.13,153.28,153.28,0,10.97
805570,736,736.35,162.31,162.31,0,10.97
805575,748,747.88,170.38,170.38,0,10.97
805580,754,753.63,177.42,177.42,0,10.97
805585,759,759.11,183.38,183.38,0,10.97
805590,760,760.39,188.21,188.21,0,10.97
805595,759,758.89,191.88,191.88,0,10.97
805600,757,756.59,194.39,194.39,0,10.97
805605,750,750.1,195.73,194.39,0,10.97
805610,746,746.43,195.93,194.39,0,10.97
805615,739,738.91,195.0,194.39,0,10.97
805620,730,729.54,192.97,192.97,0,10.97
805625,722,722.08,189.91,189.91,0,10.97
805630,711,711.48,185.85,185.85,0,10.97
805635,698,697.93,180.87,180.87,0,10.97
805640,706,705.5,175.03,175.03,0,10.97
805645,679,679.07,168.39,168.39,0,10.97
805650,669,669.49,161.05,161.05,0,10.97
805655,658,657.93,153.07,153.07,0,10.97
805660,648,647.52,144.54,144.54,0,10.97
805665,638,638.07,135.53,135.53,0,10.97
805670,628,628.46,126.14,126.14,0,10.97
805675,618,617.93,116.44,116.44,0,10.97
805680,609,608.55,106.5,106.5,0,10.97
805685,601,601.07,96.42,96.42,0,10.97
805690,590,590.44,86.25,86.25,0,10.97
805695,581,580.93,76.08,76.08,0,10.97
805700,571,570.57,65.97,65.97,0,10.97
805705,561,561.07,55.99,55.99,0,10.97
805710,552,552.42,46.21,46.21,0,10.97
805715,538,537.92,36.68,36.68,0,10.97
805720,530,529.59,27.46,27.46,0,10.97
805725,519,519.09,18.6,18.6,0,10.97
805730,508,508.41,10.15,10.15,0,10.97
805735,499,498.9,2.15,2.15,0,10.97
805740,488,487.6,-5.37,-5.37,0,10.97
805745,482,482.11,-12.37,-12.37,0,10.97
805750,472,472.4,-18.84,-18.84,0,10.97
805755,469,468.88,-24.76,-24.76,0,10.97
805760,461,460.6,-30.13,-30.13,0,10.97
805765,458,458.13,-34.93,-34.93,0,10.97
805770,454,454.4,-39.18,-39.18,0,10.97
805775,455,454.86,-42.89,-42.89,0,10.97
805780,451,450.6,-46.08,-46.08,0,10.97
805785,453,453.15,-48.78,-48.78,0,10.97
805790,453,453.4,-51.01,-51.01,0,10.97
805795,457,456.85,-52.81,-52.81,0,10.97
805800,456,455.59,-54.22,-54.22,0,10.97
805805,461,461.16,-55.29,-55.29,0,10.97
805810,463,463.42,-56.05,-56.05,0,10.97
805815,469,468.84,-56.55,-56.55,0,10.97
805820,469,468.58,-56.85,-56.85,0,10.97
805825,471,471.16,-56.98,-56.85,0,10.97
805830,476,476.44,-57.0,-56.85,0,10.97
805835,475,474.85,-56.94,-56.85,0,10.97
805840,478,477.55,-56.85,-56.85,0,10.97
805845,478,478.15,-56.76,-56.83,0,10.97
805850,477,477.47,-56.7,-56.83,0,10.97
805855,477,476.85,-56.72,-56.83,0,10.97
805860,477,476.52,-56.83,-56.83,0,10.97
805865,474,474.15,-57.06,-57.06,0,10.97
805870,473,473.5,-57.42,-57.42,0,10.97
805875,471,470.85,-57.94,-57.94,0,10.97
805880,468,467.49,-58.61,-58.61,0,10.97
805885,466,466.15,-59.45,-59.45,0,10.97
805890,462,462.53,-60.46,-60.46,0,10.97
805895,458,457.85,-61.63,-61.63,0,10.97
805900,456,455.45,-62.98,-62.98,0,10.97
805905,451,451.15,-64.47,-64.47,0,10.97
805910,449,449.57,-66.12,-66.12,0,10.97
805915,447,446.85,-67.91,-67.91,0,10.97
805920,444,443.41,-69.83,-69.83,0,10.97
805925,442,442.15,-71.86,-71.86,0,10.97
805930,441,441.61,-73.98,-73.98,0,10.97
805935,439,438.85,-76.19,-76.19,0,10.97
805940,435,434.36,-78.46,-78.46,0,10.97
805945,434,434.15,-80.77,-80.77,0,10.97
805950,433,433.67,-83.1,-83.1,0,10.97
805955,432,431.85,-85.43,-85.43,0,10.97
805960,431,430.3,-87.73,-87.73,0,10.97
805965,431,431.15,-89.99,-89.99,0,10.97
805970,428,428.74,-92.17,-92.17,0,10.97
805975,430,429.85,-94.25,-94.25,0,10.97
805980,427,426.23,-96.2,-96.2,0,10.97
805985,427,427.14,-97.99,-97.99,0,10.97
805990,425,425.81,-99.58,-99.58,0,10.97
805995,424,423.86,-100.95,-100.95,0,10.97
806000,424,423.16,-102.05,-102.05,0,10.97
806005,423,423.14,-102.86,-102.86,0,10.97
806010,400,400.87,-103.33,-102.86,0,10.97
806015,422,421.86,-103.43,-102.86,0,10.97
806020,422,421.14,-103.13,-102.86,0,10.97
806025,423,423.14,-102.39,-102.39,0,10.97
806030,422,422.85,-101.17,-101.17,0,10.97
806035,423,422.85,-99.44,-99.44,0,10.97
806040,423,422.17,-97.17,-97.17,0,10.97
806045,421,421.15,-94.32,-94.32,0,10.97
806050,424,424.82,-90.87,-90.87,0,10.97
806055,424,423.85,-86.79,-86.79,0,10.97
806060,426,425.2,-82.04,-82.04,0,10.97
806065,424,424.14,-76.63,-76.63,0,10.97
806070,424,424.79,-70.51,-70.51,0,10.97
806075,425,424.86,-63.7,-63.7,0,10.97
806080,423,422.22,-56.17,-56.17,0,10.97
806085,426,426.14,-47.95,-47.95,0,10.97
806090,427,427.77,-39.03,-39.03,0,10.97
806095,429,428.87,-29.46,-29.46,0,10.97
806100,436,435.23,-19.25,-19.25,0,10.97
806105,442,442.14,-8.46,-8.46,0,10.97
806110,454,454.77,2.85,2.85,0,10.97
806115,466,465.87,14.62,14.62,0,10.97
806120,481,480.23,26.75,26.75,0,10.97
806125,502,502.14,39.15,39.15,0,10.97
806130,525,525.78,51.72,51.72,0,10.97
806135,550,549.86,64.34,64.34,0,10.97
806141,584,583.22,76.89,76.89,0,10.97
806145,600,600.13,89.24,89.24,0,10.97
806150,627,627.77,101.27,101.27,0,10.97
806155,649,648.87,112.86,112.86,0,10.97
806160,674,673.23,123.88,123.88,0,10.97
806165,691,691.13,134.23,134.23,0,10.97
806170,704,704.75,143.78,143.78,0,10.97
806175,720,719.87,152.46,152.46,0,10.97
806180,730,729.26,160.17,160.17,0,10.97
806185,738,738.13,166.85,166.85,0,10.97
806190,740,740.72,172.44,172.44,0,10.97
806195,743,742.86,176.91,176.91,0,10.97
806200,741,740.29,180.21,180.21,0,10.97
806205,740,740.14,182.35,181.84,0,10.97
806210,734,734.69,183.33,181.84,0,10.97
806215,729,728.85,183.15,181.84,0,10.97
806220,723,722.32,181.84,181.84,0,10.97
806225,712,712.15,179.45,179.45,0,10.97
806230,703,703.66,176.01,176.01,0,10.97
806235,691,690.84,171.59,171.59,0,10.97
806240,683,682.35,166.24,166.24,0,10.97
806245,670,670.17,160.05,160.05,0,10.97
806250,659,659.63,153.08,153.08,0,10.97
806255,650,649.83,145.41,145.41,0,10.97
806260,637,636.38,137.12,137.12,0,10.97
806265,627,627.18,128.3,128.3,0,10.97
806270,615,615.61,119.03,119.03,0,10.97
806275,607,606.82,109.39,109.39,0,10.97
806280,599,598.41,99.47,99.47,0,10.97
806285,587,587.19,89.35,89.35,0,10.97
806290,576,576.57,79.11,79.11,0,10.97
806295,566,565.81,68.83,68.83,0,10.97
806300,554,553.44,58.59,58.59,0,10.97
806305,543,543.2,48.46,48.46,0,10.97
806310,532,532.54,38.52,38.52,0,10.97
806315,521,520.8,28.82,28.82,0,10.97
806320,510,509.47,19.44,19.44,0,10.97
806325,499,499.21,10.42,10.42,0,10.97
806330,487,487.51,1.83,1.83,0,10.97
806335,479,478.79,-6.3,-6.3,0,10.97
806340,469,468.5,-13.91,-13.91,0,10.97
806345,460,460.22,-20.99,-20.99,0,10.97
806350,451,451.48,-27.51,-27.51,0,10.97
806355,448,447.78,-33.44,-33.44,0,10.97
806360,443,442.54,-38.78,-38.78,0,10.97
806365,439,439.22,-43.52,-43.52,0,10.97
806370,436,436.45,-47.68,-47.68,0,10.97
806375,436,435.77,-51.25,-51.25,0,10.97
806380,437,436.58,-54.27,-54.27,0,10.97
806385,436,436.23,-56.76,-56.76,0,10.97
806390,438,438.4,-58.75,-58.75,0,10.97
806395,440,439.77,-60.27,-60.27,0,10.97
806400,443,442.62,-61.36,-61.36,0,10.97
806405,445,445.23,-62.08,-62.08,0,10.97
806410,447,447.36,-62.45,-62.08,0,10.97
806415,450,449.76,-62.53,-62.08,0,10.97
806420,453,452.66,-62.37,-62.08,0,10.97
806425,456,456.24,-62.02,-62.02,0,10.97
806430,459,459.31,-61.51,-61.51,0,10.97
806435,461,460.75,-60.9,-60.9,0,10.97
806440,462,461.71,-60.23,-60.23,0,10.97
806445,464,464.25,-59.55,-59.55,0,10.97
806450,465,465.28,-58.87,-58.87,0,10.97
806455,466,465.74,-58.25,-58.25,0,10.97
806460,464,463.74,-57.71,-57.71,0,10.97
806465,463,463.26,-57.28,-57.28,0,10.97
806470,464,464.25,-56.98,-57.03,0,10.97
806475,462,461.73,-56.83,-57.03,0,10.97
806480,459,458.76,-56.84,-57.03,0,10.97
806485,457,457.27,-57.03,-57.03,0,10.97
806490,454,454.23,-57.4,-57.4,0,10.97
806495,454,453.73,-57.96,-57.96,0,10.97
806500,451,450.78,-58.7,-58.7,0,10.97
806505,449,449.27,-59.63,-59.63,0,10.97
806510,447,447.21,-60.74,-60.74,0,10.97
806515,445,444.73,-62.03,-62.03,0,10.97
806520,442,441.79,-63.48,-63.48,0,10.97
806525,440,440.27,-65.08,-65.08,0,10.97
806530,437,437.2,-66.82,-66.82,0,10.97
806535,433,432.73,-68.69,-68.69,0,10.97
806540,432,431.81,-70.67,-70.67,0,10.97
806545,432,432.28,-72.74,-72.74,0,10.97
806550,428,428.19,-74.88,-74.88,0,10.97
806555,425,424.71,-77.07,-77.07,0,10.97
806560,426,425.82,-79.29,-79.29,0,10.97
806565,423,423.31,-81.52,-81.52,0,10.97
806570,424,424.17,-83.73,-83.73,0,10.97
806575,422,421.68,-85.9,-85.9,0,10.97
806580,422,421.83,-88.0,-88.0,0,10.97
806585,421,421.34,-90.02,-90.02,0,10.97
806590,417,417.16,-91.91,-91.91,0,10.97
806595,409,408.64,-93.65,-93.65,0,10.97
806600,419,418.85,-95.21,-95.21,0,10.97
806605,395,395.39,-96.57,-96.57,0,10.97
806610,419,419.14,-97.68,-97.68,0,10.97
806615,417,416.61,-98.52,-98.52,0,10.97
806620,418,417.87,-99.07,-98.58,0,10.97
806625,417,417.38,-99.28,-98.58,0,10.97
806630,418,418.12,-99.13,-98.58,0,10.97
806635,410,409.63,-98.58,-98.58,0,10.97
806640,418,417.89,-97.6,-97.6,0,10.97
806645,419,419.38,-96.17,-96.17,0,10.97
806650,418,418.1,-94.24,-94.24,0,10.97
806655,419,418.61,-91.78,-91.78,0,10.97
806660,417,416.91,-88.77,-88.77,0,10.97
806665,419,419.41,-85.18,-85.18,0,10.97
806670,419,419.08,-80.98,-80.98,0,10.97
806675,426,425.58,-76.14,-76.14,0,10.97
806680,420,419.92,-70.66,-70.66,0,10.97
806685,421,421.42,-64.51,-64.51,0,10.97
806690,421,421.07,-57.68,-57.68,0,10.97
806695,421,420.58,-50.17,-50.17,0,10.97
806700,422,421.93,-41.99,-41.99,0,10.97
806705,423,423.42,-33.15,-33.15,0,10.97
806710,428,428.07,-23.67,-23.67,0,10.97
806715,431,430.58,-13.58,-13.58,0,10.97
806720,434,433.94,-2.94,-2.94,0,10.97
806725,446,446.43,8.19,8.19,0,10.97
806730,459,459.08,19.76,19.76,0,10.97
806735,477,476.57,31.67,31.67,0,10.97
806740,495,494.92,43.82,43.82,0,10.97
806745,519,519.43,56.12,56.12,0,10.97
806750,542,542.09,68.45,68.45,0,10.97
806755,565,564.57,80.68,80.68,0,10.97
806760,593,592.9,92.7,92.7,0,10.97
806765,621,621.45,104.36,104.36,0,10.97
806770,642,642.11,115.56,115.56,0,10.97
806775,663,662.53,126.15,126.15,0,10.97
806780,683,682.87,136.04,136.04,0,10.97
806785,698,698.49,145.1,145.1,0,10.97
806790,712,712.13,153.25,153.25,0,10.97
806795,740,739.5,160.4,160.4,0,10.97
806800,729,728.85,166.48,166.48,0,10.97
806805,735,735.49,171.44,171.44,0,10.97
806810,736,736.16,175.23,175.23,0,10.97
806815,735,734.53,177.83,177.83,0,10.97
806820,732,731.82,179.23,177.83,0,10.97
806825,725,725.45,179.45,177.83,0,10.97
806830,721,721.19,178.49,177.83,0,10.97
806835,711,710.57,176.4,176.4,0,10.97
806840,702,701.79,173.21,173.21,0,10.97
806845,690,690.41,168.98,168.98,0,10.97
806850,679,679.22,163.78,163.78,0,10.97
806855,668,667.62,157.68,157.68,0,10.97
806860,655,654.76,150.75,150.75,0,10.97
806865,643,643.36,143.08,143.08,0,10.97
806870,628,628.26,134.77,134.77,0,10.97
806875,618,617.66,125.89,125.89,0,10.97
806880,609,608.73,116.54,116.54,0,10.97
806885,595,595.32,106.81,106.81,0,10.97
806890,584,584.28,96.8,96.8,0,10.97
806895,572,571.69,86.6,86.6,0,10.97
806900,571,570.72,76.29,76.29,0,10.97
806905,549,549.29,65.96,65.96,0,10.97
806910,537,537.26,55.7,55.7,0,10.97
806915,526,525.73,45.59,45.59,0,10.97
806920,516,515.76,35.7,35.7,0,10.97
806925,504,504.26,26.1,26.1,0,10.97
806930,493,493.22,16.86,16.86,0,10.97
806935,484,483.76,8.04,8.04,0,10.97
806940,475,474.8,-0.32,-0.32,0,10.97
806945,465,465.23,-8.16,-8.16,0,10.97
806950,458,458.17,-15.45,-15.45,0,10.97
806955,452,451.79,-22.17,-22.17,0,10.97
806960,444,443.85,-28.28,-28.28,0,10.97
806965,440,440.19,-33.79,-33.79,0,10.97
806970,440,440.13,-38.68,-38.68,0,10.97
806975,436,435.83,-42.95,-42.95,0,10.97
806980,435,434.89,-46.62,-46.62,0,10.97
806985,435,435.16,-49.71,-49.71,0,10.97
806990,436,436.1,-52.23,-52.23,0,10.97
806995,437,436.87,-54.23,-54.23,0,10.97
807000,438,437.91,-55.73,-55.73,0,10.97
807005,442,442.12,-56.77,-56.77,0,10.97
807010,445,445.08,-57.4,-57.28,0,10.97
807015,441,440.9,-57.66,-57.28,0,10.97
807020,452,451.93,-57.61,-57.28,0,10.97
807025,455,455.1,-57.28,-57.28,0,10.97
807030,459,459.06,-56.73,-56.73,0,10.97
807035,461,460.9,-56.02,-56.02,0,10.97
807040,468,467.95,-55.18,-55.18,0,10.97
807045,466,466.11,-54.26,-54.26,0,10.97
807050,468,468.04,-53.3,-53.3,0,10.97
807055,469,468.89,-52.35,-52.35,0,10.97
807060,469,468.98,-51.44,-51.44,0,10.97
807065,471,471.11,-50.6,-50.6,0,10.97
807070,470,470.0,-49.86,-49.86,0,10.97
807075,469,468.88,-49.24,-49.24,0,10.97
807080,466,466.01,-48.77,-48.77,0,10.97
807085,465,465.13,-48.45,-48.59,0,10.97
807090,463,462.98,-48.31,-48.59,0,10.97
807095,463,462.87,-48.36,-48.59,0,10.97
807100,462,462.03,-48.59,-48.59,0,10.97
807105,460,460.14,-49.01,-49.01,0,10.97
807110,457,456.95,-49.63,-49.63,0,10.97
807115,455,454.86,-50.43,-50.43,0,10.97
807120,450,450.07,-51.42,-51.42,0,10.97
807125,451,451.15,-52.58,-52.58,0,10.97
807130,448,447.92,-53.91,-53.91,0,10.97
807135,445,444.84,-55.4,-55.4,0,10.97
807140,444,444.09,-57.04,-57.04,0,10.97
807145,442,442.17,-58.8,-58.8,0,10.97
807150,439,438.9,-60.69,-60.69,0,10.97
807155,439,438.82,-62.67,-62.67,0,10.97
807160,436,436.11,-64.74,-64.74,0,10.97
807165,434,434.19,-66.88,-66.88,0,10.97
807170,432,431.87,-69.06,-69.06,0,10.97
807175,430,429.79,-71.28,-71.28,0,10.97
807180,430,430.14,-73.51,-73.51,0,10.97
807185,428,428.22,-75.72,-75.72,0,10.97
807190,428,427.84,-77.91,-77.91,0,10.97
807195,427,426.77,-80.05,-80.05,0,10.97
807200,425,425.18,-82.11,-82.11,0,10.97
807205,425,425.24,-84.08,-84.08,0,10.97
807210,425,424.81,-85.92,-85.92,0,10.97
807215,423,422.74,-87.62,-87.62,0,10.97
807220,424,424.21,-89.15,-89.15,0,10.97
807225,423,423.27,-90.47,-90.47,0,10.97
807230,425,424.78,-91.58,-91.58,0,10.97
807235,423,422.71,-92.43,-92.43,0,10.97
807240,423,423.23,-92.99,-92.67,0,10.97
807245,423,423.31,-93.24,-92.67,0,10.97
807250,422,421.76,-93.15,-92.67,0,10.97
807255,424,423.67,-92.67,-92.67,0,10.97
807260,424,424.26,-91.79,-91.79,0,10.97
807265,425,425.34,-90.47,-90.47,0,10.97
807270,426,425.72,-88.68,-88.68,0,10.97
807275,426,425.64,-86.39,-86.39,0,10.97
807280,427,427.29,-83.56,-83.56,0,10.97
807285,425,425.38,-80.18,-80.18,0,10.97
807290,427,426.69,-76.21,-76.21,0,10.97
807295,428,427.6,-71.63,-71.63,0,10.97
807300,428,428.33,-66.42,-66.42,0,10.97
807305,427,427.41,-60.57,-60.57,0,10.97
807310,428,427.65,-54.07,-54.07,0,10.97
807315,428,427.57,-46.92,-46.92,0,10.97
807320,427,427.37,-39.12,-39.12,0,10.97
807325,430,430.45,-30.68,-30.68,0,10.97
807330,433,432.61,-21.63,-21.63,0,10.97
807335,438,437.54,-12.0,-12.0,0,10.97
807340,443,443.41,-1.84,-1.84,0,10.97
807345,449,449.48,8.79,8.79,0,10.97
807350,465,464.58,19.83,19.83,0,10.97
807355,481,480.52,31.2,31.2,0,10.97
807360,495,495.44,42.79,42.79,0,10.97
807365,518,518.49,54.51,54.51,0,10.97
807370,542,541.55,66.25,66.25,0,10.97
807375,566,565.5,77.88,77.88,0,10.97
807380,594,594.46,89.28,89.28,0,10.97
807385,619,619.5,100.32,100.32,0,10.97
807390,643,642.52,110.88,110.88,0,10.97
807395,663,662.48,120.84,120.84,0,10.97
807400,682,682.49,130.09,130.09,0,10.97
807405,699,699.53,138.51,138.51,0,10.97
807410,715,714.49,146.01,146.01,0,10.97
807415,722,721.45,152.52,152.52,0,10.97
807420,728,728.52,157.96,157.96,0,10.97
807425,732,732.57,162.27,162.27,0,10.97
807430,735,734.47,165.43,165.43,0,10.97
807435,733,732.41,167.42,166.3,0,10.97
807440,728,728.53,168.21,166.3,0,10.97
807445,723,723.6,167.83,166.3,0,10.97
807450,715,714.46,166.3,166.3,0,10.97
807455,706,705.37,163.64,163.64,0,10.97
807460,696,696.54,159.92,159.92,0,10.97
807465,672,672.64,155.19,155.19,0,10.97
807470,672,671.45,149.51,149.51,0,10.97
807475,670,669.37,142.96,142.96,0,10.97
807480,647,647.57,135.63,135.63,0,10.97
807485,636,636.6,127.61,127.61,0,10.97
807490,622,621.42,118.97,118.97,0,10.97
807495,611,610.43,109.83,109.83,0,10.97
807500,597,597.59,100.28,100.28,0,10.97
807505,586,586.54,90.4,90.4,0,10.97
807510,574,573.39,80.31,80.31,0,10.97
807515,561,560.49,70.1,70.1,0,10.97
807520,549,549.62,59.86,59.86,0,10.97
807525,539,539.48,49.67,49.67,0,10.97
807530,529,528.36,39.63,39.63,0,10.97
807535,515,514.54,29.83,29.83,0,10.97
807540,504,504.65,20.32,20.32,0,10.97
807545,492,492.44,11.19,11.19,0,10.97
807550,483,482.34,2.51,2.51,0,10.97
807555,475,474.58,-5.68,-5.68,0,10.97
807560,465,465.67,-13.32,-13.32,0,10.97
807565,456,456.39,-20.37,-20.37,0,10.97
807570,460,459.32,-26.8,-26.8,0,10.97
807575,444,443.64,-32.58,-32.58,0,10.97
807580,437,437.68,-37.7,-37.7,0,10.97
807585,438,438.34,-42.15,-42.15,0,10.97
807590,439,438.34,-45.92,-45.92,0,10.97
807595,436,435.68,-49.04,-49.04,0,10.97
807600,434,434.64,-51.51,-51.51,0,10.97
807605,439,439.3,-53.36,-53.36,0,10.97
807610,440,439.39,-54.63,-54.63,0,10.97
807615,443,442.72,-55.35,-54.66,0,10.97
807620,446,446.59,-55.56,-54.66,0,10.97
807625,453,453.26,-55.31,-54.66,0,10.97
807630,455,454.44,-54.66,-54.66,0,10.97
807635,461,460.75,-53.65,-53.65,0,10.97
807640,466,466.54,-52.34,-52.34,0,10.97
807645,470,470.23,-50.79,-50.79,0,10.97
807650,475,474.48,-49.04,-49.04,0,10.97
807655,478,477.78,-47.17,-47.17,0,10.97
807660,482,482.5,-45.21,-45.21,0,10.97
807665,483,483.21,-43.22,-43.22,0,10.97
807670,492,491.52,-41.24,-41.24,0,10.97
807675,490,489.8,-39.33,-39.33,0,10.97
807680,491,491.45,-37.51,-37.51,0,10.97
807685,494,494.18,-35.82,-35.82,0,10.97
807690,493,492.58,-34.31,-34.31,0,10.97
807695,495,494.83,-32.98,-32.98,0,10.97
807700,493,493.4,-31.86,-31.86,0,10.97
807705,491,491.16,-30.98,-30.98,0,10.97
807710,492,491.63,-30.34,-30.34,0,10.97
807715,490,489.86,-29.96,-30.34,0,10.97
807720,486,486.34,-29.83,-30.34,0,10.97
807725,486,486.12,-29.96,-30.34,0,10.97
807730,482,481.69,-30.36,-30.36,0,10.97
807735,480,479.89,-31.01,-31.01,0,10.97
807740,479,479.28,-31.9,-31.9,0,10.97
807745,475,475.09,-33.04,-33.04,0,10.97
807750,475,474.74,-34.4,-34.4,0,10.97
807755,472,471.93,-35.98,-35.98,0,10.97
807760,472,472.23,-37.76,-37.76,0,10.97
807765,469,469.06,-39.71,-39.71,0,10.97
807770,466,465.79,-41.84,-41.84,0,10.97
807775,464,463.96,-44.1,-44.1,0,10.97
807780,464,464.19,-46.49,-46.49,0,10.97
807785,462,462.03,-48.99,-48.99,0,10.97
807790,460,459.82,-51.56,-51.56,0,10.97
807795,459,458.98,-54.18,-54.18,0,10.97
807800,460,460.16,-56.84,-56.84,0,10.97
807805,480,480.02,-59.49,-59.49,0,10.97
807810,455,454.85,-62.12,-62.12,0,10.97
807815,454,453.94,-64.68,-64.68,0,10.97
807820,453,453.15,-67.15,-67.15,0,10.97
807825,452,452.11,-69.49,-69.49,0,10.97
807830,449,448.86,-71.65,-71.65,0,10.97
807835,449,448.83,-73.61,-73.61,0,10.97
807840,447,447.14,-75.32,-75.32,0,10.97
807845,447,447.22,-76.74,-76.74,0,10.97
807850,445,444.87,-77.82,-77.82,0,10.97
807855,445,444.72,-78.53,-77.99,0,10.97
807860,441,441.13,-78.83,-77.99,0,10.97
807865,441,441.34,-78.66,-77.99,0,10.97
807870,441,440.88,-77.99,-77.99,0,10.97
807875,438,437.61,-76.78,-76.78,0,10.97
807880,439,439.12,-74.99,-74.99,0,10.97
807885,421,421.44,-72.58,-72.58,0,10.97
807890,437,436.89,-69.52,-69.52,0,10.97
807895,434,433.53,-65.78,-65.78,0,10.97
807900,435,435.1,-61.33,-61.33,0,10.97
807905,435,435.49,-56.17,-56.17,0,10.97
807910,433,432.9,-50.28,-50.28,0,10.97
807915,435,434.49,-43.65,-43.65,0,10.97
807920,434,434.09,-36.3,-36.3,0,10.97
807925,435,435.54,-28.23,-28.23,0,10.97
807930,439,438.92,-19.47,-19.47,0,10.97
807935,439,438.44,-10.07,-10.07,0,10.97
807940,447,447.08,-0.06,-0.06,0,10.97
807945,455,455.59,10.5,10.5,0,10.97
807950,470,469.93,21.52,21.52,0,10.97
807955,485,484.38,32.91,32.91,0,10.97
807960,504,504.06,44.59,44.59,0,10.97
807965,526,526.65,56.43,56.43,0,10.97
807970,548,547.96,68.33,68.33,0,10.97
807975,575,574.32,80.14,80.14,0,10.97
807980,600,600.04,91.75,91.75,0,10.97
807985,622,622.71,103.01,103.01,0,10.97
807990,649,648.97,113.8,113.8,0,10.97
807995,673,672.26,123.99,123.99,0,10.97
808000,689,689.02,133.45,133.45,0,10.97
808005,708,708.76,142.07,142.07,0,10.97
808010,721,720.99,149.76,149.76,0,10.97
808015,752,751.22,156.42,156.42,0,10.97
808020,739,739.0,161.97,161.97,0,10.97
808025,744,744.77,166.37,166.37,0,10.97
808030,744,744.01,169.57,169.57,0,10.97
808035,743,742.25,171.55,170.18,0,10.97
808040,736,735.97,172.31,170.18,0,10.97
808045,734,734.72,171.84,170.18,0,10.97
808050,728,728.04,170.18,170.18,0,10.97
808055,711,710.29,167.36,167.36,0,10.97
808060,705,704.93,163.44,163.44,0,10.97
808065,685,685.7,158.47,158.47,0,10.97
808070,681,681.1,152.52,152.52,0,10.97
808075,667,666.31,145.68,145.68,0,10.97
808080,654,653.88,138.04,138.04,0,10.97
808085,639,639.67,129.67,129.67,0,10.97
808090,626,626.15,120.69,120.69,0,10.97
808095,612,611.35,111.19,111.19,0,10.97
808100,598,597.82,101.28,101.28,0,10.97
808105,582,582.63,91.05,91.05,0,10.97
808110,572,572.21,80.6,80.6,0,10.97
808115,560,559.39,70.03,70.03,0,10.97
808120,547,546.76,59.45,59.45,0,10.97
808125,535,535.59,48.94,48.94,0,10.97
808130,523,523.27,38.59,38.59,0,10.97
808135,511,510.44,28.48,28.48,0,10.97
808140,500,499.7,18.69,18.69,0,10.97
808145,489,489.55,9.29,9.29,0,10.97
808150,478,478.34,0.34,0.34,0,10.97
808155,473,472.48,-8.11,-8.11,0,10.97
808160,461,460.63,-15.99,-15.99,0,10.97
808165,453,453.5,-23.29,-23.29,0,10.97
808170,445,445.4,-29.96,-29.96,0,10.97
808175,442,441.53,-35.98,-35.98,0,10.97
808180,439,438.57,-41.35,-41.35,0,10.97
808185,436,436.45,-46.06,-46.06,0,10.97
808190,430,430.45,-50.1,-50.1,0,10.97
808195,431,430.57,-53.51,-53.51,0,10.97
808200,437,436.53,-56.29,-56.29,0,10.97
808205,433,433.41,-58.48,-58.48,0,10.97
808210,438,438.48,-60.11,-60.11,0,10.97
808215,439,438.61,-61.21,-61.21,0,10.97
808220,443,442.51,-61.84,-61.34,0,10.97
808225,447,447.38,-62.03,-61.34,0,10.97
808230,451,451.51,-61.85,-61.34,0,10.97
808235,455,454.64,-61.34,-61.34,0,10.97
808240,456,455.48,-60.56,-60.56,0,10.97
808245,462,462.35,-59.55,-59.55,0,10.97
808250,465,465.55,-58.38,-58.38,0,10.97
808255,461,460.66,-57.08,-57.08,0,10.97
808260,471,470.43,-55.72,-55.72,0,10.97
808265,474,474.35,-54.34,-54.34,0,10.97
808270,450,450.58,-52.98,-52.98,0,10.97
808275,475,474.64,-51.68,-51.68,0,10.97
808280,477,476.44,-50.49,-50.49,0,10.97
808285,479,479.37,-49.43,-49.43,0,10.97
808290,479,479.52,-48.53,-48.53,0,10.97
808295,481,480.61,-47.83,-47.83,0,10.97
808300,477,476.51,-47.34,-47.34,0,10.97
808305,477,477.4,-47.08,-47.34,0,10.97
808310,475,475.46,-47.05,-47.34,0,10.97
808315,473,472.58,-47.27,-47.34,0,10.97
808320,471,470.57,-47.73,-47.73,0,10.97
808325,467,467.44,-48.44,-48.44,0,10.97
808330,466,466.4,-49.39,-49.39,0,10.97
808335,462,461.55,-50.55,-50.55,0,10.97
808340,459,458.63,-51.93,-51.93,0,10.97
808345,457,457.47,-53.51,-53.51,0,10.97
808350,453,453.35,-55.25,-55.25,0,10.97
808355,455,454.52,-57.15,-57.15,0,10.97
808360,449,448.68,-59.18,-59.18,0,10.97
808365,447,447.5,-61.31,-61.31,0,10.97
808370,446,446.3,-63.52,-63.52,0,10.97
808375,448,447.49,-65.76,-65.76,0,10.97
808380,441,440.72,-68.02,-68.02,0,10.97
808385,440,440.51,-70.26,-70.26,0,10.97
808390,437,437.26,-72.44,-72.44,0,10.97
808395,437,436.49,-74.54,-74.54,0,10.97
808400,440,439.77,-76.5,-76.5,0,10.97
808405,437,437.52,-78.3,-78.3,0,10.97
808410,437,437.2,-79.9,-79.9,0,10.97
808415,434,433.47,-81.25,-81.25,0,10.97
808420,434,433.82,-82.32,-82.32,0,10.97
808425,431,431.54,-83.07,-82.96,0,10.97
808430,429,429.15,-83.45,-82.96,0,10.97
808435,429,428.45,-83.43,-82.96,0,10.97
808440,428,427.88,-82.96,-82.96,0,10.97
808445,412,412.55,-82.01,-82.01,0,10.97
808450,429,429.09,-80.54,-80.54,0,10.97
808455,426,425.47,-78.52,-78.52,0,10.97
808460,426,425.94,-75.91,-75.91,0,10.97
808465,427,427.51,-72.7,-72.7,0,10.97
808470,426,426.04,-68.85,-68.85,0,10.97
808475,423,422.51,-64.35,-64.35,0,10.97
808480,427,426.98,-59.19,-59.19,0,10.97
808485,424,424.47,-53.35,-53.35,0,10.97
808490,425,424.99,-46.85,-46.85,0,10.97
808495,426,425.54,-39.68,-39.68,0,10.97
808500,426,426.04,-31.87,-31.87,0,10.97
808505,429,429.44,-23.44,-23.44,0,10.97
808510,434,433.94,-14.44,-14.44,0,10.97
808515,440,439.57,-4.92,-4.92,0,10.97
808520,450,450.09,5.08,5.08,0,10.97
808525,462,462.42,15.46,15.46,0,10.97
808530,479,478.89,26.14,26.14,0,10.97
808535,499,498.6,37.03,37.03,0,10.97
808540,518,518.14,48.02,48.02,0,10.97
808545,541,541.39,59.0,59.0,0,10.97
808550,564,563.84,69.85,69.85,0,10.97
808555,589,588.63,80.44,80.44,0,10.97
808560,611,611.19,90.66,90.66,0,10.97
808565,633,633.35,100.38,100.38,0,10.97
808570,650,649.78,109.49,109.49,0,10.97
808575,668,667.66,117.87,117.87,0,10.97
808580,682,682.24,125.43,125.43,0,10.97
808585,694,694.33,132.09,132.09,0,10.97
808590,700,699.72,137.76,137.76,0,10.97
808595,708,707.68,142.38,142.38,0,10.97
808600,710,710.31,145.91,145.91,0,10.97
808605,712,712.31,148.3,148.3,0,10.97
808610,709,708.65,149.56,148.3,0,10.97
808615,705,704.7,149.66,148.3,0,10.97
808620,698,698.38,148.63,148.3,0,10.97
808625,690,690.3,146.49,146.49,0,10.97
808630,702,701.59,143.27,143.27,0,10.97
808635,670,669.71,139.04,139.04,0,10.97
808640,657,657.4,133.84,133.84,0,10.97
808645,646,646.28,127.77,127.77,0,10.97
808650,633,632.62,120.89,120.89,0,10.97
808655,623,622.72,113.29,113.29,0,10.97
808660,606,606.36,105.07,105.07,0,10.97
808665,594,594.27,96.31,96.31,0,10.97
808670,578,577.66,87.13,87.13,0,10.97
808675,568,567.74,77.62,77.62,0,10.97
808680,555,555.32,67.87,67.87,0,10.97
808685,545,545.25,57.99,57.99,0,10.97
808690,532,531.69,48.06,48.06,0,10.97
808695,518,517.76,38.19,38.19,0,10.97
808700,507,507.29,28.46,28.46,0,10.97
808705,494,494.24,18.95,18.95,0,10.97
808710,485,484.73,9.74,9.74,0,10.97
808715,474,473.76,0.91,0.91,0,10.97
808720,465,465.26,-7.49,-7.49,0,10.97
808725,454,454.23,-15.4,-15.4,0,10.97
808730,447,446.76,-22.77,-22.77,0,10.97
808735,442,441.78,-29.55,-29.55,0,10.97
808740,435,435.23,-35.72,-35.72,0,10.97
808745,428,428.21,-41.25,-41.25,0,10.97
808750,425,424.78,-46.14,-46.14,0,10.97
808755,422,421.8,-50.37,-50.37,0,10.97
808760,421,421.22,-53.95,-53.95,0,10.97
808765,422,422.19,-56.9,-56.9,0,10.97
808770,421,420.79,-59.23,-59.23,0,10.97
808775,425,424.82,-60.97,-60.97,0,10.97
808780,427,427.2,-62.15,-62.15,0,10.97
808785,431,431.17,-62.82,-62.22,0,10.97
808790,435,434.8,-63.02,-62.22,0,10.97
808795,437,436.84,-62.8,-62.22,0,10.97
808800,443,443.19,-62.22,-62.22,0,10.97
808805,446,446.16,-61.31,-61.31,0,10.97
808810,451,450.81,-60.15,-60.15,0,10.97
808815,455,454.85,-58.78,-58.78,0,10.97
808820,459,459.19,-57.27,-57.27,0,10.97
808825,461,461.15,-55.66,-55.66,0,10.97
808830,465,464.82,-54.0,-54.0,0,10.97
808835,469,468.86,-52.35,-52.35,0,10.97
808840,472,472.18,-50.75,-50.75,0,10.97
808845,472,472.13,-49.24,-49.24,0,10.97
808850,473,472.81,-47.86,-47.86,0,10.97
808855,475,474.88,-46.65,-46.65,0,10.97
808860,475,475.19,-45.63,-45.63,0,10.97
808865,475,475.1,-44.83,-44.83,0,10.97
808870,473,472.8,-44.26,-44.26,0,10.97
808875,474,473.91,-43.94,-44.26,0,10.97
808880,472,472.21,-43.89,-44.26,0,10.97
808885,472,472.08,-44.1,-44.26,0,10.97
808890,476,475.78,-44.58,-44.58,0,10.97
808895,471,470.93,-45.32,-45.32,0,10.97
808900,465,465.22,-46.31,-46.31,0,10.97
808905,465,465.05,-47.55,-47.55,0,10.97
808910,463,462.79,-49.01,-49.01,0,10.97
808915,458,457.96,-50.67,-50.67,0,10.97
808920,457,457.2,-52.52,-52.52,0,10.97
808925,456,456.03,-54.52,-54.52,0,10.97
808930,451,450.81,-56.64,-56.64,0,10.97
808935,450,449.98,-58.85,-58.85,0,10.97
808940,450,450.19,-61.12,-61.12,0,10.97
808945,448,448.02,-63.4,-63.4,0,10.97
808950,445,444.82,-65.67,-65.67,0,10.97
808955,443,442.99,-67.88,-67.88,0,10.97
808960,441,441.18,-69.98,-69.98,0,10.97
808965,442,442.01,-71.94,-71.94,0,10.97
808970,437,436.82,-73.71,-73.71,0,10.97
808975,436,435.99,-75.24,-75.24,0,10.97
808980,430,430.18,-76.49,-76.49,0,10.97
808985,431,431.02,-77.4,-77.4,0,10.97
808990,429,428.83,-77.94,-77.4,0,10.97
808995,424,423.98,-78.06,-77.4,0,10.97
809000,430,430.17,-77.71,-77.4,0,10.97
809005,427,427.04,-76.86,-76.86,0,10.97
809010,426,425.83,-75.46,-75.46,0,10.97
809015,425,424.95,-73.48,-73.48,0,10.97
809020,423,423.17,-70.88,-70.88,0,10.97
809025,422,422.07,-67.64,-67.64,0,10.97
809030,422,421.83,-63.73,-63.73,0,10.97
809035,422,421.92,-59.14,-59.14,0,10.97
809040,422,422.17,-53.85,-53.85,0,10.97
809045,418,418.09,-47.86,-47.86,0,10.97
809050,421,420.83,-41.18,-41.18,0,10.97
809055,424,423.91,-33.82,-33.82,0,10.97
809060,426,426.18,-25.8,-25.8,0,10.97
809065,431,431.1,-17.16,-17.16,0,10.97
809070,434,433.81,-7.96,-7.96,0,10.97
809075,444,443.9,1.76,1.76,0,10.97
809080,457,457.2,11.91,11.91,0,10.97
809085,473,473.11,22.42,22.42,0,10.97
809090,491,490.79,33.19,33.19,0,10.97
809095,509,508.88,44.1,44.1,0,10.97
809100,535,535.23,55.06,55.06,0,10.97
809105,559,559.14,65.93,65.93,0,10.97
809110,582,581.76,76.6,76.6,0,10.97
809115,605,604.84,86.94,86.94,0,10.97
809120,628,628.26,96.82,96.82,0,10.97
809125,648,648.18,106.14,106.14,0,10.97
809130,667,666.72,114.77,114.77,0,10.97
809135,680,679.79,122.61,122.61,0,10.97
809140,694,694.29,129.57,129.57,0,10.97
809145,702,702.23,135.58,135.58,0,10.97
809150,708,707.68,140.56,140.56,0,10.97
809155,712,711.74,144.48,144.48,0,10.97
809160,713,713.33,147.28,147.28,0,10.97
809165,710,710.28,148.95,147.28,0,10.97
809170,707,706.64,149.5,147.28,0,10.97
809175,701,700.69,148.92,147.28,0,10.97
809180,691,691.38,147.24,147.24,0,10.97
809185,685,685.33,144.51,144.51,0,10.97
809190,673,672.6,140.76,140.76,0,10.97
809195,664,663.64,136.05,136.05,0,10.97
809200,649,649.42,130.47,130.47,0,10.97
809205,638,638.39,124.07,124.07,0,10.97
809210,626,625.56,116.96,116.96,0,10.97
809215,616,615.59,109.2,109.2,0,10.97
809220,599,599.46,100.91,100.91,0,10.97
809225,588,588.43,92.16,92.16,0,10.97
809230,577,576.52,83.06,83.06,0,10.97
809235,567,566.55,73.7,73.7,0,10.97
809240,552,552.49,64.18,64.18,0,10.97
809245,541,541.46,54.59,54.59,0,10.97
809250,529,528.49,45.02,45.02,0,10.97
809255,516,515.52,35.56,35.56,0,10.97
809260,506,506.53,26.28,26.28,0,10.97
809265,496,496.5,17.28,17.28,0,10.97
809270,486,485.46,8.61,8.61,0,10.97
809275,475,474.48,0.34,0.34,0,10.97
809280,467,467.56,-7.46,-7.46,0,10.97
809285,458,458.55,-14.76,-14.76,0,10.97
809290,450,449.42,-21.52,-21.52,0,10.97
809295,442,441.42,-27.69,-27.69,0,10.97
809300,437,437.6,-33.25,-33.25,0,10.97
809305,435,435.61,-38.2,-38.2,0,10.97
809310,431,430.38,-42.52,-42.52,0,10.97
809315,430,429.35,-46.22,-46.22,0,10.97
809320,429,429.65,-49.31,-49.31,0,10.97
809325,430,430.69,-51.82,-51.82,0,10.97
809330,431,430.33,-53.77,-53.77,0,10.97
809335,455,454.28,-55.2,-55.2,0,10.97
809340,438,438.7,-56.14,-56.14,0,10.97
809345,442,442.72,-56.64,-56.14,0,10.97
809350,470,469.29,-56.75,-56.14,0,10.97
809355,448,447.29,-56.52,-56.14,0,10.97
809360,455,455.7,-55.99,-55.99,0,10.97
809365,459,459.71,-55.23,-55.23,0,10.97
809370,463,462.33,-54.28,-54.28,0,10.97
809375,467,466.29,-53.19,-53.19,0,10.97
809380,471,471.64,-52.01,-52.01,0,10.97
809385,472,472.71,-50.79,-50.79,0,10.97
809390,473,472.39,-49.58,-49.58,0,10.97
809395,479,478.29,-48.41,-48.41,0,10.97
809400,480,480.6,-47.33,-47.33,0,10.97
809405,474,474.7,-46.36,-46.36,0,10.97
809410,481,480.42,-45.55,-45.55,0,10.97
809415,482,481.31,-44.91,-44.91,0,10.97
809420,480,480.57,-44.47,-44.47,0,10.97
809425,482,482.67,-44.24,-44.47,0,10.97
809430,481,480.44,-44.23,-44.47,0,10.97
809435,479,478.34,-44.45,-44.47,0,10.97
809440,480,480.55,-44.91,-44.91,0,10.97
809445,471,471.64,-45.6,-45.6,0,10.97
809450,474,473.46,-46.51,-46.51,0,10.97
809455,473,472.37,-47.64,-47.64,0,10.97
809460,471,471.54,-48.96,-48.96,0,10.97
809465,468,468.6,-50.46,-50.46,0,10.97
809470,466,465.46,-52.12,-52.12,0,10.97
809475,464,463.42,-53.9,-53.9,0,10.97
809480,461,461.54,-55.79,-55.79,0,10.97
809485,459,459.56,-57.74,-57.74,0,10.97
809490,458,457.46,-59.73,-59.73,0,10.97
809495,453,452.46,-61.72,-61.72,0,10.97
809500,457,457.55,-63.67,-63.67,0,10.97
809505,451,451.53,-65.53,-65.53,0,10.97
809510,449,448.44,-67.27,-67.27,0,10.97
809515,450,449.48,-68.84,-68.84,0,10.97
809520,448,448.57,-70.2,-70.2,0,10.97
809525,446,446.5,-71.3,-71.3,0,10.97
809530,444,443.4,-72.1,-72.1,0,10.97
809535,443,442.51,-72.55,-72.1,0,10.97
809540,441,441.62,-72.61,-72.1,0,10.97
809545,440,440.48,-72.23,-72.1,0,10.97
809550,438,437.36,-71.37,-71.37,0,10.97
809555,437,436.53,-70.0,-70.0,0,10.97
809560,441,441.67,-68.06,-68.06,0,10.97
809565,434,434.46,-65.53,-65.53,0,10.97
809570,434,433.29,-62.38,-62.38,0,10.97
809575,435,434.55,-58.58,-58.58,0,10.97
809580,431,431.76,-54.11,-54.11,0,10.97
809585,432,432.44,-48.96,-48.96,0,10.97
809590,434,433.2,-43.13,-43.13,0,10.97
809595,431,430.58,-36.61,-36.61,0,10.97
809600,433,433.84,-29.43,-29.43,0,10.97
809605,435,435.41,-21.6,-21.6,0,10.97
809610,438,437.12,-13.17,-13.17,0,10.97
809615,444,443.6,-4.17,-4.17,0,10.97
809620,455,455.93,5.34,5.34,0,10.97
809625,467,467.41,15.27,15.27,0,10.97
809630,483,482.03,25.55,25.55,0,10.97
809635,504,503.6,36.08,36.08,0,10.97
809640,499,500.01,46.75,46.75,0,10.97
809645,548,548.4,57.46,57.46,0,10.97
809650,574,572.98,68.07,68.07,0,10.97
809655,597,596.61,78.47,78.47,0,10.97
809660,618,619.0,88.52,88.52,0,10.97
809665,641,641.38,98.1,98.1,0,10.97
809670,660,659.01,107.11,107.11,0,10.97
809675,679,678.62,115.41,115.41,0,10.97
809680,693,693.97,122.91,122.91,0,10.97
809685,703,703.37,129.53,129.53,0,10.97
809690,712,711.03,135.18,135.18,0,10.97
809695,717,716.63,139.81,139.81,0,10.97
809700,719,719.96,143.35,143.35,0,10.97
809705,719,719.36,145.8,145.8,0,10.97
809710,716,715.04,147.11,145.8,0,10.97
809715,711,710.64,147.31,145.8,0,10.97
809720,702,702.95,146.39,145.8,0,10.97
809725,695,695.35,144.38,144.38,0,10.97
809730,691,690.05,141.33,141.33,0,10.97
809735,675,674.65,137.29,137.29,0,10.97
809740,664,664.94,132.31,132.31,0,10.97
809745,651,651.35,126.47,126.47,0,10.97
809750,641,640.07,119.83,119.83,0,10.97
809755,628,627.66,112.5,112.5,0,10.97
809760,612,612.91,104.54,104.54,0,10.97
809765,604,604.34,96.06,96.06,0,10.97
809770,591,590.11,87.15,87.15,0,10.97
809775,580,579.66,77.9,77.9,0,10.97
809780,570,570.88,68.4,68.4,0,10.97
809785,557,557.34,58.74,58.74,0,10.97
809790,546,545.13,49.03,49.03,0,10.97
809795,535,534.66,39.34,39.34,0,10.97
809800,524,524.86,29.76,29.76,0,10.97
809805,512,512.34,20.37,20.37,0,10.97
809810,502,501.14,11.25,11.25,0,10.97
809815,491,490.67,2.47,2.47,0,10.97
809820,480,480.86,-5.91,-5.91,0,10.97
809825,469,469.33,-13.83,-13.83,0,10.97
809830,463,462.15,-21.24,-21.24,0,10.97
809835,454,453.67,-28.09,-28.09,0,10.97
809840,446,446.85,-34.35,-34.35,0,10.97
809845,442,442.33,-40.01,-40.01,0,10.97
809850,438,437.15,-45.03,-45.03,0,10.97
809855,435,434.68,-49.42,-49.42,0,10.97
809860,433,433.85,-53.18,-53.18,0,10.97
809865,431,431.32,-56.3,-56.3,0,10.97
809870,431,430.15,-58.83,-58.83,0,10.97
809875,434,433.68,-60.77,-60.77,0,10.97
809880,411,411.84,-62.16,-62.16,0,10.97
809885,441,441.32,-63.04,-63.04,0,10.97
809890,443,442.2,-63.46,-63.04,0,10.97
809895,449,448.69,-63.47,-63.04,0,10.97
809900,456,456.74,-63.13,-63.04,0,10.97
809905,459,459.32,-62.48,-62.48,0,10.97
809910,464,463.31,-61.6,-61.6,0,10.97
809915,472,471.69,-60.54,-60.54,0,10.97
809920,473,473.65,-59.36,-59.36,0,10.97
809925,477,477.31,-58.11,-58.11,0,10.97
809930,480,479.39,-56.84,-56.84,0,10.97
809935,485,484.7,-55.61,-55.61,0,10.97
809940,486,486.56,-54.46,-54.46,0,10.97
809945,490,490.3,-53.43,-53.43,0,10.97
809950,481,480.47,-52.56,-52.56,0,10.97
809955,487,486.7,-51.86,-51.86,0,10.97
809960,488,488.51,-51.38,-51.38,0,10.97
809965,486,486.3,-51.13,-51.38,0,10.97
809970,487,486.51,-51.11,-51.38,0,10.97
809975,482,481.7,-51.35,-51.38,0,10.97
809980,482,482.47,-51.84,-51.84,0,10.97
809985,480,480.31,-52.58,-52.58,0,10.97
809990,479,478.54,-53.56,-53.56,0,10.97
809995,477,476.69,-54.77,-54.77,0,10.97
810000,476,476.44,-56.19,-56.19,0,10.97
810005,468,468.32,-57.81,-57.81,0,10.97
810010,471,470.57,-59.59,-59.59,0,10.97
810015,467,466.68,-61.51,-61.51,0,10.97
810020,462,462.41,-63.53,-63.53,0,10.97
810025,462,462.32,-65.62,-65.62,0,10.97
810030,460,459.61,-67.74,-67.74,0,10.97
810035,457,456.68,-69.85,-69.85,0,10.97
810040,452,452.37,-71.9,-71.9,0,10.97
810045,455,455.32,-73.85,-73.85,0,10.97
810050,449,448.65,-75.66,-75.66,0,10.97
810055,448,447.68,-77.27,-77.27,0,10.97
810060,447,447.32,-78.64,-78.64,0,10.97
810065,447,447.33,-79.72,-79.72,0,10.97
810070,444,443.7,-80.45,-80.12,0,10.97
810075,443,442.65,-80.79,-80.12,0,10.97
810080,441,441.28,-80.7,-80.12,0,10.97
810085,440,440.36,-80.12,-80.12,0,10.97
810090,440,439.74,-79.01,-79.01,0,10.97
810095,436,435.62,-77.33,-77.33,0,10.97
810100,435,435.24,-75.04,-75.04,0,10.97
810105,435,435.4,-72.1,-72.1,0,10.97
810110,433,432.79,-68.48,-68.48,0,10.97
810115,433,432.58,-64.16,-64.16,0,10.97
810120,431,431.19,-59.12,-59.12,0,10.97
810125,429,429.45,-53.36,-53.36,0,10.97
810130,429,428.83,-46.86,-46.86,0,10.97
810135,434,433.54,-39.64,-39.64,0,10.97
810140,435,435.15,-31.73,-31.73,0,10.97
810145,437,437.48,-23.14,-23.14,0,10.97
810150,443,442.87,-13.92,-13.92,0,10.97
810155,452,451.51,-4.13,-4.13,0,10.97
810160,461,461.12,6.16,6.16,0,10.97
810165,479,479.51,16.87,16.87,0,10.97
810170,494,493.9,27.9,27.9,0,10.97
810175,519,518.48,39.16,39.16,0,10.97
810180,543,543.09,50.52,50.52,0,10.97
810185,568,568.54,61.86,61.86,0,10.97
810190,594,593.92,73.06,73.06,0,10.97
810195,619,618.44,83.99,83.99,0,10.97
810200,642,642.06,94.52,94.52,0,10.97
810205,665,665.58,104.53,104.53,0,10.97
810210,681,680.94,113.9,113.9,0,10.97
810215,699,698.39,122.53,122.53,0,10.97
810220,713,713.05,130.31,130.31,0,10.97
810225,706,706.62,137.17,137.17,0,10.97
810230,730,729.95,143.03,143.03,0,10.97
810235,733,732.38,147.84,147.84,0,10.97
810240,729,729.03,151.54,151.54,0,10.97
810245,735,735.6,154.13,154.13,0,10.97
810250,730,729.98,155.58,154.13,0,10.97
810255,725,724.41,155.89,154.13,0,10.97
810260,718,718.0,155.09,154.13,0,10.97
810265,708,708.58,153.21,153.21,0,10.97
810270,694,694.02,150.28,150.28,0,10.97
810275,687,686.42,146.36,146.36,0,10.97
810280,676,675.97,141.51,141.51,0,10.97
810285,666,666.58,135.81,135.81,0,10.97
810290,654,654.04,129.31,129.31,0,10.97
810295,644,643.43,122.12,122.12,0,10.97
810300,629,628.95,114.3,114.3,0,10.97
810305,619,619.57,105.95,105.95,0,10.97
810310,607,607.06,97.16,97.16,0,10.97
810315,596,595.43,88.02,88.02,0,10.97
810320,586,585.93,78.62,78.62,0,10.97
810325,577,577.57,69.04,69.04,0,10.97
810330,563,563.08,59.37,59.37,0,10.97
810335,554,553.42,49.7,49.7,0,10.97
810340,543,542.91,40.11,40.11,0,10.97
810345,533,533.59,30.67,30.67,0,10.97
810350,522,522.1,21.46,21.46,0,10.97
810355,511,510.4,12.54,12.54,0,10.97
810360,503,502.89,3.98,3.98,0,10.97
810365,492,492.62,-4.17,-4.17,0,10.97
810370,482,482.11,-11.86,-11.86,0,10.97
810375,473,472.37,-19.05,-19.05,0,10.97
810380,466,465.88,-25.69,-25.69,0,10.97
810385,459,459.66,-31.77,-31.77,0,10.97
810390,454,454.12,-37.27,-37.27,0,10.97
810395,449,448.32,-42.18,-42.18,0,10.97
810400,448,447.87,-46.48,-46.48,0,10.97
810405,430,430.7,-50.2,-50.2,0,10.97
810410,447,447.13,-53.34,-53.34,0,10.97
810415,443,442.31,-55.94,-55.94,0,10.97
810420,449,448.86,-58.01,-58.01,0,10.97
810425,451,451.69,-59.59,-59.59,0,10.97
810430,456,456.14,-60.73,-60.73,0,10.97
810435,458,457.31,-61.47,-61.47,0,10.97
810440,461,460.85,-61.86,-61.47,0,10.97
810445,465,465.69,-61.95,-61.47,0,10.97
810450,469,469.17,-61.8,-61.47,0,10.97
810455,472,471.31,-61.45,-61.45,0,10.97
810460,472,471.82,-60.95,-60.95,0,10.97
810465,478,478.69,-60.36,-60.36,0,10.97
810470,480,480.2,-59.72,-59.72,0,10.97
810475,483,482.3,-59.09,-59.09,0,10.97
810480,485,484.77,-58.49,-58.49,0,10.97
810485,483,483.7,-57.98,-57.98,0,10.97
810490,485,485.25,-57.58,-57.58,0,10.97
810495,485,484.29,-57.32,-57.58,0,10.97
810500,490,489.74,-57.23,-57.58,0,10.97
810505,485,485.71,-57.32,-57.58,0,10.97
810510,485,485.28,-57.62,-57.62,0,10.97
810515,485,484.28,-58.12,-58.12,0,10.97
810520,481,480.71,-58.84,-58.84,0,10.97
810525,478,478.72,-59.78,-59.78,0,10.97
810530,477,477.3,-60.91,-60.91,0,10.97
810535,477,476.27,-62.24,-62.24,0,10.97
810540,474,473.69,-63.75,-63.75,0,10.97
810545,470,470.73,-65.42,-65.42,0,10.97
810550,467,467.32,-67.21,-67.21,0,10.97
810555,465,464.27,-69.12,-69.12,0,10.97
810560,463,462.67,-71.09,-71.09,0,10.97
810565,460,460.73,-73.11,-73.11,0,10.97
810570,460,460.34,-75.12,-75.12,0,10.97
810575,456,455.26,-77.1,-77.1,0,10.97
810580,455,454.64,-78.99,-78.99,0,10.97
810585,453,453.74,-80.75,-80.75,0,10.97
810590,450,450.37,-82.34,-82.34,0,10.97
810595,453,452.25,-83.71,-83.71,0,10.97
810600,447,446.62,-84.8,-84.8,0,10.97
810605,443,443.75,-85.58,-85.46,0,10.97
810610,442,442.4,-85.97,-85.46,0,10.97
810615,442,441.25,-85.95,-85.46,0,10.97
810620,437,436.59,-85.46,-85.46,0,10.97
810625,436,436.75,-84.45,-84.45,0,10.97
810630,434,434.43,-82.87,-82.87,0,10.97
810635,436,435.26,-80.69,-80.69,0,10.97
810640,436,435.56,-77.87,-77.87,0,10.97
810645,429,429.73,-74.38,-74.38,0,10.97
810650,433,433.46,-70.19,-70.19,0,10.97
810655,433,432.28,-65.27,-65.27,0,10.97
810660,452,451.55,-59.62,-59.62,0,10.97
810665,432,432.7,-53.23,-53.23,0,10.97
810670,434,434.43,-46.1,-46.1,0,10.97
810675,432,431.31,-38.24,-38.24,0,10.97
810680,433,432.61,-29.68,-29.68,0,10.97
810685,440,440.68,-20.44,-20.44,0,10.97
810690,446,446.37,-10.59,-10.59,0,10.97
810695,460,459.33,-0.18,-0.18,0,10.97
810700,472,471.67,10.72,10.72,0,10.97
810705,490,490.67,22.02,22.02,0,10.97
810710,511,511.31,33.62,33.62,0,10.97
810715,533,532.34,45.41,45.41,0,10.97
810720,559,558.72,57.26,57.26,0,10.97
810725,586,586.65,69.07,69.07,0,10.97
810730,611,611.26,80.69,80.69,0,10.97
810735,635,634.35,92.01,92.01,0,10.97
810740,657,656.76,102.89,102.89,0,10.97
810745,678,678.65,113.21,113.21,0,10.97
810750,696,696.21,122.86,122.86,0,10.97
810755,708,707.34,131.74,131.74,0,10.97
810760,721,720.8,139.75,139.75,0,10.97
810765,731,731.67,146.82,146.82,0,10.97
810770,736,736.18,152.86,152.86,0,10.97
810775,739,738.31,157.84,157.84,0,10.97
810780,740,739.83,161.71,161.71,0,10.97
810785,737,737.71,164.45,164.45,0,10.97
810790,733,733.15,166.05,164.45,0,10.97
810795,725,724.27,166.51,164.45,0,10.97
810800,723,722.87,165.85,164.45,0,10.97
810805,713,713.75,164.1,164.1,0,10.97
810810,705,705.11,161.29,161.29,0,10.97
810815,720,719.23,157.47,157.47,0,10.97
810820,687,686.91,152.71,152.71,0,10.97
810825,675,675.75,147.06,147.06,0,10.97
810830,664,664.06,140.6,140.6,0,10.97
810835,653,652.28,133.41,133.41,0,10.97
810840,641,640.96,125.57,125.57,0,10.97
810845,632,632.69,117.16,117.16,0,10.97
810850,623,623.01,108.26,108.26,0,10.97
810855,609,608.34,98.97,98.97,0,10.97
810860,599,599.0,89.37,89.37,0,10.97
810865,590,590.64,79.54,79.54,0,10.97
810870,580,579.98,69.58,69.58,0,10.97
810875,572,571.38,59.55,59.55,0,10.97
810880,559,559.03,49.55,49.55,0,10.97
810885,544,544.59,39.65,39.65,0,10.97
810890,539,538.96,29.93,29.93,0,10.97
810895,524,523.44,20.44,20.44,0,10.97
810900,511,511.05,11.27,11.27,0,10.97
810905,501,501.53,2.47,2.47,0,10.97
810910,490,489.95,-5.91,-5.91,0,10.97
810915,481,480.5,-13.82,-13.82,0,10.97
810920,472,472.05,-21.22,-21.22,0,10.97
810925,464,464.47,-28.07,-28.07,0,10.97
810930,456,455.94,-34.35,-34.35,0,10.97
810935,452,451.56,-40.04,-40.04,0,10.97
810940,447,447.07,-45.14,-45.14,0,10.97
810945,447,447.41,-49.65,-49.65,0,10.97
810950,442,441.93,-53.57,-53.57,0,10.97
810955,444,443.61,-56.92,-56.92,0,10.97
810960,444,444.08,-59.71,-59.71,0,10.97
810965,445,445.37,-61.99,-61.99,0,10.97
810970,446,445.91,-63.79,-63.79,0,10.97
810975,449,448.65,-65.13,-65.13,0,10.97
810980,451,451.1,-66.07,-66.07,0,10.97
810985,455,455.33,-66.66,-66.66,0,10.97
810990,458,457.88,-66.94,-66.66,0,10.97
810995,462,461.69,-66.96,-66.66,0,10.97
811000,466,466.13,-66.78,-66.66,0,10.97
811005,472,472.29,-66.44,-66.44,0,10.97
811010,471,470.86,-66.0,-66.0,0,10.97
811015,472,471.72,-65.49,-65.49,0,10.97
811020,472,472.16,-64.97,-64.97,0,10.97
811025,476,476.28,-64.47,-64.47,0,10.97
811030,476,475.83,-64.04,-64.04,0,10.97
811035,477,476.73,-63.7,-63.7,0,10.97
811040,477,477.18,-63.49,-63.7,0,10.97
811045,476,476.27,-63.42,-63.7,0,10.97
811050,474,473.81,-63.53,-63.7,0,10.97
811055,475,474.73,-63.82,-63.82,0,10.97
811060,472,472.2,-64.3,-64.3,0,10.97
811065,470,470.26,-64.99,-64.99,0,10.97
811070,468,467.78,-65.87,-65.87,0,10.97
811075,466,465.74,-66.96,-66.96,0,10.97
811080,464,464.24,-68.24,-68.24,0,10.97
811085,461,461.26,-69.69,-69.69,0,10.97
811090,459,458.75,-71.32,-71.32,0,10.97
811095,456,455.75,-73.09,-73.09,0,10.97
811100,454,454.27,-74.98,-74.98,0,10.97
811105,452,452.25,-76.97,-76.97,0,10.97
811110,449,448.71,-79.03,-79.03,0,10.97
811115,448,447.75,-81.14,-81.14,0,10.97
811120,446,446.31,-83.24,-83.24,0,10.97
811125,444,444.25,-85.32,-85.32,0,10.97
811130,440,439.66,-87.34,-87.34,0,10.97
811135,441,440.75,-89.24,-89.24,0,10.97
811140,439,439.37,-91.0,-91.0,0,10.97
811145,434,434.24,-92.56,-92.56,0,10.97
811150,444,443.61,-93.89,-93.89,0,10.97
811155,435,434.76,-94.94,-94.94,0,10.97
811160,435,435.41,-95.67,-95.4,0,10.97
811165,434,434.23,-96.02,-95.4,0,10.97
811170,433,432.58,-95.94,-95.4,0,10.97
811175,427,426.78,-95.4,-95.4,0,10.97
811180,420,420.43,-94.35,-94.35,0,10.97
811185,429,429.23,-92.74,-92.74,0,10.97
811190,424,423.57,-90.53,-90.53,0,10.97
811195,428,427.77,-87.69,-87.69,0,10.97
811200,427,427.42,-84.18,-84.18,0,10.97
811205,426,426.24,-79.97,-79.97,0,10.97
811210,425,424.57,-75.04,-75.04,0,10.97
811215,424,423.75,-69.37,-69.37,0,10.97
811220,427,427.43,-62.95,-62.95,0,10.97
811225,428,428.26,-55.77,-55.77,0,10.97
811230,426,425.56,-47.85,-47.85,0,10.97
811235,433,432.73,-39.2,-39.2,0,10.97
811240,432,432.46,-29.85,-29.85,0,10.97
811245,435,435.28,-19.83,-19.83,0,10.97
811250,446,445.53,-9.21,-9.21,0,10.97
811255,459,458.73,1.96,1.96,0,10.97
811260,473,473.49,13.59,13.59,0,10.97
811265,493,493.28,25.6,25.6,0,10.97
811270,516,515.5,37.88,37.88,0,10.97
811275,541,540.73,50.32,50.32,0,10.97
811280,566,566.52,62.8,62.8,0,10.97
811285,592,592.27,75.2,75.2,0,10.97
811290,618,617.47,87.39,87.39,0,10.97
811295,640,639.73,99.24,99.24,0,10.97
811300,663,663.55,110.63,110.63,0,10.97
811305,682,682.26,121.44,121.44,0,10.97
811310,698,697.43,131.56,131.56,0,10.97
811315,713,712.73,140.89,140.89,0,10.97
811320,725,725.59,149.34,149.34,0,10.97
811325,731,731.27,156.84,156.84,0,10.97
811330,738,737.38,163.31,163.31,0,10.97
811335,742,741.73,168.7,168.7,0,10.97
811340,741,741.64,172.99,172.99,0,10.97
811345,741,741.26,176.14,176.14,0,10.97
811350,737,736.33,178.15,177.41,0,10.97
811355,732,731.74,179.02,177.41,0,10.97
811360,726,726.7,178.76,177.41,0,10.97
811365,718,718.26,177.41,177.41,0,10.97
811370,712,711.27,175.0,175.0,0,10.97
811375,702,701.74,171.57,171.57,0,10.97
811380,690,690.76,167.18,167.18,0,10.97
811385,683,683.26,161.89,161.89,0,10.97
811390,680,679.21,155.76,155.76,0,10.97
811395,664,663.74,148.86,148.86,0,10.97
811400,655,655.8,141.27,141.27,0,10.97
811405,644,644.26,133.06,133.06,0,10.97
811410,635,634.19,124.32,124.32,0,10.97
811415,625,624.74,115.12,115.12,0,10.97
811420,615,615.83,105.54,105.54,0,10.97
811425,604,604.26,95.67,95.67,0,10.97
811430,596,595.15,85.59,85.59,0,10.97
811435,584,583.74,75.38,75.38,0,10.97
811440,574,574.86,65.11,65.11,0,10.97
811445,561,561.26,54.86,54.86,0,10.97
811450,552,551.12,44.72,44.72,0,10.97
811455,539,538.75,34.74,34.74,0,10.97
811460,527,527.9,25.01,25.01,0,10.97
811465,513,513.25,15.57,15.57,0,10.97
811470,502,501.08,6.51,6.51,0,10.97
811475,493,492.76,-2.14,-2.14,0,10.97
811480,456,456.94,-10.33,-10.33,0,10.97
811485,471,471.23,-18.0,-18.0,0,10.97
811490,466,465.09,-25.14,-25.14,0,10.97
811495,458,457.78,-31.72,-31.72,0,10.97
811500,454,454.87,-37.71,-37.71,0,10.97
811505,444,444.21,-43.12,-43.12,0,10.97
811510,445,444.17,-47.95,-47.95,0,10.97
811515,443,442.82,-52.19,-52.19,0,10.97
811520,443,443.8,-55.86,-55.86,0,10.97
811525,444,444.16,-58.99,-58.99,0,10.97
811530,444,443.23,-61.6,-61.6,0,10.97
811535,445,444.86,-63.71,-63.71,0,10.97
811540,444,444.75,-65.37,-65.37,0,10.97
811545,449,449.12,-66.62,-66.62,0,10.97
811550,449,448.29,-67.49,-67.49,0,10.97
811555,453,452.89,-68.03,-68.03,0,10.97
811560,457,457.69,-68.28,-68.03,0,10.97
811565,459,459.09,-68.29,-68.03,0,10.97
811570,460,459.33,-68.11,-68.03,0,10.97
811575,463,462.92,-67.77,-67.77,0,10.97
811580,465,465.65,-67.32,-67.32,0,10.97
811585,465,465.06,-66.81,-66.81,0,10.97
811590,466,465.36,-66.26,-66.26,0,10.97
811595,466,465.95,-65.7,-65.7,0,10.97
811600,460,460.62,-65.19,-65.19,0,10.97
811605,464,464.03,-64.72,-64.72,0,10.97
811610,466,465.4,-64.35,-64.35,0,10.97
811615,463,462.98,-64.07,-64.07,0,10.97
811620,462,462.57,-63.92,-64.07,0,10.97
811625,460,460.0,-63.91,-64.07,0,10.97
811630,458,457.46,-64.04,-64.07,0,10.97
811635,456,456.02,-64.33,-64.33,0,10.97
811640,453,453.52,-64.78,-64.78,0,10.97
811645,453,452.96,-65.39,-65.39,0,10.97
811650,452,451.51,-66.17,-66.17,0,10.97
811655,448,448.05,-67.1,-67.1,0,10.97
811660,448,448.46,-68.19,-68.19,0,10.97
811665,447,446.93,-69.43,-69.43,0,10.97
811672,444,443.56,-70.8,-70.8,0,10.97
811675,443,443.08,-72.31,-72.31,0,10.97
811680,437,437.41,-73.93,-73.93,0,10.97
811685,438,437.91,-75.66,-75.66,0,10.97
811690,439,438.62,-77.47,-77.47,0,10.97
811695,436,436.1,-79.35,-79.35,0,10.97
811700,436,436.34,-81.28,-81.28,0,10.97
811705,431,430.88,-83.25,-83.25,0,10.97
811710,431,430.69,-85.22,-85.22,0,10.97
811715,431,431.14,-87.18,-87.18,0,10.97
811720,429,429.28,-89.1,-89.1,0,10.97
811725,428,427.84,-90.96,-90.96,0,10.97
811730,427,426.75,-92.73,-92.73,0,10.97
811735,428,428.19,-94.39,-94.39,0,10.97
811740,426,426.23,-95.9,-95.9,0,10.97
811745,430,429.79,-97.23,-97.23,0,10.97
811750,427,426.8,-98.35,-98.35,0,10.97
811755,428,428.24,-99.23,-99.23,0,10.97
811760,427,427.17,-99.84,-99.62,0,10.97
811765,427,426.74,-100.13,-99.62,0,10.97
811770,426,425.86,-100.07,-99.62,0,10.97
811775,426,426.28,-99.62,-99.62,0,10.97
811780,427,427.12,-98.75,-98.75,0,10.97
811785,427,426.7,-97.42,-97.42,0,10.97
811790,427,426.91,-95.58,-95.58,0,10.97
811795,417,417.32,-93.2,-93.2,0,10.97
811800,426,426.07,-90.24,-90.24,0,10.97
811805,426,425.68,-86.67,-86.67,0,10.97
811810,427,426.96,-82.47,-82.47,0,10.97
811815,426,426.32,-77.59,-77.59,0,10.97
811820,428,428.02,-72.03,-72.03,0,10.97
811825,427,426.68,-65.76,-65.76,0,10.97
811830,428,428.01,-58.76,-58.76,0,10.97
811835,427,427.32,-51.05,-51.05,0,10.97
811840,429,428.97,-42.61,-42.61,0,10.97
811845,431,430.68,-33.47,-33.47,0,10.97
811850,433,433.06,-23.65,-23.65,0,10.97
811855,439,439.32,-13.18,-13.18,0,10.97
811860,446,445.92,-2.12,-2.12,0,10.97
811865,458,457.69,9.48,9.48,0,10.97
811870,472,472.11,21.55,21.55,0,10.97
811875,490,490.31,33.99,33.99,0,10.97
811880,514,513.87,46.71,46.71,0,10.97
811885,538,537.69,59.6,59.6,0,10.97
811890,563,563.15,72.54,72.54,0,10.97
811895,591,591.3,85.42,85.42,0,10.97
811900,616,615.83,98.09,98.09,0,10.97
811905,642,641.7,110.44,110.44,0,10.97
811910,665,665.19,122.35,122.35,0,10.97
811915,685,685.3,133.68,133.68,0,10.97
811920,703,702.78,144.34,144.34,0,10.97
811925,720,719.7,154.21,154.21,0,10.97
811930,730,730.24,163.2,163.2,0,10.97
811935,741,741.29,171.23,171.23,0,10.97
811940,749,748.73,178.23,178.23,0,10.97
811945,754,753.71,184.16,184.16,0,10.97
811950,753,753.29,188.96,188.96,0,10.97
811955,750,750.28,192.61,192.61,0,10.97
811960,751,750.69,195.1,195.1,0,10.97
811965,744,743.73,196.44,195.1,0,10.97
811970,739,739.33,196.63,195.1,0,10.97
811975,733,733.26,195.7,195.1,0,10.97
811980,725,724.66,193.69,193.69,0,10.97
811985,718,717.75,190.64,190.64,0,10.97
811990,707,707.36,186.6,186.6,0,10.97
811995,696,696.24,181.63,181.63,0,10.97
812000,687,686.62,175.79,175.79,0,10.97
812005,677,676.78,169.17,169.17,0,10.97
812010,661,661.4,161.82,161.82,0,10.97
812015,656,656.21,153.84,153.84,0,10.97
812020,650,649.6,145.28,145.28,0,10.97
812025,637,636.81,136.24,136.24,0,10.97
812030,626,626.4,126.79,126.79,0,10.97
812035,614,614.17,117.01,117.01,0,10.97
812040,612,611.61,106.98,106.98,0,10.97
812045,597,596.85,96.78,96.78,0,10.97
812050,588,588.38,86.48,86.48,0,10.97
812055,577,577.13,76.15,76.15,0,10.97
812060,568,567.63,65.87,65.87,0,10.97
812065,555,554.9,55.7,55.7,0,10.97
812070,544,544.35,45.71,45.71,0,10.97
812075,535,535.08,35.97,35.97,0,10.97
812080,521,520.66,26.53,26.53,0,10.97
812085,508,507.93,17.45,17.45,0,10.97
812090,499,499.32,8.77,8.77,0,10.97
812095,489,489.06,0.55,0.55,0,10.97
812100,479,478.69,-7.2,-7.2,0,10.97
812105,471,470.95,-14.43,-14.43,0,10.97
812110,465,465.3,-21.12,-21.12,0,10.97
812115,460,460.04,-27.25,-27.25,0,10.97
812120,454,453.71,-32.83,-32.83,0,10.97
812125,449,448.96,-37.84,-37.84,0,10.97
812130,445,445.28,-42.28,-42.28,0,10.97
812135,448,448.04,-46.18,-46.18,0,10.97
812140,447,446.74,-49.55,-49.55,0,10.97
812145,449,448.96,-52.42,-52.42,0,10.97
812150,448,448.25,-54.81,-54.81,0,10.97
812155,450,450.04,-56.75,-56.75,0,10.97
812160,453,452.77,-58.29,-58.29,0,10.97
812165,445,444.95,-59.46,-59.46,0,10.97
812170,458,458.21,-60.3,-60.3,0,10.97
812175,459,459.07,-60.85,-60.85,0,10.97
812180,463,462.81,-61.17,-61.09,0,10.97
812185,464,463.91,-61.29,-61.09,0,10.97
812190,465,465.18,-61.25,-61.09,0,10.97
812195,466,466.11,-61.09,-61.09,0,10.97
812200,468,467.84,-60.85,-60.85,0,10.97
812205,468,467.86,-60.56,-60.56,0,10.97
812210,467,467.14,-60.26,-60.26,0,10.97
812215,465,465.16,-59.97,-59.97,0,10.97
812220,468,467.88,-59.71,-59.71,0,10.97
812225,466,465.83,-59.52,-59.52,0,10.97
812230,465,465.09,-59.4,-59.52,0,10.97
812235,463,463.19,-59.36,-59.52,0,10.97
812240,461,460.93,-59.44,-59.52,0,10.97
812245,459,458.79,-59.61,-59.61,0,10.97
812250,457,457.05,-59.91,-59.91,0,10.97
812255,454,454.22,-60.31,-60.31,0,10.97
812260,452,451.97,-60.83,-60.83,0,10.97
812265,449,448.76,-61.47,-61.47,0,10.97
812270,447,447.0,-62.21,-62.21,0,10.97
812275,448,448.26,-63.05,-63.05,0,10.97
812280,441,441.02,-63.99,-63.99,0,10.97
812285,440,439.71,-65.02,-65.02,0,10.97
812290,437,436.96,-66.13,-66.13,0,10.97
812295,436,436.32,-67.3,-67.3,0,10.97
812300,434,434.06,-68.53,-68.53,0,10.97
812305,432,431.65,-69.82,-69.82,0,10.97
812310,431,430.92,-71.14,-71.14,0,10.97
812315,429,429.38,-72.5,-72.5,0,10.97
812320,427,427.1,-73.88,-73.88,0,10.97
812325,425,424.59,-75.28,-75.28,0,10.97
812330,424,423.88,-76.69,-76.69,0,10.97
812335,423,423.45,-78.09,-78.09,0,10.97
812340,423,423.14,-79.49,-79.49,0,10.97
812345,424,423.51,-80.88,-80.88,0,10.97
812350,422,421.84,-82.25,-82.25,0,10.97
812355,421,421.52,-83.6,-83.6,0,10.97
812360,420,420.18,-84.92,-84.92,0,10.97
812365,421,420.45,-86.2,-86.2,0,10.97
812370,420,419.79,-87.45,-87.45,0,10.97
812375,420,420.59,-88.65,-88.65,0,10.97
812380,428,428.23,-89.81,-89.81,0,10.97
812385,421,420.38,-90.9,-90.9,0,10.97
812390,421,420.73,-91.94,-91.94,0,10.97
812395,398,398.64,-92.9,-92.9,0,10.97
812400,422,422.31,-93.77,-93.77,0,10.97
812405,426,425.37,-94.56,-94.56,0,10.97
812410,425,424.64,-95.24,-95.24,0,10.97
812415,428,428.6,-95.82,-95.82,0,10.97
812420,426,426.4,-96.26,-96.26,0,10.97
812425,428,427.43,-96.57,-96.44,0,10.97
812430,428,427.56,-96.71,-96.44,0,10.97
812435,431,431.55,-96.68,-96.44,0,10.97
812440,431,431.49,-96.44,-96.44,0,10.97
812445,432,431.47,-95.97,-95.97,0,10.97
812450,433,432.46,-95.24,-95.24,0,10.97
812455,433,433.51,-94.23,-94.23,0,10.97
812460,435,435.59,-92.9,-92.9,0,10.97
812465,436,435.51,-91.22,-91.22,0,10.97
812470,436,435.36,-89.15,-89.15,0,10.97
812475,436,436.47,-86.65,-86.65,0,10.97
812480,436,436.69,-83.69,-83.69,0,10.97
812485,437,436.54,-80.24,-80.24,0,10.97
812490,436,435.26,-76.24,-76.24,0,10.97
812495,437,437.44,-71.68,-71.68,0,10.97
812500,427,427.79,-66.51,-66.51,0,10.97
812505,437,436.58,-60.71,-60.71,0,10.97
812510,436,435.17,-54.26,-54.26,0,10.97
812515,437,437.41,-47.13,-47.13,0,10.97
812520,410,410.85,-39.31,-39.31,0,10.97
812525,437,436.61,-30.81,-30.81,0,10.97
812530,436,435.16,-21.63,-21.63,0,10.97
812535,440,440.38,-11.79,-11.79,0,10.97
812540,445,445.81,-1.32,-1.32,0,10.97
812545,458,457.64,9.73,9.73,0,10.97
812550,466,465.22,21.31,21.31,0,10.97
812555,479,479.34,33.34,33.34,0,10.97
812560,495,495.76,45.76,45.76,0,10.97
812565,519,518.69,58.45,58.45,0,10.97
812570,543,542.27,71.31,71.31,0,10.97
812575,570,570.29,84.24,84.24,0,10.97
812580,595,595.7,97.11,97.11,0,10.97
812585,622,621.73,109.8,109.8,0,10.97
812590,648,647.33,122.19,122.19,0,10.97
812595,672,672.25,134.14,134.14,0,10.97
812600,693,693.64,145.54,145.54,0,10.97
812605,710,709.76,156.29,156.29,0,10.97
812610,727,726.38,166.26,166.26,0,10.97
812615,739,739.22,175.38,175.38,0,10.97
812620,749,749.59,183.56,183.56,0,10.97
812625,755,754.79,190.74,190.74,0,10.97
812630,760,759.43,196.85,196.85,0,10.97
812635,763,763.19,201.86,201.86,0,10.97
812640,760,760.54,205.74,205.74,0,10.97
812645,758,757.81,208.48,208.48,0,10.97
812650,753,752.48,210.07,208.48,0,10.97
812655,757,757.19,210.53,208.48,0,10.97
812660,739,739.5,209.88,208.48,0,10.97
812665,735,734.8,208.15,208.15,0,10.97
812670,725,724.52,205.39,205.39,0,10.97
812675,711,711.22,201.65,201.65,0,10.97
812680,707,707.46,196.97,196.97,0,10.97
812685,699,698.78,191.43,191.43,0,10.97
812690,689,688.57,185.09,185.09,0,10.97
812695,678,678.22,178.01,178.01,0,10.97
812700,670,670.41,170.28,170.28,0,10.97
812705,661,660.78,161.96,161.96,0,10.97
812710,652,651.61,153.13,153.13,0,10.97
812715,643,643.22,143.87,143.87,0,10.97
812720,632,632.37,134.24,134.24,0,10.97
812725,624,623.78,124.33,124.33,0,10.97
812730,612,611.65,114.21,114.21,0,10.97
812735,603,603.21,103.96,103.96,0,10.97
812740,593,593.33,93.64,93.64,0,10.97
812745,582,581.79,83.33,83.33,0,10.97
812750,573,572.68,73.1,73.1,0,10.97
812755,561,561.21,63.01,63.01,0,10.97
812760,550,550.3,53.12,53.12,0,10.97
812765,537,536.79,43.49,43.49,0,10.97
812770,525,524.72,34.19,34.19,0,10.97
812775,513,513.22,25.25,25.25,0,10.97
812780,503,503.27,16.73,16.73,0,10.97
812785,491,490.78,8.66,8.66,0,10.97
812790,483,482.74,1.08,1.08,0,10.97
812795,476,476.23,-5.99,-5.99,0,10.97
812800,469,469.25,-12.52,-12.52,0,10.97
812805,465,464.77,-18.51,-18.51,0,10.97
812810,461,460.76,-23.94,-23.94,0,10.97
812815,455,455.24,-28.83,-28.83,0,10.97
812820,456,456.23,-33.18,-33.18,0,10.97
812825,455,454.76,-37.0,-37.0,0,10.97
812830,455,454.78,-40.32,-40.32,0,10.97
812835,457,457.24,-43.17,-43.17,0,10.97
812840,456,456.21,-45.56,-45.56,0,10.97
812845,458,457.76,-47.55,-47.55,0,10.97
812850,459,458.8,-49.16,-49.16,0,10.97
812855,462,462.25,-50.43,-50.43,0,10.97
812860,463,463.19,-51.42,-51.42,0,10.97
812865,467,466.74,-52.14,-52.14,0,10.97
812870,467,466.82,-52.66,-52.66,0,10.97
812875,468,468.26,-53.0,-53.0,0,10.97
812880,468,468.17,-53.21,-53.21,0,10.97
812885,471,470.74,-53.33,-53.33,0,10.97
812890,472,471.84,-53.39,-53.39,0,10.97
812895,473,473.27,-53.42,-53.42,0,10.97
812900,473,473.15,-53.45,-53.45,0,10.97
812905,478,477.73,-53.5,-53.5,0,10.97
812910,471,470.86,-53.6,-53.6,0,10.97
812915,469,469.26,-53.77,-53.77,0,10.97
812920,469,469.13,-54.02,-54.02,0,10.97
812925,466,465.75,-54.36,-54.36,0,10.97
812930,464,463.88,-54.79,-54.79,0,10.97
812935,462,462.24,-55.32,-55.32,0,10.97
812940,458,458.11,-55.94,-55.94,0,10.97
812945,457,456.77,-56.67,-56.67,0,10.97
812950,451,450.9,-57.49,-57.49,0,10.97
812955,452,452.23,-58.39,-58.39,0,10.97
812960,448,448.1,-59.36,-59.36,0,10.97
812965,445,444.78,-60.41,-60.41,0,10.97
812970,443,442.91,-61.51,-61.51,0,10.97
812975,440,440.22,-62.65,-62.65,0,10.97
812980,437,437.09,-63.83,-63.83,0,10.97
812985,435,434.79,-65.03,-65.03,0,10.97
812990,432,431.91,-66.24,-66.24,0,10.97
812995,432,432.21,-67.45,-67.45,0,10.97
813000,434,434.09,-68.64,-68.64,0,10.97
813005,429,428.79,-69.82,-69.82,0,10.97
813010,427,426.9,-70.96,-70.96,0,10.97
813015,426,426.21,-72.07,-72.07,0,10.97
813020,423,423.11,-73.13,-73.13,0,10.97
813025,424,423.79,-74.14,-74.14,0,10.97
813030,422,421.88,-75.1,-75.1,0,10.97
813035,422,422.21,-76.0,-76.0,0,10.97
813040,421,421.13,-76.83,-76.83,0,10.97
813045,421,420.79,-77.61,-77.61,0,10.97
813050,420,419.87,-78.33,-78.33,0,10.97
813055,420,420.21,-78.98,-78.98,0,10.97
813060,421,421.15,-79.59,-79.59,0,10.97
813065,420,419.79,-80.14,-80.14,0,10.97
813070,421,420.84,-80.64,-80.64,0,10.97
813075,423,423.21,-81.11,-81.11,0,10.97
813080,421,421.17,-81.53,-81.53,0,10.97
813085,423,422.78,-81.93,-81.93,0,10.97
813090,422,421.82,-82.31,-82.31,0,10.97
813095,424,424.23,-82.67,-82.67,0,10.97
813100,425,425.2,-83.02,-83.02,0,10.97
813105,427,426.77,-83.36,-83.36,0,10.97
813110,429,428.79,-83.7,-83.7,0,10.97
813115,427,427.24,-84.05,-84.05,0,10.97
813120,428,428.22,-84.39,-84.39,0,10.97
813125,429,428.76,-84.74,-84.74,0,10.97
813130,428,427.77,-85.1,-85.1,0,10.97
813135,430,430.25,-85.45,-85.45,0,10.97
813140,430,430.25,-85.79,-85.79,0,10.97
813145,442,441.76,-86.12,-86.12,0,10.97
813150,433,432.74,-86.43,-86.43,0,10.97
813155,434,434.23,-86.7,-86.7,0,10.97
813160,436,436.27,-86.92,-86.92,0,10.97
813165,437,436.79,-87.07,-86.92,0,10.97
813170,437,436.71,-87.12,-86.92,0,10.97
813175,437,437.18,-87.06,-86.92,0,10.97
813180,439,439.31,-86.86,-86.86,0,10.97
813185,440,439.84,-86.48,-86.48,0,10.97
813190,441,440.68,-85.9,-85.9,0,10.97
813195,441,441.13,-85.07,-85.07,0,10.97
813200,440,440.34,-83.98,-83.98,0,10.97
813205,437,436.89,-82.56,-82.56,0,10.97
813210,441,440.64,-80.79,-80.79,0,10.97
813215,439,439.09,-78.63,-78.63,0,10.97
813220,440,440.37,-76.02,-76.02,0,10.97
813225,440,439.93,-72.94,-72.94,0,10.97
813230,438,437.61,-69.35,-69.35,0,10.97
813235,440,440.05,-65.2,-65.2,0,10.97
813240,437,437.41,-60.46,-60.46,0,10.97
813245,437,436.96,-55.1,-55.1,0,10.97
813250,436,435.57,-49.09,-49.09,0,10.97
813255,436,436.02,-42.43,-42.43,0,10.97
813260,436,436.45,-35.08,-35.08,0,10.97
813265,434,433.99,-27.06,-27.06,0,10.97
813270,437,436.52,-18.36,-18.36,0,10.97
813275,440,440.0,-9.0,-9.0,0,10.97
813280,444,444.51,0.98,0.98,0,10.97
813285,452,452.01,11.55,11.55,0,10.97
813290,463,462.47,22.65,22.65,0,10.97
813295,478,477.99,34.21,34.21,0,10.97
813300,479,479.55,46.15,46.15,0,10.97
813305,517,517.03,58.37,58.37,0,10.97
813310,542,541.46,70.77,70.77,0,10.97
813315,566,565.97,83.22,83.22,0,10.97
813320,594,594.52,95.62,95.62,0,10.97
813325,624,624.04,107.82,107.82,0,10.97
813330,646,645.49,119.71,119.71,0,10.97
813335,672,671.94,131.15,131.15,0,10.97
813340,692,692.49,142.03,142.03,0,10.97
813345,711,711.07,152.23,152.23,0,10.97
813350,726,725.52,161.64,161.64,0,10.97
813355,735,734.9,170.19,170.19,0,10.97
813360,744,744.47,177.77,177.77,0,10.97
813365,754,754.11,184.34,184.34,0,10.97
813370,757,756.54,189.82,189.82,0,10.97
813375,760,759.86,194.2,194.2,0,10.97
813380,756,756.43,197.44,197.44,0,10.97
813385,748,748.16,199.53,199.03,0,10.97
813390,746,745.58,200.48,199.03,0,10.97
813395,742,741.83,200.3,199.03,0,10.97
813400,733,733.41,199.03,199.03,0,10.97
813405,723,723.18,196.69,196.69,0,10.97
813410,715,714.6,193.34,193.34,0,10.97
813415,709,708.82,189.04,189.04,0,10.97
813420,693,693.39,183.85,183.85,0,10.97
813425,684,684.17,177.82,177.82,0,10.97
813430,672,671.62,171.05,171.05,0,10.97
813435,664,663.83,163.59,163.59,0,10.97
813440,654,654.37,155.54,155.54,0,10.97
813445,643,643.16,146.97,146.97,0,10.97
813450,634,633.64,137.95,137.95,0,10.97
813455,625,624.85,128.57,128.57,0,10.97
813460,612,612.36,118.92,118.92,0,10.97
813465,605,605.13,109.06,109.06,0,10.97
813470,595,594.65,99.07,99.07,0,10.97
813475,585,584.88,89.02,89.02,0,10.97
813480,576,576.34,79.0,79.0,0,10.97
813485,566,566.11,69.06,69.06,0,10.97
813490,555,554.67,59.28,59.28,0,10.97
813495,546,545.89,49.72,49.72,0,10.97
813500,534,534.33,40.42,40.42,0,10.97
813505,525,525.1,31.46,31.46,0,10.97
813510,513,512.68,22.88,22.88,0,10.97
813515,503,502.91,14.72,14.72,0,10.97
813520,493,493.32,7.02,7.02,0,10.97
813525,483,483.08,-0.18,-0.18,0,10.97
813530,475,474.68,-6.85,-6.85,0,10.97
813535,471,470.93,-12.99,-12.99,0,10.97
813540,464,464.32,-18.57,-18.57,0,10.97
813545,459,459.06,-23.6,-23.6,0,10.97
813550,458,457.68,-28.07,-28.07,0,10.97
813555,455,454.96,-31.99,-31.99,0,10.97
813560,455,455.32,-35.39,-35.39,0,10.97
813565,456,456.03,-38.27,-38.27,0,10.97
813570,455,454.68,-40.68,-40.68,0,10.97
813575,459,458.99,-42.65,-42.65,0,10.97
813580,461,461.33,-44.2,-44.2,0,10.97
813585,465,465.0,-45.39,-45.39,0,10.97
813590,466,465.66,-46.26,-46.26,0,10.97
813595,469,469.01,-46.84,-46.84,0,10.97
813600,469,469.34,-47.19,-47.19,0,10.97
813605,474,473.98,-47.34,-47.19,0,10.97
813610,485,484.66,-47.35,-47.19,0,10.97
813615,478,478.03,-47.25,-47.19,0,10.97
813620,480,480.33,-47.09,-47.09,0,10.97
813625,480,479.96,-46.89,-46.89,0,10.97
813630,481,480.69,-46.7,-46.7,0,10.97
813635,482,482.06,-46.55,-46.55,0,10.97
813640,481,481.29,-46.45,-46.55,0,10.97
813645,482,481.93,-46.44,-46.55,0,10.97
813650,480,479.72,-46.53,-46.55,0,10.97
813655,478,478.08,-46.73,-46.73,0,10.97
813660,476,476.26,-47.05,-47.05,0,10.97
813665,471,470.91,-47.51,-47.51,0,10.97
813670,470,469.75,-48.1,-48.1,0,10.97
813675,462,462.11,-48.82,-48.82,0,10.97
813680,464,464.23,-49.67,-49.67,0,10.97
813685,461,460.89,-50.64,-50.64,0,10.97
813690,458,457.78,-51.73,-51.73,0,10.97
813695,455,455.12,-52.93,-52.93,0,10.97
813700,452,452.21,-54.23,-54.23,0,10.97
813705,450,449.88,-55.62,-55.62,0,10.97
813710,446,445.8,-57.08,-57.08,0,10.97
813715,443,443.12,-58.6,-58.6,0,10.97
813720,440,440.18,-60.18,-60.18,0,10.97
813725,438,437.88,-61.79,-61.79,0,10.97
813730,435,434.83,-63.42,-63.42,0,10.97
813735,436,436.12,-65.07,-65.07,0,10.97
813740,432,432.16,-66.72,-66.72,0,10.97
813745,431,430.87,-68.36,-68.36,0,10.97
813750,430,429.85,-69.99,-69.99,0,10.97
813755,428,428.14,-71.6,-71.6,0,10.97
813760,426,426.14,-73.17,-73.17,0,10.97
813765,426,425.85,-74.7,-74.7,0,10.97
813770,425,424.87,-76.2,-76.2,0,10.97
813775,419,419.15,-77.64,-77.64,0,10.97
813780,426,426.12,-79.04,-79.04,0,10.97
813785,423,422.85,-80.38,-80.38,0,10.97
813790,425,424.89,-81.66,-81.66,0,10.97
813795,423,423.14,-82.89,-82.89,0,10.97
813800,424,424.1,-84.06,-84.06,0,10.97
813805,427,426.87,-85.17,-85.17,0,10.97
813810,422,421.91,-86.22,-86.22,0,10.97
813815,425,425.12,-87.2,-87.2,0,10.97
813820,424,424.08,-88.11,-88.11,0,10.97
813825,426,425.89,-88.95,-88.95,0,10.97
813830,427,426.92,-89.72,-89.72,0,10.97
813835,423,423.09,-90.39,-90.39,0,10.97
813840,430,430.07,-90.98,-90.98,0,10.97
813845,429,428.93,-91.46,-91.46,0,10.97
813850,433,432.93,-91.83,-91.83,0,10.97
813855,435,435.05,-92.07,-91.85,0,10.97
813860,432,432.06,-92.16,-91.85,0,10.97
813865,432,431.96,-92.1,-91.85,0,10.97
813870,434,433.95,-91.85,-91.85,0,10.97
813875,435,435.03,-91.39,-91.39,0,10.97
813880,436,436.04,-90.7,-90.7,0,10.97
813885,435,434.98,-89.76,-89.76,0,10.97
813890,437,436.97,-88.52,-88.52,0,10.97
813895,439,439.01,-86.96,-86.96,0,10.97
813900,439,439.02,-85.05,-85.05,0,10.97
813905,438,437.99,-82.75,-82.75,0,10.97
813910,439,438.98,-80.03,-80.03,0,10.97
813915,439,439.01,-76.86,-76.86,0,10.97
813920,441,441.01,-73.2,-73.2,0,10.97
813925,438,437.99,-69.02,-69.02,0,10.97
813930,438,437.99,-64.29,-64.29,0,10.97
813935,440,440.01,-58.98,-58.98,0,10.97
813940,439,439.01,-53.07,-53.07,0,10.97
813945,440,439.98,-46.54,-46.54,0,10.97
813950,438,437.99,-39.39,-39.39,0,10.97
813955,437,437.02,-31.6,-31.6,0,10.97
813960,439,439.02,-23.19,-23.19,0,10.97
813965,442,441.99,-14.16,-14.16,0,10.97
813970,445,444.98,-4.54,-4.54,0,10.97
813975,452,452.01,5.62,5.62,0,10.97
813980,460,460.03,16.29,16.29,0,10.97
813985,474,473.99,27.4,27.4,0,10.97
813990,490,489.98,38.88,38.88,0,10.97
813995,509,509.01,50.64,50.64,0,10.97
814000,528,528.02,62.57,62.57,0,10.97
814005,556,556.0,74.59,74.59,0,10.97
814010,580,579.98,86.56,86.56,0,10.97
814015,607,606.99,98.38,98.38,0,10.97
814020,629,629.01,109.92,109.92,0,10.97
814025,653,653.01,121.06,121.06,0,10.97
814030,674,674.0,131.69,131.69,0,10.97
814035,692,691.99,141.7,141.7,0,10.97
814040,710,709.99,150.98,150.98,0,10.97
814045,723,723.01,159.44,159.44,0,10.97
814050,731,731.01,167.0,167.0,0,10.97
814055,741,740.98,173.59,173.59,0,10.97
814060,747,746.98,179.15,179.15,0,10.97
814065,748,748.03,183.64,183.64,0,10.97
814070,746,746.02,187.03,187.03,0,10.97
814075,743,742.96,189.31,189.31,0,10.97
814080,740,739.99,190.48,189.31,0,10.97
814085,733,733.04,190.54,189.31,0,10.97
814090,727,727.01,189.53,189.31,0,10.97
814095,721,720.95,187.47,187.47,0,10.97
814100,710,710.0,184.42,184.42,0,10.97
814105,698,698.05,180.41,180.41,0,10.97
814110,689,689.0,175.52,175.52,0,10.97
814115,680,679.95,169.8,169.8,0,10.97
814120,670,670.01,163.32,163.32,0,10.97
814125,657,657.05,156.17,156.17,0,10.97
814130,648,647.98,148.41,148.41,0,10.97
814135,638,637.96,140.12,140.12,0,10.97
814140,629,629.04,131.38,131.38,0,10.97
814145,620,620.03,122.27,122.27,0,10.97
814150,608,607.95,112.87,112.87,0,10.97
814155,600,599.97,103.26,103.26,0,10.97
814160,588,588.06,93.5,93.5,0,10.97
814165,579,579.02,83.68,83.68,0,10.97
814170,571,570.92,73.86,73.86,0,10.97
814175,561,560.99,64.12,64.12,0,10.97
814180,551,551.09,54.51,54.51,0,10.97
814185,542,542.0,45.11,45.11,0,10.97
814190,531,530.9,35.96,35.96,0,10.97
814195,521,521.01,27.13,27.13,0,10.97
814200,510,510.11,18.66,18.66,0,10.97
814205,501,500.99,10.6,10.6,0,10.97
814210,489,488.88,2.99,2.99,0,10.97
814215,480,480.02,-4.15,-4.15,0,10.97
814220,474,474.14,-10.78,-10.78,0,10.97
814225,467,466.98,-16.88,-16.88,0,10.97
814230,462,461.85,-22.45,-22.45,0,10.97
814235,456,456.02,-27.47,-27.47,0,10.97
814240,453,453.17,-31.94,-31.94,0,10.97
814245,450,449.98,-35.88,-35.88,0,10.97
814250,471,470.83,-39.31,-39.31,0,10.97
814255,451,451.02,-42.23,-42.23,0,10.97
814260,451,451.14,-44.67,-44.67,0,10.97
814265,452,451.97,-46.67,-46.67,0,10.97
814270,456,455.91,-48.26,-48.26,0,10.97
814275,458,458.04,-49.48,-49.48,0,10.97
814280,461,461.05,-50.36,-50.36,0,10.97
814285,463,462.96,-50.94,-50.94,0,10.97
814290,467,466.99,-51.27,-51.19,0,10.97
814295,470,470.05,-51.4,-51.19,0,10.97
814300,471,470.96,-51.36,-51.19,0,10.97
814305,473,472.93,-51.19,-51.19,0,10.97
814310,474,474.09,-50.93,-50.93,0,10.97
814315,473,473.08,-50.63,-50.63,0,10.97
814320,477,476.87,-50.3,-50.3,0,10.97
814325,478,477.92,-50.0,-50.0,0,10.97
814330,479,479.18,-49.73,-49.73,0,10.97
814335,477,477.09,-49.53,-49.53,0,10.97
814340,477,476.78,-49.42,-49.53,0,10.97
814345,475,474.91,-49.41,-49.53,0,10.97
814350,474,474.27,-49.51,-49.53,0,10.97
814355,473,473.1,-49.74,-49.74,0,10.97
814360,469,468.68,-50.09,-50.09,0,10.97
814365,468,467.9,-50.57,-50.57,0,10.97
814370,465,465.38,-51.18,-51.18,0,10.97
814375,458,458.11,-51.92,-51.92,0,10.97
814380,458,457.57,-52.77,-52.77,0,10.97
814385,456,455.89,-53.73,-53.73,0,10.97
814390,451,451.49,-54.79,-54.79,0,10.97
814395,447,447.1,-55.94,-55.94,0,10.97
814400,457,456.46,-57.16,-57.16,0,10.97
814405,440,439.91,-58.45,-58.45,0,10.97
814410,440,440.57,-59.78,-59.78,0,10.97
814415,439,439.09,-61.16,-61.16,0,10.97
814420,438,437.4,-62.56,-62.56,0,10.97
814425,434,433.91,-63.98,-63.98,0,10.97
814430,432,432.62,-65.4,-65.4,0,10.97
814435,424,424.09,-66.81,-66.81,0,10.97
814440,430,429.36,-68.21,-68.21,0,10.97
814445,428,427.92,-69.58,-69.58,0,10.97
814450,427,427.67,-70.93,-70.93,0,10.97
814455,425,425.06,-72.25,-72.25,0,10.97
814460,426,425.31,-73.53,-73.53,0,10.97
814465,424,423.96,-74.78,-74.78,0,10.97
814470,425,425.72,-75.99,-75.99,0,10.97
814475,425,425.02,-77.17,-77.17,0,10.97
814480,445,444.27,-78.31,-78.31,0,10.97
814485,424,423.99,-79.42,-79.42,0,10.97
814490,422,422.72,-80.5,-80.5,0,10.97
814495,422,421.99,-81.54,-81.54,0,10.97
814500,424,423.31,-82.55,-82.55,0,10.97
814505,424,424.03,-83.53,-83.53,0,10.97
814510,424,424.66,-84.48,-84.48,0,10.97
814515,424,423.95,-85.39,-85.39,0,10.97
814520,426,425.36,-86.27,-86.27,0,10.97
814525,426,426.07,-87.12,-87.12,0,10.97
814530,427,427.61,-87.92,-87.92,0,10.97
814535,429,428.91,-88.68,-88.68,0,10.97
814540,428,427.41,-89.39,-89.39,0,10.97
814545,431,431.11,-90.04,-90.04,0,10.97
814550,426,426.56,-90.62,-90.62,0,10.97
814555,431,430.87,-91.12,-91.12,0,10.97
814560,429,428.46,-91.53,-91.53,0,10.97
814565,434,434.16,-91.82,-91.82,0,10.97
814570,436,436.51,-91.99,-91.82,0,10.97
814575,437,436.82,-92.0,-91.82,0,10.97
814580,437,436.5,-91.83,-91.82,0,10.97
814585,428,428.2,-91.46,-91.46,0,10.97
814590,438,438.48,-90.85,-90.85,0,10.97
814595,437,436.8,-89.98,-89.98,0,10.97
814600,441,440.54,-88.81,-88.81,0,10.97
814605,438,438.2,-87.3,-87.3,0,10.97
814610,438,438.45,-85.41,-85.41,0,10.97
814615,439,438.8,-83.12,-83.12,0,10.97
814620,436,435.57,-80.37,-80.37,0,10.97
814625,438,438.2,-77.13,-77.13,0,10.97
814630,437,437.41,-73.36,-73.36,0,10.97
814635,440,439.8,-69.02,-69.02,0,10.97
814640,438,437.6,-64.09,-64.09,0,10.97
814645,437,437.2,-58.52,-58.52,0,10.97
814650,439,439.39,-52.3,-52.3,0,10.97
814655,437,436.81,-45.41,-45.41,0,10.97
814660,437,436.62,-37.82,-37.82,0,10.97
814665,436,436.19,-29.55,-29.55,0,10.97
814670,436,436.37,-20.58,-20.58,0,10.97
814675,439,438.82,-10.93,-10.93,0,10.97
814680,444,443.64,-0.64,-0.64,0,10.97
814685,450,450.18,10.27,10.27,0,10.97
814690,462,462.35,21.72,21.72,0,10.97
814695,474,473.83,33.67,33.67,0,10.97
814700,493,492.66,46.03,46.03,0,10.97
814705,512,512.17,58.71,58.71,0,10.97
814710,536,536.33,71.59,71.59,0,10.97
814715,564,563.84,84.57,84.57,0,10.97
814720,591,590.68,97.53,97.53,0,10.97
814725,618,618.15,110.32,110.32,0,10.97
814730,643,643.31,122.84,122.84,0,10.97
814735,667,666.85,134.94,134.94,0,10.97
814740,690,689.7,146.51,146.51,0,10.97
814745,713,713.14,157.42,157.42,0,10.97
814750,728,728.29,167.56,167.56,0,10.97
814755,744,743.85,176.83,176.83,0,10.97
814760,755,754.72,185.14,185.14,0,10.97
814765,763,763.14,192.41,192.41,0,10.97
814770,769,769.27,198.6,198.6,0,10.97
814775,771,770.85,203.64,203.64,0,10.97
814780,773,772.74,207.51,207.51,0,10.97
814785,769,769.15,210.19,210.19,0,10.97
814790,765,765.25,211.68,210.19,0,10.97
814795,758,757.85,212.0,210.19,0,10.97
814800,749,748.76,211.16,210.19,0,10.97
814805,741,741.15,209.21,209.21,0,10.97
814810,731,731.24,206.19,206.19,0,10.97
814815,721,720.84,202.15,202.15,0,10.97
814820,711,710.77,197.16,197.16,0,10.97
814825,697,697.16,191.28,191.28,0,10.97
814830,688,688.22,184.6,184.6,0,10.97
814835,675,674.84,177.18,177.18,0,10.97
814840,664,663.78,169.11,169.11,0,10.97
814845,655,655.16,160.47,160.47,0,10.97
814850,644,644.22,151.34,151.34,0,10.97
814855,636,635.83,141.8,141.8,0,10.97
814860,625,624.79,131.92,131.92,0,10.97
814865,614,614.17,121.8,121.8,0,10.97
814870,604,604.21,111.51,111.51,0,10.97
814875,595,594.83,101.12,101.12,0,10.97
814880,587,586.8,90.7,90.7,0,10.97
814885,579,579.17,80.32,80.32,0,10.97
814890,566,566.2,70.06,70.06,0,10.97
814895,557,556.83,59.96,59.96,0,10.97
814900,549,548.81,50.1,50.1,0,10.97
814905,537,537.18,40.53,40.53,0,10.97
814910,524,524.17,31.3,31.3,0,10.97
814915,516,515.81,22.46,22.46,0,10.97
814920,505,504.85,14.04,14.04,0,10.97
814925,495,495.2,6.1,6.1,0,10.97
814930,486,486.14,-1.35,-1.35,0,10.97
814935,479,478.79,-8.28,-8.28,0,10.97
814940,471,470.89,-14.66,-14.66,0,10.97
814945,461,461.22,-20.48,-20.48,0,10.97
814950,460,460.1,-25.75,-25.75,0,10.97
814955,459,458.79,-30.46,-30.46,0,10.97
814960,455,454.92,-34.63,-34.63,0,10.97
814965,454,454.21,-38.26,-38.26,0,10.97
814970,454,454.06,-41.37,-41.37,0,10.97
814975,455,454.8,-44.01,-44.01,0,10.97
814980,456,455.96,-46.18,-46.18,0,10.97
814985,458,458.19,-47.94,-47.94,0,10.97
814990,457,457.02,-49.31,-49.31,0,10.97
814995,461,460.82,-50.34,-50.34,0,10.97
815000,463,463.01,-51.07,-51.07,0,10.97
815005,465,465.18,-51.54,-51.54,0,10.97
815010,468,467.97,-51.79,-51.69,0,10.97
815015,469,468.83,-51.87,-51.69,0,10.97
815020,472,472.06,-51.83,-51.69,0,10.97
815025,473,473.17,-51.69,-51.69,0,10.97
815030,475,474.92,-51.5,-51.5,0,10.97
815035,476,475.84,-51.29,-51.29,0,10.97
815040,475,475.11,-51.09,-51.09,0,10.97
815045,477,477.16,-50.94,-50.95,0,10.97
815050,475,474.87,-50.85,-50.95,0,10.97
815055,475,474.84,-50.85,-50.95,0,10.97
815060,473,473.15,-50.95,-50.95,0,10.97
815065,471,471.16,-51.17,-51.17,0,10.97
815070,491,490.84,-51.52,-51.52,0,10.97
815075,468,467.85,-52.0,-52.0,0,10.97
815080,464,464.14,-52.61,-52.61,0,10.97
815085,463,463.15,-53.34,-53.34,0,10.97
815090,459,458.9,-54.2,-54.2,0,10.97
815095,456,455.85,-55.18,-55.18,0,10.97
815100,457,457.07,-56.25,-56.25,0,10.97
815105,450,450.15,-57.42,-57.42,0,10.97
815110,448,447.96,-58.66,-58.66,0,10.97
815115,445,444.86,-59.97,-59.97,0,10.97
815120,443,443.02,-61.32,-61.32,0,10.97
815125,437,437.14,-62.71,-62.71,0,10.97
815130,439,439.01,-64.11,-64.11,0,10.97
815135,435,434.87,-65.51,-65.51,0,10.97
815140,437,436.96,-66.9,-66.9,0,10.97
815145,431,431.13,-68.27,-68.27,0,10.97
815150,428,428.06,-69.59,-69.59,0,10.97
815155,427,426.88,-70.86,-70.86,0,10.97
815160,429,428.93,-72.08,-72.08,0,10.97
815165,424,424.11,-73.22,-73.22,0,10.97
815170,423,423.08,-74.29,-74.29,0,10.97
815175,424,423.9,-75.28,-75.28,0,10.97
815180,424,423.92,-76.18,-76.18,0,10.97
815185,425,425.1,-77.0,-77.0,0,10.97
815190,422,422.09,-77.73,-77.73,0,10.97
815195,422,421.91,-78.37,-78.37,0,10.97
815200,422,421.91,-78.93,-78.93,0,10.97
815205,421,421.09,-79.4,-79.4,0,10.97
815210,421,421.09,-79.8,-79.8,0,10.97
815215,422,421.91,-80.13,-80.13,0,10.97
815220,422,421.91,-80.4,-80.4,0,10.97
815225,425,425.08,-80.61,-80.61,0,10.97
815230,420,420.09,-80.77,-80.77,0,10.97
815235,425,424.92,-80.9,-80.9,0,10.97
815240,425,424.92,-81.01,-81.01,0,10.97
815245,427,427.09,-81.09,-81.09,0,10.97
815250,425,425.07,-81.17,-81.17,0,10.97
815255,428,427.91,-81.26,-81.26,0,10.97
815260,427,426.94,-81.36,-81.36,0,10.97
815265,432,432.09,-81.47,-81.47,0,10.97
815270,429,429.05,-81.62,-81.62,0,10.97
815275,431,430.9,-81.81,-81.81,0,10.97
815280,431,430.96,-82.04,-82.04,0,10.97
815285,433,433.11,-82.31,-82.31,0,10.97
815290,436,436.03,-82.62,-82.62,0,10.97
815295,435,434.88,-82.99,-82.99,0,10.97
815300,435,434.98,-83.4,-83.4,0,10.97
815305,435,435.14,-83.84,-83.84,0,10.97
815310,435,435.02,-84.32,-84.32,0,10.97
815315,437,436.86,-84.82,-84.82,0,10.97
815320,436,435.98,-85.33,-85.33,0,10.97
815325,437,437.15,-85.83,-85.83,0,10.97
815330,440,440.01,-86.3,-86.3,0,10.97
815335,438,437.84,-86.72,-86.72,0,10.97
815340,439,438.98,-87.07,-87.07,0,10.97
815345,440,440.17,-87.33,-87.16,0,10.97
815350,440,440.02,-87.45,-87.16,0,10.97
815355,440,439.82,-87.4,-87.16,0,10.97
815360,443,442.98,-87.16,-87.16,0,10.97
815365,440,440.19,-86.68,-86.68,0,10.97
815370,441,441.02,-85.92,-85.92,0,10.97
815375,442,441.8,-84.84,-84.84,0,10.97
815380,441,440.98,-83.39,-83.39,0,10.97
815385,440,440.21,-81.52,-81.52,0,10.97
815390,440,440.01,-79.2,-79.2,0,10.97
815395,439,438.78,-76.38,-76.38,0,10.97
815400,439,438.99,-73.01,-73.01,0,10.97
815405,438,438.23,-69.05,-69.05,0,10.97
815410,438,438.0,-64.45,-64.45,0,10.97
815415,435,434.76,-59.19,-59.19,0,10.97
815420,438,438.0,-53.24,-53.24,0,10.97
815425,437,437.26,-46.55,-46.55,0,10.97
815430,437,436.99,-39.13,-39.13,0,10.97
815435,441,440.73,-30.96,-30.96,0,10.97
815440,437,437.01,-22.03,-22.03,0,10.97
815445,442,442.28,-12.37,-12.37,0,10.97
815450,444,443.99,-1.98,-1.98,0,10.97
815455,449,448.71,9.08,9.08,0,10.97
815460,458,458.02,20.78,20.78,0,10.97
815465,470,470.31,33.05,33.05,0,10.97
815470,486,485.99,45.81,45.81,0,10.97
815475,507,506.68,58.97,58.97,0,10.97
815480,531,531.02,72.41,72.41,0,10.97
815485,557,557.34,86.04,86.04,0,10.97
815490,586,585.98,99.71,99.71,0,10.97
815495,620,619.65,113.3,113.3,0,10.97
815500,644,644.03,126.67,126.67,0,10.97
815505,669,669.36,139.68,139.68,0,10.97
815510,698,697.97,152.2,152.2,0,10.97
815515,703,702.63,164.1,164.1,0,10.97
815520,739,739.03,175.25,175.25,0,10.97
815525,757,757.4,185.55,185.55,0,10.97
815530,770,769.96,194.89,194.89,0,10.97
815535,781,780.55,203.19,203.19,0,10.97
815540,792,792.03,210.37,210.37,0,10.97
815545,776,776.48,216.38,216.38,0,10.97
815550,793,792.95,221.17,221.17,0,10.97
815555,791,790.5,224.73,224.73,0,10.97
815560,789,789.06,227.03,226.57,0,10.97
815565,782,782.51,228.09,226.57,0,10.97
815570,780,779.93,227.93,226.57,0,10.97
815575,766,765.48,226.57,226.57,0,10.97
815580,755,755.07,224.06,224.06,0,10.97
815585,745,745.53,220.45,220.45,0,10.97
815590,734,733.93,215.81,215.81,0,10.97
815595,721,720.46,210.2,210.2,0,10.97
815600,709,709.07,203.71,203.71,0,10.97
815605,686,686.55,196.41,196.41,0,10.97
815610,685,684.94,188.38,188.38,0,10.97
815615,674,673.46,179.71,179.71,0,10.97
815620,663,663.06,170.49,170.49,0,10.97
815625,655,655.53,160.8,160.8,0,10.97
815630,642,641.94,150.72,150.72,0,10.97
815635,631,630.48,140.33,140.33,0,10.97
815640,622,622.06,129.72,129.72,0,10.97
815645,612,612.52,118.96,118.96,0,10.97
815650,597,596.94,108.13,108.13,0,10.97
815655,594,593.48,97.3,97.3,0,10.97
815660,582,582.07,86.54,86.54,0,10.97
815665,571,571.52,75.91,75.91,0,10.97
815670,574,573.93,65.48,65.48,0,10.97
815675,554,553.49,55.3,55.3,0,10.97
815680,542,542.06,45.42,45.42,0,10.97
815685,531,531.51,35.91,35.91,0,10.97
815690,521,520.96,26.79,26.79,0,10.97
815695,512,511.5,18.12,18.12,0,10.97
815700,502,502.03,9.93,9.93,0,10.97
815705,487,487.48,2.24,2.24,0,10.97
815710,485,484.99,-4.91,-4.91,0,10.97
815715,476,475.54,-11.51,-11.51,0,10.97
815720,470,469.99,-17.55,-17.55,0,10.97
815725,467,467.45,-23.03,-23.03,0,10.97
815730,462,462.03,-27.95,-27.95,0,10.97
815735,460,459.57,-32.31,-32.31,0,10.97
815740,461,460.95,-36.14,-36.14,0,10.97
815745,457,457.41,-39.46,-39.46,0,10.97
815750,457,457.07,-42.28,-42.28,0,10.97
815755,459,458.6,-44.64,-44.64,0,10.97
815760,459,458.92,-46.58,-46.58,0,10.97
815765,463,463.38,-48.13,-48.13,0,10.97
815770,461,461.09,-49.33,-49.33,0,10.97
815775,464,463.63,-50.22,-50.22,0,10.97
815780,466,465.9,-50.84,-50.84,0,10.97
815785,467,467.37,-51.24,-51.24,0,10.97
815790,470,470.11,-51.45,-51.41,0,10.97
815795,472,471.64,-51.53,-51.41,0,10.97
815800,474,473.88,-51.5,-51.41,0,10.97
815805,475,475.35,-51.41,-51.41,0,10.97
815810,476,476.13,-51.29,-51.29,0,10.97
815815,478,477.66,-51.17,-51.17,0,10.97
815820,477,476.86,-51.08,-51.17,0,10.97
815825,476,476.33,-51.05,-51.17,0,10.97
815830,476,476.15,-51.09,-51.17,0,10.97
815835,475,474.68,-51.22,-51.22,0,10.97
815840,473,472.84,-51.46,-51.46,0,10.97
815845,471,471.31,-51.81,-51.81,0,10.97
815850,470,470.17,-52.28,-52.28,0,10.97
815855,465,464.7,-52.87,-52.87,0,10.97
815860,463,462.82,-53.58,-53.58,0,10.97
815865,460,460.29,-54.4,-54.4,0,10.97
815870,454,454.2,-55.33,-55.33,0,10.97
815875,454,453.72,-56.36,-56.36,0,10.97
815880,453,452.79,-57.48,-57.48,0,10.97
815885,448,448.28,-58.68,-58.68,0,10.97
815890,446,446.21,-59.94,-59.94,0,10.97
815895,442,441.73,-61.26,-61.26,0,10.97
815900,440,439.78,-62.61,-62.61,0,10.97
815905,438,438.27,-63.99,-63.99,0,10.97
815910,435,435.22,-65.38,-65.38,0,10.97
815915,435,434.73,-66.77,-66.77,0,10.97
815920,431,430.77,-68.15,-68.15,0,10.97
815925,428,428.26,-69.5,-69.5,0,10.97
815930,428,428.24,-70.82,-70.82,0,10.97
815935,427,426.75,-72.09,-72.09,0,10.97
815940,424,423.75,-73.32,-73.32,0,10.97
815945,425,425.25,-74.48,-74.48,0,10.97
815950,422,422.26,-75.59,-75.59,0,10.97
815955,424,423.76,-76.63,-76.63,0,10.97
815960,420,419.73,-77.6,-77.6,0,10.97
815965,421,421.23,-78.51,-78.51,0,10.97
815970,422,422.28,-79.35,-79.35,0,10.97
815975,422,421.78,-80.13,-80.13,0,10.97
815980,422,421.7,-80.84,-80.84,0,10.97
815985,421,421.21,-81.5,-81.5,0,10.97
815990,421,421.32,-82.11,-82.11,0,10.97
815995,421,420.8,-82.67,-82.67,0,10.97
816000,422,421.67,-83.19,-83.19,0,10.97
816005,423,423.19,-83.67,-83.67,0,10.97
816010,423,423.35,-84.12,-84.12,0,10.97
816015,424,423.82,-84.55,-84.55,0,10.97
816020,426,425.63,-84.97,-84.97,0,10.97
816025,426,426.17,-85.36,-85.36,0,10.97
816030,427,427.39,-85.75,-85.75,0,10.97
816035,426,425.84,-86.14,-86.14,0,10.97
816040,429,428.6,-86.51,-86.51,0,10.97
816045,429,429.16,-86.88,-86.88,0,10.97
816050,427,427.42,-87.24,-87.24,0,10.97
816055,429,428.84,-87.59,-87.59,0,10.97
816060,431,430.57,-87.92,-87.92,0,10.97
816065,432,432.16,-88.23,-88.23,0,10.97
816070,432,432.45,-88.5,-88.5,0,10.97
816075,435,434.84,-88.72,-88.72,0,10.97
816080,439,438.55,-88.88,-88.77,0,10.97
816085,434,434.16,-88.95,-88.77,0,10.97
816090,436,436.46,-88.92,-88.77,0,10.97
816095,437,436.84,-88.77,-88.77,0,10.97
816100,444,443.55,-88.46,-88.46,0,10.97
816105,448,448.17,-87.96,-87.96,0,10.97
816110,438,438.44,-87.25,-87.25,0,10.97
816115,438,437.82,-86.28,-86.28,0,10.97
816120,439,438.57,-85.03,-85.03,0,10.97
816125,439,439.21,-83.44,-83.44,0,10.97
816130,440,440.42,-81.49,-81.49,0,10.97
816135,439,438.76,-79.12,-79.12,0,10.97
816140,436,435.59,-76.29,-76.29,0,10.97
816145,434,434.26,-72.98,-72.98,0,10.97
816150,438,438.4,-69.13,-69.13,0,10.97
816155,435,434.71,-64.7,-64.7,0,10.97
816160,436,435.6,-59.68,-59.68,0,10.97
816165,436,436.31,-54.03,-54.03,0,10.97
816170,436,436.41,-47.73,-47.73,0,10.97
816175,436,435.67,-40.75,-40.75,0,10.97
816180,438,437.59,-33.1,-33.1,0,10.97
816185,437,437.36,-24.78,-24.78,0,10.97
816190,437,437.41,-15.79,-15.79,0,10.97
816195,440,439.62,-6.16,-6.16,0,10.97
816200,446,445.6,4.08,4.08,0,10.97
816205,455,455.42,14.88,14.88,0,10.97
816210,465,465.41,26.18,26.18,0,10.97
816215,482,481.56,37.91,37.91,0,10.97
816220,498,497.6,49.97,49.97,0,10.97
816225,521,521.48,62.27,62.27,0,10.97
816230,545,545.41,74.7,74.7,0,10.97
816235,570,569.49,87.14,87.14,0,10.97
816240,596,595.59,99.47,99.47,0,10.97
816245,622,622.55,111.54,111.54,0,10.97
816250,648,648.42,123.25,123.25,0,10.97
816255,673,672.42,134.44,134.44,0,10.97
816260,695,694.57,145.01,145.01,0,10.97
816265,714,714.62,154.84,154.84,0,10.97
816270,724,724.43,163.81,163.81,0,10.97
816275,760,759.35,171.85,171.85,0,10.97
816280,750,749.57,178.85,178.85,0,10.97
816285,756,756.64,184.77,184.77,0,10.97
816290,758,758.42,189.54,189.54,0,10.97
816295,761,760.36,193.14,193.14,0,10.97
816300,757,756.58,195.55,195.55,0,10.97
816305,754,754.62,196.75,195.55,0,10.97
816310,746,746.41,196.78,195.55,0,10.97
816315,740,739.38,195.63,195.55,0,10.97
816320,732,731.59,193.37,193.37,0,10.97
816325,720,720.61,190.02,190.02,0,10.97
816330,709,709.4,185.65,185.65,0,10.97
816335,698,697.4,180.33,180.33,0,10.97
816340,686,685.61,174.13,174.13,0,10.97
816345,672,672.59,167.13,167.13,0,10.97
816350,661,661.39,159.41,159.41,0,10.97
816355,646,645.41,151.06,151.06,0,10.97
816360,636,635.62,142.17,142.17,0,10.97
816365,622,622.58,132.83,132.83,0,10.97
816370,611,611.37,123.12,123.12,0,10.97
816375,603,602.42,113.14,113.14,0,10.97
816380,591,590.63,102.97,102.97,0,10.97
816385,581,581.57,92.69,92.69,0,10.97
816390,571,571.36,82.38,82.38,0,10.97
816395,560,559.43,72.12,72.12,0,10.97
816400,553,552.65,61.99,61.99,0,10.97
816405,543,543.57,52.04,52.04,0,10.97
816410,534,534.34,42.35,42.35,0,10.97
816415,524,523.43,32.97,32.97,0,10.97
816420,516,515.66,23.96,23.96,0,10.97
816425,505,505.58,15.36,15.36,0,10.97
816430,497,497.33,7.22,7.22,0,10.97
816435,488,487.42,-0.42,-0.42,0,10.97
816440,484,483.68,-7.54,-7.54,0,10.97
816445,468,468.59,-14.09,-14.09,0,10.97
816450,465,465.31,-20.08,-20.08,0,10.97
816455,460,459.42,-25.48,-25.48,0,10.97
816460,454,453.71,-30.29,-30.29,0,10.97
816465,450,450.58,-34.5,-34.5,0,10.97
816470,448,448.27,-38.14,-38.14,0,10.97
816475,457,456.43,-41.21,-41.21,0,10.97
816480,449,448.74,-43.74,-43.74,0,10.97
816485,447,447.55,-45.75,-45.75,0,10.97
816490,450,450.24,-47.28,-47.28,0,10.97
816495,452,451.48,-48.35,-48.35,0,10.97
816500,454,453.78,-49.02,-49.0,0,10.97
816505,456,456.49,-49.32,-49.0,0,10.97
816510,458,458.2,-49.3,-49.0,0,10.97
816515,464,463.55,-49.0,-49.0,0,10.97
816520,468,467.82,-48.48,-48.48,0,10.97
816525,473,473.42,-47.79,-47.79,0,10.97
816530,475,475.16,-46.96,-46.96,0,10.97
816535,478,477.6,-46.06,-46.06,0,10.97
816540,481,480.86,-45.11,-45.11,0,10.97
816545,483,483.37,-44.17,-44.17,0,10.97
816550,485,485.11,-43.27,-43.27,0,10.97
816555,485,484.65,-42.44,-42.44,0,10.97
816560,485,484.91,-41.71,-41.71,0,10.97
816565,487,487.33,-41.11,-41.11,0,10.97
816570,485,485.07,-40.66,-40.66,0,10.97
816575,483,482.68,-40.38,-40.62,0,10.97
816580,482,481.94,-40.27,-40.62,0,10.97
816585,480,480.3,-40.35,-40.62,0,10.97
816590,481,481.04,-40.62,-40.62,0,10.97
816595,475,474.71,-41.07,-41.07,0,10.97
816600,471,470.97,-41.72,-41.72,0,10.97
816605,469,469.28,-42.53,-42.53,0,10.97
816610,464,464.02,-43.52,-43.52,0,10.97
816615,462,461.73,-44.67,-44.67,0,10.97
816620,460,459.98,-45.96,-45.96,0,10.97
816625,455,455.26,-47.39,-47.39,0,10.97
816630,454,454.0,-48.92,-48.92,0,10.97
816635,450,449.75,-50.56,-50.56,0,10.97
816640,446,446.0,-52.28,-52.28,0,10.97
816645,442,442.23,-54.07,-54.07,0,10.97
816650,442,441.99,-55.91,-55.91,0,10.97
816655,441,440.78,-57.78,-57.78,0,10.97
816660,437,437.02,-59.68,-59.68,0,10.97
816665,435,435.2,-61.58,-61.58,0,10.97
816670,433,432.98,-63.48,-63.48,0,10.97
816675,430,429.82,-65.36,-65.36,0,10.97
816680,430,430.03,-67.21,-67.21,0,10.97
816685,431,431.17,-69.03,-69.03,0,10.97
816690,429,428.97,-70.8,-70.8,0,10.97
816695,426,425.84,-72.53,-72.53,0,10.97
816700,429,429.04,-74.19,-74.19,0,10.97
816705,430,430.15,-75.79,-75.79,0,10.97
816710,430,429.96,-77.33,-77.33,0,10.97
816715,428,427.84,-78.79,-78.79,0,10.97
816720,428,428.05,-80.17,-80.17,0,10.97
816725,423,423.16,-81.47,-81.47,0,10.97
816730,430,429.95,-82.68,-82.68,0,10.97
816735,429,428.85,-83.79,-83.79,0,10.97
816740,431,431.05,-84.8,-84.8,0,10.97
816745,428,428.14,-85.71,-85.71,0,10.97
816750,432,431.95,-86.49,-86.49,0,10.97
816755,432,431.88,-87.15,-87.15,0,10.97
816760,434,434.05,-87.67,-87.67,0,10.97
816765,437,437.11,-88.03,-88.02,0,10.97
816770,435,434.95,-88.22,-88.02,0,10.97
816775,438,437.9,-88.22,-88.02,0,10.97
816780,437,437.05,-88.02,-88.02,0,10.97
816785,439,439.09,-87.58,-87.58,0,10.97
816790,440,439.95,-86.89,-86.89,0,10.97
816795,442,441.92,-85.92,-85.92,0,10.97
816800,439,439.05,-84.64,-84.64,0,10.97
816805,441,441.06,-83.01,-83.01,0,10.97
816810,440,439.95,-81.01,-81.01,0,10.97
816815,442,441.95,-78.6,-78.6,0,10.97
816820,441,441.05,-75.76,-75.76,0,10.97
816825,442,442.03,-72.44,-72.44,0,10.97
816830,441,440.95,-68.62,-68.62,0,10.97
816835,441,440.99,-64.27,-64.27,0,10.97
816840,441,441.05,-59.36,-59.36,0,10.97
816845,441,441.0,-53.87,-53.87,0,10.97
816850,439,438.95,-47.77,-47.77,0,10.97
816855,437,437.01,-41.06,-41.06,0,10.97
816860,440,440.05,-33.73,-33.73,0,10.97
816865,440,439.98,-25.78,-25.78,0,10.97
816870,442,441.95,-17.22,-17.22,0,10.97
816875,445,445.03,-8.08,-8.08,0,10.97
816880,449,449.06,1.62,1.62,0,10.97
816885,456,455.97,11.84,11.84,0,10.97
816890,467,466.94,22.5,22.5,0,10.97
816895,480,480.04,33.56,33.56,0,10.97
816900,495,495.06,44.91,44.91,0,10.97
816905,517,516.95,56.48,56.48,0,10.97
816910,539,538.94,68.16,68.16,0,10.97
816915,561,561.06,79.83,79.83,0,10.97
816920,587,587.05,91.37,91.37,0,10.97
816925,612,611.94,102.68,102.68,0,10.97
816930,638,637.95,113.62,113.62,0,10.97
816935,655,655.06,124.06,124.06,0,10.97
816940,681,681.04,133.91,133.91,0,10.97
816945,698,697.94,143.03,143.03,0,10.97
816950,713,712.96,151.34,151.34,0,10.97
816955,722,722.05,158.74,158.74,0,10.97
816960,737,737.03,165.15,165.15,0,10.97
816965,742,741.96,170.51,170.51,0,10.97
816970,746,745.97,174.77,174.77,0,10.97
816975,744,744.02,177.89,177.89,0,10.97
816980,746,746.03,179.85,178.8,0,10.97
816985,740,740.0,180.65,178.8,0,10.97
816990,734,733.97,180.29,178.8,0,10.97
816995,727,726.97,178.8,178.8,0,10.97
817000,718,718.04,176.22,176.22,0,10.97
817005,706,706.05,172.58,172.58,0,10.97
817010,696,695.96,167.96,167.96,0,10.97
817015,682,681.93,162.41,162.41,0,10.97
817020,670,670.05,156.01,156.01,0,10.97
817025,658,658.09,148.84,148.84,0,10.97
817030,645,644.95,140.98,140.98,0,10.97
817035,631,630.89,132.52,132.52,0,10.97
817040,621,621.06,123.55,123.55,0,10.97
817045,608,608.14,114.16,114.16,0,10.97
817050,594,593.94,104.43,104.43,0,10.97
817055,586,585.83,94.47,94.47,0,10.97
817060,576,576.08,84.35,84.35,0,10.97
817065,566,566.2,74.15,74.15,0,10.97
817070,556,555.91,63.97,63.97,0,10.97
817075,545,544.77,53.87,53.87,0,10.97
817080,536,536.1,43.93,43.93,0,10.97
817085,527,527.26,34.22,34.22,0,10.97
817090,518,517.88,24.8,24.8,0,10.97
817095,506,505.71,15.74,15.74,0,10.97
817100,498,498.13,7.09,7.09,0,10.97
817105,487,487.33,-1.11,-1.11,0,10.97
817110,479,478.86,-8.8,-8.8,0,10.97
817115,469,468.63,-15.96,-15.96,0,10.97
817120,463,463.16,-22.55,-22.55,0,10.97
817125,458,458.41,-28.56,-28.56,0,10.97
817130,451,450.83,-33.96,-33.96,0,10.97
817135,447,446.54,-38.76,-38.76,0,10.97
817140,444,444.19,-42.94,-42.94,0,10.97
817145,441,441.51,-46.52,-46.52,0,10.97
817150,442,441.8,-49.51,-49.51,0,10.97
817155,445,444.45,-51.93,-51.93,0,10.97
817160,443,443.22,-53.81,-53.81,0,10.97
817165,444,444.59,-55.18,-55.18,0,10.97
817170,448,447.77,-56.08,-56.08,0,10.97
817175,452,451.37,-56.55,-56.08,0,10.97
817180,455,455.24,-56.62,-56.08,0,10.97
817185,458,458.67,-56.36,-56.08,0,10.97
817190,463,462.74,-55.8,-55.8,0,10.97
817195,468,467.3,-55.0,-55.0,0,10.97
817200,471,471.28,-53.99,-53.99,0,10.97
817205,449,449.72,-52.84,-52.84,0,10.97
817210,478,477.7,-51.58,-51.58,0,10.97
817215,477,476.29,-50.26,-50.26,0,10.97
817220,483,483.31,-48.92,-48.92,0,10.97
817225,485,485.69,-47.61,-47.61,0,10.97
817230,485,484.67,-46.35,-46.35,0,10.97
817235,483,482.33,-45.19,-45.19,0,10.97
817240,484,484.35,-44.15,-44.15,0,10.97
817245,485,485.66,-43.25,-43.25,0,10.97
817250,480,479.63,-42.52,-42.52,0,10.97
817255,483,482.34,-41.96,-41.96,0,10.97
817260,481,481.4,-41.6,-41.72,0,10.97
817265,479,479.65,-41.43,-41.72,0,10.97
817270,497,496.58,-41.47,-41.72,0,10.97
817275,475,474.35,-41.72,-41.72,0,10.97
817280,474,474.41,-42.16,-42.16,0,10.97
817285,470,470.65,-42.81,-42.81,0,10.97
817290,466,465.61,-43.63,-43.63,0,10.97
817295,463,462.35,-44.63,-44.63,0,10.97
817300,460,460.38,-45.79,-45.79,0,10.97
817305,457,457.65,-47.1,-47.1,0,10.97
817310,455,454.64,-48.54,-48.54,0,10.97
817315,455,454.34,-50.09,-50.09,0,10.97
817320,450,450.35,-51.75,-51.75,0,10.97
817325,447,447.66,-53.5,-53.5,0,10.97
817330,445,444.66,-55.32,-55.32,0,10.97
817335,444,443.35,-57.2,-57.2,0,10.97
817340,440,440.33,-59.13,-59.13,0,10.97
817345,438,438.65,-61.09,-61.09,0,10.97
817350,436,435.69,-63.08,-63.08,0,10.97
817355,456,455.36,-65.08,-65.08,0,10.97
817360,435,435.31,-67.08,-67.08,0,10.97
817365,434,434.6,-69.07,-69.07,0,10.97
817370,434,433.7,-71.05,-71.05,0,10.97
817375,434,433.46,-73.0,-73.0,0,10.97
817380,435,435.29,-74.91,-74.91,0,10.97
817385,433,433.49,-76.78,-76.78,0,10.97
817390,434,433.71,-78.6,-78.6,0,10.97
817395,431,430.57,-80.35,-80.35,0,10.97
817400,430,430.28,-82.04,-82.04,0,10.97
817405,431,431.38,-83.64,-83.64,0,10.97
817410,432,431.72,-85.15,-85.15,0,10.97
817415,432,431.67,-86.56,-86.56,0,10.97
817420,432,432.27,-87.86,-87.86,0,10.97
817425,433,433.28,-89.02,-89.02,0,10.97
817430,433,432.74,-90.05,-90.05,0,10.97
817435,434,433.76,-90.92,-90.92,0,10.97
817440,435,435.25,-91.62,-91.62,0,10.97
817445,437,437.19,-92.12,-92.12,0,10.97
817450,439,438.75,-92.4,-92.12,0,10.97
817455,437,436.85,-92.45,-92.12,0,10.97
817460,437,437.23,-92.23,-92.12,0,10.97
817465,442,442.11,-91.72,-91.72,0,10.97
817470,439,438.78,-90.89,-90.89,0,10.97
817475,439,438.93,-89.71,-89.71,0,10.97
817480,440,440.21,-88.14,-88.14,0,10.97
817485,441,441.04,-86.15,-86.15,0,10.97
817490,441,440.81,-83.71,-83.71,0,10.97
817495,442,441.99,-80.78,-80.78,0,10.97
817500,441,441.18,-77.33,-77.33,0,10.97
817505,441,440.98,-73.33,-73.33,0,10.97
817510,442,441.83,-68.74,-68.74,0,10.97
817515,441,441.05,-63.54,-63.54,0,10.97
817520,443,443.16,-57.71,-57.71,0,10.97
817525,442,441.92,-51.22,-51.22,0,10.97
817530,440,439.85,-44.06,-44.06,0,10.97
817535,442,442.11,-36.24,-36.24,0,10.97
817540,442,442.14,-27.74,-27.74,0,10.97
817545,444,443.86,-18.58,-18.58,0,10.97
817550,446,445.87,-8.78,-8.78,0,10.97
817555,452,452.17,1.62,1.62,0,10.97
817560,460,460.13,12.58,12.58,0,10.97
817565,470,469.8,24.04,24.04,0,10.97
817570,484,483.87,35.92,35.92,0,10.97
817575,502,502.24,48.14,48.14,0,10.97
817580,523,523.13,60.6,60.6,0,10.97
817585,546,545.73,73.2,73.2,0,10.97
817590,572,571.87,85.81,85.81,0,10.97
817595,599,599.3,98.32,98.32,0,10.97
817600,626,626.13,110.59,110.59,0,10.97
817605,651,650.66,122.49,122.49,0,10.97
817610,676,675.86,133.9,133.9,0,10.97
817615,694,694.37,144.69,144.69,0,10.97
817620,718,718.14,154.74,154.74,0,10.97
817625,733,732.59,163.96,163.96,0,10.97
817630,746,745.85,172.23,172.23,0,10.97
817635,759,759.44,179.49,179.49,0,10.97
817640,763,763.15,185.65,185.65,0,10.97
817645,769,768.52,190.67,190.67,0,10.97
817650,773,772.84,194.51,194.51,0,10.97
817655,767,767.52,197.14,197.14,0,10.97
817660,764,764.16,198.56,197.14,0,10.97
817665,759,758.44,198.78,197.14,0,10.97
817670,753,752.85,197.81,197.14,0,10.97
817675,741,741.59,195.7,195.7,0,10.97
817680,728,728.14,192.48,192.48,0,10.97
817685,720,719.37,188.23,188.23,0,10.97
817690,706,705.87,182.99,182.99,0,10.97
817695,693,693.66,176.86,176.86,0,10.97
817700,682,682.11,169.89,169.89,0,10.97
817705,669,668.3,162.19,162.19,0,10.97
817710,656,655.9,153.83,153.83,0,10.97
817715,644,644.74,144.9,144.9,0,10.97
817720,633,633.09,135.49,135.49,0,10.97
817725,622,621.23,125.7,125.7,0,10.97
817730,609,608.92,115.6,115.6,0,10.97
817735,599,599.81,105.29,105.29,0,10.97
817740,587,587.07,94.85,94.85,0,10.97
817745,582,581.15,84.35,84.35,0,10.97
817750,570,569.94,73.88,73.88,0,10.97
817755,561,561.88,63.5,63.5,0,10.97
817760,550,550.05,53.28,53.28,0,10.97
817765,565,564.09,43.29,43.29,0,10.97
817770,531,530.97,33.6,33.6,0,10.97
817775,521,521.9,24.24,24.24,0,10.97
817780,515,515.02,15.29,15.29,0,10.97
817785,502,501.13,6.78,6.78,0,10.97
817790,493,492.98,-1.24,-1.24,0,10.97
817795,484,484.85,-8.73,-8.73,0,10.97
817800,477,477.01,-15.68,-15.68,0,10.97
817805,469,468.17,-22.05,-22.05,0,10.97
817810,463,462.99,-27.82,-27.82,0,10.97
817815,452,452.81,-33.0,-33.0,0,10.97
817820,455,455.01,-37.58,-37.58,0,10.97
817825,453,452.22,-41.56,-41.56,0,10.97
817830,451,451.0,-44.96,-44.96,0,10.97
817835,450,450.75,-47.81,-47.81,0,10.97
817840,453,453.0,-50.12,-50.12,0,10.97
817845,453,452.28,-51.92,-51.92,0,10.97
817850,453,452.99,-53.26,-53.26,0,10.97
817855,458,458.69,-54.17,-54.17,0,10.97
817860,461,461.02,-54.7,-54.43,0,10.97
817865,462,461.34,-54.88,-54.43,0,10.97
817870,469,468.98,-54.78,-54.43,0,10.97
817875,470,470.64,-54.43,-54.43,0,10.97
817880,473,473.03,-53.88,-53.88,0,10.97
817885,477,476.38,-53.19,-53.19,0,10.97
817890,479,478.97,-52.38,-52.38,0,10.97
817895,482,482.6,-51.52,-51.52,0,10.97
817900,481,481.03,-50.63,-50.63,0,10.97
817905,486,485.41,-49.76,-49.76,0,10.97
817910,486,485.97,-48.93,-48.93,0,10.97
817915,487,487.57,-48.19,-48.19,0,10.97
817920,485,485.03,-47.54,-47.54,0,10.97
817925,483,482.44,-47.02,-47.02,0,10.97
817930,484,483.98,-46.64,-46.64,0,10.97
817935,483,483.55,-46.41,-46.64,0,10.97
817940,481,481.02,-46.34,-46.64,0,10.97
817945,477,476.45,-46.45,-46.64,0,10.97
817950,477,476.99,-46.72,-46.72,0,10.97
817955,474,474.55,-47.16,-47.16,0,10.97
817960,470,470.01,-47.76,-47.76,0,10.97
817965,467,466.45,-48.53,-48.53,0,10.97
817970,465,465.0,-49.44,-49.44,0,10.97
817975,462,462.56,-50.49,-50.49,0,10.97
817980,459,458.99,-51.66,-51.66,0,10.97
817985,455,454.43,-52.95,-52.95,0,10.97
817990,451,451.02,-54.35,-54.35,0,10.97
817995,450,450.59,-55.82,-55.82,0,10.97
818000,448,447.97,-57.38,-57.38,0,10.97
818005,465,464.41,-58.99,-58.99,0,10.97
818010,441,441.03,-60.65,-60.65,0,10.97
818015,440,440.57,-62.35,-62.35,0,10.97
818020,439,438.97,-64.06,-64.06,0,10.97
818025,437,436.47,-65.79,-65.79,0,10.97
818030,434,434.02,-67.51,-67.51,0,10.97
818035,435,435.49,-69.22,-69.22,0,10.97
818040,434,433.98,-70.9,-70.9,0,10.97
818045,432,431.54,-72.56,-72.56,0,10.97
818050,432,432.01,-74.19,-74.19,0,10.97
818055,432,432.43,-75.77,-75.77,0,10.97
818060,432,432.0,-77.31,-77.31,0,10.97
818065,431,430.6,-78.8,-78.8,0,10.97
818070,429,428.99,-80.23,-80.23,0,10.97
818075,431,431.38,-81.61,-81.61,0,10.97
818080,430,430.03,-82.93,-82.93,0,10.97
818085,431,430.65,-84.19,-84.19,0,10.97
818090,432,431.96,-85.39,-85.39,0,10.97
818095,433,433.33,-86.51,-86.51,0,10.97
818100,435,435.06,-87.56,-87.56,0,10.97
818105,433,432.69,-88.53,-88.53,0,10.97
818110,433,432.93,-89.41,-89.41,0,10.97
818115,435,435.29,-90.19,-90.19,0,10.97
818120,435,435.1,-90.86,-90.86,0,10.97
818125,438,437.73,-91.42,-91.42,0,10.97
818130,435,434.88,-91.83,-91.83,0,10.97
818135,438,438.25,-92.1,-91.83,0,10.97
818140,438,438.14,-92.19,-91.83,0,10.97
818145,439,438.77,-92.08,-91.83,0,10.97
818150,463,462.85,-91.76,-91.76,0,10.97
818155,440,440.21,-91.19,-91.19,0,10.97
818160,441,441.13,-90.35,-90.35,0,10.97
818165,441,440.81,-89.19,-89.19,0,10.97
818170,440,439.9,-87.7,-87.7,0,10.97
818175,441,441.18,-85.82,-85.82,0,10.97
818180,445,445.07,-83.52,-83.52,0,10.97
818185,440,439.84,-80.77,-80.77,0,10.97
818190,442,441.96,-77.53,-77.53,0,10.97
818195,443,443.14,-73.77,-73.77,0,10.97
818200,443,443.02,-69.44,-69.44,0,10.97
818205,441,440.87,-64.53,-64.53,0,10.97
818210,440,440.0,-58.99,-58.99,0,10.97
818215,441,441.13,-52.82,-52.82,0,10.97
818220,445,444.98,-45.98,-45.98,0,10.97
818225,444,443.88,-38.48,-38.48,0,10.97
818230,442,442.02,-30.3,-30.3,0,10.97
818235,445,445.1,-21.46,-21.46,0,10.97
818240,446,445.97,-11.97,-11.97,0,10.97
818245,449,448.91,-1.86,-1.86,0,10.97
818250,456,456.04,8.84,8.84,0,10.97
818255,468,468.09,20.06,20.06,0,10.97
818260,481,480.96,31.75,31.75,0,10.97
818265,496,495.92,43.81,43.81,0,10.97
818270,518,518.04,56.18,56.18,0,10.97
818275,541,541.08,68.72,68.72,0,10.97
818280,565,564.96,81.35,81.35,0,10.97
818285,592,591.92,93.93,93.93,0,10.97
818290,617,617.04,106.35,106.35,0,10.97
818295,643,643.08,118.47,118.47,0,10.97
818300,668,667.95,130.18,130.18,0,10.97
818305,690,689.91,141.34,141.34,0,10.97
818310,707,707.04,151.85,151.85,0,10.97
818315,727,727.08,161.59,161.59,0,10.97
818320,741,740.96,170.47,170.47,0,10.97
818325,749,748.91,178.4,178.4,0,10.97
818330,759,759.03,185.31,185.31,0,10.97
818335,763,763.09,191.13,191.13,0,10.97
818340,766,765.97,195.83,195.83,0,10.97
818345,767,766.9,199.38,199.38,0,10.97
818350,767,767.02,201.75,201.75,0,10.97
818355,757,757.1,202.95,201.75,0,10.97
818360,753,752.98,202.99,201.75,0,10.97
818365,745,744.9,201.9,201.75,0,10.97
818370,736,736.02,199.7,199.7,0,10.97
818375,727,727.1,196.45,196.45,0,10.97
818380,715,714.97,192.21,192.21,0,10.97
818385,706,705.91,187.03,187.03,0,10.97
818390,695,695.03,180.98,180.98,0,10.97
818395,685,685.09,174.13,174.13,0,10.97
818400,671,670.96,166.57,166.57,0,10.97
818405,661,660.9,158.38,158.38,0,10.97
818410,648,648.05,149.63,149.63,0,10.97
818415,639,639.1,140.41,140.41,0,10.97
818420,629,628.95,130.81,130.81,0,10.97
818425,616,615.9,120.9,120.9,0,10.97
818430,606,606.05,110.76,110.76,0,10.97
818435,596,596.11,100.48,100.48,0,10.97
818440,587,586.95,90.12,90.12,0,10.97
818445,577,576.88,79.77,79.77,0,10.97
818450,571,571.06,69.49,69.49,0,10.97
818455,558,558.12,59.35,59.35,0,10.97
818460,549,548.94,49.41,49.41,0,10.97
818465,539,538.87,39.73,39.73,0,10.97
818470,529,529.07,30.36,30.36,0,10.97
818475,519,519.14,21.36,21.36,0,10.97
818480,508,507.92,12.77,12.77,0,10.97
818485,499,498.85,4.64,4.64,0,10.97
818490,488,488.09,-3.01,-3.01,0,10.97
818495,484,484.16,-10.15,-10.15,0,10.97
818500,474,473.9,-16.74,-16.74,0,10.97
818505,467,466.83,-22.79,-22.79,0,10.97
818510,463,463.1,-28.26,-28.26,0,10.97
818515,458,458.19,-33.17,-33.17,0,10.97
818520,453,452.89,-37.51,-37.51,0,10.97
818525,454,453.8,-41.3,-41.3,0,10.97
818530,452,452.13,-44.56,-44.56,0,10.97
818535,453,453.22,-47.29,-47.29,0,10.97
818540,452,451.86,-49.54,-49.54,0,10.97
818545,453,452.76,-51.32,-51.32,0,10.97
818550,456,456.16,-52.69,-52.69,0,10.97
818555,457,457.26,-53.67,-53.67,0,10.97
818560,459,458.83,-54.3,-54.3,0,10.97
818565,462,461.72,-54.64,-54.3,0,10.97
818570,461,461.19,-54.72,-54.3,0,10.97
818575,467,467.31,-54.58,-54.3,0,10.97
818580,471,470.79,-54.28,-54.28,0,10.97
818585,474,473.67,-53.85,-53.85,0,10.97
818590,475,475.22,-53.33,-53.33,0,10.97
818595,475,475.35,-52.78,-52.78,0,10.97
818600,479,478.77,-52.21,-52.21,0,10.97
818605,480,479.64,-51.66,-51.66,0,10.97
818610,479,479.23,-51.17,-51.17,0,10.97
818615,479,479.38,-50.75,-50.75,0,10.97
818620,485,484.76,-50.44,-50.44,0,10.97
818625,477,476.61,-50.24,-50.44,0,10.97
818630,477,477.23,-50.17,-50.44,0,10.97
818635,475,475.41,-50.24,-50.44,0,10.97
818640,473,472.77,-50.44,-50.44,0,10.97
818645,470,469.57,-50.8,-50.8,0,10.97
818650,468,468.22,-51.29,-51.29,0,10.97
818655,464,464.45,-51.92,-51.92,0,10.97
818660,464,463.79,-52.68,-52.68,0,10.97
818665,459,458.53,-53.57,-53.57,0,10.97
818670,458,458.21,-54.55,-54.55,0,10.97
818675,452,452.49,-55.64,-55.64,0,10.97
818680,450,449.8,-56.81,-56.81,0,10.97
818685,449,448.49,-58.04,-58.04,0,10.97
818690,445,445.2,-59.32,-59.32,0,10.97
818695,443,443.53,-60.64,-60.64,0,10.97
818700,441,440.81,-61.99,-61.99,0,10.97
818705,438,437.45,-63.34,-63.34,0,10.97
818710,436,436.19,-64.69,-64.69,0,10.97
818715,429,429.57,-66.02,-66.02,0,10.97
818720,433,432.81,-67.32,-67.32,0,10.97
818725,432,431.42,-68.58,-68.58,0,10.97
818730,431,431.18,-69.8,-69.8,0,10.97
818735,428,428.59,-70.97,-70.97,0,10.97
818740,431,430.82,-72.08,-72.08,0,10.97
818745,428,427.4,-73.14,-73.14,0,10.97
818750,428,428.17,-74.13,-74.13,0,10.97
818755,425,425.6,-75.07,-75.07,0,10.97
818760,428,427.83,-75.94,-75.94,0,10.97
818765,427,426.39,-76.76,-76.76,0,10.97
818770,427,427.16,-77.53,-77.53,0,10.97
818775,424,424.61,-78.24,-78.24,0,10.97
818780,428,427.85,-78.91,-78.91,0,10.97
818785,431,430.39,-79.54,-79.54,0,10.97
818790,428,428.14,-80.14,-80.14,0,10.97
818795,426,426.6,-80.71,-80.71,0,10.97
818800,428,427.86,-81.27,-81.27,0,10.97
818805,428,427.41,-81.8,-81.8,0,10.97
818810,429,429.13,-82.33,-82.33,0,10.97
818815,430,430.58,-82.85,-82.85,0,10.97
818820,430,429.88,-83.37,-83.37,0,10.97
818825,437,436.43,-83.89,-83.89,0,10.97
818830,431,431.12,-84.41,-84.41,0,10.97
818835,433,433.55,-84.94,-84.94,0,10.97
818840,432,431.89,-85.47,-85.47,0,10.97
818845,434,433.47,-85.99,-85.99,0,10.97
818850,434,434.11,-86.51,-86.51,0,10.97
818855,434,434.51,-87.01,-87.01,0,10.97
818860,435,434.9,-87.48,-87.48,0,10.97
818865,438,437.51,-87.9,-87.9,0,10.97
818870,436,436.1,-88.28,-88.28,0,10.97
818875,436,436.47,-88.57,-88.57,0,10.97
818880,439,438.91,-88.77,-88.57,0,10.97
818885,439,438.56,-88.85,-88.57,0,10.97
818890,439,439.09,-88.79,-88.57,0,10.97
818895,440,440.42,-88.54,-88.54,0,10.97
818900,440,439.92,-88.1,-88.1,0,10.97
818905,440,439.61,-87.41,-87.41,0,10.97
818910,441,441.07,-86.44,-86.44,0,10.97
818915,443,443.37,-85.16,-85.16,0,10.97
818920,443,442.93,-83.53,-83.53,0,10.97
818925,443,442.64,-81.5,-81.5,0,10.97
818930,441,441.06,-79.04,-79.04,0,10.97
818935,441,441.34,-76.1,-76.1,0,10.97
818940,443,442.96,-72.65,-72.65,0,10.97
818945,441,440.68,-68.64,-68.64,0,10.97
818950,442,442.03,-64.04,-64.04,0,10.97
818955,440,440.3,-58.81,-58.81,0,10.97
818960,442,441.99,-52.93,-52.93,0,10.97
818965,441,440.71,-46.37,-46.37,0,10.97
818970,442,442.0,-39.12,-39.12,0,10.97
818975,441,441.27,-31.16,-31.16,0,10.97
818980,441,441.02,-22.49,-22.49,0,10.97
818985,443,442.75,-13.13,-13.13,0,10.97
818990,448,447.98,-3.1,-3.1,0,10.97
818995,451,451.23,7.58,7.58,0,10.97
819000,460,460.04,18.85,18.85,0,10.97
819005,470,469.79,30.65,30.65,0,10.97
819010,487,486.96,42.92,42.92,0,10.97
819015,507,507.2,55.56,55.56,0,10.97
819020,527,527.05,68.48,68.48,0,10.97
819025,553,552.81,81.55,81.55,0,10.97
819030,579,578.95,94.67,94.67,0,10.97
819035,605,605.18,107.7,107.7,0,10.97
819040,634,634.06,120.51,120.51,0,10.97
819045,660,659.83,132.97,132.97,0,10.97
819050,691,690.94,144.96,144.96,0,10.97
819055,706,706.16,156.33,156.33,0,10.97
819060,727,727.05,166.97,166.97,0,10.97
819065,744,743.86,176.78,176.78,0,10.97
819070,757,756.95,185.66,185.66,0,10.97
819075,767,767.12,193.52,193.52,0,10.97
819080,774,774.03,200.28,200.28,0,10.97
819085,779,778.89,205.91,205.91,0,10.97
819090,780,779.98,210.34,210.34,0,10.97
819095,782,782.09,213.57,213.57,0,10.97
819100,777,777.01,215.57,214.38,0,10.97
819105,770,769.91,216.36,214.38,0,10.97
819110,764,763.99,215.95,214.38,0,10.97
819115,754,754.08,214.38,214.38,0,10.97
819120,747,747.0,211.68,211.68,0,10.97
819125,733,732.93,207.92,207.92,0,10.97
819130,722,722.01,203.14,203.14,0,10.97
819135,711,711.06,197.44,197.44,0,10.97
819140,695,694.99,190.87,190.87,0,10.97
819145,687,686.94,183.52,183.52,0,10.97
819150,674,674.02,175.47,175.47,0,10.97
819155,662,662.05,166.8,166.8,0,10.97
819160,650,649.97,157.61,157.61,0,10.97
819165,642,641.96,147.97,147.97,0,10.97
819170,631,631.05,137.98,137.98,0,10.97
819175,618,618.03,127.71,127.71,0,10.97
819180,612,611.94,117.24,117.24,0,10.97
819185,601,600.99,106.66,106.66,0,10.97
819190,590,590.08,96.04,96.04,0,10.97
819195,580,579.99,85.45,85.45,0,10.97
819200,572,571.91,74.97,74.97,0,10.97
819205,565,565.03,64.65,64.65,0,10.97
819210,552,552.09,54.56,54.56,0,10.97
819215,543,542.94,44.76,44.76,0,10.97
819220,531,530.89,35.3,35.3,0,10.97
819225,520,520.09,26.23,26.23,0,10.97
819230,511,511.12,17.6,17.6,0,10.97
819235,501,500.89,9.44,9.44,0,10.97
819240,494,493.87,1.79,1.79,0,10.97
819245,484,484.14,-5.33,-5.33,0,10.97
819250,474,474.13,-11.89,-11.89,0,10.97
819255,471,470.84,-17.89,-17.89,0,10.97
819260,465,464.87,-23.31,-23.31,0,10.97
819265,459,459.19,-28.15,-28.15,0,10.97
819270,459,459.14,-32.43,-32.43,0,10.97
819275,462,461.79,-36.14,-36.14,0,10.97
819280,455,454.86,-39.32,-39.32,0,10.97
819285,457,457.22,-41.99,-41.99,0,10.97
819290,458,458.15,-44.17,-44.17,0,10.97
819295,460,459.78,-45.9,-45.9,0,10.97
819300,462,461.85,-47.22,-47.22,0,10.97
819305,462,462.23,-48.16,-48.16,0,10.97
819310,465,465.16,-48.77,-48.77,0,10.97
819315,468,467.77,-49.09,-48.77,0,10.97
819320,470,469.83,-49.17,-48.77,0,10.97
819325,472,472.24,-49.04,-48.77,0,10.97
819330,475,475.17,-48.76,-48.76,0,10.97
819335,477,476.76,-48.36,-48.36,0,10.97
819340,480,479.82,-47.89,-47.89,0,10.97
819345,480,480.24,-47.38,-47.38,0,10.97
819350,481,481.18,-46.86,-46.86,0,10.97
819355,481,480.75,-46.38,-46.38,0,10.97
819360,482,481.81,-45.95,-45.95,0,10.97
819365,482,482.25,-45.6,-45.6,0,10.97
819370,479,479.19,-45.35,-45.36,0,10.97
819375,478,477.74,-45.22,-45.36,0,10.97
819380,478,477.81,-45.22,-45.36,0,10.97
819385,476,476.28,-45.36,-45.36,0,10.97
819390,476,476.19,-45.66,-45.66,0,10.97
819395,472,471.71,-46.1,-46.1,0,10.97
819400,480,479.81,-46.69,-46.69,0,10.97
819405,466,466.3,-47.43,-47.43,0,10.97
819410,464,464.18,-48.32,-48.32,0,10.97
819415,461,460.68,-49.34,-49.34,0,10.97
819420,458,457.85,-50.48,-50.48,0,10.97
819425,456,456.33,-51.74,-51.74,0,10.97
819430,453,453.13,-53.09,-53.09,0,10.97
819435,449,448.65,-54.54,-54.54,0,10.97
819440,446,445.88,-56.05,-56.05,0,10.97
819445,444,444.37,-57.63,-57.63,0,10.97
819450,443,443.1,-59.25,-59.25,0,10.97
819455,441,440.62,-60.91,-60.91,0,10.97
819460,437,436.91,-62.59,-62.59,0,10.97
819465,437,437.4,-64.29,-64.29,0,10.97
819470,435,435.08,-65.98,-65.98,0,10.97
819475,434,433.58,-67.67,-67.67,0,10.97
819480,432,431.93,-69.33,-69.33,0,10.97
819485,431,431.44,-70.98,-70.98,0,10.97
819490,430,430.06,-72.59,-72.59,0,10.97
819495,430,429.54,-74.16,-74.16,0,10.97
819500,427,426.95,-75.7,-75.7,0,10.97
819505,425,425.48,-77.18,-77.18,0,10.97
819510,427,427.05,-78.62,-78.62,0,10.97
819515,422,421.5,-80.0,-80.0,0,10.97
819520,425,424.96,-81.33,-81.33,0,10.97
819525,423,423.52,-82.61,-82.61,0,10.97
819530,423,423.04,-83.83,-83.83,0,10.97
819535,422,421.45,-84.99,-84.99,0,10.97
819540,424,423.97,-86.1,-86.1,0,10.97
819545,421,421.58,-87.14,-87.14,0,10.97
819550,422,422.02,-88.13,-88.13,0,10.97
819555,417,416.39,-89.07,-89.07,0,10.97
819560,421,420.98,-89.94,-89.94,0,10.97
819565,417,417.64,-90.75,-90.75,0,10.97
819570,421,421.01,-91.5,-91.5,0,10.97
819575,425,424.33,-92.19,-92.19,0,10.97
819580,422,422.0,-92.81,-92.81,0,10.97
819585,424,424.7,-93.36,-93.36,0,10.97
819590,427,426.99,-93.83,-93.83,0,10.97
819595,426,425.27,-94.22,-94.22,0,10.97
819600,427,427.01,-94.51,-94.51,0,10.97
819605,429,429.76,-94.71,-94.52,0,10.97
819610,429,428.99,-94.78,-94.52,0,10.97
819615,432,431.21,-94.73,-94.52,0,10.97
819620,433,433.01,-94.52,-94.52,0,10.97
819625,430,430.82,-94.15,-94.15,0,10.97
819630,432,431.98,-93.58,-93.58,0,10.97
819635,436,435.15,-92.8,-92.8,0,10.97
819640,438,438.03,-91.77,-91.77,0,10.97
819645,438,438.87,-90.47,-90.47,0,10.97
819650,442,441.96,-88.86,-88.86,0,10.97
819655,443,442.1,-86.92,-86.92,0,10.97
819660,443,443.05,-84.6,-84.6,0,10.97
819665,418,418.91,-81.88,-81.88,0,10.97
819670,444,443.94,-78.72,-78.72,0,10.97
819675,444,443.11,-75.07,-75.07,0,10.97
819680,442,442.07,-70.92,-70.92,0,10.97
819685,442,442.85,-66.22,-66.22,0,10.97
819690,443,442.93,-60.96,-60.96,0,10.97
819695,443,442.19,-55.09,-55.09,0,10.97
819700,438,438.08,-48.61,-48.61,0,10.97
819705,443,443.77,-41.5,-41.5,0,10.97
819710,441,440.93,-33.74,-33.74,0,10.97
819715,441,440.27,-25.34,-25.34,0,10.97
819720,443,443.07,-16.31,-16.31,0,10.97
819725,446,446.7,-6.66,-6.66,0,10.97
819730,452,451.94,3.57,3.57,0,10.97
819735,457,456.33,14.34,14.34,0,10.97
819740,470,470.06,25.6,25.6,0,10.97
819745,484,484.66,37.27,37.27,0,10.97
819750,501,500.95,49.28,49.28,0,10.97
819755,522,521.37,61.52,61.52,0,10.97
819760,545,545.05,73.9,73.9,0,10.97
819765,569,569.62,86.3,86.3,0,10.97
819770,596,595.96,98.61,98.61,0,10.97
819775,622,621.4,110.69,110.69,0,10.97
819780,646,646.04,122.42,122.42,0,10.97
819785,671,671.58,133.68,133.68,0,10.97
819790,693,692.97,144.35,144.35,0,10.97
819795,712,711.43,154.32,154.32,0,10.97
819800,725,725.02,163.48,163.48,0,10.97
819805,741,741.55,171.73,171.73,0,10.97
819810,749,748.99,179.0,179.0,0,10.97
819815,761,760.46,185.22,185.22,0,10.97
819820,762,761.99,190.33,190.33,0,10.97
819825,763,763.52,194.31,194.31,0,10.97
819830,763,763.01,197.11,197.11,0,10.97
819835,759,758.5,198.75,197.11,0,10.97
819840,752,751.97,199.22,197.11,0,10.97
819845,746,746.48,198.54,197.11,0,10.97
819850,737,737.04,196.75,196.75,0,10.97
819855,728,727.54,193.88,193.88,0,10.97
819860,716,715.94,190.0,190.0,0,10.97
819865,704,704.45,185.16,185.16,0,10.97
819870,692,692.08,179.43,179.43,0,10.97
819875,680,679.57,172.89,172.89,0,10.97
819880,669,668.91,165.62,165.62,0,10.97
819885,654,654.41,157.7,157.7,0,10.97
819890,645,645.11,149.2,149.2,0,10.97
819895,636,635.61,140.22,140.22,0,10.97
819900,627,626.88,130.85,130.85,0,10.97
819905,614,614.36,121.15,121.15,0,10.97
819910,603,603.13,111.22,111.22,0,10.97
819915,594,593.66,101.13,101.13,0,10.97
819920,585,584.87,90.96,90.96,0,10.97
819925,577,577.32,80.79,80.79,0,10.97
819930,566,566.14,70.69,70.69,0,10.97
819935,558,557.7,60.72,60.72,0,10.97
819940,549,548.86,50.94,50.94,0,10.97
819945,539,539.28,41.42,41.42,0,10.97
819950,530,530.14,32.22,32.22,0,10.97
819955,520,519.74,23.38,23.38,0,10.97
819960,509,508.86,14.95,14.95,0,10.97
819965,499,499.24,6.97,6.97,0,10.97
819970,491,491.15,-0.52,-0.52,0,10.97
819975,482,481.78,-7.5,-7.5,0,10.97
819980,474,473.85,-13.93,-13.93,0,10.97
819985,468,468.21,-19.8,-19.8,0,10.97
819990,466,466.17,-25.11,-25.11,0,10.97
819995,458,457.81,-29.84,-29.84,0,10.97
820000,455,454.82,-34.0,-34.0,0,10.97
820005,454,454.17,-37.6,-37.6,0,10.97
820010,451,451.2,-40.66,-40.66,0,10.97
820015,451,450.85,-43.2,-43.2,0,10.97
820020,455,454.78,-45.25,-45.25,0,10.97
820025,458,458.15,-46.83,-46.83,0,10.97
820030,455,455.23,-47.99,-47.99,0,10.97
820035,459,458.86,-48.77,-48.77,0,10.97
820040,466,465.77,-49.2,-48.93,0,10.97
820045,467,467.14,-49.34,-48.93,0,10.97
820050,464,464.23,-49.24,-48.93,0,10.97
820055,473,472.85,-48.93,-48.93,0,10.97
820060,475,474.78,-48.46,-48.46,0,10.97
820065,478,478.15,-47.88,-47.88,0,10.97
820070,483,483.21,-47.23,-47.23,0,10.97
820075,484,483.85,-46.55,-46.55,0,10.97
820080,484,483.8,-45.89,-45.89,0,10.97
820085,487,487.15,-45.26,-45.26,0,10.97
820090,485,485.2,-44.71,-44.71,0,10.97
820095,486,485.84,-44.26,-44.26,0,10.97
820100,485,484.81,-43.93,-43.93,0,10.97
820105,483,483.16,-43.74,-43.93,0,10.97
820110,482,482.19,-43.69,-43.93,0,10.97
820115,481,480.83,-43.81,-43.93,0,10.97
820120,477,476.82,-44.1,-44.1,0,10.97
820125,475,475.17,-44.55,-44.55,0,10.97
820130,471,471.18,-45.17,-45.17,0,10.97
820135,468,467.83,-45.95,-45.95,0,10.97
820140,465,464.83,-46.89,-46.89,0,10.97
820145,464,464.17,-47.97,-47.97,0,10.97
820150,459,459.17,-49.19,-49.19,0,10.97
820155,456,455.82,-50.53,-50.53,0,10.97
820160,453,452.84,-51.98,-51.98,0,10.97
820165,450,450.19,-53.53,-53.53,0,10.97
820170,448,448.16,-55.17,-55.17,0,10.97
820175,445,444.8,-56.87,-56.87,0,10.97
820180,443,442.84,-58.63,-58.63,0,10.97
820185,440,440.21,-60.43,-60.43,0,10.97
820190,438,438.16,-62.27,-62.27,0,10.97
820195,437,436.78,-64.12,-64.12,0,10.97
820200,435,434.84,-65.98,-65.98,0,10.97
820205,434,434.23,-67.84,-67.84,0,10.97
820210,433,433.16,-69.69,-69.69,0,10.97
820215,433,432.76,-71.52,-71.52,0,10.97
820220,430,429.84,-73.32,-73.32,0,10.97
820225,433,433.25,-75.09,-75.09,0,10.97
820230,430,430.16,-76.82,-76.82,0,10.97
820235,431,430.74,-78.5,-78.5,0,10.97
820240,434,433.84,-80.13,-80.13,0,10.97
820245,431,431.28,-81.7,-81.7,0,10.97
820250,428,428.15,-83.21,-83.21,0,10.97
820255,430,429.71,-84.64,-84.64,0,10.97
820260,432,431.86,-85.99,-85.99,0,10.97
820265,431,431.31,-87.25,-87.25,0,10.97
820270,431,431.12,-88.41,-88.41,0,10.97
820275,433,432.67,-89.45,-89.45,0,10.97
820280,433,432.89,-90.37,-90.37,0,10.97
820285,433,433.35,-91.15,-91.15,0,10.97
820290,433,433.09,-91.77,-91.77,0,10.97
820295,435,434.64,-92.22,-92.22,0,10.97
820300,434,433.93,-92.47,-92.22,0,10.97
820305,437,437.38,-92.5,-92.22,0,10.97
820310,437,437.05,-92.29,-92.22,0,10.97
820315,436,435.6,-91.81,-91.81,0,10.97
820320,438,437.97,-91.03,-91.03,0,10.97
820325,438,438.43,-89.93,-89.93,0,10.97
820330,438,438.02,-88.47,-88.47,0,10.97
820335,438,437.55,-86.61,-86.61,0,10.97
820340,439,439.0,-84.34,-84.34,0,10.97
820345,439,439.48,-81.61,-81.61,0,10.97
820350,439,438.98,-78.39,-78.39,0,10.97
820355,441,440.49,-74.65,-74.65,0,10.97
820360,439,439.04,-70.37,-70.37,0,10.97
820365,438,438.54,-65.51,-65.51,0,10.97
820370,439,438.95,-60.05,-60.05,0,10.97
820375,439,438.43,-53.98,-53.98,0,10.97
820380,438,438.07,-47.28,-47.28,0,10.97
820385,437,437.59,-39.95,-39.95,0,10.97
820390,439,438.91,-31.98,-31.98,0,10.97
820395,441,440.38,-23.38,-23.38,0,10.97
820400,442,442.11,-14.19,-14.19,0,10.97
820405,447,447.64,-4.43,-4.43,0,10.97
820410,461,460.89,5.86,5.86,0,10.97
820415,465,464.34,16.61,16.61,0,10.97
820420,478,478.12,27.77,27.77,0,10.97
820425,493,493.69,39.25,39.25,0,10.97
820430,513,512.89,50.95,50.95,0,10.97
820435,534,533.29,62.78,62.78,0,10.97
820440,558,558.11,74.63,74.63,0,10.97
820445,584,584.74,86.36,86.36,0,10.97
820450,609,608.89,97.87,97.87,0,10.97
820455,635,634.22,109.03,109.03,0,10.97
820460,657,657.11,119.72,119.72,0,10.97
820465,677,677.8,129.8,129.8,0,10.97
820470,695,694.89,139.19,139.19,0,10.97
820475,713,712.16,147.76,147.76,0,10.97
820480,726,726.11,155.43,155.43,0,10.97
820485,735,735.86,162.11,162.11,0,10.97
820490,742,741.88,167.74,167.74,0,10.97
820495,746,745.1,172.26,172.26,0,10.97
820500,747,747.12,175.63,175.63,0,10.97
820505,747,747.93,177.84,177.44,0,10.97
820510,743,742.87,178.87,177.44,0,10.97
820515,761,760.04,178.73,177.44,0,10.97
820520,728,728.13,177.44,177.44,0,10.97
820525,720,720.95,175.03,175.03,0,10.97
820530,709,708.87,171.56,171.56,0,10.97
820535,699,698.08,167.08,167.08,0,10.97
820540,685,685.14,161.66,161.66,0,10.97
820545,672,672.9,155.36,155.36,0,10.97
820550,660,659.86,148.29,148.29,0,10.97
820555,649,648.12,140.5,140.5,0,10.97
820560,638,638.14,132.11,132.11,0,10.97
820565,625,625.86,123.18,123.18,0,10.97
820570,619,618.85,113.83,113.83,0,10.97
820575,602,601.16,104.13,104.13,0,10.97
820580,591,591.14,94.18,94.18,0,10.97
820585,581,581.82,84.07,84.07,0,10.97
820590,570,569.86,73.88,73.88,0,10.97
820595,559,558.19,63.7,63.7,0,10.97
820600,549,549.13,53.61,53.61,0,10.97
820605,540,540.8,43.69,43.69,0,10.97
820610,531,530.88,34.01,34.01,0,10.97
820615,521,520.2,24.63,24.63,0,10.97
820620,509,509.11,15.62,15.62,0,10.97
820625,500,500.79,7.04,7.04,0,10.97
820630,489,488.9,-1.06,-1.06,0,10.97
820635,481,480.21,-8.65,-8.65,0,10.97
820640,472,472.09,-15.67,-15.67,0,10.97
820645,465,465.79,-22.11,-22.11,0,10.97
820650,458,457.92,-27.93,-27.93,0,10.97
820655,453,452.21,-33.13,-33.13,0,10.97
820660,448,448.07,-37.7,-37.7,0,10.97
820665,445,445.79,-41.64,-41.64,0,10.97
820670,445,444.95,-44.96,-44.96,0,10.97
820675,443,442.21,-47.67,-47.67,0,10.97
820680,443,443.04,-49.81,-49.81,0,10.97
820685,446,446.8,-51.41,-51.41,0,10.97
820690,449,448.98,-52.5,-52.5,0,10.97
820695,476,475.21,-53.12,-52.7,0,10.97
820700,458,458.01,-53.33,-52.7,0,10.97
820705,463,463.75,-53.18,-52.7,0,10.97
820710,467,467.01,-52.7,-52.7,0,10.97
820715,469,468.29,-51.96,-51.96,0,10.97
820720,474,473.98,-51.01,-51.01,0,10.97
820725,478,478.66,-49.9,-49.9,0,10.97
820730,481,481.04,-48.68,-48.68,0,10.97
820735,486,485.38,-47.39,-47.39,0,10.97
820740,488,487.94,-46.09,-46.09,0,10.97
820745,490,490.58,-44.82,-44.82,0,10.97
820750,493,493.07,-43.62,-43.62,0,10.97
820755,490,489.46,-42.53,-42.53,0,10.97
820760,493,492.91,-41.57,-41.57,0,10.97
820765,492,492.51,-40.78,-40.78,0,10.97
820770,492,492.11,-40.17,-40.17,0,10.97
820775,491,490.52,-39.77,-39.91,0,10.97
820780,489,488.87,-39.58,-39.91,0,10.97
820785,487,487.45,-39.63,-39.91,0,10.97
820790,485,485.15,-39.91,-39.91,0,10.97
820795,482,481.58,-40.43,-40.43,0,10.97
820800,481,480.83,-41.19,-41.19,0,10.97
820805,474,474.39,-42.17,-42.17,0,10.97
820810,473,473.19,-43.38,-43.38,0,10.97
820815,470,469.65,-44.81,-44.81,0,10.97
820820,476,475.8,-46.43,-46.43,0,10.97
820825,464,464.32,-48.25,-48.25,0,10.97
820830,462,462.2,-50.23,-50.23,0,10.97
820835,459,458.71,-52.38,-52.38,0,10.97
820840,457,456.8,-54.66,-54.66,0,10.97
820845,453,453.26,-57.05,-57.05,0,10.97
820850,449,449.19,-59.55,-59.55,0,10.97
820855,449,448.78,-62.12,-62.12,0,10.97
820860,446,445.82,-64.75,-64.75,0,10.97
820865,445,445.19,-67.42,-67.42,0,10.97
820870,446,446.18,-70.1,-70.1,0,10.97
820875,441,440.84,-72.77,-72.77,0,10.97
820880,441,440.83,-75.42,-75.42,0,10.97
820885,438,438.13,-78.02,-78.02,0,10.97
820890,437,437.17,-80.55,-80.55,0,10.97
820895,437,436.9,-82.98,-82.98,0,10.97
820900,436,435.83,-85.29,-85.29,0,10.97
820905,438,438.07,-87.47,-87.47,0,10.97
820910,436,436.16,-89.47,-89.47,0,10.97
820915,436,435.96,-91.29,-91.29,0,10.97
820920,437,436.84,-92.88,-92.88,0,10.97
820925,435,435.01,-94.23,-94.23,0,10.97
820930,435,435.16,-95.3,-95.3,0,10.97
820935,436,436.02,-96.07,-96.07,0,10.97
820940,435,434.85,-96.5,-96.07,0,10.97
820945,437,436.95,-96.56,-96.07,0,10.97
820950,436,436.15,-96.23,-96.07,0,10.97
820955,437,437.07,-95.45,-95.45,0,10.97
820960,436,435.86,-94.21,-94.21,0,10.97
820965,437,436.9,-92.46,-92.46,0,10.97
820970,437,437.14,-90.18,-90.18,0,10.97
820975,422,422.12,-87.33,-87.33,0,10.97
820980,437,436.86,-83.88,-83.88,0,10.97
820985,436,435.88,-79.8,-79.8,0,10.97
820990,436,436.14,-75.08,-75.08,0,10.97
820995,436,436.11,-69.68,-69.68,0,10.97
821000,436,435.86,-63.6,-63.6,0,10.97
821005,436,435.9,-56.83,-56.83,0,10.97
821010,436,436.14,-49.36,-49.36,0,10.97
821015,436,436.09,-41.2,-41.2,0,10.97
821020,438,437.86,-32.37,-32.37,0,10.97
821025,440,439.92,-22.89,-22.89,0,10.97
821030,445,445.14,-12.8,-12.8,0,10.97
821035,454,454.07,-2.15,-2.15,0,10.97
821040,464,463.87,9.01,9.01,0,10.97
821045,477,476.94,20.59,20.59,0,10.97
821050,493,493.13,32.5,32.5,0,10.97
821055,512,512.06,44.66,44.66,0,10.97
821060,539,538.88,56.95,56.95,0,10.97
821065,565,564.96,69.26,69.26,0,10.97
821070,589,589.12,81.45,81.45,0,10.97
821075,615,615.02,93.4,93.4,0,10.97
821080,639,638.89,104.99,104.99,0,10.97
821085,664,663.99,116.08,116.08,0,10.97
821090,685,685.1,126.56,126.56,0,10.97
821095,706,705.98,136.3,136.3,0,10.97
821100,720,719.9,145.21,145.21,0,10.97
821105,735,735.03,153.19,153.19,0,10.97
821110,745,745.09,160.15,160.15,0,10.97
821115,752,751.95,166.03,166.03,0,10.97
821120,755,754.91,170.78,170.78,0,10.97
821125,755,755.06,174.37,174.37,0,10.97
821130,753,753.09,176.76,176.76,0,10.97
821135,749,748.92,177.96,176.76,0,10.97
821140,745,744.91,177.98,176.76,0,10.97
821145,736,736.09,176.84,176.76,0,10.97
821150,726,726.08,174.57,174.57,0,10.97
821155,716,715.89,171.23,171.23,0,10.97
821160,703,702.93,166.88,166.88,0,10.97
821165,691,691.12,161.57,161.57,0,10.97
821170,681,681.07,155.39,155.39,0,10.97
821175,669,668.86,148.41,148.41,0,10.97
821180,656,655.93,140.72,140.72,0,10.97
821185,644,644.15,132.41,132.41,0,10.97
821190,630,630.06,123.57,123.57,0,10.97
821195,618,617.84,114.28,114.28,0,10.97
821200,608,607.94,104.64,104.64,0,10.97
821205,598,598.18,94.74,94.74,0,10.97
821210,589,589.05,84.66,84.66,0,10.97
821215,583,582.81,74.49,74.49,0,10.97
821220,571,570.95,64.31,64.31,0,10.97
821225,560,560.2,54.2,54.2,0,10.97
821230,548,548.04,44.23,44.23,0,10.97
821235,538,537.79,34.47,34.47,0,10.97
821240,529,528.97,25.0,25.0,0,10.97
821245,519,519.22,15.87,15.87,0,10.97
821250,509,509.02,7.15,7.15,0,10.97
821255,501,500.77,-1.13,-1.13,0,10.97
821260,490,489.99,-8.92,-8.92,0,10.97
821265,480,480.24,-16.17,-16.17,0,10.97
821270,474,474.0,-22.85,-22.85,0,10.97
821275,476,475.76,-28.96,-28.96,0,10.97
821280,462,462.01,-34.46,-34.46,0,10.97
821285,456,456.23,-39.34,-39.34,0,10.97
821290,451,450.98,-43.62,-43.62,0,10.97
821295,451,450.79,-47.29,-47.29,0,10.97
821300,451,451.04,-50.37,-50.37,0,10.97
821305,451,451.19,-52.87,-52.87,0,10.97
821310,453,452.95,-54.83,-54.83,0,10.97
821315,453,452.82,-56.28,-56.28,0,10.97
821320,458,458.07,-57.26,-57.26,0,10.97
821325,462,462.16,-57.82,-57.38,0,10.97
821330,465,464.91,-57.99,-57.38,0,10.97
821335,470,469.85,-57.82,-57.38,0,10.97
821340,474,474.11,-57.38,-57.38,0,10.97
821345,478,478.14,-56.7,-56.7,0,10.97
821350,482,481.87,-55.85,-55.85,0,10.97
821355,484,483.87,-54.86,-54.86,0,10.97
821360,486,486.15,-53.8,-53.8,0,10.97
821365,488,488.12,-52.69,-52.69,0,10.97
821370,490,489.83,-51.6,-51.6,0,10.97
821375,491,490.88,-50.55,-50.55,0,10.97
821380,492,492.19,-49.58,-49.58,0,10.97
821385,497,497.11,-48.72,-48.72,0,10.97
821390,494,493.79,-48.01,-48.01,0,10.97
821395,493,492.89,-47.46,-47.46,0,10.97
821400,491,491.22,-47.1,-47.25,0,10.97
821405,487,487.11,-46.94,-47.25,0,10.97
821410,499,498.77,-46.99,-47.25,0,10.97
821415,485,484.89,-47.25,-47.25,0,10.97
821420,482,482.22,-47.73,-47.73,0,10.97
821425,481,481.1,-48.43,-48.43,0,10.97
821430,476,475.79,-49.35,-49.35,0,10.97
821435,475,474.9,-50.47,-50.47,0,10.97
821440,472,472.2,-51.79,-51.79,0,10.97
821445,468,468.1,-53.3,-53.3,0,10.97
821450,465,464.81,-54.99,-54.99,0,10.97
821455,462,461.91,-56.83,-56.83,0,10.97
821460,459,459.18,-58.82,-58.82,0,10.97
821465,457,457.09,-60.94,-60.94,0,10.97
821470,453,452.83,-63.18,-63.18,0,10.97
821475,450,449.91,-65.51,-65.51,0,10.97
821480,451,451.16,-67.92,-67.92,0,10.97
821485,447,447.09,-70.39,-70.39,0,10.97
821490,446,445.84,-72.92,-72.92,0,10.97
821495,445,444.9,-75.47,-75.47,0,10.97
821500,441,441.16,-78.03,-78.03,0,10.97
821505,438,438.09,-80.59,-80.59,0,10.97
821510,441,440.85,-83.13,-83.13,0,10.97
821515,439,438.91,-85.64,-85.64,0,10.97
821520,440,440.15,-88.08,-88.08,0,10.97
821525,438,438.08,-90.45,-90.45,0,10.97
821530,438,437.86,-92.73,-92.73,0,10.97
821535,437,436.93,-94.89,-94.89,0,10.97
821540,436,436.14,-96.92,-96.92,0,10.97
821545,436,436.07,-98.79,-98.79,0,10.97
821550,437,436.87,-100.48,-100.48,0,10.97
821555,437,436.94,-101.97,-101.97,0,10.97
821560,436,436.12,-103.22,-103.22,0,10.97
821565,436,436.05,-104.21,-104.21,0,10.97
821570,436,435.88,-104.91,-104.91,0,10.97
821575,437,436.96,-105.29,-104.91,0,10.97
821580,437,437.11,-105.31,-104.91,0,10.97
821585,437,437.03,-104.94,-104.91,0,10.97
821590,438,437.9,-104.15,-104.15,0,10.97
821595,439,438.99,-102.9,-102.9,0,10.97
821600,439,439.1,-101.14,-101.14,0,10.97
821605,440,440.0,-98.85,-98.85,0,10.97
821610,437,436.9,-95.99,-95.99,0,10.97
821615,430,430.01,-92.52,-92.52,0,10.97
821620,439,439.1,-88.4,-88.4,0,10.97
821625,440,440.0,-83.61,-83.61,0,10.97
821630,437,436.9,-78.12,-78.12,0,10.97
821635,439,438.98,-71.91,-71.91,0,10.97
821640,438,438.1,-64.95,-64.95,0,10.97
821645,435,435.03,-57.24,-57.24,0,10.97
821650,440,439.89,-48.78,-48.78,0,10.97
821655,440,439.96,-39.56,-39.56,0,10.97
821660,442,442.11,-29.61,-29.61,0,10.97
821665,448,448.05,-18.96,-18.96,0,10.97
821670,453,452.89,-7.64,-7.64,0,10.97
821675,462,461.95,4.29,4.29,0,10.97
821680,475,475.12,16.77,16.77,0,10.97
821685,488,488.07,29.71,29.71,0,10.97
821690,510,509.88,43.02,43.02,0,10.97
821695,535,534.93,56.6,56.6,0,10.97
821700,561,561.13,70.33,70.33,0,10.97
821705,590,590.07,84.08,84.08,0,10.97
821710,619,618.87,97.72,97.72,0,10.97
821715,646,645.92,111.13,111.13,0,10.97
821720,673,673.13,124.15,124.15,0,10.97
821725,698,698.08,136.67,136.67,0,10.97
821730,718,717.86,148.55,148.55,0,10.97
821735,739,738.91,159.68,159.68,0,10.97
821740,753,753.15,169.96,169.96,0,10.97
821745,766,766.09,179.28,179.28,0,10.97
821750,777,776.84,187.56,187.56,0,10.97
821755,783,782.9,194.74,194.74,0,10.97
821760,786,786.16,200.77,200.77,0,10.97
821765,787,787.1,205.6,205.6,0,10.97
821770,786,785.83,209.21,209.21,0,10.97
821775,782,781.89,211.6,211.54,0,10.97
821780,775,775.17,212.77,211.54,0,10.97
821785,769,769.11,212.74,211.54,0,10.97
821790,761,760.83,211.54,211.54,0,10.97
821795,754,753.89,209.21,209.21,0,10.97
821800,742,742.17,205.8,205.8,0,10.97
821805,731,731.11,201.38,201.38,0,10.97
821810,723,722.83,196.0,196.0,0,10.97
821815,711,710.9,189.73,189.73,0,10.97
821820,700,700.17,182.66,182.66,0,10.97
821825,688,688.09,174.85,174.85,0,10.97
821830,677,676.83,166.39,166.39,0,10.97
821835,668,667.91,157.35,157.35,0,10.97
821840,660,660.17,147.83,147.83,0,10.97
821845,648,648.08,137.89,137.89,0,10.97
821850,639,638.82,127.62,127.62,0,10.97
821855,630,629.93,117.1,117.1,0,10.97
821860,619,619.18,106.41,106.41,0,10.97
821865,611,611.06,95.61,95.61,0,10.97
821870,602,601.81,84.78,84.78,0,10.97
821875,591,590.95,74.0,74.0,0,10.97
821880,581,581.19,63.32,63.32,0,10.97
821885,569,569.04,52.82,52.82,0,10.97
821890,558,557.8,42.56,42.56,0,10.97
821895,545,544.97,32.6,32.6,0,10.97
821900,534,534.21,22.99,22.99,0,10.97
821905,521,521.02,13.78,13.78,0,10.97
821910,511,510.79,5.02,5.02,0,10.97
821915,499,498.99,-3.25,-3.25,0,10.97
821920,490,490.22,-10.99,-10.99,0,10.97
821925,482,482.01,-18.19,-18.19,0,10.97
821930,475,474.78,-24.82,-24.82,0,10.97
821935,468,468.0,-30.86,-30.86,0,10.97
821940,463,463.23,-36.32,-36.32,0,10.97
821945,461,460.99,-41.19,-41.19,0,10.97
821950,459,458.77,-45.48,-45.48,0,10.97
821955,458,458.01,-49.21,-49.21,0,10.97
821960,451,451.23,-52.4,-52.4,0,10.97
821965,459,458.98,-55.08,-55.08,0,10.97
821970,459,458.78,-57.27,-57.27,0,10.97
821975,461,461.02,-59.02,-59.02,0,10.97
821980,464,464.21,-60.37,-60.37,0,10.97
821985,466,465.98,-61.36,-61.36,0,10.97
821990,468,467.8,-62.03,-62.03,0,10.97
821995,467,467.02,-62.44,-62.44,0,10.97
822000,474,474.19,-62.62,-62.44,0,10.97
822005,476,475.98,-62.61,-62.44,0,10.97
822010,477,476.82,-62.48,-62.44,0,10.97
822015,478,478.01,-62.25,-62.25,0,10.97
822020,478,478.18,-61.96,-61.96,0,10.97
822025,480,480.0,-61.66,-61.66,0,10.97
822030,482,481.83,-61.37,-61.37,0,10.97
822035,480,479.98,-61.12,-61.12,0,10.97
822040,479,479.15,-60.95,-61.03,0,10.97
822045,479,479.03,-60.86,-61.03,0,10.97
822050,477,476.86,-60.89,-61.03,0,10.97
822055,475,474.96,-61.03,-61.03,0,10.97
822060,472,472.12,-61.31,-61.31,0,10.97
822065,469,469.05,-61.72,-61.72,0,10.97
822070,466,465.89,-62.28,-62.28,0,10.97
822075,464,463.94,-62.98,-62.98,0,10.97
822080,458,458.1,-63.81,-63.81,0,10.97
822085,455,455.07,-64.78,-64.78,0,10.97
822090,454,453.92,-65.88,-65.88,0,10.97
822095,452,451.92,-67.09,-67.09,0,10.97
822100,447,447.06,-68.42,-68.42,0,10.97
822105,445,445.08,-69.84,-69.84,0,10.97
822110,442,441.96,-71.36,-71.36,0,10.97
822115,441,440.92,-72.95,-72.95,0,10.97
822120,440,440.02,-74.62,-74.62,0,10.97
822125,436,436.08,-76.34,-76.34,0,10.97
822130,433,433.0,-78.1,-78.1,0,10.97
822135,430,429.92,-79.91,-79.91,0,10.97
822140,428,427.99,-81.73,-81.73,0,10.97
822145,427,427.09,-83.58,-83.58,0,10.97
822150,427,427.03,-85.43,-85.43,0,10.97
822155,425,424.91,-87.27,-87.27,0,10.97
822160,435,434.96,-89.11,-89.11,0,10.97
822165,424,424.09,-90.93,-90.93,0,10.97
822170,421,421.03,-92.72,-92.72,0,10.97
822175,421,420.9,-94.47,-94.47,0,10.97
822180,422,421.98,-96.18,-96.18,0,10.97
822185,421,421.11,-97.84,-97.84,0,10.97
822190,424,424.0,-99.43,-99.43,0,10.97
822195,423,422.89,-100.94,-100.94,0,10.97
822200,423,423.01,-102.37,-102.37,0,10.97
822205,421,421.12,-103.7,-103.7,0,10.97
822210,424,423.98,-104.92,-104.92,0,10.97
822215,426,425.88,-106.01,-106.01,0,10.97
822220,423,423.03,-106.95,-106.95,0,10.97
822225,422,422.11,-107.73,-107.73,0,10.97
822230,426,425.96,-108.32,-108.32,0,10.97
822235,427,426.9,-108.7,-108.32,0,10.97
822240,428,428.04,-108.85,-108.32,0,10.97
822245,427,427.08,-108.73,-108.32,0,10.97
822250,428,427.95,-108.32,-108.32,0,10.97
822255,429,428.93,-107.58,-107.58,0,10.97
822260,429,429.06,-106.47,-106.47,0,10.97
822265,431,431.05,-104.98,-104.98,0,10.97
822270,431,430.93,-103.04,-103.04,0,10.97
822275,431,430.96,-100.64,-100.64,0,10.97
822280,430,430.07,-97.72,-97.72,0,10.97
822285,432,432.02,-94.25,-94.25,0,10.97
822290,430,429.92,-90.19,-90.19,0,10.97
822295,430,429.99,-85.51,-85.51,0,10.97
822300,433,433.09,-80.17,-80.17,0,10.97
822305,427,427.0,-74.13,-74.13,0,10.97
822310,429,428.9,-67.38,-67.38,0,10.97
822315,431,431.02,-59.9,-59.9,0,10.97
822320,420,420.11,-51.66,-51.66,0,10.97
822325,434,433.96,-42.68,-42.68,0,10.97
822330,430,429.9,-32.94,-32.94,0,10.97
822335,435,435.05,-22.47,-22.47,0,10.97
822340,439,439.1,-11.31,-11.31,0,10.97
822345,448,447.94,0.52,0.52,0,10.97
822350,456,455.91,12.95,12.95,0,10.97
822355,469,469.08,25.92,25.92,0,10.97
822360,490,490.1,39.33,39.33,0,10.97
822365,513,512.93,53.1,53.1,0,10.97
822370,537,536.91,67.11,67.11,0,10.97
822375,565,565.08,81.25,81.25,0,10.97
822380,593,593.09,95.39,95.39,0,10.97
822385,624,623.92,109.38,109.38,0,10.97
822390,651,650.91,123.11,123.11,0,10.97
822395,678,678.07,136.44,136.44,0,10.97
822400,701,701.09,149.24,149.24,0,10.97
822405,724,723.92,161.38,161.38,0,10.97
822410,740,739.91,172.74,172.74,0,10.97
822415,754,754.07,183.24,183.24,0,10.97
822420,765,765.08,192.76,192.76,0,10.97
822425,775,774.93,201.24,201.24,0,10.97
822430,780,779.92,208.62,208.62,0,10.97
822435,784,784.06,214.84,214.84,0,10.97
822440,785,785.08,219.86,219.86,0,10.97
822445,784,783.95,223.68,223.68,0,10.97
822450,779,778.92,226.28,226.28,0,10.97
822455,772,772.04,227.67,226.28,0,10.97
822460,765,765.07,227.87,226.28,0,10.97
822465,758,757.97,226.91,226.28,0,10.97
822470,749,748.93,224.84,224.84,0,10.97
822475,740,740.02,221.7,221.7,0,10.97
822480,730,730.07,217.54,217.54,0,10.97
822485,722,722.0,212.43,212.43,0,10.97
822490,711,710.94,206.44,206.44,0,10.97
822495,699,698.99,199.64,199.64,0,10.97
822500,689,689.06,192.1,192.1,0,10.97
822505,679,679.03,183.9,183.9,0,10.97
822510,670,669.95,175.11,175.11,0,10.97
822515,660,659.95,165.8,165.8,0,10.97
822520,651,651.04,156.07,156.07,0,10.97
822525,641,641.07,145.97,145.97,0,10.97
822530,635,634.97,135.58,135.58,0,10.97
822535,626,625.92,124.98,124.98,0,10.97
822540,614,614.02,114.24,114.24,0,10.97
822545,604,604.1,103.42,103.42,0,10.97
822550,596,596.0,92.6,92.6,0,10.97
822555,585,584.9,81.84,81.84,0,10.97
822560,575,574.99,71.2,71.2,0,10.97
822565,556,556.11,60.75,60.75,0,10.97
822570,548,548.03,50.54,50.54,0,10.97
822575,536,535.9,40.63,40.63,0,10.97
822580,527,526.96,31.07,31.07,0,10.97
822585,515,515.1,21.91,21.91,0,10.97
822590,502,502.04,13.18,13.18,0,10.97
822595,493,492.9,4.92,4.92,0,10.97
822600,482,481.95,-2.83,-2.83,0,10.97
822605,472,472.1,-10.05,-10.05,0,10.97
822610,463,463.05,-16.73,-16.73,0,10.97
822615,460,459.91,-22.85,-22.85,0,10.97
822620,455,454.95,-28.41,-28.41,0,10.97
822625,450,450.08,-33.42,-33.42,0,10.97
822630,452,452.05,-37.88,-37.88,0,10.97
822635,449,448.93,-41.81,-41.81,0,10.97
822640,447,446.95,-45.23,-45.23,0,10.97
822645,447,447.06,-48.18,-48.18,0,10.97
822650,448,448.05,-50.68,-50.68,0,10.97
822655,448,447.96,-52.77,-52.77,0,10.97
822660,455,454.95,-54.48,-54.48,0,10.97
822665,455,455.03,-55.87,-55.87,0,10.97
822670,455,455.05,-56.96,-56.96,0,10.97
822675,458,457.97,-57.81,-57.81,0,10.97
822680,459,458.95,-58.46,-58.46,0,10.97
822685,463,463.02,-58.94,-58.94,0,10.97
822690,462,462.04,-59.31,-59.31,0,10.97
822695,464,463.98,-59.59,-59.59,0,10.97
822700,463,462.96,-59.82,-59.82,0,10.97
822705,464,464.02,-60.04,-60.04,0,10.97
822710,463,463.03,-60.26,-60.26,0,10.97
822715,481,481.0,-60.53,-60.53,0,10.97
822720,460,459.97,-60.85,-60.85,0,10.97
822725,460,459.96,-61.23,-61.23,0,10.97
822730,457,457.02,-61.71,-61.71,0,10.97
822735,454,454.09,-62.27,-62.27,0,10.97
822740,451,450.98,-62.92,-62.92,0,10.97
822745,449,448.86,-63.66,-63.66,0,10.97
822750,447,447.02,-64.49,-64.49,0,10.97
822755,445,445.2,-65.41,-65.41,0,10.97
822760,441,440.97,-66.4,-66.4,0,10.97
822765,441,440.75,-67.46,-67.46,0,10.97
822770,436,436.03,-68.57,-68.57,0,10.97
822775,433,433.3,-69.73,-69.73,0,10.97
822780,430,429.97,-70.91,-70.91,0,10.97
822785,428,427.65,-72.1,-72.1,0,10.97
822790,425,425.04,-73.29,-73.29,0,10.97
822795,398,398.38,-74.47,-74.47,0,10.97
822800,421,420.96,-75.61,-75.61,0,10.97
822805,420,419.62,-76.71,-76.71,0,10.97
822810,416,416.04,-77.75,-77.75,0,10.97
822815,416,416.36,-78.73,-78.73,0,10.97
822820,416,415.96,-79.64,-79.64,0,10.97
822825,416,415.66,-80.47,-80.47,0,10.97
822830,413,413.04,-81.22,-81.22,0,10.97
822835,413,413.32,-81.88,-81.88,0,10.97
822840,413,412.96,-82.44,-82.44,0,10.97
822845,412,411.7,-82.91,-82.91,0,10.97
822850,413,413.03,-83.28,-83.28,0,10.97
822855,411,411.28,-83.55,-83.55,0,10.97
822860,411,410.97,-83.73,-83.73,0,10.97
822865,411,410.74,-83.82,-83.73,0,10.97
822870,413,413.03,-83.81,-83.73,0,10.97
822875,414,414.24,-83.73,-83.73,0,10.97
822880,413,412.97,-83.56,-83.56,0,10.97
822885,415,414.77,-83.32,-83.32,0,10.97
822890,415,415.04,-83.02,-83.02,0,10.97
822895,415,415.21,-82.66,-82.66,0,10.97
822900,415,414.96,-82.25,-82.25,0,10.97
822905,418,417.81,-81.79,-81.79,0,10.97
822910,416,416.05,-81.31,-81.31,0,10.97
822915,418,418.18,-80.81,-80.81,0,10.97
822920,418,417.95,-80.29,-80.29,0,10.97
822925,419,418.84,-79.77,-79.77,0,10.97
822930,420,420.06,-79.26,-79.26,0,10.97
822935,419,419.14,-78.76,-78.76,0,10.97
822940,420,419.94,-78.28,-78.28,0,10.97
822945,421,420.88,-77.84,-77.84,0,10.97
822950,422,422.07,-77.44,-77.44,0,10.97
822955,423,423.1,-77.09,-77.09,0,10.97
822960,422,421.92,-76.8,-76.8,0,10.97
822965,423,422.92,-76.56,-76.56,0,10.97
822970,423,423.09,-76.4,-76.4,0,10.97
822975,426,426.06,-76.31,-76.4,0,10.97
822980,425,424.9,-76.3,-76.4,0,10.97
822985,427,426.95,-76.37,-76.4,0,10.97
822990,426,426.11,-76.52,-76.52,0,10.97
822995,427,427.03,-76.76,-76.76,0,10.97
823000,428,427.88,-77.07,-77.07,0,10.97
823005,427,426.98,-77.46,-77.46,0,10.97
823010,428,428.13,-77.92,-77.92,0,10.97
823015,428,428.0,-78.44,-78.44,0,10.97
823020,429,428.86,-79.02,-79.02,0,10.97
823025,429,429.01,-79.64,-79.64,0,10.97
823030,429,429.15,-80.3,-80.3,0,10.97
823035,430,429.98,-80.96,-80.96,0,10.97
823040,431,430.85,-81.62,-81.62,0,10.97
823045,430,430.04,-82.25,-82.25,0,10.97
823050,430,430.16,-82.83,-82.83,0,10.97
823055,432,431.95,-83.34,-83.34,0,10.97
823060,432,431.84,-83.74,-83.74,0,10.97
823065,433,433.06,-84.01,-83.74,0,10.97
823070,432,432.16,-84.1,-83.74,0,10.97
823075,436,435.93,-83.99,-83.74,0,10.97
823080,434,433.84,-83.64,-83.64,0,10.97
823085,433,433.08,-83.01,-83.01,0,10.97
823090,434,434.17,-82.05,-82.05,0,10.97
823095,441,440.92,-80.72,-80.72,0,10.97
823100,434,433.83,-78.97,-78.97,0,10.97
823105,434,434.07,-76.76,-76.76,0,10.97
823110,432,432.17,-74.05,-74.05,0,10.97
823115,433,432.95,-70.79,-70.79,0,10.97
823120,435,434.84,-66.94,-66.94,0,10.97
823125,434,434.04,-62.45,-62.45,0,10.97
823130,433,433.16,-57.28,-57.28,0,10.97
823135,432,431.97,-51.42,-51.42,0,10.97
823140,434,433.85,-44.82,-44.82,0,10.97
823145,430,430.02,-37.47,-37.47,0,10.97
823150,431,431.14,-29.35,-29.35,0,10.97
823155,431,430.99,-20.46,-20.46,0,10.97
823160,434,433.87,-10.81,-10.81,0,10.97
823165,438,438.0,-0.41,-0.41,0,10.97
823170,442,442.12,10.69,10.69,0,10.97
823175,447,447.01,22.47,22.47,0,10.97
823180,463,462.9,34.85,34.85,0,10.97
823185,478,477.99,47.75,47.75,0,10.97
823190,494,494.09,61.1,61.1,0,10.97
823195,521,521.01,74.79,74.79,0,10.97
823200,546,545.94,88.7,88.7,0,10.97
823205,576,575.99,102.7,102.7,0,10.97
823210,604,604.04,116.67,116.67,0,10.97
823215,634,634.0,130.46,130.46,0,10.97
823220,664,663.98,143.94,143.94,0,10.97
823225,690,690.0,156.97,156.97,0,10.97
823230,715,714.99,169.41,169.41,0,10.97
823235,735,734.99,181.15,181.15,0,10.97
823240,752,752.03,192.07,192.07,0,10.97
823245,763,763.0,202.05,202.05,0,10.97
823250,777,776.95,211.03,211.03,0,10.97
823255,786,786.0,218.9,218.9,0,10.97
823260,792,792.07,225.63,225.63,0,10.97
823265,793,792.99,231.16,231.16,0,10.97
823270,791,790.9,235.47,235.47,0,10.97
823275,784,784.01,238.53,238.53,0,10.97
823280,783,783.13,240.37,238.65,0,10.97
823285,776,776.0,240.98,238.65,0,10.97
823290,769,768.84,240.39,238.65,0,10.97
823295,758,758.0,238.65,238.65,0,10.97
823300,750,750.19,235.81,235.81,0,10.97
823305,737,737.01,231.92,231.92,0,10.97
823310,729,728.78,227.04,227.04,0,10.97
823315,717,716.98,221.24,221.24,0,10.97
823320,706,706.25,214.61,214.61,0,10.97
823325,693,693.02,207.21,207.21,0,10.97
823330,684,683.72,199.13,199.13,0,10.97
823335,674,673.98,190.45,190.45,0,10.97
823340,662,662.31,181.25,181.25,0,10.97
823345,652,652.01,171.6,171.6,0,10.97
823350,661,660.67,161.59,161.59,0,10.97
823355,631,630.99,151.3,151.3,0,10.97
823360,623,623.32,140.8,140.8,0,10.97
823365,615,615.01,130.16,130.16,0,10.97
823370,606,605.7,119.46,119.46,0,10.97
823375,593,592.98,108.76,108.76,0,10.97
823380,589,589.28,98.14,98.14,0,10.97
823385,576,576.02,87.64,87.64,0,10.97
823390,569,568.74,77.34,77.34,0,10.97
823395,556,555.97,67.28,67.28,0,10.97
823400,546,546.24,57.52,57.52,0,10.97
823405,535,535.04,48.11,48.11,0,10.97
823410,525,524.78,39.08,39.08,0,10.97
823415,514,513.95,30.48,30.48,0,10.97
823420,507,507.2,22.34,22.34,0,10.97
823425,494,494.06,14.68,14.68,0,10.97
823430,489,488.81,7.52,7.52,0,10.97
823435,481,480.93,0.89,0.89,0,10.97
823440,474,474.17,-5.21,-5.21,0,10.97
823445,468,468.07,-10.77,-10.77,0,10.97
823450,467,466.84,-15.81,-15.81,0,10.97
823455,462,461.92,-20.33,-20.33,0,10.97
823460,464,464.14,-24.34,-24.34,0,10.97
823465,461,461.08,-27.87,-27.87,0,10.97
823470,463,462.88,-30.95,-30.95,0,10.97
823475,462,461.92,-33.59,-33.59,0,10.97
823480,462,462.11,-35.84,-35.84,0,10.97
823485,464,464.09,-37.73,-37.73,0,10.97
823490,463,462.91,-39.31,-39.31,0,10.97
823495,467,466.91,-40.6,-40.6,0,10.97
823500,468,468.07,-41.65,-41.65,0,10.97
823505,469,469.1,-42.49,-42.49,0,10.97
823510,470,469.94,-43.18,-43.18,0,10.97
823515,472,471.9,-43.75,-43.75,0,10.97
823520,472,472.05,-44.22,-44.22,0,10.97
823525,474,474.1,-44.65,-44.65,0,10.97
823530,474,473.96,-45.05,-45.05,0,10.97
823535,475,474.89,-45.46,-45.46,0,10.97
823540,472,472.02,-45.9,-45.9,0,10.97
823545,472,472.11,-46.4,-46.4,0,10.97
823550,472,471.99,-46.96,-46.96,0,10.97
823555,471,470.89,-47.61,-47.61,0,10.97
823560,469,468.99,-48.35,-48.35,0,10.97
823565,464,464.11,-49.2,-49.2,0,10.97
823570,462,462.03,-50.14,-50.14,0,10.97
823575,455,454.9,-51.19,-51.19,0,10.97
823580,457,456.96,-52.33,-52.33,0,10.97
823585,453,453.11,-53.57,-53.57,0,10.97
823590,450,450.05,-54.88,-54.88,0,10.97
823595,448,447.89,-56.28,-56.28,0,10.97
823600,446,445.94,-57.73,-57.73,0,10.97
823605,440,440.12,-59.23,-59.23,0,10.97
823610,437,437.07,-60.76,-60.76,0,10.97
823615,435,434.88,-62.32,-62.32,0,10.97
823620,431,430.92,-63.87,-63.87,0,10.97
823625,431,431.12,-65.42,-65.42,0,10.97
823630,430,430.08,-66.94,-66.94,0,10.97
823635,426,425.87,-68.43,-68.43,0,10.97
823640,424,423.9,-69.86,-69.86,0,10.97
823645,424,424.13,-71.22,-71.22,0,10.97
823650,417,417.11,-72.51,-72.51,0,10.97
823655,420,419.86,-73.72,-73.72,0,10.97
823660,418,417.88,-74.83,-74.83,0,10.97
823665,416,416.15,-75.83,-75.83,0,10.97
823670,417,417.12,-76.73,-76.73,0,10.97
823675,419,418.85,-77.52,-77.52,0,10.97
823680,416,415.87,-78.2,-78.2,0,10.97
823685,416,416.16,-78.76,-78.76,0,10.97
823690,414,414.14,-79.2,-79.2,0,10.97
823695,416,415.85,-79.53,-79.53,0,10.97
823700,419,418.86,-79.76,-79.76,0,10.97
823705,417,417.15,-79.87,-79.76,0,10.97
823710,417,417.14,-79.89,-79.76,0,10.97
823715,418,417.84,-79.82,-79.76,0,10.97
823720,418,417.87,-79.65,-79.65,0,10.97
823725,419,419.16,-79.41,-79.41,0,10.97
823730,420,420.13,-79.1,-79.1,0,10.97
823735,418,417.84,-78.74,-78.74,0,10.97
823740,422,421.88,-78.32,-78.32,0,10.97
823745,417,417.16,-77.86,-77.86,0,10.97
823750,422,422.12,-77.37,-77.37,0,10.97
823755,423,422.84,-76.86,-76.86,0,10.97
823760,426,425.89,-76.35,-76.35,0,10.97
823765,425,425.16,-75.84,-75.84,0,10.97
823770,427,427.11,-75.35,-75.35,0,10.97
823775,427,426.84,-74.88,-74.88,0,10.97
823780,428,427.9,-74.45,-74.45,0,10.97
823785,427,427.15,-74.07,-74.07,0,10.97
823790,429,429.09,-73.74,-73.74,0,10.97
823795,429,428.85,-73.47,-73.47,0,10.97
823800,431,430.92,-73.28,-73.28,0,10.97
823805,429,429.14,-73.16,-73.28,0,10.97
823810,430,430.07,-73.12,-73.28,0,10.97
823815,431,430.87,-73.16,-73.28,0,10.97
823820,431,430.94,-73.29,-73.29,0,10.97
823825,432,432.13,-73.5,-73.5,0,10.97
823830,432,432.05,-73.8,-73.8,0,10.97
823835,433,432.88,-74.19,-74.19,0,10.97
823840,431,430.96,-74.66,-74.66,0,10.97
823845,434,434.11,-75.2,-75.2,0,10.97
823850,434,434.04,-75.8,-75.8,0,10.97
823855,435,434.89,-76.47,-76.47,0,10.97
823860,434,433.97,-77.18,-77.18,0,10.97
823865,434,434.1,-77.92,-77.92,0,10.97
823870,433,433.03,-78.68,-78.68,0,10.97
823875,434,433.91,-79.44,-79.44,0,10.97
823880,437,436.98,-80.17,-80.17,0,10.97
823885,434,434.08,-80.85,-80.85,0,10.97
823890,436,436.01,-81.46,-81.46,0,10.97
823895,436,435.92,-81.96,-81.96,0,10.97
823900,436,436.01,-82.34,-82.32,0,10.97
823905,436,436.07,-82.54,-82.32,0,10.97
823910,436,435.98,-82.55,-82.32,0,10.97
823915,436,435.94,-82.32,-82.32,0,10.97
823920,434,434.03,-81.82,-81.82,0,10.97
823925,438,438.05,-81.0,-81.0,0,10.97
823930,437,436.96,-79.82,-79.82,0,10.97
823935,438,437.96,-78.24,-78.24,0,10.97
823940,438,438.04,-76.22,-76.22,0,10.97
823945,438,438.04,-73.72,-73.72,0,10.97
823950,436,435.95,-70.69,-70.69,0,10.97
823955,436,435.97,-67.1,-67.1,0,10.97
823960,437,437.06,-62.91,-62.91,0,10.97
823965,438,438.03,-58.09,-58.09,0,10.97
823970,437,436.93,-52.6,-52.6,0,10.97
823975,436,435.97,-46.42,-46.42,0,10.97
823980,435,435.09,-39.54,-39.54,0,10.97
823985,436,436.03,-31.93,-31.93,0,10.97
823990,436,435.91,-23.61,-23.61,0,10.97
823995,437,436.97,-14.57,-14.57,0,10.97
824000,440,440.1,-4.84,-4.84,0,10.97
824005,445,445.04,5.56,5.56,0,10.97
824010,452,451.89,16.58,16.58,0,10.97
824015,464,463.96,28.17,28.17,0,10.97
824020,479,479.13,40.24,40.24,0,10.97
824025,497,497.05,52.72,52.72,0,10.97
824030,518,517.86,65.51,65.51,0,10.97
824035,541,540.95,78.5,78.5,0,10.97
824040,568,568.15,91.57,91.57,0,10.97
824045,595,595.06,104.61,104.61,0,10.97
824050,622,621.83,117.46,117.46,0,10.97
824055,650,649.93,130.02,130.02,0,10.97
824060,675,675.18,142.14,142.14,0,10.97
824065,698,698.07,153.7,153.7,0,10.97
824070,718,717.8,164.58,164.58,0,10.97
824075,740,739.92,174.67,174.67,0,10.97
824080,752,752.22,183.87,183.87,0,10.97
824085,757,757.07,192.09,192.09,0,10.97
824090,768,767.75,199.26,199.26,0,10.97
824095,773,772.94,205.33,205.33,0,10.97
824100,773,773.27,210.25,210.25,0,10.97
824105,778,778.04,214.0,214.0,0,10.97
824110,769,768.7,216.56,216.56,0,10.97
824115,768,767.96,217.94,216.56,0,10.97
824120,758,758.32,218.16,216.56,0,10.97
824125,750,750.03,217.23,216.56,0,10.97
824130,749,748.66,215.21,215.21,0,10.97
824135,729,728.98,212.14,212.14,0,10.97
824140,722,722.36,208.08,208.08,0,10.97
824145,707,707.01,203.1,203.1,0,10.97
824150,698,697.63,197.26,197.26,0,10.97
824155,689,689.0,190.65,190.65,0,10.97
824160,663,663.37,183.35,183.35,0,10.97
824165,669,668.98,175.43,175.43,0,10.97
824170,657,656.64,166.97,166.97,0,10.97
824175,644,644.03,158.05,158.05,0,10.97
824180,636,636.34,148.75,148.75,0,10.97
824185,624,623.97,139.16,139.16,0,10.97
824190,616,615.69,129.34,129.34,0,10.97
824195,606,606.04,119.37,119.37,0,10.97
824200,598,598.29,109.32,109.32,0,10.97
824205,591,590.95,99.25,99.25,0,10.97
824210,583,582.73,89.24,89.24,0,10.97
824215,573,573.05,79.33,79.33,0,10.97
824220,566,566.25,69.59,69.59,0,10.97
824225,555,554.94,60.07,60.07,0,10.97
824230,546,545.77,50.83,50.83,0,10.97
824235,537,537.06,41.9,41.9,0,10.97
824240,527,527.21,33.33,33.33,0,10.97
824245,518,517.93,25.15,25.15,0,10.97
824250,507,506.81,17.41,17.41,0,10.97
824255,499,499.07,10.13,10.13,0,10.97
824260,490,490.18,3.33,3.33,0,10.97
824265,483,482.92,-2.97,-2.97,0,10.97
824270,477,476.84,-8.75,-8.75,0,10.97
824275,473,473.08,-14.02,-14.02,0,10.97
824280,468,468.15,-18.78,-18.78,0,10.97
824285,465,464.91,-23.02,-23.02,0,10.97
824290,465,464.87,-26.77,-26.77,0,10.97
824295,462,462.1,-30.04,-30.04,0,10.97
824300,464,464.11,-32.85,-32.85,0,10.97
824305,463,462.89,-35.24,-35.24,0,10.97
824310,461,460.9,-37.22,-37.22,0,10.97
824315,466,466.12,-38.85,-38.85,0,10.97
824320,467,467.09,-40.14,-40.14,0,10.97
824325,470,469.87,-41.15,-41.15,0,10.97
824330,474,473.92,-41.91,-41.91,0,10.97
824335,473,473.14,-42.47,-42.47,0,10.97
824340,475,475.07,-42.86,-42.86,0,10.97
824345,475,474.85,-43.11,-43.11,0,10.97
824350,479,478.94,-43.28,-43.28,0,10.97
824355,480,480.16,-43.39,-43.39,0,10.97
824360,481,481.04,-43.48,-43.48,0,10.97
824365,482,481.82,-43.57,-43.57,0,10.97
824370,481,480.97,-43.69,-43.69,0,10.97
824375,480,480.19,-43.87,-43.87,0,10.97
824380,483,483.02,-44.12,-44.12,0,10.97
824385,479,478.8,-44.46,-44.46,0,10.97
824390,478,477.99,-44.9,-44.9,0,10.97
824395,475,475.21,-45.45,-45.45,0,10.97
824400,472,472.0,-46.1,-46.1,0,10.97
824405,467,466.77,-46.87,-46.87,0,10.97
824410,467,467.01,-47.74,-47.74,0,10.97
824415,464,464.25,-48.71,-48.71,0,10.97
824420,460,459.98,-49.78,-49.78,0,10.97
824425,457,456.73,-50.93,-50.93,0,10.97
824430,452,452.02,-52.16,-52.16,0,10.97
824435,450,450.29,-53.44,-53.44,0,10.97
824440,449,448.97,-54.77,-54.77,0,10.97
824445,456,455.69,-56.13,-56.13,0,10.97
824450,443,443.03,-57.52,-57.52,0,10.97
824455,439,439.31,-58.91,-58.91,0,10.97
824460,439,438.96,-60.28,-60.28,0,10.97
824465,437,436.7,-61.64,-61.64,0,10.97
824470,434,434.04,-62.96,-62.96,0,10.97
824475,432,432.29,-64.24,-64.24,0,10.97
824480,432,431.96,-65.45,-65.45,0,10.97
824485,431,430.73,-66.6,-66.6,0,10.97
824490,430,430.04,-67.68,-67.68,0,10.97
824495,430,430.26,-68.67,-68.67,0,10.97
824500,429,428.96,-69.59,-69.59,0,10.97
824505,429,428.75,-70.41,-70.41,0,10.97
824510,425,425.04,-71.15,-71.15,0,10.97
824515,425,425.24,-71.8,-71.8,0,10.97
824520,427,426.97,-72.36,-72.36,0,10.97
824525,428,427.78,-72.84,-72.84,0,10.97
824530,429,429.02,-73.23,-73.23,0,10.97
824535,429,429.2,-73.56,-73.56,0,10.97
824540,429,428.98,-73.81,-73.81,0,10.97
824545,429,428.81,-74.0,-74.0,0,10.97
824550,429,429.01,-74.14,-74.14,0,10.97
824555,430,430.17,-74.24,-74.24,0,10.97
824560,430,429.99,-74.29,-74.29,0,10.97
824565,430,429.84,-74.32,-74.31,0,10.97
824570,432,432.0,-74.33,-74.31,0,10.97
824575,429,429.14,-74.32,-74.32,0,10.97
824580,428,428.0,-74.31,-74.32,0,10.97
824585,432,431.87,-74.31,-74.32,0,10.97
824590,435,435.01,-74.32,-74.32,0,10.97
824595,433,433.11,-74.35,-74.35,0,10.97
824600,432,431.98,-74.41,-74.41,0,10.97
824605,435,434.91,-74.5,-74.5,0,10.97
824610,434,434.04,-74.63,-74.63,0,10.97
824615,435,435.07,-74.81,-74.81,0,10.97
824620,436,435.94,-75.03,-75.03,0,10.97
824625,436,435.95,-75.3,-75.3,0,10.97
824630,438,438.08,-75.61,-75.61,0,10.97
824635,439,439.03,-75.97,-75.97,0,10.97
824640,439,438.91,-76.37,-76.37,0,10.97
824645,439,438.98,-76.81,-76.81,0,10.97
824650,441,441.11,-77.27,-77.27,0,10.97
824655,442,442.0,-77.75,-77.75,0,10.97
824660,442,441.87,-78.23,-78.23,0,10.97
824665,442,442.01,-78.7,-78.7,0,10.97
824670,444,444.16,-79.13,-79.13,0,10.97
824675,443,442.98,-79.51,-79.51,0,10.97
824680,445,444.82,-79.8,-79.8,0,10.97
824685,446,446.03,-79.99,-79.8,0,10.97
824690,444,444.2,-80.05,-79.8,0,10.97
824695,446,445.95,-79.93,-79.8,0,10.97
824700,445,444.78,-79.61,-79.61,0,10.97
824705,442,442.06,-79.05,-79.05,0,10.97
824710,444,444.24,-78.2,-78.2,0,10.97
824715,444,443.93,-77.03,-77.03,0,10.97
824720,443,442.74,-75.5,-75.5,0,10.97
824725,443,443.08,-73.55,-73.55,0,10.97
824730,442,442.28,-71.16,-71.16,0,10.97
824735,442,441.92,-68.28,-68.28,0,10.97
824740,443,442.69,-64.87,-64.87,0,10.97
824745,441,441.09,-60.89,-60.89,0,10.97
824750,440,440.32,-56.31,-56.31,0,10.97
824755,442,441.91,-51.1,-51.1,0,10.97
824760,442,441.66,-45.23,-45.23,0,10.97
824765,440,440.1,-38.69,-38.69,0,10.97
824770,442,442.36,-31.46,-31.46,0,10.97
824775,442,441.9,-23.54,-23.54,0,10.97
824780,444,443.63,-14.93,-14.93,0,10.97
824785,446,446.1,-5.66,-5.66,0,10.97
824790,449,449.39,4.24,4.24,0,10.97
824795,457,456.9,14.75,14.75,0,10.97
824800,467,466.6,25.8,25.8,0,10.97
824805,479,479.11,37.32,37.32,0,10.97
824810,496,496.42,49.24,49.24,0,10.97
824815,517,516.9,61.47,61.47,0,10.97
824820,540,539.57,73.89,73.89,0,10.97
824825,566,566.11,86.39,86.39,0,10.97
824830,592,592.45,98.86,98.86,0,10.97
824835,619,618.89,111.16,111.16,0,10.97
824840,645,644.53,123.18,123.18,0,10.97
824845,668,668.11,134.78,134.78,0,10.97
824850,683,683.48,145.84,145.84,0,10.97
824855,710,709.89,156.24,156.24,0,10.97
824860,726,725.52,165.88,165.88,0,10.97
824865,741,741.11,174.66,174.66,0,10.97
824870,750,750.48,182.49,182.49,0,10.97
824875,761,760.89,189.29,189.29,0,10.97
824880,764,763.52,195.02,195.02,0,10.97
824885,766,766.11,199.62,199.62,0,10.97
824890,763,763.47,203.07,203.07,0,10.97
824895,764,763.89,205.36,205.28,0,10.97
824900,759,758.53,206.48,205.28,0,10.97
824905,752,752.1,206.44,205.28,0,10.97
824910,745,745.46,205.28,205.28,0,10.97
824915,735,734.91,203.04,203.04,0,10.97
824920,726,725.54,199.75,199.75,0,10.97
824925,715,715.09,195.49,195.49,0,10.97
824930,703,703.45,190.3,190.3,0,10.97
824935,692,691.91,184.27,184.27,0,10.97
824940,681,680.55,177.48,177.48,0,10.97
824945,668,668.08,169.99,169.99,0,10.97
824950,658,658.45,161.9,161.9,0,10.97
824955,645,644.92,153.28,153.28,0,10.97
824960,635,634.56,144.22,144.22,0,10.97
824965,624,624.08,134.81,134.81,0,10.97
824970,612,612.44,125.12,125.12,0,10.97
824975,604,603.93,115.24,115.24,0,10.97
824980,594,593.56,105.25,105.25,0,10.97
824985,587,587.07,95.21,95.21,0,10.97
824990,578,578.44,85.19,85.19,0,10.97
824995,568,567.92,75.28,75.28,0,10.97
825000,560,559.56,65.52,65.52,0,10.97
825005,541,541.07,55.98,55.98,0,10.97
825010,541,541.44,46.72,46.72,0,10.97
825015,532,531.94,37.78,37.78,0,10.97
825020,521,520.56,29.21,29.21,0,10.97
825025,515,515.03,21.05,21.05,0,10.97
825030,503,503.45,13.34,13.34,0,10.97
825035,495,494.99,6.11,6.11,0,10.97
825040,488,487.54,-0.62,-0.62,0,10.97
825045,480,480.0,-6.83,-6.83,0,10.97
825050,473,473.46,-12.5,-12.5,0,10.97
825055,469,469.02,-17.64,-17.64,0,10.97
825060,467,466.53,-22.24,-22.24,0,10.97
825065,464,463.96,-26.31,-26.31,0,10.97
825070,462,462.47,-29.87,-29.87,0,10.97
825075,461,461.05,-32.92,-32.92,0,10.97
825080,461,460.53,-35.49,-35.49,0,10.97
825085,463,462.94,-37.62,-37.62,0,10.97
825090,464,464.48,-39.34,-39.34,0,10.97
825095,469,469.08,-40.67,-40.67,0,10.97
825100,469,468.51,-41.67,-41.67,0,10.97
825105,470,469.9,-42.36,-42.36,0,10.97
825110,471,471.49,-42.8,-42.8,0,10.97
825115,470,470.12,-43.01,-42.8,0,10.97
825120,480,479.51,-43.05,-42.8,0,10.97
825125,481,480.87,-42.95,-42.8,0,10.97
825130,467,467.48,-42.75,-42.75,0,10.97
825135,482,482.14,-42.49,-42.49,0,10.97
825140,484,483.55,-42.2,-42.2,0,10.97
825145,485,484.86,-41.92,-41.92,0,10.97
825150,486,486.41,-41.68,-41.68,0,10.97
825155,485,485.14,-41.5,-41.55,0,10.97
825160,487,486.63,-41.41,-41.55,0,10.97
825165,484,483.85,-41.42,-41.55,0,10.97
825170,482,482.33,-41.55,-41.55,0,10.97
825175,481,481.15,-41.8,-41.8,0,10.97
825180,479,478.71,-42.19,-42.19,0,10.97
825185,477,476.85,-42.72,-42.72,0,10.97
825190,477,477.25,-43.38,-43.38,0,10.97
825195,470,470.16,-44.17,-44.17,0,10.97
825200,468,467.78,-45.09,-45.09,0,10.97
825205,464,463.84,-46.12,-46.12,0,10.97
825210,461,461.18,-47.26,-47.26,0,10.97
825215,459,459.16,-48.5,-48.5,0,10.97
825220,456,455.85,-49.81,-49.81,0,10.97
825225,455,454.84,-51.19,-51.19,0,10.97
825230,447,447.12,-52.61,-52.61,0,10.97
825235,447,447.16,-54.08,-54.08,0,10.97
825240,445,444.92,-55.56,-55.56,0,10.97
825245,442,441.84,-57.05,-57.05,0,10.97
825250,439,439.03,-58.54,-58.54,0,10.97
825255,441,441.16,-60.01,-60.01,0,10.97
825260,438,438.01,-61.44,-61.44,0,10.97
825265,435,434.83,-62.84,-62.84,0,10.97
825270,433,432.94,-64.19,-64.19,0,10.97
825275,433,433.18,-65.48,-65.48,0,10.97
825280,433,433.11,-66.72,-66.72,0,10.97
825285,431,430.81,-67.89,-67.89,0,10.97
825290,431,430.83,-68.99,-68.99,0,10.97
825295,431,431.2,-70.03,-70.03,0,10.97
825300,431,431.22,-71.0,-71.0,0,10.97
825305,430,429.79,-71.9,-71.9,0,10.97
825310,453,452.73,-72.74,-72.74,0,10.97
825315,429,429.23,-73.51,-73.51,0,10.97
825320,427,427.28,-74.23,-74.23,0,10.97
825325,428,427.76,-74.89,-74.89,0,10.97
825330,429,428.73,-75.49,-75.49,0,10.97
825335,431,431.26,-76.05,-76.05,0,10.97
825340,430,430.26,-76.56,-76.56,0,10.97
825345,419,418.71,-77.02,-77.02,0,10.97
825350,430,429.75,-77.45,-77.45,0,10.97
825355,430,430.33,-77.84,-77.84,0,10.97
825360,433,433.24,-78.21,-78.21,0,10.97
825365,433,432.62,-78.55,-78.55,0,10.97
825370,434,433.76,-78.88,-78.88,0,10.97
825375,410,410.42,-79.2,-79.2,0,10.97
825380,435,435.24,-79.5,-79.5,0,10.97
825385,438,437.58,-79.8,-79.8,0,10.97
825390,437,436.76,-80.11,-80.11,0,10.97
825395,437,437.4,-80.41,-80.41,0,10.97
825400,440,440.24,-80.71,-80.71,0,10.97
825405,440,439.62,-81.0,-81.0,0,10.97
825410,416,415.75,-81.3,-81.3,0,10.97
825415,443,443.36,-81.58,-81.58,0,10.97
825420,442,442.31,-81.83,-81.83,0,10.97
825425,444,443.65,-82.07,-82.07,0,10.97
825430,467,466.64,-82.26,-82.26,0,10.97
825435,443,443.33,-82.39,-82.26,0,10.97
825440,445,445.39,-82.45,-82.26,0,10.97
825445,444,443.69,-82.4,-82.26,0,10.97
825450,449,448.61,-82.23,-82.23,0,10.97
825455,446,446.3,-81.91,-81.91,0,10.97
825460,446,446.39,-81.4,-81.4,0,10.97
825465,446,445.71,-80.66,-80.66,0,10.97
825470,447,446.6,-79.67,-79.67,0,10.97
825475,447,447.27,-78.38,-78.38,0,10.97
825480,448,448.4,-76.76,-76.76,0,10.97
825485,447,446.74,-74.76,-74.76,0,10.97
825490,446,445.6,-72.35,-72.35,0,10.97
825495,445,445.25,-69.48,-69.48,0,10.97
825500,446,446.41,-66.12,-66.12,0,10.97
825505,446,445.76,-62.23,-62.23,0,10.97
825510,446,445.58,-57.77,-57.77,0,10.97
825515,445,445.23,-52.72,-52.72,0,10.97
825520,444,444.43,-47.05,-47.05,0,10.97
825525,444,443.79,-40.74,-40.74,0,10.97
825530,444,443.56,-33.78,-33.78,0,10.97
825535,444,444.2,-26.17,-26.17,0,10.97
825540,445,445.45,-17.9,-17.9,0,10.97
825545,446,445.81,-9.0,-9.0,0,10.97
825550,449,448.54,0.52,0.52,0,10.97
825555,457,457.19,10.6,10.6,0,10.97
825560,466,466.48,21.2,21.2,0,10.97
825565,480,479.83,32.26,32.26,0,10.97
825570,496,495.51,43.69,43.69,0,10.97
825575,517,517.17,55.4,55.4,0,10.97
825580,535,535.51,67.3,67.3,0,10.97
825585,563,562.84,79.26,79.26,0,10.97
825590,590,589.48,91.17,91.17,0,10.97
825595,616,616.16,102.91,102.91,0,10.97
825600,641,641.53,114.35,114.35,0,10.97
825605,665,664.84,125.36,125.36,0,10.97
825610,687,686.46,135.83,135.83,0,10.97
825615,706,706.15,145.64,145.64,0,10.97
825620,722,722.55,154.68,154.68,0,10.97
825625,737,736.85,162.86,162.86,0,10.97
825630,747,746.43,170.1,170.1,0,10.97
825635,755,755.15,176.32,176.32,0,10.97
825640,745,745.57,181.48,181.48,0,10.97
825645,761,760.85,185.53,185.53,0,10.97
825650,760,759.44,188.44,188.44,0,10.97
825655,752,752.14,190.2,188.72,0,10.97
825660,751,751.53,190.82,188.72,0,10.97
825665,744,743.87,190.32,188.72,0,10.97
825670,736,735.49,188.72,188.72,0,10.97
825675,725,725.12,186.06,186.06,0,10.97
825680,716,716.49,182.39,182.39,0,10.97
825685,700,699.89,177.77,177.77,0,10.97
825690,692,691.53,172.28,172.28,0,10.97
825695,683,683.1,165.97,165.97,0,10.97
825700,668,668.45,158.94,158.94,0,10.97
825705,658,657.9,151.25,151.25,0,10.97
825710,646,645.56,142.99,142.99,0,10.97
825715,634,634.1,134.25,134.25,0,10.97
825720,625,625.42,125.11,125.11,0,10.97
825725,614,613.9,115.65,115.65,0,10.97
825730,606,605.59,105.95,105.95,0,10.97
825735,595,595.1,96.09,96.09,0,10.97
825740,585,585.39,86.16,86.16,0,10.97
825745,576,575.9,76.22,76.22,0,10.97
825750,565,564.62,66.35,66.35,0,10.97
825755,556,556.1,56.6,56.6,0,10.97
825760,549,549.36,47.06,47.06,0,10.97
825765,538,537.9,37.76,37.76,0,10.97
825770,534,533.65,28.78,28.78,0,10.97
825775,522,522.1,20.15,20.15,0,10.97
825780,514,514.34,11.92,11.92,0,10.97
825785,505,504.9,4.14,4.14,0,10.97
825790,495,494.67,-3.17,-3.17,0,10.97
825795,487,487.11,-9.98,-9.98,0,10.97
825800,480,480.32,-16.26,-16.26,0,10.97
825805,473,472.9,-21.99,-21.99,0,10.97
825810,469,468.7,-27.18,-27.18,0,10.97
825815,464,464.11,-31.82,-31.82,0,10.97
825820,463,463.3,-35.9,-35.9,0,10.97
825825,461,460.89,-39.45,-39.45,0,10.97
825830,461,460.71,-42.48,-42.48,0,10.97
825835,461,461.11,-45.01,-45.01,0,10.97
825840,459,459.28,-47.06,-47.06,0,10.97
825845,464,463.89,-48.68,-48.68,0,10.97
825850,464,463.73,-49.9,-49.9,0,10.97
825855,466,466.1,-50.75,-50.75,0,10.97
825860,471,471.26,-51.28,-51.28,0,10.97
825865,474,473.9,-51.54,-51.28,0,10.97
825870,476,475.75,-51.56,-51.28,0,10.97
825875,479,479.09,-51.39,-51.28,0,10.97
825880,482,482.24,-51.08,-51.08,0,10.97
825885,484,483.91,-50.67,-50.67,0,10.97
825890,483,482.76,-50.2,-50.2,0,10.97
825895,491,491.08,-49.7,-49.7,0,10.97
825900,490,490.24,-49.22,-49.22,0,10.97
825905,492,491.92,-48.79,-48.79,0,10.97
825910,493,492.75,-48.43,-48.43,0,10.97
825915,491,491.08,-48.17,-48.17,0,10.97
825920,490,490.25,-48.02,-48.17,0,10.97
825925,490,489.92,-48.02,-48.17,0,10.97
825930,488,487.75,-48.16,-48.17,0,10.97
825935,486,486.07,-48.45,-48.45,0,10.97
825940,483,483.25,-48.91,-48.91,0,10.97
825945,483,482.93,-49.52,-49.52,0,10.97
825950,480,479.75,-50.29,-50.29,0,10.97
825955,476,476.06,-51.21,-51.21,0,10.97
825960,473,473.25,-52.27,-52.27,0,10.97
825965,470,469.94,-53.46,-53.46,0,10.97
825970,466,465.75,-54.77,-54.77,0,10.97
825975,464,464.05,-56.19,-56.19,0,10.97
825980,459,459.24,-57.69,-57.69,0,10.97
825985,457,456.96,-59.26,-59.26,0,10.97
825990,454,453.76,-60.89,-60.89,0,10.97
825995,454,454.04,-62.56,-62.56,0,10.97
826000,449,449.24,-64.25,-64.25,0,10.97
826005,446,445.96,-65.95,-65.95,0,10.97
826010,443,442.76,-67.64,-67.64,0,10.97
826015,441,441.04,-69.31,-69.31,0,10.97
826020,441,441.25,-70.95,-70.95,0,10.97
826025,439,438.96,-72.55,-72.55,0,10.97
826030,436,435.75,-74.09,-74.09,0,10.97
826035,434,434.04,-75.57,-75.57,0,10.97
826040,432,432.26,-76.99,-76.99,0,10.97
826045,435,434.96,-78.33,-78.33,0,10.97
826050,433,432.73,-79.61,-79.61,0,10.97
826055,431,431.03,-80.81,-80.81,0,10.97
826060,435,435.27,-81.94,-81.94,0,10.97
826065,432,431.98,-82.99,-82.99,0,10.97
826070,433,432.72,-83.99,-83.99,0,10.97
826075,432,432.01,-84.92,-84.92,0,10.97
826080,431,431.29,-85.79,-85.79,0,10.97
826085,432,432.01,-86.62,-86.62,0,10.97
826090,436,435.7,-87.39,-87.39,0,10.97
826095,434,433.98,-88.13,-88.13,0,10.97
826100,435,435.3,-88.84,-88.84,0,10.97
826105,435,435.03,-89.52,-89.52,0,10.97
826110,436,435.69,-90.18,-90.18,0,10.97
826115,437,436.96,-90.82,-90.82,0,10.97
826120,436,436.31,-91.45,-91.45,0,10.97
826125,439,439.05,-92.07,-92.07,0,10.97
826130,438,437.69,-92.67,-92.67,0,10.97
826135,438,437.94,-93.26,-93.26,0,10.97
826140,437,437.32,-93.83,-93.83,0,10.97
826145,441,441.08,-94.38,-94.38,0,10.97
826150,440,439.69,-94.9,-94.9,0,10.97
826155,439,438.91,-95.37,-95.37,0,10.97
826160,443,443.32,-95.8,-95.8,0,10.97
826165,441,441.12,-96.15,-96.15,0,10.97
826170,441,440.68,-96.42,-96.42,0,10.97
826175,445,444.86,-96.59,-96.42,0,10.97
826180,444,444.33,-96.62,-96.42,0,10.97
826185,443,443.15,-96.5,-96.42,0,10.97
826190,445,444.66,-96.19,-96.19,0,10.97
826195,447,446.83,-95.67,-95.67,0,10.97
826200,446,446.35,-94.9,-94.9,0,10.97
826205,447,447.18,-93.85,-93.85,0,10.97
826210,446,445.63,-92.48,-92.48,0,10.97
826215,445,444.81,-90.75,-90.75,0,10.97
826220,449,449.38,-88.62,-88.62,0,10.97
826225,447,447.21,-86.05,-86.05,0,10.97
826230,445,444.59,-83.0,-83.0,0,10.97
826235,446,445.77,-79.43,-79.43,0,10.97
826240,437,437.43,-75.31,-75.31,0,10.97
826245,446,446.25,-70.59,-70.59,0,10.97
826250,446,445.56,-65.26,-65.26,0,10.97
826255,446,445.73,-59.28,-59.28,0,10.97
826260,431,431.43,-52.63,-52.63,0,10.97
826265,444,444.29,-45.3,-45.3,0,10.97
826270,444,443.59,-37.28,-37.28,0,10.97
826275,445,444.69,-28.58,-28.58,0,10.97
826280,447,447.38,-19.22,-19.22,0,10.97
826285,449,449.33,-9.22,-9.22,0,10.97
826290,456,455.65,1.38,1.38,0,10.97
826295,466,465.66,12.53,12.53,0,10.97
826300,480,480.33,24.15,24.15,0,10.97
826305,495,495.36,36.18,36.18,0,10.97
826310,515,514.69,48.52,48.52,0,10.97
826315,536,535.62,61.07,61.07,0,10.97
826320,564,564.29,73.71,73.71,0,10.97
826325,589,589.41,86.32,86.32,0,10.97
826330,615,614.73,98.78,98.78,0,10.97
826335,641,640.57,110.96,110.96,0,10.97
826340,666,666.26,122.73,122.73,0,10.97
826345,688,688.46,133.96,133.96,0,10.97
826350,708,707.75,144.55,144.55,0,10.97
826355,725,724.51,154.37,154.37,0,10.97
826360,740,740.23,163.33,163.33,0,10.97
826365,752,752.52,171.34,171.34,0,10.97
826370,761,760.77,178.32,178.32,0,10.97
826375,788,787.46,184.22,184.22,0,10.97
826380,768,768.21,188.99,188.99,0,10.97
826385,767,767.52,192.61,192.61,0,10.97
826390,763,762.8,195.06,195.06,0,10.97
826395,759,758.5,196.34,195.06,0,10.97
826400,752,752.19,196.48,195.06,0,10.97
826405,743,743.47,195.51,195.06,0,10.97
826410,734,733.81,193.45,193.45,0,10.97
826415,723,722.55,190.38,190.38,0,10.97
826420,713,713.18,186.34,186.34,0,10.97
826425,702,702.43,181.42,181.42,0,10.97
826430,689,688.83,175.67,175.67,0,10.97
826435,678,677.59,169.18,169.18,0,10.97
826440,665,665.17,162.03,162.03,0,10.97
826445,654,654.39,154.31,154.31,0,10.97
826450,644,643.84,146.1,146.1,0,10.97
826455,632,631.63,137.48,137.48,0,10.97
826460,623,623.16,128.55,128.55,0,10.97
826465,611,611.36,119.38,119.38,0,10.97
826470,602,601.85,110.05,110.05,0,10.97
826475,593,592.66,100.65,100.65,0,10.97
826480,588,588.15,91.24,91.24,0,10.97
826485,576,576.32,81.89,81.89,0,10.97
826490,567,566.84,72.68,72.68,0,10.97
826495,558,557.69,63.66,63.66,0,10.97
826500,551,551.17,54.89,54.89,0,10.97
826505,540,540.3,46.43,46.43,0,10.97
826510,530,529.82,38.33,38.33,0,10.97
826515,522,521.72,30.63,30.63,0,10.97
826520,515,515.2,23.36,23.36,0,10.97
826525,503,503.27,16.57,16.57,0,10.97
826530,497,496.78,10.28,10.28,0,10.97
826535,491,490.75,4.52,4.52,0,10.97
826540,484,484.25,-0.71,-0.71,0,10.97
826545,478,478.24,-5.4,-5.4,0,10.97
826550,473,472.73,-9.53,-9.53,0,10.97
826555,472,471.78,-13.13,-13.13,0,10.97
826560,469,469.3,-16.19,-16.19,0,10.97
826565,470,470.2,-18.73,-18.73,0,10.97
826570,469,468.67,-20.79,-20.79,0,10.97
826575,468,467.82,-22.38,-22.38,0,10.97
826580,469,469.36,-23.53,-23.53,0,10.97
826585,473,473.17,-24.29,-24.29,0,10.97
826590,474,473.62,-24.7,-24.29,0,10.97
826595,477,476.84,-24.79,-24.29,0,10.97
826600,479,479.41,-24.6,-24.29,0,10.97
826605,482,482.15,-24.2,-24.2,0,10.97
826610,503,502.57,-23.61,-23.61,0,10.97
826615,487,486.86,-22.88,-22.88,0,10.97
826620,490,490.42,-22.06,-22.06,0,10.97
826625,490,490.13,-21.17,-21.17,0,10.97
826630,493,492.6,-20.27,-20.27,0,10.97
826635,495,494.88,-19.38,-19.38,0,10.97
826640,497,497.38,-18.52,-18.52,0,10.97
826645,495,495.11,-17.74,-17.74,0,10.97
826650,495,494.63,-17.04,-17.04,0,10.97
826655,492,491.91,-16.46,-16.46,0,10.97
826660,493,493.36,-15.99,-15.99,0,10.97
826665,491,491.08,-15.65,-15.65,0,10.97
826670,489,488.65,-15.45,-15.65,0,10.97
826675,484,483.92,-15.4,-15.65,0,10.97
826680,483,483.34,-15.48,-15.65,0,10.97
826685,480,480.08,-15.69,-15.69,0,10.97
826690,478,477.67,-16.03,-16.03,0,10.97
826695,474,473.93,-16.49,-16.49,0,10.97
826700,471,471.32,-17.05,-17.05,0,10.97
826705,467,467.07,-17.7,-17.7,0,10.97
826710,464,463.69,-18.44,-18.44,0,10.97
826715,463,462.93,-19.23,-19.23,0,10.97
826720,458,458.31,-20.07,-20.07,0,10.97
826725,455,455.06,-20.93,-20.93,0,10.97
826730,453,452.7,-21.81,-21.81,0,10.97
826735,451,450.95,-22.68,-22.68,0,10.97
826740,449,449.3,-23.52,-23.52,0,10.97
826745,449,449.04,-24.33,-24.33,0,10.97
826750,445,444.71,-25.09,-25.09,0,10.97
826755,443,442.96,-25.78,-25.78,0,10.97
826760,442,442.29,-26.4,-26.4,0,10.97
826765,439,439.03,-26.92,-26.92,0,10.97
826770,437,436.71,-27.35,-27.35,0,10.97
826775,437,436.97,-27.67,-27.67,0,10.97
826780,436,436.29,-27.88,-27.78,0,10.97
826785,438,438.03,-27.97,-27.78,0,10.97
826790,438,437.71,-27.93,-27.78,0,10.97
826795,436,435.97,-27.78,-27.78,0,10.97
826800,435,435.29,-27.5,-27.5,0,10.97
826805,433,433.03,-27.11,-27.11,0,10.97
826810,434,433.71,-26.59,-26.59,0,10.97
826815,433,432.98,-25.95,-25.95,0,10.97
826820,435,435.29,-25.21,-25.21,0,10.97
826825,435,435.02,-24.37,-24.37,0,10.97
826830,434,433.71,-23.42,-23.42,0,10.97
826835,435,434.98,-22.4,-22.4,0,10.97
826840,437,437.3,-21.29,-21.29,0,10.97
826845,436,436.02,-20.12,-20.12,0,10.97
826850,438,437.69,-18.9,-18.9,0,10.97
826855,438,437.98,-17.63,-17.63,0,10.97
826860,437,437.32,-16.33,-16.33,0,10.97
826865,442,442.02,-15.02,-15.02,0,10.97
826870,441,440.68,-13.7,-13.7,0,10.97
826875,441,440.97,-12.38,-12.38,0,10.97
826880,441,441.33,-11.09,-11.09,0,10.97
826885,443,443.03,-9.84,-9.84,0,10.97
826890,443,442.67,-8.62,-8.62,0,10.97
826895,444,443.96,-7.46,-7.46,0,10.97
