timestamp_utc,bvp
2026-05-14 15:53:04.007559+02:00,-0.010666551068425179
2026-05-14 15:53:04.023184+02:00,-0.008616162464022636
2026-05-14 15:53:04.038809+02:00,-0.0065580327063798904
2026-05-14 15:53:04.054434+02:00,-0.004666904918849468
2026-05-14 15:53:04.070059+02:00,-0.0030640033073723316
2026-05-14 15:53:04.085684+02:00,-0.001808574073947966
2026-05-14 15:53:04.101309+02:00,-0.0008996250107884407
2026-05-14 15:53:04.116934+02:00,-0.0002846142742782831
2026-05-14 15:53:04.132559+02:00,0.00012703402899205685
2026-05-14 15:53:04.148184+02:00,0.0004452567081898451
2026-05-14 15:53:04.163809+02:00,0.0007788308430463076
2026-05-14 15:53:04.179434+02:00,0.0012198968324810266
2026-05-14 15:53:04.195059+02:00,0.0018344041891396046
2026-05-14 15:53:04.210684+02:00,0.002656264929100871
2026-05-14 15:53:04.226309+02:00,0.003686954965814948
2026-05-14 15:53:04.241934+02:00,0.004900400526821613
2026-05-14 15:53:04.257559+02:00,0.006247822195291519
2026-05-14 15:53:04.273184+02:00,0.007657292764633894
2026-05-14 15:53:04.288809+02:00,0.009026124142110348
2026-05-14 15:53:04.304434+02:00,0.010211721062660217
2026-05-14 15:53:04.320059+02:00,0.011033417657017708
2026-05-14 15:53:04.335684+02:00,0.011292495764791965
2026-05-14 15:53:04.351309+02:00,0.010806857608258724
2026-05-14 15:53:04.366934+02:00,0.009451914578676224
2026-05-14 15:53:04.382559+02:00,0.007196870166808367
2026-05-14 15:53:04.398184+02:00,0.004123454447835684
2026-05-14 15:53:04.413809+02:00,0.0004203999415040016
2026-05-14 15:53:04.429434+02:00,-0.0036408808082342148
2026-05-14 15:53:04.445059+02:00,-0.007741445675492287
2026-05-14 15:53:04.460684+02:00,-0.011555474251508713
2026-05-14 15:53:04.476309+02:00,-0.014789387583732605
2026-05-14 15:53:04.491934+02:00,-0.017213573679327965
2026-05-14 15:53:04.507559+02:00,-0.018684381619095802
2026-05-14 15:53:04.523184+02:00,-0.019154388457536697
2026-05-14 15:53:04.538809+02:00,-0.01867029070854187
2026-05-14 15:53:04.554434+02:00,-0.017360512167215347
2026-05-14 15:53:04.570059+02:00,-0.015414758585393429
2026-05-14 15:53:04.585684+02:00,-0.013058201409876347
2026-05-14 15:53:04.601309+02:00,-0.010524144396185875
2026-05-14 15:53:04.616934+02:00,-0.008026810362935066
2026-05-14 15:53:04.632559+02:00,-0.00573666812852025
2026-05-14 15:53:04.648184+02:00,-0.003765165340155363
2026-05-14 15:53:04.663809+02:00,-0.0021615074947476387
2026-05-14 15:53:04.679434+02:00,-0.0009168295655399561
2026-05-14 15:53:04.695059+02:00,2.6667257770895958e-05
2026-05-14 15:53:04.710684+02:00,0.0007607119623571634
2026-05-14 15:53:04.726309+02:00,0.0013918104814365506
2026-05-14 15:53:04.741934+02:00,0.0020227052737027407
2026-05-14 15:53:04.757559+02:00,0.002739226445555687
2026-05-14 15:53:04.773184+02:00,0.0036039636470377445
2026-05-14 15:53:04.788809+02:00,0.004653148353099823
2026-05-14 15:53:04.804434+02:00,0.005893696565181017
2026-05-14 15:53:04.820059+02:00,0.007301042787730694
2026-05-14 15:53:04.835684+02:00,0.008815855719149113
2026-05-14 15:53:04.851309+02:00,0.01033670175820589
2026-05-14 15:53:04.866934+02:00,0.011713682673871517
2026-05-14 15:53:04.882559+02:00,0.012754257768392563
2026-05-14 15:53:04.898184+02:00,0.013246742077171803
2026-05-14 15:53:04.913809+02:00,0.012997089885175228
2026-05-14 15:53:04.929434+02:00,0.011870672926306725
2026-05-14 15:53:04.945059+02:00,0.009828217327594757
2026-05-14 15:53:04.960684+02:00,0.00694415345788002
2026-05-14 15:53:04.976309+02:00,0.003402536269277334
2026-05-14 15:53:04.991934+02:00,-0.0005263217026367784
2026-05-14 15:53:05.007559+02:00,-0.004522192757576704
2026-05-14 15:53:05.023184+02:00,-0.00825696811079979
2026-05-14 15:53:05.038809+02:00,-0.011435313150286674
2026-05-14 15:53:05.054434+02:00,-0.013827421702444553
2026-05-14 15:53:05.070059+02:00,-0.01529078558087349
2026-05-14 15:53:05.085684+02:00,-0.015781564638018608
2026-05-14 15:53:05.101309+02:00,-0.015353758819401264
2026-05-14 15:53:05.116934+02:00,-0.014144739136099815
2026-05-14 15:53:05.132559+02:00,-0.012351450510323048
2026-05-14 15:53:05.148184+02:00,-0.010201806202530861
2026-05-14 15:53:05.163809+02:00,-0.007924651727080345
2026-05-14 15:53:05.179434+02:00,-0.005723282694816589
2026-05-14 15:53:05.195059+02:00,-0.003754937555640936
2026-05-14 15:53:05.210684+02:00,-0.0021167960949242115
2026-05-14 15:53:05.226309+02:00,-0.0008407891727983952
2026-05-14 15:53:05.241934+02:00,0.00010071974247694016
2026-05-14 15:53:05.257559+02:00,0.0007799956947565079
2026-05-14 15:53:05.273184+02:00,0.001295856200158596
2026-05-14 15:53:05.288809+02:00,0.0017574629746377468
2026-05-14 15:53:05.304434+02:00,0.002269165124744177
2026-05-14 15:53:05.320059+02:00,0.002916456200182438
2026-05-14 15:53:05.335684+02:00,0.003757424419745803
2026-05-14 15:53:05.351309+02:00,0.004819185473024845
2026-05-14 15:53:05.366934+02:00,0.00609150854870677
2026-05-14 15:53:05.382559+02:00,0.0075128101743757725
2026-05-14 15:53:05.398184+02:00,0.008955496363341808
2026-05-14 15:53:05.413809+02:00,0.01022573933005333
2026-05-14 15:53:05.429434+02:00,0.011086215265095234
2026-05-14 15:53:05.445059+02:00,0.011297887191176414
2026-05-14 15:53:05.460684+02:00,0.010669957846403122
2026-05-14 15:53:05.476309+02:00,0.009104200638830662
2026-05-14 15:53:05.491934+02:00,0.00662268465384841
2026-05-14 15:53:05.507559+02:00,0.003372920211404562
2026-05-14 15:53:05.523184+02:00,-0.00039139995351433754
2026-05-14 15:53:05.538809+02:00,-0.004347598645836115
2026-05-14 15:53:05.554434+02:00,-0.0081487987190485
2026-05-14 15:53:05.570059+02:00,-0.011469349265098572
2026-05-14 15:53:05.585684+02:00,-0.014044342562556267
2026-05-14 15:53:05.601309+02:00,-0.01569688692688942
2026-05-14 15:53:05.616934+02:00,-0.016350608319044113
2026-05-14 15:53:05.632559+02:00,-0.01602928526699543
2026-05-14 15:53:05.648184+02:00,-0.014846626669168472
2026-05-14 15:53:05.663809+02:00,-0.01298533845692873
2026-05-14 15:53:05.679434+02:00,-0.010667302645742893
2026-05-14 15:53:05.695059+02:00,-0.008122921921312809
2026-05-14 15:53:05.710684+02:00,-0.005564037710428238
2026-05-14 15:53:05.726309+02:00,-0.003161875531077385
2026-05-14 15:53:05.741934+02:00,-0.0010334020480513573
2026-05-14 15:53:05.757559+02:00,0.0007635438814759254
2026-05-14 15:53:05.773184+02:00,0.0022284314036369324
2026-05-14 15:53:05.788809+02:00,0.0034094471484422684
2026-05-14 15:53:05.804434+02:00,0.004389365203678608
2026-05-14 15:53:05.820059+02:00,0.005268877372145653
2026-05-14 15:53:05.835684+02:00,0.006150266621261835
2026-05-14 15:53:05.851309+02:00,0.007123945746570826
2026-05-14 15:53:05.866934+02:00,0.008256969973444939
2026-05-14 15:53:05.882559+02:00,0.009581375867128372
2026-05-14 15:53:05.898184+02:00,0.011080542579293251
2026-05-14 15:53:05.913809+02:00,0.01267373375594616
2026-05-14 15:53:05.929434+02:00,0.01420691516250372
2026-05-14 15:53:05.945059+02:00,0.015461668372154236
2026-05-14 15:53:05.960684+02:00,0.016187455505132675
2026-05-14 15:53:05.976309+02:00,0.016150111332535744
2026-05-14 15:53:05.991934+02:00,0.015181904658675194
2026-05-14 15:53:06.007559+02:00,0.01322123408317566
2026-05-14 15:53:06.023184+02:00,0.010333409532904625
2026-05-14 15:53:06.038809+02:00,0.006707046180963516
2026-05-14 15:53:06.054434+02:00,0.0026284726336598396
2026-05-14 15:53:06.070059+02:00,-0.0015583634376525879
2026-05-14 15:53:06.085684+02:00,-0.0054991645738482475
2026-05-14 15:53:06.101309+02:00,-0.008874953724443913
2026-05-14 15:53:06.116934+02:00,-0.01143752969801426
2026-05-14 15:53:06.132559+02:00,-0.013030803762376308
2026-05-14 15:53:06.148184+02:00,-0.013598931021988392
2026-05-14 15:53:06.163809+02:00,-0.013184195384383202
2026-05-14 15:53:06.179434+02:00,-0.011915669776499271
2026-05-14 15:53:06.195059+02:00,-0.009987385012209415
2026-05-14 15:53:06.210684+02:00,-0.007627526298165321
2026-05-14 15:53:06.226309+02:00,-0.0050658248364925385
2026-05-14 15:53:06.241934+02:00,-0.0025073494762182236
2026-05-14 15:53:06.257559+02:00,-0.00011456571519374847
2026-05-14 15:53:06.273184+02:00,0.0020042667165398598
2026-05-14 15:53:06.288809+02:00,0.0038000978529453278
2026-05-14 15:53:06.304434+02:00,0.0052807629108428955
2026-05-14 15:53:06.320059+02:00,0.006502031348645687
2026-05-14 15:53:06.335684+02:00,0.007552820257842541
2026-05-14 15:53:06.351309+02:00,0.008535895496606827
2026-05-14 15:53:06.366934+02:00,0.009549377486109734
2026-05-14 15:53:06.382559+02:00,0.010674538090825081
2026-05-14 15:53:06.398184+02:00,0.011965848505496979
2026-05-14 15:53:06.413809+02:00,0.01343640498816967
2026-05-14 15:53:06.429434+02:00,0.015039443969726562
2026-05-14 15:53:06.445059+02:00,0.016651645302772522
2026-05-14 15:53:06.460684+02:00,0.018070127815008163
2026-05-14 15:53:06.476309+02:00,0.019035615026950836
2026-05-14 15:53:06.491934+02:00,0.019277973100543022
2026-05-14 15:53:06.507559+02:00,0.01856936886906624
2026-05-14 15:53:06.523184+02:00,0.01677357777953148
2026-05-14 15:53:06.538809+02:00,0.013881407678127289
2026-05-14 15:53:06.554434+02:00,0.010023226030170918
2026-05-14 15:53:06.570059+02:00,0.00545479217544198
2026-05-14 15:53:06.585684+02:00,0.0005199341103434563
2026-05-14 15:53:06.601309+02:00,-0.0043992288410663605
2026-05-14 15:53:06.616934+02:00,-0.008931382559239864
2026-05-14 15:53:06.632559+02:00,-0.012755636125802994
2026-05-14 15:53:06.648184+02:00,-0.015630193054676056
2026-05-14 15:53:06.663809+02:00,-0.01741061359643936
2026-05-14 15:53:06.679434+02:00,-0.0180562324821949
2026-05-14 15:53:06.695059+02:00,-0.01762547716498375
2026-05-14 15:53:06.710684+02:00,-0.016262857243418694
2026-05-14 15:53:06.726309+02:00,-0.01417790912091732
2026-05-14 15:53:06.741934+02:00,-0.011616374365985394
2026-05-14 15:53:06.757559+02:00,-0.008827472105622292
2026-05-14 15:53:06.773184+02:00,-0.006034283898770809
2026-05-14 15:53:06.788809+02:00,-0.003412386402487755
2026-05-14 15:53:06.804434+02:00,-0.0010763751342892647
2026-05-14 15:53:06.820059+02:00,0.0009262925013899803
2026-05-14 15:53:06.835684+02:00,0.002611439675092697
2026-05-14 15:53:06.851309+02:00,0.004043268971145153
2026-05-14 15:53:06.866934+02:00,0.0053144823759794235
2026-05-14 15:53:06.882559+02:00,0.006528829224407673
2026-05-14 15:53:06.898184+02:00,0.007785458583384752
2026-05-14 15:53:06.913809+02:00,0.009163004346191883
2026-05-14 15:53:06.929434+02:00,0.010708088055253029
2026-05-14 15:53:06.945059+02:00,0.012431629933416843
2026-05-14 15:53:06.960684+02:00,0.014308479614555836
2026-05-14 15:53:06.976309+02:00,0.01627153716981411
2026-05-14 15:53:06.991934+02:00,0.01819724217057228
2026-05-14 15:53:07.007559+02:00,0.019894257187843323
2026-05-14 15:53:07.023184+02:00,0.021111957728862762
2026-05-14 15:53:07.038809+02:00,0.021573226898908615
2026-05-14 15:53:07.054434+02:00,0.021024975925683975
2026-05-14 15:53:07.070059+02:00,0.019294172525405884
2026-05-14 15:53:07.085684+02:00,0.016332510858774185
2026-05-14 15:53:07.101309+02:00,0.012236129492521286
2026-05-14 15:53:07.116934+02:00,0.007237503305077553
2026-05-14 15:53:07.132559+02:00,0.0016741969157010317
2026-05-14 15:53:07.148184+02:00,-0.00405734172090888
2026-05-14 15:53:07.163809+02:00,-0.009552255272865295
2026-05-14 15:53:07.179434+02:00,-0.014441861771047115
2026-05-14 15:53:07.195059+02:00,-0.018427569419145584
2026-05-14 15:53:07.210684+02:00,-0.021304719150066376
2026-05-14 15:53:07.226309+02:00,-0.022975435480475426
2026-05-14 15:53:07.241934+02:00,-0.023448165506124496
2026-05-14 15:53:07.257559+02:00,-0.02282588742673397
2026-05-14 15:53:07.273184+02:00,-0.02128639444708824
2026-05-14 15:53:07.288809+02:00,-0.01905582658946514
2026-05-14 15:53:07.304434+02:00,-0.016377460211515427
2026-05-14 15:53:07.320059+02:00,-0.013481669127941132
2026-05-14 15:53:07.335684+02:00,-0.010563543066382408
2026-05-14 15:53:07.351309+02:00,-0.007768216542899609
2026-05-14 15:53:07.366934+02:00,-0.005181376356631517
2026-05-14 15:53:07.382559+02:00,-0.002828836441040039
2026-05-14 15:53:07.398184+02:00,-0.0006884653121232986
2026-05-14 15:53:07.413809+02:00,0.001292468048632145
2026-05-14 15:53:07.429434+02:00,0.0031827380880713463
2026-05-14 15:53:07.445059+02:00,0.005054596811532974
2026-05-14 15:53:07.460684+02:00,0.006970108952373266
2026-05-14 15:53:07.476309+02:00,0.008968934416770935
2026-05-14 15:53:07.491934+02:00,0.011062130331993103
2026-05-14 15:53:07.507559+02:00,0.013233687728643417
2026-05-14 15:53:07.523184+02:00,0.015447549521923065
2026-05-14 15:53:07.538809+02:00,0.01765577867627144
2026-05-14 15:53:07.554434+02:00,0.019806357100605965
2026-05-14 15:53:07.570059+02:00,0.021850209683179855
2026-05-14 15:53:07.585684+02:00,0.0237432774156332
2026-05-14 15:53:07.601309+02:00,0.02543926052749157
2026-05-14 15:53:07.616934+02:00,0.026872307062149048
2026-05-14 15:53:07.632559+02:00,0.027934877201914787
2026-05-14 15:53:07.648184+02:00,0.028464162722229958
2026-05-14 15:53:07.663809+02:00,0.02825077250599861
2026-05-14 15:53:07.679434+02:00,0.02707383595407009
2026-05-14 15:53:07.695059+02:00,0.024753965437412262
2026-05-14 15:53:07.710684+02:00,0.021205907687544823
2026-05-14 15:53:07.726309+02:00,0.01647324487566948
2026-05-14 15:53:07.741934+02:00,0.01073650922626257
2026-05-14 15:53:07.757559+02:00,0.0042952303774654865
2026-05-14 15:53:07.773184+02:00,-0.002470044419169426
2026-05-14 15:53:07.788809+02:00,-0.00914614275097847
2026-05-14 15:53:07.804434+02:00,-0.015334825962781906
2026-05-14 15:53:07.820059+02:00,-0.02069218084216118
2026-05-14 15:53:07.835684+02:00,-0.02495819330215454
2026-05-14 15:53:07.851309+02:00,-0.027974851429462433
2026-05-14 15:53:07.866934+02:00,-0.029689639806747437
2026-05-14 15:53:07.882559+02:00,-0.030147628858685493
2026-05-14 15:53:07.898184+02:00,-0.029479339718818665
2026-05-14 15:53:07.913809+02:00,-0.027883082628250122
2026-05-14 15:53:07.929434+02:00,-0.025598660111427307
2026-05-14 15:53:07.945059+02:00,-0.022878043353557587
2026-05-14 15:53:07.960684+02:00,-0.019958963617682457
2026-05-14 15:53:07.976309+02:00,-0.017043590545654297
2026-05-14 15:53:07.991934+02:00,-0.01428297720849514
2026-05-14 15:53:08.007559+02:00,-0.011767292395234108
2026-05-14 15:53:08.023184+02:00,-0.0095235425978899
2026-05-14 15:53:08.038809+02:00,-0.00752272829413414
2026-05-14 15:53:08.054434+02:00,-0.005695186089724302
2026-05-14 15:53:08.070059+02:00,-0.0039493972435593605
2026-05-14 15:53:08.085684+02:00,-0.002190761733800173
2026-05-14 15:53:08.101309+02:00,-0.0003400889690965414
2026-05-14 15:53:08.116934+02:00,0.001651965081691742
2026-05-14 15:53:08.132559+02:00,0.0037992196157574654
2026-05-14 15:53:08.148184+02:00,0.006081027910113335
2026-05-14 15:53:08.163809+02:00,0.008448012173175812
2026-05-14 15:53:08.179434+02:00,0.010833128355443478
2026-05-14 15:53:08.195059+02:00,0.013164743781089783
2026-05-14 15:53:08.210684+02:00,0.015376420691609383
2026-05-14 15:53:08.226309+02:00,0.01741248369216919
2026-05-14 15:53:08.241934+02:00,0.019231602549552917
2026-05-14 15:53:08.257559+02:00,0.020808791741728783
2026-05-14 15:53:08.273184+02:00,0.02213594689965248
2026-05-14 15:53:08.288809+02:00,0.02321840450167656
2026-05-14 15:53:08.304434+02:00,0.024059539660811424
2026-05-14 15:53:08.320059+02:00,0.024633601307868958
2026-05-14 15:53:08.335684+02:00,0.02486017346382141
2026-05-14 15:53:08.351309+02:00,0.024593643844127655
2026-05-14 15:53:08.366934+02:00,0.023637481033802032
2026-05-14 15:53:08.382559+02:00,0.021785274147987366
2026-05-14 15:53:08.398184+02:00,0.018874671310186386
2026-05-14 15:53:08.413809+02:00,0.014836937189102173
2026-05-14 15:53:08.429434+02:00,0.009731164202094078
2026-05-14 15:53:08.445059+02:00,0.0037529412657022476
2026-05-14 15:53:08.460684+02:00,-0.002786664292216301
2026-05-14 15:53:08.476309+02:00,-0.009503519162535667
2026-05-14 15:53:08.491934+02:00,-0.015991270542144775
2026-05-14 15:53:08.507559+02:00,-0.021870030090212822
2026-05-14 15:53:08.523184+02:00,-0.02682533487677574
2026-05-14 15:53:08.538809+02:00,-0.030633578076958656
2026-05-14 15:53:08.554434+02:00,-0.03317408263683319
2026-05-14 15:53:08.570059+02:00,-0.03443001210689545
2026-05-14 15:53:08.585684+02:00,-0.034480053931474686
2026-05-14 15:53:08.601309+02:00,-0.03348268195986748
2026-05-14 15:53:08.616934+02:00,-0.03165416419506073
2026-05-14 15:53:08.632559+02:00,-0.029240071773529053
2026-05-14 15:53:08.648184+02:00,-0.026483677327632904
2026-05-14 15:53:08.663809+02:00,-0.02359953708946705
2026-05-14 15:53:08.679434+02:00,-0.02075636386871338
2026-05-14 15:53:08.695059+02:00,-0.01806720718741417
2026-05-14 15:53:08.710684+02:00,-0.015586498193442822
2026-05-14 15:53:08.726309+02:00,-0.013314956799149513
2026-05-14 15:53:08.741934+02:00,-0.011211298406124115
2026-05-14 15:53:08.757559+02:00,-0.009208518080413342
2026-05-14 15:53:08.773184+02:00,-0.007231195457279682
2026-05-14 15:53:08.788809+02:00,-0.005209949798882008
2026-05-14 15:53:08.804434+02:00,-0.0030923355370759964
2026-05-14 15:53:08.820059+02:00,-0.0008510462939739227
2026-05-14 15:53:08.835684+02:00,0.0015115989372134209
2026-05-14 15:53:08.851309+02:00,0.003965337760746479
2026-05-14 15:53:08.866934+02:00,0.006460158154368401
2026-05-14 15:53:08.882559+02:00,0.00893600657582283
2026-05-14 15:53:08.898184+02:00,0.01132918056100607
2026-05-14 15:53:08.913809+02:00,0.013578098267316818
2026-05-14 15:53:08.929434+02:00,0.015631787478923798
2026-05-14 15:53:08.945059+02:00,0.01745733432471752
2026-05-14 15:53:08.960684+02:00,0.019040537998080254
2026-05-14 15:53:08.976309+02:00,0.02037656493484974
2026-05-14 15:53:08.991934+02:00,0.021450400352478027
2026-05-14 15:53:09.007559+02:00,0.022212062031030655
2026-05-14 15:53:09.023184+02:00,0.022557063028216362
2026-05-14 15:53:09.038809+02:00,0.022325225174427032
2026-05-14 15:53:09.054434+02:00,0.02132604271173477
2026-05-14 15:53:09.070059+02:00,0.01938530243933201
2026-05-14 15:53:09.085684+02:00,0.016397323459386826
2026-05-14 15:53:09.101309+02:00,0.012366818264126778
2026-05-14 15:53:09.116934+02:00,0.007427623495459557
2026-05-14 15:53:09.132559+02:00,0.0018322132527828217
2026-05-14 15:53:09.148184+02:00,-0.004082966595888138
2026-05-14 15:53:09.163809+02:00,-0.009943565353751183
2026-05-14 15:53:09.179434+02:00,-0.015383986756205559
2026-05-14 15:53:09.195059+02:00,-0.02008853852748871
2026-05-14 15:53:09.210684+02:00,-0.023820508271455765
2026-05-14 15:53:09.226309+02:00,-0.026434998959302902
2026-05-14 15:53:09.241934+02:00,-0.027879701927304268
2026-05-14 15:53:09.257559+02:00,-0.028189444914460182
2026-05-14 15:53:09.273184+02:00,-0.02747630700469017
2026-05-14 15:53:09.288809+02:00,-0.025915227830410004
2026-05-14 15:53:09.304434+02:00,-0.02372337132692337
2026-05-14 15:53:09.320059+02:00,-0.0211340319365263
2026-05-14 15:53:09.335684+02:00,-0.01837039366364479
2026-05-14 15:53:09.351309+02:00,-0.015622369013726711
2026-05-14 15:53:09.366934+02:00,-0.013028697110712528
2026-05-14 15:53:09.382559+02:00,-0.010668322443962097
2026-05-14 15:53:09.398184+02:00,-0.008561858907341957
2026-05-14 15:53:09.413809+02:00,-0.006680813618004322
2026-05-14 15:53:09.429434+02:00,-0.004961811471730471
2026-05-14 15:53:09.445059+02:00,-0.003322598524391651
2026-05-14 15:53:09.460684+02:00,-0.0016784034669399261
2026-05-14 15:53:09.476309+02:00,4.2934902012348175e-05
2026-05-14 15:53:09.491934+02:00,0.0018907533958554268
2026-05-14 15:53:09.507559+02:00,0.0038869287818670273
2026-05-14 15:53:09.523184+02:00,0.006024789065122604
2026-05-14 15:53:09.538809+02:00,0.008270430378615856
2026-05-14 15:53:09.554434+02:00,0.010566331446170807
2026-05-14 15:53:09.570059+02:00,0.01283896341919899
2026-05-14 15:53:09.585684+02:00,0.015009865164756775
2026-05-14 15:53:09.601309+02:00,0.017006073147058487
2026-05-14 15:53:09.616934+02:00,0.01876860111951828
2026-05-14 15:53:09.632559+02:00,0.02025916799902916
2026-05-14 15:53:09.648184+02:00,0.021463405340909958
2026-05-14 15:53:09.663809+02:00,0.022389085963368416
2026-05-14 15:53:09.679434+02:00,0.02305852621793747
2026-05-14 15:53:09.695059+02:00,0.023493340238928795
2026-05-14 15:53:09.710684+02:00,0.023690789937973022
2026-05-14 15:53:09.726309+02:00,0.02359877899289131
2026-05-14 15:53:09.741934+02:00,0.023104200139641762
2026-05-14 15:53:09.757559+02:00,0.022044314071536064
2026-05-14 15:53:09.773184+02:00,0.02024027891457081
2026-05-14 15:53:09.788809+02:00,0.01754487119615078
2026-05-14 15:53:09.804434+02:00,0.013889946043491364
2026-05-14 15:53:09.820059+02:00,0.009318327531218529
2026-05-14 15:53:09.835684+02:00,0.003992084413766861
2026-05-14 15:53:09.851309+02:00,-0.0018232688307762146
2026-05-14 15:53:09.866934+02:00,-0.007793293334543705
2026-05-14 15:53:09.882559+02:00,-0.01355866901576519
2026-05-14 15:53:09.898184+02:00,-0.018779538571834564
2026-05-14 15:53:09.913809+02:00,-0.02317296713590622
2026-05-14 15:53:09.929434+02:00,-0.026539135724306107
2026-05-14 15:53:09.945059+02:00,-0.028774835169315338
2026-05-14 15:53:09.960684+02:00,-0.02987382933497429
2026-05-14 15:53:09.976309+02:00,-0.02991636097431183
2026-05-14 15:53:09.991934+02:00,-0.02905174344778061
2026-05-14 15:53:10.007559+02:00,-0.02747606486082077
2026-05-14 15:53:10.023184+02:00,-0.025407657027244568
2026-05-14 15:53:10.038809+02:00,-0.0230632945895195
2026-05-14 15:53:10.054434+02:00,-0.020635681226849556
2026-05-14 15:53:10.070059+02:00,-0.018275059759616852
2026-05-14 15:53:10.085684+02:00,-0.016079172492027283
2026-05-14 15:53:10.101309+02:00,-0.014090838842093945
2026-05-14 15:53:10.116934+02:00,-0.012301984243094921
2026-05-14 15:53:10.132559+02:00,-0.010665308684110641
2026-05-14 15:53:10.148184+02:00,-0.009111517108976841
2026-05-14 15:53:10.163809+02:00,-0.0075663430616259575
2026-05-14 15:53:10.179434+02:00,-0.00596333434805274
2026-05-14 15:53:10.195059+02:00,-0.004252734128385782
2026-05-14 15:53:10.210684+02:00,-0.0024066856130957603
2026-05-14 15:53:10.226309+02:00,-0.0004204176366329193
2026-05-14 15:53:10.241934+02:00,0.0016880081966519356
2026-05-14 15:53:10.257559+02:00,0.0038792183622717857
2026-05-14 15:53:10.273184+02:00,0.006098303012549877
2026-05-14 15:53:10.288809+02:00,0.008283320814371109
2026-05-14 15:53:10.304434+02:00,0.010372530668973923
2026-05-14 15:53:10.320059+02:00,0.012310147285461426
2026-05-14 15:53:10.335684+02:00,0.014052014797925949
2026-05-14 15:53:10.351309+02:00,0.01557101123034954
2026-05-14 15:53:10.366934+02:00,0.016860222443938255
2026-05-14 15:53:10.382559+02:00,0.01792987249791622
2026-05-14 15:53:10.398184+02:00,0.018795162439346313
2026-05-14 15:53:10.413809+02:00,0.019456680864095688
2026-05-14 15:53:10.429434+02:00,0.019878260791301727
2026-05-14 15:53:10.445059+02:00,0.01997060887515545
2026-05-14 15:53:10.460684+02:00,0.019592326134443283
2026-05-14 15:53:10.476309+02:00,0.0185756403952837
2026-05-14 15:53:10.491934+02:00,0.01676955819129944
2026-05-14 15:53:10.507559+02:00,0.014084475114941597
2026-05-14 15:53:10.523184+02:00,0.010526420548558235
2026-05-14 15:53:10.538809+02:00,0.006212301552295685
2026-05-14 15:53:10.554434+02:00,0.0013610012829303741
2026-05-14 15:53:10.570059+02:00,-0.003735104575753212
2026-05-14 15:53:10.585684+02:00,-0.00874866172671318
2026-05-14 15:53:10.601309+02:00,-0.013358763419091702
2026-05-14 15:53:10.616934+02:00,-0.017288630828261375
2026-05-14 15:53:10.632559+02:00,-0.020332854241132736
2026-05-14 15:53:10.648184+02:00,-0.02237257920205593
2026-05-14 15:53:10.663809+02:00,-0.023380327969789505
2026-05-14 15:53:10.679434+02:00,-0.023413818329572678
2026-05-14 15:53:10.695059+02:00,-0.022600289434194565
2026-05-14 15:53:10.710684+02:00,-0.02111772447824478
2026-05-14 15:53:10.726309+02:00,-0.019174326211214066
2026-05-14 15:53:10.741934+02:00,-0.016983529552817345
2026-05-14 15:53:10.757559+02:00,-0.01473863422870636
2026-05-14 15:53:10.773184+02:00,-0.012594329193234444
2026-05-14 15:53:10.788809+02:00,-0.010656489059329033
2026-05-14 15:53:10.804434+02:00,-0.008977510966360569
2026-05-14 15:53:10.820059+02:00,-0.0075565180741250515
2026-05-14 15:53:10.835684+02:00,-0.006346488371491432
2026-05-14 15:53:10.851309+02:00,-0.005268600303679705
2026-05-14 15:53:10.866934+02:00,-0.004230218008160591
2026-05-14 15:53:10.882559+02:00,-0.003142612287774682
2026-05-14 15:53:10.898184+02:00,-0.0019360848236829042
2026-05-14 15:53:10.913809+02:00,-0.0005694827996194363
2026-05-14 15:53:10.929434+02:00,0.0009669833816587925
2026-05-14 15:53:10.945059+02:00,0.0026539743412286043
2026-05-14 15:53:10.960684+02:00,0.0044496310874819756
2026-05-14 15:53:10.976309+02:00,0.006298944354057312
2026-05-14 15:53:10.991934+02:00,0.008142218925058842
2026-05-14 15:53:11.007559+02:00,0.009920796379446983
2026-05-14 15:53:11.023184+02:00,0.01158085372298956
2026-05-14 15:53:11.038809+02:00,0.013076232746243477
2026-05-14 15:53:11.054434+02:00,0.014371299184858799
2026-05-14 15:53:11.070059+02:00,0.015444595366716385
2026-05-14 15:53:11.085684+02:00,0.016289234161376953
2026-05-14 15:53:11.101309+02:00,0.016901705414056778
2026-05-14 15:53:11.116934+02:00,0.017259003594517708
2026-05-14 15:53:11.132559+02:00,0.0172983817756176
2026-05-14 15:53:11.148184+02:00,0.016913723200559616
2026-05-14 15:53:11.163809+02:00,0.01597168669104576
2026-05-14 15:53:11.179434+02:00,0.014345010742545128
2026-05-14 15:53:11.195059+02:00,0.011954393237829208
2026-05-14 15:53:11.210684+02:00,0.008803490549325943
2026-05-14 15:53:11.226309+02:00,0.004995000082999468
2026-05-14 15:53:11.241934+02:00,0.000725841149687767
2026-05-14 15:53:11.257559+02:00,-0.0037356591783463955
2026-05-14 15:53:11.273184+02:00,-0.008086216636002064
2026-05-14 15:53:11.288809+02:00,-0.012028589844703674
2026-05-14 15:53:11.304434+02:00,-0.015307862311601639
2026-05-14 15:53:11.320059+02:00,-0.017739227041602135
2026-05-14 15:53:11.335684+02:00,-0.01922416128218174
2026-05-14 15:53:11.351309+02:00,-0.019753102213144302
2026-05-14 15:53:11.366934+02:00,-0.019398091360926628
2026-05-14 15:53:11.382559+02:00,-0.018297815695405006
2026-05-14 15:53:11.398184+02:00,-0.016636012122035027
2026-05-14 15:53:11.413809+02:00,-0.014617874287068844
2026-05-14 15:53:11.429434+02:00,-0.012446904554963112
2026-05-14 15:53:11.445059+02:00,-0.010301703587174416
2026-05-14 15:53:11.460684+02:00,-0.008316735737025738
2026-05-14 15:53:11.476309+02:00,-0.0065729497000575066
2026-05-14 15:53:11.491934+02:00,-0.005098188295960426
2026-05-14 15:53:11.507559+02:00,-0.0038732453249394894
2026-05-14 15:53:11.523184+02:00,-0.0028413189575076103
2026-05-14 15:53:11.538809+02:00,-0.0019207028672099113
2026-05-14 15:53:11.554434+02:00,-0.0010205027647316456
2026-05-14 15:53:11.570059+02:00,-5.70428092032671e-05
2026-05-14 15:53:11.585684+02:00,0.0010334933176636696
2026-05-14 15:53:11.601309+02:00,0.0022882854100316763
2026-05-14 15:53:11.616934+02:00,0.0037149155978113413
2026-05-14 15:53:11.632559+02:00,0.005291972775012255
2026-05-14 15:53:11.648184+02:00,0.006976226344704628
2026-05-14 15:53:11.663809+02:00,0.008714049123227596
2026-05-14 15:53:11.679434+02:00,0.010449589230120182
2026-05-14 15:53:11.695059+02:00,0.012126078829169273
2026-05-14 15:53:11.710684+02:00,0.013680404052138329
2026-05-14 15:53:11.726309+02:00,0.01503113005310297
2026-05-14 15:53:11.741934+02:00,0.016066284850239754
2026-05-14 15:53:11.757559+02:00,0.016644036397337914
2026-05-14 15:53:11.773184+02:00,0.01661134511232376
2026-05-14 15:53:11.788809+02:00,0.015834223479032516
2026-05-14 15:53:11.804434+02:00,0.014231594279408455
2026-05-14 15:53:11.820059+02:00,0.01180365402251482
2026-05-14 15:53:11.835684+02:00,0.008646408095955849
2026-05-14 15:53:11.851309+02:00,0.004949369467794895
2026-05-14 15:53:11.866934+02:00,0.00097537727560848
2026-05-14 15:53:11.882559+02:00,-0.002975321374833584
2026-05-14 15:53:11.898184+02:00,-0.00660641398280859
2026-05-14 15:53:11.913809+02:00,-0.009661313146352768
2026-05-14 15:53:11.929434+02:00,-0.011949354782700539
2026-05-14 15:53:11.945059+02:00,-0.013362034223973751
2026-05-14 15:53:11.960684+02:00,-0.013877817429602146
2026-05-14 15:53:11.976309+02:00,-0.013554600067436695
2026-05-14 15:53:11.991934+02:00,-0.012514470145106316
2026-05-14 15:53:12.007559+02:00,-0.010926390066742897
2026-05-14 15:53:12.023184+02:00,-0.008985977619886398
2026-05-14 15:53:12.038809+02:00,-0.00689080823212862
2026-05-14 15:53:12.054434+02:00,-0.0048156119883060455
2026-05-14 15:53:12.070059+02:00,-0.0028948145918548107
2026-05-14 15:53:12.085684+02:00,-0.0012147310189902782
2026-05-14 15:53:12.101309+02:00,0.00018797395750880241
2026-05-14 15:53:12.116934+02:00,0.0013228119350969791
2026-05-14 15:53:12.132559+02:00,0.0022370018996298313
2026-05-14 15:53:12.148184+02:00,0.003003238933160901
2026-05-14 15:53:12.163809+02:00,0.0037043055053800344
2026-05-14 15:53:12.179434+02:00,0.004418503493070602
2026-05-14 15:53:12.195059+02:00,0.005211391486227512
2026-05-14 15:53:12.210684+02:00,0.0061311982572078705
2026-05-14 15:53:12.226309+02:00,0.007203065324574709
2026-05-14 15:53:12.241934+02:00,0.008425732143223286
2026-05-14 15:53:12.257559+02:00,0.009774190373718739
2026-05-14 15:53:12.273184+02:00,0.011204615235328674
2026-05-14 15:53:12.288809+02:00,0.01265661045908928
2026-05-14 15:53:12.304434+02:00,0.014049329794943333
2026-05-14 15:53:12.320059+02:00,0.015272167511284351
2026-05-14 15:53:12.335684+02:00,0.016178855672478676
2026-05-14 15:53:12.351309+02:00,0.016595613211393356
2026-05-14 15:53:12.366934+02:00,0.016345584765076637
2026-05-14 15:53:12.382559+02:00,0.015284762717783451
2026-05-14 15:53:12.398184+02:00,0.013340476900339127
2026-05-14 15:53:12.413809+02:00,0.010539038106799126
2026-05-14 15:53:12.429434+02:00,0.007013301365077496
2026-05-14 15:53:12.445059+02:00,0.002990217413753271
2026-05-14 15:53:12.460684+02:00,-0.0012380322441458702
2026-05-14 15:53:12.476309+02:00,-0.00535388570278883
2026-05-14 15:53:12.491934+02:00,-0.00905613787472248
2026-05-14 15:53:12.507559+02:00,-0.01209545973688364
2026-05-14 15:53:12.523184+02:00,-0.01430039294064045
2026-05-14 15:53:12.538809+02:00,-0.01559101790189743
2026-05-14 15:53:12.554434+02:00,-0.01597690023481846
2026-05-14 15:53:12.570059+02:00,-0.01554201915860176
2026-05-14 15:53:12.585684+02:00,-0.014425205066800117
2026-05-14 15:53:12.601309+02:00,-0.012801075354218483
2026-05-14 15:53:12.616934+02:00,-0.010860685259103775
2026-05-14 15:53:12.632559+02:00,-0.008790392428636551
2026-05-14 15:53:12.648184+02:00,-0.006751491688191891
2026-05-14 15:53:12.663809+02:00,-0.00486559234559536
2026-05-14 15:53:12.679434+02:00,-0.00320684676989913
2026-05-14 15:53:12.695059+02:00,-0.0018002609722316265
2026-05-14 15:53:12.710684+02:00,-0.0006273076869547367
2026-05-14 15:53:12.726309+02:00,0.0003623049706220627
2026-05-14 15:53:12.741934+02:00,0.0012371418997645378
2026-05-14 15:53:12.757559+02:00,0.002071819733828306
2026-05-14 15:53:12.773184+02:00,0.002936023287475109
2026-05-14 15:53:12.788809+02:00,0.0038845448289066553
2026-05-14 15:53:12.804434+02:00,0.004950413480401039
2026-05-14 15:53:12.820059+02:00,0.006143343169242144
2026-05-14 15:53:12.835684+02:00,0.0074522532522678375
2026-05-14 15:53:12.851309+02:00,0.008849166333675385
2026-05-14 15:53:12.866934+02:00,0.010293190367519855
2026-05-14 15:53:12.882559+02:00,0.011731374077498913
2026-05-14 15:53:12.898184+02:00,0.013091200031340122
2026-05-14 15:53:12.913809+02:00,0.01426747813820839
2026-05-14 15:53:12.929434+02:00,0.01511653047055006
2026-05-14 15:53:12.945059+02:00,0.015467126853764057
2026-05-14 15:53:12.960684+02:00,0.015146845951676369
2026-05-14 15:53:12.976309+02:00,0.014017102308571339
2026-05-14 15:53:12.991934+02:00,0.012009594589471817
2026-05-14 15:53:13.007559+02:00,0.00915483571588993
2026-05-14 15:53:13.023184+02:00,0.0055906036868691444
2026-05-14 15:53:13.038809+02:00,0.0015458728885278106
2026-05-14 15:53:13.054434+02:00,-0.0026911378372460604
2026-05-14 15:53:13.070059+02:00,-0.006810301449149847
2026-05-14 15:53:13.085684+02:00,-0.010516365990042686
2026-05-14 15:53:13.101309+02:00,-0.01356092281639576
2026-05-14 15:53:13.116934+02:00,-0.015767041593790054
2026-05-14 15:53:13.132559+02:00,-0.017044661566615105
2026-05-14 15:53:13.148184+02:00,-0.01739414408802986
2026-05-14 15:53:13.163809+02:00,-0.016897423192858696
2026-05-14 15:53:13.179434+02:00,-0.015699205920100212
2026-05-14 15:53:13.195059+02:00,-0.013982663862407207
2026-05-14 15:53:13.210684+02:00,-0.01194442342966795
2026-05-14 15:53:13.226309+02:00,-0.009772611781954765
2026-05-14 15:53:13.241934+02:00,-0.007630202919244766
2026-05-14 15:53:13.257559+02:00,-0.005642157047986984
2026-05-14 15:53:13.273184+02:00,-0.0038862982764840126
2026-05-14 15:53:13.288809+02:00,-0.002392495982348919
2026-05-14 15:53:13.304434+02:00,-0.0011484809219837189
2026-05-14 15:53:13.320059+02:00,-0.00010711466893553734
2026-05-14 15:53:13.335684+02:00,0.0008026515133678913
2026-05-14 15:53:13.351309+02:00,0.0016599278897047043
2026-05-14 15:53:13.366934+02:00,0.0025376337580382824
2026-05-14 15:53:13.382559+02:00,0.003493721829727292
2026-05-14 15:53:13.398184+02:00,0.0045654019340872765
2026-05-14 15:53:13.413809+02:00,0.005765970330685377
2026-05-14 15:53:13.429434+02:00,0.007085823453962803
2026-05-14 15:53:13.445059+02:00,0.008495726622641087
2026-05-14 15:53:13.460684+02:00,0.009951325133442879
2026-05-14 15:53:13.476309+02:00,0.011400317773222923
2026-05-14 15:53:13.491934+02:00,0.012789702974259853
2026-05-14 15:53:13.507559+02:00,0.014066889882087708
2026-05-14 15:53:13.523184+02:00,0.015170488506555557
2026-05-14 15:53:13.538809+02:00,0.01601441204547882
2026-05-14 15:53:13.554434+02:00,0.016477219760417938
2026-05-14 15:53:13.570059+02:00,0.016407404094934464
2026-05-14 15:53:13.585684+02:00,0.01564865931868553
2026-05-14 15:53:13.601309+02:00,0.014079774729907513
2026-05-14 15:53:13.616934+02:00,0.011653638444840908
2026-05-14 15:53:13.632559+02:00,0.008420662023127079
2026-05-14 15:53:13.648184+02:00,0.004532423801720142
2026-05-14 15:53:13.663809+02:00,0.00022792653180658817
2026-05-14 15:53:13.679434+02:00,-0.004195349290966988
2026-05-14 15:53:13.695059+02:00,-0.008422136306762695
2026-05-14 15:53:13.710684+02:00,-0.012162546627223492
2026-05-14 15:53:13.726309+02:00,-0.015185659751296043
2026-05-14 15:53:13.741934+02:00,-0.0173388309776783
2026-05-14 15:53:13.757559+02:00,-0.01855596899986267
2026-05-14 15:53:13.773184+02:00,-0.018856341019272804
2026-05-14 15:53:13.788809+02:00,-0.018334409222006798
2026-05-14 15:53:13.804434+02:00,-0.017142711207270622
2026-05-14 15:53:13.820059+02:00,-0.015469180420041084
2026-05-14 15:53:13.835684+02:00,-0.013512592762708664
2026-05-14 15:53:13.851309+02:00,-0.011460802517831326
2026-05-14 15:53:13.866934+02:00,-0.00947210006415844
2026-05-14 15:53:13.882559+02:00,-0.007659871596843004
2026-05-14 15:53:13.898184+02:00,-0.0060854884795844555
2026-05-14 15:53:13.913809+02:00,-0.004762229975312948
2026-05-14 15:53:13.929434+02:00,-0.0036654919385910034
2026-05-14 15:53:13.945059+02:00,-0.002743479795753956
2026-05-14 15:53:13.960684+02:00,-0.0019277366809546947
2026-05-14 15:53:13.976309+02:00,-0.0011449591256678104
2026-05-14 15:53:13.991934+02:00,-0.00032746652141213417
2026-05-14 15:53:14.007559+02:00,0.0005799303762614727
2026-05-14 15:53:14.023184+02:00,0.001613822765648365
2026-05-14 15:53:14.038809+02:00,0.0027870582416653633
2026-05-14 15:53:14.054434+02:00,0.004089169669896364
2026-05-14 15:53:14.070059+02:00,0.005492521915584803
2026-05-14 15:53:14.085684+02:00,0.006959298625588417
2026-05-14 15:53:14.101309+02:00,0.00844509620219469
2026-05-14 15:53:14.116934+02:00,0.00989542342722416
2026-05-14 15:53:14.132559+02:00,0.011234048753976822
2026-05-14 15:53:14.148184+02:00,0.01235007680952549
2026-05-14 15:53:14.163809+02:00,0.013093903660774231
2026-05-14 15:53:14.179434+02:00,0.013289999216794968
2026-05-14 15:53:14.195059+02:00,0.012767935171723366
2026-05-14 15:53:14.210684+02:00,0.011402124539017677
2026-05-14 15:53:14.226309+02:00,0.009148690849542618
2026-05-14 15:53:14.241934+02:00,0.006070364266633987
2026-05-14 15:53:14.257559+02:00,0.0023391861468553543
2026-05-14 15:53:14.273184+02:00,-0.0017850357107818127
2026-05-14 15:53:14.288809+02:00,-0.005991429090499878
2026-05-14 15:53:14.304434+02:00,-0.009961138479411602
2026-05-14 15:53:14.320059+02:00,-0.013408084399998188
2026-05-14 15:53:14.335684+02:00,-0.016108199954032898
2026-05-14 15:53:14.351309+02:00,-0.017916876822710037
2026-05-14 15:53:14.366934+02:00,-0.018777623772621155
2026-05-14 15:53:14.382559+02:00,-0.0187201127409935
2026-05-14 15:53:14.398184+02:00,-0.01784839853644371
2026-05-14 15:53:14.413809+02:00,-0.016322247684001923
2026-05-14 15:53:14.429434+02:00,-0.01433342881500721
2026-05-14 15:53:14.445059+02:00,-0.01208176463842392
2026-05-14 15:53:14.460684+02:00,-0.009754468686878681
2026-05-14 15:53:14.476309+02:00,-0.007508758455514908
2026-05-14 15:53:14.491934+02:00,-0.00545887928456068
2026-05-14 15:53:14.507559+02:00,-0.003668859601020813
2026-05-14 15:53:14.523184+02:00,-0.002151956781744957
2026-05-14 15:53:14.538809+02:00,-0.0008778376504778862
2026-05-14 15:53:14.554434+02:00,0.0002150433138012886
2026-05-14 15:53:14.570059+02:00,0.0012060068547725677
2026-05-14 15:53:14.585684+02:00,0.002179378643631935
2026-05-14 15:53:14.601309+02:00,0.0032122470438480377
2026-05-14 15:53:14.616934+02:00,0.004363794345408678
2026-05-14 15:53:14.632559+02:00,0.005669509992003441
2026-05-14 15:53:14.648184+02:00,0.0071402620524168015
2026-05-14 15:53:14.663809+02:00,0.008763122372329235
2026-05-14 15:53:14.679434+02:00,0.010503784753382206
2026-05-14 15:53:14.695059+02:00,0.012309576384723186
2026-05-14 15:53:14.710684+02:00,0.014107681810855865
2026-05-14 15:53:14.726309+02:00,0.015795687213540077
2026-05-14 15:53:14.741934+02:00,0.017230622470378876
2026-05-14 15:53:14.757559+02:00,0.018229423090815544
2026-05-14 15:53:14.773184+02:00,0.018588971346616745
2026-05-14 15:53:14.788809+02:00,0.01812252774834633
2026-05-14 15:53:14.804434+02:00,0.016703102737665176
2026-05-14 15:53:14.820059+02:00,0.014301026239991188
2026-05-14 15:53:14.835684+02:00,0.011002954095602036
2026-05-14 15:53:14.851309+02:00,0.007008238695561886
2026-05-14 15:53:14.866934+02:00,0.0026056445203721523
2026-05-14 15:53:14.882559+02:00,-0.0018666023388504982
2026-05-14 15:53:14.898184+02:00,-0.006069485563784838
2026-05-14 15:53:14.913809+02:00,-0.009706346318125725
2026-05-14 15:53:14.929434+02:00,-0.012551683001220226
2026-05-14 15:53:14.945059+02:00,-0.014467072673141956
2026-05-14 15:53:14.960684+02:00,-0.015407472848892212
2026-05-14 15:53:14.976309+02:00,-0.0154167041182518
2026-05-14 15:53:14.991934+02:00,-0.014611205086112022
2026-05-14 15:53:15.007559+02:00,-0.01315708551555872
2026-05-14 15:53:15.023184+02:00,-0.011248048394918442
2026-05-14 15:53:15.038809+02:00,-0.00908625964075327
2026-05-14 15:53:15.054434+02:00,-0.00686273630708456
2026-05-14 15:53:15.070059+02:00,-0.00473629217594862
2026-05-14 15:53:15.085684+02:00,-0.002817027270793915
2026-05-14 15:53:15.101309+02:00,-0.0011601047590374947
2026-05-14 15:53:15.116934+02:00,0.000231974758207798
2026-05-14 15:53:15.132559+02:00,0.0014016982167959213
2026-05-14 15:53:15.148184+02:00,0.002423175610601902
2026-05-14 15:53:15.163809+02:00,0.003384738229215145
2026-05-14 15:53:15.179434+02:00,0.004371651913970709
2026-05-14 15:53:15.195059+02:00,0.005451584234833717
2026-05-14 15:53:15.210684+02:00,0.006665288005024195
2026-05-14 15:53:15.226309+02:00,0.008024786598980427
2026-05-14 15:53:15.241934+02:00,0.009517533704638481
2026-05-14 15:53:15.257559+02:00,0.011112374253571033
2026-05-14 15:53:15.273184+02:00,0.01276589184999466
2026-05-14 15:53:15.288809+02:00,0.014429613947868347
2026-05-14 15:53:15.304434+02:00,0.016055377200245857
2026-05-14 15:53:15.320059+02:00,0.017594676464796066
2026-05-14 15:53:15.335684+02:00,0.01898946613073349
2026-05-14 15:53:15.351309+02:00,0.020156467333436012
2026-05-14 15:53:15.366934+02:00,0.020974991843104362
2026-05-14 15:53:15.382559+02:00,0.02128930203616619
2026-05-14 15:53:15.398184+02:00,0.02092677354812622
2026-05-14 15:53:15.413809+02:00,0.019727462902665138
2026-05-14 15:53:15.429434+02:00,0.0175816398113966
2026-05-14 15:53:15.445059+02:00,0.014466273598372936
2026-05-14 15:53:15.460684+02:00,0.010466818697750568
2026-05-14 15:53:15.476309+02:00,0.0057779718190431595
2026-05-14 15:53:15.491934+02:00,0.000684462022036314
2026-05-14 15:53:15.507559+02:00,-0.004474882036447525
2026-05-14 15:53:15.523184+02:00,-0.009352587163448334
2026-05-14 15:53:15.538809+02:00,-0.013637011870741844
2026-05-14 15:53:15.554434+02:00,-0.01708628237247467
2026-05-14 15:53:15.570059+02:00,-0.019546836614608765
2026-05-14 15:53:15.585684+02:00,-0.020959630608558655
2026-05-14 15:53:15.601309+02:00,-0.021358463913202286
2026-05-14 15:53:15.616934+02:00,-0.020857878029346466
2026-05-14 15:53:15.632559+02:00,-0.01962991990149021
2026-05-14 15:53:15.648184+02:00,-0.01787751168012619
2026-05-14 15:53:15.663809+02:00,-0.015810204669833183
2026-05-14 15:53:15.679434+02:00,-0.013622315600514412
2026-05-14 15:53:15.695059+02:00,-0.011474007740616798
2026-05-14 15:53:15.710684+02:00,-0.009478979744017124
2026-05-14 15:53:15.726309+02:00,-0.007701869122684002
2026-05-14 15:53:15.741934+02:00,-0.006161855533719063
2026-05-14 15:53:15.757559+02:00,-0.004837004002183676
2026-05-14 15:53:15.773184+02:00,-0.0036717518232762814
2026-05-14 15:53:15.788809+02:00,-0.002591076772660017
2026-05-14 15:53:15.804434+02:00,-0.0015160092152655125
2026-05-14 15:53:15.820059+02:00,-0.0003750873729586601
2026-05-14 15:53:15.835684+02:00,0.0008864677511155605
2026-05-14 15:53:15.851309+02:00,0.002299877814948559
2026-05-14 15:53:15.866934+02:00,0.003871380817145109
2026-05-14 15:53:15.882559+02:00,0.005584698636084795
2026-05-14 15:53:15.898184+02:00,0.007403971627354622
2026-05-14 15:53:15.913809+02:00,0.009278295561671257
2026-05-14 15:53:15.929434+02:00,0.011149786412715912
2026-05-14 15:53:15.945059+02:00,0.012961618602275848
2026-05-14 15:53:15.960684+02:00,0.014658709987998009
2026-05-14 15:53:15.976309+02:00,0.01617659628391266
2026-05-14 15:53:15.991934+02:00,0.017422065138816833
2026-05-14 15:53:16.007559+02:00,0.018257353454828262
2026-05-14 15:53:16.023184+02:00,0.018501436337828636
2026-05-14 15:53:16.038809+02:00,0.01795446313917637
2026-05-14 15:53:16.054434+02:00,0.016440721228718758
2026-05-14 15:53:16.070059+02:00,0.013857495039701462
2026-05-14 15:53:16.085684+02:00,0.010214210487902164
2026-05-14 15:53:16.101309+02:00,0.005649900063872337
2026-05-14 15:53:16.116934+02:00,0.00042417424265295267
2026-05-14 15:53:16.132559+02:00,-0.005115075036883354
2026-05-14 15:53:16.148184+02:00,-0.010578911751508713
2026-05-14 15:53:16.163809+02:00,-0.015588655136525631
2026-05-14 15:53:16.179434+02:00,-0.019819755107164383
2026-05-14 15:53:16.195059+02:00,-0.023032909259200096
2026-05-14 15:53:16.210684+02:00,-0.025091996416449547
2026-05-14 15:53:16.226309+02:00,-0.025968030095100403
2026-05-14 15:53:16.241934+02:00,-0.025730028748512268
2026-05-14 15:53:16.257559+02:00,-0.02452685311436653
2026-05-14 15:53:16.273184+02:00,-0.02256423979997635
2026-05-14 15:53:16.288809+02:00,-0.020079338923096657
2026-05-14 15:53:16.304434+02:00,-0.01731446199119091
2026-05-14 15:53:16.320059+02:00,-0.014490924775600433
2026-05-14 15:53:16.335684+02:00,-0.011785168200731277
2026-05-14 15:53:16.351309+02:00,-0.0093145240098238
2026-05-14 15:53:16.366934+02:00,-0.007136686239391565
2026-05-14 15:53:16.382559+02:00,-0.005255887750536203
2026-05-14 15:53:16.398184+02:00,-0.003630128689110279
2026-05-14 15:53:16.413809+02:00,-0.0021837125532329082
2026-05-14 15:53:16.429434+02:00,-0.0008269483223557472
2026-05-14 15:53:16.445059+02:00,0.0005233893170952797
2026-05-14 15:53:16.460684+02:00,0.0019290619529783726
2026-05-14 15:53:16.476309+02:00,0.003422824200242758
2026-05-14 15:53:16.491934+02:00,0.005007559433579445
2026-05-14 15:53:16.507559+02:00,0.006659248843789101
2026-05-14 15:53:16.523184+02:00,0.00833270512521267
2026-05-14 15:53:16.538809+02:00,0.0099714957177639
2026-05-14 15:53:16.554434+02:00,0.011519959196448326
2026-05-14 15:53:16.570059+02:00,0.012932892888784409
2026-05-14 15:53:16.585684+02:00,0.014181481674313545
2026-05-14 15:53:16.601309+02:00,0.015254995785653591
2026-05-14 15:53:16.616934+02:00,0.01615368388593197
2026-05-14 15:53:16.632559+02:00,0.01686818338930607
2026-05-14 15:53:16.648184+02:00,0.017352933064103127
2026-05-14 15:53:16.663809+02:00,0.01751023717224598
2026-05-14 15:53:16.679434+02:00,0.017196418717503548
2026-05-14 15:53:16.695059+02:00,0.016251346096396446
2026-05-14 15:53:16.710684+02:00,0.014541505835950375
2026-05-14 15:53:16.726309+02:00,0.012002527713775635
2026-05-14 15:53:16.741934+02:00,0.008670239709317684
2026-05-14 15:53:16.757559+02:00,0.0046907332725822926
2026-05-14 15:53:16.773184+02:00,0.0003055686829611659
2026-05-14 15:53:16.788809+02:00,-0.004181977827101946
2026-05-14 15:53:16.804434+02:00,-0.008449757471680641
2026-05-14 15:53:16.820059+02:00,-0.01219959370791912
2026-05-14 15:53:16.835684+02:00,-0.015192318707704544
2026-05-14 15:53:16.851309+02:00,-0.017269687727093697
2026-05-14 15:53:16.866934+02:00,-0.018362434580922127
2026-05-14 15:53:16.882559+02:00,-0.018487857654690742
2026-05-14 15:53:16.898184+02:00,-0.017740728333592415
2026-05-14 15:53:16.913809+02:00,-0.016279008239507675
2026-05-14 15:53:16.929434+02:00,-0.014303809031844139
2026-05-14 15:53:16.945059+02:00,-0.012033658102154732
2026-05-14 15:53:16.960684+02:00,-0.009677423164248466
2026-05-14 15:53:16.976309+02:00,-0.0074106184765696526
2026-05-14 15:53:16.991934+02:00,-0.005358511116355658
2026-05-14 15:53:17.007559+02:00,-0.003588832914829254
2026-05-14 15:53:17.023184+02:00,-0.002111900132149458
2026-05-14 15:53:17.038809+02:00,-0.0008857729844748974
2026-05-14 15:53:17.054434+02:00,0.00017172563821077347
2026-05-14 15:53:17.070059+02:00,0.0011645080521702766
2026-05-14 15:53:17.085684+02:00,0.0021972740069031715
2026-05-14 15:53:17.101309+02:00,0.003357526147738099
2026-05-14 15:53:17.116934+02:00,0.004704333376139402
2026-05-14 15:53:17.132559+02:00,0.006263612769544125
2026-05-14 15:53:17.148184+02:00,0.008028779178857803
2026-05-14 15:53:17.163809+02:00,0.009966310113668442
2026-05-14 15:53:17.179434+02:00,0.012023484334349632
2026-05-14 15:53:17.195059+02:00,0.014133386313915253
2026-05-14 15:53:17.210684+02:00,0.016212603077292442
2026-05-14 15:53:17.226309+02:00,0.018150651827454567
2026-05-14 15:53:17.241934+02:00,0.01979827508330345
2026-05-14 15:53:17.257559+02:00,0.02096603810787201
2026-05-14 15:53:17.273184+02:00,0.02144095115363598
2026-05-14 15:53:17.288809+02:00,0.021021192893385887
2026-05-14 15:53:17.304434+02:00,0.019559111446142197
2026-05-14 15:53:17.320059+02:00,0.017000017687678337
2026-05-14 15:53:17.335684+02:00,0.013407964259386063
2026-05-14 15:53:17.351309+02:00,0.008970864117145538
2026-05-14 15:53:17.366934+02:00,0.003982352092862129
2026-05-14 15:53:17.382559+02:00,-0.0011947082821279764
2026-05-14 15:53:17.398184+02:00,-0.006176237482577562
2026-05-14 15:53:17.413809+02:00,-0.010606053285300732
2026-05-14 15:53:17.429434+02:00,-0.014195653609931469
2026-05-14 15:53:17.445059+02:00,-0.016751375049352646
2026-05-14 15:53:17.460684+02:00,-0.01818707026541233
2026-05-14 15:53:17.476309+02:00,-0.01852176897227764
2026-05-14 15:53:17.491934+02:00,-0.0178661085665226
2026-05-14 15:53:17.507559+02:00,-0.016400890424847603
2026-05-14 15:53:17.523184+02:00,-0.014351259917020798
2026-05-14 15:53:17.538809+02:00,-0.011960039846599102
2026-05-14 15:53:17.554434+02:00,-0.009460982866585255
2026-05-14 15:53:17.570059+02:00,-0.007054021582007408
2026-05-14 15:53:17.585684+02:00,-0.0048861377872526646
2026-05-14 15:53:17.601309+02:00,-0.0030402066186070442
2026-05-14 15:53:17.616934+02:00,-0.0015343865379691124
2026-05-14 15:53:17.632559+02:00,-0.0003317921655252576
2026-05-14 15:53:17.648184+02:00,0.0006453014211729169
2026-05-14 15:53:17.663809+02:00,0.0015002669533714652
2026-05-14 15:53:17.679434+02:00,0.0023442478850483894
2026-05-14 15:53:17.695059+02:00,0.0032771022524684668
2026-05-14 15:53:17.710684+02:00,0.004371983930468559
2026-05-14 15:53:17.726309+02:00,0.005665336269885302
2026-05-14 15:53:17.741934+02:00,0.007154158316552639
2026-05-14 15:53:17.757559+02:00,0.00880291685461998
2026-05-14 15:53:17.773184+02:00,0.010555779561400414
2026-05-14 15:53:17.788809+02:00,0.01234669890254736
2026-05-14 15:53:17.804434+02:00,0.01410689391195774
2026-05-14 15:53:17.820059+02:00,0.015770846977829933
2026-05-14 15:53:17.835684+02:00,0.017273571342229843
2026-05-14 15:53:17.851309+02:00,0.01853409968316555
2026-05-14 15:53:17.866934+02:00,0.019435761496424675
2026-05-14 15:53:17.882559+02:00,0.019819678738713264
2026-05-14 15:53:17.898184+02:00,0.019497517496347427
2026-05-14 15:53:17.913809+02:00,0.018281597644090652
2026-05-14 15:53:17.929434+02:00,0.01602816767990589
2026-05-14 15:53:17.945059+02:00,0.012682434171438217
2026-05-14 15:53:17.960684+02:00,0.008310748264193535
2026-05-14 15:53:17.976309+02:00,0.0031091319397091866
2026-05-14 15:53:17.991934+02:00,-0.0026165139861404896
2026-05-14 15:53:18.007559+02:00,-0.00849088840186596
2026-05-14 15:53:18.023184+02:00,-0.014117391780018806
2026-05-14 15:53:18.038809+02:00,-0.019126880913972855
2026-05-14 15:53:18.054434+02:00,-0.02322043478488922
2026-05-14 15:53:18.070059+02:00,-0.026198025792837143
2026-05-14 15:53:18.085684+02:00,-0.02796989679336548
2026-05-14 15:53:18.101309+02:00,-0.02855171263217926
2026-05-14 15:53:18.116934+02:00,-0.028048653155565262
2026-05-14 15:53:18.132559+02:00,-0.026635410264134407
2026-05-14 15:53:18.148184+02:00,-0.024534516036510468
2026-05-14 15:53:18.163809+02:00,-0.021992478519678116
2026-05-14 15:53:18.179434+02:00,-0.01925390213727951
2026-05-14 15:53:18.195059+02:00,-0.016535697504878044
2026-05-14 15:53:18.210684+02:00,-0.014005121774971485
2026-05-14 15:53:18.226309+02:00,-0.011765677481889725
2026-05-14 15:53:18.241934+02:00,-0.009854011237621307
2026-05-14 15:53:18.257559+02:00,-0.008247376419603825
2026-05-14 15:53:18.273184+02:00,-0.006877609994262457
2026-05-14 15:53:18.288809+02:00,-0.005647965241223574
2026-05-14 15:53:18.304434+02:00,-0.004452144261449575
2026-05-14 15:53:18.320059+02:00,-0.0031938343308866024
2026-05-14 15:53:18.335684+02:00,-0.0018003295408561826
2026-05-14 15:53:18.351309+02:00,-0.00022685970179736614
2026-05-14 15:53:18.366934+02:00,0.0015436967369168997
2026-05-14 15:53:18.382559+02:00,0.003501008963212371
2026-05-14 15:53:18.398184+02:00,0.00560795096680522
2026-05-14 15:53:18.413809+02:00,0.007802301086485386
2026-05-14 15:53:18.429434+02:00,0.009994661435484886
2026-05-14 15:53:18.445059+02:00,0.012059957720339298
2026-05-14 15:53:18.460684+02:00,0.013829980045557022
2026-05-14 15:53:18.476309+02:00,0.015096991322934628
2026-05-14 15:53:18.491934+02:00,0.015634873881936073
2026-05-14 15:53:18.507559+02:00,0.01523821335285902
2026-05-14 15:53:18.523184+02:00,0.013768834993243217
2026-05-14 15:53:18.538809+02:00,0.01119504775851965
2026-05-14 15:53:18.554434+02:00,0.007613463327288628
2026-05-14 15:53:18.570059+02:00,0.0032469078432768583
2026-05-14 15:53:18.585684+02:00,-0.0015822415007278323
2026-05-14 15:53:18.601309+02:00,-0.0064946506172418594
2026-05-14 15:53:18.616934+02:00,-0.011101339012384415
2026-05-14 15:53:18.632559+02:00,-0.015050014480948448
2026-05-14 15:53:18.648184+02:00,-0.01806487888097763
2026-05-14 15:53:18.663809+02:00,-0.01997154764831066
2026-05-14 15:53:18.679434+02:00,-0.02070636674761772
2026-05-14 15:53:18.695059+02:00,-0.020314406603574753
2026-05-14 15:53:18.710684+02:00,-0.01893608458340168
2026-05-14 15:53:18.726309+02:00,-0.016783401370048523
2026-05-14 15:53:18.741934+02:00,-0.014110325835645199
2026-05-14 15:53:18.757559+02:00,-0.011181101202964783
2026-05-14 15:53:18.773184+02:00,-0.00823983084410429
2026-05-14 15:53:18.788809+02:00,-0.005485336296260357
2026-05-14 15:53:18.804434+02:00,-0.003054351545870304
2026-05-14 15:53:18.820059+02:00,-0.0010128691792488098
2026-05-14 15:53:18.835684+02:00,0.0006438880227506161
2026-05-14 15:53:18.851309+02:00,0.0019795913249254227
2026-05-14 15:53:18.866934+02:00,0.0030959537252783775
2026-05-14 15:53:18.882559+02:00,0.00411098450422287
2026-05-14 15:53:18.898184+02:00,0.0051395706832408905
2026-05-14 15:53:18.913809+02:00,0.006277332082390785
2026-05-14 15:53:18.929434+02:00,0.007590270601212978
2026-05-14 15:53:18.945059+02:00,0.009110376238822937
2026-05-14 15:53:18.960684+02:00,0.010835111141204834
2026-05-14 15:53:18.976309+02:00,0.012729998677968979
2026-05-14 15:53:18.991934+02:00,0.014729969203472137
2026-05-14 15:53:19.007559+02:00,0.01673072949051857
2026-05-14 15:53:19.023184+02:00,0.018573332577943802
2026-05-14 15:53:19.038809+02:00,0.02004001848399639
2026-05-14 15:53:19.054434+02:00,0.020873606204986572
2026-05-14 15:53:19.070059+02:00,0.020818445831537247
2026-05-14 15:53:19.085684+02:00,0.01967363804578781
2026-05-14 15:53:19.101309+02:00,0.017344262450933456
2026-05-14 15:53:19.116934+02:00,0.013874896802008152
2026-05-14 15:53:19.132559+02:00,0.009455768391489983
2026-05-14 15:53:19.148184+02:00,0.0044007496908307076
2026-05-14 15:53:19.163809+02:00,-0.0008966183522716165
2026-05-14 15:53:19.179434+02:00,-0.006017610896378756
2026-05-14 15:53:19.195059+02:00,-0.010571544989943504
2026-05-14 15:53:19.210684+02:00,-0.014239169657230377
2026-05-14 15:53:19.226309+02:00,-0.016800928860902786
2026-05-14 15:53:19.241934+02:00,-0.018150364980101585
2026-05-14 15:53:19.257559+02:00,-0.018295126035809517
2026-05-14 15:53:19.273184+02:00,-0.017346052452921867
2026-05-14 15:53:19.288809+02:00,-0.015496553853154182
2026-05-14 15:53:19.304434+02:00,-0.012995520606637001
2026-05-14 15:53:19.320059+02:00,-0.010115982964634895
2026-05-14 15:53:19.335684+02:00,-0.0071221631951630116
2026-05-14 15:53:19.351309+02:00,-0.004240071401000023
2026-05-14 15:53:19.366934+02:00,-0.0016373321413993835
2026-05-14 15:53:19.382559+02:00,0.0005870833992958069
2026-05-14 15:53:19.398184+02:00,0.002404706785455346
2026-05-14 15:53:19.413809+02:00,0.0038500013761222363
2026-05-14 15:53:19.429434+02:00,0.005005073267966509
2026-05-14 15:53:19.445059+02:00,0.005981591995805502
2026-05-14 15:53:19.460684+02:00,0.006902297958731651
2026-05-14 15:53:19.476309+02:00,0.007882682606577873
2026-05-14 15:53:19.491934+02:00,0.009014269337058067
2026-05-14 15:53:19.507559+02:00,0.010352497920393944
2026-05-14 15:53:19.523184+02:00,0.011912896297872066
2026-05-14 15:53:19.538809+02:00,0.01367352344095707
2026-05-14 15:53:19.554434+02:00,0.015576150268316269
2026-05-14 15:53:19.570059+02:00,0.01752246543765068
2026-05-14 15:53:19.585684+02:00,0.019366316497325897
2026-05-14 15:53:19.601309+02:00,0.020907312631607056
2026-05-14 15:53:19.616934+02:00,0.021898463368415833
2026-05-14 15:53:19.632559+02:00,0.022076860070228577
2026-05-14 15:53:19.648184+02:00,0.021211430430412292
2026-05-14 15:53:19.663809+02:00,0.019154155626893044
2026-05-14 15:53:19.679434+02:00,0.01588197611272335
2026-05-14 15:53:19.695059+02:00,0.011519013904035091
2026-05-14 15:53:19.710684+02:00,0.006331514101475477
2026-05-14 15:53:19.726309+02:00,0.0006937193684279919
2026-05-14 15:53:19.741934+02:00,-0.004965323489159346
2026-05-14 15:53:19.757559+02:00,-0.010218823328614235
2026-05-14 15:53:19.773184+02:00,-0.014694142155349255
2026-05-14 15:53:19.788809+02:00,-0.018113231286406517
2026-05-14 15:53:19.804434+02:00,-0.020315226167440414
2026-05-14 15:53:19.820059+02:00,-0.021260181441903114
2026-05-14 15:53:19.835684+02:00,-0.02101881429553032
2026-05-14 15:53:19.851309+02:00,-0.01975378394126892
2026-05-14 15:53:19.866934+02:00,-0.01769530214369297
2026-05-14 15:53:19.882559+02:00,-0.015111438930034637
2026-05-14 15:53:19.898184+02:00,-0.012274454347789288
2026-05-14 15:53:19.913809+02:00,-0.009428217075765133
2026-05-14 15:53:19.929434+02:00,-0.006763583980500698
2026-05-14 15:53:19.945059+02:00,-0.004405470099300146
2026-05-14 15:53:19.960684+02:00,-0.0024101422168314457
2026-05-14 15:53:19.976309+02:00,-0.000769954058341682
2026-05-14 15:53:19.991934+02:00,0.0005753147415816784
2026-05-14 15:53:20.007559+02:00,0.001721634529531002
2026-05-14 15:53:20.023184+02:00,0.0027815084904432297
2026-05-14 15:53:20.038809+02:00,0.003865364007651806
2026-05-14 15:53:20.054434+02:00,0.0050649032928049564
2026-05-14 15:53:20.070059+02:00,0.006440902594476938
2026-05-14 15:53:20.085684+02:00,0.008018679916858673
2026-05-14 15:53:20.101309+02:00,0.009790954180061817
2026-05-14 15:53:20.116934+02:00,0.011723394505679607
2026-05-14 15:53:20.132559+02:00,0.01375406514853239
2026-05-14 15:53:20.148184+02:00,0.015781402587890625
2026-05-14 15:53:20.163809+02:00,0.0176484826952219
2026-05-14 15:53:20.179434+02:00,0.019139012321829796
2026-05-14 15:53:20.195059+02:00,0.019995225593447685
2026-05-14 15:53:20.210684+02:00,0.01995713822543621
2026-05-14 15:53:20.226309+02:00,0.01881438121199608
2026-05-14 15:53:20.241934+02:00,0.016457166522741318
2026-05-14 15:53:20.257559+02:00,0.012912334874272346
2026-05-14 15:53:20.273184+02:00,0.008354628458619118
2026-05-14 15:53:20.288809+02:00,0.0030887797474861145
2026-05-14 15:53:20.304434+02:00,-0.0024926061742007732
2026-05-14 15:53:20.320059+02:00,-0.007961677387356758
2026-05-14 15:53:20.335684+02:00,-0.012908229604363441
2026-05-14 15:53:20.351309+02:00,-0.016987420618534088
2026-05-14 15:53:20.366934+02:00,-0.019954781979322433
2026-05-14 15:53:20.382559+02:00,-0.02168365754187107
2026-05-14 15:53:20.398184+02:00,-0.022167358547449112
2026-05-14 15:53:20.413809+02:00,-0.021509230136871338
2026-05-14 15:53:20.429434+02:00,-0.019901752471923828
2026-05-14 15:53:20.445059+02:00,-0.017597582191228867
2026-05-14 15:53:20.460684+02:00,-0.014876753091812134
2026-05-14 15:53:20.476309+02:00,-0.012013188563287258
2026-05-14 15:53:20.491934+02:00,-0.009243719279766083
2026-05-14 15:53:20.507559+02:00,-0.006744104437530041
2026-05-14 15:53:20.523184+02:00,-0.004616579972207546
2026-05-14 15:53:20.538809+02:00,-0.002889889758080244
2026-05-14 15:53:20.554434+02:00,-0.001528418157249689
2026-05-14 15:53:20.570059+02:00,-0.00044748117215931416
2026-05-14 15:53:20.585684+02:00,0.000466703437268734
2026-05-14 15:53:20.601309+02:00,0.0013361726887524128
2026-05-14 15:53:20.616934+02:00,0.0022729814518243074
2026-05-14 15:53:20.632559+02:00,0.003364450763911009
2026-05-14 15:53:20.648184+02:00,0.004663717467337847
2026-05-14 15:53:20.663809+02:00,0.006187123246490955
2026-05-14 15:53:20.679434+02:00,0.007916211150586605
2026-05-14 15:53:20.695059+02:00,0.009799420833587646
2026-05-14 15:53:20.710684+02:00,0.011748405173420906
2026-05-14 15:53:20.726309+02:00,0.013627640902996063
2026-05-14 15:53:20.741934+02:00,0.01524491235613823
2026-05-14 15:53:20.757559+02:00,0.016356447711586952
2026-05-14 15:53:20.773184+02:00,0.016695326194167137
2026-05-14 15:53:20.788809+02:00,0.016019850969314575
2026-05-14 15:53:20.804434+02:00,0.014169730246067047
2026-05-14 15:53:20.820059+02:00,0.0111134834587574
2026-05-14 15:53:20.835684+02:00,0.0069705527275800705
2026-05-14 15:53:20.851309+02:00,0.002002045512199402
2026-05-14 15:53:20.866934+02:00,-0.0034234351478517056
2026-05-14 15:53:20.882559+02:00,-0.00887992512434721
2026-05-14 15:53:20.898184+02:00,-0.013943367637693882
2026-05-14 15:53:20.913809+02:00,-0.01824907399713993
2026-05-14 15:53:20.929434+02:00,-0.021532859653234482
2026-05-14 15:53:20.945059+02:00,-0.023650415241718292
2026-05-14 15:53:20.960684+02:00,-0.024579772725701332
2026-05-14 15:53:20.976309+02:00,-0.02441120520234108
2026-05-14 15:53:20.991934+02:00,-0.023324856534600258
2026-05-14 15:53:21.007559+02:00,-0.021558281034231186
2026-05-14 15:53:21.023184+02:00,-0.01936989091336727
2026-05-14 15:53:21.038809+02:00,-0.017003551125526428
2026-05-14 15:53:21.054434+02:00,-0.014658772386610508
2026-05-14 15:53:21.070059+02:00,-0.012470767833292484
2026-05-14 15:53:21.085684+02:00,-0.010502273216843605
2026-05-14 15:53:21.101309+02:00,-0.00874744076281786
2026-05-14 15:53:21.116934+02:00,-0.007145937532186508
2026-05-14 15:53:21.132559+02:00,-0.005603657104074955
2026-05-14 15:53:21.148184+02:00,-0.0040171146392822266
2026-05-14 15:53:21.163809+02:00,-0.0022991346195340157
2026-05-14 15:53:21.179434+02:00,-0.0004037367179989815
2026-05-14 15:53:21.195059+02:00,0.0016538950148969889
2026-05-14 15:53:21.210684+02:00,0.0037907108198851347
2026-05-14 15:53:21.226309+02:00,0.0058677541092038155
2026-05-14 15:53:21.241934+02:00,0.007714699022471905
2026-05-14 15:53:21.257559+02:00,0.009153952822089195
2026-05-14 15:53:21.273184+02:00,0.010014611296355724
2026-05-14 15:53:21.288809+02:00,0.0101354094222188
2026-05-14 15:53:21.304434+02:00,0.009364519268274307
2026-05-14 15:53:21.320059+02:00,0.007567149121314287
2026-05-14 15:53:21.335684+02:00,0.004647528287023306
2026-05-14 15:53:21.351309+02:00,0.0005810488946735859
2026-05-14 15:53:21.366934+02:00,-0.004555996973067522
2026-05-14 15:53:21.382559+02:00,-0.010568846948444843
2026-05-14 15:53:21.398184+02:00,-0.017144184559583664
2026-05-14 15:53:21.413809+02:00,-0.023871831595897675
2026-05-14 15:53:21.429434+02:00,-0.03028716705739498
2026-05-14 15:53:21.445059+02:00,-0.035926513373851776
2026-05-14 15:53:21.460684+02:00,-0.04038390517234802
2026-05-14 15:53:21.476309+02:00,-0.04335607588291168
2026-05-14 15:53:21.491934+02:00,-0.04466777294874191
2026-05-14 15:53:21.507559+02:00,-0.04427781328558922
2026-05-14 15:53:21.523184+02:00,-0.0422692745923996
2026-05-14 15:53:21.538809+02:00,-0.03882822394371033
2026-05-14 15:53:21.554434+02:00,-0.03421546518802643
2026-05-14 15:53:21.570059+02:00,-0.028732676059007645
2026-05-14 15:53:21.585684+02:00,-0.022687869146466255
2026-05-14 15:53:21.601309+02:00,-0.016368506476283073
2026-05-14 15:53:21.616934+02:00,-0.010021697729825974
2026-05-14 15:53:21.632559+02:00,-0.003835907205939293
2026-05-14 15:53:21.648184+02:00,0.0020732861012220383
2026-05-14 15:53:21.663809+02:00,0.007668269798159599
2026-05-14 15:53:21.679434+02:00,0.012986982241272926
2026-05-14 15:53:21.695059+02:00,0.018133725970983505
2026-05-14 15:53:21.710684+02:00,0.023258423432707787
2026-05-14 15:53:21.726309+02:00,0.028522063046693802
2026-05-14 15:53:21.741934+02:00,0.03405502438545227
2026-05-14 15:53:21.757559+02:00,0.03991994261741638
2026-05-14 15:53:21.773184+02:00,0.04608637094497681
2026-05-14 15:53:21.788809+02:00,0.05242101475596428
2026-05-14 15:53:21.804434+02:00,0.058698542416095734
2026-05-14 15:53:21.820059+02:00,0.06463127583265305
2026-05-14 15:53:21.835684+02:00,0.06990465521812439
2026-05-14 15:53:21.851309+02:00,0.07420361042022705
2026-05-14 15:53:21.866934+02:00,0.07722717523574829
2026-05-14 15:53:21.882559+02:00,0.07870146632194519
2026-05-14 15:53:21.898184+02:00,0.07840000838041306
2026-05-14 15:53:21.913809+02:00,0.07617155462503433
2026-05-14 15:53:21.929434+02:00,0.07197161018848419
2026-05-14 15:53:21.945059+02:00,0.06589028984308243
2026-05-14 15:53:21.960684+02:00,0.05816682428121567
2026-05-14 15:53:21.976309+02:00,0.049182742834091187
2026-05-14 15:53:21.991934+02:00,0.03942953050136566
2026-05-14 15:53:22.007559+02:00,0.0294558797031641
2026-05-14 15:53:22.023184+02:00,0.01980673335492611
2026-05-14 15:53:22.038809+02:00,0.010965552181005478
2026-05-14 15:53:22.054434+02:00,0.003308650106191635
2026-05-14 15:53:22.070059+02:00,-0.0029224655590951443
2026-05-14 15:53:22.085684+02:00,-0.007629129104316235
2026-05-14 15:53:22.101309+02:00,-0.010846912860870361
2026-05-14 15:53:22.116934+02:00,-0.012725653126835823
2026-05-14 15:53:22.132559+02:00,-0.013500827364623547
2026-05-14 15:53:22.148184+02:00,-0.013458148576319218
2026-05-14 15:53:22.163809+02:00,-0.012896127998828888
2026-05-14 15:53:22.179434+02:00,-0.012091255746781826
2026-05-14 15:53:22.195059+02:00,-0.011270219460129738
2026-05-14 15:53:22.210684+02:00,-0.010593412443995476
2026-05-14 15:53:22.226309+02:00,-0.010148806497454643
2026-05-14 15:53:22.241934+02:00,-0.009953582659363747
2026-05-14 15:53:22.257559+02:00,-0.009964706376194954
2026-05-14 15:53:22.273184+02:00,-0.010097106918692589
2026-05-14 15:53:22.288809+02:00,-0.010243821889162064
2026-05-14 15:53:22.304434+02:00,-0.010295665822923183
2026-05-14 15:53:22.320059+02:00,-0.010159988887608051
2026-05-14 15:53:22.335684+02:00,-0.00977487862110138
2026-05-14 15:53:22.351309+02:00,-0.00911423284560442
2026-05-14 15:53:22.366934+02:00,-0.00818383414298296
2026-05-14 15:53:22.382559+02:00,-0.007014254108071327
2026-05-14 15:53:22.398184+02:00,-0.005655892193317413
2026-05-14 15:53:22.413809+02:00,-0.004175150766968727
2026-05-14 15:53:22.429434+02:00,-0.002649206668138504
2026-05-14 15:53:22.445059+02:00,-0.0011635664850473404
2026-05-14 15:53:22.460684+02:00,0.00017951801419258118
2026-05-14 15:53:22.476309+02:00,0.0012439247220754623
2026-05-14 15:53:22.491934+02:00,0.0018506404012441635
2026-05-14 15:53:22.507559+02:00,0.001790439710021019
2026-05-14 15:53:22.523184+02:00,0.0008581876754760742
2026-05-14 15:53:22.538809+02:00,-0.0010999217629432678
2026-05-14 15:53:22.554434+02:00,-0.004141503944993019
2026-05-14 15:53:22.570059+02:00,-0.008199483156204224
2026-05-14 15:53:22.585684+02:00,-0.01307592447847128
2026-05-14 15:53:22.601309+02:00,-0.018460627645254135
2026-05-14 15:53:22.616934+02:00,-0.02397190034389496
2026-05-14 15:53:22.632559+02:00,-0.029208198189735413
2026-05-14 15:53:22.648184+02:00,-0.033797867596149445
2026-05-14 15:53:22.663809+02:00,-0.03744078427553177
2026-05-14 15:53:22.679434+02:00,-0.039938218891620636
2026-05-14 15:53:22.695059+02:00,-0.041206251829862595
2026-05-14 15:53:22.710684+02:00,-0.04127362370491028
2026-05-14 15:53:22.726309+02:00,-0.040269214659929276
2026-05-14 15:53:22.741934+02:00,-0.038400255143642426
2026-05-14 15:53:22.757559+02:00,-0.03592190146446228
2026-05-14 15:53:22.773184+02:00,-0.03310342878103256
2026-05-14 15:53:22.788809+02:00,-0.03019600361585617
2026-05-14 15:53:22.804434+02:00,-0.027405813336372375
2026-05-14 15:53:22.820059+02:00,-0.02487625554203987
2026-05-14 15:53:22.835684+02:00,-0.022679951041936874
2026-05-14 15:53:22.851309+02:00,-0.020820660516619682
2026-05-14 15:53:22.866934+02:00,-0.019245076924562454
2026-05-14 15:53:22.882559+02:00,-0.017860103398561478
2026-05-14 15:53:22.898184+02:00,-0.016551870852708817
2026-05-14 15:53:22.913809+02:00,-0.015205749310553074
2026-05-14 15:53:22.929434+02:00,-0.013723105192184448
2026-05-14 15:53:22.945059+02:00,-0.012031502090394497
2026-05-14 15:53:22.960684+02:00,-0.010090592317283154
2026-05-14 15:53:22.976309+02:00,-0.007894700393080711
2026-05-14 15:53:22.991934+02:00,-0.005470576696097851
2026-05-14 15:53:23.007559+02:00,-0.00287054106593132
2026-05-14 15:53:23.023184+02:00,-0.00016356166452169418
2026-05-14 15:53:23.038809+02:00,0.0025711581110954285
2026-05-14 15:53:23.054434+02:00,0.005243416875600815
2026-05-14 15:53:23.070059+02:00,0.007742800749838352
2026-05-14 15:53:23.085684+02:00,0.0099248131737113
2026-05-14 15:53:23.101309+02:00,0.01160387136042118
2026-05-14 15:53:23.116934+02:00,0.012567570433020592
2026-05-14 15:53:23.132559+02:00,0.012613088823854923
2026-05-14 15:53:23.148184+02:00,0.01159238163381815
2026-05-14 15:53:23.163809+02:00,0.00945478118956089
2026-05-14 15:53:23.179434+02:00,0.006276439875364304
2026-05-14 15:53:23.195059+02:00,0.002263459376990795
2026-05-14 15:53:23.210684+02:00,-0.002272376324981451
2026-05-14 15:53:23.226309+02:00,-0.006953504867851734
2026-05-14 15:53:23.241934+02:00,-0.011382633820176125
2026-05-14 15:53:23.257559+02:00,-0.01519014872610569
2026-05-14 15:53:23.273184+02:00,-0.018076837062835693
2026-05-14 15:53:23.288809+02:00,-0.019845135509967804
2026-05-14 15:53:23.304434+02:00,-0.020414963364601135
2026-05-14 15:53:23.320059+02:00,-0.019823385402560234
2026-05-14 15:53:23.335684+02:00,-0.018210383132100105
2026-05-14 15:53:23.351309+02:00,-0.01579451747238636
2026-05-14 15:53:23.366934+02:00,-0.012841449119150639
2026-05-14 15:53:23.382559+02:00,-0.009629309177398682
2026-05-14 15:53:23.398184+02:00,-0.006416110321879387
2026-05-14 15:53:23.413809+02:00,-0.0034123421646654606
2026-05-14 15:53:23.429434+02:00,-0.0007607541047036648
2026-05-14 15:53:23.445059+02:00,0.0014725002693012357
2026-05-14 15:53:23.460684+02:00,0.0032935410272330046
2026-05-14 15:53:23.476309+02:00,0.004767271690070629
2026-05-14 15:53:23.491934+02:00,0.00599864823743701
2026-05-14 15:53:23.507559+02:00,0.00711137056350708
2026-05-14 15:53:23.523184+02:00,0.008226604200899601
2026-05-14 15:53:23.538809+02:00,0.009443104267120361
2026-05-14 15:53:23.554434+02:00,0.010824015364050865
2026-05-14 15:53:23.570059+02:00,0.012395789846777916
2026-05-14 15:53:23.585684+02:00,0.014153551310300827
2026-05-14 15:53:23.601309+02:00,0.01606576144695282
2026-05-14 15:53:23.616934+02:00,0.01807941496372223
2026-05-14 15:53:23.632559+02:00,0.020126624032855034
2026-05-14 15:53:23.648184+02:00,0.022129908204078674
2026-05-14 15:53:23.663809+02:00,0.024001043289899826
2026-05-14 15:53:23.679434+02:00,0.025629255920648575
2026-05-14 15:53:23.695059+02:00,0.026866218075156212
2026-05-14 15:53:23.710684+02:00,0.027524974197149277
2026-05-14 15:53:23.726309+02:00,0.02740265056490898
2026-05-14 15:53:23.741934+02:00,0.02632053941488266
2026-05-14 15:53:23.757559+02:00,0.02416897937655449
2026-05-14 15:53:23.773184+02:00,0.020945897325873375
2026-05-14 15:53:23.788809+02:00,0.016776349395513535
2026-05-14 15:53:23.804434+02:00,0.011906041763722897
2026-05-14 15:53:23.820059+02:00,0.00667270552366972
2026-05-14 15:53:23.835684+02:00,0.0014622426824644208
2026-05-14 15:53:23.851309+02:00,-0.003342003095895052
2026-05-14 15:53:23.866934+02:00,-0.007405116688460112
2026-05-14 15:53:23.882559+02:00,-0.01047427486628294
2026-05-14 15:53:23.898184+02:00,-0.012401693500578403
2026-05-14 15:53:23.913809+02:00,-0.013157695531845093
2026-05-14 15:53:23.929434+02:00,-0.012828321196138859
2026-05-14 15:53:23.945059+02:00,-0.011594323441386223
2026-05-14 15:53:23.960684+02:00,-0.009697522036731243
2026-05-14 15:53:23.976309+02:00,-0.007405248936265707
2026-05-14 15:53:23.991934+02:00,-0.00497843325138092
2026-05-14 15:53:24.007559+02:00,-0.0026435735635459423
2026-05-14 15:53:24.023184+02:00,-0.000571973156183958
2026-05-14 15:53:24.038809+02:00,0.0011318614706397057
2026-05-14 15:53:24.054434+02:00,0.0024344667326658964
2026-05-14 15:53:24.070059+02:00,0.0033681760542094707
2026-05-14 15:53:24.085684+02:00,0.004015671089291573
2026-05-14 15:53:24.101309+02:00,0.004489089362323284
2026-05-14 15:53:24.116934+02:00,0.0049081421457231045
2026-05-14 15:53:24.132559+02:00,0.005382350645959377
2026-05-14 15:53:24.148184+02:00,0.006000418681651354
2026-05-14 15:53:24.163809+02:00,0.0068228174932301044
2026-05-14 15:53:24.179434+02:00,0.007875367067754269
2026-05-14 15:53:24.195059+02:00,0.009147179313004017
2026-05-14 15:53:24.210684+02:00,0.010592205449938774
2026-05-14 15:53:24.226309+02:00,0.012127668596804142
2026-05-14 15:53:24.241934+02:00,0.013626196421682835
2026-05-14 15:53:24.257559+02:00,0.014908943325281143
2026-05-14 15:53:24.273184+02:00,0.01575317606329918
2026-05-14 15:53:24.288809+02:00,0.015920519828796387
2026-05-14 15:53:24.304434+02:00,0.015199970453977585
2026-05-14 15:53:24.320059+02:00,0.013455496169626713
2026-05-14 15:53:24.335684+02:00,0.010665541514754295
2026-05-14 15:53:24.351309+02:00,0.006940863095223904
2026-05-14 15:53:24.366934+02:00,0.0025170498993247747
2026-05-14 15:53:24.382559+02:00,-0.0022738410625606775
2026-05-14 15:53:24.398184+02:00,-0.0070481374859809875
2026-05-14 15:53:24.413809+02:00,-0.011423105373978615
2026-05-14 15:53:24.429434+02:00,-0.01506462786346674
2026-05-14 15:53:24.445059+02:00,-0.017722658812999725
2026-05-14 15:53:24.460684+02:00,-0.0192535649985075
2026-05-14 15:53:24.476309+02:00,-0.01962977834045887
2026-05-14 15:53:24.491934+02:00,-0.018935758620500565
2026-05-14 15:53:24.507559+02:00,-0.017349641770124435
2026-05-14 15:53:24.523184+02:00,-0.015112626366317272
2026-05-14 15:53:24.538809+02:00,-0.012492028996348381
2026-05-14 15:53:24.554434+02:00,-0.009746294468641281
2026-05-14 15:53:24.570059+02:00,-0.007097270339727402
2026-05-14 15:53:24.585684+02:00,-0.004710637032985687
2026-05-14 15:53:24.601309+02:00,-0.0026842618826776743
2026-05-14 15:53:24.616934+02:00,-0.001045288285240531
2026-05-14 15:53:24.632559+02:00,0.00024252710863947868
2026-05-14 15:53:24.648184+02:00,0.0012620047200471163
2026-05-14 15:53:24.663809+02:00,0.002120871329680085
2026-05-14 15:53:24.679434+02:00,0.002931020688265562
2026-05-14 15:53:24.695059+02:00,0.003792391624301672
2026-05-14 15:53:24.710684+02:00,0.004782185424119234
2026-05-14 15:53:24.726309+02:00,0.005948429461568594
2026-05-14 15:53:24.741934+02:00,0.007307006046175957
2026-05-14 15:53:24.757559+02:00,0.008838951587677002
2026-05-14 15:53:24.773184+02:00,0.010481762699782848
2026-05-14 15:53:24.788809+02:00,0.012114839628338814
2026-05-14 15:53:24.804434+02:00,0.013551207259297371
2026-05-14 15:53:24.820059+02:00,0.014550339430570602
2026-05-14 15:53:24.835684+02:00,0.014854317530989647
2026-05-14 15:53:24.851309+02:00,0.014235660433769226
2026-05-14 15:53:24.866934+02:00,0.012545754201710224
2026-05-14 15:53:24.882559+02:00,0.00975591130554676
2026-05-14 15:53:24.898184+02:00,0.005978718865662813
2026-05-14 15:53:24.913809+02:00,0.0014609528006985784
2026-05-14 15:53:24.929434+02:00,-0.0034501536283642054
2026-05-14 15:53:24.945059+02:00,-0.008358538150787354
2026-05-14 15:53:24.960684+02:00,-0.012873522937297821
2026-05-14 15:53:24.976309+02:00,-0.016654543578624725
2026-05-14 15:53:24.991934+02:00,-0.01944553293287754
2026-05-14 15:53:25.007559+02:00,-0.02109808661043644
2026-05-14 15:53:25.023184+02:00,-0.02157946489751339
2026-05-14 15:53:25.038809+02:00,-0.020965799689292908
2026-05-14 15:53:25.054434+02:00,-0.01942315883934498
2026-05-14 15:53:25.070059+02:00,-0.017179299145936966
2026-05-14 15:53:25.085684+02:00,-0.01449147704988718
2026-05-14 15:53:25.101309+02:00,-0.011614872142672539
2026-05-14 15:53:25.116934+02:00,-0.008773088455200195
2026-05-14 15:53:25.132559+02:00,-0.006134767550975084
2026-05-14 15:53:25.148184+02:00,-0.003803395666182041
2026-05-14 15:53:25.163809+02:00,-0.0018202941864728928
2026-05-14 15:53:25.179434+02:00,-0.00017238128930330276
2026-05-14 15:53:25.195059+02:00,0.0011989492923021317
2026-05-14 15:53:25.210684+02:00,0.002384148072451353
2026-05-14 15:53:25.226309+02:00,0.0034867795184254646
2026-05-14 15:53:25.241934+02:00,0.004605075344443321
2026-05-14 15:53:25.257559+02:00,0.005818429868668318
2026-05-14 15:53:25.273184+02:00,0.007179395295679569
2026-05-14 15:53:25.288809+02:00,0.008709346875548363
2026-05-14 15:53:25.304434+02:00,0.0103956563398242
2026-05-14 15:53:25.320059+02:00,0.012185381725430489
2026-05-14 15:53:25.335684+02:00,0.013972265645861626
2026-05-14 15:53:25.351309+02:00,0.015585951507091522
2026-05-14 15:53:25.366934+02:00,0.01679809018969536
2026-05-14 15:53:25.382559+02:00,0.017351586371660233
2026-05-14 15:53:25.398184+02:00,0.017007583752274513
2026-05-14 15:53:25.413809+02:00,0.01559719629585743
2026-05-14 15:53:25.429434+02:00,0.013064457103610039
2026-05-14 15:53:25.445059+02:00,0.009489821270108223
2026-05-14 15:53:25.460684+02:00,0.005086924880743027
2026-05-14 15:53:25.476309+02:00,0.0001745161134749651
2026-05-14 15:53:25.491934+02:00,-0.004866708070039749
2026-05-14 15:53:25.507559+02:00,-0.009644456207752228
2026-05-14 15:53:25.523184+02:00,-0.013803978450596333
2026-05-14 15:53:25.538809+02:00,-0.0170655008405447
2026-05-14 15:53:25.554434+02:00,-0.01924695447087288
2026-05-14 15:53:25.570059+02:00,-0.02027452364563942
2026-05-14 15:53:25.585684+02:00,-0.020180489867925644
2026-05-14 15:53:25.601309+02:00,-0.019088884815573692
2026-05-14 15:53:25.616934+02:00,-0.01719364896416664
2026-05-14 15:53:25.632559+02:00,-0.014731640927493572
2026-05-14 15:53:25.648184+02:00,-0.011950481683015823
2026-05-14 15:53:25.663809+02:00,-0.00907737948000431
2026-05-14 15:53:25.679434+02:00,-0.0062974365428090096
2026-05-14 15:53:25.695059+02:00,-0.003742060624063015
2026-05-14 15:53:25.710684+02:00,-0.0014837011694908142
2026-05-14 15:53:25.726309+02:00,0.0004633786156773567
2026-05-14 15:53:25.741934+02:00,0.0021342504769563675
2026-05-14 15:53:25.757559+02:00,0.003598184324800968
2026-05-14 15:53:25.773184+02:00,0.004942870698869228
2026-05-14 15:53:25.788809+02:00,0.00626073544844985
2026-05-14 15:53:25.804434+02:00,0.007635753136128187
2026-05-14 15:53:25.820059+02:00,0.009131139144301414
2026-05-14 15:53:25.835684+02:00,0.010782103054225445
2026-05-14 15:53:25.851309+02:00,0.012594793923199177
2026-05-14 15:53:25.866934+02:00,0.014545729383826256
2026-05-14 15:53:25.882559+02:00,0.016575247049331665
2026-05-14 15:53:25.898184+02:00,0.018573760986328125
2026-05-14 15:53:25.913809+02:00,0.020367521792650223
2026-05-14 15:53:25.929434+02:00,0.021719813346862793
2026-05-14 15:53:25.945059+02:00,0.022360073402523994
2026-05-14 15:53:25.960684+02:00,0.0220349058508873
2026-05-14 15:53:25.976309+02:00,0.02056306041777134
2026-05-14 15:53:25.991934+02:00,0.01787913590669632
2026-05-14 15:53:26.007559+02:00,0.014058612287044525
2026-05-14 15:53:26.023184+02:00,0.009320326149463654
2026-05-14 15:53:26.038809+02:00,0.00400128960609436
2026-05-14 15:53:26.054434+02:00,-0.0014929990284144878
2026-05-14 15:53:26.070059+02:00,-0.006745549850165844
2026-05-14 15:53:26.085684+02:00,-0.011377557180821896
2026-05-14 15:53:26.101309+02:00,-0.015087056905031204
2026-05-14 15:53:26.116934+02:00,-0.017674129456281662
2026-05-14 15:53:26.132559+02:00,-0.01905062608420849
2026-05-14 15:53:26.148184+02:00,-0.01923779770731926
2026-05-14 15:53:26.163809+02:00,-0.018355298787355423
2026-05-14 15:53:26.179434+02:00,-0.016600949689745903
2026-05-14 15:53:26.195059+02:00,-0.014222724363207817
2026-05-14 15:53:26.210684+02:00,-0.011487039737403393
2026-05-14 15:53:26.226309+02:00,-0.008646499365568161
2026-05-14 15:53:26.241934+02:00,-0.0059117418713867664
2026-05-14 15:53:26.257559+02:00,-0.003432605415582657
2026-05-14 15:53:26.273184+02:00,-0.0012898491695523262
2026-05-14 15:53:26.288809+02:00,0.0005025556311011314
2026-05-14 15:53:26.304434+02:00,0.001985847018659115
2026-05-14 15:53:26.320059+02:00,0.003240798367187381
2026-05-14 15:53:26.335684+02:00,0.004371330142021179
2026-05-14 15:53:26.351309+02:00,0.005486647132784128
2026-05-14 15:53:26.366934+02:00,0.006683283019810915
2026-05-14 15:53:26.382559+02:00,0.008031124249100685
2026-05-14 15:53:26.398184+02:00,0.009564848616719246
2026-05-14 15:53:26.413809+02:00,0.01128068845719099
2026-05-14 15:53:26.429434+02:00,0.013140296563506126
2026-05-14 15:53:26.445059+02:00,0.015080466866493225
2026-05-14 15:53:26.460684+02:00,0.017019139602780342
2026-05-14 15:53:26.476309+02:00,0.018848814070224762
2026-05-14 15:53:26.491934+02:00,0.02042161300778389
2026-05-14 15:53:26.507559+02:00,0.021540820598602295
2026-05-14 15:53:26.523184+02:00,0.021973276510834694
2026-05-14 15:53:26.538809+02:00,0.021486539393663406
2026-05-14 15:53:26.554434+02:00,0.019900742918252945
2026-05-14 15:53:26.570059+02:00,0.01713830605149269
2026-05-14 15:53:26.585684+02:00,0.013256268575787544
2026-05-14 15:53:26.601309+02:00,0.008452104404568672
2026-05-14 15:53:26.616934+02:00,0.0030419304966926575
2026-05-14 15:53:26.632559+02:00,-0.002582996618002653
2026-05-14 15:53:26.648184+02:00,-0.008010979741811752
2026-05-14 15:53:26.663809+02:00,-0.012862913310527802
2026-05-14 15:53:26.679434+02:00,-0.016833173111081123
2026-05-14 15:53:26.695059+02:00,-0.01971493847668171
2026-05-14 15:53:26.710684+02:00,-0.02141108736395836
2026-05-14 15:53:26.726309+02:00,-0.021931670606136322
2026-05-14 15:53:26.741934+02:00,-0.021380625665187836
2026-05-14 15:53:26.757559+02:00,-0.019936073571443558
2026-05-14 15:53:26.773184+02:00,-0.017826365306973457
2026-05-14 15:53:26.788809+02:00,-0.015302625484764576
2026-05-14 15:53:26.804434+02:00,-0.012609713710844517
2026-05-14 15:53:26.820059+02:00,-0.009959026239812374
2026-05-14 15:53:26.835684+02:00,-0.007506920490413904
2026-05-14 15:53:26.851309+02:00,-0.005342896096408367
2026-05-14 15:53:26.866934+02:00,-0.003491142764687538
2026-05-14 15:53:26.882559+02:00,-0.0019225123105570674
2026-05-14 15:53:26.898184+02:00,-0.0005697308806702495
2026-05-14 15:53:26.913809+02:00,0.0006561623304150999
2026-05-14 15:53:26.929434+02:00,0.0018485725158825517
2026-05-14 15:53:26.945059+02:00,0.0030910565983504057
2026-05-14 15:53:26.960684+02:00,0.004447516053915024
2026-05-14 15:53:26.976309+02:00,0.005955758038908243
2026-05-14 15:53:26.991934+02:00,0.00762545969337225
2026-05-14 15:53:27.007559+02:00,0.009441234171390533
2026-05-14 15:53:27.023184+02:00,0.011365404352545738
2026-05-14 15:53:27.038809+02:00,0.013332605361938477
2026-05-14 15:53:27.054434+02:00,0.015236874110996723
2026-05-14 15:53:27.070059+02:00,0.016920465975999832
2026-05-14 15:53:27.085684+02:00,0.018173543736338615
2026-05-14 15:53:27.101309+02:00,0.018752047792077065
2026-05-14 15:53:27.116934+02:00,0.018415961414575577
2026-05-14 15:53:27.132559+02:00,0.016979802399873734
2026-05-14 15:53:27.148184+02:00,0.014361361041665077
2026-05-14 15:53:27.163809+02:00,0.01061422098428011
2026-05-14 15:53:27.179434+02:00,0.0059324293397367
2026-05-14 15:53:27.195059+02:00,0.0006270925514400005
2026-05-14 15:53:27.210684+02:00,-0.004915749654173851
2026-05-14 15:53:27.226309+02:00,-0.010286757722496986
2026-05-14 15:53:27.241934+02:00,-0.015104541555047035
2026-05-14 15:53:27.257559+02:00,-0.01905679889023304
2026-05-14 15:53:27.273184+02:00,-0.021926868706941605
2026-05-14 15:53:27.288809+02:00,-0.023605089634656906
2026-05-14 15:53:27.304434+02:00,-0.024088531732559204
2026-05-14 15:53:27.320059+02:00,-0.023472897708415985
2026-05-14 15:53:27.335684+02:00,-0.021933935582637787
2026-05-14 15:53:27.351309+02:00,-0.019698690623044968
2026-05-14 15:53:27.366934+02:00,-0.017015280202031136
2026-05-14 15:53:27.382559+02:00,-0.014125898480415344
2026-05-14 15:53:27.398184+02:00,-0.011241990141570568
2026-05-14 15:53:27.413809+02:00,-0.008523797616362572
2026-05-14 15:53:27.429434+02:00,-0.006069720722734928
2026-05-14 15:53:27.445059+02:00,-0.003917154390364885
2026-05-14 15:53:27.460684+02:00,-0.0020509976893663406
2026-05-14 15:53:27.476309+02:00,-0.0004155439091846347
2026-05-14 15:53:27.491934+02:00,0.0010716929100453854
2026-05-14 15:53:27.507559+02:00,0.002504189731553197
2026-05-14 15:53:27.523184+02:00,0.003969068638980389
2026-05-14 15:53:27.538809+02:00,0.005531102418899536
2026-05-14 15:53:27.554434+02:00,0.007223926484584808
2026-05-14 15:53:27.570059+02:00,0.009050066582858562
2026-05-14 15:53:27.585684+02:00,0.010985727421939373
2026-05-14 15:53:27.601309+02:00,0.012987887486815453
2026-05-14 15:53:27.616934+02:00,0.014998873695731163
2026-05-14 15:53:27.632559+02:00,0.016940608620643616
2026-05-14 15:53:27.648184+02:00,0.018699945881962776
2026-05-14 15:53:27.663809+02:00,0.02011631615459919
2026-05-14 15:53:27.679434+02:00,0.020982887595891953
2026-05-14 15:53:27.695059+02:00,0.021067865192890167
2026-05-14 15:53:27.710684+02:00,0.020155733451247215
2026-05-14 15:53:27.726309+02:00,0.018098684027791023
2026-05-14 15:53:27.741934+02:00,0.014861700125038624
2026-05-14 15:53:27.757559+02:00,0.010546350851655006
2026-05-14 15:53:27.773184+02:00,0.0053872158750891685
2026-05-14 15:53:27.788809+02:00,-0.0002768374979496002
2026-05-14 15:53:27.804434+02:00,-0.006048738490790129
2026-05-14 15:53:27.820059+02:00,-0.011524762958288193
2026-05-14 15:53:27.835684+02:00,-0.01634114421904087
2026-05-14 15:53:27.851309+02:00,-0.02020997181534767
2026-05-14 15:53:27.866934+02:00,-0.022941138595342636
2026-05-14 15:53:27.882559+02:00,-0.024451380595564842
2026-05-14 15:53:27.898184+02:00,-0.024763043969869614
2026-05-14 15:53:27.913809+02:00,-0.02399253472685814
2026-05-14 15:53:27.929434+02:00,-0.022330421954393387
2026-05-14 15:53:27.945059+02:00,-0.020015941932797432
2026-05-14 15:53:27.960684+02:00,-0.01730627752840519
2026-05-14 15:53:27.976309+02:00,-0.014444531872868538
2026-05-14 15:53:27.991934+02:00,-0.011633776128292084
2026-05-14 15:53:28.007559+02:00,-0.009021379053592682
2026-05-14 15:53:28.023184+02:00,-0.006692344322800636
2026-05-14 15:53:28.038809+02:00,-0.004668875131756067
2026-05-14 15:53:28.054434+02:00,-0.002916585886850953
2026-05-14 15:53:28.070059+02:00,-0.0013589781010523438
2026-05-14 15:53:28.085684+02:00,0.00010193069465458393
2026-05-14 15:53:28.101309+02:00,0.0015640973579138517
2026-05-14 15:53:28.116934+02:00,0.003107832046225667
2026-05-14 15:53:28.132559+02:00,0.004785193130373955
2026-05-14 15:53:28.148184+02:00,0.006615742109715939
2026-05-14 15:53:28.163809+02:00,0.00858550425618887
2026-05-14 15:53:28.179434+02:00,0.010650482960045338
2026-05-14 15:53:28.195059+02:00,0.012747112661600113
2026-05-14 15:53:28.210684+02:00,0.01480535976588726
2026-05-14 15:53:28.226309+02:00,0.016758153215050697
2026-05-14 15:53:28.241934+02:00,0.018546558916568756
2026-05-14 15:53:28.257559+02:00,0.02012239769101143
2026-05-14 15:53:28.273184+02:00,0.021444272249937057
2026-05-14 15:53:28.288809+02:00,0.02246260643005371
2026-05-14 15:53:28.304434+02:00,0.023097587749361992
2026-05-14 15:53:28.320059+02:00,0.023222628980875015
2026-05-14 15:53:28.335684+02:00,0.02266879752278328
2026-05-14 15:53:28.351309+02:00,0.02125568874180317
2026-05-14 15:53:28.366934+02:00,0.01884004846215248
2026-05-14 15:53:28.382559+02:00,0.015365867875516415
2026-05-14 15:53:28.398184+02:00,0.010896854102611542
2026-05-14 15:53:28.413809+02:00,0.005620863288640976
2026-05-14 15:53:28.429434+02:00,-0.0001685088500380516
2026-05-14 15:53:28.445059+02:00,-0.006106707267463207
2026-05-14 15:53:28.460684+02:00,-0.011806830763816833
2026-05-14 15:53:28.476309+02:00,-0.016911357641220093
2026-05-14 15:53:28.491934+02:00,-0.021132268011569977
2026-05-14 15:53:28.507559+02:00,-0.024275097995996475
2026-05-14 15:53:28.523184+02:00,-0.026249248534440994
2026-05-14 15:53:28.538809+02:00,-0.027065912261605263
2026-05-14 15:53:28.554434+02:00,-0.026825765147805214
2026-05-14 15:53:28.570059+02:00,-0.025699442252516747
2026-05-14 15:53:28.585684+02:00,-0.023902878165245056
2026-05-14 15:53:28.601309+02:00,-0.021669574081897736
2026-05-14 15:53:28.616934+02:00,-0.019222455099225044
2026-05-14 15:53:28.632559+02:00,-0.016750648617744446
2026-05-14 15:53:28.648184+02:00,-0.014395639300346375
2026-05-14 15:53:28.663809+02:00,-0.012245196849107742
2026-05-14 15:53:28.679434+02:00,-0.010332975536584854
2026-05-14 15:53:28.695059+02:00,-0.008644411340355873
2026-05-14 15:53:28.710684+02:00,-0.0071274046786129475
2026-05-14 15:53:28.726309+02:00,-0.005706118419766426
2026-05-14 15:53:28.741934+02:00,-0.0042970250360667706
2026-05-14 15:53:28.757559+02:00,-0.0028243758715689182
2026-05-14 15:53:28.773184+02:00,-0.0012319381348788738
2026-05-14 15:53:28.788809+02:00,0.0005102348513901234
2026-05-14 15:53:28.804434+02:00,0.0024025500752031803
2026-05-14 15:53:28.820059+02:00,0.004416275303810835
2026-05-14 15:53:28.835684+02:00,0.0065009514801204205
2026-05-14 15:53:28.851309+02:00,0.008596150204539299
2026-05-14 15:53:28.866934+02:00,0.01064012199640274
2026-05-14 15:53:28.882559+02:00,0.01257480587810278
2026-05-14 15:53:28.898184+02:00,0.01434983778744936
2026-05-14 15:53:28.913809+02:00,0.01592257246375084
2026-05-14 15:53:28.929434+02:00,0.01724754087626934
2026-05-14 15:53:28.945059+02:00,0.018254976719617844
2026-05-14 15:53:28.960684+02:00,0.01883208192884922
2026-05-14 15:53:28.976309+02:00,0.018823731690645218
2026-05-14 15:53:28.991934+02:00,0.018056873232126236
2026-05-14 15:53:29.007559+02:00,0.016381999477744102
2026-05-14 15:53:29.023184+02:00,0.013719645328819752
2026-05-14 15:53:29.038809+02:00,0.010097400285303593
2026-05-14 15:53:29.054434+02:00,0.005665058270096779
2026-05-14 15:53:29.070059+02:00,0.0006827590987086296
2026-05-14 15:53:29.085684+02:00,-0.0045132990926504135
2026-05-14 15:53:29.101309+02:00,-0.0095570283010602
2026-05-14 15:53:29.116934+02:00,-0.014099905267357826
2026-05-14 15:53:29.132559+02:00,-0.017851585522294044
2026-05-14 15:53:29.148184+02:00,-0.02060868963599205
2026-05-14 15:53:29.163809+02:00,-0.022268664091825485
2026-05-14 15:53:29.179434+02:00,-0.022829020395874977
2026-05-14 15:53:29.195059+02:00,-0.02237735688686371
2026-05-14 15:53:29.210684+02:00,-0.021075058728456497
2026-05-14 15:53:29.226309+02:00,-0.019133279100060463
2026-05-14 15:53:29.241934+02:00,-0.01678479090332985
2026-05-14 15:53:29.257559+02:00,-0.014257313683629036
2026-05-14 15:53:29.273184+02:00,-0.01175004243850708
2026-05-14 15:53:29.288809+02:00,-0.009415624663233757
2026-05-14 15:53:29.304434+02:00,-0.007350240834057331
2026-05-14 15:53:29.320059+02:00,-0.00559137063100934
2026-05-14 15:53:29.335684+02:00,-0.004122336860746145
2026-05-14 15:53:29.351309+02:00,-0.00288261566311121
2026-05-14 15:53:29.366934+02:00,-0.001781452214345336
2026-05-14 15:53:29.382559+02:00,-0.0007137233624234796
2026-05-14 15:53:29.398184+02:00,0.0004220950650051236
2026-05-14 15:53:29.413809+02:00,0.0017072086920961738
2026-05-14 15:53:29.429434+02:00,0.0031921276822686195
2026-05-14 15:53:29.445059+02:00,0.0048932963982224464
2026-05-14 15:53:29.460684+02:00,0.006791385356336832
2026-05-14 15:53:29.476309+02:00,0.00882555078715086
2026-05-14 15:53:29.491934+02:00,0.01088422816246748
2026-05-14 15:53:29.507559+02:00,0.012799199670553207
2026-05-14 15:53:29.523184+02:00,0.01435164175927639
2026-05-14 15:53:29.538809+02:00,0.015297534875571728
2026-05-14 15:53:29.554434+02:00,0.015411700122058392
2026-05-14 15:53:29.570059+02:00,0.014537600800395012
2026-05-14 15:53:29.585684+02:00,0.012626842595636845
2026-05-14 15:53:29.601309+02:00,0.00975891575217247
2026-05-14 15:53:29.616934+02:00,0.006137438118457794
2026-05-14 15:53:29.632559+02:00,0.0020642548333853483
2026-05-14 15:53:29.648184+02:00,-0.0021021070424467325
2026-05-14 15:53:29.663809+02:00,-0.005995066836476326
2026-05-14 15:53:29.679434+02:00,-0.009286034852266312
2026-05-14 15:53:29.695059+02:00,-0.011720545589923859
2026-05-14 15:53:29.710684+02:00,-0.013141713105142117
2026-05-14 15:53:29.726309+02:00,-0.013500009663403034
2026-05-14 15:53:29.741934+02:00,-0.01284945011138916
2026-05-14 15:53:29.757559+02:00,-0.011332261376082897
2026-05-14 15:53:29.773184+02:00,-0.009155738167464733
2026-05-14 15:53:29.788809+02:00,-0.006563888397067785
2026-05-14 15:53:29.804434+02:00,-0.0038066201377660036
2026-05-14 15:53:29.820059+02:00,-0.0011113862274214625
2026-05-14 15:53:29.835684+02:00,0.0013398854061961174
2026-05-14 15:53:29.851309+02:00,0.0034277867525815964
2026-05-14 15:53:29.866934+02:00,0.005103683564811945
2026-05-14 15:53:29.882559+02:00,0.006386815570294857
2026-05-14 15:53:29.898184+02:00,0.007350349798798561
2026-05-14 15:53:29.913809+02:00,0.008099881000816822
2026-05-14 15:53:29.929434+02:00,0.008751047775149345
2026-05-14 15:53:29.945059+02:00,0.009410593658685684
2026-05-14 15:53:29.960684+02:00,0.01016264595091343
2026-05-14 15:53:29.976309+02:00,0.011061967350542545
2026-05-14 15:53:29.991934+02:00,0.012132464908063412
2026-05-14 15:53:30.007559+02:00,0.013368906453251839
2026-05-14 15:53:30.023184+02:00,0.014740767888724804
2026-05-14 15:53:30.038809+02:00,0.016190916299819946
2026-05-14 15:53:30.054434+02:00,0.017623737454414368
2026-05-14 15:53:30.070059+02:00,0.018892141059041023
2026-05-14 15:53:30.085684+02:00,0.019798167049884796
2026-05-14 15:53:30.101309+02:00,0.020112358033657074
2026-05-14 15:53:30.116934+02:00,0.019609469920396805
2026-05-14 15:53:30.132559+02:00,0.01811634935438633
2026-05-14 15:53:30.148184+02:00,0.015560625120997429
2026-05-14 15:53:30.163809+02:00,0.012002058327198029
2026-05-14 15:53:30.179434+02:00,0.0076350984163582325
2026-05-14 15:53:30.195059+02:00,0.0027638650499284267
2026-05-14 15:53:30.210684+02:00,-0.0022414978593587875
2026-05-14 15:53:30.226309+02:00,-0.006996633484959602
2026-05-14 15:53:30.241934+02:00,-0.011152693070471287
2026-05-14 15:53:30.257559+02:00,-0.014435485005378723
2026-05-14 15:53:30.273184+02:00,-0.016670415177941322
2026-05-14 15:53:30.288809+02:00,-0.017792189493775368
2026-05-14 15:53:30.304434+02:00,-0.01784086599946022
2026-05-14 15:53:30.320059+02:00,-0.016947612166404724
2026-05-14 15:53:30.335684+02:00,-0.015311723574995995
2026-05-14 15:53:30.351309+02:00,-0.013172611594200134
2026-05-14 15:53:30.366934+02:00,-0.010781122371554375
2026-05-14 15:53:30.382559+02:00,-0.008370714262127876
2026-05-14 15:53:30.398184+02:00,-0.006132415495812893
2026-05-14 15:53:30.413809+02:00,-0.004198993556201458
2026-05-14 15:53:30.429434+02:00,-0.0026373048312962055
2026-05-14 15:53:30.445059+02:00,-0.001448334427550435
2026-05-14 15:53:30.460684+02:00,-0.0005772234871983528
2026-05-14 15:53:30.476309+02:00,6.99036754667759e-05
2026-05-14 15:53:30.491934+02:00,0.0006073601543903351
2026-05-14 15:53:30.507559+02:00,0.0011504343710839748
2026-05-14 15:53:30.523184+02:00,0.0017974535003304482
2026-05-14 15:53:30.538809+02:00,0.0026175174862146378
2026-05-14 15:53:30.554434+02:00,0.0036446452140808105
2026-05-14 15:53:30.570059+02:00,0.004877391271293163
2026-05-14 15:53:30.585684+02:00,0.006281169597059488
2026-05-14 15:53:30.601309+02:00,0.007787694223225117
2026-05-14 15:53:30.616934+02:00,0.009288033470511436
2026-05-14 15:53:30.632559+02:00,0.010623431764543056
2026-05-14 15:53:30.648184+02:00,0.011586373671889305
2026-05-14 15:53:30.663809+02:00,0.011943069286644459
2026-05-14 15:53:30.679434+02:00,0.011475102044641972
2026-05-14 15:53:30.695059+02:00,0.010026676580309868
2026-05-14 15:53:30.710684+02:00,0.007544333580881357
2026-05-14 15:53:30.726309+02:00,0.004100583493709564
2026-05-14 15:53:30.741934+02:00,-0.00010483898222446442
2026-05-14 15:53:30.757559+02:00,-0.0047683389857411385
2026-05-14 15:53:30.773184+02:00,-0.009525245986878872
2026-05-14 15:53:30.788809+02:00,-0.014000565744936466
2026-05-14 15:53:30.804434+02:00,-0.017855599522590637
2026-05-14 15:53:30.820059+02:00,-0.020824279636144638
2026-05-14 15:53:30.835684+02:00,-0.022737350314855576
2026-05-14 15:53:30.851309+02:00,-0.023532217368483543
2026-05-14 15:53:30.866934+02:00,-0.02324933372437954
2026-05-14 15:53:30.882559+02:00,-0.022019576281309128
2026-05-14 15:53:30.898184+02:00,-0.020044345408678055
2026-05-14 15:53:30.913809+02:00,-0.017567619681358337
2026-05-14 15:53:30.929434+02:00,-0.014842567034065723
2026-05-14 15:53:30.945059+02:00,-0.01209970936179161
2026-05-14 15:53:30.960684+02:00,-0.009523103013634682
2026-05-14 15:53:30.976309+02:00,-0.007236802019178867
2026-05-14 15:53:30.991934+02:00,-0.005300335120409727
2026-05-14 15:53:31.007559+02:00,-0.0037112680729478598
2026-05-14 15:53:31.023184+02:00,-0.002415692200884223
2026-05-14 15:53:31.038809+02:00,-0.001325883436948061
2026-05-14 15:53:31.054434+02:00,-0.00033942272420972586
2026-05-14 15:53:31.070059+02:00,0.0006433362723328173
2026-05-14 15:53:31.085684+02:00,0.0017046623397618532
2026-05-14 15:53:31.101309+02:00,0.0029011296574026346
2026-05-14 15:53:31.116934+02:00,0.004261203575879335
2026-05-14 15:53:31.132559+02:00,0.005785160232335329
2026-05-14 15:53:31.148184+02:00,0.007443950045853853
2026-05-14 15:53:31.163809+02:00,0.00917363353073597
2026-05-14 15:53:31.179434+02:00,0.010865021497011185
2026-05-14 15:53:31.195059+02:00,0.012354256585240364
2026-05-14 15:53:31.210684+02:00,0.013426797464489937
2026-05-14 15:53:31.226309+02:00,0.013845152221620083
2026-05-14 15:53:31.241934+02:00,0.013395486399531364
2026-05-14 15:53:31.257559+02:00,0.01193702220916748
2026-05-14 15:53:31.273184+02:00,0.00944023858755827
2026-05-14 15:53:31.288809+02:00,0.006004604045301676
2026-05-14 15:53:31.304434+02:00,0.0018521561287343502
2026-05-14 15:53:31.320059+02:00,-0.002700615441426635
2026-05-14 15:53:31.335684+02:00,-0.00728642800822854
2026-05-14 15:53:31.351309+02:00,-0.01153579168021679
2026-05-14 15:53:31.366934+02:00,-0.015120754949748516
2026-05-14 15:53:31.382559+02:00,-0.01778952032327652
2026-05-14 15:53:31.398184+02:00,-0.019389500841498375
2026-05-14 15:53:31.413809+02:00,-0.01987772434949875
2026-05-14 15:53:31.429434+02:00,-0.019316677004098892
2026-05-14 15:53:31.445059+02:00,-0.017854996025562286
2026-05-14 15:53:31.460684+02:00,-0.015700403600931168
2026-05-14 15:53:31.476309+02:00,-0.013091789558529854
2026-05-14 15:53:31.491934+02:00,-0.01027141883969307
2026-05-14 15:53:31.507559+02:00,-0.007458814419806004
2026-05-14 15:53:31.523184+02:00,-0.0048285843804478645
2026-05-14 15:53:31.538809+02:00,-0.002494960557669401
2026-05-14 15:53:31.554434+02:00,-0.0005077803507447243
2026-05-14 15:53:31.570059+02:00,0.00114046735689044
2026-05-14 15:53:31.585684+02:00,0.0025028991512954235
2026-05-14 15:53:31.601309+02:00,0.003664252581074834
2026-05-14 15:53:31.616934+02:00,0.00472334586083889
2026-05-14 15:53:31.632559+02:00,0.00577527703717351
2026-05-14 15:53:31.648184+02:00,0.006897954270243645
2026-05-14 15:53:31.663809+02:00,0.008143964223563671
2026-05-14 15:53:31.679434+02:00,0.009537992998957634
2026-05-14 15:53:31.695059+02:00,0.011078033596277237
2026-05-14 15:53:31.710684+02:00,0.012737474404275417
2026-05-14 15:53:31.726309+02:00,0.014468787238001823
2026-05-14 15:53:31.741934+02:00,0.016206873580813408
2026-05-14 15:53:31.757559+02:00,0.017863260582089424
2026-05-14 15:53:31.773184+02:00,0.019310489296913147
2026-05-14 15:53:31.788809+02:00,0.020372489467263222
2026-05-14 15:53:31.804434+02:00,0.02083667740225792
2026-05-14 15:53:31.820059+02:00,0.020489385351538658
2026-05-14 15:53:31.835684+02:00,0.019163943827152252
2026-05-14 15:53:31.851309+02:00,0.016786303371191025
2026-05-14 15:53:31.866934+02:00,0.013406019657850266
2026-05-14 15:53:31.882559+02:00,0.009203040041029453
2026-05-14 15:53:31.898184+02:00,0.004465860780328512
2026-05-14 15:53:31.913809+02:00,-0.0004502709489315748
2026-05-14 15:53:31.929434+02:00,-0.0051721446216106415
2026-05-14 15:53:31.945059+02:00,-0.00935692060738802
2026-05-14 15:53:31.960684+02:00,-0.012731138616800308
2026-05-14 15:53:31.976309+02:00,-0.015112992376089096
2026-05-14 15:53:31.991934+02:00,-0.016420461237430573
2026-05-14 15:53:32.007559+02:00,-0.016669854521751404
2026-05-14 15:53:32.023184+02:00,-0.015964627265930176
2026-05-14 15:53:32.038809+02:00,-0.014476414769887924
2026-05-14 15:53:32.054434+02:00,-0.012422269210219383
2026-05-14 15:53:32.070059+02:00,-0.010037535801529884
2026-05-14 15:53:32.085684+02:00,-0.007545891683548689
2026-05-14 15:53:32.101309+02:00,-0.005134624429047108
2026-05-14 15:53:32.116934+02:00,-0.002939645666629076
2026-05-14 15:53:32.132559+02:00,-0.0010392186231911182
2026-05-14 15:53:32.148184+02:00,0.0005445098504424095
2026-05-14 15:53:32.163809+02:00,0.001837482675909996
2026-05-14 15:53:32.179434+02:00,0.0029013757593929768
2026-05-14 15:53:32.195059+02:00,0.003819731529802084
2026-05-14 15:53:32.210684+02:00,0.004685291554778814
2026-05-14 15:53:32.226309+02:00,0.00558793731033802
2026-05-14 15:53:32.241934+02:00,0.0066019874066114426
2026-05-14 15:53:32.257559+02:00,0.007775291800498962
2026-05-14 15:53:32.273184+02:00,0.009124078787863255
2026-05-14 15:53:32.288809+02:00,0.01063467189669609
2026-05-14 15:53:32.304434+02:00,0.012269221246242523
2026-05-14 15:53:32.320059+02:00,0.013972777873277664
2026-05-14 15:53:32.335684+02:00,0.01568010076880455
2026-05-14 15:53:32.351309+02:00,0.017316948622465134
2026-05-14 15:53:32.366934+02:00,0.01879068836569786
2026-05-14 15:53:32.382559+02:00,0.01997547224164009
2026-05-14 15:53:32.398184+02:00,0.020705798640847206
2026-05-14 15:53:32.413809+02:00,0.02078905701637268
2026-05-14 15:53:32.429434+02:00,0.020037440583109856
2026-05-14 15:53:32.445059+02:00,0.018311504274606705
2026-05-14 15:53:32.460684+02:00,0.015563145279884338
2026-05-14 15:53:32.476309+02:00,0.011862844228744507
2026-05-14 15:53:32.491934+02:00,0.007401030045002699
2026-05-14 15:53:32.507559+02:00,0.002465721918269992
2026-05-14 15:53:32.523184+02:00,-0.00259535014629364
2026-05-14 15:53:32.538809+02:00,-0.007420811802148819
2026-05-14 15:53:32.554434+02:00,-0.011682016775012016
2026-05-14 15:53:32.570059+02:00,-0.01512057613581419
2026-05-14 15:53:32.585684+02:00,-0.01757049188017845
2026-05-14 15:53:32.601309+02:00,-0.018964486196637154
2026-05-14 15:53:32.616934+02:00,-0.019329531118273735
2026-05-14 15:53:32.632559+02:00,-0.018775448203086853
2026-05-14 15:53:32.648184+02:00,-0.017476851120591164
2026-05-14 15:53:32.663809+02:00,-0.01564936153590679
2026-05-14 15:53:32.679434+02:00,-0.013521899469196796
2026-05-14 15:53:32.695059+02:00,-0.011308275163173676
2026-05-14 15:53:32.710684+02:00,-0.009184090420603752
2026-05-14 15:53:32.726309+02:00,-0.0072724237106740475
2026-05-14 15:53:32.741934+02:00,-0.005638038739562035
2026-05-14 15:53:32.757559+02:00,-0.004289184231311083
2026-05-14 15:53:32.773184+02:00,-0.0031856202986091375
2026-05-14 15:53:32.788809+02:00,-0.002251971047371626
2026-05-14 15:53:32.804434+02:00,-0.0013946241233497858
2026-05-14 15:53:32.820059+02:00,-0.0005185618065297604
2026-05-14 15:53:32.835684+02:00,0.0004581029061228037
2026-05-14 15:53:32.851309+02:00,0.0015928102657198906
2026-05-14 15:53:32.866934+02:00,0.0029121574480086565
2026-05-14 15:53:32.882559+02:00,0.004411123227328062
2026-05-14 15:53:32.898184+02:00,0.0060572256334125996
2026-05-14 15:53:32.913809+02:00,0.007798345293849707
2026-05-14 15:53:32.929434+02:00,0.009571889415383339
2026-05-14 15:53:32.945059+02:00,0.011312966234982014
2026-05-14 15:53:32.960684+02:00,0.012960403226315975
2026-05-14 15:53:32.976309+02:00,0.014459517784416676
2026-05-14 15:53:32.991934+02:00,0.015757393091917038
2026-05-14 15:53:33.007559+02:00,0.016787078231573105
2026-05-14 15:53:33.023184+02:00,0.017448460683226585
2026-05-14 15:53:33.038809+02:00,0.017602182924747467
2026-05-14 15:53:33.054434+02:00,0.017085907980799675
2026-05-14 15:53:33.070059+02:00,0.015749109908938408
2026-05-14 15:53:33.085684+02:00,0.013496117666363716
2026-05-14 15:53:33.101309+02:00,0.010324190370738506
2026-05-14 15:53:33.116934+02:00,0.0063434988260269165
2026-05-14 15:53:33.132559+02:00,0.0017738831229507923
2026-05-14 15:53:33.148184+02:00,-0.0030803997069597244
2026-05-14 15:53:33.163809+02:00,-0.007872541435062885
2026-05-14 15:53:33.179434+02:00,-0.012260202318429947
2026-05-14 15:53:33.195059+02:00,-0.01594702899456024
2026-05-14 15:53:33.210684+02:00,-0.018713515251874924
2026-05-14 15:53:33.226309+02:00,-0.020434929057955742
2026-05-14 15:53:33.241934+02:00,-0.021086614578962326
2026-05-14 15:53:33.257559+02:00,-0.020739562809467316
2026-05-14 15:53:33.273184+02:00,-0.019546840339899063
2026-05-14 15:53:33.288809+02:00,-0.017719872295856476
2026-05-14 15:53:33.304434+02:00,-0.01549797784537077
2026-05-14 15:53:33.320059+02:00,-0.013117499649524689
2026-05-14 15:53:33.335684+02:00,-0.010785715654492378
2026-05-14 15:53:33.351309+02:00,-0.008661385625600815
2026-05-14 15:53:33.366934+02:00,-0.006842404138296843
2026-05-14 15:53:33.382559+02:00,-0.005363226402550936
2026-05-14 15:53:33.398184+02:00,-0.004203124437481165
2026-05-14 15:53:33.413809+02:00,-0.003300255862995982
2026-05-14 15:53:33.429434+02:00,-0.002566103357821703
2026-05-14 15:53:33.445059+02:00,-0.0018999106250703335
2026-05-14 15:53:33.460684+02:00,-0.0012035086983814836
2026-05-14 15:53:33.476309+02:00,-0.0003947451477870345
2026-05-14 15:53:33.491934+02:00,0.0005829528090544045
2026-05-14 15:53:33.507559+02:00,0.0017560006817802787
2026-05-14 15:53:33.523184+02:00,0.0031204060651361942
2026-05-14 15:53:33.538809+02:00,0.0046458253636956215
2026-05-14 15:53:33.554434+02:00,0.006282155867666006
2026-05-14 15:53:33.570059+02:00,0.007962381467223167
2026-05-14 15:53:33.585684+02:00,0.009595871903002262
2026-05-14 15:53:33.601309+02:00,0.011055277660489082
2026-05-14 15:53:33.616934+02:00,0.012170027941465378
2026-05-14 15:53:33.632559+02:00,0.012737874872982502
2026-05-14 15:53:33.648184+02:00,0.012555464170873165
2026-05-14 15:53:33.663809+02:00,0.011461104266345501
2026-05-14 15:53:33.679434+02:00,0.009377861395478249
2026-05-14 15:53:33.695059+02:00,0.006342876236885786
2026-05-14 15:53:33.710684+02:00,0.0025151874870061874
2026-05-14 15:53:33.726309+02:00,-0.0018380952533334494
2026-05-14 15:53:33.741934+02:00,-0.006375407800078392
2026-05-14 15:53:33.757559+02:00,-0.010728062130510807
2026-05-14 15:53:33.773184+02:00,-0.014549130573868752
2026-05-14 15:53:33.788809+02:00,-0.01755351386964321
2026-05-14 15:53:33.804434+02:00,-0.01954624429345131
2026-05-14 15:53:33.820059+02:00,-0.020438682287931442
2026-05-14 15:53:33.835684+02:00,-0.020252134650945663
2026-05-14 15:53:33.851309+02:00,-0.019108425825834274
2026-05-14 15:53:33.866934+02:00,-0.017206575721502304
2026-05-14 15:53:33.882559+02:00,-0.014790285378694534
2026-05-14 15:53:33.898184+02:00,-0.012114771641790867
2026-05-14 15:53:33.913809+02:00,-0.009416723623871803
2026-05-14 15:53:33.929434+02:00,-0.006889630109071732
2026-05-14 15:53:33.945059+02:00,-0.00466717965900898
2026-05-14 15:53:33.960684+02:00,-0.002816213294863701
2026-05-14 15:53:33.976309+02:00,-0.0013395100831985474
2026-05-14 15:53:33.991934+02:00,-0.00018592225387692451
2026-05-14 15:53:34.007559+02:00,0.0007342412136495113
2026-05-14 15:53:34.023184+02:00,0.0015298097860068083
2026-05-14 15:53:34.038809+02:00,0.0023090101312845945
2026-05-14 15:53:34.054434+02:00,0.003163789864629507
2026-05-14 15:53:34.070059+02:00,0.004160201642662287
2026-05-14 15:53:34.085684+02:00,0.0053339009173214436
2026-05-14 15:53:34.101309+02:00,0.006690228823572397
2026-05-14 15:53:34.116934+02:00,0.00820859707891941
2026-05-14 15:53:34.132559+02:00,0.009848177433013916
2026-05-14 15:53:34.148184+02:00,0.01154990866780281
2026-05-14 15:53:34.163809+02:00,0.013229439035058022
2026-05-14 15:53:34.179434+02:00,0.014761590398848057
2026-05-14 15:53:34.195059+02:00,0.015969399362802505
2026-05-14 15:53:34.210684+02:00,0.016634250059723854
2026-05-14 15:53:34.226309+02:00,0.016530418768525124
2026-05-14 15:53:34.241934+02:00,0.015472781844437122
2026-05-14 15:53:34.257559+02:00,0.013363471254706383
2026-05-14 15:53:34.273184+02:00,0.010226339101791382
2026-05-14 15:53:34.288809+02:00,0.006218665279448032
2026-05-14 15:53:34.304434+02:00,0.001614629290997982
2026-05-14 15:53:34.320059+02:00,-0.003231386886909604
2026-05-14 15:53:34.335684+02:00,-0.007929706946015358
2026-05-14 15:53:34.351309+02:00,-0.01210385374724865
2026-05-14 15:53:34.366934+02:00,-0.015437550842761993
2026-05-14 15:53:34.382559+02:00,-0.017711149528622627
2026-05-14 15:53:34.398184+02:00,-0.01882181316614151
2026-05-14 15:53:34.413809+02:00,-0.018786337226629257
2026-05-14 15:53:34.429434+02:00,-0.017727026715874672
2026-05-14 15:53:34.445059+02:00,-0.015844766050577164
2026-05-14 15:53:34.460684+02:00,-0.013387790881097317
2026-05-14 15:53:34.476309+02:00,-0.01062053069472313
2026-05-14 15:53:34.491934+02:00,-0.007791793439537287
2026-05-14 15:53:34.507559+02:00,-0.005107082426548004
2026-05-14 15:53:34.523184+02:00,-0.0027116769924759865
2026-05-14 15:53:34.538809+02:00,-0.0006838059052824974
2026-05-14 15:53:34.554434+02:00,0.000963888131082058
2026-05-14 15:53:34.570059+02:00,0.002274054568260908
2026-05-14 15:53:34.585684+02:00,0.0033282646909356117
2026-05-14 15:53:34.601309+02:00,0.0042298538610339165
2026-05-14 15:53:34.616934+02:00,0.005087638273835182
2026-05-14 15:53:34.632559+02:00,0.005999557673931122
2026-05-14 15:53:34.648184+02:00,0.0070387814193964005
2026-05-14 15:53:34.663809+02:00,0.008246430195868015
2026-05-14 15:53:34.679434+02:00,0.009631114080548286
2026-05-14 15:53:34.695059+02:00,0.011172512546181679
2026-05-14 15:53:34.710684+02:00,0.012823227792978287
2026-05-14 15:53:34.726309+02:00,0.01450086385011673
2026-05-14 15:53:34.741934+02:00,0.016072720289230347
2026-05-14 15:53:34.757559+02:00,0.017349032685160637
2026-05-14 15:53:34.773184+02:00,0.018096834421157837
2026-05-14 15:53:34.788809+02:00,0.018075816333293915
2026-05-14 15:53:34.804434+02:00,0.017089268192648888
2026-05-14 15:53:34.820059+02:00,0.015032962895929813
2026-05-14 15:53:34.835684+02:00,0.011925844475626945
2026-05-14 15:53:34.851309+02:00,0.007918402552604675
2026-05-14 15:53:34.866934+02:00,0.0032791190315037966
2026-05-14 15:53:34.882559+02:00,-0.001640303060412407
2026-05-14 15:53:34.898184+02:00,-0.006454728078097105
2026-05-14 15:53:34.913809+02:00,-0.010797342285513878
2026-05-14 15:53:34.929434+02:00,-0.014360765926539898
2026-05-14 15:53:34.945059+02:00,-0.016924912109971046
2026-05-14 15:53:34.960684+02:00,-0.01837441883981228
2026-05-14 15:53:34.976309+02:00,-0.018703728914260864
2026-05-14 15:53:34.991934+02:00,-0.01800728403031826
2026-05-14 15:53:35.007559+02:00,-0.016458433121442795
2026-05-14 15:53:35.023184+02:00,-0.014283239841461182
2026-05-14 15:53:35.038809+02:00,-0.01173178106546402
2026-05-14 15:53:35.054434+02:00,-0.009047611616551876
2026-05-14 15:53:35.070059+02:00,-0.006439986638724804
2026-05-14 15:53:35.085684+02:00,-0.004064200446009636
2026-05-14 15:53:35.101309+02:00,-0.0020109638571739197
2026-05-14 15:53:35.116934+02:00,-0.0003042854368686676
2026-05-14 15:53:35.132559+02:00,0.001091044396162033
2026-05-14 15:53:35.148184+02:00,0.0022525647655129433
2026-05-14 15:53:35.163809+02:00,0.003279556520283222
2026-05-14 15:53:35.179434+02:00,0.004274934064596891
2026-05-14 15:53:35.195059+02:00,0.005329789128154516
2026-05-14 15:53:35.210684+02:00,0.006510199047625065
2026-05-14 15:53:35.226309+02:00,0.007849715650081635
2026-05-14 15:53:35.241934+02:00,0.009349798783659935
2026-05-14 15:53:35.257559+02:00,0.010985629633069038
2026-05-14 15:53:35.273184+02:00,0.012713385745882988
2026-05-14 15:53:35.288809+02:00,0.014477623626589775
2026-05-14 15:53:35.304434+02:00,0.016213543713092804
2026-05-14 15:53:35.320059+02:00,0.017836235463619232
2026-05-14 15:53:35.335684+02:00,0.019221797585487366
2026-05-14 15:53:35.351309+02:00,0.020195934921503067
2026-05-14 15:53:35.366934+02:00,0.02054266631603241
2026-05-14 15:53:35.382559+02:00,0.020037086680531502
2026-05-14 15:53:35.398184+02:00,0.018493572250008583
2026-05-14 15:53:35.413809+02:00,0.015813902020454407
2026-05-14 15:53:35.429434+02:00,0.012022403068840504
2026-05-14 15:53:35.445059+02:00,0.0072784628719091415
2026-05-14 15:53:35.460684+02:00,0.0018626936944201589
2026-05-14 15:53:35.476309+02:00,-0.003858974203467369
2026-05-14 15:53:35.491934+02:00,-0.009484946727752686
2026-05-14 15:53:35.507559+02:00,-0.01463004108518362
2026-05-14 15:53:35.523184+02:00,-0.018968436866998672
2026-05-14 15:53:35.538809+02:00,-0.022262753918766975
2026-05-14 15:53:35.554434+02:00,-0.024379650130867958
2026-05-14 15:53:35.570059+02:00,-0.025293000042438507
2026-05-14 15:53:35.585684+02:00,-0.025077087804675102
2026-05-14 15:53:35.601309+02:00,-0.023890141397714615
2026-05-14 15:53:35.616934+02:00,-0.02194788120687008
2026-05-14 15:53:35.632559+02:00,-0.019493356347084045
2026-05-14 15:53:35.648184+02:00,-0.016770241782069206
2026-05-14 15:53:35.663809+02:00,-0.0139999371021986
2026-05-14 15:53:35.679434+02:00,-0.011360584758222103
2026-05-14 15:53:35.695059+02:00,-0.008971369825303555
2026-05-14 15:53:35.710684+02:00,-0.0068872105330228806
2026-05-14 15:53:35.726309+02:00,-0.005103475414216518
2026-05-14 15:53:35.741934+02:00,-0.003567012958228588
2026-05-14 15:53:35.757559+02:00,-0.002191043458878994
2026-05-14 15:53:35.773184+02:00,-0.0008727451786398888
2026-05-14 15:53:35.788809+02:00,0.0004883250221610069
2026-05-14 15:53:35.804434+02:00,0.001974739134311676
2026-05-14 15:53:35.820059+02:00,0.0036415173672139645
2026-05-14 15:53:35.835684+02:00,0.005511611700057983
2026-05-14 15:53:35.851309+02:00,0.007574642077088356
2026-05-14 15:53:35.866934+02:00,0.009788932278752327
2026-05-14 15:53:35.882559+02:00,0.012088730931282043
2026-05-14 15:53:35.898184+02:00,0.014395545236766338
2026-05-14 15:53:35.913809+02:00,0.016629528254270554
2026-05-14 15:53:35.929434+02:00,0.018719814717769623
2026-05-14 15:53:35.945059+02:00,0.02061169594526291
2026-05-14 15:53:35.960684+02:00,0.022263891994953156
2026-05-14 15:53:35.976309+02:00,0.02363254316151142
2026-05-14 15:53:35.991934+02:00,0.024646606296300888
2026-05-14 15:53:36.007559+02:00,0.025186866521835327
2026-05-14 15:53:36.023184+02:00,0.02508416771888733
2026-05-14 15:53:36.038809+02:00,0.02414531260728836
2026-05-14 15:53:36.054434+02:00,0.02220023423433304
2026-05-14 15:53:36.070059+02:00,0.01915254257619381
2026-05-14 15:53:36.085684+02:00,0.015017201192677021
2026-05-14 15:53:36.101309+02:00,0.009938138537108898
2026-05-14 15:53:36.116934+02:00,0.004182062577456236
2026-05-14 15:53:36.132559+02:00,-0.0018930536461994052
2026-05-14 15:53:36.148184+02:00,-0.007887502200901508
2026-05-14 15:53:36.163809+02:00,-0.0134118078276515
2026-05-14 15:53:36.179434+02:00,-0.01812893897294998
2026-05-14 15:53:36.195059+02:00,-0.021785518154501915
2026-05-14 15:53:36.210684+02:00,-0.024233072996139526
2026-05-14 15:53:36.226309+02:00,-0.025435592979192734
2026-05-14 15:53:36.241934+02:00,-0.025461826473474503
2026-05-14 15:53:36.257559+02:00,-0.024466563016176224
2026-05-14 15:53:36.273184+02:00,-0.02266611158847809
2026-05-14 15:53:36.288809+02:00,-0.02031075954437256
2026-05-14 15:53:36.304434+02:00,-0.017655281350016594
2026-05-14 15:53:36.320059+02:00,-0.014930324628949165
2026-05-14 15:53:36.335684+02:00,-0.012319972738623619
2026-05-14 15:53:36.351309+02:00,-0.009948739781975746
2026-05-14 15:53:36.366934+02:00,-0.007877004332840443
2026-05-14 15:53:36.382559+02:00,-0.0061033000238239765
2026-05-14 15:53:36.398184+02:00,-0.004574467893689871
2026-05-14 15:53:36.413809+02:00,-0.003203905653208494
2026-05-14 15:53:36.429434+02:00,-0.001893071923404932
2026-05-14 15:53:36.445059+02:00,-0.0005486849695444107
2026-05-14 15:53:36.460684+02:00,0.000906915869563818
2026-05-14 15:53:36.476309+02:00,0.002529141027480364
2026-05-14 15:53:36.491934+02:00,0.004346832167357206
2026-05-14 15:53:36.507559+02:00,0.00636031711474061
2026-05-14 15:53:36.523184+02:00,0.008541280403733253
2026-05-14 15:53:36.538809+02:00,0.01083621010184288
2026-05-14 15:53:36.554434+02:00,0.01317386794835329
2026-05-14 15:53:36.570059+02:00,0.015474850311875343
2026-05-14 15:53:36.585684+02:00,0.017662517726421356
2026-05-14 15:53:36.601309+02:00,0.019670657813549042
2026-05-14 15:53:36.616934+02:00,0.021439293399453163
2026-05-14 15:53:36.632559+02:00,0.022896915674209595
2026-05-14 15:53:36.648184+02:00,0.023937135934829712
2026-05-14 15:53:36.663809+02:00,0.024404779076576233
2026-05-14 15:53:36.679434+02:00,0.024107441306114197
2026-05-14 15:53:36.695059+02:00,0.022853625938296318
2026-05-14 15:53:36.710684+02:00,0.020502183586359024
2026-05-14 15:53:36.726309+02:00,0.017008895054459572
2026-05-14 15:53:36.741934+02:00,0.012458878569304943
2026-05-14 15:53:36.757559+02:00,0.007071925792843103
2026-05-14 15:53:36.773184+02:00,0.0011773551814258099
2026-05-14 15:53:36.788809+02:00,-0.004830171819776297
2026-05-14 15:53:36.804434+02:00,-0.010540117509663105
2026-05-14 15:53:36.820059+02:00,-0.015574228018522263
2026-05-14 15:53:36.835684+02:00,-0.019628724083304405
2026-05-14 15:53:36.851309+02:00,-0.02250363864004612
2026-05-14 15:53:36.866934+02:00,-0.02411552704870701
2026-05-14 15:53:36.882559+02:00,-0.024494629353284836
2026-05-14 15:53:36.898184+02:00,-0.023770427331328392
2026-05-14 15:53:36.913809+02:00,-0.022149531170725822
2026-05-14 15:53:36.929434+02:00,-0.019887330010533333
2026-05-14 15:53:36.945059+02:00,-0.0172557570040226
2026-05-14 15:53:36.960684+02:00,-0.014511296525597572
2026-05-14 15:53:36.976309+02:00,-0.011866523884236813
2026-05-14 15:53:36.991934+02:00,-0.009470154531300068
2026-05-14 15:53:37.007559+02:00,-0.007400186266750097
2026-05-14 15:53:37.023184+02:00,-0.005668134428560734
2026-05-14 15:53:37.038809+02:00,-0.004229879472404718
2026-05-14 15:53:37.054434+02:00,-0.0030009259935468435
2026-05-14 15:53:37.070059+02:00,-0.0018738543149083853
2026-05-14 15:53:37.085684+02:00,-0.000736958347260952
2026-05-14 15:53:37.101309+02:00,0.0005079419352114201
2026-05-14 15:53:37.116934+02:00,0.0019330885261297226
2026-05-14 15:53:37.132559+02:00,0.003578068222850561
2026-05-14 15:53:37.148184+02:00,0.005446222610771656
2026-05-14 15:53:37.163809+02:00,0.007505351677536964
2026-05-14 15:53:37.179434+02:00,0.00969492457807064
2026-05-14 15:53:37.195059+02:00,0.011938199400901794
2026-05-14 15:53:37.210684+02:00,0.014153383672237396
2026-05-14 15:53:37.226309+02:00,0.016257228329777718
2026-05-14 15:53:37.241934+02:00,0.01815706305205822
2026-05-14 15:53:37.257559+02:00,0.019733088091015816
2026-05-14 15:53:37.273184+02:00,0.02082374505698681
2026-05-14 15:53:37.288809+02:00,0.021229403093457222
2026-05-14 15:53:37.304434+02:00,0.020738942548632622
2026-05-14 15:53:37.320059+02:00,0.019174786284565926
2026-05-14 15:53:37.335684+02:00,0.01644357293844223
2026-05-14 15:53:37.351309+02:00,0.012575002387166023
2026-05-14 15:53:37.366934+02:00,0.007736749015748501
2026-05-14 15:53:37.382559+02:00,0.0022217691875994205
2026-05-14 15:53:37.398184+02:00,-0.0035879695788025856
2026-05-14 15:53:37.413809+02:00,-0.009272861294448376
2026-05-14 15:53:37.429434+02:00,-0.014430725947022438
2026-05-14 15:53:37.445059+02:00,-0.018722891807556152
2026-05-14 15:53:37.460684+02:00,-0.02190462127327919
2026-05-14 15:53:37.476309+02:00,-0.023841222748160362
2026-05-14 15:53:37.491934+02:00,-0.0245130006223917
2026-05-14 15:53:37.507559+02:00,-0.024010060355067253
2026-05-14 15:53:37.523184+02:00,-0.022515855729579926
2026-05-14 15:53:37.538809+02:00,-0.020278306677937508
2026-05-14 15:53:37.554434+02:00,-0.017572565004229546
2026-05-14 15:53:37.570059+02:00,-0.014665892347693443
2026-05-14 15:53:37.585684+02:00,-0.011791186407208443
2026-05-14 15:53:37.601309+02:00,-0.009127260185778141
2026-05-14 15:53:37.616934+02:00,-0.006784830242395401
2026-05-14 15:53:37.632559+02:00,-0.004802619572728872
2026-05-14 15:53:37.648184+02:00,-0.003156048711389303
2026-05-14 15:53:37.663809+02:00,-0.001774450996890664
2026-05-14 15:53:37.679434+02:00,-0.0005603941972367465
2026-05-14 15:53:37.695059+02:00,0.0005925169680267572
2026-05-14 15:53:37.710684+02:00,0.0017843106761574745
2026-05-14 15:53:37.726309+02:00,0.003096219152212143
2026-05-14 15:53:37.741934+02:00,0.004582206718623638
2026-05-14 15:53:37.757559+02:00,0.006264727097004652
2026-05-14 15:53:37.773184+02:00,0.008134899660944939
2026-05-14 15:53:37.788809+02:00,0.010157640092074871
2026-05-14 15:53:37.804434+02:00,0.0122759398072958
2026-05-14 15:53:37.820059+02:00,0.014405089430510998
2026-05-14 15:53:37.835684+02:00,0.016416611149907112
2026-05-14 15:53:37.851309+02:00,0.01812398061156273
2026-05-14 15:53:37.866934+02:00,0.019287100061774254
2026-05-14 15:53:37.882559+02:00,0.01964227668941021
2026-05-14 15:53:37.898184+02:00,0.018949581310153008
2026-05-14 15:53:37.913809+02:00,0.01704598404467106
2026-05-14 15:53:37.929434+02:00,0.013892386108636856
2026-05-14 15:53:37.945059+02:00,0.009599856100976467
2026-05-14 15:53:37.960684+02:00,0.004425390623509884
2026-05-14 15:53:37.976309+02:00,-0.0012609888799488544
2026-05-14 15:53:37.991934+02:00,-0.007027916610240936
2026-05-14 15:53:38.007559+02:00,-0.01244095154106617
2026-05-14 15:53:38.023184+02:00,-0.017114931717514992
2026-05-14 15:53:38.038809+02:00,-0.020751608535647392
2026-05-14 15:53:38.054434+02:00,-0.0231624785810709
2026-05-14 15:53:38.070059+02:00,-0.024279490113258362
2026-05-14 15:53:38.085684+02:00,-0.024152139201760292
2026-05-14 15:53:38.101309+02:00,-0.02292993851006031
2026-05-14 15:53:38.116934+02:00,-0.020834267139434814
2026-05-14 15:53:38.132559+02:00,-0.018126273527741432
2026-05-14 15:53:38.148184+02:00,-0.015075631439685822
2026-05-14 15:53:38.163809+02:00,-0.01193207036703825
2026-05-14 15:53:38.179434+02:00,-0.008901987224817276
2026-05-14 15:53:38.195059+02:00,-0.00613320292904973
2026-05-14 15:53:38.210684+02:00,-0.003708162344992161
2026-05-14 15:53:38.226309+02:00,-0.0016440502367913723
2026-05-14 15:53:38.241934+02:00,9.989086538553238e-05
2026-05-14 15:53:38.257559+02:00,0.0016076897736638784
2026-05-14 15:53:38.273184+02:00,0.00298732565715909
2026-05-14 15:53:38.288809+02:00,0.004350048489868641
2026-05-14 15:53:38.304434+02:00,0.005791157018393278
2026-05-14 15:53:38.320059+02:00,0.007376365829259157
2026-05-14 15:53:38.335684+02:00,0.009136190637946129
2026-05-14 15:53:38.351309+02:00,0.011067057959735394
2026-05-14 15:53:38.366934+02:00,0.013137583620846272
2026-05-14 15:53:38.382559+02:00,0.015297084115445614
2026-05-14 15:53:38.398184+02:00,0.017481207847595215
2026-05-14 15:53:38.413809+02:00,0.019610974937677383
2026-05-14 15:53:38.429434+02:00,0.021582311019301414
2026-05-14 15:53:38.445059+02:00,0.02324821799993515
2026-05-14 15:53:38.460684+02:00,0.0244077630341053
2026-05-14 15:53:38.476309+02:00,0.02481864020228386
2026-05-14 15:53:38.491934+02:00,0.024235352873802185
2026-05-14 15:53:38.507559+02:00,0.022461704909801483
2026-05-14 15:53:38.523184+02:00,0.01940435916185379
2026-05-14 15:53:38.538809+02:00,0.015111226588487625
2026-05-14 15:53:38.554434+02:00,0.009780190885066986
2026-05-14 15:53:38.570059+02:00,0.0037370254285633564
2026-05-14 15:53:38.585684+02:00,-0.0026087407022714615
2026-05-14 15:53:38.601309+02:00,-0.008818594738841057
2026-05-14 15:53:38.616934+02:00,-0.014478068798780441
2026-05-14 15:53:38.632559+02:00,-0.01923803985118866
2026-05-14 15:53:38.648184+02:00,-0.02284291759133339
2026-05-14 15:53:38.663809+02:00,-0.025149449706077576
2026-05-14 15:53:38.679434+02:00,-0.026134030893445015
2026-05-14 15:53:38.695059+02:00,-0.025884464383125305
2026-05-14 15:53:38.710684+02:00,-0.024578874930739403
2026-05-14 15:53:38.726309+02:00,-0.022457800805568695
2026-05-14 15:53:38.741934+02:00,-0.019793210551142693
2026-05-14 15:53:38.757559+02:00,-0.01685580238699913
2026-05-14 15:53:38.773184+02:00,-0.013883957639336586
2026-05-14 15:53:38.788809+02:00,-0.011060922406613827
2026-05-14 15:53:38.804434+02:00,-0.008502921089529991
2026-05-14 15:53:38.820059+02:00,-0.006256703287363052
2026-05-14 15:53:38.835684+02:00,-0.004307439085096121
2026-05-14 15:53:38.851309+02:00,-0.002595799043774605
2026-05-14 15:53:38.866934+02:00,-0.0010365499183535576
2026-05-14 15:53:38.882559+02:00,0.00046585072414018214
2026-05-14 15:53:38.898184+02:00,0.002001517452299595
2026-05-14 15:53:38.913809+02:00,0.003640013514086604
2026-05-14 15:53:38.929434+02:00,0.005421619396656752
2026-05-14 15:53:38.945059+02:00,0.007355731446295977
2026-05-14 15:53:38.960684+02:00,0.009424181655049324
2026-05-14 15:53:38.976309+02:00,0.011587144806981087
2026-05-14 15:53:38.991934+02:00,0.013789519667625427
2026-05-14 15:53:39.007559+02:00,0.015968985855579376
2026-05-14 15:53:39.023184+02:00,0.018064478412270546
2026-05-14 15:53:39.038809+02:00,0.02001589722931385
2026-05-14 15:53:39.054434+02:00,0.02174755185842514
2026-05-14 15:53:39.070059+02:00,0.023143120110034943
2026-05-14 15:53:39.085684+02:00,0.024031203240156174
2026-05-14 15:53:39.101309+02:00,0.024195285513997078
2026-05-14 15:53:39.116934+02:00,0.02340993843972683
2026-05-14 15:53:39.132559+02:00,0.02149367146193981
2026-05-14 15:53:39.148184+02:00,0.018360525369644165
2026-05-14 15:53:39.163809+02:00,0.014054941013455391
2026-05-14 15:53:39.179434+02:00,0.008762248791754246
2026-05-14 15:53:39.195059+02:00,0.0027916356921195984
2026-05-14 15:53:39.210684+02:00,-0.00346418097615242
2026-05-14 15:53:39.226309+02:00,-0.009580276906490326
2026-05-14 15:53:39.241934+02:00,-0.015151431784033775
2026-05-14 15:53:39.257559+02:00,-0.01983737386763096
2026-05-14 15:53:39.273184+02:00,-0.023393666371703148
2026-05-14 15:53:39.288809+02:00,-0.025685830041766167
2026-05-14 15:53:39.304434+02:00,-0.02669093757867813
2026-05-14 15:53:39.320059+02:00,-0.02648969367146492
2026-05-14 15:53:39.335684+02:00,-0.02524963766336441
2026-05-14 15:53:39.351309+02:00,-0.023201124742627144
2026-05-14 15:53:39.366934+02:00,-0.0206068754196167
2026-05-14 15:53:39.382559+02:00,-0.01772821508347988
2026-05-14 15:53:39.398184+02:00,-0.014796475879848003
2026-05-14 15:53:39.413809+02:00,-0.011994685977697372
2026-05-14 15:53:39.429434+02:00,-0.009447290562093258
2026-05-14 15:53:39.445059+02:00,-0.007215771824121475
2026-05-14 15:53:39.460684+02:00,-0.00530108530074358
2026-05-14 15:53:39.476309+02:00,-0.003652614541351795
2026-05-14 15:53:39.491934+02:00,-0.002182907657697797
2026-05-14 15:53:39.507559+02:00,-0.00078690389636904
2026-05-14 15:53:39.523184+02:00,0.000638788565993309
2026-05-14 15:53:39.538809+02:00,0.002180550480261445
2026-05-14 15:53:39.554434+02:00,0.003896713722497225
2026-05-14 15:53:39.570059+02:00,0.00581051129847765
2026-05-14 15:53:39.585684+02:00,0.007908203639090061
2026-05-14 15:53:39.601309+02:00,0.010143531486392021
2026-05-14 15:53:39.616934+02:00,0.01244774553924799
2026-05-14 15:53:39.632559+02:00,0.014741780236363411
2026-05-14 15:53:39.648184+02:00,0.016947157680988312
2026-05-14 15:53:39.663809+02:00,0.01899498887360096
2026-05-14 15:53:39.679434+02:00,0.0208301842212677
2026-05-14 15:53:39.695059+02:00,0.022403407841920853
2026-05-14 15:53:39.710684+02:00,0.023648709058761597
2026-05-14 15:53:39.726309+02:00,0.024457402527332306
2026-05-14 15:53:39.741934+02:00,0.024666398763656616
2026-05-14 15:53:39.757559+02:00,0.024075226858258247
2026-05-14 15:53:39.773184+02:00,0.022489450871944427
2026-05-14 15:53:39.788809+02:00,0.019774500280618668
2026-05-14 15:53:39.804434+02:00,0.015903763473033905
2026-05-14 15:53:39.820059+02:00,0.010987105779349804
2026-05-14 15:53:39.835684+02:00,0.005269221030175686
2026-05-14 15:53:39.851309+02:00,-0.0009008646011352539
2026-05-14 15:53:39.866934+02:00,-0.007116627413779497
2026-05-14 15:53:39.882559+02:00,-0.01296475064009428
2026-05-14 15:53:39.898184+02:00,-0.018072474747896194
2026-05-14 15:53:39.913809+02:00,-0.02214694395661354
2026-05-14 15:53:39.929434+02:00,-0.02500186115503311
2026-05-14 15:53:39.945059+02:00,-0.026567604392766953
2026-05-14 15:53:39.960684+02:00,-0.02688601240515709
2026-05-14 15:53:39.976309+02:00,-0.026095028966665268
2026-05-14 15:53:39.991934+02:00,-0.024406664073467255
2026-05-14 15:53:40.007559+02:00,-0.022078774869441986
2026-05-14 15:53:40.023184+02:00,-0.019382286816835403
2026-05-14 15:53:40.038809+02:00,-0.01656934805214405
2026-05-14 15:53:40.054434+02:00,-0.013848435133695602
2026-05-14 15:53:40.070059+02:00,-0.011368652805685997
2026-05-14 15:53:40.085684+02:00,-0.009213105775415897
2026-05-14 15:53:40.101309+02:00,-0.007400688715279102
2026-05-14 15:53:40.116934+02:00,-0.005894327536225319
2026-05-14 15:53:40.132559+02:00,-0.004614895675331354
2026-05-14 15:53:40.148184+02:00,-0.003461127635091543
2026-05-14 15:53:40.163809+02:00,-0.002330582123249769
2026-05-14 15:53:40.179434+02:00,-0.0011342472862452269
2026-05-14 15:53:40.195059+02:00,0.00019598286598920822
2026-05-14 15:53:40.210684+02:00,0.0017037135548889637
2026-05-14 15:53:40.226309+02:00,0.0034067081287503242
2026-05-14 15:53:40.241934+02:00,0.0052962698973715305
2026-05-14 15:53:40.257559+02:00,0.007337550632655621
2026-05-14 15:53:40.273184+02:00,0.009473884478211403
2026-05-14 15:53:40.288809+02:00,0.01163339614868164
2026-05-14 15:53:40.304434+02:00,0.013729671016335487
2026-05-14 15:53:40.320059+02:00,0.01565096713602543
2026-05-14 15:53:40.335684+02:00,0.01724429428577423
2026-05-14 15:53:40.351309+02:00,0.018311189487576485
2026-05-14 15:53:40.366934+02:00,0.018626587465405464
2026-05-14 15:53:40.382559+02:00,0.01797797717154026
2026-05-14 15:53:40.398184+02:00,0.016213828697800636
2026-05-14 15:53:40.413809+02:00,0.01328729186207056
2026-05-14 15:53:40.429434+02:00,0.00928362738341093
2026-05-14 15:53:40.445059+02:00,0.004424331709742546
2026-05-14 15:53:40.460684+02:00,-0.0009557977318763733
2026-05-14 15:53:40.476309+02:00,-0.006453522481024265
2026-05-14 15:53:40.491934+02:00,-0.011650187894701958
2026-05-14 15:53:40.507559+02:00,-0.016162332147359848
2026-05-14 15:53:40.523184+02:00,-0.01968551054596901
2026-05-14 15:53:40.538809+02:00,-0.022024549543857574
2026-05-14 15:53:40.554434+02:00,-0.023105047643184662
2026-05-14 15:53:40.570059+02:00,-0.022969696670770645
2026-05-14 15:53:40.585684+02:00,-0.021763592958450317
2026-05-14 15:53:40.601309+02:00,-0.019709836691617966
2026-05-14 15:53:40.616934+02:00,-0.01707770675420761
2026-05-14 15:53:40.632559+02:00,-0.014147788286209106
2026-05-14 15:53:40.648184+02:00,-0.011179967783391476
2026-05-14 15:53:40.663809+02:00,-0.008387037552893162
2026-05-14 15:53:40.679434+02:00,-0.005914398469030857
2026-05-14 15:53:40.695059+02:00,-0.0038303835317492485
2026-05-14 15:53:40.710684+02:00,-0.0021300846710801125
2026-05-14 15:53:40.726309+02:00,-0.0007494770688936114
2026-05-14 15:53:40.741934+02:00,0.0004137606592848897
2026-05-14 15:53:40.757559+02:00,0.0014772491995245218
2026-05-14 15:53:40.773184+02:00,0.0025545957032591105
2026-05-14 15:53:40.788809+02:00,0.0037419376894831657
2026-05-14 15:53:40.804434+02:00,0.00510851014405489
2026-05-14 15:53:40.820059+02:00,0.006689031142741442
2026-05-14 15:53:40.835684+02:00,0.008479882963001728
2026-05-14 15:53:40.851309+02:00,0.010443054139614105
2026-05-14 15:53:40.866934+02:00,0.012515736743807793
2026-05-14 15:53:40.882559+02:00,0.014619633555412292
2026-05-14 15:53:40.898184+02:00,0.016665494069457054
2026-05-14 15:53:40.913809+02:00,0.01854860410094261
2026-05-14 15:53:40.929434+02:00,0.02013562247157097
2026-05-14 15:53:40.945059+02:00,0.021254142746329308
2026-05-14 15:53:40.960684+02:00,0.021699227392673492
2026-05-14 15:53:40.976309+02:00,0.021261507645249367
2026-05-14 15:53:40.991934+02:00,0.019770648330450058
2026-05-14 15:53:41.007559+02:00,0.017141830176115036
2026-05-14 15:53:41.023184+02:00,0.013410364277660847
2026-05-14 15:53:41.038809+02:00,0.008743252605199814
2026-05-14 15:53:41.054434+02:00,0.003425473812967539
2026-05-14 15:53:41.070059+02:00,-0.0021743038669228554
2026-05-14 15:53:41.085684+02:00,-0.007650819141417742
2026-05-14 15:53:41.101309+02:00,-0.012612294405698776
2026-05-14 15:53:41.116934+02:00,-0.01672436110675335
2026-05-14 15:53:41.132559+02:00,-0.0197431743144989
2026-05-14 15:53:41.148184+02:00,-0.021536177024245262
2026-05-14 15:53:41.163809+02:00,-0.022088978439569473
2026-05-14 15:53:41.179434+02:00,-0.021497078239917755
2026-05-14 15:53:41.195059+02:00,-0.019944846630096436
2026-05-14 15:53:41.210684+02:00,-0.017677269876003265
2026-05-14 15:53:41.226309+02:00,-0.014967948198318481
2026-05-14 15:53:41.241934+02:00,-0.012085886672139168
2026-05-14 15:53:41.257559+02:00,-0.009264951571822166
2026-05-14 15:53:41.273184+02:00,-0.006680668331682682
2026-05-14 15:53:41.288809+02:00,-0.00443815253674984
2026-05-14 15:53:41.304434+02:00,-0.0025707681197673082
2026-05-14 15:53:41.320059+02:00,-0.0010484657250344753
2026-05-14 15:53:41.335684+02:00,0.00020487408619374037
2026-05-14 15:53:41.351309+02:00,0.001290810527279973
2026-05-14 15:53:41.366934+02:00,0.002317729638889432
2026-05-14 15:53:41.382559+02:00,0.0033846483565866947
2026-05-14 15:53:41.398184+02:00,0.0045681181363761425
2026-05-14 15:53:41.413809+02:00,0.005914422683417797
2026-05-14 15:53:41.429434+02:00,0.007437952794134617
2026-05-14 15:53:41.445059+02:00,0.00912382546812296
2026-05-14 15:53:41.460684+02:00,0.01093254517763853
2026-05-14 15:53:41.476309+02:00,0.012806560844182968
2026-05-14 15:53:41.491934+02:00,0.014675548300147057
2026-05-14 15:53:41.507559+02:00,0.016451729461550713
2026-05-14 15:53:41.523184+02:00,0.01801406778395176
2026-05-14 15:53:41.538809+02:00,0.01919562742114067
2026-05-14 15:53:41.554434+02:00,0.019789395853877068
2026-05-14 15:53:41.570059+02:00,0.019576258957386017
2026-05-14 15:53:41.585684+02:00,0.01836911216378212
2026-05-14 15:53:41.601309+02:00,0.01606106385588646
2026-05-14 15:53:41.616934+02:00,0.0126629788428545
2026-05-14 15:53:41.632559+02:00,0.00831887498497963
2026-05-14 15:53:41.648184+02:00,0.003294949885457754
2026-05-14 15:53:41.663809+02:00,-0.0020541902631521225
2026-05-14 15:53:41.679434+02:00,-0.0073328763246536255
2026-05-14 15:53:41.695059+02:00,-0.012155388481914997
2026-05-14 15:53:41.710684+02:00,-0.01619127206504345
2026-05-14 15:53:41.726309+02:00,-0.01919741928577423
2026-05-14 15:53:41.741934+02:00,-0.021035777404904366
2026-05-14 15:53:41.757559+02:00,-0.02167915552854538
2026-05-14 15:53:41.773184+02:00,-0.021206021308898926
2026-05-14 15:53:41.788809+02:00,-0.019784394651651382
2026-05-14 15:53:41.804434+02:00,-0.017645569518208504
2026-05-14 15:53:41.820059+02:00,-0.015051383525133133
2026-05-14 15:53:41.835684+02:00,-0.012261833064258099
2026-05-14 15:53:41.851309+02:00,-0.009507127106189728
2026-05-14 15:53:41.866934+02:00,-0.006964589469134808
2026-05-14 15:53:41.882559+02:00,-0.004743699915707111
2026-05-14 15:53:41.898184+02:00,-0.0028844987973570824
2026-05-14 15:53:41.913809+02:00,-0.001367142191156745
2026-05-14 15:53:41.929434+02:00,-0.00012548977974802256
2026-05-14 15:53:41.945059+02:00,0.0009362613782286644
2026-05-14 15:53:41.960684+02:00,0.001923015108332038
2026-05-14 15:53:41.976309+02:00,0.0029308507218956947
2026-05-14 15:53:41.991934+02:00,0.004036777652800083
2026-05-14 15:53:42.007559+02:00,0.0052923783659935
2026-05-14 15:53:42.023184+02:00,0.006718410179018974
2026-05-14 15:53:42.038809+02:00,0.008303852751851082
2026-05-14 15:53:42.054434+02:00,0.010012833401560783
2026-05-14 15:53:42.070059+02:00,0.011795212514698505
2026-05-14 15:53:42.085684+02:00,0.013593846932053566
2026-05-14 15:53:42.101309+02:00,0.015348571352660656
2026-05-14 15:53:42.116934+02:00,0.01699785329401493
2026-05-14 15:53:42.132559+02:00,0.018472790718078613
2026-05-14 15:53:42.148184+02:00,0.019680721685290337
2026-05-14 15:53:42.163809+02:00,0.020487677305936813
2026-05-14 15:53:42.179434+02:00,0.020715897902846336
2026-05-14 15:53:42.195059+02:00,0.02016541361808777
2026-05-14 15:53:42.210684+02:00,0.018654990941286087
2026-05-14 15:53:42.226309+02:00,0.016069971024990082
2026-05-14 15:53:42.241934+02:00,0.012402793392539024
2026-05-14 15:53:42.257559+02:00,0.007774836383759975
2026-05-14 15:53:42.273184+02:00,0.0024341121315956116
2026-05-14 15:53:42.288809+02:00,-0.0032718260772526264
2026-05-14 15:53:42.304434+02:00,-0.008943156339228153
2026-05-14 15:53:42.320059+02:00,-0.014184407889842987
2026-05-14 15:53:42.335684+02:00,-0.01865570619702339
2026-05-14 15:53:42.351309+02:00,-0.022106558084487915
2026-05-14 15:53:42.366934+02:00,-0.024390894919633865
2026-05-14 15:53:42.382559+02:00,-0.025469552725553513
2026-05-14 15:53:42.398184+02:00,-0.025403553619980812
2026-05-14 15:53:42.413809+02:00,-0.02433919347822666
2026-05-14 15:53:42.429434+02:00,-0.022486764937639236
2026-05-14 15:53:42.445059+02:00,-0.020093819126486778
2026-05-14 15:53:42.460684+02:00,-0.017415158450603485
2026-05-14 15:53:42.476309+02:00,-0.0146841611713171
2026-05-14 15:53:42.491934+02:00,-0.012089470401406288
2026-05-14 15:53:42.507559+02:00,-0.009760522283613682
2026-05-14 15:53:42.523184+02:00,-0.007763418834656477
2026-05-14 15:53:42.538809+02:00,-0.006104707717895508
2026-05-14 15:53:42.554434+02:00,-0.004740085452795029
2026-05-14 15:53:42.570059+02:00,-0.003587289247661829
2026-05-14 15:53:42.585684+02:00,-0.002542750909924507
2026-05-14 15:53:42.601309+02:00,-0.001500345068052411
2026-05-14 15:53:42.616934+02:00,-0.00036869203904643655
2026-05-14 15:53:42.632559+02:00,0.0009177589672617614
2026-05-14 15:53:42.648184+02:00,0.002394129289314151
2026-05-14 15:53:42.663809+02:00,0.004062575288116932
2026-05-14 15:53:42.679434+02:00,0.005892488639801741
2026-05-14 15:53:42.695059+02:00,0.007828254252672195
2026-05-14 15:53:42.710684+02:00,0.009802406653761864
2026-05-14 15:53:42.726309+02:00,0.011747490614652634
2026-05-14 15:53:42.741934+02:00,0.013603376224637032
2026-05-14 15:53:42.757559+02:00,0.015318337827920914
2026-05-14 15:53:42.773184+02:00,0.016840899363160133
2026-05-14 15:53:42.788809+02:00,0.018100691959261894
2026-05-14 15:53:42.804434+02:00,0.01898644119501114
2026-05-14 15:53:42.820059+02:00,0.019339103251695633
2026-05-14 15:53:42.835684+02:00,0.018971148878335953
2026-05-14 15:53:42.851309+02:00,0.01770787127315998
2026-05-14 15:53:42.866934+02:00,0.015436522662639618
2026-05-14 15:53:42.882559+02:00,0.01214663963764906
2026-05-14 15:53:42.898184+02:00,0.00795075949281454
2026-05-14 15:53:42.913809+02:00,0.0030804122798144817
2026-05-14 15:53:42.929434+02:00,-0.002142091281712055
2026-05-14 15:53:42.945059+02:00,-0.007346931844949722
2026-05-14 15:53:42.960684+02:00,-0.012163945473730564
2026-05-14 15:53:42.976309+02:00,-0.016266368329524994
2026-05-14 15:53:42.991934+02:00,-0.019405346363782883
2026-05-14 15:53:43.007559+02:00,-0.021431561559438705
2026-05-14 15:53:43.023184+02:00,-0.022304002195596695
2026-05-14 15:53:43.038809+02:00,-0.022085634991526604
2026-05-14 15:53:43.054434+02:00,-0.020925968885421753
2026-05-14 15:53:43.070059+02:00,-0.019036492332816124
2026-05-14 15:53:43.085684+02:00,-0.016664870083332062
2026-05-14 15:53:43.101309+02:00,-0.014066852629184723
2026-05-14 15:53:43.116934+02:00,-0.011475889012217522
2026-05-14 15:53:43.132559+02:00,-0.009076887741684914
2026-05-14 15:53:43.148184+02:00,-0.006990744266659021
2026-05-14 15:53:43.163809+02:00,-0.005270295776426792
2026-05-14 15:53:43.179434+02:00,-0.0039050113409757614
2026-05-14 15:53:43.195059+02:00,-0.002833304228261113
2026-05-14 15:53:43.210684+02:00,-0.0019601015374064445
2026-05-14 15:53:43.226309+02:00,-0.0011745415395125747
2026-05-14 15:53:43.241934+02:00,-0.00036655913572758436
2026-05-14 15:53:43.257559+02:00,0.0005565461469814181
2026-05-14 15:53:43.273184+02:00,0.0016577044734731317
2026-05-14 15:53:43.288809+02:00,0.0029667261987924576
2026-05-14 15:53:43.304434+02:00,0.00448381993919611
2026-05-14 15:53:43.320059+02:00,0.006184403784573078
2026-05-14 15:53:43.335684+02:00,0.00802389346063137
2026-05-14 15:53:43.351309+02:00,0.009943900629878044
2026-05-14 15:53:43.366934+02:00,0.01187788974493742
2026-05-14 15:53:43.382559+02:00,0.013752489350736141
2026-05-14 15:53:43.398184+02:00,0.015482164919376373
2026-05-14 15:53:43.413809+02:00,0.01695692539215088
2026-05-14 15:53:43.429434+02:00,0.018030308187007904
2026-05-14 15:53:43.445059+02:00,0.01852153241634369
2026-05-14 15:53:43.460684+02:00,0.018238496035337448
2026-05-14 15:53:43.476309+02:00,0.017015524208545685
2026-05-14 15:53:43.491934+02:00,0.014755576848983765
2026-05-14 15:53:43.507559+02:00,0.01146739162504673
2026-05-14 15:53:43.523184+02:00,0.007285920437425375
2026-05-14 15:53:43.538809+02:00,0.002466765698045492
2026-05-14 15:53:43.554434+02:00,-0.0026443777605891228
2026-05-14 15:53:43.570059+02:00,-0.007658124901354313
2026-05-14 15:53:43.585684+02:00,-0.012193248607218266
2026-05-14 15:53:43.601309+02:00,-0.01592436619102955
2026-05-14 15:53:43.616934+02:00,-0.018617717549204826
2026-05-14 15:53:43.632559+02:00,-0.020151376724243164
2026-05-14 15:53:43.648184+02:00,-0.02052026055753231
2026-05-14 15:53:43.663809+02:00,-0.01982727274298668
2026-05-14 15:53:43.679434+02:00,-0.01826097071170807
2026-05-14 15:53:43.695059+02:00,-0.016063902527093887
2026-05-14 15:53:43.710684+02:00,-0.013499313965439796
2026-05-14 15:53:43.726309+02:00,-0.010820346884429455
2026-05-14 15:53:43.741934+02:00,-0.008244311437010765
2026-05-14 15:53:43.757559+02:00,-0.005934939719736576
2026-05-14 15:53:43.773184+02:00,-0.0039915903471410275
2026-05-14 15:53:43.788809+02:00,-0.002444927114993334
2026-05-14 15:53:43.804434+02:00,-0.0012613767758011818
2026-05-14 15:53:43.820059+02:00,-0.00035726744681596756
2026-05-14 15:53:43.835684+02:00,0.0003794669173657894
2026-05-14 15:53:43.851309+02:00,0.0010671215131878853
2026-05-14 15:53:43.866934+02:00,0.0018132585100829601
2026-05-14 15:53:43.882559+02:00,0.002701191697269678
2026-05-14 15:53:43.898184+02:00,0.003780033905059099
2026-05-14 15:53:43.913809+02:00,0.005062888376414776
2026-05-14 15:53:43.929434+02:00,0.006533142179250717
2026-05-14 15:53:43.945059+02:00,0.00815305020660162
2026-05-14 15:53:43.960684+02:00,0.009869329631328583
2026-05-14 15:53:43.976309+02:00,0.01161612756550312
2026-05-14 15:53:43.991934+02:00,0.013317201286554337
2026-05-14 15:53:44.007559+02:00,0.014881029725074768
2026-05-14 15:53:44.023184+02:00,0.01618526503443718
2026-05-14 15:53:44.038809+02:00,0.01706564798951149
2026-05-14 15:53:44.054434+02:00,0.017327282577753067
2026-05-14 15:53:44.070059+02:00,0.01677822694182396
2026-05-14 15:53:44.085684+02:00,0.015273941680788994
2026-05-14 15:53:44.101309+02:00,0.012759683653712273
2026-05-14 15:53:44.116934+02:00,0.009297937154769897
2026-05-14 15:53:44.132559+02:00,0.005072638392448425
2026-05-14 15:53:44.148184+02:00,0.0003700125962495804
2026-05-14 15:53:44.163809+02:00,-0.004458407871425152
2026-05-14 15:53:44.179434+02:00,-0.009042179211974144
2026-05-14 15:53:44.195059+02:00,-0.0130392387509346
2026-05-14 15:53:44.210684+02:00,-0.016176462173461914
2026-05-14 15:53:44.226309+02:00,-0.018276996910572052
2026-05-14 15:53:44.241934+02:00,-0.019271396100521088
2026-05-14 15:53:44.257559+02:00,-0.01919456198811531
2026-05-14 15:53:44.273184+02:00,-0.01817200519144535
2026-05-14 15:53:44.288809+02:00,-0.016397329047322273
2026-05-14 15:53:44.304434+02:00,-0.014103595167398453
2026-05-14 15:53:44.320059+02:00,-0.011533171869814396
2026-05-14 15:53:44.335684+02:00,-0.008910400792956352
2026-05-14 15:53:44.351309+02:00,-0.006418891716748476
2026-05-14 15:53:44.366934+02:00,-0.0041850535199046135
2026-05-14 15:53:44.382559+02:00,-0.002272314392030239
2026-05-14 15:53:44.398184+02:00,-0.0006867954507470131
2026-05-14 15:53:44.413809+02:00,0.0006120400503277779
2026-05-14 15:53:44.429434+02:00,0.0016990951262414455
2026-05-14 15:53:44.445059+02:00,0.002667270600795746
2026-05-14 15:53:44.460684+02:00,0.003609837032854557
2026-05-14 15:53:44.476309+02:00,0.004607630893588066
2026-05-14 15:53:44.491934+02:00,0.005721407011151314
2026-05-14 15:53:44.507559+02:00,0.0069882627576589584
2026-05-14 15:53:44.523184+02:00,0.008421560749411583
2026-05-14 15:53:44.538809+02:00,0.010011380538344383
2026-05-14 15:53:44.554434+02:00,0.011724600568413734
2026-05-14 15:53:44.570059+02:00,0.013504544273018837
2026-05-14 15:53:44.585684+02:00,0.015265528112649918
2026-05-14 15:53:44.601309+02:00,0.016879647970199585
2026-05-14 15:53:44.616934+02:00,0.01816621795296669
2026-05-14 15:53:44.632559+02:00,0.018901968374848366
2026-05-14 15:53:44.648184+02:00,0.01885654591023922
2026-05-14 15:53:44.663809+02:00,0.017840217798948288
2026-05-14 15:53:44.679434+02:00,0.015748940408229828
2026-05-14 15:53:44.695059+02:00,0.012597177177667618
2026-05-14 15:53:44.710684+02:00,0.008531368337571621
2026-05-14 15:53:44.726309+02:00,0.003818350378423929
2026-05-14 15:53:44.741934+02:00,-0.0011897068470716476
2026-05-14 15:53:44.757559+02:00,-0.006102948449552059
2026-05-14 15:53:44.773184+02:00,-0.010543577373027802
2026-05-14 15:53:44.788809+02:00,-0.014190560206770897
2026-05-14 15:53:44.804434+02:00,-0.016814066097140312
2026-05-14 15:53:44.820059+02:00,-0.018296726047992706
2026-05-14 15:53:44.835684+02:00,-0.018637914210557938
2026-05-14 15:53:44.851309+02:00,-0.01793982833623886
2026-05-14 15:53:44.866934+02:00,-0.016381805762648582
2026-05-14 15:53:44.882559+02:00,-0.014191285707056522
2026-05-14 15:53:44.898184+02:00,-0.011615859344601631
2026-05-14 15:53:44.913809+02:00,-0.008897696621716022
2026-05-14 15:53:44.929434+02:00,-0.006250129081308842
2026-05-14 15:53:44.945059+02:00,-0.0038368524983525276
2026-05-14 15:53:44.960684+02:00,-0.0017580501735210419
2026-05-14 15:53:44.976309+02:00,-4.7332607209682465e-05
2026-05-14 15:53:44.991934+02:00,0.0013218913227319717
2026-05-14 15:53:45.007559+02:00,0.002423857804387808
2026-05-14 15:53:45.023184+02:00,0.00336330384016037
2026-05-14 15:53:45.038809+02:00,0.004255005624145269
2026-05-14 15:53:45.054434+02:00,0.00520393718034029
2026-05-14 15:53:45.070059+02:00,0.006290692836046219
2026-05-14 15:53:45.085684+02:00,0.007563738152384758
2026-05-14 15:53:45.101309+02:00,0.009037869982421398
2026-05-14 15:53:45.116934+02:00,0.010696681216359138
2026-05-14 15:53:45.132559+02:00,0.01249709539115429
2026-05-14 15:53:45.148184+02:00,0.014373473823070526
2026-05-14 15:53:45.163809+02:00,0.01623544469475746
2026-05-14 15:53:45.179434+02:00,0.017957109957933426
2026-05-14 15:53:45.195059+02:00,0.019366055727005005
2026-05-14 15:53:45.210684+02:00,0.020246295258402824
2026-05-14 15:53:45.226309+02:00,0.02036294899880886
2026-05-14 15:53:45.241934+02:00,0.019505459815263748
2026-05-14 15:53:45.257559+02:00,0.017538120970129967
2026-05-14 15:53:45.273184+02:00,0.014441839419305325
2026-05-14 15:53:45.288809+02:00,0.010333778336644173
2026-05-14 15:53:45.304434+02:00,0.005460767541080713
2026-05-14 15:53:45.320059+02:00,0.0001688126940280199
2026-05-14 15:53:45.335684+02:00,-0.005144723691046238
2026-05-14 15:53:45.351309+02:00,-0.010084523819386959
2026-05-14 15:53:45.366934+02:00,-0.014304134994745255
2026-05-14 15:53:45.382559+02:00,-0.017540063709020615
2026-05-14 15:53:45.398184+02:00,-0.019633203744888306
2026-05-14 15:53:45.413809+02:00,-0.02053782343864441
2026-05-14 15:53:45.429434+02:00,-0.02031579427421093
2026-05-14 15:53:45.445059+02:00,-0.01911766454577446
2026-05-14 15:53:45.460684+02:00,-0.017156541347503662
2026-05-14 15:53:45.476309+02:00,-0.014679123647511005
2026-05-14 15:53:45.491934+02:00,-0.011937941424548626
2026-05-14 15:53:45.507559+02:00,-0.009166834875941277
2026-05-14 15:53:45.523184+02:00,-0.0065579842776060104
2026-05-14 15:53:45.538809+02:00,-0.004243610426783562
2026-05-14 15:53:45.554434+02:00,-0.002288025338202715
2026-05-14 15:53:45.570059+02:00,-0.0006904634647071362
2026-05-14 15:53:45.585684+02:00,0.0006026108749210835
2026-05-14 15:53:45.601309+02:00,0.0016791434027254581
2026-05-14 15:53:45.616934+02:00,0.002642936073243618
2026-05-14 15:53:45.632559+02:00,0.003596323076635599
2026-05-14 15:53:45.648184+02:00,0.004624941386282444
2026-05-14 15:53:45.663809+02:00,0.005788491573184729
2026-05-14 15:53:45.679434+02:00,0.007117943838238716
2026-05-14 15:53:45.695059+02:00,0.00861649215221405
2026-05-14 15:53:45.710684+02:00,0.010262676514685154
2026-05-14 15:53:45.726309+02:00,0.012013447470963001
2026-05-14 15:53:45.741934+02:00,0.013802452944219112
2026-05-14 15:53:45.757559+02:00,0.015530319884419441
2026-05-14 15:53:45.773184+02:00,0.01705072447657585
2026-05-14 15:53:45.788809+02:00,0.018163762986660004
2026-05-14 15:53:45.804434+02:00,0.01863052137196064
2026-05-14 15:53:45.820059+02:00,0.018213555216789246
2026-05-14 15:53:45.835684+02:00,0.016732338815927505
2026-05-14 15:53:45.851309+02:00,0.014113899320363998
2026-05-14 15:53:45.866934+02:00,0.010421975515782833
2026-05-14 15:53:45.882559+02:00,0.005858938675373793
2026-05-14 15:53:45.898184+02:00,0.0007422436610795557
2026-05-14 15:53:45.913809+02:00,-0.004540456458926201
2026-05-14 15:53:45.929434+02:00,-0.009585641324520111
2026-05-14 15:53:45.945059+02:00,-0.014022366143763065
2026-05-14 15:53:45.960684+02:00,-0.017550164833664894
2026-05-14 15:53:45.976309+02:00,-0.019967729225754738
2026-05-14 15:53:45.991934+02:00,-0.021189047023653984
2026-05-14 15:53:46.007559+02:00,-0.02124423161149025
2026-05-14 15:53:46.023184+02:00,-0.02026732638478279
2026-05-14 15:53:46.038809+02:00,-0.01847311109304428
2026-05-14 15:53:46.054434+02:00,-0.01612447202205658
2026-05-14 15:53:46.070059+02:00,-0.013495484367012978
2026-05-14 15:53:46.085684+02:00,-0.010836521163582802
2026-05-14 15:53:46.101309+02:00,-0.00834641046822071
2026-05-14 15:53:46.116934+02:00,-0.006156092509627342
2026-05-14 15:53:46.132559+02:00,-0.004325784742832184
2026-05-14 15:53:46.148184+02:00,-0.0028522589709609747
2026-05-14 15:53:46.163809+02:00,-0.001681003486737609
2026-05-14 15:53:46.179434+02:00,-0.0007218359969556332
2026-05-14 15:53:46.195059+02:00,0.0001326058991253376
2026-05-14 15:53:46.210684+02:00,0.0009879835415631533
2026-05-14 15:53:46.226309+02:00,0.0019325260072946548
2026-05-14 15:53:46.241934+02:00,0.0030288624111562967
2026-05-14 15:53:46.257559+02:00,0.004312664270401001
2026-05-14 15:53:46.273184+02:00,0.005792375188320875
2026-05-14 15:53:46.288809+02:00,0.0074477726593613625
2026-05-14 15:53:46.304434+02:00,0.00922851637005806
2026-05-14 15:53:46.320059+02:00,0.01105077937245369
2026-05-14 15:53:46.335684+02:00,0.012787574902176857
2026-05-14 15:53:46.351309+02:00,0.014258606359362602
2026-05-14 15:53:46.366934+02:00,0.015236477367579937
2026-05-14 15:53:46.382559+02:00,0.015477151609957218
2026-05-14 15:53:46.398184+02:00,0.014766804873943329
2026-05-14 15:53:46.413809+02:00,0.012971960939466953
2026-05-14 15:53:46.429434+02:00,0.010080378502607346
2026-05-14 15:53:46.445059+02:00,0.00622023968026042
2026-05-14 15:53:46.460684+02:00,0.0016503480728715658
2026-05-14 15:53:46.476309+02:00,-0.003273935057222843
2026-05-14 15:53:46.491934+02:00,-0.008148066699504852
2026-05-14 15:53:46.507559+02:00,-0.012569824233651161
2026-05-14 15:53:46.523184+02:00,-0.016188060864806175
2026-05-14 15:53:46.538809+02:00,-0.018743587657809258
2026-05-14 15:53:46.554434+02:00,-0.020096225664019585
2026-05-14 15:53:46.570059+02:00,-0.020232446491718292
2026-05-14 15:53:46.585684+02:00,-0.01925457827746868
2026-05-14 15:53:46.601309+02:00,-0.017357856035232544
2026-05-14 15:53:46.616934+02:00,-0.01480025239288807
2026-05-14 15:53:46.632559+02:00,-0.011868210509419441
2026-05-14 15:53:46.648184+02:00,-0.008842444978654385
2026-05-14 15:53:46.663809+02:00,-0.005967825185507536
2026-05-14 15:53:46.679434+02:00,-0.0034302533604204655
2026-05-14 15:53:46.695059+02:00,-0.0013426810037344694
2026-05-14 15:53:46.710684+02:00,0.0002591025549918413
2026-05-14 15:53:46.726309+02:00,0.0014108335599303246
2026-05-14 15:53:46.741934+02:00,0.0022047744132578373
2026-05-14 15:53:46.757559+02:00,0.002769130514934659
2026-05-14 15:53:46.773184+02:00,0.0032464663963764906
2026-05-14 15:53:46.788809+02:00,0.0037726520095020533
2026-05-14 15:53:46.804434+02:00,0.004458785988390446
2026-05-14 15:53:46.820059+02:00,0.005380127113312483
2026-05-14 15:53:46.835684+02:00,0.006572304293513298
2026-05-14 15:53:46.851309+02:00,0.008032182231545448
2026-05-14 15:53:46.866934+02:00,0.009719747118651867
2026-05-14 15:53:46.882559+02:00,0.011554880999028683
2026-05-14 15:53:46.898184+02:00,0.013405885547399521
2026-05-14 15:53:46.913809+02:00,0.015078798867762089
2026-05-14 15:53:46.929434+02:00,0.016323691233992577
2026-05-14 15:53:46.945059+02:00,0.016865316778421402
2026-05-14 15:53:46.960684+02:00,0.01645214669406414
2026-05-14 15:53:46.976309+02:00,0.01491110771894455
2026-05-14 15:53:46.991934+02:00,0.012193362228572369
2026-05-14 15:53:47.007559+02:00,0.008397844620049
2026-05-14 15:53:47.023184+02:00,0.0037655311170965433
2026-05-14 15:53:47.038809+02:00,-0.0013529876014217734
2026-05-14 15:53:47.054434+02:00,-0.006545961834490299
2026-05-14 15:53:47.070059+02:00,-0.011393142864108086
2026-05-14 15:53:47.085684+02:00,-0.015515699982643127
2026-05-14 15:53:47.101309+02:00,-0.018618134781718254
2026-05-14 15:53:47.116934+02:00,-0.02051600255072117
2026-05-14 15:53:47.132559+02:00,-0.021147847175598145
2026-05-14 15:53:47.148184+02:00,-0.020573412999510765
2026-05-14 15:53:47.163809+02:00,-0.018957993015646935
2026-05-14 15:53:47.179434+02:00,-0.016543976962566376
2026-05-14 15:53:47.195059+02:00,-0.01361468993127346
2026-05-14 15:53:47.210684+02:00,-0.010457341559231281
2026-05-14 15:53:47.226309+02:00,-0.007331348489969969
2026-05-14 15:53:47.241934+02:00,-0.00444418378174305
2026-05-14 15:53:47.257559+02:00,-0.0019336759578436613
2026-05-14 15:53:47.273184+02:00,0.0001408676616847515
2026-05-14 15:53:47.288809+02:00,0.0017941067926585674
2026-05-14 15:53:47.304434+02:00,0.0030981863383203745
2026-05-14 15:53:47.320059+02:00,0.0041617159731686115
2026-05-14 15:53:47.335684+02:00,0.0051093450747430325
2026-05-14 15:53:47.351309+02:00,0.006063023116439581
2026-05-14 15:53:47.366934+02:00,0.007125504314899445
2026-05-14 15:53:47.382559+02:00,0.008367834612727165
2026-05-14 15:53:47.398184+02:00,0.009823027998209
2026-05-14 15:53:47.413809+02:00,0.011484942398965359
2026-05-14 15:53:47.429434+02:00,0.013307459652423859
2026-05-14 15:53:47.445059+02:00,0.015199867077171803
2026-05-14 15:53:47.460684+02:00,0.01701856404542923
2026-05-14 15:53:47.476309+02:00,0.01856127381324768
2026-05-14 15:53:47.491934+02:00,0.01957637444138527
2026-05-14 15:53:47.507559+02:00,0.019797006621956825
2026-05-14 15:53:47.523184+02:00,0.018994681537151337
2026-05-14 15:53:47.538809+02:00,0.017034132033586502
2026-05-14 15:53:47.554434+02:00,0.013911237008869648
2026-05-14 15:53:47.570059+02:00,0.009766140952706337
2026-05-14 15:53:47.585684+02:00,0.004871789366006851
2026-05-14 15:53:47.601309+02:00,-0.0004008169053122401
2026-05-14 15:53:47.616934+02:00,-0.005634107626974583
2026-05-14 15:53:47.632559+02:00,-0.01041900273412466
2026-05-14 15:53:47.648184+02:00,-0.014403516426682472
2026-05-14 15:53:47.663809+02:00,-0.01732962764799595
2026-05-14 15:53:47.679434+02:00,-0.019054245203733444
2026-05-14 15:53:47.695059+02:00,-0.01955421455204487
2026-05-14 15:53:47.710684+02:00,-0.018917879089713097
2026-05-14 15:53:47.726309+02:00,-0.017324823886156082
2026-05-14 15:53:47.741934+02:00,-0.01501761469990015
2026-05-14 15:53:47.757559+02:00,-0.012269892729818821
2026-05-14 15:53:47.773184+02:00,-0.009353838860988617
2026-05-14 15:53:47.788809+02:00,-0.006511077284812927
2026-05-14 15:53:47.804434+02:00,-0.00392952561378479
2026-05-14 15:53:47.820059+02:00,-0.001726931775920093
2026-05-14 15:53:47.835684+02:00,5.5811950005590916e-05
2026-05-14 15:53:47.851309+02:00,0.0014494061470031738
2026-05-14 15:53:47.866934+02:00,0.002540677087381482
2026-05-14 15:53:47.882559+02:00,0.0034498493187129498
2026-05-14 15:53:47.898184+02:00,0.004304429981857538
2026-05-14 15:53:47.913809+02:00,0.005215588957071304
2026-05-14 15:53:47.929434+02:00,0.006262069568037987
2026-05-14 15:53:47.945059+02:00,0.007483573630452156
2026-05-14 15:53:47.960684+02:00,0.008882127702236176
2026-05-14 15:53:47.976309+02:00,0.010427448898553848
2026-05-14 15:53:47.991934+02:00,0.012061377987265587
2026-05-14 15:53:48.007559+02:00,0.013694725930690765
2026-05-14 15:53:48.023184+02:00,0.015194875188171864
2026-05-14 15:53:48.038809+02:00,0.01637611724436283
2026-05-14 15:53:48.054434+02:00,0.017010115087032318
2026-05-14 15:53:48.070059+02:00,0.0168624185025692
2026-05-14 15:53:48.085684+02:00,0.015743814408779144
2026-05-14 15:53:48.101309+02:00,0.013559159822762012
2026-05-14 15:53:48.116934+02:00,0.010340653359889984
2026-05-14 15:53:48.132559+02:00,0.0062568699941039085
2026-05-14 15:53:48.148184+02:00,0.0015946137718856335
2026-05-14 15:53:48.163809+02:00,-0.0032805250957608223
2026-05-14 15:53:48.179434+02:00,-0.007974626496434212
2026-05-14 15:53:48.195059+02:00,-0.012117158621549606
2026-05-14 15:53:48.210684+02:00,-0.01540428213775158
2026-05-14 15:53:48.226309+02:00,-0.017627481371164322
2026-05-14 15:53:48.241934+02:00,-0.01868729293346405
2026-05-14 15:53:48.257559+02:00,-0.01859443448483944
2026-05-14 15:53:48.273184+02:00,-0.017459549009799957
2026-05-14 15:53:48.288809+02:00,-0.015472829341888428
2026-05-14 15:53:48.304434+02:00,-0.012876889668405056
2026-05-14 15:53:48.320059+02:00,-0.009935623966157436
2026-05-14 15:53:48.335684+02:00,-0.006902621127665043
2026-05-14 15:53:48.351309+02:00,-0.003994557075202465
2026-05-14 15:53:48.366934+02:00,-0.0013725205790251493
2026-05-14 15:53:48.382559+02:00,0.0008678820449858904
2026-05-14 15:53:48.398184+02:00,0.0026968971360474825
2026-05-14 15:53:48.413809+02:00,0.004142520483583212
2026-05-14 15:53:48.429434+02:00,0.005277211312204599
2026-05-14 15:53:48.445059+02:00,0.0062025790102779865
2026-05-14 15:53:48.460684+02:00,0.007032423745840788
2026-05-14 15:53:48.476309+02:00,0.007875045761466026
2026-05-14 15:53:48.491934+02:00,0.008819284848868847
2026-05-14 15:53:48.507559+02:00,0.009926111437380314
2026-05-14 15:53:48.523184+02:00,0.01122443936765194
2026-05-14 15:53:48.538809+02:00,0.012710874900221825
2026-05-14 15:53:48.554434+02:00,0.014350838959217072
2026-05-14 15:53:48.570059+02:00,0.016075782477855682
2026-05-14 15:53:48.585684+02:00,0.017774246633052826
2026-05-14 15:53:48.601309+02:00,0.019282806664705276
2026-05-14 15:53:48.616934+02:00,0.02038879692554474
2026-05-14 15:53:48.632559+02:00,0.02085147611796856
2026-05-14 15:53:48.648184+02:00,0.020439159125089645
2026-05-14 15:53:48.663809+02:00,0.01897580176591873
2026-05-14 15:53:48.679434+02:00,0.01638667844235897
2026-05-14 15:53:48.695059+02:00,0.01272958517074585
2026-05-14 15:53:48.710684+02:00,0.00820202101022005
2026-05-14 15:53:48.726309+02:00,0.003120722249150276
2026-05-14 15:53:48.741934+02:00,-0.0021227607503533363
2026-05-14 15:53:48.757559+02:00,-0.007117959205061197
2026-05-14 15:53:48.773184+02:00,-0.01148946676403284
2026-05-14 15:53:48.788809+02:00,-0.014939684420824051
2026-05-14 15:53:48.804434+02:00,-0.017275776714086533
2026-05-14 15:53:48.820059+02:00,-0.018422329798340797
2026-05-14 15:53:48.835684+02:00,-0.01842164248228073
2026-05-14 15:53:48.851309+02:00,-0.017420632764697075
2026-05-14 15:53:48.866934+02:00,-0.0156458280980587
2026-05-14 15:53:48.882559+02:00,-0.013370721600949764
2026-05-14 15:53:48.898184+02:00,-0.010879791341722012
2026-05-14 15:53:48.913809+02:00,-0.00843497272580862
2026-05-14 15:53:48.929434+02:00,-0.006248891353607178
2026-05-14 15:53:48.945059+02:00,-0.004465757869184017
2026-05-14 15:53:48.960684+02:00,-0.0031518442556262016
2026-05-14 15:53:48.976309+02:00,-0.0022967150434851646
2026-05-14 15:53:48.991934+02:00,-0.0018242336809635162
2026-05-14 15:53:49.007559+02:00,-0.0016130991280078888
2026-05-14 15:53:49.023184+02:00,-0.0015230532735586166
2026-05-14 15:53:49.038809+02:00,-0.001419099047780037
2026-05-14 15:53:49.054434+02:00,-0.001188967376947403
2026-05-14 15:53:49.070059+02:00,-0.0007532034069299698
2026-05-14 15:53:49.085684+02:00,-6.945990025997162e-05
2026-05-14 15:53:49.101309+02:00,0.0008684955537319183
2026-05-14 15:53:49.116934+02:00,0.0020354138687253
2026-05-14 15:53:49.132559+02:00,0.003374047577381134
2026-05-14 15:53:49.148184+02:00,0.004783928394317627
2026-05-14 15:53:49.163809+02:00,0.006109714508056641
2026-05-14 15:53:49.179434+02:00,0.0071438392624258995
2026-05-14 15:53:49.195059+02:00,0.007648300379514694
2026-05-14 15:53:49.210684+02:00,0.007393366657197475
2026-05-14 15:53:49.226309+02:00,0.006206808611750603
2026-05-14 15:53:49.241934+02:00,0.004020350985229015
2026-05-14 15:53:49.257559+02:00,0.0008990298956632614
2026-05-14 15:53:49.273184+02:00,-0.0029557673260569572
2026-05-14 15:53:49.288809+02:00,-0.007232050411403179
2026-05-14 15:53:49.304434+02:00,-0.011553941294550896
2026-05-14 15:53:49.320059+02:00,-0.01553546916693449
2026-05-14 15:53:49.335684+02:00,-0.018830161541700363
2026-05-14 15:53:49.351309+02:00,-0.02116999961435795
2026-05-14 15:53:49.366934+02:00,-0.022391468286514282
2026-05-14 15:53:49.382559+02:00,-0.02244805172085762
2026-05-14 15:53:49.398184+02:00,-0.021408021450042725
2026-05-14 15:53:49.413809+02:00,-0.019437864422798157
2026-05-14 15:53:49.429434+02:00,-0.016774768009781837
2026-05-14 15:53:49.445059+02:00,-0.01369413547217846
2026-05-14 15:53:49.460684+02:00,-0.010476894676685333
2026-05-14 15:53:49.476309+02:00,-0.007377461064606905
2026-05-14 15:53:49.491934+02:00,-0.004596067126840353
2026-05-14 15:53:49.507559+02:00,-0.0022622467949986458
2026-05-14 15:53:49.523184+02:00,-0.0004297317937016487
2026-05-14 15:53:49.538809+02:00,0.0009196382015943527
2026-05-14 15:53:49.554434+02:00,0.0018636351451277733
2026-05-14 15:53:49.570059+02:00,0.002522229216992855
2026-05-14 15:53:49.585684+02:00,0.0030365483835339546
2026-05-14 15:53:49.601309+02:00,0.0035441992804408073
2026-05-14 15:53:49.616934+02:00,0.0041579995304346085
2026-05-14 15:53:49.632559+02:00,0.004955748096108437
2026-05-14 15:53:49.648184+02:00,0.005978402681648731
2026-05-14 15:53:49.663809+02:00,0.007231235504150391
2026-05-14 15:53:49.679434+02:00,0.008688042871654034
2026-05-14 15:53:49.695059+02:00,0.010297667235136032
2026-05-14 15:53:49.710684+02:00,0.011988477781414986
2026-05-14 15:53:49.726309+02:00,0.013667836785316467
2026-05-14 15:53:49.741934+02:00,0.015216179192066193
2026-05-14 15:53:49.757559+02:00,0.01647952012717724
2026-05-14 15:53:49.773184+02:00,0.017269408330321312
2026-05-14 15:53:49.788809+02:00,0.017379358410835266
2026-05-14 15:53:49.804434+02:00,0.016620688140392303
2026-05-14 15:53:49.820059+02:00,0.01486921776086092
2026-05-14 15:53:49.835684+02:00,0.01210455596446991
2026-05-14 15:53:49.851309+02:00,0.00842779129743576
2026-05-14 15:53:49.866934+02:00,0.004056164994835854
2026-05-14 15:53:49.882559+02:00,-0.0007011173292994499
2026-05-14 15:53:49.898184+02:00,-0.00548306480050087
2026-05-14 15:53:49.913809+02:00,-0.00992579571902752
2026-05-14 15:53:49.929434+02:00,-0.013707837089896202
2026-05-14 15:53:49.945059+02:00,-0.016585208475589752
2026-05-14 15:53:49.960684+02:00,-0.018415315076708794
2026-05-14 15:53:49.976309+02:00,-0.019167333841323853
2026-05-14 15:53:49.991934+02:00,-0.018918145447969437
2026-05-14 15:53:50.007559+02:00,-0.017835309728980064
2026-05-14 15:53:50.023184+02:00,-0.016147619113326073
2026-05-14 15:53:50.038809+02:00,-0.014108726754784584
2026-05-14 15:53:50.054434+02:00,-0.011964290402829647
2026-05-14 15:53:50.070059+02:00,-0.009926513768732548
2026-05-14 15:53:50.085684+02:00,-0.008155054412782192
2026-05-14 15:53:50.101309+02:00,-0.0067455400712788105
2026-05-14 15:53:50.116934+02:00,-0.005726638715714216
2026-05-14 15:53:50.132559+02:00,-0.005065868142992258
2026-05-14 15:53:50.148184+02:00,-0.004683883395045996
2026-05-14 15:53:50.163809+02:00,-0.004472936969250441
2026-05-14 15:53:50.179434+02:00,-0.004314962774515152
2026-05-14 15:53:50.195059+02:00,-0.00409829942509532
2026-05-14 15:53:50.210684+02:00,-0.003731848206371069
2026-05-14 15:53:50.226309+02:00,-0.0031543755903840065
2026-05-14 15:53:50.241934+02:00,-0.0023376387543976307
2026-05-14 15:53:50.257559+02:00,-0.00128472363576293
2026-05-14 15:53:50.273184+02:00,-2.8794631361961365e-05
2026-05-14 15:53:50.288809+02:00,0.0013629486784338951
2026-05-14 15:53:50.304434+02:00,0.0027802037075161934
2026-05-14 15:53:50.320059+02:00,0.004062901716679335
2026-05-14 15:53:50.335684+02:00,0.005010081920772791
2026-05-14 15:53:50.351309+02:00,0.005408917088061571
2026-05-14 15:53:50.366934+02:00,0.00507439486682415
2026-05-14 15:53:50.382559+02:00,0.0038882726803421974
2026-05-14 15:53:50.398184+02:00,0.0018299296498298645
2026-05-14 15:53:50.413809+02:00,-0.0010070526041090488
2026-05-14 15:53:50.429434+02:00,-0.004418153781443834
2026-05-14 15:53:50.445059+02:00,-0.008113815449178219
2026-05-14 15:53:50.460684+02:00,-0.011761949397623539
2026-05-14 15:53:50.476309+02:00,-0.015033263713121414
2026-05-14 15:53:50.491934+02:00,-0.017641153186559677
2026-05-14 15:53:50.507559+02:00,-0.019374150782823563
2026-05-14 15:53:50.523184+02:00,-0.020116038620471954
2026-05-14 15:53:50.538809+02:00,-0.019851576536893845
2026-05-14 15:53:50.554434+02:00,-0.018662022426724434
2026-05-14 15:53:50.570059+02:00,-0.01671077124774456
2026-05-14 15:53:50.585684+02:00,-0.014217093586921692
2026-05-14 15:53:50.601309+02:00,-0.011422650888562202
2026-05-14 15:53:50.616934+02:00,-0.008559757843613625
2026-05-14 15:53:50.632559+02:00,-0.00582732493057847
2026-05-14 15:53:50.648184+02:00,-0.0033753463067114353
2026-05-14 15:53:50.663809+02:00,-0.0012961411848664284
2026-05-14 15:53:50.679434+02:00,0.00037766131572425365
2026-05-14 15:53:50.695059+02:00,0.0016675743972882628
2026-05-14 15:53:50.710684+02:00,0.00263920403085649
2026-05-14 15:53:50.726309+02:00,0.003389697754755616
2026-05-14 15:53:50.741934+02:00,0.0040304772555828094
2026-05-14 15:53:50.757559+02:00,0.0046686045825481415
2026-05-14 15:53:50.773184+02:00,0.005394742824137211
2026-05-14 15:53:50.788809+02:00,0.006276898086071014
2026-05-14 15:53:50.804434+02:00,0.007353664375841618
2026-05-14 15:53:50.820059+02:00,0.0086273904889822
2026-05-14 15:53:50.835684+02:00,0.010058607906103134
2026-05-14 15:53:50.851309+02:00,0.011558257043361664
2026-05-14 15:53:50.866934+02:00,0.01298114936798811
2026-05-14 15:53:50.882559+02:00,0.014133311808109283
2026-05-14 15:53:50.898184+02:00,0.01479894109070301
2026-05-14 15:53:50.913809+02:00,0.014779295772314072
2026-05-14 15:53:50.929434+02:00,0.013933025300502777
2026-05-14 15:53:50.945059+02:00,0.012210016138851643
2026-05-14 15:53:50.960684+02:00,0.009671620093286037
2026-05-14 15:53:50.976309+02:00,0.006492237560451031
2026-05-14 15:53:50.991934+02:00,0.0029396074824035168
2026-05-14 15:53:51.007559+02:00,-0.0006635896861553192
2026-05-14 15:53:51.023184+02:00,-0.003985905088484287
2026-05-14 15:53:51.038809+02:00,-0.006730038672685623
2026-05-14 15:53:51.054434+02:00,-0.008668564260005951
2026-05-14 15:53:51.070059+02:00,-0.009669722989201546
2026-05-14 15:53:51.085684+02:00,-0.009707809425890446
2026-05-14 15:53:51.101309+02:00,-0.00885684136301279
2026-05-14 15:53:51.116934+02:00,-0.007272032089531422
2026-05-14 15:53:51.132559+02:00,-0.005163122899830341
2026-05-14 15:53:51.148184+02:00,-0.0027625784277915955
2026-05-14 15:53:51.163809+02:00,-0.00029502715915441513
2026-05-14 15:53:51.179434+02:00,0.002045603469014168
2026-05-14 15:53:51.195059+02:00,0.004111637361347675
2026-05-14 15:53:51.210684+02:00,0.005813352297991514
2026-05-14 15:53:51.226309+02:00,0.007125480566173792
2026-05-14 15:53:51.241934+02:00,0.008083696477115154
2026-05-14 15:53:51.257559+02:00,0.008769701234996319
2026-05-14 15:53:51.273184+02:00,0.00928991287946701
2026-05-14 15:53:51.288809+02:00,0.009754548780620098
2026-05-14 15:53:51.304434+02:00,0.010259587317705154
2026-05-14 15:53:51.320059+02:00,0.01087284553796053
2026-05-14 15:53:51.335684+02:00,0.011628333479166031
2026-05-14 15:53:51.351309+02:00,0.01252959668636322
2026-05-14 15:53:51.366934+02:00,0.013555563054978848
2026-05-14 15:53:51.382559+02:00,0.014660807326436043
2026-05-14 15:53:51.398184+02:00,0.01576578989624977
2026-05-14 15:53:51.413809+02:00,0.0167428869754076
2026-05-14 15:53:51.429434+02:00,0.017415130510926247
2026-05-14 15:53:51.445059+02:00,0.0175786055624485
2026-05-14 15:53:51.460684+02:00,0.01704162359237671
2026-05-14 15:53:51.476309+02:00,0.015666769817471504
2026-05-14 15:53:51.491934+02:00,0.013405049219727516
2026-05-14 15:53:51.507559+02:00,0.010315777733922005
2026-05-14 15:53:51.523184+02:00,0.006568796932697296
2026-05-14 15:53:51.538809+02:00,0.0024272012524306774
2026-05-14 15:53:51.554434+02:00,-0.0017866664566099644
2026-05-14 15:53:51.570059+02:00,-0.005735529121011496
2026-05-14 15:53:51.585684+02:00,-0.009114416316151619
2026-05-14 15:53:51.601309+02:00,-0.011691208928823471
2026-05-14 15:53:51.616934+02:00,-0.01333202701061964
2026-05-14 15:53:51.632559+02:00,-0.01400853879749775
2026-05-14 15:53:51.648184+02:00,-0.013789924792945385
2026-05-14 15:53:51.663809+02:00,-0.012824011966586113
2026-05-14 15:53:51.679434+02:00,-0.011309904977679253
2026-05-14 15:53:51.695059+02:00,-0.00946703739464283
2026-05-14 15:53:51.710684+02:00,-0.007508250419050455
2026-05-14 15:53:51.726309+02:00,-0.005618244409561157
2026-05-14 15:53:51.741934+02:00,-0.0039357952773571014
2026-05-14 15:53:51.757559+02:00,-0.002542826347053051
2026-05-14 15:53:51.773184+02:00,-0.0014634812250733376
2026-05-14 15:53:51.788809+02:00,-0.0006713829934597015
2026-05-14 15:53:51.804434+02:00,-0.00010227318853139877
2026-05-14 15:53:51.820059+02:00,0.00033033639192581177
2026-05-14 15:53:51.835684+02:00,0.0007203873246908188
2026-05-14 15:53:51.851309+02:00,0.001157358754426241
2026-05-14 15:53:51.866934+02:00,0.0017170999199151993
2026-05-14 15:53:51.882559+02:00,0.002455779816955328
2026-05-14 15:53:51.898184+02:00,0.0034056012518703938
2026-05-14 15:53:51.913809+02:00,0.004570633172988892
2026-05-14 15:53:51.929434+02:00,0.005922120995819569
2026-05-14 15:53:51.945059+02:00,0.007390082813799381
2026-05-14 15:53:51.960684+02:00,0.00885160081088543
2026-05-14 15:53:51.976309+02:00,0.010127448476850986
2026-05-14 15:53:51.991934+02:00,0.0109992865473032
2026-05-14 15:53:52.007559+02:00,0.011246751993894577
2026-05-14 15:53:52.023184+02:00,0.010692357085645199
2026-05-14 15:53:52.038809+02:00,0.009241223335266113
2026-05-14 15:53:52.054434+02:00,0.0069073885679244995
2026-05-14 15:53:52.070059+02:00,0.0038208418991416693
2026-05-14 15:53:52.085684+02:00,0.00021356390789151192
2026-05-14 15:53:52.101309+02:00,-0.003610829822719097
2026-05-14 15:53:52.116934+02:00,-0.0073171514086425304
2026-05-14 15:53:52.132559+02:00,-0.010582515969872475
2026-05-14 15:53:52.148184+02:00,-0.013137226924300194
2026-05-14 15:53:52.163809+02:00,-0.014794575981795788
2026-05-14 15:53:52.179434+02:00,-0.015466492623090744
2026-05-14 15:53:52.195059+02:00,-0.015166730619966984
2026-05-14 15:53:52.210684+02:00,-0.014001617208123207
2026-05-14 15:53:52.226309+02:00,-0.012150765396654606
2026-05-14 15:53:52.241934+02:00,-0.009841948747634888
2026-05-14 15:53:52.257559+02:00,-0.0073203034698963165
2026-05-14 15:53:52.273184+02:00,-0.004814486019313335
2026-05-14 15:53:52.288809+02:00,-0.00250846054404974
2026-05-14 15:53:52.304434+02:00,-0.0005253655835986137
2026-05-14 15:53:52.320059+02:00,0.0010762764140963554
2026-05-14 15:53:52.335684+02:00,0.002297181636095047
2026-05-14 15:53:52.351309+02:00,0.0031870556995272636
2026-05-14 15:53:52.366934+02:00,0.0038316003046929836
2026-05-14 15:53:52.382559+02:00,0.004337541293352842
2026-05-14 15:53:52.398184+02:00,0.004816850647330284
2026-05-14 15:53:52.413809+02:00,0.00537065789103508
2026-05-14 15:53:52.429434+02:00,0.0060749780386686325
2026-05-14 15:53:52.445059+02:00,0.006971331313252449
2026-05-14 15:53:52.460684+02:00,0.00806384813040495
2026-05-14 15:53:52.476309+02:00,0.009323338977992535
2026-05-14 15:53:52.491934+02:00,0.010694239288568497
2026-05-14 15:53:52.507559+02:00,0.012095777317881584
2026-05-14 15:53:52.523184+02:00,0.013414477929472923
2026-05-14 15:53:52.538809+02:00,0.014497038908302784
2026-05-14 15:53:52.554434+02:00,0.015156582929193974
2026-05-14 15:53:52.570059+02:00,0.015197118744254112
2026-05-14 15:53:52.585684+02:00,0.014450597576797009
2026-05-14 15:53:52.601309+02:00,0.012816181406378746
2026-05-14 15:53:52.616934+02:00,0.010291507467627525
2026-05-14 15:53:52.632559+02:00,0.006987707689404488
2026-05-14 15:53:52.648184+02:00,0.0031223674304783344
2026-05-14 15:53:52.663809+02:00,-0.0010095322504639626
2026-05-14 15:53:52.679434+02:00,-0.0050787124782800674
2026-05-14 15:53:52.695059+02:00,-0.008766811341047287
2026-05-14 15:53:52.710684+02:00,-0.011803140863776207
2026-05-14 15:53:52.726309+02:00,-0.013990340754389763
2026-05-14 15:53:52.741934+02:00,-0.015221579000353813
2026-05-14 15:53:52.757559+02:00,-0.015486588701605797
2026-05-14 15:53:52.773184+02:00,-0.014864468947052956
2026-05-14 15:53:52.788809+02:00,-0.013508064672350883
2026-05-14 15:53:52.804434+02:00,-0.0116219911724329
2026-05-14 15:53:52.820059+02:00,-0.009434552863240242
2026-05-14 15:53:52.835684+02:00,-0.007168247364461422
2026-05-14 15:53:52.851309+02:00,-0.005013609305024147
2026-05-14 15:53:52.866934+02:00,-0.0031090686097741127
2026-05-14 15:53:52.882559+02:00,-0.0015291310846805573
2026-05-14 15:53:52.898184+02:00,-0.0002844179980456829
2026-05-14 15:53:52.913809+02:00,0.0006662034429609776
2026-05-14 15:53:52.929434+02:00,0.0013982695527374744
2026-05-14 15:53:52.945059+02:00,0.002004727255553007
2026-05-14 15:53:52.960684+02:00,0.0025808680802583694
2026-05-14 15:53:52.976309+02:00,0.0032123280689120293
2026-05-14 15:53:52.991934+02:00,0.003965458832681179
2026-05-14 15:53:53.007559+02:00,0.00488080782815814
2026-05-14 15:53:53.023184+02:00,0.005971456412225962
2026-05-14 15:53:53.038809+02:00,0.00722429808229208
2026-05-14 15:53:53.054434+02:00,0.008602974936366081
2026-05-14 15:53:53.070059+02:00,0.01005377247929573
2026-05-14 15:53:53.085684+02:00,0.011513670906424522
2026-05-14 15:53:53.101309+02:00,0.012914177030324936
2026-05-14 15:53:53.116934+02:00,0.014173682779073715
2026-05-14 15:53:53.132559+02:00,0.01518307626247406
2026-05-14 15:53:53.148184+02:00,0.015799248591065407
2026-05-14 15:53:53.163809+02:00,0.01585618034005165
2026-05-14 15:53:53.179434+02:00,0.015193545259535313
2026-05-14 15:53:53.195059+02:00,0.013694936409592628
2026-05-14 15:53:53.210684+02:00,0.011324211023747921
2026-05-14 15:53:53.226309+02:00,0.008149062283337116
2026-05-14 15:53:53.241934+02:00,0.004342690110206604
2026-05-14 15:53:53.257559+02:00,0.00016320787835866213
2026-05-14 15:53:53.273184+02:00,-0.004080051556229591
2026-05-14 15:53:53.288809+02:00,-0.008066228590905666
2026-05-14 15:53:53.304434+02:00,-0.011503508314490318
2026-05-14 15:53:53.320059+02:00,-0.014161758124828339
2026-05-14 15:53:53.335684+02:00,-0.015892578288912773
2026-05-14 15:53:53.351309+02:00,-0.01663942262530327
2026-05-14 15:53:53.366934+02:00,-0.016438310965895653
2026-05-14 15:53:53.382559+02:00,-0.015407180413603783
2026-05-14 15:53:53.398184+02:00,-0.013726421631872654
2026-05-14 15:53:53.413809+02:00,-0.011614937335252762
2026-05-14 15:53:53.429434+02:00,-0.009303281083703041
2026-05-14 15:53:53.445059+02:00,-0.007005026564002037
2026-05-14 15:53:53.460684+02:00,-0.004890661686658859
2026-05-14 15:53:53.476309+02:00,-0.003070741891860962
2026-05-14 15:53:53.491934+02:00,-0.0015914554242044687
2026-05-14 15:53:53.507559+02:00,-0.0004399612080305815
2026-05-14 15:53:53.523184+02:00,0.0004438783507794142
2026-05-14 15:53:53.538809+02:00,0.0011518059764057398
2026-05-14 15:53:53.554434+02:00,0.0017900984967127442
2026-05-14 15:53:53.570059+02:00,0.0024621488992124796
2026-05-14 15:53:53.585684+02:00,0.0032525351271033287
2026-05-14 15:53:53.601309+02:00,0.0042159706354141235
2026-05-14 15:53:53.616934+02:00,0.00537237199023366
2026-05-14 15:53:53.632559+02:00,0.0067088184878230095
2026-05-14 15:53:53.648184+02:00,0.00818769633769989
2026-05-14 15:53:53.663809+02:00,0.009756260551512241
2026-05-14 15:53:53.679434+02:00,0.01135394349694252
2026-05-14 15:53:53.695059+02:00,0.012917833402752876
2026-05-14 15:53:53.710684+02:00,0.014388269744813442
2026-05-14 15:53:53.726309+02:00,0.01571454480290413
2026-05-14 15:53:53.741934+02:00,0.016854584217071533
2026-05-14 15:53:53.757559+02:00,0.017760975286364555
2026-05-14 15:53:53.773184+02:00,0.01836002618074417
2026-05-14 15:53:53.788809+02:00,0.01854189671576023
2026-05-14 15:53:53.804434+02:00,0.018170827999711037
2026-05-14 15:53:53.820059+02:00,0.01711154356598854
2026-05-14 15:53:53.835684+02:00,0.015263237059116364
2026-05-14 15:53:53.851309+02:00,0.012593848630785942
2026-05-14 15:53:53.866934+02:00,0.009166126139461994
2026-05-14 15:53:53.882559+02:00,0.005144537892192602
2026-05-14 15:53:53.898184+02:00,0.0007784990593791008
2026-05-14 15:53:53.913809+02:00,-0.0036326160188764334
2026-05-14 15:53:53.929434+02:00,-0.0077813416719436646
2026-05-14 15:53:53.945059+02:00,-0.011390508152544498
2026-05-14 15:53:53.960684+02:00,-0.014243759214878082
2026-05-14 15:53:53.976309+02:00,-0.01620623841881752
2026-05-14 15:53:53.991934+02:00,-0.01723407953977585
2026-05-14 15:53:54.007559+02:00,-0.01737278327345848
2026-05-14 15:53:54.023184+02:00,-0.01674479804933071
2026-05-14 15:53:54.038809+02:00,-0.015528714284300804
2026-05-14 15:53:54.054434+02:00,-0.013933940790593624
2026-05-14 15:53:54.070059+02:00,-0.012174103409051895
2026-05-14 15:53:54.085684+02:00,-0.010442966595292091
2026-05-14 15:53:54.101309+02:00,-0.008895098231732845
2026-05-14 15:53:54.116934+02:00,-0.0076309493742883205
2026-05-14 15:53:54.132559+02:00,-0.006688809487968683
2026-05-14 15:53:54.148184+02:00,-0.006048441864550114
2026-05-14 15:53:54.163809+02:00,-0.005644835531711578
2026-05-14 15:53:54.179434+02:00,-0.005385576281696558
2026-05-14 15:53:54.195059+02:00,-0.005169014446437359
2026-05-14 15:53:54.210684+02:00,-0.004901147447526455
2026-05-14 15:53:54.226309+02:00,-0.004506540484726429
2026-05-14 15:53:54.241934+02:00,-0.003933243453502655
2026-05-14 15:53:54.257559+02:00,-0.003155201207846403
2026-05-14 15:53:54.273184+02:00,-0.0021720165386795998
2026-05-14 15:53:54.288809+02:00,-0.0010056453756988049
2026-05-14 15:53:54.304434+02:00,0.0003027273342013359
2026-05-14 15:53:54.320059+02:00,0.0016919374465942383
2026-05-14 15:53:54.335684+02:00,0.003075342159718275
2026-05-14 15:53:54.351309+02:00,0.004334014840424061
2026-05-14 15:53:54.366934+02:00,0.005316054914146662
2026-05-14 15:53:54.382559+02:00,0.00584753230214119
2026-05-14 15:53:54.398184+02:00,0.005754978395998478
2026-05-14 15:53:54.413809+02:00,0.004897878505289555
2026-05-14 15:53:54.429434+02:00,0.0032049547880887985
2026-05-14 15:53:54.445059+02:00,0.0007007196545600891
2026-05-14 15:53:54.460684+02:00,-0.002486182376742363
2026-05-14 15:53:54.476309+02:00,-0.006132836919277906
2026-05-14 15:53:54.491934+02:00,-0.009948872961103916
2026-05-14 15:53:54.507559+02:00,-0.013616090640425682
2026-05-14 15:53:54.523184+02:00,-0.016831444576382637
2026-05-14 15:53:54.538809+02:00,-0.019344106316566467
2026-05-14 15:53:54.554434+02:00,-0.02098233811557293
2026-05-14 15:53:54.570059+02:00,-0.02166912704706192
2026-05-14 15:53:54.585684+02:00,-0.021425308659672737
2026-05-14 15:53:54.601309+02:00,-0.020359735935926437
2026-05-14 15:53:54.616934+02:00,-0.018648851662874222
2026-05-14 15:53:54.632559+02:00,-0.016509175300598145
2026-05-14 15:53:54.648184+02:00,-0.014166411943733692
2026-05-14 15:53:54.663809+02:00,-0.0118256201967597
2026-05-14 15:53:54.679434+02:00,-0.009645616635680199
2026-05-14 15:53:54.695059+02:00,-0.007721631787717342
2026-05-14 15:53:54.710684+02:00,-0.0060812486335635185
2026-05-14 15:53:54.726309+02:00,-0.004693289287388325
2026-05-14 15:53:54.741934+02:00,-0.003484318032860756
2026-05-14 15:53:54.757559+02:00,-0.002357360441237688
2026-05-14 15:53:54.773184+02:00,-0.0012098655570298433
2026-05-14 15:53:54.788809+02:00,4.902447108179331e-05
2026-05-14 15:53:54.804434+02:00,0.001482636434957385
2026-05-14 15:53:54.820059+02:00,0.003116775304079056
2026-05-14 15:53:54.835684+02:00,0.004939186852425337
2026-05-14 15:53:54.851309+02:00,0.006906798109412193
2026-05-14 15:53:54.866934+02:00,0.008956357836723328
2026-05-14 15:53:54.882559+02:00,0.011013357900083065
2026-05-14 15:53:54.898184+02:00,0.01299255434423685
2026-05-14 15:53:54.913809+02:00,0.01478768140077591
2026-05-14 15:53:54.929434+02:00,0.016258787363767624
2026-05-14 15:53:54.945059+02:00,0.017230315133929253
2026-05-14 15:53:54.960684+02:00,0.017507677897810936
2026-05-14 15:53:54.976309+02:00,0.016910620033740997
2026-05-14 15:53:54.991934+02:00,0.015313677489757538
2026-05-14 15:53:55.007559+02:00,0.012682379223406315
2026-05-14 15:53:55.023184+02:00,0.009095948189496994
2026-05-14 15:53:55.038809+02:00,0.0047493283636868
2026-05-14 15:53:55.054434+02:00,-6.62035308778286e-05
2026-05-14 15:53:55.070059+02:00,-0.004998659715056419
2026-05-14 15:53:55.085684+02:00,-0.009681210853159428
2026-05-14 15:53:55.101309+02:00,-0.013777936808764935
2026-05-14 15:53:55.116934+02:00,-0.0170186385512352
2026-05-14 15:53:55.132559+02:00,-0.01922284997999668
2026-05-14 15:53:55.148184+02:00,-0.020316453650593758
2026-05-14 15:53:55.163809+02:00,-0.020336901769042015
2026-05-14 15:53:55.179434+02:00,-0.019422177225351334
2026-05-14 15:53:55.195059+02:00,-0.017784561961889267
2026-05-14 15:53:55.210684+02:00,-0.015675775706768036
2026-05-14 15:53:55.226309+02:00,-0.01335195079445839
2026-05-14 15:53:55.241934+02:00,-0.011043459177017212
2026-05-14 15:53:55.257559+02:00,-0.008930804207921028
2026-05-14 15:53:55.273184+02:00,-0.00712862191721797
2026-05-14 15:53:55.288809+02:00,-0.005681054666638374
2026-05-14 15:53:55.304434+02:00,-0.004568023141473532
2026-05-14 15:53:55.320059+02:00,-0.0037184255197644234
2026-05-14 15:53:55.335684+02:00,-0.0030273133888840675
2026-05-14 15:53:55.351309+02:00,-0.002373838797211647
2026-05-14 15:53:55.366934+02:00,-0.0016375547274947166
2026-05-14 15:53:55.382559+02:00,-0.0007147043943405151
2026-05-14 15:53:55.398184+02:00,0.00046595092862844467
2026-05-14 15:53:55.413809+02:00,0.001934015192091465
2026-05-14 15:53:55.429434+02:00,0.003678465262055397
2026-05-14 15:53:55.445059+02:00,0.005651261657476425
2026-05-14 15:53:55.460684+02:00,0.0077635240741074085
2026-05-14 15:53:55.476309+02:00,0.009876086376607418
2026-05-14 15:53:55.491934+02:00,0.011795967817306519
2026-05-14 15:53:55.507559+02:00,0.013288711197674274
2026-05-14 15:53:55.523184+02:00,0.014109396375715733
2026-05-14 15:53:55.538809+02:00,0.01404732745140791
2026-05-14 15:53:55.554434+02:00,0.012972807511687279
2026-05-14 15:53:55.570059+02:00,0.010873391292989254
2026-05-14 15:53:55.585684+02:00,0.007870340719819069
2026-05-14 15:53:55.601309+02:00,0.0042088767513632774
2026-05-14 15:53:55.616934+02:00,0.0002232259139418602
2026-05-14 15:53:55.632559+02:00,-0.003712853416800499
2026-05-14 15:53:55.648184+02:00,-0.007237907499074936
2026-05-14 15:53:55.663809+02:00,-0.010047961957752705
2026-05-14 15:53:55.679434+02:00,-0.011928664520382881
2026-05-14 15:53:55.695059+02:00,-0.012772327288985252
2026-05-14 15:53:55.710684+02:00,-0.012580840848386288
2026-05-14 15:53:55.726309+02:00,-0.011456006206572056
2026-05-14 15:53:55.741934+02:00,-0.009579750709235668
2026-05-14 15:53:55.757559+02:00,-0.0071869418025016785
2026-05-14 15:53:55.773184+02:00,-0.0045334286987781525
2026-05-14 15:53:55.788809+02:00,-0.0018630828708410263
2026-05-14 15:53:55.804434+02:00,0.0006215479224920273
2026-05-14 15:53:55.820059+02:00,0.0027801385149359703
2026-05-14 15:53:55.835684+02:00,0.0045434581115841866
2026-05-14 15:53:55.851309+02:00,0.005911709740757942
2026-05-14 15:53:55.866934+02:00,0.006945828907191753
2026-05-14 15:53:55.882559+02:00,0.007751652039587498
2026-05-14 15:53:55.898184+02:00,0.008458158001303673
2026-05-14 15:53:55.913809+02:00,0.009194787591695786
2026-05-14 15:53:55.929434+02:00,0.010071001946926117
2026-05-14 15:53:55.945059+02:00,0.011161452159285545
2026-05-14 15:53:55.960684+02:00,0.012499354779720306
2026-05-14 15:53:55.976309+02:00,0.014072130434215069
2026-05-14 15:53:55.991934+02:00,0.015812896192073822
2026-05-14 15:53:56.007559+02:00,0.01759122684597969
2026-05-14 15:53:56.023184+02:00,0.01921173930168152
2026-05-14 15:53:56.038809+02:00,0.020428001880645752
2026-05-14 15:53:56.054434+02:00,0.020974677056074142
2026-05-14 15:53:56.070059+02:00,0.020614173263311386
2026-05-14 15:53:56.085684+02:00,0.019188053905963898
2026-05-14 15:53:56.101309+02:00,0.016659311950206757
2026-05-14 15:53:56.116934+02:00,0.013132331892848015
2026-05-14 15:53:56.132559+02:00,0.008843923918902874
2026-05-14 15:53:56.148184+02:00,0.004128823056817055
2026-05-14 15:53:56.163809+02:00,-0.0006289836019277573
2026-05-14 15:53:56.179434+02:00,-0.005046800710260868
2026-05-14 15:53:56.195059+02:00,-0.00878865271806717
2026-05-14 15:53:56.210684+02:00,-0.011602630838751793
2026-05-14 15:53:56.226309+02:00,-0.013344574719667435
2026-05-14 15:53:56.241934+02:00,-0.013983827084302902
2026-05-14 15:53:56.257559+02:00,-0.01359496545046568
2026-05-14 15:53:56.273184+02:00,-0.012340102344751358
2026-05-14 15:53:56.288809+02:00,-0.01044306717813015
2026-05-14 15:53:56.304434+02:00,-0.008157857693731785
2026-05-14 15:53:56.320059+02:00,-0.0057348767295479774
2026-05-14 15:53:56.335684+02:00,-0.0033901818096637726
2026-05-14 15:53:56.351309+02:00,-0.0012837229296565056
2026-05-14 15:53:56.366934+02:00,0.0004912065342068672
2026-05-14 15:53:56.382559+02:00,0.0019088154658675194
2026-05-14 15:53:56.398184+02:00,0.003002936951816082
2026-05-14 15:53:56.413809+02:00,0.00385186355561018
2026-05-14 15:53:56.429434+02:00,0.004560553468763828
2026-05-14 15:53:56.445059+02:00,0.005243267863988876
2026-05-14 15:53:56.460684+02:00,0.006006041541695595
2026-05-14 15:53:56.476309+02:00,0.006931457668542862
2026-05-14 15:53:56.491934+02:00,0.008070427924394608
2026-05-14 15:53:56.507559+02:00,0.009437729604542255
2026-05-14 15:53:56.523184+02:00,0.011002469807863235
2026-05-14 15:53:56.538809+02:00,0.012671742588281631
2026-05-14 15:53:56.554434+02:00,0.014277869835495949
2026-05-14 15:53:56.570059+02:00,0.015585660934448242
2026-05-14 15:53:56.585684+02:00,0.0163273923099041
2026-05-14 15:53:56.601309+02:00,0.016256898641586304
2026-05-14 15:53:56.616934+02:00,0.015204980969429016
2026-05-14 15:53:56.632559+02:00,0.01311980839818716
2026-05-14 15:53:56.648184+02:00,0.010083813220262527
2026-05-14 15:53:56.663809+02:00,0.006306319497525692
2026-05-14 15:53:56.679434+02:00,0.0020951461046934128
2026-05-14 15:53:56.695059+02:00,-0.0021881302818655968
2026-05-14 15:53:56.710684+02:00,-0.0061798011884093285
2026-05-14 15:53:56.726309+02:00,-0.009558883495628834
2026-05-14 15:53:56.741934+02:00,-0.012078763917088509
2026-05-14 15:53:56.757559+02:00,-0.01358808297663927
2026-05-14 15:53:56.773184+02:00,-0.014041229151189327
2026-05-14 15:53:56.788809+02:00,-0.01349520031362772
2026-05-14 15:53:56.804434+02:00,-0.012093126773834229
2026-05-14 15:53:56.820059+02:00,-0.010038855485618114
2026-05-14 15:53:56.835684+02:00,-0.007567577995359898
2026-05-14 15:53:56.851309+02:00,-0.0049164751544594765
2026-05-14 15:53:56.866934+02:00,-0.0022979099303483963
2026-05-14 15:53:56.882559+02:00,0.00012229755520820618
2026-05-14 15:53:56.898184+02:00,0.0022383853793144226
2026-05-14 15:53:56.913809+02:00,0.004008809104561806
2026-05-14 15:53:56.929434+02:00,0.005450863856822252
2026-05-14 15:53:56.945059+02:00,0.00662655895575881
2026-05-14 15:53:56.960684+02:00,0.007625424303114414
2026-05-14 15:53:56.976309+02:00,0.008549299091100693
2026-05-14 15:53:56.991934+02:00,0.009497668594121933
2026-05-14 15:53:57.007559+02:00,0.01055244728922844
2026-05-14 15:53:57.023184+02:00,0.011765925213694572
2026-05-14 15:53:57.038809+02:00,0.013152990490198135
2026-05-14 15:53:57.054434+02:00,0.014682125300168991
2026-05-14 15:53:57.070059+02:00,0.016262011602520943
2026-05-14 15:53:57.085684+02:00,0.01772940903902054
2026-05-14 15:53:57.101309+02:00,0.018850388005375862
2026-05-14 15:53:57.116934+02:00,0.019347019493579865
2026-05-14 15:53:57.132559+02:00,0.01894943043589592
2026-05-14 15:53:57.148184+02:00,0.01745564490556717
2026-05-14 15:53:57.163809+02:00,0.014778142794966698
2026-05-14 15:53:57.179434+02:00,0.010968711227178574
2026-05-14 15:53:57.195059+02:00,0.006221629213541746
2026-05-14 15:53:57.210684+02:00,0.0008532425854355097
2026-05-14 15:53:57.226309+02:00,-0.004740700125694275
2026-05-14 15:53:57.241934+02:00,-0.010139700025320053
2026-05-14 15:53:57.257559+02:00,-0.014952238649129868
2026-05-14 15:53:57.273184+02:00,-0.01885952427983284
2026-05-14 15:53:57.288809+02:00,-0.021645648404955864
2026-05-14 15:53:57.304434+02:00,-0.023213477805256844
2026-05-14 15:53:57.320059+02:00,-0.023586515337228775
2026-05-14 15:53:57.335684+02:00,-0.022896241396665573
2026-05-14 15:53:57.351309+02:00,-0.02135620452463627
2026-05-14 15:53:57.366934+02:00,-0.019228311255574226
2026-05-14 15:53:57.382559+02:00,-0.016785917803645134
2026-05-14 15:53:57.398184+02:00,-0.014278309419751167
2026-05-14 15:53:57.413809+02:00,-0.011903579346835613
2026-05-14 15:53:57.429434+02:00,-0.009792981669306755
2026-05-14 15:53:57.445059+02:00,-0.008004771545529366
2026-05-14 15:53:57.460684+02:00,-0.006527920253574848
2026-05-14 15:53:57.476309+02:00,-0.005297340918332338
2026-05-14 15:53:57.491934+02:00,-0.004214980639517307
2026-05-14 15:53:57.507559+02:00,-0.003169817151501775
2026-05-14 15:53:57.523184+02:00,-0.0020562801510095596
2026-05-14 15:53:57.538809+02:00,-0.000790267949923873
2026-05-14 15:53:57.554434+02:00,0.0006799225229769945
2026-05-14 15:53:57.570059+02:00,0.0023686341010034084
2026-05-14 15:53:57.585684+02:00,0.004253427963703871
2026-05-14 15:53:57.601309+02:00,0.006277091801166534
2026-05-14 15:53:57.616934+02:00,0.008344071917235851
2026-05-14 15:53:57.632559+02:00,0.010309303179383278
2026-05-14 15:53:57.648184+02:00,0.011967888101935387
2026-05-14 15:53:57.663809+02:00,0.01305997371673584
2026-05-14 15:53:57.679434+02:00,0.013300424441695213
2026-05-14 15:53:57.695059+02:00,0.012431154027581215
2026-05-14 15:53:57.710684+02:00,0.01028229296207428
2026-05-14 15:53:57.726309+02:00,0.006823710631579161
2026-05-14 15:53:57.741934+02:00,0.0021908481139689684
2026-05-14 15:53:57.757559+02:00,-0.0033249531406909227
2026-05-14 15:53:57.773184+02:00,-0.00931873545050621
2026-05-14 15:53:57.788809+02:00,-0.01533131580799818
2026-05-14 15:53:57.804434+02:00,-0.0209101140499115
2026-05-14 15:53:57.820059+02:00,-0.025661824271082878
2026-05-14 15:53:57.835684+02:00,-0.02929069660604
2026-05-14 15:53:57.851309+02:00,-0.03162139654159546
2026-05-14 15:53:57.866934+02:00,-0.03260955587029457
2026-05-14 15:53:57.882559+02:00,-0.032340023666620255
2026-05-14 15:53:57.898184+02:00,-0.031010165810585022
2026-05-14 15:53:57.913809+02:00,-0.028896717354655266
2026-05-14 15:53:57.929434+02:00,-0.026309562847018242
2026-05-14 15:53:57.945059+02:00,-0.023544253781437874
2026-05-14 15:53:57.960684+02:00,-0.02084524556994438
2026-05-14 15:53:57.976309+02:00,-0.018383175134658813
2026-05-14 15:53:57.991934+02:00,-0.016244370490312576
2026-05-14 15:53:58.007559+02:00,-0.014431789517402649
2026-05-14 15:53:58.023184+02:00,-0.012876487337052822
2026-05-14 15:53:58.038809+02:00,-0.011456620879471302
2026-05-14 15:53:58.054434+02:00,-0.010022046975791454
2026-05-14 15:53:58.070059+02:00,-0.00842216331511736
2026-05-14 15:53:58.085684+02:00,-0.006531747058033943
2026-05-14 15:53:58.101309+02:00,-0.0042699892073869705
2026-05-14 15:53:58.116934+02:00,-0.001609334722161293
2026-05-14 15:53:58.132559+02:00,0.0014268243685364723
2026-05-14 15:53:58.148184+02:00,0.004773961380124092
2026-05-14 15:53:58.163809+02:00,0.008338907733559608
2026-05-14 15:53:58.179434+02:00,0.012010681442916393
2026-05-14 15:53:58.195059+02:00,0.01566295325756073
2026-05-14 15:53:58.210684+02:00,0.01914365030825138
2026-05-14 15:53:58.226309+02:00,0.022260749712586403
2026-05-14 15:53:58.241934+02:00,0.02478335238993168
2026-05-14 15:53:58.257559+02:00,0.026466861367225647
2026-05-14 15:53:58.273184+02:00,0.027095884084701538
2026-05-14 15:53:58.288809+02:00,0.026534784585237503
2026-05-14 15:53:58.304434+02:00,0.024772990494966507
2026-05-14 15:53:58.320059+02:00,0.021946437656879425
2026-05-14 15:53:58.335684+02:00,0.018323659896850586
2026-05-14 15:53:58.351309+02:00,0.014263075776398182
2026-05-14 15:53:58.366934+02:00,0.010158068500459194
2026-05-14 15:53:58.382559+02:00,0.006384543143212795
2026-05-14 15:53:58.398184+02:00,0.0032588960602879524
2026-05-14 15:53:58.413809+02:00,0.0010081706568598747
2026-05-14 15:53:58.429434+02:00,-0.00024489033967256546
2026-05-14 15:53:58.445059+02:00,-0.0004787072539329529
2026-05-14 15:53:58.460684+02:00,0.00024225562810897827
2026-05-14 15:53:58.476309+02:00,0.0017851414158940315
2026-05-14 15:53:58.491934+02:00,0.003968729637563229
2026-05-14 15:53:58.507559+02:00,0.006586895789951086
2026-05-14 15:53:58.523184+02:00,0.00943018775433302
2026-05-14 15:53:58.538809+02:00,0.01230364479124546
2026-05-14 15:53:58.554434+02:00,0.015043120831251144
2026-05-14 15:53:58.570059+02:00,0.017528695985674858
2026-05-14 15:53:58.585684+02:00,0.019692879170179367
2026-05-14 15:53:58.601309+02:00,0.02152194455265999
2026-05-14 15:53:58.616934+02:00,0.023047979921102524
2026-05-14 15:53:58.632559+02:00,0.024334821850061417
2026-05-14 15:53:58.648184+02:00,0.025463305413722992
2026-05-14 15:53:58.663809+02:00,0.02651577815413475
2026-05-14 15:53:58.679434+02:00,0.027561163529753685
2026-05-14 15:53:58.695059+02:00,0.028644241392612457
2026-05-14 15:53:58.710684+02:00,0.029779698699712753
2026-05-14 15:53:58.726309+02:00,0.030951693654060364
2026-05-14 15:53:58.741934+02:00,0.03212025761604309
2026-05-14 15:53:58.757559+02:00,0.03323277086019516
2026-05-14 15:53:58.773184+02:00,0.034236203879117966
2026-05-14 15:53:58.788809+02:00,0.035086676478385925
2026-05-14 15:53:58.804434+02:00,0.035754747688770294
2026-05-14 15:53:58.820059+02:00,0.03622477874159813
2026-05-14 15:53:58.835684+02:00,0.036486610770225525
2026-05-14 15:53:58.851309+02:00,0.03651825338602066
2026-05-14 15:53:58.866934+02:00,0.03626270592212677
2026-05-14 15:53:58.882559+02:00,0.03561122715473175
2026-05-14 15:53:58.898184+02:00,0.0344063937664032
2026-05-14 15:53:58.913809+02:00,0.03246833011507988
2026-05-14 15:53:58.929434+02:00,0.029638981446623802
2026-05-14 15:53:58.945059+02:00,0.025831038132309914
2026-05-14 15:53:58.960684+02:00,0.021064721047878265
2026-05-14 15:53:58.976309+02:00,0.015483809635043144
2026-05-14 15:53:58.991934+02:00,0.009348122403025627
2026-05-14 15:53:59.007559+02:00,0.003001885488629341
2026-05-14 15:53:59.023184+02:00,-0.0031747817993164062
2026-05-14 15:53:59.038809+02:00,-0.008818654343485832
2026-05-14 15:53:59.054434+02:00,-0.01362995058298111
2026-05-14 15:53:59.070059+02:00,-0.017406057566404343
2026-05-14 15:53:59.085684+02:00,-0.020058903843164444
2026-05-14 15:53:59.101309+02:00,-0.021615009754896164
2026-05-14 15:53:59.116934+02:00,-0.022198669612407684
2026-05-14 15:53:59.132559+02:00,-0.02200290560722351
2026-05-14 15:53:59.148184+02:00,-0.02125793881714344
2026-05-14 15:53:59.163809+02:00,-0.020202625542879105
2026-05-14 15:53:59.179434+02:00,-0.019057365134358406
2026-05-14 15:53:59.195059+02:00,-0.017999574542045593
2026-05-14 15:53:59.210684+02:00,-0.017147047445178032
2026-05-14 15:53:59.226309+02:00,-0.01655164174735546
2026-05-14 15:53:59.241934+02:00,-0.01620243303477764
2026-05-14 15:53:59.257559+02:00,-0.016038015484809875
2026-05-14 15:53:59.273184+02:00,-0.015965396538376808
2026-05-14 15:53:59.288809+02:00,-0.015880009159445763
2026-05-14 15:53:59.304434+02:00,-0.015683062374591827
2026-05-14 15:53:59.320059+02:00,-0.015294281765818596
2026-05-14 15:53:59.335684+02:00,-0.014659775421023369
2026-05-14 15:53:59.351309+02:00,-0.013755585998296738
2026-05-14 15:53:59.366934+02:00,-0.012586669996380806
2026-05-14 15:53:59.382559+02:00,-0.011183539405465126
2026-05-14 15:53:59.398184+02:00,-0.00959806703031063
2026-05-14 15:53:59.413809+02:00,-0.007897038012742996
2026-05-14 15:53:59.429434+02:00,-0.006155133247375488
2026-05-14 15:53:59.445059+02:00,-0.004452042281627655
2026-05-14 15:53:59.460684+02:00,-0.00287744402885437
2026-05-14 15:53:59.476309+02:00,-0.0015423335134983063
2026-05-14 15:53:59.491934+02:00,-0.0005876645445823669
2026-05-14 15:53:59.507559+02:00,-0.00017975270748138428
2026-05-14 15:53:59.523184+02:00,-0.00048733875155448914
2026-05-14 15:53:59.538809+02:00,-0.0016439147293567657
2026-05-14 15:53:59.554434+02:00,-0.003708198666572571
2026-05-14 15:53:59.570059+02:00,-0.006636645644903183
2026-05-14 15:53:59.585684+02:00,-0.010275628417730331
2026-05-14 15:53:59.601309+02:00,-0.014376215636730194
2026-05-14 15:53:59.616934+02:00,-0.018627731129527092
2026-05-14 15:53:59.632559+02:00,-0.02269890159368515
2026-05-14 15:53:59.648184+02:00,-0.026278510689735413
2026-05-14 15:53:59.663809+02:00,-0.02911224775016308
2026-05-14 15:53:59.679434+02:00,-0.031029507517814636
2026-05-14 15:53:59.695059+02:00,-0.031955309212207794
2026-05-14 15:53:59.710684+02:00,-0.031909722834825516
2026-05-14 15:53:59.726309+02:00,-0.030998943373560905
2026-05-14 15:53:59.741934+02:00,-0.02939867228269577
2026-05-14 15:53:59.757559+02:00,-0.02732873521745205
2026-05-14 15:53:59.773184+02:00,-0.025022247806191444
2026-05-14 15:53:59.788809+02:00,-0.022696509957313538
2026-05-14 15:53:59.804434+02:00,-0.020529065281152725
2026-05-14 15:53:59.820059+02:00,-0.01864035800099373
2026-05-14 15:53:59.835684+02:00,-0.017086537554860115
2026-05-14 15:53:59.851309+02:00,-0.015862656757235527
2026-05-14 15:53:59.866934+02:00,-0.01491355150938034
2026-05-14 15:53:59.882559+02:00,-0.014151236042380333
2026-05-14 15:53:59.898184+02:00,-0.013475893065333366
2026-05-14 15:53:59.913809+02:00,-0.012794345617294312
2026-05-14 15:53:59.929434+02:00,-0.012031670659780502
2026-05-14 15:53:59.945059+02:00,-0.011136453598737717
2026-05-14 15:53:59.960684+02:00,-0.010082604363560677
2026-05-14 15:53:59.976309+02:00,-0.008869310840964317
2026-05-14 15:53:59.991934+02:00,-0.007518641650676727
2026-05-14 15:54:00.007559+02:00,-0.006070176139473915
2026-05-14 15:54:00.023184+02:00,-0.004576927050948143
2026-05-14 15:54:00.038809+02:00,-0.003109317272901535
2026-05-14 15:54:00.054434+02:00,-0.0017657652497291565
2026-05-14 15:54:00.070059+02:00,-0.0006810389459133148
2026-05-14 15:54:00.085684+02:00,-2.368912100791931e-05
2026-05-14 15:54:00.101309+02:00,2.2668391466140747e-05
2026-05-14 15:54:00.116934+02:00,-0.0007074251770973206
2026-05-14 15:54:00.132559+02:00,-0.0023209545761346817
2026-05-14 15:54:00.148184+02:00,-0.00483170710504055
2026-05-14 15:54:00.163809+02:00,-0.008143158629536629
2026-05-14 15:54:00.179434+02:00,-0.012052750214934349
2026-05-14 15:54:00.195059+02:00,-0.0162760391831398
2026-05-14 15:54:00.210684+02:00,-0.020484264940023422
2026-05-14 15:54:00.226309+02:00,-0.024346550926566124
2026-05-14 15:54:00.241934+02:00,-0.027570242062211037
2026-05-14 15:54:00.257559+02:00,-0.02993345633149147
2026-05-14 15:54:00.273184+02:00,-0.03130530193448067
2026-05-14 15:54:00.288809+02:00,-0.031651388853788376
2026-05-14 15:54:00.304434+02:00,-0.03102605976164341
2026-05-14 15:54:00.320059+02:00,-0.02955705113708973
2026-05-14 15:54:00.335684+02:00,-0.027426622807979584
2026-05-14 15:54:00.351309+02:00,-0.024848805740475655
2026-05-14 15:54:00.366934+02:00,-0.022042367607355118
2026-05-14 15:54:00.382559+02:00,-0.019204698503017426
2026-05-14 15:54:00.398184+02:00,-0.016493314877152443
2026-05-14 15:54:00.413809+02:00,-0.014014877378940582
2026-05-14 15:54:00.429434+02:00,-0.011820603162050247
2026-05-14 15:54:00.445059+02:00,-0.009910138323903084
2026-05-14 15:54:00.460684+02:00,-0.00824151374399662
2026-05-14 15:54:00.476309+02:00,-0.006743027828633785
2026-05-14 15:54:00.491934+02:00,-0.005327100865542889
2026-05-14 15:54:00.507559+02:00,-0.0039048956241458654
2026-05-14 15:54:00.523184+02:00,-0.002399163320660591
2026-05-14 15:54:00.538809+02:00,-0.0007544988766312599
2026-05-14 15:54:00.554434+02:00,0.0010566951241344213
2026-05-14 15:54:00.570059+02:00,0.0030309404246509075
2026-05-14 15:54:00.585684+02:00,0.005127019714564085
2026-05-14 15:54:00.601309+02:00,0.007255056872963905
2026-05-14 15:54:00.616934+02:00,0.009269237518310547
2026-05-14 15:54:00.632559+02:00,0.010975498706102371
2026-05-14 15:54:00.648184+02:00,0.012158673256635666
2026-05-14 15:54:00.663809+02:00,0.012621630914509296
2026-05-14 15:54:00.679434+02:00,0.01222520973533392
2026-05-14 15:54:00.695059+02:00,0.010921251960098743
2026-05-14 15:54:00.710684+02:00,0.008773742243647575
2026-05-14 15:54:00.726309+02:00,0.005960960406810045
2026-05-14 15:54:00.741934+02:00,0.0027518458664417267
2026-05-14 15:54:00.757559+02:00,-0.0005375836044549942
2026-05-14 15:54:00.773184+02:00,-0.003589766100049019
2026-05-14 15:54:00.788809+02:00,-0.0061221132054924965
2026-05-14 15:54:00.804434+02:00,-0.007915323600172997
2026-05-14 15:54:00.820059+02:00,-0.00883314199745655
2026-05-14 15:54:00.835684+02:00,-0.00883072055876255
2026-05-14 15:54:00.851309+02:00,-0.007951796986162663
2026-05-14 15:54:00.866934+02:00,-0.006316359154880047
2026-05-14 15:54:00.882559+02:00,-0.004100116901099682
2026-05-14 15:54:00.898184+02:00,-0.0015083951875567436
2026-05-14 15:54:00.913809+02:00,0.001250341534614563
2026-05-14 15:54:00.929434+02:00,0.00398712232708931
2026-05-14 15:54:00.945059+02:00,0.0065500130876898766
2026-05-14 15:54:00.960684+02:00,0.00883570034056902
2026-05-14 15:54:00.976309+02:00,0.010795125737786293
2026-05-14 15:54:00.991934+02:00,0.012432778254151344
2026-05-14 15:54:01.007559+02:00,0.013796992599964142
2026-05-14 15:54:01.023184+02:00,0.014964533969759941
2026-05-14 15:54:01.038809+02:00,0.016026467084884644
2026-05-14 15:54:01.054434+02:00,0.017074305564165115
2026-05-14 15:54:01.070059+02:00,0.018184950575232506
2026-05-14 15:54:01.085684+02:00,0.019410060718655586
2026-05-14 15:54:01.101309+02:00,0.020772820338606834
2026-05-14 15:54:01.116934+02:00,0.022268198430538177
2026-05-14 15:54:01.132559+02:00,0.023859795182943344
2026-05-14 15:54:01.148184+02:00,0.02546830289065838
2026-05-14 15:54:01.163809+02:00,0.026958219707012177
2026-05-14 15:54:01.179434+02:00,0.028138358145952225
2026-05-14 15:54:01.195059+02:00,0.02878410369157791
2026-05-14 15:54:01.210684+02:00,0.02867705002427101
2026-05-14 15:54:01.226309+02:00,0.02765103057026863
2026-05-14 15:54:01.241934+02:00,0.025632072240114212
2026-05-14 15:54:01.257559+02:00,0.02266291156411171
2026-05-14 15:54:01.273184+02:00,0.018906431272625923
2026-05-14 15:54:01.288809+02:00,0.014626117423176765
2026-05-14 15:54:01.304434+02:00,0.010148284025490284
2026-05-14 15:54:01.320059+02:00,0.005816021002829075
2026-05-14 15:54:01.335684+02:00,0.0019450634717941284
2026-05-14 15:54:01.351309+02:00,-0.001210356131196022
2026-05-14 15:54:01.366934+02:00,-0.003478117287158966
2026-05-14 15:54:01.382559+02:00,-0.004776919260621071
2026-05-14 15:54:01.398184+02:00,-0.005115605890750885
2026-05-14 15:54:01.413809+02:00,-0.004583856090903282
2026-05-14 15:54:01.429434+02:00,-0.0033347290009260178
2026-05-14 15:54:01.445059+02:00,-0.0015610307455062866
2026-05-14 15:54:01.460684+02:00,0.0005301535129547119
2026-05-14 15:54:01.476309+02:00,0.0027404185384511948
2026-05-14 15:54:01.491934+02:00,0.004899295978248119
2026-05-14 15:54:01.507559+02:00,0.006879438646137714
2026-05-14 15:54:01.523184+02:00,0.008604878559708595
2026-05-14 15:54:01.538809+02:00,0.010050032287836075
2026-05-14 15:54:01.554434+02:00,0.011231383308768272
2026-05-14 15:54:01.570059+02:00,0.012195754796266556
2026-05-14 15:54:01.585684+02:00,0.013008719310164452
2026-05-14 15:54:01.601309+02:00,0.013744796626269817
2026-05-14 15:54:01.616934+02:00,0.014477729797363281
2026-05-14 15:54:01.632559+02:00,0.015269754454493523
2026-05-14 15:54:01.648184+02:00,0.01616314984858036
2026-05-14 15:54:01.663809+02:00,0.017176462337374687
2026-05-14 15:54:01.679434+02:00,0.01830245740711689
2026-05-14 15:54:01.695059+02:00,0.01950494386255741
2026-05-14 15:54:01.710684+02:00,0.020714884623885155
2026-05-14 15:54:01.726309+02:00,0.02182493917644024
2026-05-14 15:54:01.741934+02:00,0.022684704512357712
2026-05-14 15:54:01.757559+02:00,0.023107878863811493
2026-05-14 15:54:01.773184+02:00,0.02289746329188347
2026-05-14 15:54:01.788809+02:00,0.02188323810696602
2026-05-14 15:54:01.804434+02:00,0.01996297761797905
2026-05-14 15:54:01.820059+02:00,0.01713525503873825
2026-05-14 15:54:01.835684+02:00,0.013510976918041706
2026-05-14 15:54:01.851309+02:00,0.009301665239036083
2026-05-14 15:54:01.866934+02:00,0.004791457671672106
2026-05-14 15:54:01.882559+02:00,0.0002995133399963379
2026-05-14 15:54:01.898184+02:00,-0.003862499725073576
2026-05-14 15:54:01.913809+02:00,-0.007429642602801323
2026-05-14 15:54:01.929434+02:00,-0.010210033506155014
2026-05-14 15:54:01.945059+02:00,-0.012096252292394638
2026-05-14 15:54:01.960684+02:00,-0.013065556064248085
2026-05-14 15:54:01.976309+02:00,-0.013172254897654057
2026-05-14 15:54:01.991934+02:00,-0.012534026987850666
2026-05-14 15:54:02.007559+02:00,-0.011312684044241905
2026-05-14 15:54:02.023184+02:00,-0.009691504761576653
2026-05-14 15:54:02.038809+02:00,-0.00785371009260416
2026-05-14 15:54:02.054434+02:00,-0.005964299663901329
2026-05-14 15:54:02.070059+02:00,-0.004155229777097702
2026-05-14 15:54:02.085684+02:00,-0.0025153961032629013
2026-05-14 15:54:02.101309+02:00,-0.0010875007137656212
2026-05-14 15:54:02.116934+02:00,0.00012810435146093369
2026-05-14 15:54:02.132559+02:00,0.0011647879146039486
2026-05-14 15:54:02.148184+02:00,0.0020785436499863863
2026-05-14 15:54:02.163809+02:00,0.0029353059362620115
2026-05-14 15:54:02.179434+02:00,0.003798067569732666
2026-05-14 15:54:02.195059+02:00,0.004717083182185888
2026-05-14 15:54:02.210684+02:00,0.005724417977035046
2026-05-14 15:54:02.226309+02:00,0.006831295322626829
2026-05-14 15:54:02.241934+02:00,0.008028510957956314
2026-05-14 15:54:02.257559+02:00,0.009290527552366257
2026-05-14 15:54:02.273184+02:00,0.01058126799762249
2026-05-14 15:54:02.288809+02:00,0.011859291233122349
2026-05-14 15:54:02.304434+02:00,0.013079107739031315
2026-05-14 15:54:02.320059+02:00,0.014184280298650265
2026-05-14 15:54:02.335684+02:00,0.015093440189957619
2026-05-14 15:54:02.351309+02:00,0.01568872109055519
2026-05-14 15:54:02.366934+02:00,0.015817439183592796
2026-05-14 15:54:02.382559+02:00,0.01531169842928648
2026-05-14 15:54:02.398184+02:00,0.014021902345120907
2026-05-14 15:54:02.413809+02:00,0.011853750795125961
2026-05-14 15:54:02.429434+02:00,0.008800001814961433
2026-05-14 15:54:02.445059+02:00,0.004960300400853157
2026-05-14 15:54:02.460684+02:00,0.0005399445071816444
2026-05-14 15:54:02.476309+02:00,-0.004176692105829716
2026-05-14 15:54:02.491934+02:00,-0.008869748562574387
2026-05-14 15:54:02.507559+02:00,-0.01322796382009983
2026-05-14 15:54:02.523184+02:00,-0.016982432454824448
2026-05-14 15:54:02.538809+02:00,-0.019930994138121605
2026-05-14 15:54:02.554434+02:00,-0.021954184398055077
2026-05-14 15:54:02.570059+02:00,-0.023020446300506592
2026-05-14 15:54:02.585684+02:00,-0.023181211203336716
2026-05-14 15:54:02.601309+02:00,-0.02255629561841488
2026-05-14 15:54:02.616934+02:00,-0.02131199836730957
2026-05-14 15:54:02.632559+02:00,-0.019637593999505043
2026-05-14 15:54:02.648184+02:00,-0.01772337220609188
2026-05-14 15:54:02.663809+02:00,-0.01574215665459633
2026-05-14 15:54:02.679434+02:00,-0.01383555680513382
2026-05-14 15:54:02.695059+02:00,-0.01210406981408596
2026-05-14 15:54:02.710684+02:00,-0.010601445101201534
2026-05-14 15:54:02.726309+02:00,-0.009335123933851719
2026-05-14 15:54:02.741934+02:00,-0.008272161707282066
2026-05-14 15:54:02.757559+02:00,-0.007349511608481407
2026-05-14 15:54:02.773184+02:00,-0.006489060819149017
2026-05-14 15:54:02.788809+02:00,-0.005614950321614742
2026-05-14 15:54:02.804434+02:00,-0.004667208530008793
2026-05-14 15:54:02.820059+02:00,-0.003608339000493288
2026-05-14 15:54:02.835684+02:00,-0.0024242850486189127
2026-05-14 15:54:02.851309+02:00,-0.0011229049414396286
2026-05-14 15:54:02.866934+02:00,0.00026895012706518173
2026-05-14 15:54:02.882559+02:00,0.001710641197860241
2026-05-14 15:54:02.898184+02:00,0.003154374659061432
2026-05-14 15:54:02.913809+02:00,0.004551886580884457
2026-05-14 15:54:02.929434+02:00,0.00585938198491931
2026-05-14 15:54:02.945059+02:00,0.007034348789602518
2026-05-14 15:54:02.960684+02:00,0.008020633831620216
2026-05-14 15:54:02.976309+02:00,0.008730927482247353
2026-05-14 15:54:02.991934+02:00,0.009040800854563713
2026-05-14 15:54:03.007559+02:00,0.008801264688372612
2026-05-14 15:54:03.023184+02:00,0.007867955602705479
2026-05-14 15:54:03.038809+02:00,0.006138271652162075
2026-05-14 15:54:03.054434+02:00,0.003586161881685257
2026-05-14 15:54:03.070059+02:00,0.00028455350548028946
2026-05-14 15:54:03.085684+02:00,-0.0035936501808464527
2026-05-14 15:54:03.101309+02:00,-0.007795963902026415
2026-05-14 15:54:03.116934+02:00,-0.012024394236505032
2026-05-14 15:54:03.132559+02:00,-0.01597529649734497
2026-05-14 15:54:03.148184+02:00,-0.01937791332602501
2026-05-14 15:54:03.163809+02:00,-0.022025037556886673
2026-05-14 15:54:03.179434+02:00,-0.023790057748556137
2026-05-14 15:54:03.195059+02:00,-0.02463003806769848
2026-05-14 15:54:03.210684+02:00,-0.024579789489507675
2026-05-14 15:54:03.226309+02:00,-0.02374035120010376
2026-05-14 15:54:03.241934+02:00,-0.022263431921601295
2026-05-14 15:54:03.257559+02:00,-0.02033306285738945
2026-05-14 15:54:03.273184+02:00,-0.01814481057226658
2026-05-14 15:54:03.288809+02:00,-0.015883469954133034
2026-05-14 15:54:03.304434+02:00,-0.013702314347028732
2026-05-14 15:54:03.320059+02:00,-0.01170823909342289
2026-05-14 15:54:03.335684+02:00,-0.00995556265115738
2026-05-14 15:54:03.351309+02:00,-0.008448459208011627
2026-05-14 15:54:03.366934+02:00,-0.007150420919060707
2026-05-14 15:54:03.382559+02:00,-0.005998016335070133
2026-05-14 15:54:03.398184+02:00,-0.004915814381092787
2026-05-14 15:54:03.413809+02:00,-0.0038300040178000927
2026-05-14 15:54:03.429434+02:00,-0.0026779701001942158
2026-05-14 15:54:03.445059+02:00,-0.0014124230947345495
2026-05-14 15:54:03.460684+02:00,-4.01865690946579e-06
2026-05-14 15:54:03.476309+02:00,0.001553912996314466
2026-05-14 15:54:03.491934+02:00,0.003243482206016779
2026-05-14 15:54:03.507559+02:00,0.005027927458286285
2026-05-14 15:54:03.523184+02:00,0.006859276443719864
2026-05-14 15:54:03.538809+02:00,0.008680282160639763
2026-05-14 15:54:03.554434+02:00,0.01041811890900135
2026-05-14 15:54:03.570059+02:00,0.011972501873970032
2026-05-14 15:54:03.585684+02:00,0.013207612559199333
2026-05-14 15:54:03.601309+02:00,0.013958278112113476
2026-05-14 15:54:03.616934+02:00,0.01405289862304926
2026-05-14 15:54:03.632559+02:00,0.013347750529646873
2026-05-14 15:54:03.648184+02:00,0.011764107272028923
2026-05-14 15:54:03.663809+02:00,0.009318224154412746
2026-05-14 15:54:03.679434+02:00,0.0061338734813034534
2026-05-14 15:54:03.695059+02:00,0.0024324702098965645
2026-05-14 15:54:03.710684+02:00,-0.0014953515492379665
2026-05-14 15:54:03.726309+02:00,-0.00532944779843092
2026-05-14 15:54:03.741934+02:00,-0.008763293735682964
2026-05-14 15:54:03.757559+02:00,-0.011541415005922318
2026-05-14 15:54:03.773184+02:00,-0.013484792783856392
2026-05-14 15:54:03.788809+02:00,-0.014502478763461113
2026-05-14 15:54:03.804434+02:00,-0.014590802602469921
2026-05-14 15:54:03.820059+02:00,-0.013824292458593845
2026-05-14 15:54:03.835684+02:00,-0.012341683730483055
2026-05-14 15:54:03.851309+02:00,-0.010327400639653206
2026-05-14 15:54:03.866934+02:00,-0.007988686673343182
2026-05-14 15:54:03.882559+02:00,-0.005530010908842087
2026-05-14 15:54:03.898184+02:00,-0.0031298724934458733
2026-05-14 15:54:03.913809+02:00,-0.0009252727031707764
2026-05-14 15:54:03.929434+02:00,0.000997358001768589
2026-05-14 15:54:03.945059+02:00,0.002607064787298441
2026-05-14 15:54:03.960684+02:00,0.003925640136003494
2026-05-14 15:54:03.976309+02:00,0.005015523172914982
2026-05-14 15:54:03.991934+02:00,0.00596268568187952
2026-05-14 15:54:04.007559+02:00,0.006858596112579107
2026-05-14 15:54:04.023184+02:00,0.007785146124660969
2026-05-14 15:54:04.038809+02:00,0.008806170895695686
2026-05-14 15:54:04.054434+02:00,0.009962521493434906
2026-05-14 15:54:04.070059+02:00,0.011267105117440224
2026-05-14 15:54:04.085684+02:00,0.012704279273748398
2026-05-14 15:54:04.101309+02:00,0.01423698291182518
2026-05-14 15:54:04.116934+02:00,0.01581653580069542
2026-05-14 15:54:04.132559+02:00,0.01738709956407547
2026-05-14 15:54:04.148184+02:00,0.018879558891057968
2026-05-14 15:54:04.163809+02:00,0.020196978002786636
2026-05-14 15:54:04.179434+02:00,0.021202757954597473
2026-05-14 15:54:04.195059+02:00,0.02172422781586647
2026-05-14 15:54:04.210684+02:00,0.021577056497335434
2026-05-14 15:54:04.226309+02:00,0.020605016499757767
2026-05-14 15:54:04.241934+02:00,0.01872103288769722
2026-05-14 15:54:04.257559+02:00,0.01593521609902382
2026-05-14 15:54:04.273184+02:00,0.012363547459244728
2026-05-14 15:54:04.288809+02:00,0.008218582719564438
2026-05-14 15:54:04.304434+02:00,0.003785434179008007
2026-05-14 15:54:04.320059+02:00,-0.000614396296441555
2026-05-14 15:54:04.335684+02:00,-0.004665446002036333
2026-05-14 15:54:04.351309+02:00,-0.008097137324512005
2026-05-14 15:54:04.366934+02:00,-0.01071199867874384
2026-05-14 15:54:04.382559+02:00,-0.012400620616972446
2026-05-14 15:54:04.398184+02:00,-0.013144051656126976
2026-05-14 15:54:04.413809+02:00,-0.013007113710045815
2026-05-14 15:54:04.429434+02:00,-0.012123823165893555
2026-05-14 15:54:04.445059+02:00,-0.010675890371203423
2026-05-14 15:54:04.460684+02:00,-0.008868329226970673
2026-05-14 15:54:04.476309+02:00,-0.00690489960834384
2026-05-14 15:54:04.491934+02:00,-0.004964821971952915
2026-05-14 15:54:04.507559+02:00,-0.003184779081493616
2026-05-14 15:54:04.523184+02:00,-0.0016498365439474583
2026-05-14 15:54:04.538809+02:00,-0.00039179064333438873
2026-05-14 15:54:04.554434+02:00,0.0006074071861803532
2026-05-14 15:54:04.570059+02:00,0.0014063376002013683
2026-05-14 15:54:04.585684+02:00,0.0020891139283776283
2026-05-14 15:54:04.601309+02:00,0.002748518018051982
2026-05-14 15:54:04.616934+02:00,0.0034713067580014467
2026-05-14 15:54:04.632559+02:00,0.004326535388827324
2026-05-14 15:54:04.648184+02:00,0.005356145091354847
2026-05-14 15:54:04.663809+02:00,0.00656913360580802
2026-05-14 15:54:04.679434+02:00,0.007942521944642067
2026-05-14 15:54:04.695059+02:00,0.00942955818027258
2026-05-14 15:54:04.710684+02:00,0.010970703326165676
2026-05-14 15:54:04.726309+02:00,0.01250297762453556
2026-05-14 15:54:04.741934+02:00,0.013964084908366203
2026-05-14 15:54:04.757559+02:00,0.015285840258002281
2026-05-14 15:54:04.773184+02:00,0.016377858817577362
2026-05-14 15:54:04.788809+02:00,0.01711483858525753
2026-05-14 15:54:04.804434+02:00,0.017340485006570816
2026-05-14 15:54:04.820059+02:00,0.016889603808522224
2026-05-14 15:54:04.835684+02:00,0.015622364357113838
2026-05-14 15:54:04.851309+02:00,0.013461214490234852
2026-05-14 15:54:04.866934+02:00,0.010420037433505058
2026-05-14 15:54:04.882559+02:00,0.006618412211537361
2026-05-14 15:54:04.898184+02:00,0.0022755588870495558
2026-05-14 15:54:04.913809+02:00,-0.002317046746611595
2026-05-14 15:54:04.929434+02:00,-0.006835426203906536
2026-05-14 15:54:04.945059+02:00,-0.010964730754494667
2026-05-14 15:54:04.960684+02:00,-0.014438041485846043
2026-05-14 15:54:04.976309+02:00,-0.01706566847860813
2026-05-14 15:54:04.991934+02:00,-0.018747521564364433
2026-05-14 15:54:05.007559+02:00,-0.01947111077606678
2026-05-14 15:54:05.023184+02:00,-0.019302010536193848
2026-05-14 15:54:05.038809+02:00,-0.01836969517171383
2026-05-14 15:54:05.054434+02:00,-0.016850179061293602
2026-05-14 15:54:05.070059+02:00,-0.01494559645652771
2026-05-14 15:54:05.085684+02:00,-0.012860598042607307
2026-05-14 15:54:05.101309+02:00,-0.010777722112834454
2026-05-14 15:54:05.116934+02:00,-0.00883615855127573
2026-05-14 15:54:05.132559+02:00,-0.007120505440980196
2026-05-14 15:54:05.148184+02:00,-0.0056617544032633305
2026-05-14 15:54:05.163809+02:00,-0.004445580765604973
2026-05-14 15:54:05.179434+02:00,-0.0034236242063343525
2026-05-14 15:54:05.195059+02:00,-0.0025260355323553085
2026-05-14 15:54:05.210684+02:00,-0.0016731979558244348
2026-05-14 15:54:05.226309+02:00,-0.0007860166952013969
2026-05-14 15:54:05.241934+02:00,0.00020358432084321976
2026-05-14 15:54:05.257559+02:00,0.0013422189513221383
2026-05-14 15:54:05.273184+02:00,0.002648010617122054
2026-05-14 15:54:05.288809+02:00,0.004110340960323811
2026-05-14 15:54:05.304434+02:00,0.005695624742656946
2026-05-14 15:54:05.320059+02:00,0.00735399778932333
2026-05-14 15:54:05.335684+02:00,0.009025445207953453
2026-05-14 15:54:05.351309+02:00,0.010648946277797222
2026-05-14 15:54:05.366934+02:00,0.012171502225100994
2026-05-14 15:54:05.382559+02:00,0.01354675367474556
2026-05-14 15:54:05.398184+02:00,0.014719706028699875
2026-05-14 15:54:05.413809+02:00,0.015606080181896687
2026-05-14 15:54:05.429434+02:00,0.016080327332019806
2026-05-14 15:54:05.445059+02:00,0.0159837007522583
2026-05-14 15:54:05.460684+02:00,0.015153734013438225
2026-05-14 15:54:05.476309+02:00,0.013465797528624535
2026-05-14 15:54:05.491934+02:00,0.010873033665120602
2026-05-14 15:54:05.507559+02:00,0.007431328296661377
2026-05-14 15:54:05.523184+02:00,0.003302094992250204
2026-05-14 15:54:05.538809+02:00,-0.0012650922872126102
2026-05-14 15:54:05.554434+02:00,-0.005964227486401796
2026-05-14 15:54:05.570059+02:00,-0.010472144931554794
2026-05-14 15:54:05.585684+02:00,-0.014488386921584606
2026-05-14 15:54:05.601309+02:00,-0.017770372331142426
2026-05-14 15:54:05.616934+02:00,-0.020158521831035614
2026-05-14 15:54:05.632559+02:00,-0.021587451919913292
2026-05-14 15:54:05.648184+02:00,-0.022083796560764313
2026-05-14 15:54:05.663809+02:00,-0.021753795444965363
2026-05-14 15:54:05.679434+02:00,-0.02076398953795433
2026-05-14 15:54:05.695059+02:00,-0.019316505640745163
2026-05-14 15:54:05.710684+02:00,-0.01762028969824314
2026-05-14 15:54:05.726309+02:00,-0.015864498913288116
2026-05-14 15:54:05.741934+02:00,-0.014201060868799686
2026-05-14 15:54:05.757559+02:00,-0.01273544691503048
2026-05-14 15:54:05.773184+02:00,-0.011521939188241959
2026-05-14 15:54:05.788809+02:00,-0.010563538409769535
2026-05-14 15:54:05.804434+02:00,-0.009817935526371002
2026-05-14 15:54:05.820059+02:00,-0.009212284348905087
2026-05-14 15:54:05.835684+02:00,-0.008666115812957287
2026-05-14 15:54:05.851309+02:00,-0.008112704381346703
2026-05-14 15:54:05.866934+02:00,-0.007510039489716291
2026-05-14 15:54:05.882559+02:00,-0.006841722410172224
2026-05-14 15:54:05.898184+02:00,-0.006111079826951027
2026-05-14 15:54:05.913809+02:00,-0.005330846644937992
2026-05-14 15:54:05.929434+02:00,-0.004511891398578882
2026-05-14 15:54:05.945059+02:00,-0.0036548348143696785
2026-05-14 15:54:05.960684+02:00,-0.0027474104426801205
2026-05-14 15:54:05.976309+02:00,-0.0017684591002762318
2026-05-14 15:54:05.991934+02:00,-0.0006973776035010815
2026-05-14 15:54:06.007559+02:00,0.00046959100291132927
2026-05-14 15:54:06.023184+02:00,0.0016936855390667915
2026-05-14 15:54:06.038809+02:00,0.0028669850435107946
2026-05-14 15:54:06.054434+02:00,0.00380329554900527
2026-05-14 15:54:06.070059+02:00,0.004258960485458374
2026-05-14 15:54:06.085684+02:00,0.003981074318289757
2026-05-14 15:54:06.101309+02:00,0.0027682259678840637
2026-05-14 15:54:06.116934+02:00,0.0005244063213467598
2026-05-14 15:54:06.132559+02:00,-0.002709031105041504
2026-05-14 15:54:06.148184+02:00,-0.00675024650990963
2026-05-14 15:54:06.163809+02:00,-0.011300668120384216
2026-05-14 15:54:06.179434+02:00,-0.015986617654561996
2026-05-14 15:54:06.195059+02:00,-0.020408229902386665
2026-05-14 15:54:06.210684+02:00,-0.024186527356505394
2026-05-14 15:54:06.226309+02:00,-0.027002014219760895
2026-05-14 15:54:06.241934+02:00,-0.028623396530747414
2026-05-14 15:54:06.257559+02:00,-0.028928440064191818
2026-05-14 15:54:06.273184+02:00,-0.02791488915681839
2026-05-14 15:54:06.288809+02:00,-0.02569558471441269
2026-05-14 15:54:06.304434+02:00,-0.022477764636278152
2026-05-14 15:54:06.320059+02:00,-0.01853298582136631
2026-05-14 15:54:06.335684+02:00,-0.01416097953915596
2026-05-14 15:54:06.351309+02:00,-0.009650932624936104
2026-05-14 15:54:06.366934+02:00,-0.0052482206374406815
2026-05-14 15:54:06.382559+02:00,-0.0011326801031827927
2026-05-14 15:54:06.398184+02:00,0.002590212970972061
2026-05-14 15:54:06.413809+02:00,0.00588575191795826
2026-05-14 15:54:06.429434+02:00,0.008776389062404633
2026-05-14 15:54:06.445059+02:00,0.011323045939207077
2026-05-14 15:54:06.460684+02:00,0.013607028871774673
2026-05-14 15:54:06.476309+02:00,0.0157148614525795
2026-05-14 15:54:06.491934+02:00,0.01772620528936386
2026-05-14 15:54:06.507559+02:00,0.01970549114048481
2026-05-14 15:54:06.523184+02:00,0.021696418523788452
2026-05-14 15:54:06.538809+02:00,0.023718345910310745
2026-05-14 15:54:06.554434+02:00,0.025765657424926758
2026-05-14 15:54:06.570059+02:00,0.027810197323560715
2026-05-14 15:54:06.585684+02:00,0.029805397614836693
2026-05-14 15:54:06.601309+02:00,0.031690992414951324
2026-05-14 15:54:06.616934+02:00,0.03339393064379692
2026-05-14 15:54:06.632559+02:00,0.03482123836874962
2026-05-14 15:54:06.648184+02:00,0.03584986552596092
2026-05-14 15:54:06.663809+02:00,0.036326680332422256
2026-05-14 15:54:06.679434+02:00,0.036087509244680405
2026-05-14 15:54:06.695059+02:00,0.03499027341604233
2026-05-14 15:54:06.710684+02:00,0.03295225650072098
2026-05-14 15:54:06.726309+02:00,0.029982972890138626
2026-05-14 15:54:06.741934+02:00,0.026200877502560616
2026-05-14 15:54:06.757559+02:00,0.021827830001711845
2026-05-14 15:54:06.773184+02:00,0.017165133729577065
2026-05-14 15:54:06.788809+02:00,0.012555795721709728
2026-05-14 15:54:06.804434+02:00,0.008339587599039078
2026-05-14 15:54:06.820059+02:00,0.0048109982162714005
2026-05-14 15:54:06.835684+02:00,0.002187207341194153
2026-05-14 15:54:06.851309+02:00,0.0005870983004570007
2026-05-14 15:54:06.866934+02:00,2.175942063331604e-05
2026-05-14 15:54:06.882559+02:00,0.00040023215115070343
2026-05-14 15:54:06.898184+02:00,0.00154871866106987
2026-05-14 15:54:06.913809+02:00,0.0032354583963751793
2026-05-14 15:54:06.929434+02:00,0.0051999399438500404
2026-05-14 15:54:06.945059+02:00,0.0071874260902404785
2026-05-14 15:54:06.960684+02:00,0.00898191798478365
2026-05-14 15:54:06.976309+02:00,0.010429483838379383
2026-05-14 15:54:06.991934+02:00,0.011449074372649193
2026-05-14 15:54:07.007559+02:00,0.012030811049044132
2026-05-14 15:54:07.023184+02:00,0.012224230915307999
2026-05-14 15:54:07.038809+02:00,0.012120954692363739
2026-05-14 15:54:07.054434+02:00,0.011836506426334381
2026-05-14 15:54:07.070059+02:00,0.011494023725390434
2026-05-14 15:54:07.085684+02:00,0.011208917945623398
2026-05-14 15:54:07.101309+02:00,0.011075366288423538
2026-05-14 15:54:07.116934+02:00,0.011157872155308723
2026-05-14 15:54:07.132559+02:00,0.011486968025565147
2026-05-14 15:54:07.148184+02:00,0.012058106251060963
2026-05-14 15:54:07.163809+02:00,0.012835235334932804
2026-05-14 15:54:07.179434+02:00,0.013755593448877335
2026-05-14 15:54:07.195059+02:00,0.014727670699357986
2026-05-14 15:54:07.210684+02:00,0.015620678663253784
2026-05-14 15:54:07.226309+02:00,0.01625559851527214
2026-05-14 15:54:07.241934+02:00,0.01641259714961052
2026-05-14 15:54:07.257559+02:00,0.015862025320529938
2026-05-14 15:54:07.273184+02:00,0.014411045238375664
2026-05-14 15:54:07.288809+02:00,0.011949606239795685
2026-05-14 15:54:07.304434+02:00,0.008483486250042915
2026-05-14 15:54:07.320059+02:00,0.004147219471633434
2026-05-14 15:54:07.335684+02:00,-0.0008069174364209175
2026-05-14 15:54:07.351309+02:00,-0.006041415501385927
2026-05-14 15:54:07.366934+02:00,-0.011179216206073761
2026-05-14 15:54:07.382559+02:00,-0.015852203592658043
2026-05-14 15:54:07.398184+02:00,-0.01974479854106903
2026-05-14 15:54:07.413809+02:00,-0.022628502920269966
2026-05-14 15:54:07.429434+02:00,-0.024383781477808952
2026-05-14 15:54:07.445059+02:00,-0.025007687509059906
2026-05-14 15:54:07.460684+02:00,-0.024607568979263306
2026-05-14 15:54:07.476309+02:00,-0.023381413891911507
2026-05-14 15:54:07.491934+02:00,-0.02158677950501442
2026-05-14 15:54:07.507559+02:00,-0.01950218342244625
2026-05-14 15:54:07.523184+02:00,-0.01738845556974411
2026-05-14 15:54:07.538809+02:00,-0.015457347966730595
2026-05-14 15:54:07.554434+02:00,-0.013851174153387547
2026-05-14 15:54:07.570059+02:00,-0.012637048959732056
2026-05-14 15:54:07.585684+02:00,-0.011813836172223091
2026-05-14 15:54:07.601309+02:00,-0.011323054321110249
2026-05-14 15:54:07.616934+02:00,-0.01106113288551569
2026-05-14 15:54:07.632559+02:00,-0.01089631486684084
2026-05-14 15:54:07.648184+02:00,-0.01068933680653572
2026-05-14 15:54:07.663809+02:00,-0.010314230807125568
2026-05-14 15:54:07.679434+02:00,-0.00967488344758749
2026-05-14 15:54:07.695059+02:00,-0.008713672868907452
2026-05-14 15:54:07.710684+02:00,-0.007413561921566725
2026-05-14 15:54:07.726309+02:00,-0.005798683036118746
2026-05-14 15:54:07.741934+02:00,-0.0039390139281749725
2026-05-14 15:54:07.757559+02:00,-0.0019602375105023384
2026-05-14 15:54:07.773184+02:00,-5.077105015516281e-05
2026-05-14 15:54:07.788809+02:00,0.0015454161912202835
2026-05-14 15:54:07.804434+02:00,0.0025573940947651863
2026-05-14 15:54:07.820059+02:00,0.002734784036874771
2026-05-14 15:54:07.835684+02:00,0.0019003553315997124
2026-05-14 15:54:07.851309+02:00,-8.15652310848236e-06
2026-05-14 15:54:07.866934+02:00,-0.0029150573536753654
2026-05-14 15:54:07.882559+02:00,-0.006606594659388065
2026-05-14 15:54:07.898184+02:00,-0.0107573876157403
2026-05-14 15:54:07.913809+02:00,-0.014978239312767982
2026-05-14 15:54:07.929434+02:00,-0.01887190155684948
2026-05-14 15:54:07.945059+02:00,-0.02208487130701542
2026-05-14 15:54:07.960684+02:00,-0.02434701845049858
2026-05-14 15:54:07.976309+02:00,-0.025496434420347214
2026-05-14 15:54:07.991934+02:00,-0.025491058826446533
2026-05-14 15:54:08.007559+02:00,-0.02440575137734413
2026-05-14 15:54:08.023184+02:00,-0.022413749247789383
2026-05-14 15:54:08.038809+02:00,-0.019757110625505447
2026-05-14 15:54:08.054434+02:00,-0.016712911427021027
2026-05-14 15:54:08.070059+02:00,-0.013560180552303791
2026-05-14 15:54:08.085684+02:00,-0.010549275204539299
2026-05-14 15:54:08.101309+02:00,-0.007874363102018833
2026-05-14 15:54:08.116934+02:00,-0.005654487758874893
2026-05-14 15:54:08.132559+02:00,-0.003928261809051037
2026-05-14 15:54:08.148184+02:00,-0.002660957630723715
2026-05-14 15:54:08.163809+02:00,-0.0017612352967262268
2026-05-14 15:54:08.179434+02:00,-0.001103158574551344
2026-05-14 15:54:08.195059+02:00,-0.0005481918342411518
2026-05-14 15:54:08.210684+02:00,3.454647958278656e-05
2026-05-14 15:54:08.226309+02:00,0.0007527219131588936
2026-05-14 15:54:08.241934+02:00,0.001682499423623085
2026-05-14 15:54:08.257559+02:00,0.0028609097935259342
2026-05-14 15:54:08.273184+02:00,0.0042715216986835
2026-05-14 15:54:08.288809+02:00,0.005826454609632492
2026-05-14 15:54:08.304434+02:00,0.007354943547397852
2026-05-14 15:54:08.320059+02:00,0.008609653450548649
2026-05-14 15:54:08.335684+02:00,0.00929731409996748
2026-05-14 15:54:08.351309+02:00,0.009131286293268204
2026-05-14 15:54:08.366934+02:00,0.007893718779087067
2026-05-14 15:54:08.382559+02:00,0.005488327704370022
2026-05-14 15:54:08.398184+02:00,0.0019681663252413273
2026-05-14 15:54:08.413809+02:00,-0.0024650844279676676
2026-05-14 15:54:08.429434+02:00,-0.007485468406230211
2026-05-14 15:54:08.445059+02:00,-0.012686511501669884
2026-05-14 15:54:08.460684+02:00,-0.01763724721968174
2026-05-14 15:54:08.476309+02:00,-0.021937420591711998
2026-05-14 15:54:08.491934+02:00,-0.02526213228702545
2026-05-14 15:54:08.507559+02:00,-0.027393022552132607
2026-05-14 15:54:08.523184+02:00,-0.028234897181391716
2026-05-14 15:54:08.538809+02:00,-0.027817105874419212
2026-05-14 15:54:08.554434+02:00,-0.026280587539076805
2026-05-14 15:54:08.570059+02:00,-0.02385309338569641
2026-05-14 15:54:08.585684+02:00,-0.020815733820199966
2026-05-14 15:54:08.601309+02:00,-0.01746518909931183
2026-05-14 15:54:08.616934+02:00,-0.014078080654144287
2026-05-14 15:54:08.632559+02:00,-0.010882662609219551
2026-05-14 15:54:08.648184+02:00,-0.008038841187953949
2026-05-14 15:54:08.663809+02:00,-0.005626745522022247
2026-05-14 15:54:08.679434+02:00,-0.0036457888782024384
2026-05-14 15:54:08.695059+02:00,-0.002026188187301159
2026-05-14 15:54:08.710684+02:00,-0.0006509022787213326
2026-05-14 15:54:08.726309+02:00,0.0006199246272444725
2026-05-14 15:54:08.741934+02:00,0.0019273580983281136
2026-05-14 15:54:08.757559+02:00,0.003393622115254402
2026-05-14 15:54:08.773184+02:00,0.005103087984025478
2026-05-14 15:54:08.788809+02:00,0.007083853706717491
2026-05-14 15:54:08.804434+02:00,0.009287110529839993
2026-05-14 15:54:08.820059+02:00,0.011568937450647354
2026-05-14 15:54:08.835684+02:00,0.01368962787091732
2026-05-14 15:54:08.851309+02:00,0.015340598300099373
2026-05-14 15:54:08.866934+02:00,0.016195286065340042
2026-05-14 15:54:08.882559+02:00,0.01597406715154648
2026-05-14 15:54:08.898184+02:00,0.01450775470584631
2026-05-14 15:54:08.913809+02:00,0.011781944893300533
2026-05-14 15:54:08.929434+02:00,0.007951907813549042
2026-05-14 15:54:08.945059+02:00,0.0033247126266360283
2026-05-14 15:54:08.960684+02:00,-0.0016867052763700485
2026-05-14 15:54:08.976309+02:00,-0.006623070687055588
2026-05-14 15:54:08.991934+02:00,-0.011038267984986305
2026-05-14 15:54:09.007559+02:00,-0.014552073553204536
2026-05-14 15:54:09.023184+02:00,-0.01689022406935692
2026-05-14 15:54:09.038809+02:00,-0.017906425520777702
2026-05-14 15:54:09.054434+02:00,-0.017585424706339836
2026-05-14 15:54:09.070059+02:00,-0.01603093184530735
2026-05-14 15:54:09.085684+02:00,-0.01344427652657032
2026-05-14 15:54:09.101309+02:00,-0.010096613317728043
2026-05-14 15:54:09.116934+02:00,-0.0062939561903476715
2026-05-14 15:54:09.132559+02:00,-0.002338208258152008
2026-05-14 15:54:09.148184+02:00,0.0015070345252752304
2026-05-14 15:54:09.163809+02:00,0.005040103569626808
2026-05-14 15:54:09.179434+02:00,0.008135790005326271
2026-05-14 15:54:09.195059+02:00,0.010751649737358093
2026-05-14 15:54:09.210684+02:00,0.012923067435622215
2026-05-14 15:54:09.226309+02:00,0.014745796099305153
2026-05-14 15:54:09.241934+02:00,0.016350455582141876
2026-05-14 15:54:09.257559+02:00,0.017876919358968735
2026-05-14 15:54:09.273184+02:00,0.019452225416898727
2026-05-14 15:54:09.288809+02:00,0.02117150090634823
2026-05-14 15:54:09.304434+02:00,0.023079995065927505
2026-05-14 15:54:09.320059+02:00,0.025152510032057762
2026-05-14 15:54:09.335684+02:00,0.027272777631878853
2026-05-14 15:54:09.351309+02:00,0.029225964099168777
2026-05-14 15:54:09.366934+02:00,0.030717385932803154
2026-05-14 15:54:09.382559+02:00,0.03141961991786957
2026-05-14 15:54:09.398184+02:00,0.03103841096162796
2026-05-14 15:54:09.413809+02:00,0.029380619525909424
2026-05-14 15:54:09.429434+02:00,0.026406411081552505
2026-05-14 15:54:09.445059+02:00,0.022250425070524216
2026-05-14 15:54:09.460684+02:00,0.017205823212862015
2026-05-14 15:54:09.476309+02:00,0.011680210009217262
2026-05-14 15:54:09.491934+02:00,0.006138436496257782
2026-05-14 15:54:09.507559+02:00,0.0010426174849271774
2026-05-14 15:54:09.523184+02:00,-0.00320364348590374
2026-05-14 15:54:09.538809+02:00,-0.006299961358308792
2026-05-14 15:54:09.554434+02:00,-0.0080763790756464
2026-05-14 15:54:09.570059+02:00,-0.008499128744006157
2026-05-14 15:54:09.585684+02:00,-0.007659297436475754
2026-05-14 15:54:09.601309+02:00,-0.005753271281719208
2026-05-14 15:54:09.616934+02:00,-0.003055330365896225
2026-05-14 15:54:09.632559+02:00,0.00012055225670337677
2026-05-14 15:54:09.648184+02:00,0.0034630876034498215
2026-05-14 15:54:09.663809+02:00,0.006700687110424042
2026-05-14 15:54:09.679434+02:00,0.009628022089600563
2026-05-14 15:54:09.695059+02:00,0.012119485065340996
2026-05-14 15:54:09.710684+02:00,0.014131670817732811
2026-05-14 15:54:09.726309+02:00,0.01569683849811554
2026-05-14 15:54:09.741934+02:00,0.016906438395380974
2026-05-14 15:54:09.757559+02:00,0.017889153212308884
2026-05-14 15:54:09.773184+02:00,0.018788522109389305
2026-05-14 15:54:09.788809+02:00,0.019740097224712372
2026-05-14 15:54:09.804434+02:00,0.020851152017712593
2026-05-14 15:54:09.820059+02:00,0.022186556831002235
2026-05-14 15:54:09.835684+02:00,0.023755891248583794
2026-05-14 15:54:09.851309+02:00,0.025495022535324097
2026-05-14 15:54:09.866934+02:00,0.0272466242313385
2026-05-14 15:54:09.882559+02:00,0.02875552326440811
2026-05-14 15:54:09.898184+02:00,0.029692433774471283
2026-05-14 15:54:09.913809+02:00,0.02970615029335022
2026-05-14 15:54:09.929434+02:00,0.028493117541074753
2026-05-14 15:54:09.945059+02:00,0.025867659598588943
2026-05-14 15:54:09.960684+02:00,0.021814364939928055
2026-05-14 15:54:09.976309+02:00,0.01650833711028099
2026-05-14 15:54:09.991934+02:00,0.01029740460216999
2026-05-14 15:54:10.007559+02:00,0.003650884609669447
2026-05-14 15:54:10.023184+02:00,-0.0029095839709043503
2026-05-14 15:54:10.038809+02:00,-0.008879803121089935
2026-05-14 15:54:10.054434+02:00,-0.013832394033670425
2026-05-14 15:54:10.070059+02:00,-0.017459848895668983
2026-05-14 15:54:10.085684+02:00,-0.01959872990846634
2026-05-14 15:54:10.101309+02:00,-0.02023586817085743
2026-05-14 15:54:10.116934+02:00,-0.019498176872730255
2026-05-14 15:54:10.132559+02:00,-0.017626913264393806
2026-05-14 15:54:10.148184+02:00,-0.014938721433281898
2026-05-14 15:54:10.163809+02:00,-0.011779813095927238
2026-05-14 15:54:10.179434+02:00,-0.008482195436954498
2026-05-14 15:54:10.195059+02:00,-0.005328034982085228
2026-05-14 15:54:10.210684+02:00,-0.0025237188674509525
2026-05-14 15:54:10.226309+02:00,-0.00018571974942460656
2026-05-14 15:54:10.241934+02:00,0.001658471766859293
2026-05-14 15:54:10.257559+02:00,0.0030564460903406143
2026-05-14 15:54:10.273184+02:00,0.004110497888177633
2026-05-14 15:54:10.288809+02:00,0.004955948330461979
2026-05-14 15:54:10.304434+02:00,0.005740175023674965
2026-05-14 15:54:10.320059+02:00,0.0066022383980453014
2026-05-14 15:54:10.335684+02:00,0.007654142566025257
2026-05-14 15:54:10.351309+02:00,0.008966591209173203
2026-05-14 15:54:10.366934+02:00,0.010560831986367702
2026-05-14 15:54:10.382559+02:00,0.01240398921072483
2026-05-14 15:54:10.398184+02:00,0.014401484280824661
2026-05-14 15:54:10.413809+02:00,0.016383832320570946
2026-05-14 15:54:10.429434+02:00,0.018097637221217155
2026-05-14 15:54:10.445059+02:00,0.019219104200601578
2026-05-14 15:54:10.460684+02:00,0.01939975470304489
2026-05-14 15:54:10.476309+02:00,0.01833529770374298
2026-05-14 15:54:10.491934+02:00,0.015837453305721283
2026-05-14 15:54:10.507559+02:00,0.011886991560459137
2026-05-14 15:54:10.523184+02:00,0.0066520776599645615
2026-05-14 15:54:10.538809+02:00,0.00047024525701999664
2026-05-14 15:54:10.554434+02:00,-0.00619741715490818
2026-05-14 15:54:10.570059+02:00,-0.012828805483877659
2026-05-14 15:54:10.585684+02:00,-0.01890813186764717
2026-05-14 15:54:10.601309+02:00,-0.02398752048611641
2026-05-14 15:54:10.616934+02:00,-0.02773420698940754
2026-05-14 15:54:10.632559+02:00,-0.029958881437778473
2026-05-14 15:54:10.648184+02:00,-0.030626218765974045
2026-05-14 15:54:10.663809+02:00,-0.029847746714949608
2026-05-14 15:54:10.679434+02:00,-0.02785569429397583
2026-05-14 15:54:10.695059+02:00,-0.02496233582496643
2026-05-14 15:54:10.710684+02:00,-0.021514371037483215
2026-05-14 15:54:10.726309+02:00,-0.017849668860435486
2026-05-14 15:54:10.741934+02:00,-0.014260624535381794
2026-05-14 15:54:10.757559+02:00,-0.010967309586703777
2026-05-14 15:54:10.773184+02:00,-0.008102769032120705
2026-05-14 15:54:10.788809+02:00,-0.005711485631763935
2026-05-14 15:54:10.804434+02:00,-0.003760230727493763
2026-05-14 15:54:10.820059+02:00,-0.002158576622605324
2026-05-14 15:54:10.835684+02:00,-0.000783383846282959
2026-05-14 15:54:10.851309+02:00,0.0004983898252248764
2026-05-14 15:54:10.866934+02:00,0.001809682697057724
2026-05-14 15:54:10.882559+02:00,0.0032474882900714874
2026-05-14 15:54:10.898184+02:00,0.004874281585216522
2026-05-14 15:54:10.913809+02:00,0.006714984774589539
2026-05-14 15:54:10.929434+02:00,0.008756428956985474
2026-05-14 15:54:10.945059+02:00,0.01095062866806984
2026-05-14 15:54:10.960684+02:00,0.013221967965364456
2026-05-14 15:54:10.976309+02:00,0.015471581369638443
2026-05-14 15:54:10.991934+02:00,0.017570750787854195
2026-05-14 15:54:11.007559+02:00,0.019345952197909355
2026-05-14 15:54:11.023184+02:00,0.020570548251271248
2026-05-14 15:54:11.038809+02:00,0.02097768895328045
2026-05-14 15:54:11.054434+02:00,0.02030026726424694
2026-05-14 15:54:11.070059+02:00,0.01833130605518818
2026-05-14 15:54:11.085684+02:00,0.01498463936150074
2026-05-14 15:54:11.101309+02:00,0.010332690551877022
2026-05-14 15:54:11.116934+02:00,0.004610657691955566
2026-05-14 15:54:11.132559+02:00,-0.0018085334450006485
2026-05-14 15:54:11.148184+02:00,-0.0084607545286417
2026-05-14 15:54:11.163809+02:00,-0.014851171523332596
2026-05-14 15:54:11.179434+02:00,-0.020516429096460342
2026-05-14 15:54:11.195059+02:00,-0.025076940655708313
2026-05-14 15:54:11.210684+02:00,-0.028275813907384872
2026-05-14 15:54:11.226309+02:00,-0.030002720654010773
2026-05-14 15:54:11.241934+02:00,-0.03029657155275345
2026-05-14 15:54:11.257559+02:00,-0.029325779527425766
2026-05-14 15:54:11.273184+02:00,-0.02735397033393383
2026-05-14 15:54:11.288809+02:00,-0.024700239300727844
2026-05-14 15:54:11.304434+02:00,-0.021699462085962296
2026-05-14 15:54:11.320059+02:00,-0.01866324245929718
2026-05-14 15:54:11.335684+02:00,-0.015843791887164116
2026-05-14 15:54:11.351309+02:00,-0.013409383594989777
2026-05-14 15:54:11.366934+02:00,-0.011437250301241875
2026-05-14 15:54:11.382559+02:00,-0.009920841082930565
2026-05-14 15:54:11.398184+02:00,-0.008785942569375038
2026-05-14 15:54:11.413809+02:00,-0.007913433015346527
2026-05-14 15:54:11.429434+02:00,-0.007165549322962761
2026-05-14 15:54:11.445059+02:00,-0.006410118192434311
2026-05-14 15:54:11.460684+02:00,-0.005539136007428169
2026-05-14 15:54:11.476309+02:00,-0.004479546099901199
2026-05-14 15:54:11.491934+02:00,-0.003196176141500473
2026-05-14 15:54:11.507559+02:00,-0.0016904491931200027
2026-05-14 15:54:11.523184+02:00,3.1925737857818604e-06
2026-05-14 15:54:11.538809+02:00,0.001824989914894104
2026-05-14 15:54:11.554434+02:00,0.0037014465779066086
2026-05-14 15:54:11.570059+02:00,0.005555432289838791
2026-05-14 15:54:11.585684+02:00,0.007308481261134148
2026-05-14 15:54:11.601309+02:00,0.00887228362262249
2026-05-14 15:54:11.616934+02:00,0.01013188250362873
2026-05-14 15:54:11.632559+02:00,0.010929452255368233
2026-05-14 15:54:11.648184+02:00,0.011062702164053917
2026-05-14 15:54:11.663809+02:00,0.010310107842087746
2026-05-14 15:54:11.679434+02:00,0.008480221033096313
2026-05-14 15:54:11.695059+02:00,0.00546635128557682
2026-05-14 15:54:11.710684+02:00,0.0012898705899715424
2026-05-14 15:54:11.726309+02:00,-0.0038776695728302
2026-05-14 15:54:11.741934+02:00,-0.009723648428916931
2026-05-14 15:54:11.757559+02:00,-0.015835672616958618
2026-05-14 15:54:11.773184+02:00,-0.021761443465948105
2026-05-14 15:54:11.788809+02:00,-0.027069488540291786
2026-05-14 15:54:11.804434+02:00,-0.03139837831258774
2026-05-14 15:54:11.820059+02:00,-0.034489765763282776
2026-05-14 15:54:11.835684+02:00,-0.03620549291372299
2026-05-14 15:54:11.851309+02:00,-0.036531731486320496
2026-05-14 15:54:11.866934+02:00,-0.03557296097278595
2026-05-14 15:54:11.882559+02:00,-0.03353513777256012
2026-05-14 15:54:11.898184+02:00,-0.030697138980031013
2026-05-14 15:54:11.913809+02:00,-0.02737352065742016
2026-05-14 15:54:11.929434+02:00,-0.023874348029494286
2026-05-14 15:54:11.945059+02:00,-0.02046740986406803
2026-05-14 15:54:11.960684+02:00,-0.01734825223684311
2026-05-14 15:54:11.976309+02:00,-0.014624238014221191
2026-05-14 15:54:11.991934+02:00,-0.012315575033426285
2026-05-14 15:54:12.007559+02:00,-0.010370359756052494
2026-05-14 15:54:12.023184+02:00,-0.008687885478138924
2026-05-14 15:54:12.038809+02:00,-0.007144846022129059
2026-05-14 15:54:12.054434+02:00,-0.005618849769234657
2026-05-14 15:54:12.070059+02:00,-0.004005517810583115
2026-05-14 15:54:12.085684+02:00,-0.0022301990538835526
2026-05-14 15:54:12.101309+02:00,-0.0002556806430220604
2026-05-14 15:54:12.116934+02:00,0.0019166059792041779
2026-05-14 15:54:12.132559+02:00,0.004252602346241474
2026-05-14 15:54:12.148184+02:00,0.006693410687148571
2026-05-14 15:54:12.163809+02:00,0.009160256013274193
2026-05-14 15:54:12.179434+02:00,0.011553820222616196
2026-05-14 15:54:12.195059+02:00,0.013744599185883999
2026-05-14 15:54:12.210684+02:00,0.015561182983219624
2026-05-14 15:54:12.226309+02:00,0.016792966052889824
2026-05-14 15:54:12.241934+02:00,0.017215289175510406
2026-05-14 15:54:12.257559+02:00,0.01663130149245262
2026-05-14 15:54:12.273184+02:00,0.014919430948793888
2026-05-14 15:54:12.288809+02:00,0.012073719874024391
2026-05-14 15:54:12.304434+02:00,0.008224519900977612
2026-05-14 15:54:12.320059+02:00,0.003632042557001114
2026-05-14 15:54:12.335684+02:00,-0.0013460665941238403
2026-05-14 15:54:12.351309+02:00,-0.0063033634796738625
2026-05-14 15:54:12.366934+02:00,-0.010837748646736145
2026-05-14 15:54:12.382559+02:00,-0.014600361697375774
2026-05-14 15:54:12.398184+02:00,-0.017332378774881363
2026-05-14 15:54:12.413809+02:00,-0.01888587884604931
2026-05-14 15:54:12.429434+02:00,-0.01923077180981636
2026-05-14 15:54:12.445059+02:00,-0.01844896376132965
2026-05-14 15:54:12.460684+02:00,-0.01671566627919674
2026-05-14 15:54:12.476309+02:00,-0.014270979911088943
2026-05-14 15:54:12.491934+02:00,-0.011386317200958729
2026-05-14 15:54:12.507559+02:00,-0.008330542594194412
2026-05-14 15:54:12.523184+02:00,-0.005339305382221937
2026-05-14 15:54:12.538809+02:00,-0.002589635318145156
2026-05-14 15:54:12.554434+02:00,-0.0001855111913755536
2026-05-14 15:54:12.570059+02:00,0.0018418628023937345
2026-05-14 15:54:12.585684+02:00,0.003523844527080655
2026-05-14 15:54:12.601309+02:00,0.004939176607877016
2026-05-14 15:54:12.616934+02:00,0.006195439957082272
2026-05-14 15:54:12.632559+02:00,0.0074091339483857155
2026-05-14 15:54:12.648184+02:00,0.00868590921163559
2026-05-14 15:54:12.663809+02:00,0.010104034096002579
2026-05-14 15:54:12.679434+02:00,0.011706546880304813
2026-05-14 15:54:12.695059+02:00,0.013502180576324463
2026-05-14 15:54:12.710684+02:00,0.015468848869204521
2026-05-14 15:54:12.726309+02:00,0.01755463145673275
2026-05-14 15:54:12.741934+02:00,0.019672928377985954
2026-05-14 15:54:12.757559+02:00,0.021690744906663895
2026-05-14 15:54:12.773184+02:00,0.02341950312256813
2026-05-14 15:54:12.788809+02:00,0.024624191224575043
2026-05-14 15:54:12.804434+02:00,0.025056123733520508
2026-05-14 15:54:12.820059+02:00,0.024500593543052673
2026-05-14 15:54:12.835684+02:00,0.022825084626674652
2026-05-14 15:54:12.851309+02:00,0.020016096532344818
2026-05-14 15:54:12.866934+02:00,0.016198035329580307
2026-05-14 15:54:12.882559+02:00,0.011627867817878723
2026-05-14 15:54:12.898184+02:00,0.006662397645413876
2026-05-14 15:54:12.913809+02:00,0.0017073367489501834
2026-05-14 15:54:12.929434+02:00,-0.0028380451258271933
2026-05-14 15:54:12.945059+02:00,-0.006630985997617245
2026-05-14 15:54:12.960684+02:00,-0.009421924129128456
2026-05-14 15:54:12.976309+02:00,-0.0110734598711133
2026-05-14 15:54:12.991934+02:00,-0.011562922969460487
2026-05-14 15:54:13.007559+02:00,-0.010972478426992893
2026-05-14 15:54:13.023184+02:00,-0.009470812976360321
2026-05-14 15:54:13.038809+02:00,-0.007287752348929644
2026-05-14 15:54:13.054434+02:00,-0.004683186300098896
2026-05-14 15:54:13.070059+02:00,-0.001914943102747202
2026-05-14 15:54:13.085684+02:00,0.0007900502532720566
2026-05-14 15:54:13.101309+02:00,0.0032583519350737333
2026-05-14 15:54:13.116934+02:00,0.005383306182920933
2026-05-14 15:54:13.132559+02:00,0.007127836812287569
2026-05-14 15:54:13.148184+02:00,0.008517280220985413
2026-05-14 15:54:13.163809+02:00,0.009624198079109192
2026-05-14 15:54:13.179434+02:00,0.010549500584602356
2026-05-14 15:54:13.195059+02:00,0.011402317322790623
2026-05-14 15:54:13.210684+02:00,0.012280471622943878
2026-05-14 15:54:13.226309+02:00,0.013256963342428207
2026-05-14 15:54:13.241934+02:00,0.014374073594808578
2026-05-14 15:54:13.257559+02:00,0.015641633421182632
2026-05-14 15:54:13.273184+02:00,0.01703898422420025
2026-05-14 15:54:13.288809+02:00,0.01852165348827839
2026-05-14 15:54:13.304434+02:00,0.02003072388470173
2026-05-14 15:54:13.320059+02:00,0.021502381190657616
2026-05-14 15:54:13.335684+02:00,0.022872257977724075
2026-05-14 15:54:13.351309+02:00,0.024066118523478508
2026-05-14 15:54:13.366934+02:00,0.024979904294013977
2026-05-14 15:54:13.382559+02:00,0.02546568773686886
2026-05-14 15:54:13.398184+02:00,0.02533726766705513
2026-05-14 15:54:13.413809+02:00,0.02439848892390728
2026-05-14 15:54:13.429434+02:00,0.022487809881567955
2026-05-14 15:54:13.445059+02:00,0.019525857642292976
2026-05-14 15:54:13.460684+02:00,0.015550253912806511
2026-05-14 15:54:13.476309+02:00,0.010725833475589752
2026-05-14 15:54:13.491934+02:00,0.005328021943569183
2026-05-14 15:54:13.507559+02:00,-0.00029340293258428574
2026-05-14 15:54:13.523184+02:00,-0.005760293919593096
2026-05-14 15:54:13.538809+02:00,-0.010714060626924038
2026-05-14 15:54:13.554434+02:00,-0.014856969937682152
2026-05-14 15:54:13.570059+02:00,-0.017979836091399193
2026-05-14 15:54:13.585684+02:00,-0.01997578702867031
2026-05-14 15:54:13.601309+02:00,-0.020842771977186203
2026-05-14 15:54:13.616934+02:00,-0.02067575603723526
2026-05-14 15:54:13.632559+02:00,-0.01964733749628067
2026-05-14 15:54:13.648184+02:00,-0.017979495227336884
2026-05-14 15:54:13.663809+02:00,-0.01591377891600132
2026-05-14 15:54:13.679434+02:00,-0.013683782890439034
2026-05-14 15:54:13.695059+02:00,-0.011491011828184128
2026-05-14 15:54:13.710684+02:00,-0.009486488997936249
2026-05-14 15:54:13.726309+02:00,-0.00776053499430418
2026-05-14 15:54:13.741934+02:00,-0.006341173313558102
2026-05-14 15:54:13.757559+02:00,-0.0051996298134326935
2026-05-14 15:54:13.773184+02:00,-0.004262146074324846
2026-05-14 15:54:13.788809+02:00,-0.003427990712225437
2026-05-14 15:54:13.804434+02:00,-0.0025904718786478043
2026-05-14 15:54:13.820059+02:00,-0.0016568873543292284
2026-05-14 15:54:13.835684+02:00,-0.0005636578425765038
2026-05-14 15:54:13.851309+02:00,0.0007179020904004574
2026-05-14 15:54:13.866934+02:00,0.0021844301372766495
2026-05-14 15:54:13.882559+02:00,0.0038065556436777115
2026-05-14 15:54:13.898184+02:00,0.005535601172596216
2026-05-14 15:54:13.913809+02:00,0.007310905959457159
2026-05-14 15:54:13.929434+02:00,0.009066646918654442
2026-05-14 15:54:13.945059+02:00,0.010736252181231976
2026-05-14 15:54:13.960684+02:00,0.012251364067196846
2026-05-14 15:54:13.976309+02:00,0.013531871140003204
2026-05-14 15:54:13.991934+02:00,0.014470397494733334
2026-05-14 15:54:14.007559+02:00,0.01492389291524887
2026-05-14 15:54:14.023184+02:00,0.0147240050137043
2026-05-14 15:54:14.038809+02:00,0.013708381913602352
2026-05-14 15:54:14.054434+02:00,0.011763214133679867
2026-05-14 15:54:14.070059+02:00,0.008861132897436619
2026-05-14 15:54:14.085684+02:00,0.005083608441054821
2026-05-14 15:54:14.101309+02:00,0.0006227064877748489
2026-05-14 15:54:14.116934+02:00,-0.004238778725266457
2026-05-14 15:54:14.132559+02:00,-0.009162910282611847
2026-05-14 15:54:14.148184+02:00,-0.013800018467009068
2026-05-14 15:54:14.163809+02:00,-0.017832733690738678
2026-05-14 15:54:14.179434+02:00,-0.021012671291828156
2026-05-14 15:54:14.195059+02:00,-0.023184165358543396
2026-05-14 15:54:14.210684+02:00,-0.024292929098010063
2026-05-14 15:54:14.226309+02:00,-0.024381324648857117
2026-05-14 15:54:14.241934+02:00,-0.023573866114020348
2026-05-14 15:54:14.257559+02:00,-0.02205580659210682
2026-05-14 15:54:14.273184+02:00,-0.02004828304052353
2026-05-14 15:54:14.288809+02:00,-0.01778215542435646
2026-05-14 15:54:14.304434+02:00,-0.015471240505576134
2026-05-14 15:54:14.320059+02:00,-0.013288293965160847
2026-05-14 15:54:14.335684+02:00,-0.011349004693329334
2026-05-14 15:54:14.351309+02:00,-0.009706974029541016
2026-05-14 15:54:14.366934+02:00,-0.00835905410349369
2026-05-14 15:54:14.382559+02:00,-0.007257191929966211
2026-05-14 15:54:14.398184+02:00,-0.006322022527456284
2026-05-14 15:54:14.413809+02:00,-0.005456684622913599
2026-05-14 15:54:14.429434+02:00,-0.004562195856124163
2026-05-14 15:54:14.445059+02:00,-0.003553367219865322
2026-05-14 15:54:14.460684+02:00,-0.0023710555396974087
2026-05-14 15:54:14.476309+02:00,-0.000987841165624559
2026-05-14 15:54:14.491934+02:00,0.0005923216231167316
2026-05-14 15:54:14.507559+02:00,0.0023380795028060675
2026-05-14 15:54:14.523184+02:00,0.004196191672235727
2026-05-14 15:54:14.538809+02:00,0.006098364479839802
2026-05-14 15:54:14.554434+02:00,0.00796995498239994
2026-05-14 15:54:14.570059+02:00,0.009740005247294903
2026-05-14 15:54:14.585684+02:00,0.011350717395544052
2026-05-14 15:54:14.601309+02:00,0.01276213489472866
2026-05-14 15:54:14.616934+02:00,0.01394693274050951
2026-05-14 15:54:14.632559+02:00,0.014873662032186985
2026-05-14 15:54:14.648184+02:00,0.015484198927879333
2026-05-14 15:54:14.663809+02:00,0.015678830444812775
2026-05-14 15:54:14.679434+02:00,0.015320932492613792
2026-05-14 15:54:14.695059+02:00,0.014263012446463108
2026-05-14 15:54:14.710684+02:00,0.012387389317154884
2026-05-14 15:54:14.726309+02:00,0.009648546576499939
2026-05-14 15:54:14.741934+02:00,0.006101646926254034
2026-05-14 15:54:14.757559+02:00,0.001908259466290474
2026-05-14 15:54:14.773184+02:00,-0.002679936122149229
2026-05-14 15:54:14.788809+02:00,-0.007353068795055151
2026-05-14 15:54:14.804434+02:00,-0.011783422902226448
2026-05-14 15:54:14.820059+02:00,-0.015667974948883057
2026-05-14 15:54:14.835684+02:00,-0.01876499131321907
2026-05-14 15:54:14.851309+02:00,-0.02091701701283455
2026-05-14 15:54:14.866934+02:00,-0.022059472277760506
2026-05-14 15:54:14.882559+02:00,-0.022218843922019005
2026-05-14 15:54:14.898184+02:00,-0.02150295116007328
2026-05-14 15:54:14.913809+02:00,-0.02008354850113392
2026-05-14 15:54:14.929434+02:00,-0.01817181333899498
2026-05-14 15:54:14.945059+02:00,-0.01598983071744442
2026-05-14 15:54:14.960684+02:00,-0.013743112795054913
2026-05-14 15:54:14.976309+02:00,-0.011598470620810986
2026-05-14 15:54:14.991934+02:00,-0.009669767692685127
2026-05-14 15:54:15.007559+02:00,-0.008012223988771439
2026-05-14 15:54:15.023184+02:00,-0.006624894216656685
2026-05-14 15:54:15.038809+02:00,-0.005460564978420734
2026-05-14 15:54:15.054434+02:00,-0.004440799355506897
2026-05-14 15:54:15.070059+02:00,-0.003472692333161831
2026-05-14 15:54:15.085684+02:00,-0.002465051133185625
2026-05-14 15:54:15.101309+02:00,-0.00134181696921587
2026-05-14 15:54:15.116934+02:00,-5.040690302848816e-05
2026-05-14 15:54:15.132559+02:00,0.0014339617919176817
2026-05-14 15:54:15.148184+02:00,0.0031064169015735388
2026-05-14 15:54:15.163809+02:00,0.004934449214488268
2026-05-14 15:54:15.179434+02:00,0.006864289287477732
2026-05-14 15:54:15.195059+02:00,0.00882994756102562
2026-05-14 15:54:15.210684+02:00,0.010759411379694939
2026-05-14 15:54:15.226309+02:00,0.012570057064294815
2026-05-14 15:54:15.241934+02:00,0.014155042357742786
2026-05-14 15:54:15.257559+02:00,0.015374016016721725
2026-05-14 15:54:15.273184+02:00,0.016058944165706635
2026-05-14 15:54:15.288809+02:00,0.01603698544204235
2026-05-14 15:54:15.304434+02:00,0.01516648568212986
2026-05-14 15:54:15.320059+02:00,0.013376113027334213
2026-05-14 15:54:15.335684+02:00,0.010694116353988647
2026-05-14 15:54:15.351309+02:00,0.007258598692715168
2026-05-14 15:54:15.366934+02:00,0.0033056288957595825
2026-05-14 15:54:15.382559+02:00,-0.0008615315891802311
2026-05-14 15:54:15.398184+02:00,-0.004913847427815199
2026-05-14 15:54:15.413809+02:00,-0.008539397269487381
2026-05-14 15:54:15.429434+02:00,-0.011479797773063183
2026-05-14 15:54:15.445059+02:00,-0.013555790297687054
2026-05-14 15:54:15.460684+02:00,-0.014680523425340652
2026-05-14 15:54:15.476309+02:00,-0.0148594556376338
2026-05-14 15:54:15.491934+02:00,-0.014178336597979069
2026-05-14 15:54:15.507559+02:00,-0.012784289196133614
2026-05-14 15:54:15.523184+02:00,-0.010864421725273132
2026-05-14 15:54:15.538809+02:00,-0.008623219095170498
2026-05-14 15:54:15.554434+02:00,-0.006259001791477203
2026-05-14 15:54:15.570059+02:00,-0.003943406045436859
2026-05-14 15:54:15.585684+02:00,-0.001807251013815403
2026-05-14 15:54:15.601309+02:00,6.856769323348999e-05
2026-05-14 15:54:15.616934+02:00,0.0016559846699237823
2026-05-14 15:54:15.632559+02:00,0.002973743714392185
2026-05-14 15:54:15.648184+02:00,0.004076126962900162
2026-05-14 15:54:15.663809+02:00,0.005040640477091074
2026-05-14 15:54:15.679434+02:00,0.005953900516033173
2026-05-14 15:54:15.695059+02:00,0.006896751467138529
2026-05-14 15:54:15.710684+02:00,0.007933706045150757
2026-05-14 15:54:15.726309+02:00,0.00910804234445095
2026-05-14 15:54:15.741934+02:00,0.010438290424644947
2026-05-14 15:54:15.757559+02:00,0.011915329843759537
2026-05-14 15:54:15.773184+02:00,0.013503936119377613
2026-05-14 15:54:15.788809+02:00,0.015149381011724472
2026-05-14 15:54:15.804434+02:00,0.016787473112344742
2026-05-14 15:54:15.820059+02:00,0.01835526153445244
2026-05-14 15:54:15.835684+02:00,0.01979571022093296
2026-05-14 15:54:15.851309+02:00,0.021050002425909042
2026-05-14 15:54:15.866934+02:00,0.02203923836350441
2026-05-14 15:54:15.882559+02:00,0.022648293524980545
2026-05-14 15:54:15.898184+02:00,0.022726036608219147
2026-05-14 15:54:15.913809+02:00,0.022105500102043152
2026-05-14 15:54:15.929434+02:00,0.020639285445213318
2026-05-14 15:54:15.945059+02:00,0.0182418841868639
2026-05-14 15:54:15.960684+02:00,0.014925401657819748
2026-05-14 15:54:15.976309+02:00,0.010814206674695015
2026-05-14 15:54:15.991934+02:00,0.006134733557701111
2026-05-14 15:54:16.007559+02:00,0.0011875384952872992
2026-05-14 15:54:16.023184+02:00,-0.0036911352071911097
2026-05-14 15:54:16.038809+02:00,-0.00817254651337862
2026-05-14 15:54:16.054434+02:00,-0.011975931003689766
2026-05-14 15:54:16.070059+02:00,-0.014899544417858124
2026-05-14 15:54:16.085684+02:00,-0.016837483271956444
2026-05-14 15:54:16.101309+02:00,-0.017780054360628128
2026-05-14 15:54:16.116934+02:00,-0.01780124008655548
2026-05-14 15:54:16.132559+02:00,-0.017039205878973007
2026-05-14 15:54:16.148184+02:00,-0.015674002468585968
2026-05-14 15:54:16.163809+02:00,-0.013906208798289299
2026-05-14 15:54:16.179434+02:00,-0.011936264112591743
2026-05-14 15:54:16.195059+02:00,-0.00994234997779131
2026-05-14 15:54:16.210684+02:00,-0.008061187341809273
2026-05-14 15:54:16.226309+02:00,-0.00637828791514039
2026-05-14 15:54:16.241934+02:00,-0.004927875939756632
2026-05-14 15:54:16.257559+02:00,-0.0036993208341300488
2026-05-14 15:54:16.273184+02:00,-0.002648264169692993
2026-05-14 15:54:16.288809+02:00,-0.0017098896205425262
2026-05-14 15:54:16.304434+02:00,-0.0008109891787171364
2026-05-14 15:54:16.320059+02:00,0.00011947471648454666
2026-05-14 15:54:16.335684+02:00,0.0011407132260501385
2026-05-14 15:54:16.351309+02:00,0.0022935261949896812
2026-05-14 15:54:16.366934+02:00,0.003598391078412533
2026-05-14 15:54:16.382559+02:00,0.00505650881677866
2026-05-14 15:54:16.398184+02:00,0.006651294883340597
2026-05-14 15:54:16.413809+02:00,0.008349819108843803
2026-05-14 15:54:16.429434+02:00,0.010104402899742126
2026-05-14 15:54:16.445059+02:00,0.011852053925395012
2026-05-14 15:54:16.460684+02:00,0.013507770374417305
2026-05-14 15:54:16.476309+02:00,0.014952405355870724
2026-05-14 15:54:16.491934+02:00,0.016025150194764137
2026-05-14 15:54:16.507559+02:00,0.016533110290765762
2026-05-14 15:54:16.523184+02:00,0.01628103479743004
2026-05-14 15:54:16.538809+02:00,0.015113724395632744
2026-05-14 15:54:16.554434+02:00,0.012958090752363205
2026-05-14 15:54:16.570059+02:00,0.00985126942396164
2026-05-14 15:54:16.585684+02:00,0.0059478795155882835
2026-05-14 15:54:16.601309+02:00,0.0015056037809699774
2026-05-14 15:54:16.616934+02:00,-0.0031497362069785595
2026-05-14 15:54:16.632559+02:00,-0.007671426050364971
2026-05-14 15:54:16.648184+02:00,-0.011737262830138206
2026-05-14 15:54:16.663809+02:00,-0.015083017759025097
2026-05-14 15:54:16.679434+02:00,-0.017522891983389854
2026-05-14 15:54:16.695059+02:00,-0.018961727619171143
2026-05-14 15:54:16.710684+02:00,-0.01939958520233631
2026-05-14 15:54:16.726309+02:00,-0.018923843279480934
2026-05-14 15:54:16.741934+02:00,-0.017689375206828117
2026-05-14 15:54:16.757559+02:00,-0.015893738716840744
2026-05-14 15:54:16.773184+02:00,-0.013753006234765053
2026-05-14 15:54:16.788809+02:00,-0.011479121632874012
2026-05-14 15:54:16.804434+02:00,-0.009257996454834938
2026-05-14 15:54:16.820059+02:00,-0.007231299765408039
2026-05-14 15:54:16.835684+02:00,-0.005485997069627047
2026-05-14 15:54:16.851309+02:00,-0.0040517766028642654
2026-05-14 15:54:16.866934+02:00,-0.0029055457562208176
2026-05-14 15:54:16.882559+02:00,-0.0019824705086648464
2026-05-14 15:54:16.898184+02:00,-0.0011915774084627628
2026-05-14 15:54:16.913809+02:00,-0.0004324461333453655
2026-05-14 15:54:16.929434+02:00,0.00039003603160381317
2026-05-14 15:54:16.945059+02:00,0.0013526533730328083
2026-05-14 15:54:16.960684+02:00,0.002502742689102888
2026-05-14 15:54:16.976309+02:00,0.0038527478463947773
2026-05-14 15:54:16.991934+02:00,0.00538270641118288
2026-05-14 15:54:17.007559+02:00,0.0070473141968250275
2026-05-14 15:54:17.023184+02:00,0.008783542551100254
2026-05-14 15:54:17.038809+02:00,0.010520268231630325
2026-05-14 15:54:17.054434+02:00,0.01219016034156084
2026-05-14 15:54:17.070059+02:00,0.013735153712332249
2026-05-14 15:54:17.085684+02:00,0.015097999945282936
2026-05-14 15:54:17.101309+02:00,0.01620345190167427
2026-05-14 15:54:17.116934+02:00,0.016940485686063766
2026-05-14 15:54:17.132559+02:00,0.017158478498458862
2026-05-14 15:54:17.148184+02:00,0.016683638095855713
2026-05-14 15:54:17.163809+02:00,0.01535310223698616
2026-05-14 15:54:17.179434+02:00,0.013059306889772415
2026-05-14 15:54:17.195059+02:00,0.009791882708668709
2026-05-14 15:54:17.210684+02:00,0.005661030299961567
2026-05-14 15:54:17.226309+02:00,0.0008927013259381056
2026-05-14 15:54:17.241934+02:00,-0.004200701601803303
2026-05-14 15:54:17.257559+02:00,-0.009262734092772007
2026-05-14 15:54:17.273184+02:00,-0.013939324766397476
2026-05-14 15:54:17.288809+02:00,-0.017922179773449898
2026-05-14 15:54:17.304434+02:00,-0.0209822878241539
2026-05-14 15:54:17.320059+02:00,-0.02298893593251705
2026-05-14 15:54:17.335684+02:00,-0.023913666605949402
2026-05-14 15:54:17.351309+02:00,-0.023822791874408722
2026-05-14 15:54:17.366934+02:00,-0.02286178432404995
2026-05-14 15:54:17.382559+02:00,-0.02123188227415085
2026-05-14 15:54:17.398184+02:00,-0.019161801785230637
2026-05-14 15:54:17.413809+02:00,-0.016880156472325325
2026-05-14 15:54:17.429434+02:00,-0.014591187238693237
2026-05-14 15:54:17.445059+02:00,-0.012455275282263756
2026-05-14 15:54:17.460684+02:00,-0.010575935244560242
2026-05-14 15:54:17.476309+02:00,-0.008994690142571926
2026-05-14 15:54:17.491934+02:00,-0.007695366628468037
2026-05-14 15:54:17.507559+02:00,-0.0066164033487439156
2026-05-14 15:54:17.523184+02:00,-0.005666777491569519
2026-05-14 15:54:17.538809+02:00,-0.004742511548101902
2026-05-14 15:54:17.554434+02:00,-0.0037435004487633705
2026-05-14 15:54:17.570059+02:00,-0.0025896038860082626
2026-05-14 15:54:17.585684+02:00,-0.001232481561601162
2026-05-14 15:54:17.601309+02:00,0.000340266153216362
2026-05-14 15:54:17.616934+02:00,0.002108701504766941
2026-05-14 15:54:17.632559+02:00,0.004028941970318556
2026-05-14 15:54:17.648184+02:00,0.006043339613825083
2026-05-14 15:54:17.663809+02:00,0.008087669499218464
2026-05-14 15:54:17.679434+02:00,0.010089944116771221
2026-05-14 15:54:17.695059+02:00,0.011960044503211975
2026-05-14 15:54:17.710684+02:00,0.01357540674507618
2026-05-14 15:54:17.726309+02:00,0.014772310853004456
2026-05-14 15:54:17.741934+02:00,0.015353228896856308
2026-05-14 15:54:17.757559+02:00,0.015115773305296898
2026-05-14 15:54:17.773184+02:00,0.013897234573960304
2026-05-14 15:54:17.788809+02:00,0.011619058437645435
2026-05-14 15:54:17.804434+02:00,0.008318036794662476
2026-05-14 15:54:17.820059+02:00,0.0041574109345674515
2026-05-14 15:54:17.835684+02:00,-0.0005861204117536545
2026-05-14 15:54:17.851309+02:00,-0.005557146854698658
2026-05-14 15:54:17.866934+02:00,-0.010368426330387592
2026-05-14 15:54:17.882559+02:00,-0.014650716446340084
2026-05-14 15:54:17.898184+02:00,-0.018098104745149612
2026-05-14 15:54:17.913809+02:00,-0.02049976959824562
2026-05-14 15:54:17.929434+02:00,-0.021752748638391495
2026-05-14 15:54:17.945059+02:00,-0.021859819069504738
2026-05-14 15:54:17.960684+02:00,-0.02091788500547409
2026-05-14 15:54:17.976309+02:00,-0.01909831166267395
2026-05-14 15:54:17.991934+02:00,-0.01662256196141243
2026-05-14 15:54:18.007559+02:00,-0.013736996799707413
2026-05-14 15:54:18.023184+02:00,-0.010687701404094696
2026-05-14 15:54:18.038809+02:00,-0.007695263251662254
2026-05-14 15:54:18.054434+02:00,-0.004931122064590454
2026-05-14 15:54:18.070059+02:00,-0.002501402050256729
2026-05-14 15:54:18.085684+02:00,-0.00044289790093898773
2026-05-14 15:54:18.101309+02:00,0.0012707021087408066
2026-05-14 15:54:18.116934+02:00,0.0027152523398399353
2026-05-14 15:54:18.132559+02:00,0.003997128456830978
2026-05-14 15:54:18.148184+02:00,0.005233108997344971
2026-05-14 15:54:18.163809+02:00,0.0065326085314154625
2026-05-14 15:54:18.179434+02:00,0.007983052171766758
2026-05-14 15:54:18.195059+02:00,0.00964023545384407
2026-05-14 15:54:18.210684+02:00,0.011524866335093975
2026-05-14 15:54:18.226309+02:00,0.013623830862343311
2026-05-14 15:54:18.241934+02:00,0.015894193202257156
2026-05-14 15:54:18.257559+02:00,0.018269319087266922
2026-05-14 15:54:18.273184+02:00,0.020667903125286102
2026-05-14 15:54:18.288809+02:00,0.02300145849585533
2026-05-14 15:54:18.304434+02:00,0.025169409811496735
2026-05-14 15:54:18.320059+02:00,0.027041174471378326
2026-05-14 15:54:18.335684+02:00,0.028440970927476883
2026-05-14 15:54:18.351309+02:00,0.02915186434984207
2026-05-14 15:54:18.366934+02:00,0.028944382444024086
2026-05-14 15:54:18.382559+02:00,0.027623090893030167
2026-05-14 15:54:18.398184+02:00,0.025076452642679214
2026-05-14 15:54:18.413809+02:00,0.02131517603993416
2026-05-14 15:54:18.429434+02:00,0.01649002730846405
2026-05-14 15:54:18.445059+02:00,0.010883063077926636
2026-05-14 15:54:18.460684+02:00,0.004873179830610752
2026-05-14 15:54:18.476309+02:00,-0.0011129006743431091
2026-05-14 15:54:18.491934+02:00,-0.0066552069038152695
2026-05-14 15:54:18.507559+02:00,-0.011392937041819096
2026-05-14 15:54:18.523184+02:00,-0.015061995945870876
2026-05-14 15:54:18.538809+02:00,-0.017512764781713486
2026-05-14 15:54:18.554434+02:00,-0.018712863326072693
2026-05-14 15:54:18.570059+02:00,-0.018738411366939545
2026-05-14 15:54:18.585684+02:00,-0.017755143344402313
2026-05-14 15:54:18.601309+02:00,-0.01599101535975933
2026-05-14 15:54:18.616934+02:00,-0.013704507611691952
2026-05-14 15:54:18.632559+02:00,-0.011153494007885456
2026-05-14 15:54:18.648184+02:00,-0.008566946722567081
2026-05-14 15:54:18.663809+02:00,-0.006122698076069355
2026-05-14 15:54:18.679434+02:00,-0.003934097476303577
2026-05-14 15:54:18.695059+02:00,-0.00204644538462162
2026-05-14 15:54:18.710684+02:00,-0.00044404342770576477
2026-05-14 15:54:18.726309+02:00,0.0009354660287499428
2026-05-14 15:54:18.741934+02:00,0.0021849749609827995
2026-05-14 15:54:18.757559+02:00,0.0034096529707312584
2026-05-14 15:54:18.773184+02:00,0.004706801846623421
2026-05-14 15:54:18.788809+02:00,0.006150818429887295
2026-05-14 15:54:18.804434+02:00,0.007785988040268421
2026-05-14 15:54:18.820059+02:00,0.009623827412724495
2026-05-14 15:54:18.835684+02:00,0.011644883081316948
2026-05-14 15:54:18.851309+02:00,0.013805463910102844
2026-05-14 15:54:18.866934+02:00,0.01604575850069523
2026-05-14 15:54:18.882559+02:00,0.018294958397746086
2026-05-14 15:54:18.898184+02:00,0.02046949416399002
2026-05-14 15:54:18.913809+02:00,0.02246178314089775
2026-05-14 15:54:18.929434+02:00,0.024124152958393097
2026-05-14 15:54:18.945059+02:00,0.02526029571890831
2026-05-14 15:54:18.960684+02:00,0.025637418031692505
2026-05-14 15:54:18.976309+02:00,0.02502407133579254
2026-05-14 15:54:18.991934+02:00,0.02324332669377327
2026-05-14 15:54:19.007559+02:00,0.020222850143909454
2026-05-14 15:54:19.023184+02:00,0.016026975587010384
2026-05-14 15:54:19.038809+02:00,0.010862905532121658
2026-05-14 15:54:19.054434+02:00,0.005061166360974312
2026-05-14 15:54:19.070059+02:00,-0.0009650848805904388
2026-05-14 15:54:19.085684+02:00,-0.006774364970624447
2026-05-14 15:54:19.101309+02:00,-0.011952865868806839
2026-05-14 15:54:19.116934+02:00,-0.016162164509296417
2026-05-14 15:54:19.132559+02:00,-0.019173871725797653
2026-05-14 15:54:19.148184+02:00,-0.02088746801018715
2026-05-14 15:54:19.163809+02:00,-0.02132878452539444
2026-05-14 15:54:19.179434+02:00,-0.020631911233067513
2026-05-14 15:54:19.195059+02:00,-0.019011786207556725
2026-05-14 15:54:19.210684+02:00,-0.01673261635005474
2026-05-14 15:54:19.226309+02:00,-0.014074161648750305
2026-05-14 15:54:19.241934+02:00,-0.01129942573606968
2026-05-14 15:54:19.257559+02:00,-0.008628216572105885
2026-05-14 15:54:19.273184+02:00,-0.00621865363791585
2026-05-14 15:54:19.288809+02:00,-0.004157171584665775
2026-05-14 15:54:19.304434+02:00,-0.002457563765347004
2026-05-14 15:54:19.320059+02:00,-0.0010690130293369293
2026-05-14 15:54:19.335684+02:00,0.00010641152039170265
2026-05-14 15:54:19.351309+02:00,0.0011885648127645254
2026-05-14 15:54:19.366934+02:00,0.0022947790566831827
2026-05-14 15:54:19.382559+02:00,0.0035236100666224957
2026-05-14 15:54:19.398184+02:00,0.0049456702545285225
2026-05-14 15:54:19.413809+02:00,0.006597245577722788
2026-05-14 15:54:19.429434+02:00,0.00847692135721445
2026-05-14 15:54:19.445059+02:00,0.010548488236963749
2026-05-14 15:54:19.460684+02:00,0.01274896040558815
2026-05-14 15:54:19.476309+02:00,0.014998734928667545
2026-05-14 15:54:19.491934+02:00,0.01721331663429737
2026-05-14 15:54:19.507559+02:00,0.01931370422244072
2026-05-14 15:54:19.523184+02:00,0.021230388432741165
2026-05-14 15:54:19.538809+02:00,0.022896084934473038
2026-05-14 15:54:19.554434+02:00,0.02422577142715454
2026-05-14 15:54:19.570059+02:00,0.02509334310889244
2026-05-14 15:54:19.585684+02:00,0.025321846827864647
2026-05-14 15:54:19.601309+02:00,0.024699445813894272
2026-05-14 15:54:19.616934+02:00,0.023021221160888672
2026-05-14 15:54:19.632559+02:00,0.020145036280155182
2026-05-14 15:54:19.648184+02:00,0.016042256727814674
2026-05-14 15:54:19.663809+02:00,0.010827142745256424
2026-05-14 15:54:19.679434+02:00,0.004758167080581188
2026-05-14 15:54:19.695059+02:00,-0.001789480447769165
2026-05-14 15:54:19.710684+02:00,-0.008373837918043137
2026-05-14 15:54:19.726309+02:00,-0.014544936828315258
2026-05-14 15:54:19.741934+02:00,-0.019900266081094742
2026-05-14 15:54:19.757559+02:00,-0.02412967011332512
2026-05-14 15:54:19.773184+02:00,-0.027044259011745453
2026-05-14 15:54:19.788809+02:00,-0.028587080538272858
2026-05-14 15:54:19.804434+02:00,-0.028827205300331116
2026-05-14 15:54:19.820059+02:00,-0.02793990820646286
2026-05-14 15:54:19.835684+02:00,-0.026176530867815018
2026-05-14 15:54:19.851309+02:00,-0.023827437311410904
2026-05-14 15:54:19.866934+02:00,-0.021183516830205917
2026-05-14 15:54:19.882559+02:00,-0.018504157662391663
2026-05-14 15:54:19.898184+02:00,-0.015994612127542496
2026-05-14 15:54:19.913809+02:00,-0.01379167940467596
2026-05-14 15:54:19.929434+02:00,-0.011957582086324692
2026-05-14 15:54:19.945059+02:00,-0.010482894256711006
2026-05-14 15:54:19.960684+02:00,-0.009298081509768963
2026-05-14 15:54:19.976309+02:00,-0.008292105980217457
2026-05-14 15:54:19.991934+02:00,-0.007336252834647894
2026-05-14 15:54:20.007559+02:00,-0.006307900883257389
2026-05-14 15:54:20.023184+02:00,-0.005108444020152092
2026-05-14 15:54:20.038809+02:00,-0.0036729108542203903
2026-05-14 15:54:20.054434+02:00,-0.0019715726375579834
2026-05-14 15:54:20.070059+02:00,-7.557682693004608e-06
2026-05-14 15:54:20.085684+02:00,0.002186991274356842
2026-05-14 15:54:20.101309+02:00,0.004557060077786446
2026-05-14 15:54:20.116934+02:00,0.007030087523162365
2026-05-14 15:54:20.132559+02:00,0.0095136733725667
2026-05-14 15:54:20.148184+02:00,0.011882404796779156
2026-05-14 15:54:20.163809+02:00,0.01396084763109684
2026-05-14 15:54:20.179434+02:00,0.015519233420491219
2026-05-14 15:54:20.195059+02:00,0.01629374548792839
2026-05-14 15:54:20.210684+02:00,0.016029421240091324
2026-05-14 15:54:20.226309+02:00,0.014535114169120789
2026-05-14 15:54:20.241934+02:00,0.011736396700143814
2026-05-14 15:54:20.257559+02:00,0.007710734382271767
2026-05-14 15:54:20.273184+02:00,0.002693495713174343
2026-05-14 15:54:20.288809+02:00,-0.0029468992725014687
2026-05-14 15:54:20.304434+02:00,-0.008758749812841415
2026-05-14 15:54:20.320059+02:00,-0.014270161278545856
2026-05-14 15:54:20.335684+02:00,-0.019049018621444702
2026-05-14 15:54:20.351309+02:00,-0.02274921163916588
2026-05-14 15:54:20.366934+02:00,-0.025142952799797058
2026-05-14 15:54:20.382559+02:00,-0.02613854967057705
2026-05-14 15:54:20.398184+02:00,-0.025780733674764633
2026-05-14 15:54:20.413809+02:00,-0.02423519641160965
2026-05-14 15:54:20.429434+02:00,-0.02176084741950035
2026-05-14 15:54:20.445059+02:00,-0.01867246814072132
2026-05-14 15:54:20.460684+02:00,-0.015299705788493156
2026-05-14 15:54:20.476309+02:00,-0.011948857456445694
2026-05-14 15:54:20.491934+02:00,-0.00886981189250946
2026-05-14 15:54:20.507559+02:00,-0.00623171404004097
2026-05-14 15:54:20.523184+02:00,-0.004112595692276955
2026-05-14 15:54:20.538809+02:00,-0.002504243515431881
2026-05-14 15:54:20.554434+02:00,-0.0013287216424942017
2026-05-14 15:54:20.570059+02:00,-0.0004597427323460579
2026-05-14 15:54:20.585684+02:00,0.0002556918188929558
2026-05-14 15:54:20.601309+02:00,0.000975283794105053
2026-05-14 15:54:20.616934+02:00,0.0018398407846689224
2026-05-14 15:54:20.632559+02:00,0.002954801544547081
2026-05-14 15:54:20.648184+02:00,0.004377255216240883
2026-05-14 15:54:20.663809+02:00,0.006112211383879185
2026-05-14 15:54:20.679434+02:00,0.008118721656501293
2026-05-14 15:54:20.695059+02:00,0.010317946784198284
2026-05-14 15:54:20.710684+02:00,0.012594940140843391
2026-05-14 15:54:20.726309+02:00,0.01479304302483797
2026-05-14 15:54:20.741934+02:00,0.016706425696611404
2026-05-14 15:54:20.757559+02:00,0.018083127215504646
2026-05-14 15:54:20.773184+02:00,0.018650135025382042
2026-05-14 15:54:20.788809+02:00,0.018158894032239914
2026-05-14 15:54:20.804434+02:00,0.01643946021795273
2026-05-14 15:54:20.820059+02:00,0.013447697274386883
2026-05-14 15:54:20.835684+02:00,0.009289834648370743
2026-05-14 15:54:20.851309+02:00,0.004219758324325085
2026-05-14 15:54:20.866934+02:00,-0.0013868408277630806
2026-05-14 15:54:20.882559+02:00,-0.007078423630446196
2026-05-14 15:54:20.898184+02:00,-0.012387231923639774
2026-05-14 15:54:20.913809+02:00,-0.01688995026051998
2026-05-14 15:54:20.929434+02:00,-0.020257767289876938
2026-05-14 15:54:20.945059+02:00,-0.022290099412202835
2026-05-14 15:54:20.960684+02:00,-0.022930093109607697
2026-05-14 15:54:20.976309+02:00,-0.022260043770074844
2026-05-14 15:54:20.991934+02:00,-0.0204777792096138
2026-05-14 15:54:21.007559+02:00,-0.01786251738667488
2026-05-14 15:54:21.023184+02:00,-0.01473744586110115
2026-05-14 15:54:21.038809+02:00,-0.011430108919739723
2026-05-14 15:54:21.054434+02:00,-0.00823371484875679
2026-05-14 15:54:21.070059+02:00,-0.0053760334849357605
2026-05-14 15:54:21.085684+02:00,-0.003001817502081394
2026-05-14 15:54:21.101309+02:00,-0.0011691739782691002
2026-05-14 15:54:21.116934+02:00,0.00014482112601399422
2026-05-14 15:54:21.132559+02:00,0.0010310322977602482
2026-05-14 15:54:21.148184+02:00,0.0016270079649984837
2026-05-14 15:54:21.163809+02:00,0.002091214992105961
2026-05-14 15:54:21.179434+02:00,0.00257851742208004
2026-05-14 15:54:21.195059+02:00,0.003219778183847666
2026-05-14 15:54:21.210684+02:00,0.0041075898334383965
2026-05-14 15:54:21.226309+02:00,0.005289837252348661
2026-05-14 15:54:21.241934+02:00,0.006768447812646627
2026-05-14 15:54:21.257559+02:00,0.008497392758727074
2026-05-14 15:54:21.273184+02:00,0.010375889018177986
2026-05-14 15:54:21.288809+02:00,0.012238623574376106
2026-05-14 15:54:21.304434+02:00,0.01385294459760189
2026-05-14 15:54:21.320059+02:00,0.014934934675693512
2026-05-14 15:54:21.335684+02:00,0.01518779993057251
2026-05-14 15:54:21.351309+02:00,0.01435680128633976
2026-05-14 15:54:21.366934+02:00,0.012287799268960953
2026-05-14 15:54:21.382559+02:00,0.008972331881523132
2026-05-14 15:54:21.398184+02:00,0.00456597562879324
2026-05-14 15:54:21.413809+02:00,-0.000625076238065958
2026-05-14 15:54:21.429434+02:00,-0.006185205653309822
2026-05-14 15:54:21.445059+02:00,-0.011646976694464684
2026-05-14 15:54:21.460684+02:00,-0.016551459208130836
2026-05-14 15:54:21.476309+02:00,-0.020502641797065735
2026-05-14 15:54:21.491934+02:00,-0.02321222983300686
2026-05-14 15:54:21.507559+02:00,-0.02452893741428852
2026-05-14 15:54:21.523184+02:00,-0.024448197335004807
2026-05-14 15:54:21.538809+02:00,-0.02310294844210148
2026-05-14 15:54:21.554434+02:00,-0.020736394450068474
2026-05-14 15:54:21.570059+02:00,-0.017661694437265396
2026-05-14 15:54:21.585684+02:00,-0.014217879623174667
2026-05-14 15:54:21.601309+02:00,-0.010728585533797741
2026-05-14 15:54:21.616934+02:00,-0.007467174436897039
2026-05-14 15:54:21.632559+02:00,-0.004630214534699917
2026-05-14 15:54:21.648184+02:00,-0.002322032116353512
2026-05-14 15:54:21.663809+02:00,-0.0005540612619370222
2026-05-14 15:54:21.679434+02:00,0.0007421756163239479
2026-05-14 15:54:21.695059+02:00,0.0016940836794674397
2026-05-14 15:54:21.710684+02:00,0.002462498378008604
2026-05-14 15:54:21.726309+02:00,0.003214477561414242
2026-05-14 15:54:21.741934+02:00,0.004098373465240002
2026-05-14 15:54:21.757559+02:00,0.005224011838436127
2026-05-14 15:54:21.773184+02:00,0.006651267409324646
2026-05-14 15:54:21.788809+02:00,0.008386452682316303
2026-05-14 15:54:21.804434+02:00,0.01037716493010521
2026-05-14 15:54:21.820059+02:00,0.012499566189944744
2026-05-14 15:54:21.835684+02:00,0.014546781778335571
2026-05-14 15:54:21.851309+02:00,0.01623561978340149
2026-05-14 15:54:21.866934+02:00,0.017242873087525368
2026-05-14 15:54:21.882559+02:00,0.017265604808926582
2026-05-14 15:54:21.898184+02:00,0.01608627289533615
2026-05-14 15:54:21.913809+02:00,0.013624877668917179
2026-05-14 15:54:21.929434+02:00,0.009967224672436714
2026-05-14 15:54:21.945059+02:00,0.005362805910408497
2026-05-14 15:54:21.960684+02:00,0.00019277387764304876
2026-05-14 15:54:21.976309+02:00,-0.005084415432065725
2026-05-14 15:54:21.991934+02:00,-0.009997883811593056
2026-05-14 15:54:22.007559+02:00,-0.01412544958293438
2026-05-14 15:54:22.023184+02:00,-0.01714131236076355
2026-05-14 15:54:22.038809+02:00,-0.018848121166229248
2026-05-14 15:54:22.054434+02:00,-0.019191913306713104
2026-05-14 15:54:22.070059+02:00,-0.01825748197734356
2026-05-14 15:54:22.085684+02:00,-0.016245372593402863
2026-05-14 15:54:22.101309+02:00,-0.013435674831271172
2026-05-14 15:54:22.116934+02:00,-0.010145924054086208
2026-05-14 15:54:22.132559+02:00,-0.006690485402941704
2026-05-14 15:54:22.148184+02:00,-0.003345771227031946
2026-05-14 15:54:22.163809+02:00,-0.00032267533242702484
2026-05-14 15:54:22.179434+02:00,0.0022516478784382343
2026-05-14 15:54:22.195059+02:00,0.004337560385465622
2026-05-14 15:54:22.210684+02:00,0.0059708356857299805
2026-05-14 15:54:22.226309+02:00,0.007242521736770868
2026-05-14 15:54:22.241934+02:00,0.008278043940663338
2026-05-14 15:54:22.257559+02:00,0.009215142577886581
2026-05-14 15:54:22.273184+02:00,0.010181774385273457
2026-05-14 15:54:22.288809+02:00,0.011279679834842682
2026-05-14 15:54:22.304434+02:00,0.012574709951877594
2026-05-14 15:54:22.320059+02:00,0.014088538475334644
2026-05-14 15:54:22.335684+02:00,0.015785029157996178
2026-05-14 15:54:22.351309+02:00,0.01755072921514511
2026-05-14 15:54:22.366934+02:00,0.0191832035779953
2026-05-14 15:54:22.382559+02:00,0.020405052229762077
2026-05-14 15:54:22.398184+02:00,0.020906222984194756
2026-05-14 15:54:22.413809+02:00,0.02040410041809082
2026-05-14 15:54:22.429434+02:00,0.018708478659391403
2026-05-14 15:54:22.445059+02:00,0.015773998573422432
2026-05-14 15:54:22.460684+02:00,0.011721858754754066
2026-05-14 15:54:22.476309+02:00,0.006826683878898621
2026-05-14 15:54:22.491934+02:00,0.0014768445398658514
2026-05-14 15:54:22.507559+02:00,-0.003882388584315777
2026-05-14 15:54:22.523184+02:00,-0.008810442872345448
2026-05-14 15:54:22.538809+02:00,-0.012924836948513985
2026-05-14 15:54:22.554434+02:00,-0.01594056747853756
2026-05-14 15:54:22.570059+02:00,-0.01769370026886463
2026-05-14 15:54:22.585684+02:00,-0.018149327486753464
2026-05-14 15:54:22.601309+02:00,-0.017394747585058212
2026-05-14 15:54:22.616934+02:00,-0.015617629513144493
2026-05-14 15:54:22.632559+02:00,-0.013072781264781952
2026-05-14 15:54:22.648184+02:00,-0.010046020150184631
2026-05-14 15:54:22.663809+02:00,-0.0068209124729037285
2026-05-14 15:54:22.679434+02:00,-0.003649381920695305
2026-05-14 15:54:22.695059+02:00,-0.0007281363941729069
2026-05-14 15:54:22.710684+02:00,0.0018167858943343163
2026-05-14 15:54:22.726309+02:00,0.003936667460948229
2026-05-14 15:54:22.741934+02:00,0.005655560176819563
2026-05-14 15:54:22.757559+02:00,0.007053782232105732
2026-05-14 15:54:22.773184+02:00,0.00824524275958538
2026-05-14 15:54:22.788809+02:00,0.009356292895972729
2026-05-14 15:54:22.804434+02:00,0.010507576167583466
2026-05-14 15:54:22.820059+02:00,0.011796711012721062
2026-05-14 15:54:22.835684+02:00,0.013284046202898026
2026-05-14 15:54:22.851309+02:00,0.014984670095145702
2026-05-14 15:54:22.866934+02:00,0.01686231419444084
2026-05-14 15:54:22.882559+02:00,0.018816722556948662
2026-05-14 15:54:22.898184+02:00,0.020668096840381622
2026-05-14 15:54:22.913809+02:00,0.02215786650776863
2026-05-14 15:54:22.929434+02:00,0.022979527711868286
2026-05-14 15:54:22.945059+02:00,0.022833924740552902
2026-05-14 15:54:22.960684+02:00,0.02149275690317154
2026-05-14 15:54:22.976309+02:00,0.018854184076189995
2026-05-14 15:54:22.991934+02:00,0.014976347796618938
2026-05-14 15:54:23.007559+02:00,0.01007847860455513
2026-05-14 15:54:23.023184+02:00,0.004509707912802696
2026-05-14 15:54:23.038809+02:00,-0.0013025272637605667
2026-05-14 15:54:23.054434+02:00,-0.006909938529133797
2026-05-14 15:54:23.070059+02:00,-0.011896991170942783
2026-05-14 15:54:23.085684+02:00,-0.015924610197544098
2026-05-14 15:54:23.101309+02:00,-0.018759777769446373
2026-05-14 15:54:23.116934+02:00,-0.020290162414312363
2026-05-14 15:54:23.132559+02:00,-0.020525677129626274
2026-05-14 15:54:23.148184+02:00,-0.019588254392147064
2026-05-14 15:54:23.163809+02:00,-0.017689790576696396
2026-05-14 15:54:23.179434+02:00,-0.01510034129023552
2026-05-14 15:54:23.195059+02:00,-0.012111764401197433
2026-05-14 15:54:23.210684+02:00,-0.009001970291137695
2026-05-14 15:54:23.226309+02:00,-0.006004954222589731
2026-05-14 15:54:23.241934+02:00,-0.0032909568399190903
2026-05-14 15:54:23.257559+02:00,-0.0009567303350195289
2026-05-14 15:54:23.273184+02:00,0.0009761314140632749
2026-05-14 15:54:23.288809+02:00,0.002552923047915101
2026-05-14 15:54:23.304434+02:00,0.0038656601682305336
2026-05-14 15:54:23.320059+02:00,0.005027287174016237
2026-05-14 15:54:23.335684+02:00,0.006150180473923683
2026-05-14 15:54:23.351309+02:00,0.0073321787640452385
2026-05-14 15:54:23.366934+02:00,0.008647174574434757
2026-05-14 15:54:23.382559+02:00,0.010138521902263165
2026-05-14 15:54:23.398184+02:00,0.011816227808594704
2026-05-14 15:54:23.413809+02:00,0.013656407594680786
2026-05-14 15:54:23.429434+02:00,0.015595286153256893
2026-05-14 15:54:23.445059+02:00,0.017513718456029892
2026-05-14 15:54:23.460684+02:00,0.01922384649515152
2026-05-14 15:54:23.476309+02:00,0.020474785938858986
2026-05-14 15:54:23.491934+02:00,0.020983342081308365
2026-05-14 15:54:23.507559+02:00,0.02048439159989357
2026-05-14 15:54:23.523184+02:00,0.018787644803524017
2026-05-14 15:54:23.538809+02:00,0.015825431793928146
2026-05-14 15:54:23.554434+02:00,0.011680100113153458
2026-05-14 15:54:23.570059+02:00,0.006583886221051216
2026-05-14 15:54:23.585684+02:00,0.0008904058486223221
2026-05-14 15:54:23.601309+02:00,-0.004974351730197668
2026-05-14 15:54:23.616934+02:00,-0.010568872094154358
2026-05-14 15:54:23.632559+02:00,-0.015489832498133183
2026-05-14 15:54:23.648184+02:00,-0.019416414201259613
2026-05-14 15:54:23.663809+02:00,-0.022139931097626686
2026-05-14 15:54:23.679434+02:00,-0.023575088009238243
2026-05-14 15:54:23.695059+02:00,-0.023755881935358047
2026-05-14 15:54:23.710684+02:00,-0.022820472717285156
2026-05-14 15:54:23.726309+02:00,-0.02098686248064041
2026-05-14 15:54:23.741934+02:00,-0.01852175034582615
2026-05-14 15:54:23.757559+02:00,-0.01570533961057663
2026-05-14 15:54:23.773184+02:00,-0.012797139585018158
2026-05-14 15:54:23.788809+02:00,-0.010009774938225746
2026-05-14 15:54:23.804434+02:00,-0.007492808159440756
2026-05-14 15:54:23.820059+02:00,-0.005324933677911758
2026-05-14 15:54:23.835684+02:00,-0.003515539923682809
2026-05-14 15:54:23.851309+02:00,-0.0020162989385426044
2026-05-14 15:54:23.866934+02:00,-0.0007399390451610088
2026-05-14 15:54:23.882559+02:00,0.0004171621985733509
2026-05-14 15:54:23.898184+02:00,0.001553849782794714
2026-05-14 15:54:23.913809+02:00,0.002750065643340349
2026-05-14 15:54:23.929434+02:00,0.00405951077118516
2026-05-14 15:54:23.945059+02:00,0.005506471730768681
2026-05-14 15:54:23.960684+02:00,0.007086941972374916
2026-05-14 15:54:23.976309+02:00,0.008774172514677048
2026-05-14 15:54:23.991934+02:00,0.010525806806981564
2026-05-14 15:54:24.007559+02:00,0.012289604172110558
2026-05-14 15:54:24.023184+02:00,0.014006488025188446
2026-05-14 15:54:24.038809+02:00,0.015607232227921486
2026-05-14 15:54:24.054434+02:00,0.01699989102780819
2026-05-14 15:54:24.070059+02:00,0.01805359311401844
2026-05-14 15:54:24.085684+02:00,0.01858910173177719
2026-05-14 15:54:24.101309+02:00,0.018388018012046814
2026-05-14 15:54:24.116934+02:00,0.017229069024324417
2026-05-14 15:54:24.132559+02:00,0.014943324029445648
2026-05-14 15:54:24.148184+02:00,0.011466654017567635
2026-05-14 15:54:24.163809+02:00,0.00687243789434433
2026-05-14 15:54:24.179434+02:00,0.0013771820813417435
2026-05-14 15:54:24.195059+02:00,-0.004682515747845173
2026-05-14 15:54:24.210684+02:00,-0.010895619168877602
2026-05-14 15:54:24.226309+02:00,-0.016832830384373665
2026-05-14 15:54:24.241934+02:00,-0.022099923342466354
2026-05-14 15:54:24.257559+02:00,-0.0263785682618618
2026-05-14 15:54:24.273184+02:00,-0.029454028233885765
2026-05-14 15:54:24.288809+02:00,-0.031230151653289795
2026-05-14 15:54:24.304434+02:00,-0.03172798454761505
2026-05-14 15:54:24.320059+02:00,-0.031070809811353683
2026-05-14 15:54:24.335684+02:00,-0.02946189045906067
2026-05-14 15:54:24.351309+02:00,-0.02715633437037468
2026-05-14 15:54:24.366934+02:00,-0.024428319185972214
2026-05-14 15:54:24.382559+02:00,-0.021537665277719498
2026-05-14 15:54:24.398184+02:00,-0.01870127022266388
2026-05-14 15:54:24.413809+02:00,-0.016073420643806458
2026-05-14 15:54:24.429434+02:00,-0.013736454769968987
2026-05-14 15:54:24.445059+02:00,-0.011703001335263252
2026-05-14 15:54:24.460684+02:00,-0.009928103536367416
2026-05-14 15:54:24.476309+02:00,-0.008326688781380653
2026-05-14 15:54:24.491934+02:00,-0.006793809588998556
2026-05-14 15:54:24.507559+02:00,-0.005225967150181532
2026-05-14 15:54:24.523184+02:00,-0.0035397906322032213
2026-05-14 15:54:24.538809+02:00,-0.0016837508883327246
2026-05-14 15:54:24.554434+02:00,0.0003578700125217438
2026-05-14 15:54:24.570059+02:00,0.0025661401450634003
2026-05-14 15:54:24.585684+02:00,0.0048932163044810295
2026-05-14 15:54:24.601309+02:00,0.007272220682352781
2026-05-14 15:54:24.616934+02:00,0.009627087041735649
2026-05-14 15:54:24.632559+02:00,0.011881161481142044
2026-05-14 15:54:24.648184+02:00,0.013966402038931847
2026-05-14 15:54:24.663809+02:00,0.015828851610422134
2026-05-14 15:54:24.679434+02:00,0.01742192544043064
2026-05-14 15:54:24.695059+02:00,0.0186857171356678
2026-05-14 15:54:24.710684+02:00,0.01952308788895607
2026-05-14 15:54:24.726309+02:00,0.01979033276438713
2026-05-14 15:54:24.741934+02:00,0.019312653690576553
2026-05-14 15:54:24.757559+02:00,0.01792176440358162
2026-05-14 15:54:24.773184+02:00,0.015505916438996792
2026-05-14 15:54:24.788809+02:00,0.012056613340973854
2026-05-14 15:54:24.804434+02:00,0.007694407366216183
2026-05-14 15:54:24.820059+02:00,0.002663847990334034
2026-05-14 15:54:24.835684+02:00,-0.002699295524507761
2026-05-14 15:54:24.851309+02:00,-0.008015109226107597
2026-05-14 15:54:24.866934+02:00,-0.012908955104649067
2026-05-14 15:54:24.882559+02:00,-0.017055947333574295
2026-05-14 15:54:24.898184+02:00,-0.020214246585965157
2026-05-14 15:54:24.913809+02:00,-0.022244207561016083
2026-05-14 15:54:24.929434+02:00,-0.023113377392292023
2026-05-14 15:54:24.945059+02:00,-0.022888708859682083
2026-05-14 15:54:24.960684+02:00,-0.02171934023499489
2026-05-14 15:54:24.976309+02:00,-0.01981329172849655
2026-05-14 15:54:24.991934+02:00,-0.017410442233085632
2026-05-14 15:54:25.007559+02:00,-0.014753678813576698
2026-05-14 15:54:25.023184+02:00,-0.012061072513461113
2026-05-14 15:54:25.038809+02:00,-0.009504103101789951
2026-05-14 15:54:25.054434+02:00,-0.007194934878498316
2026-05-14 15:54:25.070059+02:00,-0.00518164923414588
2026-05-14 15:54:25.085684+02:00,-0.003450690070167184
2026-05-14 15:54:25.101309+02:00,-0.0019381067249923944
2026-05-14 15:54:25.116934+02:00,-0.0005501804407685995
2026-05-14 15:54:25.132559+02:00,0.000812961719930172
2026-05-14 15:54:25.148184+02:00,0.0022399805020540953
2026-05-14 15:54:25.163809+02:00,0.003798447083681822
2026-05-14 15:54:25.179434+02:00,0.005528497509658337
2026-05-14 15:54:25.195059+02:00,0.007439516484737396
2026-05-14 15:54:25.210684+02:00,0.009511921554803848
2026-05-14 15:54:25.226309+02:00,0.011703096330165863
2026-05-14 15:54:25.241934+02:00,0.013954191468656063
2026-05-14 15:54:25.257559+02:00,0.01619737595319748
2026-05-14 15:54:25.273184+02:00,0.01836394891142845
2026-05-14 15:54:25.288809+02:00,0.020390061661601067
2026-05-14 15:54:25.304434+02:00,0.02221740037202835
2026-05-14 15:54:25.320059+02:00,0.0237869992852211
2026-05-14 15:54:25.335684+02:00,0.02502278797328472
2026-05-14 15:54:25.351309+02:00,0.02581194043159485
2026-05-14 15:54:25.366934+02:00,0.025999898090958595
2026-05-14 15:54:25.382559+02:00,0.025409381836652756
2026-05-14 15:54:25.398184+02:00,0.023879213258624077
2026-05-14 15:54:25.413809+02:00,0.021310755982995033
2026-05-14 15:54:25.429434+02:00,0.01770685613155365
2026-05-14 15:54:25.445059+02:00,0.013191768899559975
2026-05-14 15:54:25.460684+02:00,0.008007105439901352
2026-05-14 15:54:25.476309+02:00,0.0024848575703799725
2026-05-14 15:54:25.491934+02:00,-0.002996956929564476
2026-05-14 15:54:25.507559+02:00,-0.008066006004810333
2026-05-14 15:54:25.523184+02:00,-0.012402091175317764
2026-05-14 15:54:25.538809+02:00,-0.01576947793364525
2026-05-14 15:54:25.554434+02:00,-0.01803431659936905
2026-05-14 15:54:25.570059+02:00,-0.019169483333826065
2026-05-14 15:54:25.585684+02:00,-0.019246811047196388
2026-05-14 15:54:25.601309+02:00,-0.018418021500110626
2026-05-14 15:54:25.616934+02:00,-0.016889022663235664
2026-05-14 15:54:25.632559+02:00,-0.014892052859067917
2026-05-14 15:54:25.648184+02:00,-0.012659018859267235
2026-05-14 15:54:25.663809+02:00,-0.010397758334875107
2026-05-14 15:54:25.679434+02:00,-0.008272247388958931
2026-05-14 15:54:25.695059+02:00,-0.006389004178345203
2026-05-14 15:54:25.710684+02:00,-0.004792402032762766
2026-05-14 15:54:25.726309+02:00,-0.0034690839238464832
2026-05-14 15:54:25.741934+02:00,-0.0023594575468450785
2026-05-14 15:54:25.757559+02:00,-0.0013751308433711529
2026-05-14 15:54:25.773184+02:00,-0.0004186978912912309
2026-05-14 15:54:25.788809+02:00,0.0006002848967909813
2026-05-14 15:54:25.804434+02:00,0.0017539936816319823
2026-05-14 15:54:25.820059+02:00,0.003087263321503997
2026-05-14 15:54:25.835684+02:00,0.004611286800354719
2026-05-14 15:54:25.851309+02:00,0.006302999332547188
2026-05-14 15:54:25.866934+02:00,0.008111786097288132
2026-05-14 15:54:25.882559+02:00,0.009971292689442635
2026-05-14 15:54:25.898184+02:00,0.011811968870460987
2026-05-14 15:54:25.913809+02:00,0.013570603914558887
2026-05-14 15:54:25.929434+02:00,0.015195430256426334
2026-05-14 15:54:25.945059+02:00,0.016646498814225197
2026-05-14 15:54:25.960684+02:00,0.01788792759180069
2026-05-14 15:54:25.976309+02:00,0.018868787214159966
2026-05-14 15:54:25.991934+02:00,0.019499965012073517
2026-05-14 15:54:26.007559+02:00,0.01964307576417923
2026-05-14 15:54:26.023184+02:00,0.019122594967484474
2026-05-14 15:54:26.038809+02:00,0.01776152104139328
2026-05-14 15:54:26.054434+02:00,0.015430931001901627
2026-05-14 15:54:26.070059+02:00,0.012096403166651726
2026-05-14 15:54:26.085684+02:00,0.007845020852982998
2026-05-14 15:54:26.101309+02:00,0.0028855185955762863
2026-05-14 15:54:26.116934+02:00,-0.0024756109341979027
2026-05-14 15:54:26.132559+02:00,-0.007874694652855396
2026-05-14 15:54:26.148184+02:00,-0.012940959073603153
2026-05-14 15:54:26.163809+02:00,-0.017345041036605835
2026-05-14 15:54:26.179434+02:00,-0.020834460854530334
2026-05-14 15:54:26.195059+02:00,-0.02325335144996643
2026-05-14 15:54:26.210684+02:00,-0.024548470973968506
2026-05-14 15:54:26.226309+02:00,-0.02476378157734871
2026-05-14 15:54:26.241934+02:00,-0.024027179926633835
2026-05-14 15:54:26.257559+02:00,-0.022529808804392815
2026-05-14 15:54:26.273184+02:00,-0.020499050617218018
2026-05-14 15:54:26.288809+02:00,-0.018171023577451706
2026-05-14 15:54:26.304434+02:00,-0.0157646331936121
2026-05-14 15:54:26.320059+02:00,-0.013457881286740303
2026-05-14 15:54:26.335684+02:00,-0.011372027918696404
2026-05-14 15:54:26.351309+02:00,-0.009566690772771835
2026-05-14 15:54:26.366934+02:00,-0.008043588139116764
2026-05-14 15:54:26.382559+02:00,-0.0067559415474534035
2026-05-14 15:54:26.398184+02:00,-0.005622612312436104
2026-05-14 15:54:26.413809+02:00,-0.004546208307147026
2026-05-14 15:54:26.429434+02:00,-0.0034316731616854668
2026-05-14 15:54:26.445059+02:00,-0.002200979506596923
2026-05-14 15:54:26.460684+02:00,-0.0008022699039429426
2026-05-14 15:54:26.476309+02:00,0.0007862775819376111
2026-05-14 15:54:26.491934+02:00,0.0025572541635483503
2026-05-14 15:54:26.507559+02:00,0.004477319307625294
2026-05-14 15:54:26.523184+02:00,0.0064924852922558784
2026-05-14 15:54:26.538809+02:00,0.00853781308978796
2026-05-14 15:54:26.554434+02:00,0.010548627935349941
2026-05-14 15:54:26.570059+02:00,0.012466661632061005
2026-05-14 15:54:26.585684+02:00,0.014240620657801628
2026-05-14 15:54:26.601309+02:00,0.015822289511561394
2026-05-14 15:54:26.616934+02:00,0.017155777662992477
2026-05-14 15:54:26.632559+02:00,0.0181607473641634
2026-05-14 15:54:26.648184+02:00,0.018717510625720024
2026-05-14 15:54:26.663809+02:00,0.018667122349143028
2026-05-14 15:54:26.679434+02:00,0.017836423590779305
2026-05-14 15:54:26.695059+02:00,0.016082286834716797
2026-05-14 15:54:26.710684+02:00,0.013337928801774979
2026-05-14 15:54:26.726309+02:00,0.009647117927670479
2026-05-14 15:54:26.741934+02:00,0.005176284816116095
2026-05-14 15:54:26.757559+02:00,0.0001988816075026989
2026-05-14 15:54:26.773184+02:00,-0.004943234845995903
2026-05-14 15:54:26.788809+02:00,-0.00988824013620615
2026-05-14 15:54:26.804434+02:00,-0.01429924089461565
2026-05-14 15:54:26.820059+02:00,-0.017898622900247574
2026-05-14 15:54:26.835684+02:00,-0.020492365583777428
2026-05-14 15:54:26.851309+02:00,-0.0219848845154047
2026-05-14 15:54:26.866934+02:00,-0.022381426766514778
2026-05-14 15:54:26.882559+02:00,-0.02177833579480648
2026-05-14 15:54:26.898184+02:00,-0.020344678312540054
2026-05-14 15:54:26.913809+02:00,-0.01829773746430874
2026-05-14 15:54:26.929434+02:00,-0.015876198187470436
2026-05-14 15:54:26.945059+02:00,-0.013313695788383484
2026-05-14 15:54:26.960684+02:00,-0.010812864638864994
2026-05-14 15:54:26.976309+02:00,-0.008524146862328053
2026-05-14 15:54:26.991934+02:00,-0.006535351742058992
2026-05-14 15:54:27.007559+02:00,-0.004872301127761602
2026-05-14 15:54:27.023184+02:00,-0.003507257206365466
2026-05-14 15:54:27.038809+02:00,-0.0023722415789961815
2026-05-14 15:54:27.054434+02:00,-0.0013745578471571207
2026-05-14 15:54:27.070059+02:00,-0.00041281350422650576
2026-05-14 15:54:27.085684+02:00,0.0006072050309740007
2026-05-14 15:54:27.101309+02:00,0.0017591143259778619
2026-05-14 15:54:27.116934+02:00,0.00308682257309556
2026-05-14 15:54:27.132559+02:00,0.004599848296493292
2026-05-14 15:54:27.148184+02:00,0.006274372339248657
2026-05-14 15:54:27.163809+02:00,0.008060747757554054
2026-05-14 15:54:27.179434+02:00,0.009895340539515018
2026-05-14 15:54:27.195059+02:00,0.011712581850588322
2026-05-14 15:54:27.210684+02:00,0.013453335501253605
2026-05-14 15:54:27.226309+02:00,0.015065200626850128
2026-05-14 15:54:27.241934+02:00,0.016490085050463676
2026-05-14 15:54:27.257559+02:00,0.017642758786678314
2026-05-14 15:54:27.273184+02:00,0.018394755199551582
2026-05-14 15:54:27.288809+02:00,0.018577847629785538
2026-05-14 15:54:27.304434+02:00,0.018011044710874557
2026-05-14 15:54:27.320059+02:00,0.016543464735150337
2026-05-14 15:54:27.335684+02:00,0.014100116677582264
2026-05-14 15:54:27.351309+02:00,0.010716373100876808
2026-05-14 15:54:27.366934+02:00,0.006549343466758728
2026-05-14 15:54:27.382559+02:00,0.0018639210611581802
2026-05-14 15:54:27.398184+02:00,-0.003001177217811346
2026-05-14 15:54:27.413809+02:00,-0.007681464310735464
2026-05-14 15:54:27.429434+02:00,-0.011837554164230824
2026-05-14 15:54:27.445059+02:00,-0.015194211155176163
2026-05-14 15:54:27.460684+02:00,-0.017564034089446068
2026-05-14 15:54:27.476309+02:00,-0.018860364332795143
2026-05-14 15:54:27.491934+02:00,-0.019098859280347824
2026-05-14 15:54:27.507559+02:00,-0.018386904150247574
2026-05-14 15:54:27.523184+02:00,-0.01690433919429779
2026-05-14 15:54:27.538809+02:00,-0.014876699075102806
2026-05-14 15:54:27.554434+02:00,-0.012544217519462109
2026-05-14 15:54:27.570059+02:00,-0.010134086012840271
2026-05-14 15:54:27.585684+02:00,-0.007838701829314232
2026-05-14 15:54:27.601309+02:00,-0.005799002014100552
2026-05-14 15:54:27.616934+02:00,-0.004094555042684078
2026-05-14 15:54:27.632559+02:00,-0.002742357086390257
2026-05-14 15:54:27.648184+02:00,-0.0017036059871315956
2026-05-14 15:54:27.663809+02:00,-0.000897575169801712
2026-05-14 15:54:27.679434+02:00,-0.00022050575353205204
2026-05-14 15:54:27.695059+02:00,0.00043547083623707294
2026-05-14 15:54:27.710684+02:00,0.0011664449702948332
2026-05-14 15:54:27.726309+02:00,0.0020443054381757975
2026-05-14 15:54:27.741934+02:00,0.003109944285824895
2026-05-14 15:54:27.757559+02:00,0.004373013041913509
2026-05-14 15:54:27.773184+02:00,0.005815422162413597
2026-05-14 15:54:27.788809+02:00,0.007396575063467026
2026-05-14 15:54:27.804434+02:00,0.0090589988976717
2026-05-14 15:54:27.820059+02:00,0.010731837712228298
2026-05-14 15:54:27.835684+02:00,0.012329029850661755
2026-05-14 15:54:27.851309+02:00,0.013740299269557
2026-05-14 15:54:27.866934+02:00,0.014820296317338943
2026-05-14 15:54:27.882559+02:00,0.015388498082756996
2026-05-14 15:54:27.898184+02:00,0.015248922631144524
2026-05-14 15:54:27.913809+02:00,0.014227701351046562
2026-05-14 15:54:27.929434+02:00,0.012219053693115711
2026-05-14 15:54:27.945059+02:00,0.009225140325725079
2026-05-14 15:54:27.960684+02:00,0.005373509135097265
2026-05-14 15:54:27.976309+02:00,0.000907116336748004
2026-05-14 15:54:27.991934+02:00,-0.0038457761984318495
2026-05-14 15:54:28.007559+02:00,-0.008514737710356712
2026-05-14 15:54:28.023184+02:00,-0.012736339122056961
2026-05-14 15:54:28.038809+02:00,-0.016199171543121338
2026-05-14 15:54:28.054434+02:00,-0.018676986917853355
2026-05-14 15:54:28.070059+02:00,-0.02004733309149742
2026-05-14 15:54:28.085684+02:00,-0.020296772941946983
2026-05-14 15:54:28.101309+02:00,-0.019515305757522583
2026-05-14 15:54:28.116934+02:00,-0.017879784107208252
2026-05-14 15:54:28.132559+02:00,-0.015625491738319397
2026-05-14 15:54:28.148184+02:00,-0.013011757284402847
2026-05-14 15:54:28.163809+02:00,-0.01028936356306076
2026-05-14 15:54:28.179434+02:00,-0.007673001382499933
2026-05-14 15:54:28.195059+02:00,-0.005320947617292404
2026-05-14 15:54:28.210684+02:00,-0.0033237822353839874
2026-05-14 15:54:28.226309+02:00,-0.0017031729221343994
2026-05-14 15:54:28.241934+02:00,-0.0004206695593893528
2026-05-14 15:54:28.257559+02:00,0.0006066411733627319
2026-05-14 15:54:28.273184+02:00,0.0014866762794554234
2026-05-14 15:54:28.288809+02:00,0.0023316037841141224
2026-05-14 15:54:28.304434+02:00,0.0032409331761300564
2026-05-14 15:54:28.320059+02:00,0.004290774930268526
2026-05-14 15:54:28.335684+02:00,0.005526581779122353
2026-05-14 15:54:28.351309+02:00,0.006960609927773476
2026-05-14 15:54:28.366934+02:00,0.008577333763241768
2026-05-14 15:54:28.382559+02:00,0.010341167449951172
2026-05-14 15:54:28.398184+02:00,0.012198664247989655
2026-05-14 15:54:28.413809+02:00,0.014075996354222298
2026-05-14 15:54:28.429434+02:00,0.015873372554779053
2026-05-14 15:54:28.445059+02:00,0.01745511218905449
2026-05-14 15:54:28.460684+02:00,0.018641870468854904
2026-05-14 15:54:28.476309+02:00,0.01921861432492733
2026-05-14 15:54:28.491934+02:00,0.018966518342494965
2026-05-14 15:54:28.507559+02:00,0.01771242544054985
2026-05-14 15:54:28.523184+02:00,0.015377458184957504
2026-05-14 15:54:28.538809+02:00,0.012007711455225945
2026-05-14 15:54:28.554434+02:00,0.007779757957905531
2026-05-14 15:54:28.570059+02:00,0.0029813884757459164
2026-05-14 15:54:28.585684+02:00,-0.002026188652962446
2026-05-14 15:54:28.601309+02:00,-0.006855911109596491
2026-05-14 15:54:28.616934+02:00,-0.011144046671688557
2026-05-14 15:54:28.632559+02:00,-0.0145920654758811
2026-05-14 15:54:28.648184+02:00,-0.016995958983898163
2026-05-14 15:54:28.663809+02:00,-0.018262192606925964
2026-05-14 15:54:28.679434+02:00,-0.0184077937155962
2026-05-14 15:54:28.695059+02:00,-0.017546668648719788
2026-05-14 15:54:28.710684+02:00,-0.01586911454796791
2026-05-14 15:54:28.726309+02:00,-0.013614356517791748
2026-05-14 15:54:28.741934+02:00,-0.011036931537091732
2026-05-14 15:54:28.757559+02:00,-0.008375967852771282
2026-05-14 15:54:28.773184+02:00,-0.0058316197246313095
2026-05-14 15:54:28.788809+02:00,-0.00354851596057415
2026-05-14 15:54:28.804434+02:00,-0.001607978716492653
2026-05-14 15:54:28.820059+02:00,-2.8111040592193604e-05
2026-05-14 15:54:28.835684+02:00,0.0012287739664316177
2026-05-14 15:54:28.851309+02:00,0.002241156529635191
2026-05-14 15:54:28.866934+02:00,0.003110856283456087
2026-05-14 15:54:28.882559+02:00,0.003946981858462095
2026-05-14 15:54:28.898184+02:00,0.004849804565310478
2026-05-14 15:54:28.913809+02:00,0.005896278657019138
2026-05-14 15:54:28.929434+02:00,0.007131996564567089
2026-05-14 15:54:28.945059+02:00,0.008569315075874329
2026-05-14 15:54:28.960684+02:00,0.01018863171339035
2026-05-14 15:54:28.976309+02:00,0.011943312361836433
2026-05-14 15:54:28.991934+02:00,0.01376862172037363
2026-05-14 15:54:29.007559+02:00,0.015587675385177135
2026-05-14 15:54:29.023184+02:00,0.017304643988609314
2026-05-14 15:54:29.038809+02:00,0.018787000328302383
2026-05-14 15:54:29.054434+02:00,0.019853871315717697
2026-05-14 15:54:29.070059+02:00,0.020287558436393738
2026-05-14 15:54:29.085684+02:00,0.01986853964626789
2026-05-14 15:54:29.101309+02:00,0.01842101663351059
2026-05-14 15:54:29.116934+02:00,0.015857575461268425
2026-05-14 15:54:29.132559+02:00,0.012213513255119324
2026-05-14 15:54:29.148184+02:00,0.007659767754375935
2026-05-14 15:54:29.163809+02:00,0.002488860860466957
2026-05-14 15:54:29.179434+02:00,-0.002923291875049472
2026-05-14 15:54:29.195059+02:00,-0.008170396089553833
2026-05-14 15:54:29.210684+02:00,-0.012870268896222115
2026-05-14 15:54:29.226309+02:00,-0.016710249707102776
2026-05-14 15:54:29.241934+02:00,-0.019476961344480515
2026-05-14 15:54:29.257559+02:00,-0.021066909655928612
2026-05-14 15:54:29.273184+02:00,-0.021483387798070908
2026-05-14 15:54:29.288809+02:00,-0.02082722634077072
2026-05-14 15:54:29.304434+02:00,-0.01927909068763256
2026-05-14 15:54:29.320059+02:00,-0.01707257702946663
2026-05-14 15:54:29.335684+02:00,-0.014465882442891598
2026-05-14 15:54:29.351309+02:00,-0.011714115738868713
2026-05-14 15:54:29.366934+02:00,-0.009040798991918564
2026-05-14 15:54:29.382559+02:00,-0.00661416444927454
2026-05-14 15:54:29.398184+02:00,-0.004533803090453148
2026-05-14 15:54:29.413809+02:00,-0.002828904427587986
2026-05-14 15:54:29.429434+02:00,-0.001467037945985794
2026-05-14 15:54:29.445059+02:00,-0.00036978162825107574
2026-05-14 15:54:29.460684+02:00,0.0005674781277775764
2026-05-14 15:54:29.476309+02:00,0.0014557959511876106
2026-05-14 15:54:29.491934+02:00,0.0023986129090189934
2026-05-14 15:54:29.507559+02:00,0.0034816102124750614
2026-05-14 15:54:29.523184+02:00,0.004762761760503054
2026-05-14 15:54:29.538809+02:00,0.006265727337449789
2026-05-14 15:54:29.554434+02:00,0.007980184629559517
2026-05-14 15:54:29.570059+02:00,0.009867358021438122
2026-05-14 15:54:29.585684+02:00,0.011867762543261051
2026-05-14 15:54:29.601309+02:00,0.01390586607158184
2026-05-14 15:54:29.616934+02:00,0.015882395207881927
2026-05-14 15:54:29.632559+02:00,0.01765514723956585
2026-05-14 15:54:29.648184+02:00,0.019025113433599472
2026-05-14 15:54:29.663809+02:00,0.019745884463191032
2026-05-14 15:54:29.679434+02:00,0.019563067704439163
2026-05-14 15:54:29.695059+02:00,0.018273182213306427
2026-05-14 15:54:29.710684+02:00,0.01577906683087349
2026-05-14 15:54:29.726309+02:00,0.012124642729759216
2026-05-14 15:54:29.741934+02:00,0.00750328041613102
2026-05-14 15:54:29.757559+02:00,0.002238424029201269
2026-05-14 15:54:29.773184+02:00,-0.003259599907323718
2026-05-14 15:54:29.788809+02:00,-0.008550992235541344
2026-05-14 15:54:29.804434+02:00,-0.01322497334331274
2026-05-14 15:54:29.820059+02:00,-0.016946207731962204
2026-05-14 15:54:29.835684+02:00,-0.0194848645478487
2026-05-14 15:54:29.851309+02:00,-0.02073322981595993
2026-05-14 15:54:29.866934+02:00,-0.0207086019217968
2026-05-14 15:54:29.882559+02:00,-0.019540958106517792
2026-05-14 15:54:29.898184+02:00,-0.017448987811803818
2026-05-14 15:54:29.913809+02:00,-0.014709330163896084
2026-05-14 15:54:29.929434+02:00,-0.011621451005339622
2026-05-14 15:54:29.945059+02:00,-0.008472597226500511
2026-05-14 15:54:29.960684+02:00,-0.0055077350698411465
2026-05-14 15:54:29.976309+02:00,-0.002907059621065855
2026-05-14 15:54:29.991934+02:00,-0.0007735835388302803
2026-05-14 15:54:30.007559+02:00,0.0008696648292243481
2026-05-14 15:54:30.023184+02:00,0.002073464449495077
2026-05-14 15:54:30.038809+02:00,0.0029446398839354515
2026-05-14 15:54:30.054434+02:00,0.0036198992747813463
2026-05-14 15:54:30.070059+02:00,0.004240318201482296
2026-05-14 15:54:30.085684+02:00,0.004931641276925802
2026-05-14 15:54:30.101309+02:00,0.00579035934060812
2026-05-14 15:54:30.116934+02:00,0.006874910555779934
2026-05-14 15:54:30.132559+02:00,0.008202777244150639
2026-05-14 15:54:30.148184+02:00,0.009753618389368057
2026-05-14 15:54:30.163809+02:00,0.011476913467049599
2026-05-14 15:54:30.179434+02:00,0.013300993479788303
2026-05-14 15:54:30.195059+02:00,0.015135850757360458
2026-05-14 15:54:30.210684+02:00,0.01686251536011696
2026-05-14 15:54:30.226309+02:00,0.018315989524126053
2026-05-14 15:54:30.241934+02:00,0.019280338659882545
2026-05-14 15:54:30.257559+02:00,0.01950777880847454
2026-05-14 15:54:30.273184+02:00,0.01875988394021988
2026-05-14 15:54:30.288809+02:00,0.01686030626296997
2026-05-14 15:54:30.304434+02:00,0.013743807561695576
2026-05-14 15:54:30.320059+02:00,0.009487052448093891
2026-05-14 15:54:30.335684+02:00,0.004312171600759029
2026-05-14 15:54:30.351309+02:00,-0.0014385068789124489
2026-05-14 15:54:30.366934+02:00,-0.007349520921707153
2026-05-14 15:54:30.382559+02:00,-0.012988073751330376
2026-05-14 15:54:30.398184+02:00,-0.01795627921819687
2026-05-14 15:54:30.413809+02:00,-0.021932709962129593
2026-05-14 15:54:30.429434+02:00,-0.02470121718943119
2026-05-14 15:54:30.445059+02:00,-0.026166774332523346
2026-05-14 15:54:30.460684+02:00,-0.02635715901851654
2026-05-14 15:54:30.476309+02:00,-0.025410456582903862
2026-05-14 15:54:30.491934+02:00,-0.02355116792023182
2026-05-14 15:54:30.507559+02:00,-0.02105705998837948
2026-05-14 15:54:30.523184+02:00,-0.01822039484977722
2026-05-14 15:54:30.538809+02:00,-0.015311605297029018
2026-05-14 15:54:30.554434+02:00,-0.01255079172551632
2026-05-14 15:54:30.570059+02:00,-0.010089060291647911
2026-05-14 15:54:30.585684+02:00,-0.008001811802387238
2026-05-14 15:54:30.601309+02:00,-0.0062925126403570175
2026-05-14 15:54:30.616934+02:00,-0.004904346540570259
2026-05-14 15:54:30.632559+02:00,-0.003738400060683489
2026-05-14 15:54:30.648184+02:00,-0.002674317453056574
2026-05-14 15:54:30.663809+02:00,-0.0015901410952210426
2026-05-14 15:54:30.679434+02:00,-0.0003802347928285599
2026-05-14 15:54:30.695059+02:00,0.0010320693254470825
2026-05-14 15:54:30.710684+02:00,0.0026887538842856884
2026-05-14 15:54:30.726309+02:00,0.004595354199409485
2026-05-14 15:54:30.741934+02:00,0.00672205351293087
2026-05-14 15:54:30.757559+02:00,0.009008409455418587
2026-05-14 15:54:30.773184+02:00,0.011365395970642567
2026-05-14 15:54:30.788809+02:00,0.01366637833416462
2026-05-14 15:54:30.804434+02:00,0.0157327800989151
2026-05-14 15:54:30.820059+02:00,0.017330927774310112
2026-05-14 15:54:30.835684+02:00,0.018191702663898468
2026-05-14 15:54:30.851309+02:00,0.01805412955582142
2026-05-14 15:54:30.866934+02:00,0.016722597181797028
2026-05-14 15:54:30.882559+02:00,0.014119692146778107
2026-05-14 15:54:30.898184+02:00,0.010318184271454811
2026-05-14 15:54:30.913809+02:00,0.005543270613998175
2026-05-14 15:54:30.929434+02:00,0.000145061407238245
2026-05-14 15:54:30.945059+02:00,-0.005450109019875526
2026-05-14 15:54:30.960684+02:00,-0.010796235874295235
2026-05-14 15:54:30.976309+02:00,-0.015480498783290386
2026-05-14 15:54:30.991934+02:00,-0.01916748285293579
2026-05-14 15:54:31.007559+02:00,-0.021632330492138863
2026-05-14 15:54:31.023184+02:00,-0.02277747169137001
2026-05-14 15:54:31.038809+02:00,-0.022631093859672546
2026-05-14 15:54:31.054434+02:00,-0.021331418305635452
2026-05-14 15:54:31.070059+02:00,-0.019100917503237724
2026-05-14 15:54:31.085684+02:00,-0.01621425524353981
2026-05-14 15:54:31.101309+02:00,-0.012963647954165936
2026-05-14 15:54:31.116934+02:00,-0.009624851867556572
2026-05-14 15:54:31.132559+02:00,-0.006427813321352005
2026-05-14 15:54:31.148184+02:00,-0.0035359738394618034
2026-05-14 15:54:31.163809+02:00,-0.0010367324575781822
2026-05-14 15:54:31.179434+02:00,0.0010571405291557312
2026-05-14 15:54:31.195059+02:00,0.002795930951833725
2026-05-14 15:54:31.210684+02:00,0.004272761754691601
2026-05-14 15:54:31.226309+02:00,0.005601558368653059
2026-05-14 15:54:31.241934+02:00,0.0068991356529295444
2026-05-14 15:54:31.257559+02:00,0.008270250633358955
2026-05-14 15:54:31.273184+02:00,0.00979420356452465
2026-05-14 15:54:31.288809+02:00,0.011516190133988857
2026-05-14 15:54:31.304434+02:00,0.013446065597236156
2026-05-14 15:54:31.320059+02:00,0.015561604872345924
2026-05-14 15:54:31.335684+02:00,0.017812978476285934
2026-05-14 15:54:31.351309+02:00,0.020127765834331512
2026-05-14 15:54:31.366934+02:00,0.022412287071347237
2026-05-14 15:54:31.382559+02:00,0.024542104452848434
2026-05-14 15:54:31.398184+02:00,0.026343178004026413
2026-05-14 15:54:31.413809+02:00,0.027581848204135895
2026-05-14 15:54:31.429434+02:00,0.02798398956656456
2026-05-14 15:54:31.445059+02:00,0.02728278748691082
2026-05-14 15:54:31.460684+02:00,0.02527792379260063
2026-05-14 15:54:31.476309+02:00,0.021890398114919662
2026-05-14 15:54:31.491934+02:00,0.01719975844025612
2026-05-14 15:54:31.507559+02:00,0.01145060732960701
2026-05-14 15:54:31.523184+02:00,0.0050239646807312965
2026-05-14 15:54:31.538809+02:00,-0.0016159149818122387
2026-05-14 15:54:31.554434+02:00,-0.007982328534126282
2026-05-14 15:54:31.570059+02:00,-0.01362380851060152
2026-05-14 15:54:31.585684+02:00,-0.018174350261688232
2026-05-14 15:54:31.601309+02:00,-0.02139080874621868
2026-05-14 15:54:31.616934+02:00,-0.023170892149209976
2026-05-14 15:54:31.632559+02:00,-0.023549694567918777
2026-05-14 15:54:31.648184+02:00,-0.022680018097162247
2026-05-14 15:54:31.663809+02:00,-0.02080361545085907
2026-05-14 15:54:31.679434+02:00,-0.018216058611869812
2026-05-14 15:54:31.695059+02:00,-0.015227824449539185
2026-05-14 15:54:31.710684+02:00,-0.012128075584769249
2026-05-14 15:54:31.726309+02:00,-0.009156339801847935
2026-05-14 15:54:31.741934+02:00,-0.006482922937721014
2026-05-14 15:54:31.757559+02:00,-0.004198276903480291
2026-05-14 15:54:31.773184+02:00,-0.0023140711709856987
2026-05-14 15:54:31.788809+02:00,-0.000776415690779686
2026-05-14 15:54:31.804434+02:00,0.0005144425667822361
2026-05-14 15:54:31.820059+02:00,0.0016822456382215023
2026-05-14 15:54:31.835684+02:00,0.0028521642088890076
2026-05-14 15:54:31.851309+02:00,0.004132281988859177
2026-05-14 15:54:31.866934+02:00,0.00560241611674428
2026-05-14 15:54:31.882559+02:00,0.007308341097086668
2026-05-14 15:54:31.898184+02:00,0.009259495884180069
2026-05-14 15:54:31.913809+02:00,0.011430611833930016
2026-05-14 15:54:31.929434+02:00,0.013767512515187263
2026-05-14 15:54:31.945059+02:00,0.016195377334952354
2026-05-14 15:54:31.960684+02:00,0.018625065684318542
2026-05-14 15:54:31.976309+02:00,0.020950298756361008
2026-05-14 15:54:31.991934+02:00,0.023033061996102333
2026-05-14 15:54:32.007559+02:00,0.02468736469745636
2026-05-14 15:54:32.023184+02:00,0.02567780762910843
2026-05-14 15:54:32.038809+02:00,0.025742577388882637
2026-05-14 15:54:32.054434+02:00,0.02463913895189762
2026-05-14 15:54:32.070059+02:00,0.02220159024000168
2026-05-14 15:54:32.085684+02:00,0.01839294470846653
2026-05-14 15:54:32.101309+02:00,0.013335728086531162
2026-05-14 15:54:32.116934+02:00,0.007311095483601093
2026-05-14 15:54:32.132559+02:00,0.0007268264889717102
2026-05-14 15:54:32.148184+02:00,-0.005937464069575071
2026-05-14 15:54:32.163809+02:00,-0.012195121496915817
2026-05-14 15:54:32.179434+02:00,-0.017612570896744728
2026-05-14 15:54:32.195059+02:00,-0.021854953840374947
2026-05-14 15:54:32.210684+02:00,-0.02471539005637169
2026-05-14 15:54:32.226309+02:00,-0.0261270459741354
2026-05-14 15:54:32.241934+02:00,-0.026156656444072723
2026-05-14 15:54:32.257559+02:00,-0.0249825119972229
2026-05-14 15:54:32.273184+02:00,-0.02286277711391449
2026-05-14 15:54:32.288809+02:00,-0.020100384950637817
2026-05-14 15:54:32.304434+02:00,-0.017008250579237938
2026-05-14 15:54:32.320059+02:00,-0.013874928466975689
2026-05-14 15:54:32.335684+02:00,-0.010933557525277138
2026-05-14 15:54:32.351309+02:00,-0.008341224864125252
2026-05-14 15:54:32.366934+02:00,-0.0061729662120342255
2026-05-14 15:54:32.382559+02:00,-0.00442832987755537
2026-05-14 15:54:32.398184+02:00,-0.0030455198138952255
2026-05-14 15:54:32.413809+02:00,-0.0019191753817722201
2026-05-14 15:54:32.429434+02:00,-0.0009204326779581606
2026-05-14 15:54:32.445059+02:00,8.229794912040234e-05
2026-05-14 15:54:32.460684+02:00,0.0012050640070810914
2026-05-14 15:54:32.476309+02:00,0.00253415759652853
2026-05-14 15:54:32.491934+02:00,0.004116638097912073
2026-05-14 15:54:32.507559+02:00,0.005957549903541803
2026-05-14 15:54:32.523184+02:00,0.008023584261536598
2026-05-14 15:54:32.538809+02:00,0.010250339284539223
2026-05-14 15:54:32.554434+02:00,0.012549320235848427
2026-05-14 15:54:32.570059+02:00,0.014807268977165222
2026-05-14 15:54:32.585684+02:00,0.016873836517333984
2026-05-14 15:54:32.601309+02:00,0.01854720339179039
2026-05-14 15:54:32.616934+02:00,0.01957445777952671
2026-05-14 15:54:32.632559+02:00,0.019678257405757904
2026-05-14 15:54:32.648184+02:00,0.01860814541578293
2026-05-14 15:54:32.663809+02:00,0.016200993210077286
2026-05-14 15:54:32.679434+02:00,0.012430503033101559
2026-05-14 15:54:32.695059+02:00,0.007431383710354567
2026-05-14 15:54:32.710684+02:00,0.001493239775300026
2026-05-14 15:54:32.726309+02:00,-0.004972741939127445
2026-05-14 15:54:32.741934+02:00,-0.011486093513667583
2026-05-14 15:54:32.757559+02:00,-0.017558332532644272
2026-05-14 15:54:32.773184+02:00,-0.022752750664949417
2026-05-14 15:54:32.788809+02:00,-0.026732292026281357
2026-05-14 15:54:32.804434+02:00,-0.02928975783288479
2026-05-14 15:54:32.820059+02:00,-0.030360937118530273
2026-05-14 15:54:32.835684+02:00,-0.030020812526345253
2026-05-14 15:54:32.851309+02:00,-0.028461454436182976
2026-05-14 15:54:32.866934+02:00,-0.025956425815820694
2026-05-14 15:54:32.882559+02:00,-0.02282107248902321
2026-05-14 15:54:32.898184+02:00,-0.019374733790755272
2026-05-14 15:54:32.913809+02:00,-0.0159077737480402
2026-05-14 15:54:32.929434+02:00,-0.012654956430196762
2026-05-14 15:54:32.945059+02:00,-0.009776268154382706
2026-05-14 15:54:32.960684+02:00,-0.0073481230065226555
2026-05-14 15:54:32.976309+02:00,-0.005366761237382889
2026-05-14 15:54:32.991934+02:00,-0.003762737149372697
2026-05-14 15:54:33.007559+02:00,-0.002422912046313286
2026-05-14 15:54:33.023184+02:00,-0.001213491428643465
2026-05-14 15:54:33.038809+02:00,2.974993549287319e-07
2026-05-14 15:54:33.054434+02:00,0.0013368431245908141
2026-05-14 15:54:33.070059+02:00,0.0028831439558416605
2026-05-14 15:54:33.085684+02:00,0.004686120431870222
2026-05-14 15:54:33.101309+02:00,0.006752002984285355
2026-05-14 15:54:33.116934+02:00,0.00905149057507515
2026-05-14 15:54:33.132559+02:00,0.011525656096637249
2026-05-14 15:54:33.148184+02:00,0.014084620401263237
2026-05-14 15:54:33.163809+02:00,0.01659504882991314
2026-05-14 15:54:33.179434+02:00,0.01886439509689808
2026-05-14 15:54:33.195059+02:00,0.020636843517422676
2026-05-14 15:54:33.210684+02:00,0.02161329798400402
2026-05-14 15:54:33.226309+02:00,0.021499019116163254
2026-05-14 15:54:33.241934+02:00,0.020067492499947548
2026-05-14 15:54:33.257559+02:00,0.01721816509962082
2026-05-14 15:54:33.273184+02:00,0.013011537492275238
2026-05-14 15:54:33.288809+02:00,0.007676299661397934
2026-05-14 15:54:33.304434+02:00,0.00158705934882164
2026-05-14 15:54:33.320059+02:00,-0.004784042481333017
2026-05-14 15:54:33.335684+02:00,-0.0109315887093544
2026-05-14 15:54:33.351309+02:00,-0.016382183879613876
2026-05-14 15:54:33.366934+02:00,-0.02074681967496872
2026-05-14 15:54:33.382559+02:00,-0.023756369948387146
2026-05-14 15:54:33.398184+02:00,-0.025282718241214752
2026-05-14 15:54:33.413809+02:00,-0.025342367589473724
2026-05-14 15:54:33.429434+02:00,-0.024079281836748123
2026-05-14 15:54:33.445059+02:00,-0.021734215319156647
2026-05-14 15:54:33.460684+02:00,-0.018610743805766106
2026-05-14 15:54:33.476309+02:00,-0.015039659105241299
2026-05-14 15:54:33.491934+02:00,-0.011340162716805935
2026-05-14 15:54:33.507559+02:00,-0.007782965898513794
2026-05-14 15:54:33.523184+02:00,-0.004564123228192329
2026-05-14 15:54:33.538809+02:00,-0.0017932886257767677
2026-05-14 15:54:33.554434+02:00,0.0005050427280366421
2026-05-14 15:54:33.570059+02:00,0.002379437442868948
2026-05-14 15:54:33.585684+02:00,0.003932026214897633
2026-05-14 15:54:33.601309+02:00,0.005295479204505682
2026-05-14 15:54:33.616934+02:00,0.006609855219721794
2026-05-14 15:54:33.632559+02:00,0.008002625778317451
2026-05-14 15:54:33.648184+02:00,0.009572343900799751
2026-05-14 15:54:33.663809+02:00,0.01137693040072918
2026-05-14 15:54:33.679434+02:00,0.01342981681227684
2026-05-14 15:54:33.695059+02:00,0.01570303738117218
2026-05-14 15:54:33.710684+02:00,0.018132509663701057
2026-05-14 15:54:33.726309+02:00,0.020619289949536324
2026-05-14 15:54:33.741934+02:00,0.023020559921860695
2026-05-14 15:54:33.757559+02:00,0.02513444796204567
2026-05-14 15:54:33.773184+02:00,0.02669632062315941
2026-05-14 15:54:33.788809+02:00,0.02740229293704033
2026-05-14 15:54:33.804434+02:00,0.026960453018546104
2026-05-14 15:54:33.820059+02:00,0.025155847892165184
2026-05-14 15:54:33.835684+02:00,0.02190890721976757
2026-05-14 15:54:33.851309+02:00,0.017309116199612617
2026-05-14 15:54:33.866934+02:00,0.011615552008152008
2026-05-14 15:54:33.882559+02:00,0.005226585082709789
2026-05-14 15:54:33.898184+02:00,-0.001373872859403491
2026-05-14 15:54:33.913809+02:00,-0.007682329043745995
2026-05-14 15:54:33.929434+02:00,-0.013238861225545406
2026-05-14 15:54:33.945059+02:00,-0.01767546683549881
2026-05-14 15:54:33.960684+02:00,-0.02074613608419895
2026-05-14 15:54:33.976309+02:00,-0.022341115400195122
2026-05-14 15:54:33.991934+02:00,-0.022487293928861618
2026-05-14 15:54:34.007559+02:00,-0.021334713324904442
2026-05-14 15:54:34.023184+02:00,-0.019129987806081772
2026-05-14 15:54:34.038809+02:00,-0.016179410740733147
2026-05-14 15:54:34.054434+02:00,-0.01280799601227045
2026-05-14 15:54:34.070059+02:00,-0.009321804158389568
2026-05-14 15:54:34.085684+02:00,-0.005977769382297993
2026-05-14 15:54:34.101309+02:00,-0.0029625927563756704
2026-05-14 15:54:34.116934+02:00,-0.00038247377960942686
2026-05-14 15:54:34.132559+02:00,0.0017355779418721795
2026-05-14 15:54:34.148184+02:00,0.0034340261481702328
2026-05-14 15:54:34.163809+02:00,0.004808247089385986
2026-05-14 15:54:34.179434+02:00,0.00598304346203804
2026-05-14 15:54:34.195059+02:00,0.007088193204253912
2026-05-14 15:54:34.210684+02:00,0.008239110000431538
2026-05-14 15:54:34.226309+02:00,0.009524047374725342
2026-05-14 15:54:34.241934+02:00,0.010998525656759739
2026-05-14 15:54:34.257559+02:00,0.012684682384133339
2026-05-14 15:54:34.273184+02:00,0.014571307227015495
2026-05-14 15:54:34.288809+02:00,0.01661522686481476
2026-05-14 15:54:34.304434+02:00,0.018744586035609245
2026-05-14 15:54:34.320059+02:00,0.02085515484213829
2026-05-14 15:54:34.335684+02:00,0.022794198244810104
2026-05-14 15:54:34.351309+02:00,0.024346379563212395
2026-05-14 15:54:34.366934+02:00,0.025241471827030182
2026-05-14 15:54:34.382559+02:00,0.025187784805893898
2026-05-14 15:54:34.398184+02:00,0.023923981934785843
2026-05-14 15:54:34.413809+02:00,0.0212801955640316
2026-05-14 15:54:34.429434+02:00,0.017232324928045273
2026-05-14 15:54:34.445059+02:00,0.011928847059607506
2026-05-14 15:54:34.460684+02:00,0.005680817179381847
2026-05-14 15:54:34.476309+02:00,-0.0010798582807183266
2026-05-14 15:54:34.491934+02:00,-0.007861490361392498
2026-05-14 15:54:34.507559+02:00,-0.01417788490653038
2026-05-14 15:54:34.523184+02:00,-0.019604654982686043
2026-05-14 15:54:34.538809+02:00,-0.02382039651274681
2026-05-14 15:54:34.554434+02:00,-0.02663262188434601
2026-05-14 15:54:34.570059+02:00,-0.02798645570874214
2026-05-14 15:54:34.585684+02:00,-0.02795528620481491
2026-05-14 15:54:34.601309+02:00,-0.02671954780817032
2026-05-14 15:54:34.616934+02:00,-0.024537935853004456
2026-05-14 15:54:34.632559+02:00,-0.02171318605542183
2026-05-14 15:54:34.648184+02:00,-0.018557116389274597
2026-05-14 15:54:34.663809+02:00,-0.015356657095253468
2026-05-14 15:54:34.679434+02:00,-0.012343693524599075
2026-05-14 15:54:34.695059+02:00,-0.00967576913535595
2026-05-14 15:54:34.710684+02:00,-0.007429672405123711
2026-05-14 15:54:34.726309+02:00,-0.005605323240160942
2026-05-14 15:54:34.741934+02:00,-0.004138479009270668
2026-05-14 15:54:34.757559+02:00,-0.002920307219028473
2026-05-14 15:54:34.773184+02:00,-0.0018202546052634716
2026-05-14 15:54:34.788809+02:00,-0.0007085315883159637
2026-05-14 15:54:34.804434+02:00,0.0005247360095381737
2026-05-14 15:54:34.820059+02:00,0.001956160180270672
2026-05-14 15:54:34.835684+02:00,0.0036237258464097977
2026-05-14 15:54:34.851309+02:00,0.005528319627046585
2026-05-14 15:54:34.866934+02:00,0.007638582959771156
2026-05-14 15:54:34.882559+02:00,0.009895543567836285
2026-05-14 15:54:34.898184+02:00,0.012209691107273102
2026-05-14 15:54:34.913809+02:00,0.014446196146309376
2026-05-14 15:54:34.929434+02:00,0.01640918105840683
2026-05-14 15:54:34.945059+02:00,0.017844047397375107
2026-05-14 15:54:34.960684+02:00,0.018466386944055557
2026-05-14 15:54:34.976309+02:00,0.018010027706623077
2026-05-14 15:54:34.991934+02:00,0.016283463686704636
2026-05-14 15:54:35.007559+02:00,0.01322319358587265
2026-05-14 15:54:35.023184+02:00,0.008926351554691792
2026-05-14 15:54:35.038809+02:00,0.0036506420001387596
2026-05-14 15:54:35.054434+02:00,-0.002217227593064308
2026-05-14 15:54:35.070059+02:00,-0.008215716108679771
2026-05-14 15:54:35.085684+02:00,-0.013870400376617908
2026-05-14 15:54:35.101309+02:00,-0.0187505092471838
2026-05-14 15:54:35.116934+02:00,-0.022515736520290375
2026-05-14 15:54:35.132559+02:00,-0.024950487539172173
2026-05-14 15:54:35.148184+02:00,-0.02597903087735176
2026-05-14 15:54:35.163809+02:00,-0.02565985918045044
2026-05-14 15:54:35.179434+02:00,-0.024165168404579163
2026-05-14 15:54:35.195059+02:00,-0.02175077795982361
2026-05-14 15:54:35.210684+02:00,-0.018719958141446114
2026-05-14 15:54:35.226309+02:00,-0.015385981649160385
2026-05-14 15:54:35.241934+02:00,-0.012038343586027622
2026-05-14 15:54:35.257559+02:00,-0.008915416896343231
2026-05-14 15:54:35.273184+02:00,-0.006183282472193241
2026-05-14 15:54:35.288809+02:00,-0.003922017756849527
2026-05-14 15:54:35.304434+02:00,-0.0021263109520077705
2026-05-14 15:54:35.320059+02:00,-0.000722755677998066
2026-05-14 15:54:35.335684+02:00,0.00040521053597331047
2026-05-14 15:54:35.351309+02:00,0.0013928771950304508
2026-05-14 15:54:35.366934+02:00,0.00237233005464077
2026-05-14 15:54:35.382559+02:00,0.0034549105912446976
2026-05-14 15:54:35.398184+02:00,0.00471953209489584
2026-05-14 15:54:35.413809+02:00,0.006207308731973171
2026-05-14 15:54:35.429434+02:00,0.007921967655420303
2026-05-14 15:54:35.445059+02:00,0.009833917021751404
2026-05-14 15:54:35.460684+02:00,0.011886382475495338
2026-05-14 15:54:35.476309+02:00,0.0139995152130723
2026-05-14 15:54:35.491934+02:00,0.016064487397670746
2026-05-14 15:54:35.507559+02:00,0.01792708970606327
2026-05-14 15:54:35.523184+02:00,0.01937459409236908
2026-05-14 15:54:35.538809+02:00,0.020143955945968628
2026-05-14 15:54:35.554434+02:00,0.01996057666838169
2026-05-14 15:54:35.570059+02:00,0.01859869621694088
2026-05-14 15:54:35.585684+02:00,0.01594097539782524
2026-05-14 15:54:35.601309+02:00,0.012018535286188126
2026-05-14 15:54:35.616934+02:00,0.007022460922598839
2026-05-14 15:54:35.632559+02:00,0.001284940168261528
2026-05-14 15:54:35.648184+02:00,-0.0047646164894104
2026-05-14 15:54:35.663809+02:00,-0.010657419450581074
2026-05-14 15:54:35.679434+02:00,-0.015944452956318855
2026-05-14 15:54:35.695059+02:00,-0.02024834230542183
2026-05-14 15:54:35.710684+02:00,-0.02330242097377777
2026-05-14 15:54:35.726309+02:00,-0.024972382932901382
2026-05-14 15:54:35.741934+02:00,-0.025260353460907936
2026-05-14 15:54:35.757559+02:00,-0.024293532595038414
2026-05-14 15:54:35.773184+02:00,-0.022299479693174362
2026-05-14 15:54:35.788809+02:00,-0.019572235643863678
2026-05-14 15:54:35.804434+02:00,-0.016433747485280037
2026-05-14 15:54:35.820059+02:00,-0.013193594291806221
2026-05-14 15:54:35.835684+02:00,-0.010113438591361046
2026-05-14 15:54:35.851309+02:00,-0.007383796852082014
2026-05-14 15:54:35.866934+02:00,-0.0051135108806192875
2026-05-14 15:54:35.882559+02:00,-0.003329164581373334
2026-05-14 15:54:35.898184+02:00,-0.001985021634027362
2026-05-14 15:54:35.913809+02:00,-0.00098141236230731
2026-05-14 15:54:35.929434+02:00,-0.00018607918173074722
2026-05-14 15:54:35.945059+02:00,0.000543633010238409
2026-05-14 15:54:35.960684+02:00,0.001339260023087263
2026-05-14 15:54:35.976309+02:00,0.0023048375733196735
2026-05-14 15:54:35.991934+02:00,0.003506715875118971
2026-05-14 15:54:36.007559+02:00,0.004968514200299978
2026-05-14 15:54:36.023184+02:00,0.0066740745678544044
2026-05-14 15:54:36.038809+02:00,0.008575694635510445
2026-05-14 15:54:36.054434+02:00,0.010595228523015976
2026-05-14 15:54:36.070059+02:00,0.012611971236765385
2026-05-14 15:54:36.085684+02:00,0.014447301626205444
2026-05-14 15:54:36.101309+02:00,0.015862634405493736
2026-05-14 15:54:36.116934+02:00,0.01658189296722412
2026-05-14 15:54:36.132559+02:00,0.01633923128247261
2026-05-14 15:54:36.148184+02:00,0.014939352869987488
2026-05-14 15:54:36.163809+02:00,0.012309975922107697
2026-05-14 15:54:36.179434+02:00,0.008530819788575172
2026-05-14 15:54:36.195059+02:00,0.003832838498055935
2026-05-14 15:54:36.210684+02:00,-0.00143075967207551
2026-05-14 15:54:36.226309+02:00,-0.006833191495388746
2026-05-14 15:54:36.241934+02:00,-0.011930757202208042
2026-05-14 15:54:36.257559+02:00,-0.016317402943968773
2026-05-14 15:54:36.273184+02:00,-0.019670218229293823
2026-05-14 15:54:36.288809+02:00,-0.02178080752491951
2026-05-14 15:54:36.304434+02:00,-0.022569341585040092
2026-05-14 15:54:36.320059+02:00,-0.022082451730966568
2026-05-14 15:54:36.335684+02:00,-0.020478587597608566
2026-05-14 15:54:36.351309+02:00,-0.018001766875386238
2026-05-14 15:54:36.366934+02:00,-0.014944645576179028
2026-05-14 15:54:36.382559+02:00,-0.011608585715293884
2026-05-14 15:54:36.398184+02:00,-0.008270302787423134
2026-05-14 15:54:36.413809+02:00,-0.00515709538012743
2026-05-14 15:54:36.429434+02:00,-0.0024281246587634087
2026-05-14 15:54:36.445059+02:00,-0.0001634468208067119
2026-05-14 15:54:36.460684+02:00,0.0016344713512808084
2026-05-14 15:54:36.476309+02:00,0.003027370199561119
2026-05-14 15:54:36.491934+02:00,0.004121224395930767
2026-05-14 15:54:36.507559+02:00,0.005044746212661266
2026-05-14 15:54:36.523184+02:00,0.005930155050009489
2026-05-14 15:54:36.538809+02:00,0.006895609200000763
2026-05-14 15:54:36.554434+02:00,0.008029167540371418
2026-05-14 15:54:36.570059+02:00,0.00937955267727375
2026-05-14 15:54:36.585684+02:00,0.010955882258713245
2026-05-14 15:54:36.601309+02:00,0.0127311572432518
2026-05-14 15:54:36.616934+02:00,0.014640378765761852
2026-05-14 15:54:36.632559+02:00,0.01656779646873474
2026-05-14 15:54:36.648184+02:00,0.018331903964281082
2026-05-14 15:54:36.663809+02:00,0.01968621462583542
2026-05-14 15:54:36.679434+02:00,0.020347917452454567
2026-05-14 15:54:36.695059+02:00,0.02005276270210743
2026-05-14 15:54:36.710684+02:00,0.018618296831846237
2026-05-14 15:54:36.726309+02:00,0.015991317108273506
2026-05-14 15:54:36.741934+02:00,0.012267552316188812
2026-05-14 15:54:36.757559+02:00,0.007685545366257429
2026-05-14 15:54:36.773184+02:00,0.0025977911427617073
2026-05-14 15:54:36.788809+02:00,-0.0025781397707760334
2026-05-14 15:54:36.804434+02:00,-0.007417399901896715
2026-05-14 15:54:36.820059+02:00,-0.011540750041604042
2026-05-14 15:54:36.835684+02:00,-0.014655929058790207
2026-05-14 15:54:36.851309+02:00,-0.016584256663918495
2026-05-14 15:54:36.866934+02:00,-0.017270619049668312
2026-05-14 15:54:36.882559+02:00,-0.016778379678726196
2026-05-14 15:54:36.898184+02:00,-0.015272022224962711
2026-05-14 15:54:36.913809+02:00,-0.012989896349608898
2026-05-14 15:54:36.929434+02:00,-0.010209656320512295
2026-05-14 15:54:36.945059+02:00,-0.007212301716208458
2026-05-14 15:54:36.960684+02:00,-0.0042516570538282394
2026-05-14 15:54:36.976309+02:00,-0.0015311995521187782
2026-05-14 15:54:36.991934+02:00,0.0008118159603327513
2026-05-14 15:54:37.007559+02:00,0.0027129584923386574
2026-05-14 15:54:37.023184+02:00,0.004177098162472248
2026-05-14 15:54:37.038809+02:00,0.005267289001494646
2026-05-14 15:54:37.054434+02:00,0.006088769529014826
2026-05-14 15:54:37.070059+02:00,0.006768601015210152
2026-05-14 15:54:37.085684+02:00,0.007433257065713406
2026-05-14 15:54:37.101309+02:00,0.008189654909074306
2026-05-14 15:54:37.116934+02:00,0.009112842381000519
2026-05-14 15:54:37.132559+02:00,0.010240175761282444
2026-05-14 15:54:37.148184+02:00,0.011571510694921017
2026-05-14 15:54:37.163809+02:00,0.013072562403976917
2026-05-14 15:54:37.179434+02:00,0.014674481004476547
2026-05-14 15:54:37.195059+02:00,0.01626460812985897
2026-05-14 15:54:37.210684+02:00,0.017673294991254807
2026-05-14 15:54:37.226309+02:00,0.018672073259949684
2026-05-14 15:54:37.241934+02:00,0.01899677887558937
2026-05-14 15:54:37.257559+02:00,0.01839550957083702
2026-05-14 15:54:37.273184+02:00,0.016688287258148193
2026-05-14 15:54:37.288809+02:00,0.013818515464663506
2026-05-14 15:54:37.304434+02:00,0.009878495708107948
2026-05-14 15:54:37.320059+02:00,0.005103026516735554
2026-05-14 15:54:37.335684+02:00,-0.00016319332644343376
2026-05-14 15:54:37.351309+02:00,-0.005514637101441622
2026-05-14 15:54:37.366934+02:00,-0.010539419949054718
2026-05-14 15:54:37.382559+02:00,-0.014867478981614113
2026-05-14 15:54:37.398184+02:00,-0.01820751652121544
2026-05-14 15:54:37.413809+02:00,-0.020373236387968063
2026-05-14 15:54:37.429434+02:00,-0.021297946572303772
2026-05-14 15:54:37.445059+02:00,-0.02103530988097191
2026-05-14 15:54:37.460684+02:00,-0.019744636490941048
2026-05-14 15:54:37.476309+02:00,-0.017662398517131805
2026-05-14 15:54:37.491934+02:00,-0.0150650255382061
2026-05-14 15:54:37.507559+02:00,-0.01223001629114151
2026-05-14 15:54:37.523184+02:00,-0.009404070675373077
2026-05-14 15:54:37.538809+02:00,-0.006782683078199625
2026-05-14 15:54:37.554434+02:00,-0.004497569520026445
2026-05-14 15:54:37.570059+02:00,-0.0026096997316926718
2026-05-14 15:54:37.585684+02:00,-0.001112487050704658
2026-05-14 15:54:37.601309+02:00,5.537937977351248e-05
2026-05-14 15:54:37.616934+02:00,0.0009933665860444307
2026-05-14 15:54:37.632559+02:00,0.0018197995377704501
2026-05-14 15:54:37.648184+02:00,0.002650751732289791
2026-05-14 15:54:37.663809+02:00,0.0035820764023810625
2026-05-14 15:54:37.679434+02:00,0.004678887780755758
2026-05-14 15:54:37.695059+02:00,0.005973492749035358
2026-05-14 15:54:37.710684+02:00,0.007468776777386665
2026-05-14 15:54:37.726309+02:00,0.00914259534329176
2026-05-14 15:54:37.741934+02:00,0.01094917394220829
2026-05-14 15:54:37.757559+02:00,0.01281248964369297
2026-05-14 15:54:37.773184+02:00,0.014610493555665016
2026-05-14 15:54:37.788809+02:00,0.016162067651748657
2026-05-14 15:54:37.804434+02:00,0.017233971506357193
2026-05-14 15:54:37.820059+02:00,0.017572324723005295
2026-05-14 15:54:37.835684+02:00,0.016949985176324844
2026-05-14 15:54:37.851309+02:00,0.015218398533761501
2026-05-14 15:54:37.866934+02:00,0.01235169917345047
2026-05-14 15:54:37.882559+02:00,0.008468848653137684
2026-05-14 15:54:37.898184+02:00,0.0038244458846747875
2026-05-14 15:54:37.913809+02:00,-0.0012273630127310753
2026-05-14 15:54:37.929434+02:00,-0.0062821609899401665
2026-05-14 15:54:37.945059+02:00,-0.010936295613646507
2026-05-14 15:54:37.960684+02:00,-0.014833590015769005
2026-05-14 15:54:37.976309+02:00,-0.017703896388411522
2026-05-14 15:54:37.991934+02:00,-0.019389711320400238
2026-05-14 15:54:38.007559+02:00,-0.019857745617628098
2026-05-14 15:54:38.023184+02:00,-0.01919388584792614
2026-05-14 15:54:38.038809+02:00,-0.017581695690751076
2026-05-14 15:54:38.054434+02:00,-0.01527051255106926
2026-05-14 15:54:38.070059+02:00,-0.012540988624095917
2026-05-14 15:54:38.085684+02:00,-0.009670186787843704
2026-05-14 15:54:38.101309+02:00,-0.006899690721184015
2026-05-14 15:54:38.116934+02:00,-0.004413553513586521
2026-05-14 15:54:38.132559+02:00,-0.0023272777907550335
2026-05-14 15:54:38.148184+02:00,-0.0006851464277133346
2026-05-14 15:54:38.163809+02:00,0.0005346691468730569
2026-05-14 15:54:38.179434+02:00,0.00140710873529315
2026-05-14 15:54:38.195059+02:00,0.0020412160083651543
2026-05-14 15:54:38.210684+02:00,0.0025595370680093765
2026-05-14 15:54:38.226309+02:00,0.003080220427364111
2026-05-14 15:54:38.241934+02:00,0.0037028342485427856
2026-05-14 15:54:38.257559+02:00,0.00449763098731637
2026-05-14 15:54:38.273184+02:00,0.005499519407749176
2026-05-14 15:54:38.288809+02:00,0.006708295084536076
2026-05-14 15:54:38.304434+02:00,0.008093219250440598
2026-05-14 15:54:38.320059+02:00,0.009594614617526531
2026-05-14 15:54:38.335684+02:00,0.011115693487226963
2026-05-14 15:54:38.351309+02:00,0.012508830055594444
2026-05-14 15:54:38.366934+02:00,0.013570706360042095
2026-05-14 15:54:38.382559+02:00,0.014059215784072876
2026-05-14 15:54:38.398184+02:00,0.013734403997659683
2026-05-14 15:54:38.413809+02:00,0.01241160836070776
2026-05-14 15:54:38.429434+02:00,0.010009143501520157
2026-05-14 15:54:38.445059+02:00,0.006578178144991398
2026-05-14 15:54:38.460684+02:00,0.002306684385985136
2026-05-14 15:54:38.476309+02:00,-0.002504258183762431
2026-05-14 15:54:38.491934+02:00,-0.007482202257961035
2026-05-14 15:54:38.507559+02:00,-0.012231172062456608
2026-05-14 15:54:38.523184+02:00,-0.016380105167627335
2026-05-14 15:54:38.538809+02:00,-0.019626429304480553
2026-05-14 15:54:38.554434+02:00,-0.021766627207398415
2026-05-14 15:54:38.570059+02:00,-0.02271164581179619
2026-05-14 15:54:38.585684+02:00,-0.022488731890916824
2026-05-14 15:54:38.601309+02:00,-0.021229175850749016
2026-05-14 15:54:38.616934+02:00,-0.0191452968865633
2026-05-14 15:54:38.632559+02:00,-0.016501640900969505
2026-05-14 15:54:38.648184+02:00,-0.013581215403974056
2026-05-14 15:54:38.663809+02:00,-0.01064971461892128
2026-05-14 15:54:38.679434+02:00,-0.007925054058432579
2026-05-14 15:54:38.695059+02:00,-0.005557669792324305
2026-05-14 15:54:38.710684+02:00,-0.0036236175801604986
2026-05-14 15:54:38.726309+02:00,-0.0021287603303790092
2026-05-14 15:54:38.741934+02:00,-0.0010192305780947208
2026-05-14 15:54:38.757559+02:00,-0.00019559869542717934
2026-05-14 15:54:38.773184+02:00,0.0004685991443693638
2026-05-14 15:54:38.788809+02:00,0.0011053233174607158
2026-05-14 15:54:38.804434+02:00,0.0018316361820325255
2026-05-14 15:54:38.820059+02:00,0.0027342913672327995
2026-05-14 15:54:38.835684+02:00,0.0038621649146080017
2026-05-14 15:54:38.851309+02:00,0.005226638168096542
2026-05-14 15:54:38.866934+02:00,0.006804737262427807
2026-05-14 15:54:38.882559+02:00,0.008536900393664837
2026-05-14 15:54:38.898184+02:00,0.01031555887311697
2026-05-14 15:54:38.913809+02:00,0.011972106993198395
2026-05-14 15:54:38.929434+02:00,0.013277375139296055
2026-05-14 15:54:38.945059+02:00,0.013964813202619553
2026-05-14 15:54:38.960684+02:00,0.013775665313005447
2026-05-14 15:54:38.976309+02:00,0.012517453171312809
2026-05-14 15:54:38.991934+02:00,0.01011693850159645
2026-05-14 15:54:39.007559+02:00,0.006648564711213112
2026-05-14 15:54:39.023184+02:00,0.002332325093448162
2026-05-14 15:54:39.038809+02:00,-0.0024953000247478485
2026-05-14 15:54:39.054434+02:00,-0.007428576238453388
2026-05-14 15:54:39.070059+02:00,-0.01204686239361763
2026-05-14 15:54:39.085684+02:00,-0.015968602150678635
2026-05-14 15:54:39.101309+02:00,-0.018898388370871544
2026-05-14 15:54:39.116934+02:00,-0.020657209679484367
2026-05-14 15:54:39.132559+02:00,-0.02119133621454239
2026-05-14 15:54:39.148184+02:00,-0.02056601643562317
2026-05-14 15:54:39.163809+02:00,-0.018948903307318687
2026-05-14 15:54:39.179434+02:00,-0.016582442447543144
2026-05-14 15:54:39.195059+02:00,-0.013748181983828545
2026-05-14 15:54:39.210684+02:00,-0.010729758068919182
2026-05-14 15:54:39.226309+02:00,-0.007779982872307301
2026-05-14 15:54:39.241934+02:00,-0.005096109583973885
2026-05-14 15:54:39.257559+02:00,-0.0028048790991306305
2026-05-14 15:54:39.273184+02:00,-0.0009568855166435242
2026-05-14 15:54:39.288809+02:00,0.00046905968338251114
2026-05-14 15:54:39.304434+02:00,0.001551695168018341
2026-05-14 15:54:39.320059+02:00,0.0024080341681838036
2026-05-14 15:54:39.335684+02:00,0.0031735380180180073
2026-05-14 15:54:39.351309+02:00,0.003981159999966621
2026-05-14 15:54:39.366934+02:00,0.004941246472299099
2026-05-14 15:54:39.382559+02:00,0.006127835251390934
2026-05-14 15:54:39.398184+02:00,0.007572895847260952
2026-05-14 15:54:39.413809+02:00,0.009267586283385754
2026-05-14 15:54:39.429434+02:00,0.011167094111442566
2026-05-14 15:54:39.445059+02:00,0.013190209865570068
2026-05-14 15:54:39.460684+02:00,0.015208162367343903
2026-05-14 15:54:39.476309+02:00,0.017032023519277573
2026-05-14 15:54:39.491934+02:00,0.018416378647089005
2026-05-14 15:54:39.507559+02:00,0.01908756047487259
2026-05-14 15:54:39.523184+02:00,0.01879124902188778
2026-05-14 15:54:39.538809+02:00,0.01734764873981476
2026-05-14 15:54:39.554434+02:00,0.014699824154376984
2026-05-14 15:54:39.570059+02:00,0.010941717773675919
2026-05-14 15:54:39.585684+02:00,0.0063177719712257385
2026-05-14 15:54:39.601309+02:00,0.0011929250322282314
2026-05-14 15:54:39.616934+02:00,-0.004000346176326275
2026-05-14 15:54:39.632559+02:00,-0.008823025040328503
2026-05-14 15:54:39.648184+02:00,-0.012884232215583324
2026-05-14 15:54:39.663809+02:00,-0.0158837903290987
2026-05-14 15:54:39.679434+02:00,-0.017640693113207817
2026-05-14 15:54:39.695059+02:00,-0.01810484007000923
2026-05-14 15:54:39.710684+02:00,-0.017351718619465828
2026-05-14 15:54:39.726309+02:00,-0.015563021413981915
2026-05-14 15:54:39.741934+02:00,-0.012996290810406208
2026-05-14 15:54:39.757559+02:00,-0.009946945123374462
2026-05-14 15:54:39.773184+02:00,-0.0067091453820466995
2026-05-14 15:54:39.788809+02:00,-0.0035429606214165688
2026-05-14 15:54:39.804434+02:00,-0.0006506098434329033
2026-05-14 15:54:39.820059+02:00,0.0018389374017715454
2026-05-14 15:54:39.835684+02:00,0.0038756821304559708
2026-05-14 15:54:39.851309+02:00,0.005482841283082962
2026-05-14 15:54:39.866934+02:00,0.006740759126842022
2026-05-14 15:54:39.882559+02:00,0.007764774840325117
2026-05-14 15:54:39.898184+02:00,0.008682048879563808
2026-05-14 15:54:39.913809+02:00,0.009611092507839203
2026-05-14 15:54:39.929434+02:00,0.010647570714354515
2026-05-14 15:54:39.945059+02:00,0.011857541278004646
2026-05-14 15:54:39.960684+02:00,0.013275201432406902
2026-05-14 15:54:39.976309+02:00,0.014901457354426384
2026-05-14 15:54:39.991934+02:00,0.016700491309165955
2026-05-14 15:54:40.007559+02:00,0.01859043352305889
2026-05-14 15:54:40.023184+02:00,0.020428424701094627
2026-05-14 15:54:40.038809+02:00,0.02200235240161419
2026-05-14 15:54:40.054434+02:00,0.02304375357925892
2026-05-14 15:54:40.070059+02:00,0.023266080766916275
2026-05-14 15:54:40.085684+02:00,0.022421661764383316
2026-05-14 15:54:40.101309+02:00,0.020361319184303284
2026-05-14 15:54:40.116934+02:00,0.01707720011472702
2026-05-14 15:54:40.132559+02:00,0.012716902419924736
2026-05-14 15:54:40.148184+02:00,0.0075682178139686584
2026-05-14 15:54:40.163809+02:00,0.00202069990336895
2026-05-14 15:54:40.179434+02:00,-0.003486864734441042
2026-05-14 15:54:40.195059+02:00,-0.008523218333721161
2026-05-14 15:54:40.210684+02:00,-0.012716442346572876
2026-05-14 15:54:40.226309+02:00,-0.01579342596232891
2026-05-14 15:54:40.241934+02:00,-0.017604481428861618
2026-05-14 15:54:40.257559+02:00,-0.018132265657186508
2026-05-14 15:54:40.273184+02:00,-0.017482221126556396
2026-05-14 15:54:40.288809+02:00,-0.015856795012950897
2026-05-14 15:54:40.304434+02:00,-0.013521261513233185
2026-05-14 15:54:40.320059+02:00,-0.010766890831291676
2026-05-14 15:54:40.335684+02:00,-0.007874897681176662
2026-05-14 15:54:40.351309+02:00,-0.005085662938654423
2026-05-14 15:54:40.366934+02:00,-0.002577562816441059
2026-05-14 15:54:40.382559+02:00,-0.00045668892562389374
2026-05-14 15:54:40.398184+02:00,0.001244083046913147
2026-05-14 15:54:40.413809+02:00,0.002558874897658825
2026-05-14 15:54:40.429434+02:00,0.0035748635418713093
2026-05-14 15:54:40.445059+02:00,0.004410312511026859
2026-05-14 15:54:40.460684+02:00,0.005191745702177286
2026-05-14 15:54:40.476309+02:00,0.006036341655999422
2026-05-14 15:54:40.491934+02:00,0.007037774659693241
2026-05-14 15:54:40.507559+02:00,0.008255262859165668
2026-05-14 15:54:40.523184+02:00,0.009708384051918983
2026-05-14 15:54:40.538809+02:00,0.011376041918992996
2026-05-14 15:54:40.554434+02:00,0.013192723505198956
2026-05-14 15:54:40.570059+02:00,0.015037141740322113
2026-05-14 15:54:40.585684+02:00,0.01672055944800377
2026-05-14 15:54:40.601309+02:00,0.017990542575716972
2026-05-14 15:54:40.616934+02:00,0.018559519201517105
2026-05-14 15:54:40.632559+02:00,0.01815444603562355
2026-05-14 15:54:40.648184+02:00,0.016574697569012642
2026-05-14 15:54:40.663809+02:00,0.013742229901254177
2026-05-14 15:54:40.679434+02:00,0.009729662910103798
2026-05-14 15:54:40.695059+02:00,0.004760147072374821
2026-05-14 15:54:40.710684+02:00,-0.0008178591961041093
2026-05-14 15:54:40.726309+02:00,-0.006575467064976692
2026-05-14 15:54:40.741934+02:00,-0.01206089835613966
2026-05-14 15:54:40.757559+02:00,-0.016857260838150978
2026-05-14 15:54:40.773184+02:00,-0.02062901481986046
2026-05-14 15:54:40.788809+02:00,-0.023153914138674736
2026-05-14 15:54:40.804434+02:00,-0.02434009499847889
2026-05-14 15:54:40.820059+02:00,-0.024226149544119835
2026-05-14 15:54:40.835684+02:00,-0.022965040057897568
2026-05-14 15:54:40.851309+02:00,-0.020797306671738625
2026-05-14 15:54:40.866934+02:00,-0.018016599118709564
2026-05-14 15:54:40.882559+02:00,-0.014929372817277908
2026-05-14 15:54:40.898184+02:00,-0.011817699298262596
2026-05-14 15:54:40.913809+02:00,-0.008912385441362858
2026-05-14 15:54:40.929434+02:00,-0.00637418357655406
2026-05-14 15:54:40.945059+02:00,-0.004282809793949127
2026-05-14 15:54:40.960684+02:00,-0.0026374985463917255
2026-05-14 15:54:40.976309+02:00,-0.0013692397624254227
2026-05-14 15:54:40.991934+02:00,-0.00036124326288700104
2026-05-14 15:54:41.007559+02:00,0.0005263937637209892
2026-05-14 15:54:41.023184+02:00,0.0014323117211461067
2026-05-14 15:54:41.038809+02:00,0.0024743482936173677
2026-05-14 15:54:41.054434+02:00,0.0037369250785559416
2026-05-14 15:54:41.070059+02:00,0.005265024956315756
2026-05-14 15:54:41.085684+02:00,0.00706236157566309
2026-05-14 15:54:41.101309+02:00,0.009089192375540733
2026-05-14 15:54:41.116934+02:00,0.011255770921707153
2026-05-14 15:54:41.132559+02:00,0.013410773128271103
2026-05-14 15:54:41.148184+02:00,0.015331103466451168
2026-05-14 15:54:41.163809+02:00,0.016728170216083527
2026-05-14 15:54:41.179434+02:00,0.017283111810684204
2026-05-14 15:54:41.195059+02:00,0.01670640893280506
2026-05-14 15:54:41.210684+02:00,0.01480388455092907
2026-05-14 15:54:41.226309+02:00,0.01152960304170847
2026-05-14 15:54:41.241934+02:00,0.00701036024838686
2026-05-14 15:54:41.257559+02:00,0.0015359374228864908
2026-05-14 15:54:41.273184+02:00,-0.004480315838009119
2026-05-14 15:54:41.288809+02:00,-0.010560254566371441
2026-05-14 15:54:41.304434+02:00,-0.016225159168243408
2026-05-14 15:54:41.320059+02:00,-0.02105237916111946
2026-05-14 15:54:41.335684+02:00,-0.02471836470067501
2026-05-14 15:54:41.351309+02:00,-0.027027029544115067
2026-05-14 15:54:41.366934+02:00,-0.02792174369096756
2026-05-14 15:54:41.382559+02:00,-0.027479486539959908
2026-05-14 15:54:41.398184+02:00,-0.02588878758251667
2026-05-14 15:54:41.413809+02:00,-0.023416142910718918
2026-05-14 15:54:41.429434+02:00,-0.020367883145809174
2026-05-14 15:54:41.445059+02:00,-0.017053239047527313
2026-05-14 15:54:41.460684+02:00,-0.013750923797488213
2026-05-14 15:54:41.476309+02:00,-0.010680894367396832
2026-05-14 15:54:41.491934+02:00,-0.00798489898443222
2026-05-14 15:54:41.507559+02:00,-0.005720064043998718
2026-05-14 15:54:41.523184+02:00,-0.0038661211729049683
2026-05-14 15:54:41.538809+02:00,-0.002342718653380871
2026-05-14 15:54:41.554434+02:00,-0.0010325098410248756
2026-05-14 15:54:41.570059+02:00,0.00019466876983642578
2026-05-14 15:54:41.585684+02:00,0.0014609135687351227
2026-05-14 15:54:41.601309+02:00,0.002864474430680275
2026-05-14 15:54:41.616934+02:00,0.004469890147447586
2026-05-14 15:54:41.632559+02:00,0.0063039809465408325
2026-05-14 15:54:41.648184+02:00,0.008355502039194107
2026-05-14 15:54:41.663809+02:00,0.010575097985565662
2026-05-14 15:54:41.679434+02:00,0.012869317084550858
2026-05-14 15:54:41.695059+02:00,0.015085631981492043
2026-05-14 15:54:41.710684+02:00,0.017001735046505928
2026-05-14 15:54:41.726309+02:00,0.018338121473789215
2026-05-14 15:54:41.741934+02:00,0.018797926604747772
2026-05-14 15:54:41.757559+02:00,0.01812490075826645
2026-05-14 15:54:41.773184+02:00,0.016164518892765045
2026-05-14 15:54:41.788809+02:00,0.01290964800864458
2026-05-14 15:54:41.804434+02:00,0.008517448790371418
2026-05-14 15:54:41.820059+02:00,0.0032941075041890144
2026-05-14 15:54:41.835684+02:00,-0.0023478837683796883
2026-05-14 15:54:41.851309+02:00,-0.007947520352900028
2026-05-14 15:54:41.866934+02:00,-0.013053707778453827
2026-05-14 15:54:41.882559+02:00,-0.017274493351578712
2026-05-14 15:54:41.898184+02:00,-0.02031400054693222
2026-05-14 15:54:41.913809+02:00,-0.021997986361384392
2026-05-14 15:54:41.929434+02:00,-0.02228614315390587
2026-05-14 15:54:41.945059+02:00,-0.021266313269734383
2026-05-14 15:54:41.960684+02:00,-0.019131578505039215
2026-05-14 15:54:41.976309+02:00,-0.01614789292216301
2026-05-14 15:54:41.991934+02:00,-0.01261811051517725
2026-05-14 15:54:42.007559+02:00,-0.008844240568578243
2026-05-14 15:54:42.023184+02:00,-0.005092864856123924
2026-05-14 15:54:42.038809+02:00,-0.0015714317560195923
2026-05-14 15:54:42.054434+02:00,0.0015842802822589874
2026-05-14 15:54:42.070059+02:00,0.004314984194934368
2026-05-14 15:54:42.085684+02:00,0.006633407436311245
2026-05-14 15:54:42.101309+02:00,0.008609866723418236
2026-05-14 15:54:42.116934+02:00,0.010351961478590965
2026-05-14 15:54:42.132559+02:00,0.011983079835772514
2026-05-14 15:54:42.148184+02:00,0.013621574267745018
2026-05-14 15:54:42.163809+02:00,0.015362287871539593
2026-05-14 15:54:42.179434+02:00,0.017265571281313896
2026-05-14 15:54:42.195059+02:00,0.0193557720631361
2026-05-14 15:54:42.210684+02:00,0.021623263135552406
2026-05-14 15:54:42.226309+02:00,0.024021798744797707
2026-05-14 15:54:42.241934+02:00,0.02645616978406906
2026-05-14 15:54:42.257559+02:00,0.02876356430351734
2026-05-14 15:54:42.273184+02:00,0.030704014003276825
2026-05-14 15:54:42.288809+02:00,0.03197699785232544
2026-05-14 15:54:42.304434+02:00,0.0322684645652771
2026-05-14 15:54:42.320059+02:00,0.03131645545363426
2026-05-14 15:54:42.335684+02:00,0.028974691405892372
2026-05-14 15:54:42.351309+02:00,0.025256726890802383
2026-05-14 15:54:42.366934+02:00,0.020349841564893723
2026-05-14 15:54:42.382559+02:00,0.014593631960451603
2026-05-14 15:54:42.398184+02:00,0.00843034777790308
2026-05-14 15:54:42.413809+02:00,0.0023431279696524143
2026-05-14 15:54:42.429434+02:00,-0.0032043568789958954
2026-05-14 15:54:42.445059+02:00,-0.007818677462637424
2026-05-14 15:54:42.460684+02:00,-0.011214418336749077
2026-05-14 15:54:42.476309+02:00,-0.01323813758790493
2026-05-14 15:54:42.491934+02:00,-0.013875531032681465
2026-05-14 15:54:42.507559+02:00,-0.013240785337984562
2026-05-14 15:54:42.523184+02:00,-0.011552746407687664
2026-05-14 15:54:42.538809+02:00,-0.009102713316679
2026-05-14 15:54:42.554434+02:00,-0.006215916946530342
2026-05-14 15:54:42.570059+02:00,-0.0032095182687044144
2026-05-14 15:54:42.585684+02:00,-0.0003546648658812046
2026-05-14 15:54:42.601309+02:00,0.0021498706191778183
2026-05-14 15:54:42.616934+02:00,0.0041913301683962345
2026-05-14 15:54:42.632559+02:00,0.005745158065110445
2026-05-14 15:54:42.648184+02:00,0.006865099538117647
2026-05-14 15:54:42.663809+02:00,0.0076624550856649876
2026-05-14 15:54:42.679434+02:00,0.008281350135803223
2026-05-14 15:54:42.695059+02:00,0.008876834996044636
2026-05-14 15:54:42.710684+02:00,0.009594994597136974
2026-05-14 15:54:42.726309+02:00,0.010553996078670025
2026-05-14 15:54:42.741934+02:00,0.011830423027276993
2026-05-14 15:54:42.757559+02:00,0.013451644219458103
2026-05-14 15:54:42.773184+02:00,0.015391195192933083
2026-05-14 15:54:42.788809+02:00,0.01756511628627777
2026-05-14 15:54:42.804434+02:00,0.019824618473649025
2026-05-14 15:54:42.820059+02:00,0.021944452077150345
2026-05-14 15:54:42.835684+02:00,0.02362174168229103
2026-05-14 15:54:42.851309+02:00,0.024503156542778015
2026-05-14 15:54:42.866934+02:00,0.02424120157957077
2026-05-14 15:54:42.882559+02:00,0.022563964128494263
2026-05-14 15:54:42.898184+02:00,0.019338088110089302
2026-05-14 15:54:42.913809+02:00,0.014608564786612988
2026-05-14 15:54:42.929434+02:00,0.008605754934251308
2026-05-14 15:54:42.945059+02:00,0.001718064770102501
2026-05-14 15:54:42.960684+02:00,-0.005561131052672863
2026-05-14 15:54:42.976309+02:00,-0.012698840349912643
2026-05-14 15:54:42.991934+02:00,-0.019188417121767998
2026-05-14 15:54:43.007559+02:00,-0.02460644394159317
2026-05-14 15:54:43.023184+02:00,-0.028653224930167198
2026-05-14 15:54:43.038809+02:00,-0.031172869727015495
2026-05-14 15:54:43.054434+02:00,-0.032154202461242676
2026-05-14 15:54:43.070059+02:00,-0.03171875327825546
2026-05-14 15:54:43.085684+02:00,-0.030097100883722305
2026-05-14 15:54:43.101309+02:00,-0.027591289952397346
2026-05-14 15:54:43.116934+02:00,-0.02453082799911499
2026-05-14 15:54:43.132559+02:00,-0.021233342587947845
2026-05-14 15:54:43.148184+02:00,-0.017972322180867195
2026-05-14 15:54:43.163809+02:00,-0.01495361141860485
2026-05-14 15:54:43.179434+02:00,-0.012305348180234432
2026-05-14 15:54:43.195059+02:00,-0.010079242289066315
2026-05-14 15:54:43.210684+02:00,-0.00825844332575798
2026-05-14 15:54:43.226309+02:00,-0.006772174034267664
2026-05-14 15:54:43.241934+02:00,-0.005514860153198242
2026-05-14 15:54:43.257559+02:00,-0.004365087486803532
2026-05-14 15:54:43.273184+02:00,-0.0032043689861893654
2026-05-14 15:54:43.288809+02:00,-0.0019354717805981636
2026-05-14 15:54:43.304434+02:00,-0.0004951385781168938
2026-05-14 15:54:43.320059+02:00,0.0011417707428336143
2026-05-14 15:54:43.335684+02:00,0.002960914745926857
2026-05-14 15:54:43.351309+02:00,0.004901234991848469
2026-05-14 15:54:43.366934+02:00,0.0068411920219659805
2026-05-14 15:54:43.382559+02:00,0.008586592972278595
2026-05-14 15:54:43.398184+02:00,0.009871994145214558
2026-05-14 15:54:43.413809+02:00,0.010387346148490906
2026-05-14 15:54:43.429434+02:00,0.009831536561250687
2026-05-14 15:54:43.445059+02:00,0.007979076355695724
2026-05-14 15:54:43.460684+02:00,0.004739599302411079
2026-05-14 15:54:43.476309+02:00,0.00019345246255397797
2026-05-14 15:54:43.491934+02:00,-0.005406429059803486
2026-05-14 15:54:43.507559+02:00,-0.01166593749076128
2026-05-14 15:54:43.523184+02:00,-0.018103841692209244
2026-05-14 15:54:43.538809+02:00,-0.024215450510382652
2026-05-14 15:54:43.554434+02:00,-0.029534008353948593
2026-05-14 15:54:43.570059+02:00,-0.03367963433265686
2026-05-14 15:54:43.585684+02:00,-0.03639284521341324
2026-05-14 15:54:43.601309+02:00,-0.03755372762680054
2026-05-14 15:54:43.616934+02:00,-0.037185270339250565
2026-05-14 15:54:43.632559+02:00,-0.03544076159596443
2026-05-14 15:54:43.648184+02:00,-0.03257729858160019
2026-05-14 15:54:43.663809+02:00,-0.028917677700519562
2026-05-14 15:54:43.679434+02:00,-0.02480705827474594
2026-05-14 15:54:43.695059+02:00,-0.020572727546095848
2026-05-14 15:54:43.710684+02:00,-0.016489319503307343
2026-05-14 15:54:43.726309+02:00,-0.012751063331961632
2026-05-14 15:54:43.741934+02:00,-0.009458132088184357
2026-05-14 15:54:43.757559+02:00,-0.006621108390390873
2026-05-14 15:54:43.773184+02:00,-0.004179104696959257
2026-05-14 15:54:43.788809+02:00,-0.002024085959419608
2026-05-14 15:54:43.804434+02:00,-2.6200897991657257e-05
2026-05-14 15:54:43.820059+02:00,0.0019440313335508108
2026-05-14 15:54:43.835684+02:00,0.003999394364655018
2026-05-14 15:54:43.851309+02:00,0.006223717704415321
2026-05-14 15:54:43.866934+02:00,0.00866340845823288
2026-05-14 15:54:43.882559+02:00,0.011324936524033546
2026-05-14 15:54:43.898184+02:00,0.014173663221299648
2026-05-14 15:54:43.913809+02:00,0.017126817256212234
2026-05-14 15:54:43.929434+02:00,0.020041579380631447
2026-05-14 15:54:43.945059+02:00,0.02270539663732052
2026-05-14 15:54:43.960684+02:00,0.02483919821679592
2026-05-14 15:54:43.976309+02:00,0.026124944910407066
2026-05-14 15:54:43.991934+02:00,0.026258055120706558
2026-05-14 15:54:44.007559+02:00,0.025012167170643806
2026-05-14 15:54:44.023184+02:00,0.022298628464341164
2026-05-14 15:54:44.038809+02:00,0.01820218376815319
2026-05-14 15:54:44.054434+02:00,0.012981338426470757
2026-05-14 15:54:44.070059+02:00,0.007035639602690935
2026-05-14 15:54:44.085684+02:00,0.0008507035672664642
2026-05-14 15:54:44.101309+02:00,-0.005067274905741215
2026-05-14 15:54:44.116934+02:00,-0.01025552861392498
2026-05-14 15:54:44.132559+02:00,-0.014344674535095692
2026-05-14 15:54:44.148184+02:00,-0.017088674008846283
2026-05-14 15:54:44.163809+02:00,-0.01837850548326969
2026-05-14 15:54:44.179434+02:00,-0.018242496997117996
2026-05-14 15:54:44.195059+02:00,-0.01683207042515278
2026-05-14 15:54:44.210684+02:00,-0.014394373632967472
2026-05-14 15:54:44.226309+02:00,-0.011236279271543026
2026-05-14 15:54:44.241934+02:00,-0.0076845730654895306
2026-05-14 15:54:44.257559+02:00,-0.004047045484185219
2026-05-14 15:54:44.273184+02:00,-0.0005792325828224421
2026-05-14 15:54:44.288809+02:00,0.0025384179316461086
2026-05-14 15:54:44.304434+02:00,0.005210467614233494
2026-05-14 15:54:44.320059+02:00,0.0074228947050869465
2026-05-14 15:54:44.335684+02:00,0.009228130802512169
2026-05-14 15:54:44.351309+02:00,0.01072469912469387
2026-05-14 15:54:44.366934+02:00,0.012035895138978958
2026-05-14 15:54:44.382559+02:00,0.013288919813930988
2026-05-14 15:54:44.398184+02:00,0.01459592953324318
2026-05-14 15:54:44.413809+02:00,0.016039002686738968
2026-05-14 15:54:44.429434+02:00,0.01766081154346466
2026-05-14 15:54:44.445059+02:00,0.01946292072534561
2026-05-14 15:54:44.460684+02:00,0.021410685032606125
2026-05-14 15:54:44.476309+02:00,0.02343585528433323
2026-05-14 15:54:44.491934+02:00,0.025427142158150673
2026-05-14 15:54:44.507559+02:00,0.02721358649432659
2026-05-14 15:54:44.523184+02:00,0.028559014201164246
2026-05-14 15:54:44.538809+02:00,0.02918071672320366
2026-05-14 15:54:44.554434+02:00,0.028791237622499466
2026-05-14 15:54:44.570059+02:00,0.02715526893734932
2026-05-14 15:54:44.585684+02:00,0.024149321019649506
2026-05-14 15:54:44.601309+02:00,0.019805163145065308
2026-05-14 15:54:44.616934+02:00,0.014322222210466862
2026-05-14 15:54:44.632559+02:00,0.008048196323215961
2026-05-14 15:54:44.648184+02:00,0.001433669589459896
2026-05-14 15:54:44.663809+02:00,-0.005029839463531971
2026-05-14 15:54:44.679434+02:00,-0.010873550549149513
2026-05-14 15:54:44.695059+02:00,-0.015705447643995285
2026-05-14 15:54:44.710684+02:00,-0.019249411299824715
2026-05-14 15:54:44.726309+02:00,-0.021365953609347343
2026-05-14 15:54:44.741934+02:00,-0.022054744884371758
2026-05-14 15:54:44.757559+02:00,-0.021441753953695297
2026-05-14 15:54:44.773184+02:00,-0.019752804189920425
2026-05-14 15:54:44.788809+02:00,-0.017277361825108528
2026-05-14 15:54:44.804434+02:00,-0.014330154284834862
2026-05-14 15:54:44.820059+02:00,-0.01121596246957779
2026-05-14 15:54:44.835684+02:00,-0.008197614923119545
2026-05-14 15:54:44.851309+02:00,-0.005469468887895346
2026-05-14 15:54:44.866934+02:00,-0.003143737092614174
2026-05-14 15:54:44.882559+02:00,-0.0012519098818302155
2026-05-14 15:54:44.898184+02:00,0.0002431292086839676
2026-05-14 15:54:44.913809+02:00,0.0014276737347245216
2026-05-14 15:54:44.929434+02:00,0.002415125258266926
2026-05-14 15:54:44.945059+02:00,0.0033267010003328323
2026-05-14 15:54:44.960684+02:00,0.004274534992873669
2026-05-14 15:54:44.976309+02:00,0.005346513353288174
2026-05-14 15:54:44.991934+02:00,0.0065961433574557304
2026-05-14 15:54:45.007559+02:00,0.008039882406592369
2026-05-14 15:54:45.023184+02:00,0.009661015123128891
2026-05-14 15:54:45.038809+02:00,0.011415373533964157
2026-05-14 15:54:45.054434+02:00,0.013233745470643044
2026-05-14 15:54:45.070059+02:00,0.015017383731901646
2026-05-14 15:54:45.085684+02:00,0.01662454381585121
2026-05-14 15:54:45.101309+02:00,0.01785614714026451
2026-05-14 15:54:45.116934+02:00,0.01846020482480526
2026-05-14 15:54:45.132559+02:00,0.018166525289416313
2026-05-14 15:54:45.148184+02:00,0.016741491854190826
2026-05-14 15:54:45.163809+02:00,0.014044437557458878
2026-05-14 15:54:45.179434+02:00,0.010072218254208565
2026-05-14 15:54:45.195059+02:00,0.004979586228728294
2026-05-14 15:54:45.210684+02:00,-0.0009322520345449448
2026-05-14 15:54:45.226309+02:00,-0.007254460826516151
2026-05-14 15:54:45.241934+02:00,-0.013525978662073612
2026-05-14 15:54:45.257559+02:00,-0.01929336227476597
2026-05-14 15:54:45.273184+02:00,-0.02416369877755642
2026-05-14 15:54:45.288809+02:00,-0.02784324251115322
2026-05-14 15:54:45.304434+02:00,-0.030160535126924515
2026-05-14 15:54:45.320059+02:00,-0.031075995415449142
2026-05-14 15:54:45.335684+02:00,-0.030677536502480507
2026-05-14 15:54:45.351309+02:00,-0.029160965234041214
2026-05-14 15:54:45.366934+02:00,-0.02679828181862831
2026-05-14 15:54:45.382559+02:00,-0.023899633437395096
2026-05-14 15:54:45.398184+02:00,-0.020774710923433304
2026-05-14 15:54:45.413809+02:00,-0.01769840531051159
2026-05-14 15:54:45.429434+02:00,-0.014883770607411861
2026-05-14 15:54:45.445059+02:00,-0.012465630657970905
2026-05-14 15:54:45.460684+02:00,-0.01049661822617054
2026-05-14 15:54:45.476309+02:00,-0.008953934535384178
2026-05-14 15:54:45.491934+02:00,-0.007755184080451727
2026-05-14 15:54:45.507559+02:00,-0.006780652794986963
2026-05-14 15:54:45.523184+02:00,-0.005897105671465397
2026-05-14 15:54:45.538809+02:00,-0.004978972487151623
2026-05-14 15:54:45.554434+02:00,-0.00392382126301527
2026-05-14 15:54:45.570059+02:00,-0.002661219798028469
2026-05-14 15:54:45.585684+02:00,-0.001157156191766262
2026-05-14 15:54:45.601309+02:00,0.0005855858325958252
2026-05-14 15:54:45.616934+02:00,0.002531317062675953
2026-05-14 15:54:45.632559+02:00,0.0046133361756801605
2026-05-14 15:54:45.648184+02:00,0.006726090796291828
2026-05-14 15:54:45.663809+02:00,0.008711408823728561
2026-05-14 15:54:45.679434+02:00,0.010353014804422855
2026-05-14 15:54:45.695059+02:00,0.0113905044272542
2026-05-14 15:54:45.710684+02:00,0.011556112207472324
2026-05-14 15:54:45.726309+02:00,0.010628719814121723
2026-05-14 15:54:45.741934+02:00,0.008488248102366924
2026-05-14 15:54:45.757559+02:00,0.005153925158083439
2026-05-14 15:54:45.773184+02:00,0.0007983287796378136
2026-05-14 15:54:45.788809+02:00,-0.004267451353371143
2026-05-14 15:54:45.804434+02:00,-0.009635155089199543
2026-05-14 15:54:45.820059+02:00,-0.014854980632662773
2026-05-14 15:54:45.835684+02:00,-0.01949274353682995
2026-05-14 15:54:45.851309+02:00,-0.02318137139081955
2026-05-14 15:54:45.866934+02:00,-0.02566191926598549
2026-05-14 15:54:45.882559+02:00,-0.026809530332684517
2026-05-14 15:54:45.898184+02:00,-0.026641398668289185
2026-05-14 15:54:45.913809+02:00,-0.025303741917014122
2026-05-14 15:54:45.929434+02:00,-0.02303973212838173
2026-05-14 15:54:45.945059+02:00,-0.020148510113358498
2026-05-14 15:54:45.960684+02:00,-0.016943126916885376
2026-05-14 15:54:45.976309+02:00,-0.013711810111999512
2026-05-14 15:54:45.991934+02:00,-0.01068748440593481
2026-05-14 15:54:46.007559+02:00,-0.008027512580156326
2026-05-14 15:54:46.023184+02:00,-0.005804337561130524
2026-05-14 15:54:46.038809+02:00,-0.004008265677839518
2026-05-14 15:54:46.054434+02:00,-0.0025618060026317835
2026-05-14 15:54:46.070059+02:00,-0.001343090320006013
2026-05-14 15:54:46.085684+02:00,-0.00021302836830727756
2026-05-14 15:54:46.101309+02:00,0.0009606213425286114
2026-05-14 15:54:46.116934+02:00,0.002285327762365341
2026-05-14 15:54:46.132559+02:00,0.00383214233443141
2026-05-14 15:54:46.148184+02:00,0.005630353465676308
2026-05-14 15:54:46.163809+02:00,0.007666997145861387
2026-05-14 15:54:46.179434+02:00,0.009888681583106518
2026-05-14 15:54:46.195059+02:00,0.012201965786516666
2026-05-14 15:54:46.210684+02:00,0.01446738000959158
2026-05-14 15:54:46.226309+02:00,0.016490524634718895
2026-05-14 15:54:46.241934+02:00,0.01802637428045273
2026-05-14 15:54:46.257559+02:00,0.01880861259996891
2026-05-14 15:54:46.273184+02:00,0.018598342314362526
2026-05-14 15:54:46.288809+02:00,0.017237115651369095
2026-05-14 15:54:46.304434+02:00,0.01469071302562952
2026-05-14 15:54:46.320059+02:00,0.011073010973632336
2026-05-14 15:54:46.335684+02:00,0.006641571410000324
2026-05-14 15:54:46.351309+02:00,0.0017643780447542667
2026-05-14 15:54:46.366934+02:00,-0.003131756093353033
2026-05-14 15:54:46.382559+02:00,-0.007618829607963562
2026-05-14 15:54:46.398184+02:00,-0.011321460828185081
2026-05-14 15:54:46.413809+02:00,-0.013957983814179897
2026-05-14 15:54:46.429434+02:00,-0.015365621075034142
2026-05-14 15:54:46.445059+02:00,-0.015510419383645058
2026-05-14 15:54:46.460684+02:00,-0.014481295831501484
2026-05-14 15:54:46.476309+02:00,-0.01246890053153038
2026-05-14 15:54:46.491934+02:00,-0.009733382612466812
2026-05-14 15:54:46.507559+02:00,-0.006566634401679039
2026-05-14 15:54:46.523184+02:00,-0.003255944699048996
2026-05-14 15:54:46.538809+02:00,-5.4543837904930115e-05
2026-05-14 15:54:46.554434+02:00,0.002841406036168337
2026-05-14 15:54:46.570059+02:00,0.005308951251208782
2026-05-14 15:54:46.585684+02:00,0.007302762009203434
2026-05-14 15:54:46.601309+02:00,0.008847319521009922
2026-05-14 15:54:46.616934+02:00,0.01002203393727541
2026-05-14 15:54:46.632559+02:00,0.010943222790956497
2026-05-14 15:54:46.648184+02:00,0.011743122711777687
2026-05-14 15:54:46.663809+02:00,0.012547454796731472
2026-05-14 15:54:46.679434+02:00,0.013457722961902618
2026-05-14 15:54:46.695059+02:00,0.014542145654559135
2026-05-14 15:54:46.710684+02:00,0.01583138480782509
2026-05-14 15:54:46.726309+02:00,0.017313277348876
2026-05-14 15:54:46.741934+02:00,0.018923398107290268
2026-05-14 15:54:46.757559+02:00,0.020532242953777313
2026-05-14 15:54:46.773184+02:00,0.021939676254987717
2026-05-14 15:54:46.788809+02:00,0.022891096770763397
2026-05-14 15:54:46.804434+02:00,0.02311762422323227
2026-05-14 15:54:46.820059+02:00,0.022389834746718407
2026-05-14 15:54:46.835684+02:00,0.020571399480104446
2026-05-14 15:54:46.851309+02:00,0.017659567296504974
2026-05-14 15:54:46.866934+02:00,0.013800323940813541
2026-05-14 15:54:46.882559+02:00,0.009272303432226181
2026-05-14 15:54:46.898184+02:00,0.004445152822881937
2026-05-14 15:54:46.913809+02:00,-0.0002745133824646473
2026-05-14 15:54:46.929434+02:00,-0.004496991168707609
2026-05-14 15:54:46.945059+02:00,-0.007895613089203835
2026-05-14 15:54:46.960684+02:00,-0.010241593234241009
2026-05-14 15:54:46.976309+02:00,-0.011424489319324493
2026-05-14 15:54:46.991934+02:00,-0.011456050910055637
2026-05-14 15:54:47.007559+02:00,-0.010459128767251968
2026-05-14 15:54:47.023184+02:00,-0.008644966408610344
2026-05-14 15:54:47.038809+02:00,-0.006280559115111828
2026-05-14 15:54:47.054434+02:00,-0.003650382626801729
2026-05-14 15:54:47.070059+02:00,-0.001020059920847416
2026-05-14 15:54:47.085684+02:00,0.001392845530062914
2026-05-14 15:54:47.101309+02:00,0.0034384457394480705
2026-05-14 15:54:47.116934+02:00,0.005043910350650549
2026-05-14 15:54:47.132559+02:00,0.006212774198502302
2026-05-14 15:54:47.148184+02:00,0.0070132846012711525
2026-05-14 15:54:47.163809+02:00,0.0075574396178126335
2026-05-14 15:54:47.179434+02:00,0.007976853288710117
2026-05-14 15:54:47.195059+02:00,0.008400870487093925
2026-05-14 15:54:47.210684+02:00,0.008938318118453026
2026-05-14 15:54:47.226309+02:00,0.00966411642730236
2026-05-14 15:54:47.241934+02:00,0.010612677782773972
2026-05-14 15:54:47.257559+02:00,0.011773811653256416
2026-05-14 15:54:47.273184+02:00,0.013083694502711296
2026-05-14 15:54:47.288809+02:00,0.014412665739655495
2026-05-14 15:54:47.304434+02:00,0.015560944564640522
2026-05-14 15:54:47.320059+02:00,0.016273783519864082
2026-05-14 15:54:47.335684+02:00,0.01627996936440468
2026-05-14 15:54:47.351309+02:00,0.015346045605838299
2026-05-14 15:54:47.366934+02:00,0.013330759480595589
2026-05-14 15:54:47.382559+02:00,0.010223700664937496
2026-05-14 15:54:47.398184+02:00,0.006158282049000263
2026-05-14 15:54:47.413809+02:00,0.0013979196082800627
2026-05-14 15:54:47.429434+02:00,-0.003700198605656624
2026-05-14 15:54:47.445059+02:00,-0.008735639974474907
2026-05-14 15:54:47.460684+02:00,-0.013317810371518135
2026-05-14 15:54:47.476309+02:00,-0.017111752182245255
2026-05-14 15:54:47.491934+02:00,-0.01987307518720627
2026-05-14 15:54:47.507559+02:00,-0.021469132974743843
2026-05-14 15:54:47.523184+02:00,-0.02188371680676937
2026-05-14 15:54:47.538809+02:00,-0.021208669990301132
2026-05-14 15:54:47.554434+02:00,-0.019626403227448463
2026-05-14 15:54:47.570059+02:00,-0.01738363690674305
2026-05-14 15:54:47.585684+02:00,-0.014758442528545856
2026-05-14 15:54:47.601309+02:00,-0.01202438585460186
2026-05-14 15:54:47.616934+02:00,-0.009416455402970314
2026-05-14 15:54:47.632559+02:00,-0.007104796823114157
2026-05-14 15:54:47.648184+02:00,-0.005180494859814644
2026-05-14 15:54:47.663809+02:00,-0.003655965905636549
2026-05-14 15:54:47.679434+02:00,-0.0024789711460471153
2026-05-14 15:54:47.695059+02:00,-0.0015532795805484056
2026-05-14 15:54:47.710684+02:00,-0.0007600622484460473
2026-05-14 15:54:47.726309+02:00,2.159806899726391e-05
2026-05-14 15:54:47.741934+02:00,0.0008972535142675042
2026-05-14 15:54:47.757559+02:00,0.001944949384778738
2026-05-14 15:54:47.773184+02:00,0.00320747634395957
2026-05-14 15:54:47.788809+02:00,0.004683846142143011
2026-05-14 15:54:47.804434+02:00,0.006315118167549372
2026-05-14 15:54:47.820059+02:00,0.007968970574438572
2026-05-14 15:54:47.835684+02:00,0.009436178021132946
2026-05-14 15:54:47.851309+02:00,0.010451158508658409
2026-05-14 15:54:47.866934+02:00,0.010738639160990715
2026-05-14 15:54:47.882559+02:00,0.010074268095195293
2026-05-14 15:54:47.898184+02:00,0.008339514955878258
2026-05-14 15:54:47.913809+02:00,0.0055552637204527855
2026-05-14 15:54:47.929434+02:00,0.0018869714112952352
2026-05-14 15:54:47.945059+02:00,-0.002377323107793927
2026-05-14 15:54:47.960684+02:00,-0.006868759635835886
2026-05-14 15:54:47.976309+02:00,-0.0111897774040699
2026-05-14 15:54:47.991934+02:00,-0.014966362155973911
2026-05-14 15:54:48.007559+02:00,-0.017891954630613327
2026-05-14 15:54:48.023184+02:00,-0.019757982343435287
2026-05-14 15:54:48.038809+02:00,-0.020469551905989647
2026-05-14 15:54:48.054434+02:00,-0.02004867047071457
2026-05-14 15:54:48.070059+02:00,-0.01862501911818981
2026-05-14 15:54:48.085684+02:00,-0.016411347314715385
2026-05-14 15:54:48.101309+02:00,-0.013668087311089039
2026-05-14 15:54:48.116934+02:00,-0.010667072609066963
2026-05-14 15:54:48.132559+02:00,-0.007658528164029121
2026-05-14 15:54:48.148184+02:00,-0.004843391478061676
2026-05-14 15:54:48.163809+02:00,-0.002357080113142729
2026-05-14 15:54:48.179434+02:00,-0.00026614824309945107
2026-05-14 15:54:48.195059+02:00,0.0014280355535447598
2026-05-14 15:54:48.210684+02:00,0.0027802293188869953
2026-05-14 15:54:48.226309+02:00,0.0038861334323883057
2026-05-14 15:54:48.241934+02:00,0.004864172078669071
2026-05-14 15:54:48.257559+02:00,0.0058348230086266994
2026-05-14 15:54:48.273184+02:00,0.006899680942296982
2026-05-14 15:54:48.288809+02:00,0.008128179237246513
2026-05-14 15:54:48.304434+02:00,0.009550990536808968
2026-05-14 15:54:48.320059+02:00,0.011149045079946518
2026-05-14 15:54:48.335684+02:00,0.012836318463087082
2026-05-14 15:54:48.351309+02:00,0.014448022469878197
2026-05-14 15:54:48.366934+02:00,0.015747634693980217
2026-05-14 15:54:48.382559+02:00,0.016459546983242035
2026-05-14 15:54:48.398184+02:00,0.01632131263613701
2026-05-14 15:54:48.413809+02:00,0.015141269192099571
2026-05-14 15:54:48.429434+02:00,0.012848110869526863
2026-05-14 15:54:48.445059+02:00,0.009518060833215714
2026-05-14 15:54:48.460684+02:00,0.005370568484067917
2026-05-14 15:54:48.476309+02:00,0.0007375437999144197
2026-05-14 15:54:48.491934+02:00,-0.003983593545854092
2026-05-14 15:54:48.507559+02:00,-0.00838487595319748
2026-05-14 15:54:48.523184+02:00,-0.012101711705327034
2026-05-14 15:54:48.538809+02:00,-0.014856284484267235
2026-05-14 15:54:48.554434+02:00,-0.016484592109918594
2026-05-14 15:54:48.570059+02:00,-0.01694614440202713
2026-05-14 15:54:48.585684+02:00,-0.01631653681397438
2026-05-14 15:54:48.601309+02:00,-0.014765115454792976
2026-05-14 15:54:48.616934+02:00,-0.012524880468845367
2026-05-14 15:54:48.632559+02:00,-0.009860360994935036
2026-05-14 15:54:48.648184+02:00,-0.007035105023533106
2026-05-14 15:54:48.663809+02:00,-0.004282014910131693
2026-05-14 15:54:48.679434+02:00,-0.0017803139053285122
2026-05-14 15:54:48.695059+02:00,0.0003576795570552349
2026-05-14 15:54:48.710684+02:00,0.0020886242855340242
2026-05-14 15:54:48.726309+02:00,0.0034326387103646994
2026-05-14 15:54:48.741934+02:00,0.0044618574902415276
2026-05-14 15:54:48.757559+02:00,0.005282081663608551
2026-05-14 15:54:48.773184+02:00,0.006012115627527237
2026-05-14 15:54:48.788809+02:00,0.006765605416148901
2026-05-14 15:54:48.804434+02:00,0.007636388763785362
2026-05-14 15:54:48.820059+02:00,0.008689463138580322
2026-05-14 15:54:48.835684+02:00,0.009957289323210716
2026-05-14 15:54:48.851309+02:00,0.011434592306613922
2026-05-14 15:54:48.866934+02:00,0.013065232895314693
2026-05-14 15:54:48.882559+02:00,0.014724512584507465
2026-05-14 15:54:48.898184+02:00,0.016209783032536507
2026-05-14 15:54:48.913809+02:00,0.017253492027521133
2026-05-14 15:54:48.929434+02:00,0.017564712092280388
2026-05-14 15:54:48.945059+02:00,0.016889335587620735
2026-05-14 15:54:48.960684+02:00,0.015068410895764828
2026-05-14 15:54:48.976309+02:00,0.012079299427568913
2026-05-14 15:54:48.991934+02:00,0.008053479716181755
2026-05-14 15:54:49.007559+02:00,0.003266639309003949
2026-05-14 15:54:49.023184+02:00,-0.0019001069013029337
2026-05-14 15:54:49.038809+02:00,-0.007018388248980045
2026-05-14 15:54:49.054434+02:00,-0.01167241856455803
2026-05-14 15:54:49.070059+02:00,-0.015506773255765438
2026-05-14 15:54:49.085684+02:00,-0.018260862678289413
2026-05-14 15:54:49.101309+02:00,-0.019793404266238213
2026-05-14 15:54:49.116934+02:00,-0.020091978833079338
2026-05-14 15:54:49.132559+02:00,-0.01926248148083687
2026-05-14 15:54:49.148184+02:00,-0.017503876239061356
2026-05-14 15:54:49.163809+02:00,-0.015075995586812496
2026-05-14 15:54:49.179434+02:00,-0.012264205142855644
2026-05-14 15:54:49.195059+02:00,-0.009344673715531826
2026-05-14 15:54:49.210684+02:00,-0.006554731633514166
2026-05-14 15:54:49.226309+02:00,-0.004071562085300684
2026-05-14 15:54:49.241934+02:00,-0.0020003896206617355
2026-05-14 15:54:49.257559+02:00,-0.0003709569573402405
2026-05-14 15:54:49.273184+02:00,0.0008578586857765913
2026-05-14 15:54:49.288809+02:00,0.0017827197443693876
2026-05-14 15:54:49.304434+02:00,0.002532778773456812
2026-05-14 15:54:49.320059+02:00,0.0032468829303979874
2026-05-14 15:54:49.335684+02:00,0.004053158685564995
2026-05-14 15:54:49.351309+02:00,0.005050339736044407
2026-05-14 15:54:49.366934+02:00,0.006294223014265299
2026-05-14 15:54:49.382559+02:00,0.007793252822011709
2026-05-14 15:54:49.398184+02:00,0.009510479867458344
2026-05-14 15:54:49.413809+02:00,0.011362265795469284
2026-05-14 15:54:49.429434+02:00,0.013209650292992592
2026-05-14 15:54:49.445059+02:00,0.014850957319140434
2026-05-14 15:54:49.460684+02:00,0.016029346734285355
2026-05-14 15:54:49.476309+02:00,0.01646309904754162
2026-05-14 15:54:49.491934+02:00,0.015894707292318344
2026-05-14 15:54:49.507559+02:00,0.01414632610976696
2026-05-14 15:54:49.523184+02:00,0.011167125776410103
2026-05-14 15:54:49.538809+02:00,0.007059757597744465
2026-05-14 15:54:49.554434+02:00,0.002077993471175432
2026-05-14 15:54:49.570059+02:00,-0.0034046415239572525
2026-05-14 15:54:49.585684+02:00,-0.008946843445301056
2026-05-14 15:54:49.601309+02:00,-0.014098843559622765
2026-05-14 15:54:49.616934+02:00,-0.018457764759659767
2026-05-14 15:54:49.632559+02:00,-0.02171231247484684
2026-05-14 15:54:49.648184+02:00,-0.023673471063375473
2026-05-14 15:54:49.663809+02:00,-0.024288883432745934
2026-05-14 15:54:49.679434+02:00,-0.023639347404241562
2026-05-14 15:54:49.695059+02:00,-0.02191867306828499
2026-05-14 15:54:49.710684+02:00,-0.01940041407942772
2026-05-14 15:54:49.726309+02:00,-0.016396407037973404
2026-05-14 15:54:49.741934+02:00,-0.013214819133281708
2026-05-14 15:54:49.757559+02:00,-0.010125063359737396
2026-05-14 15:54:49.773184+02:00,-0.00733199855312705
2026-05-14 15:54:49.788809+02:00,-0.004959702026098967
2026-05-14 15:54:49.804434+02:00,-0.003046817146241665
2026-05-14 15:54:49.820059+02:00,-0.0015543666668236256
2026-05-14 15:54:49.835684+02:00,-0.0003829547204077244
2026-05-14 15:54:49.851309+02:00,0.0006046565249562263
2026-05-14 15:54:49.866934+02:00,0.0015571480616927147
2026-05-14 15:54:49.882559+02:00,0.002608033362776041
2026-05-14 15:54:49.898184+02:00,0.0038559497334063053
2026-05-14 15:54:49.913809+02:00,0.0053547462448477745
2026-05-14 15:54:49.929434+02:00,0.007111650891602039
2026-05-14 15:54:49.945059+02:00,0.009092913009226322
2026-05-14 15:54:49.960684+02:00,0.01123524084687233
2026-05-14 15:54:49.976309+02:00,0.013457758352160454
2026-05-14 15:54:49.991934+02:00,0.0156702883541584
2026-05-14 15:54:50.007559+02:00,0.017773723229765892
2026-05-14 15:54:50.023184+02:00,0.019646719098091125
2026-05-14 15:54:50.038809+02:00,0.02112574130296707
2026-05-14 15:54:50.054434+02:00,0.021999530494213104
2026-05-14 15:54:50.070059+02:00,0.02202986180782318
2026-05-14 15:54:50.085684+02:00,0.020993851125240326
2026-05-14 15:54:50.101309+02:00,0.018737930804491043
2026-05-14 15:54:50.116934+02:00,0.015229929238557816
2026-05-14 15:54:50.132559+02:00,0.010590123012661934
2026-05-14 15:54:50.148184+02:00,0.005087817087769508
2026-05-14 15:54:50.163809+02:00,-0.0008926375303417444
2026-05-14 15:54:50.179434+02:00,-0.006902413908392191
2026-05-14 15:54:50.195059+02:00,-0.01248481497168541
2026-05-14 15:54:50.210684+02:00,-0.017231062054634094
2026-05-14 15:54:50.226309+02:00,-0.02082757279276848
2026-05-14 15:54:50.241934+02:00,-0.023087579756975174
2026-05-14 15:54:50.257559+02:00,-0.023962901905179024
2026-05-14 15:54:50.273184+02:00,-0.02353629097342491
2026-05-14 15:54:50.288809+02:00,-0.021998824551701546
2026-05-14 15:54:50.304434+02:00,-0.019617708399891853
2026-05-14 15:54:50.320059+02:00,-0.01669945940375328
2026-05-14 15:54:50.335684+02:00,-0.013552868738770485
2026-05-14 15:54:50.351309+02:00,-0.010454831644892693
2026-05-14 15:54:50.366934+02:00,-0.007621748372912407
2026-05-14 15:54:50.382559+02:00,-0.005190827883780003
2026-05-14 15:54:50.398184+02:00,-0.0032149339094758034
2026-05-14 15:54:50.413809+02:00,-0.0016694683581590652
2026-05-14 15:54:50.429434+02:00,-0.00046786293387413025
2026-05-14 15:54:50.445059+02:00,0.0005167126655578613
2026-05-14 15:54:50.460684+02:00,0.0014272434636950493
2026-05-14 15:54:50.476309+02:00,0.0023995060473680496
2026-05-14 15:54:50.491934+02:00,0.0035423124209046364
2026-05-14 15:54:50.507559+02:00,0.004926380701363087
2026-05-14 15:54:50.523184+02:00,0.006581809837371111
2026-05-14 15:54:50.538809+02:00,0.0084987198933959
2026-05-14 15:54:50.554434+02:00,0.010630279779434204
2026-05-14 15:54:50.570059+02:00,0.012899931520223618
2026-05-14 15:54:50.585684+02:00,0.015207870863378048
2026-05-14 15:54:50.601309+02:00,0.017428545281291008
2026-05-14 15:54:50.616934+02:00,0.019398711621761322
2026-05-14 15:54:50.632559+02:00,0.020907428115606308
2026-05-14 15:54:50.648184+02:00,0.021703798323869705
2026-05-14 15:54:50.663809+02:00,0.02152961678802967
2026-05-14 15:54:50.679434+02:00,0.020170174539089203
2026-05-14 15:54:50.695059+02:00,0.017508752644062042
2026-05-14 15:54:50.710684+02:00,0.01357013825327158
2026-05-14 15:54:50.726309+02:00,0.008540668524801731
2026-05-14 15:54:50.741934+02:00,0.002755517140030861
2026-05-14 15:54:50.757559+02:00,-0.0033448291942477226
2026-05-14 15:54:50.773184+02:00,-0.009274465963244438
2026-05-14 15:54:50.788809+02:00,-0.014564979821443558
2026-05-14 15:54:50.804434+02:00,-0.01882389560341835
2026-05-14 15:54:50.820059+02:00,-0.021778929978609085
2026-05-14 15:54:50.835684+02:00,-0.023299377411603928
2026-05-14 15:54:50.851309+02:00,-0.023396147415041924
2026-05-14 15:54:50.866934+02:00,-0.022206982597708702
2026-05-14 15:54:50.882559+02:00,-0.019971439614892006
2026-05-14 15:54:50.898184+02:00,-0.016998842358589172
2026-05-14 15:54:50.913809+02:00,-0.013630080036818981
2026-05-14 15:54:50.929434+02:00,-0.010194405913352966
2026-05-14 15:54:50.945059+02:00,-0.006968189962208271
2026-05-14 15:54:50.960684+02:00,-0.004145434126257896
2026-05-14 15:54:50.976309+02:00,-0.0018250280991196632
2026-05-14 15:54:50.991934+02:00,-1.4062970876693726e-05
2026-05-14 15:54:51.007559+02:00,0.0013554524630308151
2026-05-14 15:54:51.023184+02:00,0.002401752397418022
2026-05-14 15:54:51.038809+02:00,0.0032677985727787018
2026-05-14 15:54:51.054434+02:00,0.0040997727774083614
2026-05-14 15:54:51.070059+02:00,0.005028802435845137
2026-05-14 15:54:51.085684+02:00,0.006154772359877825
2026-05-14 15:54:51.101309+02:00,0.007535377983003855
2026-05-14 15:54:51.116934+02:00,0.00918313767760992
2026-05-14 15:54:51.132559+02:00,0.011069310829043388
2026-05-14 15:54:51.148184+02:00,0.013131157495081425
2026-05-14 15:54:51.163809+02:00,0.015275442972779274
2026-05-14 15:54:51.179434+02:00,0.017371144145727158
2026-05-14 15:54:51.195059+02:00,0.01923549361526966
2026-05-14 15:54:51.210684+02:00,0.020629629492759705
2026-05-14 15:54:51.226309+02:00,0.021277282387018204
2026-05-14 15:54:51.241934+02:00,0.020907137542963028
2026-05-14 15:54:51.257559+02:00,0.019309502094984055
2026-05-14 15:54:51.273184+02:00,0.01639186218380928
2026-05-14 15:54:51.288809+02:00,0.012216799892485142
2026-05-14 15:54:51.304434+02:00,0.007010582368820906
2026-05-14 15:54:51.320059+02:00,0.0011394249740988016
2026-05-14 15:54:51.335684+02:00,-0.004939330741763115
2026-05-14 15:54:51.351309+02:00,-0.010738122276961803
2026-05-14 15:54:51.366934+02:00,-0.015800338238477707
2026-05-14 15:54:51.382559+02:00,-0.019753340631723404
2026-05-14 15:54:51.398184+02:00,-0.022348228842020035
2026-05-14 15:54:51.413809+02:00,-0.023482201620936394
2026-05-14 15:54:51.429434+02:00,-0.023199792951345444
2026-05-14 15:54:51.445059+02:00,-0.021674493327736855
2026-05-14 15:54:51.460684+02:00,-0.019176842644810677
2026-05-14 15:54:51.476309+02:00,-0.0160335935652256
2026-05-14 15:54:51.491934+02:00,-0.012582231312990189
2026-05-14 15:54:51.507559+02:00,-0.009129033423960209
2026-05-14 15:54:51.523184+02:00,-0.005918063223361969
2026-05-14 15:54:51.538809+02:00,-0.0031116483733057976
2026-05-14 15:54:51.554434+02:00,-0.0007814997807145119
2026-05-14 15:54:51.570059+02:00,0.001086374744772911
2026-05-14 15:54:51.585684+02:00,0.0025731888599693775
2026-05-14 15:54:51.601309+02:00,0.0038025719113647938
2026-05-14 15:54:51.616934+02:00,0.004917189944535494
2026-05-14 15:54:51.632559+02:00,0.006057956255972385
2026-05-14 15:54:51.648184+02:00,0.00734315812587738
2026-05-14 15:54:51.663809+02:00,0.008850721642374992
2026-05-14 15:54:51.679434+02:00,0.010610431432723999
2026-05-14 15:54:51.695059+02:00,0.012606417760252953
2026-05-14 15:54:51.710684+02:00,0.014781489968299866
2026-05-14 15:54:51.726309+02:00,0.017033545300364494
2026-05-14 15:54:51.741934+02:00,0.019204391166567802
2026-05-14 15:54:51.757559+02:00,0.021073117852211
2026-05-14 15:54:51.773184+02:00,0.0223666001111269
2026-05-14 15:54:51.788809+02:00,0.022792421281337738
2026-05-14 15:54:51.804434+02:00,0.022091170772910118
2026-05-14 15:54:51.820059+02:00,0.020096058025956154
2026-05-14 15:54:51.835684+02:00,0.016783520579338074
2026-05-14 15:54:51.851309+02:00,0.01229934673756361
2026-05-14 15:54:51.866934+02:00,0.006950258743017912
2026-05-14 15:54:51.882559+02:00,0.001163494773209095
2026-05-14 15:54:51.898184+02:00,-0.004573745187371969
2026-05-14 15:54:51.913809+02:00,-0.009781489148736
2026-05-14 15:54:51.929434+02:00,-0.014047070406377316
2026-05-14 15:54:51.945059+02:00,-0.017069833353161812
2026-05-14 15:54:51.960684+02:00,-0.018689701333642006
2026-05-14 15:54:51.976309+02:00,-0.01889733225107193
2026-05-14 15:54:51.991934+02:00,-0.01782277598977089
2026-05-14 15:54:52.007559+02:00,-0.015706855803728104
2026-05-14 15:54:52.023184+02:00,-0.012861998751759529
2026-05-14 15:54:52.038809+02:00,-0.009627703577280045
2026-05-14 15:54:52.054434+02:00,-0.006328152492642403
2026-05-14 15:54:52.070059+02:00,-0.003236302873119712
2026-05-14 15:54:52.085684+02:00,-0.0005460730753839016
2026-05-14 15:54:52.101309+02:00,0.0016418162267655134
2026-05-14 15:54:52.116934+02:00,0.003317836206406355
2026-05-14 15:54:52.132559+02:00,0.00454948702827096
2026-05-14 15:54:52.148184+02:00,0.0054580471478402615
2026-05-14 15:54:52.163809+02:00,0.0061902375891804695
2026-05-14 15:54:52.179434+02:00,0.006892506033182144
2026-05-14 15:54:52.195059+02:00,0.007692424580454826
2026-05-14 15:54:52.210684+02:00,0.008686251938343048
2026-05-14 15:54:52.226309+02:00,0.009930960834026337
2026-05-14 15:54:52.241934+02:00,0.011440875940024853
2026-05-14 15:54:52.257559+02:00,0.013186397962272167
2026-05-14 15:54:52.273184+02:00,0.01508721336722374
2026-05-14 15:54:52.288809+02:00,0.01699800044298172
2026-05-14 15:54:52.304434+02:00,0.018699169158935547
2026-05-14 15:54:52.320059+02:00,0.01990889199078083
2026-05-14 15:54:52.335684+02:00,0.02032015286386013
2026-05-14 15:54:52.351309+02:00,0.019656218588352203
2026-05-14 15:54:52.366934+02:00,0.017733275890350342
2026-05-14 15:54:52.382559+02:00,0.014511780813336372
2026-05-14 15:54:52.398184+02:00,0.010119757615029812
2026-05-14 15:54:52.413809+02:00,0.004843920934945345
2026-05-14 15:54:52.429434+02:00,-0.0009053638204932213
2026-05-14 15:54:52.445059+02:00,-0.0066477954387664795
2026-05-14 15:54:52.460684+02:00,-0.011899305507540703
2026-05-14 15:54:52.476309+02:00,-0.016237808391451836
2026-05-14 15:54:52.491934+02:00,-0.01935303397476673
2026-05-14 15:54:52.507559+02:00,-0.02107539400458336
2026-05-14 15:54:52.523184+02:00,-0.02138487435877323
2026-05-14 15:54:52.538809+02:00,-0.020400583744049072
2026-05-14 15:54:52.554434+02:00,-0.018354348838329315
2026-05-14 15:54:52.570059+02:00,-0.015553612262010574
2026-05-14 15:54:52.585684+02:00,-0.012338271364569664
2026-05-14 15:54:52.601309+02:00,-0.009036507457494736
2026-05-14 15:54:52.616934+02:00,-0.005926703102886677
2026-05-14 15:54:52.632559+02:00,-0.0032112449407577515
2026-05-14 15:54:52.648184+02:00,-0.0010038535110652447
2026-05-14 15:54:52.663809+02:00,0.0006706179119646549
2026-05-14 15:54:52.679434+02:00,0.0018660128116607666
2026-05-14 15:54:52.695059+02:00,0.0026955255307257175
2026-05-14 15:54:52.710684+02:00,0.0033061238937079906
2026-05-14 15:54:52.726309+02:00,0.0038532372564077377
2026-05-14 15:54:52.741934+02:00,0.004479486495256424
2026-05-14 15:54:52.757559+02:00,0.005296836141496897
2026-05-14 15:54:52.773184+02:00,0.006372924894094467
2026-05-14 15:54:52.788809+02:00,0.00772508978843689
2026-05-14 15:54:52.804434+02:00,0.009321946650743484
2026-05-14 15:54:52.820059+02:00,0.01108475774526596
2026-05-14 15:54:52.835684+02:00,0.01288103498518467
2026-05-14 15:54:52.851309+02:00,0.01451590470969677
2026-05-14 15:54:52.866934+02:00,0.01573701947927475
2026-05-14 15:54:52.882559+02:00,0.016261402517557144
2026-05-14 15:54:52.898184+02:00,0.015820186585187912
2026-05-14 15:54:52.913809+02:00,0.014212675392627716
2026-05-14 15:54:52.929434+02:00,0.011357481591403484
2026-05-14 15:54:52.945059+02:00,0.007325666956603527
2026-05-14 15:54:52.960684+02:00,0.0023465482518076897
2026-05-14 15:54:52.976309+02:00,-0.0032160934060811996
2026-05-14 15:54:52.991934+02:00,-0.008913256227970123
2026-05-14 15:54:53.007559+02:00,-0.014272498898208141
2026-05-14 15:54:53.023184+02:00,-0.0188586488366127
2026-05-14 15:54:53.038809+02:00,-0.022326212376356125
2026-05-14 15:54:53.054434+02:00,-0.024458885192871094
2026-05-14 15:54:53.070059+02:00,-0.025190837681293488
2026-05-14 15:54:53.085684+02:00,-0.024604886770248413
2026-05-14 15:54:53.101309+02:00,-0.022908736020326614
2026-05-14 15:54:53.116934+02:00,-0.020397648215293884
2026-05-14 15:54:53.132559+02:00,-0.017410865053534508
2026-05-14 15:54:53.148184+02:00,-0.01428594533354044
2026-05-14 15:54:53.163809+02:00,-0.011317200027406216
2026-05-14 15:54:53.179434+02:00,-0.008725101128220558
2026-05-14 15:54:53.195059+02:00,-0.00663879094645381
2026-05-14 15:54:53.210684+02:00,-0.0050921388901770115
2026-05-14 15:54:53.226309+02:00,-0.004034931771457195
2026-05-14 15:54:53.241934+02:00,-0.0033547482453286648
2026-05-14 15:54:53.257559+02:00,-0.0029012132436037064
2026-05-14 15:54:53.273184+02:00,-0.0025105923414230347
2026-05-14 15:54:53.288809+02:00,-0.00203016959130764
2026-05-14 15:54:53.304434+02:00,-0.0013381922617554665
2026-05-14 15:54:53.320059+02:00,-0.0003565726801753044
2026-05-14 15:54:53.335684+02:00,0.0009428765624761581
2026-05-14 15:54:53.351309+02:00,0.0025332756340503693
2026-05-14 15:54:53.366934+02:00,0.004322350025177002
2026-05-14 15:54:53.382559+02:00,0.006139823235571384
2026-05-14 15:54:53.398184+02:00,0.007735914550721645
2026-05-14 15:54:53.413809+02:00,0.008806109428405762
2026-05-14 15:54:53.429434+02:00,0.009043014608323574
2026-05-14 15:54:53.445059+02:00,0.008199118077754974
2026-05-14 15:54:53.460684+02:00,0.006144620478153229
2026-05-14 15:54:53.476309+02:00,0.0029076719656586647
2026-05-14 15:54:53.491934+02:00,-0.0013165473937988281
2026-05-14 15:54:53.507559+02:00,-0.00619097426533699
2026-05-14 15:54:53.523184+02:00,-0.011285643093287945
2026-05-14 15:54:53.538809+02:00,-0.016137462109327316
2026-05-14 15:54:53.554434+02:00,-0.020310144871473312
2026-05-14 15:54:53.570059+02:00,-0.023447059094905853
2026-05-14 15:54:53.585684+02:00,-0.025311369448900223
2026-05-14 15:54:53.601309+02:00,-0.025806747376918793
2026-05-14 15:54:53.616934+02:00,-0.024977920576930046
2026-05-14 15:54:53.632559+02:00,-0.02299628220498562
2026-05-14 15:54:53.648184+02:00,-0.02013164572417736
2026-05-14 15:54:53.663809+02:00,-0.01671113818883896
2026-05-14 15:54:53.679434+02:00,-0.013072671368718147
2026-05-14 15:54:53.695059+02:00,-0.009521866217255592
2026-05-14 15:54:53.710684+02:00,-0.00629790686070919
2026-05-14 15:54:53.726309+02:00,-0.003552103880792856
2026-05-14 15:54:53.741934+02:00,-0.0013421943876892328
2026-05-14 15:54:53.757559+02:00,0.00035945139825344086
2026-05-14 15:54:53.773184+02:00,0.001648331293836236
2026-05-14 15:54:53.788809+02:00,0.0026635818649083376
2026-05-14 15:54:53.804434+02:00,0.003560693236067891
2026-05-14 15:54:53.820059+02:00,0.004486636258661747
2026-05-14 15:54:53.835684+02:00,0.005560693796724081
2026-05-14 15:54:53.851309+02:00,0.006861826404929161
2026-05-14 15:54:53.866934+02:00,0.008420674130320549
2026-05-14 15:54:53.882559+02:00,0.010211058892309666
2026-05-14 15:54:53.898184+02:00,0.012136898003518581
2026-05-14 15:54:53.913809+02:00,0.014019519090652466
2026-05-14 15:54:53.929434+02:00,0.01560092344880104
2026-05-14 15:54:53.945059+02:00,0.01657533459365368
2026-05-14 15:54:53.960684+02:00,0.01664544828236103
2026-05-14 15:54:53.976309+02:00,0.015587217174470425
2026-05-14 15:54:53.991934+02:00,0.013304897584021091
2026-05-14 15:54:54.007559+02:00,0.00986325554549694
2026-05-14 15:54:54.023184+02:00,0.005489145405590534
2026-05-14 15:54:54.038809+02:00,0.0005418241489678621
2026-05-14 15:54:54.054434+02:00,-0.004539126995950937
2026-05-14 15:54:54.070059+02:00,-0.00929560512304306
2026-05-14 15:54:54.085684+02:00,-0.013310238718986511
2026-05-14 15:54:54.101309+02:00,-0.01625417172908783
2026-05-14 15:54:54.116934+02:00,-0.017920425161719322
2026-05-14 15:54:54.132559+02:00,-0.018240654841065407
2026-05-14 15:54:54.148184+02:00,-0.017283258959650993
2026-05-14 15:54:54.163809+02:00,-0.01523655652999878
2026-05-14 15:54:54.179434+02:00,-0.012380587868392467
2026-05-14 15:54:54.195059+02:00,-0.00904608704149723
2026-05-14 15:54:54.210684+02:00,-0.005565261002629995
2026-05-14 15:54:54.226309+02:00,-0.0022271848283708096
2026-05-14 15:54:54.241934+02:00,0.0007538979407399893
2026-05-14 15:54:54.257559+02:00,0.0032553263008594513
2026-05-14 15:54:54.273184+02:00,0.005246353335678577
2026-05-14 15:54:54.288809+02:00,0.006773579865694046
2026-05-14 15:54:54.304434+02:00,0.007937490940093994
2026-05-14 15:54:54.320059+02:00,0.008866941556334496
2026-05-14 15:54:54.335684+02:00,0.009697124361991882
2026-05-14 15:54:54.351309+02:00,0.010553104802966118
2026-05-14 15:54:54.366934+02:00,0.011537226848304272
2026-05-14 15:54:54.382559+02:00,0.012718599289655685
2026-05-14 15:54:54.398184+02:00,0.014123333618044853
2026-05-14 15:54:54.413809+02:00,0.01572248712182045
2026-05-14 15:54:54.429434+02:00,0.017416343092918396
2026-05-14 15:54:54.445059+02:00,0.019022654742002487
2026-05-14 15:54:54.460684+02:00,0.020283352583646774
2026-05-14 15:54:54.476309+02:00,0.02089773491024971
2026-05-14 15:54:54.491934+02:00,0.020577948540449142
2026-05-14 15:54:54.507559+02:00,0.01911427266895771
2026-05-14 15:54:54.523184+02:00,0.016431327909231186
2026-05-14 15:54:54.538809+02:00,0.012616420164704323
2026-05-14 15:54:54.554434+02:00,0.007913380861282349
2026-05-14 15:54:54.570059+02:00,0.002688041888177395
2026-05-14 15:54:54.585684+02:00,-0.0026237424463033676
2026-05-14 15:54:54.601309+02:00,-0.007574772462248802
2026-05-14 15:54:54.616934+02:00,-0.01176312007009983
2026-05-14 15:54:54.632559+02:00,-0.014879120513796806
2026-05-14 15:54:54.648184+02:00,-0.01673663780093193
2026-05-14 15:54:54.663809+02:00,-0.01728685572743416
2026-05-14 15:54:54.679434+02:00,-0.016614757478237152
2026-05-14 15:54:54.695059+02:00,-0.014919020235538483
2026-05-14 15:54:54.710684+02:00,-0.012479164637625217
2026-05-14 15:54:54.726309+02:00,-0.009614386595785618
2026-05-14 15:54:54.741934+02:00,-0.006640076637268066
2026-05-14 15:54:54.757559+02:00,-0.0038304291665554047
2026-05-14 15:54:54.773184+02:00,-0.0013902573846280575
2026-05-14 15:54:54.788809+02:00,0.0005629552761092782
2026-05-14 15:54:54.804434+02:00,0.0020026296842843294
2026-05-14 15:54:54.820059+02:00,0.0029829861596226692
2026-05-14 15:54:54.835684+02:00,0.003620193572714925
2026-05-14 15:54:54.851309+02:00,0.004067190922796726
2026-05-14 15:54:54.866934+02:00,0.004485557787120342
2026-05-14 15:54:54.882559+02:00,0.005020491313189268
2026-05-14 15:54:54.898184+02:00,0.005782586522400379
2026-05-14 15:54:54.913809+02:00,0.006835947744548321
2026-05-14 15:54:54.929434+02:00,0.008188808336853981
2026-05-14 15:54:54.945059+02:00,0.009780979715287685
2026-05-14 15:54:54.960684+02:00,0.011468742042779922
2026-05-14 15:54:54.976309+02:00,0.013020595535635948
2026-05-14 15:54:54.991934+02:00,0.014139069244265556
2026-05-14 15:54:55.007559+02:00,0.014509913511574268
2026-05-14 15:54:55.023184+02:00,0.013866432011127472
2026-05-14 15:54:55.038809+02:00,0.012051019817590714
2026-05-14 15:54:55.054434+02:00,0.009056647308170795
2026-05-14 15:54:55.070059+02:00,0.005038346629589796
2026-05-14 15:54:55.085684+02:00,0.0002941967686638236
2026-05-14 15:54:55.101309+02:00,-0.004777588881552219
2026-05-14 15:54:55.116934+02:00,-0.0097351698204875
2026-05-14 15:54:55.132559+02:00,-0.014152603223919868
2026-05-14 15:54:55.148184+02:00,-0.017672481015324593
2026-05-14 15:54:55.163809+02:00,-0.020044056698679924
2026-05-14 15:54:55.179434+02:00,-0.02114366553723812
2026-05-14 15:54:55.195059+02:00,-0.020978325977921486
2026-05-14 15:54:55.210684+02:00,-0.019674936309456825
2026-05-14 15:54:55.226309+02:00,-0.017456158995628357
2026-05-14 15:54:55.241934+02:00,-0.01460479386150837
2026-05-14 15:54:55.257559+02:00,-0.011422787792980671
2026-05-14 15:54:55.273184+02:00,-0.008192291483283043
2026-05-14 15:54:55.288809+02:00,-0.005143573973327875
2026-05-14 15:54:55.304434+02:00,-0.002434162190183997
2026-05-14 15:54:55.320059+02:00,-0.0001419952604919672
2026-05-14 15:54:55.335684+02:00,0.0017294723074883223
2026-05-14 15:54:55.351309+02:00,0.003238173434510827
2026-05-14 15:54:55.366934+02:00,0.004485873971134424
2026-05-14 15:54:55.382559+02:00,0.005598194431513548
2026-05-14 15:54:55.398184+02:00,0.006702175363898277
2026-05-14 15:54:55.413809+02:00,0.00790468417108059
2026-05-14 15:54:55.429434+02:00,0.009277122095227242
2026-05-14 15:54:55.445059+02:00,0.010844921693205833
2026-05-14 15:54:55.460684+02:00,0.012575304135680199
2026-05-14 15:54:55.476309+02:00,0.014361876994371414
2026-05-14 15:54:55.491934+02:00,0.016015712171792984
2026-05-14 15:54:55.507559+02:00,0.017278511077165604
2026-05-14 15:54:55.523184+02:00,0.017863549292087555
2026-05-14 15:54:55.538809+02:00,0.017513491213321686
2026-05-14 15:54:55.554434+02:00,0.016058307141065598
2026-05-14 15:54:55.570059+02:00,0.013459613546729088
2026-05-14 15:54:55.585684+02:00,0.00983084924519062
2026-05-14 15:54:55.601309+02:00,0.005427796859294176
2026-05-14 15:54:55.616934+02:00,0.0006127826636657119
2026-05-14 15:54:55.632559+02:00,-0.004197063855826855
2026-05-14 15:54:55.648184+02:00,-0.008586451411247253
2026-05-14 15:54:55.663809+02:00,-0.01219484955072403
2026-05-14 15:54:55.679434+02:00,-0.014757251366972923
2026-05-14 15:54:55.695059+02:00,-0.016127968207001686
2026-05-14 15:54:55.710684+02:00,-0.016288921236991882
2026-05-14 15:54:55.726309+02:00,-0.01534273475408554
2026-05-14 15:54:55.741934+02:00,-0.013488995842635632
2026-05-14 15:54:55.757559+02:00,-0.010988717898726463
2026-05-14 15:54:55.773184+02:00,-0.008126647211611271
2026-05-14 15:54:55.788809+02:00,-0.005176422651857138
2026-05-14 15:54:55.804434+02:00,-0.0023699142038822174
2026-05-14 15:54:55.820059+02:00,0.0001264071324840188
2026-05-14 15:54:55.835684+02:00,0.0022232234477996826
2026-05-14 15:54:55.851309+02:00,0.0039061992429196835
2026-05-14 15:54:55.866934+02:00,0.005223819054663181
2026-05-14 15:54:55.882559+02:00,0.0062692309729754925
2026-05-14 15:54:55.898184+02:00,0.0071576423943042755
2026-05-14 15:54:55.913809+02:00,0.00800401158630848
2026-05-14 15:54:55.929434+02:00,0.008906467817723751
2026-05-14 15:54:55.945059+02:00,0.00993591733276844
2026-05-14 15:54:55.960684+02:00,0.011130698025226593
2026-05-14 15:54:55.976309+02:00,0.012493535876274109
2026-05-14 15:54:55.991934+02:00,0.013983763754367828
2026-05-14 15:54:56.007559+02:00,0.015502446331083775
2026-05-14 15:54:56.023184+02:00,0.016880033537745476
2026-05-14 15:54:56.038809+02:00,0.017880747094750404
2026-05-14 15:54:56.054434+02:00,0.01823311671614647
2026-05-14 15:54:56.070059+02:00,0.017684346064925194
2026-05-14 15:54:56.085684+02:00,0.01606224663555622
2026-05-14 15:54:56.101309+02:00,0.013324026018381119
2026-05-14 15:54:56.116934+02:00,0.009577339515089989
2026-05-14 15:54:56.132559+02:00,0.005068986676633358
2026-05-14 15:54:56.148184+02:00,0.00014739716425538063
2026-05-14 15:54:56.163809+02:00,-0.0047878664918243885
2026-05-14 15:54:56.179434+02:00,-0.009337746538221836
2026-05-14 15:54:56.195059+02:00,-0.013150185346603394
2026-05-14 15:54:56.210684+02:00,-0.015957873314619064
2026-05-14 15:54:56.226309+02:00,-0.017603956162929535
2026-05-14 15:54:56.241934+02:00,-0.0180530846118927
2026-05-14 15:54:56.257559+02:00,-0.017386147752404213
2026-05-14 15:54:56.273184+02:00,-0.015780534595251083
2026-05-14 15:54:56.288809+02:00,-0.01348160207271576
2026-05-14 15:54:56.304434+02:00,-0.01076935138553381
2026-05-14 15:54:56.320059+02:00,-0.00792235229164362
2026-05-14 15:54:56.335684+02:00,-0.005183539353311062
2026-05-14 15:54:56.351309+02:00,-0.002734137699007988
2026-05-14 15:54:56.366934+02:00,-0.0006802307907491922
2026-05-14 15:54:56.382559+02:00,0.0009473052341490984
2026-05-14 15:54:56.398184+02:00,0.0021825567819178104
2026-05-14 15:54:56.413809+02:00,0.003108011558651924
2026-05-14 15:54:56.429434+02:00,0.003834197763353586
2026-05-14 15:54:56.445059+02:00,0.004478646442294121
2026-05-14 15:54:56.460684+02:00,0.005148706492036581
2026-05-14 15:54:56.476309+02:00,0.005929088220000267
2026-05-14 15:54:56.491934+02:00,0.006872186437249184
2026-05-14 15:54:56.507559+02:00,0.007993056438863277
2026-05-14 15:54:56.523184+02:00,0.009271368384361267
2026-05-14 15:54:56.538809+02:00,0.010656129568815231
2026-05-14 15:54:56.554434+02:00,0.012064497917890549
2026-05-14 15:54:56.570059+02:00,0.013371223583817482
2026-05-14 15:54:56.585684+02:00,0.014398390427231789
2026-05-14 15:54:56.601309+02:00,0.014921636320650578
2026-05-14 15:54:56.616934+02:00,0.014701486565172672
2026-05-14 15:54:56.632559+02:00,0.01353378500789404
2026-05-14 15:54:56.648184+02:00,0.011301897466182709
2026-05-14 15:54:56.663809+02:00,0.008013916201889515
2026-05-14 15:54:56.679434+02:00,0.003815409727394581
2026-05-14 15:54:56.695059+02:00,-0.0010241800919175148
2026-05-14 15:54:56.710684+02:00,-0.006146351341158152
2026-05-14 15:54:56.726309+02:00,-0.011151034384965897
2026-05-14 15:54:56.741934+02:00,-0.01564859040081501
2026-05-14 15:54:56.757559+02:00,-0.01930847391486168
2026-05-14 15:54:56.773184+02:00,-0.02189718931913376
2026-05-14 15:54:56.788809+02:00,-0.023300684988498688
2026-05-14 15:54:56.804434+02:00,-0.02352968603372574
2026-05-14 15:54:56.820059+02:00,-0.022708360105752945
2026-05-14 15:54:56.835684+02:00,-0.021047597751021385
2026-05-14 15:54:56.851309+02:00,-0.018808048218488693
2026-05-14 15:54:56.866934+02:00,-0.016262421384453773
2026-05-14 15:54:56.882559+02:00,-0.013662881217896938
2026-05-14 15:54:56.898184+02:00,-0.011214232072234154
2026-05-14 15:54:56.913809+02:00,-0.009054829366505146
2026-05-14 15:54:56.929434+02:00,-0.007248635869473219
2026-05-14 15:54:56.945059+02:00,-0.005790296010673046
2026-05-14 15:54:56.960684+02:00,-0.004620683379471302
2026-05-14 15:54:56.976309+02:00,-0.003647297853603959
2026-05-14 15:54:56.991934+02:00,-0.002764681586995721
2026-05-14 15:54:57.007559+02:00,-0.0018718456849455833
2026-05-14 15:54:57.023184+02:00,-0.0008855774067342281
2026-05-14 15:54:57.038809+02:00,0.0002510072663426399
2026-05-14 15:54:57.054434+02:00,0.0015656929463148117
2026-05-14 15:54:57.070059+02:00,0.0030597508884966373
2026-05-14 15:54:57.085684+02:00,0.004711776506155729
2026-05-14 15:54:57.101309+02:00,0.006476437207311392
2026-05-14 15:54:57.116934+02:00,0.008275553584098816
2026-05-14 15:54:57.132559+02:00,0.009984936565160751
2026-05-14 15:54:57.148184+02:00,0.011426066048443317
2026-05-14 15:54:57.163809+02:00,0.01237495243549347
2026-05-14 15:54:57.179434+02:00,0.012593401595950127
2026-05-14 15:54:57.195059+02:00,0.01187614444643259
2026-05-14 15:54:57.210684+02:00,0.010100793093442917
2026-05-14 15:54:57.226309+02:00,0.007266473025083542
2026-05-14 15:54:57.241934+02:00,0.00350971519947052
2026-05-14 15:54:57.257559+02:00,-0.000907503068447113
2026-05-14 15:54:57.273184+02:00,-0.005633282475173473
2026-05-14 15:54:57.288809+02:00,-0.010274363681674004
2026-05-14 15:54:57.304434+02:00,-0.014447133988142014
2026-05-14 15:54:57.320059+02:00,-0.01782299391925335
2026-05-14 15:54:57.335684+02:00,-0.020163405686616898
2026-05-14 15:54:57.351309+02:00,-0.021341659128665924
2026-05-14 15:54:57.366934+02:00,-0.02134932205080986
2026-05-14 15:54:57.382559+02:00,-0.020287364721298218
2026-05-14 15:54:57.398184+02:00,-0.01834489218890667
2026-05-14 15:54:57.413809+02:00,-0.01577005349099636
2026-05-14 15:54:57.429434+02:00,-0.012836295180022717
2026-05-14 15:54:57.445059+02:00,-0.009807394817471504
2026-05-14 15:54:57.460684+02:00,-0.006907332222908735
2026-05-14 15:54:57.476309+02:00,-0.004300200846046209
2026-05-14 15:54:57.491934+02:00,-0.002080945298075676
2026-05-14 15:54:57.507559+02:00,-0.000274594291113317
2026-05-14 15:54:57.523184+02:00,0.0011574291856959462
2026-05-14 15:54:57.538809+02:00,0.002303091809153557
2026-05-14 15:54:57.554434+02:00,0.0032781793270260096
2026-05-14 15:54:57.570059+02:00,0.00420274306088686
2026-05-14 15:54:57.585684+02:00,0.005181644577533007
2026-05-14 15:54:57.601309+02:00,0.006290827412158251
2026-05-14 15:54:57.616934+02:00,0.007569942157715559
2026-05-14 15:54:57.632559+02:00,0.009022536687552929
2026-05-14 15:54:57.648184+02:00,0.010621311143040657
2026-05-14 15:54:57.663809+02:00,0.01231310423463583
2026-05-14 15:54:57.679434+02:00,0.014019103720784187
2026-05-14 15:54:57.695059+02:00,0.015627233311533928
2026-05-14 15:54:57.710684+02:00,0.016980528831481934
2026-05-14 15:54:57.726309+02:00,0.01787656359374523
2026-05-14 15:54:57.741934+02:00,0.01809072121977806
2026-05-14 15:54:57.757559+02:00,0.017420265823602676
2026-05-14 15:54:57.773184+02:00,0.015734797343611717
2026-05-14 15:54:57.788809+02:00,0.013015779666602612
2026-05-14 15:54:57.804434+02:00,0.009374386630952358
2026-05-14 15:54:57.820059+02:00,0.005045865662395954
2026-05-14 15:54:57.835684+02:00,0.00036026560701429844
2026-05-14 15:54:57.851309+02:00,-0.004305481910705566
2026-05-14 15:54:57.866934+02:00,-0.008580016903579235
2026-05-14 15:54:57.882559+02:00,-0.012142599560320377
2026-05-14 15:54:57.898184+02:00,-0.014756642282009125
2026-05-14 15:54:57.913809+02:00,-0.016290415078401566
2026-05-14 15:54:57.929434+02:00,-0.016723865643143654
2026-05-14 15:54:57.945059+02:00,-0.016140829771757126
2026-05-14 15:54:57.960684+02:00,-0.014709305949509144
2026-05-14 15:54:57.976309+02:00,-0.012655116617679596
2026-05-14 15:54:57.991934+02:00,-0.010231809690594673
2026-05-14 15:54:58.007559+02:00,-0.007688940968364477
2026-05-14 15:54:58.023184+02:00,-0.005243121646344662
2026-05-14 15:54:58.038809+02:00,-0.003056403947994113
2026-05-14 15:54:58.054434+02:00,-0.0012243428500369191
2026-05-14 15:54:58.070059+02:00,0.00022605533013120294
2026-05-14 15:54:58.085684+02:00,0.0013283214066177607
2026-05-14 15:54:58.101309+02:00,0.0021605005022138357
2026-05-14 15:54:58.116934+02:00,0.002826519776135683
2026-05-14 15:54:58.132559+02:00,0.003438352607190609
2026-05-14 15:54:58.148184+02:00,0.004099082667380571
2026-05-14 15:54:58.163809+02:00,0.00488860160112381
2026-05-14 15:54:58.179434+02:00,0.0058554476127028465
2026-05-14 15:54:58.195059+02:00,0.007015514187514782
2026-05-14 15:54:58.210684+02:00,0.008355035446584225
2026-05-14 15:54:58.226309+02:00,0.00983396451920271
2026-05-14 15:54:58.241934+02:00,0.011385316960513592
2026-05-14 15:54:58.257559+02:00,0.012907974421977997
2026-05-14 15:54:58.273184+02:00,0.014257005415856838
2026-05-14 15:54:58.288809+02:00,0.01524293702095747
2026-05-14 15:54:58.304434+02:00,0.015650518238544464
2026-05-14 15:54:58.320059+02:00,0.015275288373231888
2026-05-14 15:54:58.335684+02:00,0.013967313803732395
2026-05-14 15:54:58.351309+02:00,0.011671919375658035
2026-05-14 15:54:58.366934+02:00,0.008456585928797722
2026-05-14 15:54:58.382559+02:00,0.0045140148140490055
2026-05-14 15:54:58.398184+02:00,0.00013810698874294758
2026-05-14 15:54:58.413809+02:00,-0.004320109263062477
2026-05-14 15:54:58.429434+02:00,-0.008501797914505005
2026-05-14 15:54:58.445059+02:00,-0.01208456326276064
2026-05-14 15:54:58.460684+02:00,-0.014818078838288784
2026-05-14 15:54:58.476309+02:00,-0.016547342762351036
2026-05-14 15:54:58.491934+02:00,-0.01722174882888794
2026-05-14 15:54:58.507559+02:00,-0.01689217798411846
2026-05-14 15:54:58.523184+02:00,-0.015697617083787918
2026-05-14 15:54:58.538809+02:00,-0.013842284679412842
2026-05-14 15:54:58.554434+02:00,-0.0115668261423707
2026-05-14 15:54:58.570059+02:00,-0.009117580950260162
2026-05-14 15:54:58.585684+02:00,-0.006717222277075052
2026-05-14 15:54:58.601309+02:00,-0.0045402636751532555
2026-05-14 15:54:58.616934+02:00,-0.0026969099417328835
2026-05-14 15:54:58.632559+02:00,-0.0012279368238523602
2026-05-14 15:54:58.648184+02:00,-0.0001106590498238802
2026-05-14 15:54:58.663809+02:00,0.0007259391713887453
2026-05-14 15:54:58.679434+02:00,0.0013812081888318062
2026-05-14 15:54:58.695059+02:00,0.0019636708311736584
2026-05-14 15:54:58.710684+02:00,0.0025761995930224657
2026-05-14 15:54:58.726309+02:00,0.003305230988189578
2026-05-14 15:54:58.741934+02:00,0.0042120544239878654
2026-05-14 15:54:58.757559+02:00,0.005326882004737854
2026-05-14 15:54:58.773184+02:00,0.006646761670708656
2026-05-14 15:54:58.788809+02:00,0.008135260082781315
2026-05-14 15:54:58.804434+02:00,0.009720967151224613
2026-05-14 15:54:58.820059+02:00,0.011292514391243458
2026-05-14 15:54:58.835684+02:00,0.01269226148724556
2026-05-14 15:54:58.851309+02:00,0.013718393631279469
2026-05-14 15:54:58.866934+02:00,0.014144937507808208
2026-05-14 15:54:58.882559+02:00,0.01375929918140173
2026-05-14 15:54:58.898184+02:00,0.012408290058374405
2026-05-14 15:54:58.913809+02:00,0.010040201246738434
2026-05-14 15:54:58.929434+02:00,0.006730273365974426
2026-05-14 15:54:58.945059+02:00,0.00268234102986753
2026-05-14 15:54:58.960684+02:00,-0.0017939879326149821
2026-05-14 15:54:58.976309+02:00,-0.006327275186777115
2026-05-14 15:54:58.991934+02:00,-0.010538849048316479
2026-05-14 15:54:59.007559+02:00,-0.014093397185206413
2026-05-14 15:54:59.023184+02:00,-0.016737401485443115
2026-05-14 15:54:59.038809+02:00,-0.01832323707640171
2026-05-14 15:54:59.054434+02:00,-0.018817219883203506
2026-05-14 15:54:59.070059+02:00,-0.018292022868990898
2026-05-14 15:54:59.085684+02:00,-0.016906309872865677
2026-05-14 15:54:59.101309+02:00,-0.014876892790198326
2026-05-14 15:54:59.116934+02:00,-0.01244942657649517
2026-05-14 15:54:59.132559+02:00,-0.00986906886100769
2026-05-14 15:54:59.148184+02:00,-0.007352631539106369
2026-05-14 15:54:59.163809+02:00,-0.005066889338195324
2026-05-14 15:54:59.179434+02:00,-0.003116300329566002
2026-05-14 15:54:59.195059+02:00,-0.0015405132435262203
2026-05-14 15:54:59.210684+02:00,-0.00031874049454927444
2026-05-14 15:54:59.226309+02:00,0.0006201164796948433
2026-05-14 15:54:59.241934+02:00,0.001380035188049078
2026-05-14 15:54:59.257559+02:00,0.002076521050184965
2026-05-14 15:54:59.273184+02:00,0.0028170314617455006
2026-05-14 15:54:59.288809+02:00,0.0036865028087049723
2026-05-14 15:54:59.304434+02:00,0.0047393604181706905
2026-05-14 15:54:59.320059+02:00,0.005996229592710733
2026-05-14 15:54:59.335684+02:00,0.007442868314683437
2026-05-14 15:54:59.351309+02:00,0.009030327200889587
2026-05-14 15:54:59.366934+02:00,0.010673382319509983
2026-05-14 15:54:59.382559+02:00,0.012244078330695629
2026-05-14 15:54:59.398184+02:00,0.01356519851833582
2026-05-14 15:54:59.413809+02:00,0.014418071135878563
2026-05-14 15:54:59.429434+02:00,0.014574813656508923
2026-05-14 15:54:59.445059+02:00,0.013847239315509796
2026-05-14 15:54:59.460684+02:00,0.012135129421949387
2026-05-14 15:54:59.476309+02:00,0.009459694847464561
2026-05-14 15:54:59.491934+02:00,0.0059723141603171825
2026-05-14 15:54:59.507559+02:00,0.001935760141350329
2026-05-14 15:54:59.523184+02:00,-0.0023155095987021923
2026-05-14 15:54:59.538809+02:00,-0.006423696875572205
2026-05-14 15:54:59.554434+02:00,-0.010052639991044998
2026-05-14 15:54:59.570059+02:00,-0.012923826463520527
2026-05-14 15:54:59.585684+02:00,-0.014842307195067406
2026-05-14 15:54:59.601309+02:00,-0.015711776912212372
2026-05-14 15:54:59.616934+02:00,-0.015539120882749557
2026-05-14 15:54:59.632559+02:00,-0.01442817784845829
2026-05-14 15:54:59.648184+02:00,-0.012562085874378681
2026-05-14 15:54:59.663809+02:00,-0.010175622999668121
2026-05-14 15:54:59.679434+02:00,-0.007521047256886959
2026-05-14 15:54:59.695059+02:00,-0.004833884537220001
2026-05-14 15:54:59.710684+02:00,-0.002306201960891485
2026-05-14 15:54:59.726309+02:00,-7.043266668915749e-05
2026-05-14 15:54:59.741934+02:00,0.0018069380894303322
2026-05-14 15:54:59.757559+02:00,0.00332129979506135
2026-05-14 15:54:59.773184+02:00,0.004517870955169201
2026-05-14 15:54:59.788809+02:00,0.005477688740938902
2026-05-14 15:54:59.804434+02:00,0.006303034722805023
2026-05-14 15:54:59.820059+02:00,0.007101478520780802
2026-05-14 15:54:59.835684+02:00,0.007970317266881466
2026-05-14 15:54:59.851309+02:00,0.008982173167169094
2026-05-14 15:54:59.866934+02:00,0.0101739801466465
2026-05-14 15:54:59.882559+02:00,0.011544296517968178
2026-05-14 15:54:59.898184+02:00,0.01305554248392582
2026-05-14 15:54:59.913809+02:00,0.01463111862540245
2026-05-14 15:54:59.929434+02:00,0.016146734356880188
2026-05-14 15:54:59.945059+02:00,0.01742568239569664
2026-05-14 15:54:59.960684+02:00,0.018247252330183983
2026-05-14 15:54:59.976309+02:00,0.018373707309365273
2026-05-14 15:54:59.991934+02:00,0.01759614609181881
2026-05-14 15:55:00.007559+02:00,0.015787366777658463
2026-05-14 15:55:00.023184+02:00,0.012941084802150726
2026-05-14 15:55:00.038809+02:00,0.009185206145048141
2026-05-14 15:55:00.054434+02:00,0.00477065984159708
2026-05-14 15:55:00.070059+02:00,4.029320552945137e-05
2026-05-14 15:55:00.085684+02:00,-0.004617935046553612
2026-05-14 15:55:00.101309+02:00,-0.008824815042316914
2026-05-14 15:55:00.116934+02:00,-0.0122591657564044
2026-05-14 15:55:00.132559+02:00,-0.0146933039650321
2026-05-14 15:55:00.148184+02:00,-0.01601244881749153
2026-05-14 15:55:00.163809+02:00,-0.01621917076408863
2026-05-14 15:55:00.179434+02:00,-0.015422281809151173
2026-05-14 15:55:00.195059+02:00,-0.013813231140375137
2026-05-14 15:55:00.210684+02:00,-0.011636368930339813
2026-05-14 15:55:00.226309+02:00,-0.009157056920230389
2026-05-14 15:55:00.241934+02:00,-0.006630512420088053
2026-05-14 15:55:00.257559+02:00,-0.004273345693945885
2026-05-14 15:55:00.273184+02:00,-0.002240283414721489
2026-05-14 15:55:00.288809+02:00,-0.000611873809248209
2026-05-14 15:55:00.304434+02:00,0.0006039286963641644
2026-05-14 15:55:00.320059+02:00,0.0014600506983697414
2026-05-14 15:55:00.335684+02:00,0.0020520505495369434
2026-05-14 15:55:00.351309+02:00,0.002496810629963875
2026-05-14 15:55:00.366934+02:00,0.0029139614198356867
2026-05-14 15:55:00.382559+02:00,0.003411678597331047
2026-05-14 15:55:00.398184+02:00,0.004073831718415022
2026-05-14 15:55:00.413809+02:00,0.004949585068970919
2026-05-14 15:55:00.429434+02:00,0.006049877963960171
2026-05-14 15:55:00.445059+02:00,0.007349005900323391
2026-05-14 15:55:00.460684+02:00,0.00878368690609932
2026-05-14 15:55:00.476309+02:00,0.010244804434478283
2026-05-14 15:55:00.491934+02:00,0.01156691275537014
2026-05-14 15:55:00.507559+02:00,0.012530387379229069
2026-05-14 15:55:00.523184+02:00,0.012887153774499893
2026-05-14 15:55:00.538809+02:00,0.012405495159327984
2026-05-14 15:55:00.554434+02:00,0.010920921340584755
2026-05-14 15:55:00.570059+02:00,0.008379984647035599
2026-05-14 15:55:00.585684+02:00,0.004865438211709261
2026-05-14 15:55:00.601309+02:00,0.0005949310725554824
2026-05-14 15:55:00.616934+02:00,-0.004107150249183178
2026-05-14 15:55:00.632559+02:00,-0.00885586068034172
2026-05-14 15:55:00.648184+02:00,-0.013258778490126133
2026-05-14 15:55:00.663809+02:00,-0.0169680155813694
2026-05-14 15:55:00.679434+02:00,-0.01972140558063984
2026-05-14 15:55:00.695059+02:00,-0.02136506699025631
2026-05-14 15:55:00.710684+02:00,-0.021859847009181976
2026-05-14 15:55:00.726309+02:00,-0.021277032792568207
2026-05-14 15:55:00.741934+02:00,-0.019782328978180885
2026-05-14 15:55:00.757559+02:00,-0.01760762184858322
2026-05-14 15:55:00.773184+02:00,-0.015016507357358932
2026-05-14 15:55:00.788809+02:00,-0.012269211933016777
2026-05-14 15:55:00.804434+02:00,-0.009590685367584229
2026-05-14 15:55:00.820059+02:00,-0.007147517055273056
2026-05-14 15:55:00.835684+02:00,-0.0050377375446259975
2026-05-14 15:55:00.851309+02:00,-0.0032923961989581585
2026-05-14 15:55:00.866934+02:00,-0.0018843789584934711
2026-05-14 15:55:00.882559+02:00,-0.0007409662939608097
2026-05-14 15:55:00.898184+02:00,0.00023959670215845108
2026-05-14 15:55:00.913809+02:00,0.0011682822369039059
2026-05-14 15:55:00.929434+02:00,0.0021463516168296337
2026-05-14 15:55:00.945059+02:00,0.0032511139288544655
2026-05-14 15:55:00.960684+02:00,0.00452854298055172
2026-05-14 15:55:00.976309+02:00,0.0059922365471720695
2026-05-14 15:55:00.991934+02:00,0.0076248967088758945
2026-05-14 15:55:01.007559+02:00,0.009375300258398056
2026-05-14 15:55:01.023184+02:00,0.011146388947963715
2026-05-14 15:55:01.038809+02:00,0.012781871482729912
2026-05-14 15:55:01.054434+02:00,0.014066656120121479
2026-05-14 15:55:01.070059+02:00,0.01475055143237114
2026-05-14 15:55:01.085684+02:00,0.014592543244361877
2026-05-14 15:55:01.101309+02:00,0.013414625078439713
2026-05-14 15:55:01.116934+02:00,0.011148717254400253
2026-05-14 15:55:01.132559+02:00,0.007862505502998829
2026-05-14 15:55:01.148184+02:00,0.003760084742680192
2026-05-14 15:55:01.163809+02:00,-0.0008421237580478191
2026-05-14 15:55:01.179434+02:00,-0.00556016294285655
2026-05-14 15:55:01.195059+02:00,-0.009997183457016945
2026-05-14 15:55:01.210684+02:00,-0.013795604929327965
2026-05-14 15:55:01.226309+02:00,-0.016677815467119217
2026-05-14 15:55:01.241934+02:00,-0.01847098395228386
2026-05-14 15:55:01.257559+02:00,-0.019115960225462914
2026-05-14 15:55:01.273184+02:00,-0.018663113936781883
2026-05-14 15:55:01.288809+02:00,-0.017257116734981537
2026-05-14 15:55:01.304434+02:00,-0.015112213790416718
2026-05-14 15:55:01.320059+02:00,-0.012482437305152416
2026-05-14 15:55:01.335684+02:00,-0.00962959323078394
2026-05-14 15:55:01.351309+02:00,-0.006791149266064167
2026-05-14 15:55:01.366934+02:00,-0.004153999499976635
2026-05-14 15:55:01.382559+02:00,-0.0018385900184512138
2026-05-14 15:55:01.398184+02:00,0.00010630302131175995
2026-05-14 15:55:01.413809+02:00,0.0016987267881631851
2026-05-14 15:55:01.429434+02:00,0.0030090855434536934
2026-05-14 15:55:01.445059+02:00,0.00413898890838027
2026-05-14 15:55:01.460684+02:00,0.005199812818318605
2026-05-14 15:55:01.476309+02:00,0.006295266095548868
2026-05-14 15:55:01.491934+02:00,0.0075080618262290955
2026-05-14 15:55:01.507559+02:00,0.008890798315405846
2026-05-14 15:55:01.523184+02:00,0.01046207919716835
2026-05-14 15:55:01.538809+02:00,0.01220642775297165
2026-05-14 15:55:01.554434+02:00,0.014070622622966766
2026-05-14 15:55:01.570059+02:00,0.015951141715049744
2026-05-14 15:55:01.585684+02:00,0.01768186315894127
2026-05-14 15:55:01.601309+02:00,0.019036710262298584
2026-05-14 15:55:01.616934+02:00,0.019753240048885345
2026-05-14 15:55:01.632559+02:00,0.019575726240873337
2026-05-14 15:55:01.648184+02:00,0.01831028051674366
2026-05-14 15:55:01.663809+02:00,0.0158766470849514
2026-05-14 15:55:01.679434+02:00,0.012339849025011063
2026-05-14 15:55:01.695059+02:00,0.00791274942457676
2026-05-14 15:55:01.710684+02:00,0.0029299568850547075
2026-05-14 15:55:01.726309+02:00,-0.0021994225680828094
2026-05-14 15:55:01.741934+02:00,-0.0070481691509485245
2026-05-14 15:55:01.757559+02:00,-0.011225033551454544
2026-05-14 15:55:01.773184+02:00,-0.01441933773458004
2026-05-14 15:55:01.788809+02:00,-0.016432974487543106
2026-05-14 15:55:01.804434+02:00,-0.017196984961628914
2026-05-14 15:55:01.820059+02:00,-0.016768861562013626
2026-05-14 15:55:01.835684+02:00,-0.015312379226088524
2026-05-14 15:55:01.851309+02:00,-0.01306764967739582
2026-05-14 15:55:01.866934+02:00,-0.01031668484210968
2026-05-14 15:55:01.882559+02:00,-0.007346336729824543
2026-05-14 15:55:01.898184+02:00,-0.004412892274558544
2026-05-14 15:55:01.913809+02:00,-0.0017150584608316422
2026-05-14 15:55:01.929434+02:00,0.0006209658458828926
2026-05-14 15:55:01.945059+02:00,0.0025437469594180584
2026-05-14 15:55:01.960684+02:00,0.004068375565111637
2026-05-14 15:55:01.976309+02:00,0.0052632479928433895
2026-05-14 15:55:01.991934+02:00,0.006233601830899715
2026-05-14 15:55:02.007559+02:00,0.007099789567291737
2026-05-14 15:55:02.023184+02:00,0.00797397643327713
2026-05-14 15:55:02.038809+02:00,0.008943038992583752
2026-05-14 15:55:02.054434+02:00,0.010060613974928856
2026-05-14 15:55:02.070059+02:00,0.011346783488988876
2026-05-14 15:55:02.085684+02:00,0.012793131172657013
2026-05-14 15:55:02.101309+02:00,0.01436776202172041
2026-05-14 15:55:02.116934+02:00,0.01601342111825943
2026-05-14 15:55:02.132559+02:00,0.017637696117162704
2026-05-14 15:55:02.148184+02:00,0.019099818542599678
2026-05-14 15:55:02.163809+02:00,0.0202023908495903
2026-05-14 15:55:02.179434+02:00,0.020701799541711807
2026-05-14 15:55:02.195059+02:00,0.020345261320471764
2026-05-14 15:55:02.210684+02:00,0.018924687057733536
2026-05-14 15:55:02.226309+02:00,0.016329890117049217
2026-05-14 15:55:02.241934+02:00,0.012587293982505798
2026-05-14 15:55:02.257559+02:00,0.007873287424445152
2026-05-14 15:55:02.273184+02:00,0.002497216919437051
2026-05-14 15:55:02.288809+02:00,-0.003141692141070962
2026-05-14 15:55:02.304434+02:00,-0.008612013421952724
2026-05-14 15:55:02.320059+02:00,-0.013507348485291004
2026-05-14 15:55:02.335684+02:00,-0.017492350190877914
2026-05-14 15:55:02.351309+02:00,-0.0203346349298954
2026-05-14 15:55:02.366934+02:00,-0.02192162349820137
2026-05-14 15:55:02.382559+02:00,-0.022262055426836014
2026-05-14 15:55:02.398184+02:00,-0.021475087851285934
2026-05-14 15:55:02.413809+02:00,-0.019769398495554924
2026-05-14 15:55:02.429434+02:00,-0.017412234097719193
2026-05-14 15:55:02.445059+02:00,-0.014691056683659554
2026-05-14 15:55:02.460684+02:00,-0.011875824071466923
2026-05-14 15:55:02.476309+02:00,-0.009189669974148273
2026-05-14 15:55:02.491934+02:00,-0.006789917591959238
2026-05-14 15:55:02.507559+02:00,-0.004759021103382111
2026-05-14 15:55:02.523184+02:00,-0.003106094431132078
2026-05-14 15:55:02.538809+02:00,-0.0017789413686841726
2026-05-14 15:55:02.554434+02:00,-0.0006833956576883793
2026-05-14 15:55:02.570059+02:00,0.00029573729261755943
2026-05-14 15:55:02.585684+02:00,0.0012756014475598931
2026-05-14 15:55:02.601309+02:00,0.0023577483370900154
2026-05-14 15:55:02.616934+02:00,0.0036144894547760487
2026-05-14 15:55:02.632559+02:00,0.005083115771412849
2026-05-14 15:55:02.648184+02:00,0.006765872240066528
2026-05-14 15:55:02.663809+02:00,0.008632841520011425
2026-05-14 15:55:02.679434+02:00,0.010627753101289272
2026-05-14 15:55:02.695059+02:00,0.012671208009123802
2026-05-14 15:55:02.710684+02:00,0.014653551392257214
2026-05-14 15:55:02.726309+02:00,0.01642022654414177
2026-05-14 15:55:02.741934+02:00,0.017764100804924965
2026-05-14 15:55:02.757559+02:00,0.018438922241330147
2026-05-14 15:55:02.773184+02:00,0.018196847289800644
2026-05-14 15:55:02.788809+02:00,0.016841528937220573
2026-05-14 15:55:02.804434+02:00,0.014280973933637142
2026-05-14 15:55:02.820059+02:00,0.010562600567936897
2026-05-14 15:55:02.835684+02:00,0.005879852455109358
2026-05-14 15:55:02.851309+02:00,0.00055138417519629
2026-05-14 15:55:02.866934+02:00,-0.00501883402466774
2026-05-14 15:55:02.882559+02:00,-0.010392945259809494
2026-05-14 15:55:02.898184+02:00,-0.015156022273004055
2026-05-14 15:55:02.913809+02:00,-0.01896793581545353
2026-05-14 15:55:02.929434+02:00,-0.021599169820547104
2026-05-14 15:55:02.945059+02:00,-0.022946672514081
2026-05-14 15:55:02.960684+02:00,-0.023031270131468773
2026-05-14 15:55:02.976309+02:00,-0.021981459110975266
2026-05-14 15:55:02.991934+02:00,-0.020010504871606827
2026-05-14 15:55:03.007559+02:00,-0.01738816499710083
2026-05-14 15:55:03.023184+02:00,-0.01440568920224905
2026-05-14 15:55:03.038809+02:00,-0.01134006679058075
2026-05-14 15:55:03.054434+02:00,-0.008424567058682442
2026-05-14 15:55:03.070059+02:00,-0.005828015506267548
2026-05-14 15:55:03.085684+02:00,-0.0036447416059672832
2026-05-14 15:55:03.101309+02:00,-0.0018953441176563501
2026-05-14 15:55:03.116934+02:00,-0.0005363051895983517
2026-05-14 15:55:03.132559+02:00,0.0005228567169979215
2026-05-14 15:55:03.148184+02:00,0.001398492488078773
2026-05-14 15:55:03.163809+02:00,0.002214176580309868
2026-05-14 15:55:03.179434+02:00,0.0030871001072227955
2026-05-14 15:55:03.195059+02:00,0.004115546587854624
2026-05-14 15:55:03.210684+02:00,0.005365503951907158
2026-05-14 15:55:03.226309+02:00,0.006862542126327753
2026-05-14 15:55:03.241934+02:00,0.00859249010682106
2026-05-14 15:55:03.257559+02:00,0.010504022240638733
2026-05-14 15:55:03.273184+02:00,0.012504101730883121
2026-05-14 15:55:03.288809+02:00,0.014445945620536804
2026-05-14 15:55:03.304434+02:00,0.016120480373501778
2026-05-14 15:55:03.320059+02:00,0.01726488582789898
2026-05-14 15:55:03.335684+02:00,0.017594801262021065
2026-05-14 15:55:03.351309+02:00,0.016856979578733444
2026-05-14 15:55:03.366934+02:00,0.014888398349285126
2026-05-14 15:55:03.382559+02:00,0.01166320126503706
2026-05-14 15:55:03.398184+02:00,0.007313881069421768
2026-05-14 15:55:03.413809+02:00,0.0021210075356066227
2026-05-14 15:55:03.429434+02:00,-0.0035249225329607725
2026-05-14 15:55:03.445059+02:00,-0.009178755804896355
2026-05-14 15:55:03.460684+02:00,-0.014399632811546326
2026-05-14 15:55:03.476309+02:00,-0.018801748752593994
2026-05-14 15:55:03.491934+02:00,-0.022092211991548538
2026-05-14 15:55:03.507559+02:00,-0.024096084758639336
2026-05-14 15:55:03.523184+02:00,-0.02476694993674755
2026-05-14 15:55:03.538809+02:00,-0.02418140508234501
2026-05-14 15:55:03.554434+02:00,-0.022518975660204887
2026-05-14 15:55:03.570059+02:00,-0.02003159001469612
2026-05-14 15:55:03.585684+02:00,-0.017007526010274887
2026-05-14 15:55:03.601309+02:00,-0.013734960928559303
2026-05-14 15:55:03.616934+02:00,-0.010470126755535603
2026-05-14 15:55:03.632559+02:00,-0.007414027117192745
2026-05-14 15:55:03.648184+02:00,-0.004701522644609213
2026-05-14 15:55:03.663809+02:00,-0.0024032355286180973
2026-05-14 15:55:03.679434+02:00,-0.0005352570442482829
2026-05-14 15:55:03.695059+02:00,0.0009285630658268929
2026-05-14 15:55:03.710684+02:00,0.0020445464178919792
2026-05-14 15:55:03.726309+02:00,0.0028876117430627346
2026-05-14 15:55:03.741934+02:00,0.0035402649082243443
2026-05-14 15:55:03.757559+02:00,0.0040837363339960575
2026-05-14 15:55:03.773184+02:00,0.004591182805597782
2026-05-14 15:55:03.788809+02:00,0.0051224809139966965
2026-05-14 15:55:03.804434+02:00,0.005721349269151688
2026-05-14 15:55:03.820059+02:00,0.006413857918232679
2026-05-14 15:55:03.835684+02:00,0.007206379435956478
2026-05-14 15:55:03.851309+02:00,0.008079210296273232
2026-05-14 15:55:03.866934+02:00,0.008971991017460823
2026-05-14 15:55:03.882559+02:00,0.009766924194991589
2026-05-14 15:55:03.898184+02:00,0.010285560972988605
2026-05-14 15:55:03.913809+02:00,0.01031220518052578
2026-05-14 15:55:03.929434+02:00,0.009641602635383606
2026-05-14 15:55:03.945059+02:00,0.008133284747600555
2026-05-14 15:55:03.960684+02:00,0.005755621008574963
2026-05-14 15:55:03.976309+02:00,0.00260938610881567
2026-05-14 15:55:03.991934+02:00,-0.001076756976544857
2026-05-14 15:55:04.007559+02:00,-0.0049784425646066666
2026-05-14 15:55:04.023184+02:00,-0.008724386803805828
2026-05-14 15:55:04.038809+02:00,-0.01194821298122406
2026-05-14 15:55:04.054434+02:00,-0.014334817416965961
2026-05-14 15:55:04.070059+02:00,-0.01565753109753132
2026-05-14 15:55:04.085684+02:00,-0.01580204628407955
2026-05-14 15:55:04.101309+02:00,-0.014772595837712288
2026-05-14 15:55:04.116934+02:00,-0.01268130075186491
2026-05-14 15:55:04.132559+02:00,-0.009728116914629936
2026-05-14 15:55:04.148184+02:00,-0.006176100578159094
2026-05-14 15:55:04.163809+02:00,-0.0023201159201562405
2026-05-14 15:55:04.179434+02:00,0.00154991471208632
2026-05-14 15:55:04.195059+02:00,0.005183772183954716
2026-05-14 15:55:04.210684+02:00,0.008396653458476067
2026-05-14 15:55:04.226309+02:00,0.011082382872700691
2026-05-14 15:55:04.241934+02:00,0.013213889673352242
2026-05-14 15:55:04.257559+02:00,0.014832799322903156
2026-05-14 15:55:04.273184+02:00,0.016031095758080482
2026-05-14 15:55:04.288809+02:00,0.016929782927036285
2026-05-14 15:55:04.304434+02:00,0.017659734934568405
2026-05-14 15:55:04.320059+02:00,0.018345464020967484
2026-05-14 15:55:04.335684+02:00,0.019090132787823677
2026-05-14 15:55:04.351309+02:00,0.019964491948485374
2026-05-14 15:55:04.366934+02:00,0.02100326493382454
2026-05-14 15:55:04.382559+02:00,0.02220485545694828
2026-05-14 15:55:04.398184+02:00,0.02352575771510601
2026-05-14 15:55:04.413809+02:00,0.024865787476301193
2026-05-14 15:55:04.429434+02:00,0.02605193480849266
2026-05-14 15:55:04.445059+02:00,0.026836955919861794
2026-05-14 15:55:04.460684+02:00,0.02692400850355625
2026-05-14 15:55:04.476309+02:00,0.02601814642548561
2026-05-14 15:55:04.491934+02:00,0.023894162848591805
2026-05-14 15:55:04.507559+02:00,0.020459115505218506
2026-05-14 15:55:04.523184+02:00,0.015788786113262177
2026-05-14 15:55:04.538809+02:00,0.010128010995686054
2026-05-14 15:55:04.554434+02:00,0.0038545355200767517
2026-05-14 15:55:04.570059+02:00,-0.0025834632106125355
2026-05-14 15:55:04.585684+02:00,-0.008737049996852875
2026-05-14 15:55:04.601309+02:00,-0.014216077513992786
2026-05-14 15:55:04.616934+02:00,-0.01872946321964264
2026-05-14 15:55:04.632559+02:00,-0.02210317552089691
2026-05-14 15:55:04.648184+02:00,-0.02428033947944641
2026-05-14 15:55:04.663809+02:00,-0.02531159669160843
2026-05-14 15:55:04.679434+02:00,-0.025338653475046158
2026-05-14 15:55:04.695059+02:00,-0.024570483714342117
2026-05-14 15:55:04.710684+02:00,-0.023252874612808228
2026-05-14 15:55:04.726309+02:00,-0.02163439244031906
2026-05-14 15:55:04.741934+02:00,-0.019934117794036865
2026-05-14 15:55:04.757559+02:00,-0.01831742748618126
2026-05-14 15:55:04.773184+02:00,-0.016883088275790215
2026-05-14 15:55:04.788809+02:00,-0.015660297125577927
2026-05-14 15:55:04.804434+02:00,-0.01461544819176197
2026-05-14 15:55:04.820059+02:00,-0.013670442625880241
2026-05-14 15:55:04.835684+02:00,-0.012727819383144379
2026-05-14 15:55:04.851309+02:00,-0.011692412197589874
2026-05-14 15:55:04.866934+02:00,-0.010485013946890831
2026-05-14 15:55:04.882559+02:00,-0.009050365537405014
2026-05-14 15:55:04.898184+02:00,-0.007361424155533314
2026-05-14 15:55:04.913809+02:00,-0.005420872010290623
2026-05-14 15:55:04.929434+02:00,-0.00326308305375278
2026-05-14 15:55:04.945059+02:00,-0.0009605300147086382
2026-05-14 15:55:04.960684+02:00,0.001363502349704504
2026-05-14 15:55:04.976309+02:00,0.0035229194909334183
2026-05-14 15:55:04.991934+02:00,0.005275088828057051
