timestamp_utc,bvp
2026-05-14 15:34:35.006644+02:00,-0.00878983922302723
2026-05-14 15:34:35.022269+02:00,-0.007530146278440952
2026-05-14 15:34:35.037894+02:00,-0.006186570972204208
2026-05-14 15:34:35.053519+02:00,-0.004867286421358585
2026-05-14 15:34:35.069144+02:00,-0.003661525435745716
2026-05-14 15:34:35.084769+02:00,-0.0026327543891966343
2026-05-14 15:34:35.100394+02:00,-0.001816142350435257
2026-05-14 15:34:35.116019+02:00,-0.001219385303556919
2026-05-14 15:34:35.131644+02:00,-0.0008244924247264862
2026-05-14 15:34:35.147269+02:00,-0.0005901837721467018
2026-05-14 15:34:35.162894+02:00,-0.00045731570571660995
2026-05-14 15:34:35.178519+02:00,-0.0003581438213586807
2026-05-14 15:34:35.194144+02:00,-0.00022722966969013214
2026-05-14 15:34:35.209769+02:00,-1.0993331670761108e-05
2026-05-14 15:34:35.225394+02:00,0.0003265766426920891
2026-05-14 15:34:35.241019+02:00,0.0008026417344808578
2026-05-14 15:34:35.256644+02:00,0.0014170287176966667
2026-05-14 15:34:35.272269+02:00,0.0021550534293055534
2026-05-14 15:34:35.287894+02:00,0.002991152461618185
2026-05-14 15:34:35.303519+02:00,0.003892296925187111
2026-05-14 15:34:35.319144+02:00,0.004821637645363808
2026-05-14 15:34:35.334769+02:00,0.005743267014622688
2026-05-14 15:34:35.350394+02:00,0.006625684909522533
2026-05-14 15:34:35.366019+02:00,0.007442598696798086
2026-05-14 15:34:35.381644+02:00,0.008171889930963516
2026-05-14 15:34:35.397269+02:00,0.008790758438408375
2026-05-14 15:34:35.412894+02:00,0.0092655960470438
2026-05-14 15:34:35.428519+02:00,0.00954233855009079
2026-05-14 15:34:35.444144+02:00,0.009545051492750645
2026-05-14 15:34:35.459769+02:00,0.009184304624795914
2026-05-14 15:34:35.475394+02:00,0.008374135941267014
2026-05-14 15:34:35.491019+02:00,0.007054785266518593
2026-05-14 15:34:35.506644+02:00,0.005213199183344841
2026-05-14 15:34:35.522269+02:00,0.0028951314743608236
2026-05-14 15:34:35.537894+02:00,0.00020777061581611633
2026-05-14 15:34:35.553519+02:00,-0.0026887194253504276
2026-05-14 15:34:35.569144+02:00,-0.0056013320572674274
2026-05-14 15:34:35.584769+02:00,-0.008330725133419037
2026-05-14 15:34:35.600394+02:00,-0.010696066543459892
2026-05-14 15:34:35.616019+02:00,-0.012554038316011429
2026-05-14 15:34:35.631644+02:00,-0.013810889795422554
2026-05-14 15:34:35.647269+02:00,-0.014427030459046364
2026-05-14 15:34:35.662894+02:00,-0.01441502571105957
2026-05-14 15:34:35.678519+02:00,-0.013832289725542068
2026-05-14 15:34:35.694144+02:00,-0.012771026231348515
2026-05-14 15:34:35.709769+02:00,-0.011347952298820019
2026-05-14 15:34:35.725394+02:00,-0.009693686850368977
2026-05-14 15:34:35.741019+02:00,-0.007941270247101784
2026-05-14 15:34:35.756644+02:00,-0.0062148552387952805
2026-05-14 15:34:35.772269+02:00,-0.004619890823960304
2026-05-14 15:34:35.787894+02:00,-0.0032344823703169823
2026-05-14 15:34:35.803519+02:00,-0.0021026432514190674
2026-05-14 15:34:35.819144+02:00,-0.0012324117124080658
2026-05-14 15:34:35.834769+02:00,-0.0005997195839881897
2026-05-14 15:34:35.850394+02:00,-0.00015625078231096268
2026-05-14 15:34:35.866019+02:00,0.00016187690198421478
2026-05-14 15:34:35.881644+02:00,0.0004273541271686554
2026-05-14 15:34:35.897269+02:00,0.0007141530513763428
2026-05-14 15:34:35.912894+02:00,0.0010871179401874542
2026-05-14 15:34:35.928519+02:00,0.0015937024727463722
2026-05-14 15:34:35.944144+02:00,0.0022607287392020226
2026-05-14 15:34:35.959769+02:00,0.003093910403549671
2026-05-14 15:34:35.975394+02:00,0.004079356789588928
2026-05-14 15:34:35.991019+02:00,0.005187627859413624
2026-05-14 15:34:36.006644+02:00,0.006379669066518545
2026-05-14 15:34:36.022269+02:00,0.007612554356455803
2026-05-14 15:34:36.037894+02:00,0.008843506686389446
2026-05-14 15:34:36.053519+02:00,0.01003255881369114
2026-05-14 15:34:36.069144+02:00,0.011143982410430908
2026-05-14 15:34:36.084769+02:00,0.012144987471401691
2026-05-14 15:34:36.100394+02:00,0.012999448925256729
2026-05-14 15:34:36.116019+02:00,0.013656607829034328
2026-05-14 15:34:36.131644+02:00,0.01404037419706583
2026-05-14 15:34:36.147269+02:00,0.014046873897314072
2026-05-14 15:34:36.162894+02:00,0.013555694371461868
2026-05-14 15:34:36.178519+02:00,0.01245623268187046
2026-05-14 15:34:36.194144+02:00,0.01068070437759161
2026-05-14 15:34:36.209769+02:00,0.008230410516262054
2026-05-14 15:34:36.225394+02:00,0.005188503302633762
2026-05-14 15:34:36.241019+02:00,0.0017166356556117535
2026-05-14 15:34:36.256644+02:00,-0.0019643260166049004
2026-05-14 15:34:36.272269+02:00,-0.00560297816991806
2026-05-14 15:34:36.287894+02:00,-0.008948184549808502
2026-05-14 15:34:36.303519+02:00,-0.011777989566326141
2026-05-14 15:34:36.319144+02:00,-0.01392278354614973
2026-05-14 15:34:36.334769+02:00,-0.015279385261237621
2026-05-14 15:34:36.350394+02:00,-0.01581517979502678
2026-05-14 15:34:36.366019+02:00,-0.015563642606139183
2026-05-14 15:34:36.381644+02:00,-0.014613295905292034
2026-05-14 15:34:36.397269+02:00,-0.013093228451907635
2026-05-14 15:34:36.412894+02:00,-0.011159763671457767
2026-05-14 15:34:36.428519+02:00,-0.008983597159385681
2026-05-14 15:34:36.444144+02:00,-0.0067326901480555534
2026-05-14 15:34:36.459769+02:00,-0.004555612802505493
2026-05-14 15:34:36.475394+02:00,-0.0025721006095409393
2026-05-14 15:34:36.491019+02:00,-0.0008672056719660759
2026-05-14 15:34:36.506644+02:00,0.0005131922662258148
2026-05-14 15:34:36.522269+02:00,0.0015621064230799675
2026-05-14 15:34:36.537894+02:00,0.002307518385350704
2026-05-14 15:34:36.553519+02:00,0.002807432785630226
2026-05-14 15:34:36.569144+02:00,0.0031424369663000107
2026-05-14 15:34:36.584769+02:00,0.0034049497917294502
2026-05-14 15:34:36.600394+02:00,0.0036868369206786156
2026-05-14 15:34:36.616019+02:00,0.004067215137183666
2026-05-14 15:34:36.631644+02:00,0.004602840170264244
2026-05-14 15:34:36.647269+02:00,0.005324307829141617
2026-05-14 15:34:36.662894+02:00,0.006238230969756842
2026-05-14 15:34:36.678519+02:00,0.0073311771266162395
2026-05-14 15:34:36.694144+02:00,0.008572539314627647
2026-05-14 15:34:36.709769+02:00,0.009917806833982468
2026-05-14 15:34:36.725394+02:00,0.011313045397400856
2026-05-14 15:34:36.741019+02:00,0.012699608691036701
2026-05-14 15:34:36.756644+02:00,0.01401845645159483
2026-05-14 15:34:36.772269+02:00,0.015210561454296112
2026-05-14 15:34:36.787894+02:00,0.016209801658988
2026-05-14 15:34:36.803519+02:00,0.016931867226958275
2026-05-14 15:34:36.819144+02:00,0.01726692169904709
2026-05-14 15:34:36.834769+02:00,0.017083311453461647
2026-05-14 15:34:36.850394+02:00,0.016244571655988693
2026-05-14 15:34:36.866019+02:00,0.01463589072227478
2026-05-14 15:34:36.881644+02:00,0.0121961310505867
2026-05-14 15:34:36.897269+02:00,0.00894726812839508
2026-05-14 15:34:36.912894+02:00,0.005008338484913111
2026-05-14 15:34:36.928519+02:00,0.0005888943560421467
2026-05-14 15:34:36.944144+02:00,-0.004034215118736029
2026-05-14 15:34:36.959769+02:00,-0.008551334962248802
2026-05-14 15:34:36.975394+02:00,-0.012659507803618908
2026-05-14 15:34:36.991019+02:00,-0.01609758846461773
2026-05-14 15:34:37.006644+02:00,-0.0186699740588665
2026-05-14 15:34:37.022269+02:00,-0.020261220633983612
2026-05-14 15:34:37.037894+02:00,-0.020842961966991425
2026-05-14 15:34:37.053519+02:00,-0.02046823687851429
2026-05-14 15:34:37.069144+02:00,-0.019255386665463448
2026-05-14 15:34:37.084769+02:00,-0.01737026870250702
2026-05-14 15:34:37.100394+02:00,-0.015009233728051186
2026-05-14 15:34:37.116019+02:00,-0.012380555272102356
2026-05-14 15:34:37.131644+02:00,-0.009685294702649117
2026-05-14 15:34:37.147269+02:00,-0.007101783528923988
2026-05-14 15:34:37.162894+02:00,-0.004774193279445171
2026-05-14 15:34:37.178519+02:00,-0.0028022779151797295
2026-05-14 15:34:37.194144+02:00,-0.0012338412925601006
2026-05-14 15:34:37.209769+02:00,-6.410479545593262e-05
2026-05-14 15:34:37.225394+02:00,0.0007579559460282326
2026-05-14 15:34:37.241019+02:00,0.0013191606849431992
2026-05-14 15:34:37.256644+02:00,0.0017294930294156075
2026-05-14 15:34:37.272269+02:00,0.0021074856631457806
2026-05-14 15:34:37.287894+02:00,0.0025642113760113716
2026-05-14 15:34:37.303519+02:00,0.0031875898130238056
2026-05-14 15:34:37.319144+02:00,0.004031043034046888
2026-05-14 15:34:37.334769+02:00,0.0051107946783304214
2026-05-14 15:34:37.350394+02:00,0.0064096394926309586
2026-05-14 15:34:37.366019+02:00,0.007882480509579182
2026-05-14 15:34:37.381644+02:00,0.009464412927627563
2026-05-14 15:34:37.397269+02:00,0.011082385666668415
2026-05-14 15:34:37.412894+02:00,0.012666056863963604
2026-05-14 15:34:37.428519+02:00,0.014153989031910896
2026-05-14 15:34:37.444144+02:00,0.01549600064754486
2026-05-14 15:34:37.459769+02:00,0.016650890931487083
2026-05-14 15:34:37.475394+02:00,0.017575573176145554
2026-05-14 15:34:37.491019+02:00,0.018207373097538948
2026-05-14 15:34:37.506644+02:00,0.018449649214744568
2026-05-14 15:34:37.522269+02:00,0.01817084662616253
2026-05-14 15:34:37.537894+02:00,0.017220281064510345
2026-05-14 15:34:37.553519+02:00,0.015459191054105759
2026-05-14 15:34:37.569144+02:00,0.012800216674804688
2026-05-14 15:34:37.584769+02:00,0.009242177940905094
2026-05-14 15:34:37.600394+02:00,0.004888651892542839
2026-05-14 15:34:37.616019+02:00,-5.356676410883665e-05
2026-05-14 15:34:37.631644+02:00,-0.005294091533869505
2026-05-14 15:34:37.647269+02:00,-0.01049245148897171
2026-05-14 15:34:37.662894+02:00,-0.01530083641409874
2026-05-14 15:34:37.678519+02:00,-0.019407955929636955
2026-05-14 15:34:37.694144+02:00,-0.022573217749595642
2026-05-14 15:34:37.709769+02:00,-0.02464551478624344
2026-05-14 15:34:37.725394+02:00,-0.02556789293885231
2026-05-14 15:34:37.741019+02:00,-0.02537195011973381
2026-05-14 15:34:37.756644+02:00,-0.02416556142270565
2026-05-14 15:34:37.772269+02:00,-0.02211599238216877
2026-05-14 15:34:37.787894+02:00,-0.019430704414844513
2026-05-14 15:34:37.803519+02:00,-0.016338694840669632
2026-05-14 15:34:37.819144+02:00,-0.013072149828076363
2026-05-14 15:34:37.834769+02:00,-0.009847193956375122
2026-05-14 15:34:37.850394+02:00,-0.006846346892416477
2026-05-14 15:34:37.866019+02:00,-0.004205252509564161
2026-05-14 15:34:37.881644+02:00,-0.002004493959248066
2026-05-14 15:34:37.897269+02:00,-0.00026774918660521507
2026-05-14 15:34:37.912894+02:00,0.0010335627011954784
2026-05-14 15:34:37.928519+02:00,0.0019707223400473595
2026-05-14 15:34:37.944144+02:00,0.0026451293379068375
2026-05-14 15:34:37.959769+02:00,0.003173429286107421
2026-05-14 15:34:37.975394+02:00,0.0036714118905365467
2026-05-14 15:34:37.991019+02:00,0.004240615293383598
2026-05-14 15:34:38.006644+02:00,0.004960240796208382
2026-05-14 15:34:38.022269+02:00,0.005882240831851959
2026-05-14 15:34:38.037894+02:00,0.0070281848311424255
2026-05-14 15:34:38.053519+02:00,0.008390036411583424
2026-05-14 15:34:38.069144+02:00,0.009935280308127403
2026-05-14 15:34:38.084769+02:00,0.011614072136580944
2026-05-14 15:34:38.100394+02:00,0.013367464765906334
2026-05-14 15:34:38.116019+02:00,0.015134756453335285
2026-05-14 15:34:38.131644+02:00,0.01685614511370659
2026-05-14 15:34:38.147269+02:00,0.01847076416015625
2026-05-14 15:34:38.162894+02:00,0.01991046965122223
2026-05-14 15:34:38.178519+02:00,0.021087363362312317
2026-05-14 15:34:38.194144+02:00,0.02187981642782688
2026-05-14 15:34:38.209769+02:00,0.02212849073112011
2026-05-14 15:34:38.225394+02:00,0.021651413291692734
2026-05-14 15:34:38.241019+02:00,0.020277921110391617
2026-05-14 15:34:38.256644+02:00,0.017891161143779755
2026-05-14 15:34:38.272269+02:00,0.014466178603470325
2026-05-14 15:34:38.287894+02:00,0.010094108060002327
2026-05-14 15:34:38.303519+02:00,0.004985948093235493
2026-05-14 15:34:38.319144+02:00,-0.0005466556176543236
2026-05-14 15:34:38.334769+02:00,-0.006129680201411247
2026-05-14 15:34:38.350394+02:00,-0.011374923400580883
2026-05-14 15:34:38.366019+02:00,-0.01592760719358921
2026-05-14 15:34:38.381644+02:00,-0.01950475014746189
2026-05-14 15:34:38.397269+02:00,-0.021919475868344307
2026-05-14 15:34:38.412894+02:00,-0.02309045009315014
2026-05-14 15:34:38.428519+02:00,-0.023038875311613083
2026-05-14 15:34:38.444144+02:00,-0.021877149119973183
2026-05-14 15:34:38.459769+02:00,-0.019791211932897568
2026-05-14 15:34:38.475394+02:00,-0.017016714438796043
2026-05-14 15:34:38.491019+02:00,-0.013812536373734474
2026-05-14 15:34:38.506644+02:00,-0.010437235236167908
2026-05-14 15:34:38.522269+02:00,-0.007129151374101639
2026-05-14 15:34:38.537894+02:00,-0.004088240675628185
2026-05-14 15:34:38.553519+02:00,-0.001461520791053772
2026-05-14 15:34:38.569144+02:00,0.0006638526101596653
2026-05-14 15:34:38.584769+02:00,0.002259747125208378
2026-05-14 15:34:38.600394+02:00,0.0033524958416819572
2026-05-14 15:34:38.616019+02:00,0.004016593564301729
2026-05-14 15:34:38.631644+02:00,0.004364561289548874
2026-05-14 15:34:38.647269+02:00,0.004531478974968195
2026-05-14 15:34:38.662894+02:00,0.004655683413147926
2026-05-14 15:34:38.678519+02:00,0.004860240500420332
2026-05-14 15:34:38.694144+02:00,0.005240077152848244
2026-05-14 15:34:38.709769+02:00,0.0058553386479616165
2026-05-14 15:34:38.725394+02:00,0.006729542277753353
2026-05-14 15:34:38.741019+02:00,0.007851725444197655
2026-05-14 15:34:38.756644+02:00,0.009181961417198181
2026-05-14 15:34:38.772269+02:00,0.01066026370972395
2026-05-14 15:34:38.787894+02:00,0.012216005474328995
2026-05-14 15:34:38.803519+02:00,0.013774661347270012
2026-05-14 15:34:38.819144+02:00,0.01526227779686451
2026-05-14 15:34:38.834769+02:00,0.01660502329468727
2026-05-14 15:34:38.850394+02:00,0.017720285803079605
2026-05-14 15:34:38.866019+02:00,0.018502501770853996
2026-05-14 15:34:38.881644+02:00,0.018812865018844604
2026-05-14 15:34:38.897269+02:00,0.018483135849237442
2026-05-14 15:34:38.912894+02:00,0.01733865961432457
2026-05-14 15:34:38.928519+02:00,0.015237216837704182
2026-05-14 15:34:38.944144+02:00,0.012111954391002655
2026-05-14 15:34:38.959769+02:00,0.00800436269491911
2026-05-14 15:34:38.975394+02:00,0.003078208304941654
2026-05-14 15:34:38.991019+02:00,-0.00239002238959074
2026-05-14 15:34:39.006644+02:00,-0.008043413981795311
2026-05-14 15:34:39.022269+02:00,-0.013491039164364338
2026-05-14 15:34:39.037894+02:00,-0.018356243148446083
2026-05-14 15:34:39.053519+02:00,-0.022318122908473015
2026-05-14 15:34:39.069144+02:00,-0.025142930448055267
2026-05-14 15:34:39.084769+02:00,-0.026703227311372757
2026-05-14 15:34:39.100394+02:00,-0.02698221057653427
2026-05-14 15:34:39.116019+02:00,-0.026065398007631302
2026-05-14 15:34:39.131644+02:00,-0.024125277996063232
2026-05-14 15:34:39.147269+02:00,-0.021400272846221924
2026-05-14 15:34:39.162894+02:00,-0.018167663365602493
2026-05-14 15:34:39.178519+02:00,-0.014713883399963379
2026-05-14 15:34:39.194144+02:00,-0.011305906809866428
2026-05-14 15:34:39.209769+02:00,-0.008167658932507038
2026-05-14 15:34:39.225394+02:00,-0.005465182475745678
2026-05-14 15:34:39.241019+02:00,-0.003299043048173189
2026-05-14 15:34:39.256644+02:00,-0.00170220248401165
2026-05-14 15:34:39.272269+02:00,-0.0006447397172451019
2026-05-14 15:34:39.287894+02:00,-4.4248998165130615e-05
2026-05-14 15:34:39.303519+02:00,0.00021999329328536987
2026-05-14 15:34:39.319144+02:00,0.00029009394347667694
2026-05-14 15:34:39.334769+02:00,0.0003120517358183861
2026-05-14 15:34:39.350394+02:00,0.0004192385822534561
2026-05-14 15:34:39.366019+02:00,0.0007180999964475632
2026-05-14 15:34:39.381644+02:00,0.001278790645301342
2026-05-14 15:34:39.397269+02:00,0.0021321065723896027
2026-05-14 15:34:39.412894+02:00,0.003270740620791912
2026-05-14 15:34:39.428519+02:00,0.004653888754546642
2026-05-14 15:34:39.444144+02:00,0.006215781904757023
2026-05-14 15:34:39.459769+02:00,0.007875964045524597
2026-05-14 15:34:39.475394+02:00,0.009548078291118145
2026-05-14 15:34:39.491019+02:00,0.011143800802528858
2026-05-14 15:34:39.506644+02:00,0.01256883330643177
2026-05-14 15:34:39.522269+02:00,0.013711425475776196
2026-05-14 15:34:39.537894+02:00,0.014430585317313671
2026-05-14 15:34:39.553519+02:00,0.014556623063981533
2026-05-14 15:34:39.569144+02:00,0.013910716399550438
2026-05-14 15:34:39.584769+02:00,0.012338670901954174
2026-05-14 15:34:39.600394+02:00,0.009750708937644958
2026-05-14 15:34:39.616019+02:00,0.006157452240586281
2026-05-14 15:34:39.631644+02:00,0.0016895616427063942
2026-05-14 15:34:39.647269+02:00,-0.003406314179301262
2026-05-14 15:34:39.662894+02:00,-0.008794110268354416
2026-05-14 15:34:39.678519+02:00,-0.014090602286159992
2026-05-14 15:34:39.694144+02:00,-0.018913371488451958
2026-05-14 15:34:39.709769+02:00,-0.02292582020163536
2026-05-14 15:34:39.725394+02:00,-0.025873389095067978
2026-05-14 15:34:39.741019+02:00,-0.02760542370378971
2026-05-14 15:34:39.756644+02:00,-0.028079966083168983
2026-05-14 15:34:39.772269+02:00,-0.027355756610631943
2026-05-14 15:34:39.787894+02:00,-0.02557849884033203
2026-05-14 15:34:39.803519+02:00,-0.022961925715208054
2026-05-14 15:34:39.819144+02:00,-0.019761323928833008
2026-05-14 15:34:39.834769+02:00,-0.016244247555732727
2026-05-14 15:34:39.850394+02:00,-0.012665906921029091
2026-05-14 15:34:39.866019+02:00,-0.009250454604625702
2026-05-14 15:34:39.881644+02:00,-0.0061762165278196335
2026-05-14 15:34:39.897269+02:00,-0.0035652914084494114
2026-05-14 15:34:39.912894+02:00,-0.0014786440879106522
2026-05-14 15:34:39.928519+02:00,8.361972868442535e-05
2026-05-14 15:34:39.944144+02:00,0.0011770525015890598
2026-05-14 15:34:39.959769+02:00,0.0019006701186299324
2026-05-14 15:34:39.975394+02:00,0.002378417644649744
2026-05-14 15:34:39.991019+02:00,0.002741395030170679
2026-05-14 15:34:40.006644+02:00,0.0031140162609517574
2026-05-14 15:34:40.022269+02:00,0.003601608332246542
2026-05-14 15:34:40.037894+02:00,0.00428043631836772
2026-05-14 15:34:40.053519+02:00,0.005192717537283897
2026-05-14 15:34:40.069144+02:00,0.006346586160361767
2026-05-14 15:34:40.084769+02:00,0.007719050627201796
2026-05-14 15:34:40.100394+02:00,0.009260673075914383
2026-05-14 15:34:40.116019+02:00,0.010903464630246162
2026-05-14 15:34:40.131644+02:00,0.012572111561894417
2026-05-14 15:34:40.147269+02:00,0.014193510636687279
2026-05-14 15:34:40.162894+02:00,0.015697602182626724
2026-05-14 15:34:40.178519+02:00,0.01700766757130623
2026-05-14 15:34:40.194144+02:00,0.01802586205303669
2026-05-14 15:34:40.209769+02:00,0.018622783944010735
2026-05-14 15:34:40.225394+02:00,0.018639463931322098
2026-05-14 15:34:40.241019+02:00,0.017906520515680313
2026-05-14 15:34:40.256644+02:00,0.01627771556377411
2026-05-14 15:34:40.272269+02:00,0.013669471256434917
2026-05-14 15:34:40.287894+02:00,0.010094542987644672
2026-05-14 15:34:40.303519+02:00,0.0056795524433255196
2026-05-14 15:34:40.319144+02:00,0.0006616776809096336
2026-05-14 15:34:40.334769+02:00,-0.004636241588741541
2026-05-14 15:34:40.350394+02:00,-0.00984613411128521
2026-05-14 15:34:40.366019+02:00,-0.014600502327084541
2026-05-14 15:34:40.381644+02:00,-0.01857779547572136
2026-05-14 15:34:40.397269+02:00,-0.021539535373449326
2026-05-14 15:34:40.412894+02:00,-0.023348767310380936
2026-05-14 15:34:40.428519+02:00,-0.02396971732378006
2026-05-14 15:34:40.444144+02:00,-0.023456845432519913
2026-05-14 15:34:40.459769+02:00,-0.021940115839242935
2026-05-14 15:34:40.475394+02:00,-0.019608791917562485
2026-05-14 15:34:40.491019+02:00,-0.016691910102963448
2026-05-14 15:34:40.506644+02:00,-0.013436324894428253
2026-05-14 15:34:40.522269+02:00,-0.010085882619023323
2026-05-14 15:34:40.537894+02:00,-0.006861782167106867
2026-05-14 15:34:40.553519+02:00,-0.003944557160139084
2026-05-14 15:34:40.569144+02:00,-0.0014604830648750067
2026-05-14 15:34:40.584769+02:00,0.000525305513292551
2026-05-14 15:34:40.600394+02:00,0.0020085605792701244
2026-05-14 15:34:40.616019+02:00,0.0030406457372009754
2026-05-14 15:34:40.631644+02:00,0.003716992447152734
2026-05-14 15:34:40.647269+02:00,0.00415762746706605
2026-05-14 15:34:40.662894+02:00,0.004486949183046818
2026-05-14 15:34:40.678519+02:00,0.004819612950086594
2026-05-14 15:34:40.694144+02:00,0.005251956172287464
2026-05-14 15:34:40.709769+02:00,0.005856318864971399
2026-05-14 15:34:40.725394+02:00,0.00667597958818078
2026-05-14 15:34:40.741019+02:00,0.0077225216664373875
2026-05-14 15:34:40.756644+02:00,0.008978499099612236
2026-05-14 15:34:40.772269+02:00,0.010402346961200237
2026-05-14 15:34:40.787894+02:00,0.011933822184801102
2026-05-14 15:34:40.803519+02:00,0.01350254938006401
2026-05-14 15:34:40.819144+02:00,0.01503804512321949
2026-05-14 15:34:40.834769+02:00,0.0164753720164299
2026-05-14 15:34:40.850394+02:00,0.01775285415351391
2026-05-14 15:34:40.866019+02:00,0.018802449107170105
2026-05-14 15:34:40.881644+02:00,0.019536569714546204
2026-05-14 15:34:40.897269+02:00,0.0198393315076828
2026-05-14 15:34:40.912894+02:00,0.01957055740058422
2026-05-14 15:34:40.928519+02:00,0.01858449913561344
2026-05-14 15:34:40.944144+02:00,0.01676063984632492
2026-05-14 15:34:40.959769+02:00,0.014039979316294193
2026-05-14 15:34:40.975394+02:00,0.010454718954861164
2026-05-14 15:34:40.991019+02:00,0.006141212768852711
2026-05-14 15:34:41.006644+02:00,0.001332753337919712
2026-05-14 15:34:41.022269+02:00,-0.003666247706860304
2026-05-14 15:34:41.037894+02:00,-0.008518696762621403
2026-05-14 15:34:41.053519+02:00,-0.012898043729364872
2026-05-14 15:34:41.069144+02:00,-0.016527488827705383
2026-05-14 15:34:41.084769+02:00,-0.019205864518880844
2026-05-14 15:34:41.100394+02:00,-0.020817896351218224
2026-05-14 15:34:41.116019+02:00,-0.021335452795028687
2026-05-14 15:34:41.131644+02:00,-0.02081460878252983
2026-05-14 15:34:41.147269+02:00,-0.019385825842618942
2026-05-14 15:34:41.162894+02:00,-0.017235200852155685
2026-05-14 15:34:41.178519+02:00,-0.014581745490431786
2026-05-14 15:34:41.194144+02:00,-0.011655965819954872
2026-05-14 15:34:41.209769+02:00,-0.008680745959281921
2026-05-14 15:34:41.225394+02:00,-0.005853540729731321
2026-05-14 15:34:41.241019+02:00,-0.0033301988150924444
2026-05-14 15:34:41.256644+02:00,-0.0012137209996581078
2026-05-14 15:34:41.272269+02:00,0.0004494795575737953
2026-05-14 15:34:41.287894+02:00,0.0016659214161336422
2026-05-14 15:34:41.303519+02:00,0.002486476209014654
2026-05-14 15:34:41.319144+02:00,0.002996507566422224
2026-05-14 15:34:41.334769+02:00,0.0033038691617548466
2026-05-14 15:34:41.350394+02:00,0.0035233357921242714
2026-05-14 15:34:41.366019+02:00,0.0037617753259837627
2026-05-14 15:34:41.381644+02:00,0.004107246641069651
2026-05-14 15:34:41.397269+02:00,0.004621479660272598
2026-05-14 15:34:41.412894+02:00,0.005335886497050524
2026-05-14 15:34:41.428519+02:00,0.0062526678666472435
2026-05-14 15:34:41.444144+02:00,0.007350622210651636
2026-05-14 15:34:41.459769+02:00,0.008591054007411003
2026-05-14 15:34:41.475394+02:00,0.009921273216605186
2026-05-14 15:34:41.491019+02:00,0.011278776451945305
2026-05-14 15:34:41.506644+02:00,0.012598337605595589
2026-05-14 15:34:41.522269+02:00,0.01381983794271946
2026-05-14 15:34:41.537894+02:00,0.014892974868416786
2026-05-14 15:34:41.553519+02:00,0.015775512903928757
2026-05-14 15:34:41.569144+02:00,0.01642264798283577
2026-05-14 15:34:41.584769+02:00,0.016770537942647934
2026-05-14 15:34:41.600394+02:00,0.01672525331377983
2026-05-14 15:34:41.616019+02:00,0.01616692543029785
2026-05-14 15:34:41.631644+02:00,0.014969616197049618
2026-05-14 15:34:41.647269+02:00,0.013032227754592896
2026-05-14 15:34:41.662894+02:00,0.010312804952263832
2026-05-14 15:34:41.678519+02:00,0.006854670122265816
2026-05-14 15:34:41.694144+02:00,0.002794478088617325
2026-05-14 15:34:41.709769+02:00,-0.0016495101153850555
2026-05-14 15:34:41.725394+02:00,-0.00620260089635849
2026-05-14 15:34:41.741019+02:00,-0.010564398020505905
2026-05-14 15:34:41.756644+02:00,-0.014442594721913338
2026-05-14 15:34:41.772269+02:00,-0.017588971182703972
2026-05-14 15:34:41.787894+02:00,-0.019828880205750465
2026-05-14 15:34:41.803519+02:00,-0.021074820309877396
2026-05-14 15:34:41.819144+02:00,-0.02132684923708439
2026-05-14 15:34:41.834769+02:00,-0.020666316151618958
2026-05-14 15:34:41.850394+02:00,-0.019241061061620712
2026-05-14 15:34:41.866019+02:00,-0.0172421857714653
2026-05-14 15:34:41.881644+02:00,-0.014880573377013206
2026-05-14 15:34:41.897269+02:00,-0.012366954237222672
2026-05-14 15:34:41.912894+02:00,-0.009894191287457943
2026-05-14 15:34:41.928519+02:00,-0.007622458040714264
2026-05-14 15:34:41.944144+02:00,-0.005668087396770716
2026-05-14 15:34:41.959769+02:00,-0.004097359720617533
2026-05-14 15:34:41.975394+02:00,-0.0029276921413838863
2026-05-14 15:34:41.991019+02:00,-0.002134900540113449
2026-05-14 15:34:42.006644+02:00,-0.0016615907661616802
2026-05-14 15:34:42.022269+02:00,-0.0014250874519348145
2026-05-14 15:34:42.037894+02:00,-0.001327210571616888
2026-05-14 15:34:42.053519+02:00,-0.0012663709931075573
2026-05-14 15:34:42.069144+02:00,-0.0011495286598801613
2026-05-14 15:34:42.084769+02:00,-0.0009014410898089409
2026-05-14 15:34:42.100394+02:00,-0.0004705507308244705
2026-05-14 15:34:42.116019+02:00,0.00016821175813674927
2026-05-14 15:34:42.131644+02:00,0.0010142335668206215
2026-05-14 15:34:42.147269+02:00,0.0020452504977583885
2026-05-14 15:34:42.162894+02:00,0.0032223984599113464
2026-05-14 15:34:42.178519+02:00,0.004494423046708107
2026-05-14 15:34:42.194144+02:00,0.00580139085650444
2026-05-14 15:34:42.209769+02:00,0.0070798033848404884
2026-05-14 15:34:42.225394+02:00,0.008268382400274277
2026-05-14 15:34:42.241019+02:00,0.009308462031185627
2026-05-14 15:34:42.256644+02:00,0.010135665535926819
2026-05-14 15:34:42.272269+02:00,0.010669849812984467
2026-05-14 15:34:42.287894+02:00,0.010812066495418549
2026-05-14 15:34:42.303519+02:00,0.010452736169099808
2026-05-14 15:34:42.319144+02:00,0.009491970762610435
2026-05-14 15:34:42.334769+02:00,0.007865437306463718
2026-05-14 15:34:42.350394+02:00,0.005566827952861786
2026-05-14 15:34:42.366019+02:00,0.002662801183760166
2026-05-14 15:34:42.381644+02:00,-0.0007041078060865402
2026-05-14 15:34:42.397269+02:00,-0.00432805297896266
2026-05-14 15:34:42.412894+02:00,-0.007964229211211205
2026-05-14 15:34:42.428519+02:00,-0.011357877403497696
2026-05-14 15:34:42.444144+02:00,-0.014273324981331825
2026-05-14 15:34:42.459769+02:00,-0.016519902274012566
2026-05-14 15:34:42.475394+02:00,-0.01797010563313961
2026-05-14 15:34:42.491019+02:00,-0.018568528816103935
2026-05-14 15:34:42.506644+02:00,-0.01833323761820793
2026-05-14 15:34:42.522269+02:00,-0.017348818480968475
2026-05-14 15:34:42.537894+02:00,-0.015751920640468597
2026-05-14 15:34:42.553519+02:00,-0.013713261112570763
2026-05-14 15:34:42.569144+02:00,-0.011418342590332031
2026-05-14 15:34:42.584769+02:00,-0.009049549698829651
2026-05-14 15:34:42.600394+02:00,-0.006772042252123356
2026-05-14 15:34:42.616019+02:00,-0.0047215744853019714
2026-05-14 15:34:42.631644+02:00,-0.00299316574819386
2026-05-14 15:34:42.647269+02:00,-0.0016344795003533363
2026-05-14 15:34:42.662894+02:00,-0.0006481800228357315
2026-05-14 15:34:42.678519+02:00,-5.844049155712128e-07
2026-05-14 15:34:42.694144+02:00,0.00037004100158810616
2026-05-14 15:34:42.709769+02:00,0.0005453014746308327
2026-05-14 15:34:42.725394+02:00,0.0006155460141599178
2026-05-14 15:34:42.741019+02:00,0.0006684737745672464
2026-05-14 15:34:42.756644+02:00,0.0007810257375240326
2026-05-14 15:34:42.772269+02:00,0.0010144782718271017
2026-05-14 15:34:42.787894+02:00,0.0014107415918260813
2026-05-14 15:34:42.803519+02:00,0.001989881508052349
2026-05-14 15:34:42.819144+02:00,0.0027513504028320312
2026-05-14 15:34:42.834769+02:00,0.0036766361445188522
2026-05-14 15:34:42.850394+02:00,0.0047298334538936615
2026-05-14 15:34:42.866019+02:00,0.005860614590346813
2026-05-14 15:34:42.881644+02:00,0.007012645713984966
2026-05-14 15:34:42.897269+02:00,0.008131956681609154
2026-05-14 15:34:42.912894+02:00,0.009168580174446106
2026-05-14 15:34:42.928519+02:00,0.010069843381643295
2026-05-14 15:34:42.944144+02:00,0.010770524851977825
2026-05-14 15:34:42.959769+02:00,0.011186579242348671
2026-05-14 15:34:42.975394+02:00,0.011216660961508751
2026-05-14 15:34:42.991019+02:00,0.010753968730568886
2026-05-14 15:34:43.006644+02:00,0.009707100689411163
2026-05-14 15:34:43.022269+02:00,0.008024832233786583
2026-05-14 15:34:43.037894+02:00,0.005718086380511522
2026-05-14 15:34:43.053519+02:00,0.002871707547456026
2026-05-14 15:34:43.069144+02:00,-0.0003581196069717407
2026-05-14 15:34:43.084769+02:00,-0.0037598737981170416
2026-05-14 15:34:43.100394+02:00,-0.00709284283220768
2026-05-14 15:34:43.116019+02:00,-0.01011788658797741
2026-05-14 15:34:43.131644+02:00,-0.012625912204384804
2026-05-14 15:34:43.147269+02:00,-0.014459637925028801
2026-05-14 15:34:43.162894+02:00,-0.015526424162089825
2026-05-14 15:34:43.178519+02:00,-0.01580132357776165
2026-05-14 15:34:43.194144+02:00,-0.015321959741413593
2026-05-14 15:34:43.209769+02:00,-0.014179595746099949
2026-05-14 15:34:43.225394+02:00,-0.012508982792496681
2026-05-14 15:34:43.241019+02:00,-0.010474222712218761
2026-05-14 15:34:43.256644+02:00,-0.008249839767813683
2026-05-14 15:34:43.272269+02:00,-0.006002544891089201
2026-05-14 15:34:43.287894+02:00,-0.0038769375532865524
2026-05-14 15:34:43.303519+02:00,-0.0019841156899929047
2026-05-14 15:34:43.319144+02:00,-0.00039516238030046225
2026-05-14 15:34:43.334769+02:00,0.0008592745289206505
2026-05-14 15:34:43.350394+02:00,0.0017878308426588774
2026-05-14 15:34:43.366019+02:00,0.002435983158648014
2026-05-14 15:34:43.381644+02:00,0.0028766412287950516
2026-05-14 15:34:43.397269+02:00,0.003194567747414112
2026-05-14 15:34:43.412894+02:00,0.0034723759163171053
2026-05-14 15:34:43.428519+02:00,0.003782102605327964
2026-05-14 15:34:43.444144+02:00,0.004180254880338907
2026-05-14 15:34:43.459769+02:00,0.00470439437776804
2026-05-14 15:34:43.475394+02:00,0.005371927283704281
2026-05-14 15:34:43.491019+02:00,0.006181242875754833
2026-05-14 15:34:43.506644+02:00,0.007114093285053968
2026-05-14 15:34:43.522269+02:00,0.008138508535921574
2026-05-14 15:34:43.537894+02:00,0.00921295303851366
2026-05-14 15:34:43.553519+02:00,0.010292204096913338
2026-05-14 15:34:43.569144+02:00,0.011332743801176548
2026-05-14 15:34:43.584769+02:00,0.01229509525001049
2026-05-14 15:34:43.600394+02:00,0.01314166747033596
2026-05-14 15:34:43.616019+02:00,0.013829725794494152
2026-05-14 15:34:43.631644+02:00,0.014302108436822891
2026-05-14 15:34:43.647269+02:00,0.014481131918728352
2026-05-14 15:34:43.662894+02:00,0.014271742664277554
2026-05-14 15:34:43.678519+02:00,0.013576083816587925
2026-05-14 15:34:43.694144+02:00,0.012315511703491211
2026-05-14 15:34:43.709769+02:00,0.01045387051999569
2026-05-14 15:34:43.725394+02:00,0.008015827275812626
2026-05-14 15:34:43.741019+02:00,0.005095151253044605
2026-05-14 15:34:43.756644+02:00,0.0018503312021493912
2026-05-14 15:34:43.772269+02:00,-0.001512410817667842
2026-05-14 15:34:43.787894+02:00,-0.004765059798955917
2026-05-14 15:34:43.803519+02:00,-0.0076866489835083485
2026-05-14 15:34:43.819144+02:00,-0.010089823976159096
2026-05-14 15:34:43.834769+02:00,-0.011840631254017353
2026-05-14 15:34:43.850394+02:00,-0.012867867015302181
2026-05-14 15:34:43.866019+02:00,-0.013162494637072086
2026-05-14 15:34:43.881644+02:00,-0.012770641595125198
2026-05-14 15:34:43.897269+02:00,-0.011783607304096222
2026-05-14 15:34:43.912894+02:00,-0.010326365008950233
2026-05-14 15:34:43.928519+02:00,-0.008544381707906723
2026-05-14 15:34:43.944144+02:00,-0.006589539349079132
2026-05-14 15:34:43.959769+02:00,-0.004606127738952637
2026-05-14 15:34:43.975394+02:00,-0.0027187031228095293
2026-05-14 15:34:43.991019+02:00,-0.0010246534366160631
2026-05-14 15:34:44.006644+02:00,0.0004092177841812372
2026-05-14 15:34:44.022269+02:00,0.0015487931668758392
2026-05-14 15:34:44.037894+02:00,0.0023937865626066923
2026-05-14 15:34:44.053519+02:00,0.0029758750461041927
2026-05-14 15:34:44.069144+02:00,0.003351562423631549
2026-05-14 15:34:44.084769+02:00,0.003591309068724513
2026-05-14 15:34:44.100394+02:00,0.0037691511679440737
2026-05-14 15:34:44.116019+02:00,0.003954571671783924
2026-05-14 15:34:44.131644+02:00,0.004206233657896519
2026-05-14 15:34:44.147269+02:00,0.004567149095237255
2026-05-14 15:34:44.162894+02:00,0.0050609298050403595
2026-05-14 15:34:44.178519+02:00,0.0056897480972111225
2026-05-14 15:34:44.194144+02:00,0.006435780320316553
2026-05-14 15:34:44.209769+02:00,0.00726679153740406
2026-05-14 15:34:44.225394+02:00,0.008143019862473011
2026-05-14 15:34:44.241019+02:00,0.009022359736263752
2026-05-14 15:34:44.256644+02:00,0.009864318184554577
2026-05-14 15:34:44.272269+02:00,0.010632640682160854
2026-05-14 15:34:44.287894+02:00,0.011294730007648468
2026-05-14 15:34:44.303519+02:00,0.011816373094916344
2026-05-14 15:34:44.319144+02:00,0.012151835486292839
2026-05-14 15:34:44.334769+02:00,0.012235225178301334
2026-05-14 15:34:44.350394+02:00,0.011981569230556488
2026-05-14 15:34:44.366019+02:00,0.01129958126693964
2026-05-14 15:34:44.381644+02:00,0.010111968964338303
2026-05-14 15:34:44.397269+02:00,0.008376301266252995
2026-05-14 15:34:44.412894+02:00,0.006100665777921677
2026-05-14 15:34:44.428519+02:00,0.0033537468407303095
2026-05-14 15:34:44.444144+02:00,0.0002671999391168356
2026-05-14 15:34:44.459769+02:00,-0.0029759048484265804
2026-05-14 15:34:44.475394+02:00,-0.0061655109748244286
2026-05-14 15:34:44.491019+02:00,-0.009092437103390694
2026-05-14 15:34:44.506644+02:00,-0.011572637595236301
2026-05-14 15:34:44.522269+02:00,-0.01346720103174448
2026-05-14 15:34:44.537894+02:00,-0.014695782214403152
2026-05-14 15:34:44.553519+02:00,-0.015238339081406593
2026-05-14 15:34:44.569144+02:00,-0.015127506107091904
2026-05-14 15:34:44.584769+02:00,-0.014438536018133163
2026-05-14 15:34:44.600394+02:00,-0.013278654776513577
2026-05-14 15:34:44.616019+02:00,-0.011776302941143513
2026-05-14 15:34:44.631644+02:00,-0.010070624761283398
2026-05-14 15:34:44.647269+02:00,-0.008298346772789955
2026-05-14 15:34:44.662894+02:00,-0.006579096894711256
2026-05-14 15:34:44.678519+02:00,-0.0050048138946294785
2026-05-14 15:34:44.694144+02:00,-0.003636034205555916
2026-05-14 15:34:44.709769+02:00,-0.002503765746951103
2026-05-14 15:34:44.725394+02:00,-0.0016126325353980064
2026-05-14 15:34:44.741019+02:00,-0.0009434568346478045
2026-05-14 15:34:44.756644+02:00,-0.0004569918382912874
2026-05-14 15:34:44.772269+02:00,-9.869995847111568e-05
2026-05-14 15:34:44.787894+02:00,0.00019462985801510513
2026-05-14 15:34:44.803519+02:00,0.0004854274448007345
2026-05-14 15:34:44.819144+02:00,0.0008270882535725832
2026-05-14 15:34:44.834769+02:00,0.0012593489373102784
2026-05-14 15:34:44.850394+02:00,0.0018053678795695305
2026-05-14 15:34:44.866019+02:00,0.002470951061695814
2026-05-14 15:34:44.881644+02:00,0.003246186301112175
2026-05-14 15:34:44.897269+02:00,0.004106850363314152
2026-05-14 15:34:44.912894+02:00,0.005016559734940529
2026-05-14 15:34:44.928519+02:00,0.0059334225952625275
2026-05-14 15:34:44.944144+02:00,0.006818103138357401
2026-05-14 15:34:44.959769+02:00,0.007637624628841877
2026-05-14 15:34:44.975394+02:00,0.008366814814507961
2026-05-14 15:34:44.991019+02:00,0.00898849405348301
2026-05-14 15:34:45.006644+02:00,0.009487999603152275
2026-05-14 15:34:45.022269+02:00,0.009842177852988243
2026-05-14 15:34:45.037894+02:00,0.010009086690843105
2026-05-14 15:34:45.053519+02:00,0.009924491867423058
2026-05-14 15:34:45.069144+02:00,0.009507115930318832
2026-05-14 15:34:45.084769+02:00,0.008671984076499939
2026-05-14 15:34:45.100394+02:00,0.007350722327828407
2026-05-14 15:34:45.116019+02:00,0.005514699965715408
2026-05-14 15:34:45.131644+02:00,0.0031928769312798977
2026-05-14 15:34:45.147269+02:00,0.00047718104906380177
2026-05-14 15:34:45.162894+02:00,-0.0024845260195434093
2026-05-14 15:34:45.178519+02:00,-0.005504489876329899
2026-05-14 15:34:45.194144+02:00,-0.008378681726753712
2026-05-14 15:34:45.209769+02:00,-0.010914258658885956
2026-05-14 15:34:45.225394+02:00,-0.012953586876392365
2026-05-14 15:34:45.241019+02:00,-0.014390060678124428
2026-05-14 15:34:45.256644+02:00,-0.015174707397818565
2026-05-14 15:34:45.272269+02:00,-0.015312891453504562
2026-05-14 15:34:45.287894+02:00,-0.014853612519800663
2026-05-14 15:34:45.303519+02:00,-0.013879232108592987
2026-05-14 15:34:45.319144+02:00,-0.012499482370913029
2026-05-14 15:34:45.334769+02:00,-0.010844969190657139
2026-05-14 15:34:45.350394+02:00,-0.009055632166564465
2026-05-14 15:34:45.366019+02:00,-0.007265149615705013
2026-05-14 15:34:45.381644+02:00,-0.0055860974825918674
2026-05-14 15:34:45.397269+02:00,-0.004100716672837734
2026-05-14 15:34:45.412894+02:00,-0.002857550512999296
2026-05-14 15:34:45.428519+02:00,-0.001871253945864737
2026-05-14 15:34:45.444144+02:00,-0.0011251135729253292
2026-05-14 15:34:45.459769+02:00,-0.000577684841118753
2026-05-14 15:34:45.475394+02:00,-0.0001725581823848188
2026-05-14 15:34:45.491019+02:00,0.00015224749222397804
2026-05-14 15:34:45.506644+02:00,0.00045709460391663015
2026-05-14 15:34:45.522269+02:00,0.0007952266605570912
2026-05-14 15:34:45.537894+02:00,0.001208338886499405
2026-05-14 15:34:45.553519+02:00,0.0017241793684661388
2026-05-14 15:34:45.569144+02:00,0.0023563154973089695
2026-05-14 15:34:45.584769+02:00,0.003103672992438078
2026-05-14 15:34:45.600394+02:00,0.0039501432329416275
2026-05-14 15:34:45.616019+02:00,0.004867118783295155
2026-05-14 15:34:45.631644+02:00,0.005818821489810944
2026-05-14 15:34:45.647269+02:00,0.006767994724214077
2026-05-14 15:34:45.662894+02:00,0.007680580951273441
2026-05-14 15:34:45.678519+02:00,0.00852853525429964
2026-05-14 15:34:45.694144+02:00,0.00928928516805172
2026-05-14 15:34:45.709769+02:00,0.009941489435732365
2026-05-14 15:34:45.725394+02:00,0.010458221659064293
2026-05-14 15:34:45.741019+02:00,0.010799193754792213
2026-05-14 15:34:45.756644+02:00,0.010905822739005089
2026-05-14 15:34:45.772269+02:00,0.010703827254474163
2026-05-14 15:34:45.787894+02:00,0.010113738477230072
2026-05-14 15:34:45.803519+02:00,0.009067709557712078
2026-05-14 15:34:45.819144+02:00,0.0075308941304683685
2026-05-14 15:34:45.834769+02:00,0.005520104896277189
2026-05-14 15:34:45.850394+02:00,0.0031116213649511337
2026-05-14 15:34:45.866019+02:00,0.0004369241651147604
2026-05-14 15:34:45.881644+02:00,-0.0023308810777962208
2026-05-14 15:34:45.897269+02:00,-0.004997763317078352
2026-05-14 15:34:45.912894+02:00,-0.0073740193620324135
2026-05-14 15:34:45.928519+02:00,-0.009297693148255348
2026-05-14 15:34:45.944144+02:00,-0.010651236400008202
2026-05-14 15:34:45.959769+02:00,-0.011372005566954613
2026-05-14 15:34:45.975394+02:00,-0.011455787345767021
2026-05-14 15:34:45.991019+02:00,-0.01095145009458065
2026-05-14 15:34:46.006644+02:00,-0.009949847124516964
2026-05-14 15:34:46.022269+02:00,-0.008571621030569077
2026-05-14 15:34:46.037894+02:00,-0.006955174263566732
2026-05-14 15:34:46.053519+02:00,-0.005244147032499313
2026-05-14 15:34:46.069144+02:00,-0.003573379945009947
2026-05-14 15:34:46.084769+02:00,-0.002054523676633835
2026-05-14 15:34:46.100394+02:00,-0.0007658585091121495
2026-05-14 15:34:46.116019+02:00,0.00025059518520720303
2026-05-14 15:34:46.131644+02:00,0.0009862006409093738
2026-05-14 15:34:46.147269+02:00,0.0014606770128011703
2026-05-14 15:34:46.162894+02:00,0.0017170400824397802
2026-05-14 15:34:46.178519+02:00,0.0018161508487537503
2026-05-14 15:34:46.194144+02:00,0.0018291815649718046
2026-05-14 15:34:46.209769+02:00,0.0018273573368787766
2026-05-14 15:34:46.225394+02:00,0.0018719031941145658
2026-05-14 15:34:46.241019+02:00,0.0020076888613402843
2026-05-14 15:34:46.256644+02:00,0.002261184388771653
2026-05-14 15:34:46.272269+02:00,0.0026417612098157406
2026-05-14 15:34:46.287894+02:00,0.003144295420497656
2026-05-14 15:34:46.303519+02:00,0.0037510166876018047
2026-05-14 15:34:46.319144+02:00,0.004433299880474806
2026-05-14 15:34:46.334769+02:00,0.005155366845428944
2026-05-14 15:34:46.350394+02:00,0.005878842901438475
2026-05-14 15:34:46.366019+02:00,0.006565945688635111
2026-05-14 15:34:46.381644+02:00,0.007182171102613211
2026-05-14 15:34:46.397269+02:00,0.007698006462305784
2026-05-14 15:34:46.412894+02:00,0.008085794746875763
2026-05-14 15:34:46.428519+02:00,0.008312896825373173
2026-05-14 15:34:46.444144+02:00,0.008336270228028297
2026-05-14 15:34:46.459769+02:00,0.008100975304841995
2026-05-14 15:34:46.475394+02:00,0.007545298431068659
2026-05-14 15:34:46.491019+02:00,0.006613227538764477
2026-05-14 15:34:46.506644+02:00,0.005269328597933054
2026-05-14 15:34:46.522269+02:00,0.0035122225526720285
2026-05-14 15:34:46.537894+02:00,0.0013858461752533913
2026-05-14 15:34:46.553519+02:00,-0.0010153851471841335
2026-05-14 15:34:46.569144+02:00,-0.0035521616227924824
2026-05-14 15:34:46.584769+02:00,-0.00605626218020916
2026-05-14 15:34:46.600394+02:00,-0.008352776989340782
2026-05-14 15:34:46.616019+02:00,-0.010284082032740116
2026-05-14 15:34:46.631644+02:00,-0.011729859746992588
2026-05-14 15:34:46.647269+02:00,-0.012617578729987144
2026-05-14 15:34:46.662894+02:00,-0.012923871167004108
2026-05-14 15:34:46.678519+02:00,-0.012671240605413914
2026-05-14 15:34:46.694144+02:00,-0.011922616511583328
2026-05-14 15:34:46.709769+02:00,-0.01077367179095745
2026-05-14 15:34:46.725394+02:00,-0.009342390112578869
2026-05-14 15:34:46.741019+02:00,-0.0077575393952429295
2026-05-14 15:34:46.756644+02:00,-0.0061472877860069275
2026-05-14 15:34:46.772269+02:00,-0.004626940935850143
2026-05-14 15:34:46.787894+02:00,-0.003287452971562743
2026-05-14 15:34:46.803519+02:00,-0.002188334008678794
2026-05-14 15:34:46.819144+02:00,-0.0013550822623074055
2026-05-14 15:34:46.834769+02:00,-0.0007798654260113835
2026-05-14 15:34:46.850394+02:00,-0.00042601156746968627
2026-05-14 15:34:46.866019+02:00,-0.00023661616432946175
2026-05-14 15:34:46.881644+02:00,-0.00014486126019619405
2026-05-14 15:34:46.897269+02:00,-8.307441748911515e-05
2026-05-14 15:34:46.912894+02:00,9.36336255108472e-06
2026-05-14 15:34:46.928519+02:00,0.00017921728431247175
2026-05-14 15:34:46.944144+02:00,0.00045652317930944264
2026-05-14 15:34:46.959769+02:00,0.0008562065777368844
2026-05-14 15:34:46.975394+02:00,0.0013804507907480001
2026-05-14 15:34:46.991019+02:00,0.0020195210818201303
2026-05-14 15:34:47.006644+02:00,0.0027531380765140057
2026-05-14 15:34:47.022269+02:00,0.0035538270603865385
2026-05-14 15:34:47.037894+02:00,0.004389970563352108
2026-05-14 15:34:47.053519+02:00,0.005227620247751474
2026-05-14 15:34:47.069144+02:00,0.006032590288668871
2026-05-14 15:34:47.084769+02:00,0.006772521883249283
2026-05-14 15:34:47.100394+02:00,0.007417032495141029
2026-05-14 15:34:47.116019+02:00,0.00793382152915001
2026-05-14 15:34:47.131644+02:00,0.008281558752059937
2026-05-14 15:34:47.147269+02:00,0.008405370637774467
2026-05-14 15:34:47.162894+02:00,0.008239442482590675
2026-05-14 15:34:47.178519+02:00,0.0077170440927147865
2026-05-14 15:34:47.194144+02:00,0.006786263082176447
2026-05-14 15:34:47.209769+02:00,0.005426900926977396
2026-05-14 15:34:47.225394+02:00,0.0036626465152949095
2026-05-14 15:34:47.241019+02:00,0.0015645355451852083
2026-05-14 15:34:47.256644+02:00,-0.0007534000324085355
2026-05-14 15:34:47.272269+02:00,-0.003143386682495475
2026-05-14 15:34:47.287894+02:00,-0.005439314991235733
2026-05-14 15:34:47.303519+02:00,-0.007478740066289902
2026-05-14 15:34:47.319144+02:00,-0.00912496168166399
2026-05-14 15:34:47.334769+02:00,-0.010282312519848347
2026-05-14 15:34:47.350394+02:00,-0.010903434827923775
2026-05-14 15:34:47.366019+02:00,-0.010989543981850147
2026-05-14 15:34:47.381644+02:00,-0.010583887808024883
2026-05-14 15:34:47.397269+02:00,-0.009760314598679543
2026-05-14 15:34:47.412894+02:00,-0.008611755445599556
2026-05-14 15:34:47.428519+02:00,-0.0072414022870361805
2026-05-14 15:34:47.444144+02:00,-0.005755497142672539
2026-05-14 15:34:47.459769+02:00,-0.004257122054696083
2026-05-14 15:34:47.475394+02:00,-0.0028398495633155107
2026-05-14 15:34:47.491019+02:00,-0.0015800247201696038
2026-05-14 15:34:47.506644+02:00,-0.0005298901814967394
2026-05-14 15:34:47.522269+02:00,0.00028649368323385715
2026-05-14 15:34:47.537894+02:00,0.0008739568875171244
2026-05-14 15:34:47.553519+02:00,0.0012626417446881533
2026-05-14 15:34:47.569144+02:00,0.0015011020004749298
2026-05-14 15:34:47.584769+02:00,0.001648210221901536
2026-05-14 15:34:47.600394+02:00,0.00176484533585608
2026-05-14 15:34:47.616019+02:00,0.0019070958951488137
2026-05-14 15:34:47.631644+02:00,0.0021223234944045544
2026-05-14 15:34:47.647269+02:00,0.002445132238790393
2026-05-14 15:34:47.662894+02:00,0.002892326796427369
2026-05-14 15:34:47.678519+02:00,0.0034613427706062794
2026-05-14 15:34:47.694144+02:00,0.004133208189159632
2026-05-14 15:34:47.709769+02:00,0.00487702339887619
2026-05-14 15:34:47.725394+02:00,0.00565467681735754
2026-05-14 15:34:47.741019+02:00,0.006425215397030115
2026-05-14 15:34:47.756644+02:00,0.007148549892008305
2026-05-14 15:34:47.772269+02:00,0.007789500057697296
2026-05-14 15:34:47.787894+02:00,0.008321905508637428
2026-05-14 15:34:47.803519+02:00,0.00873054750263691
2026-05-14 15:34:47.819144+02:00,0.009008313529193401
2026-05-14 15:34:47.834769+02:00,0.009147738106548786
2026-05-14 15:34:47.850394+02:00,0.009130285121500492
2026-05-14 15:34:47.866019+02:00,0.008919328451156616
2026-05-14 15:34:47.881644+02:00,0.008461439050734043
2026-05-14 15:34:47.897269+02:00,0.0076973941177129745
2026-05-14 15:34:47.912894+02:00,0.006580019369721413
2026-05-14 15:34:47.928519+02:00,0.00509238475933671
2026-05-14 15:34:47.944144+02:00,0.003259142627939582
2026-05-14 15:34:47.959769+02:00,0.0011482425034046173
2026-05-14 15:34:47.975394+02:00,-0.0011338003678247333
2026-05-14 15:34:47.991019+02:00,-0.0034512998536229134
2026-05-14 15:34:48.006644+02:00,-0.005655049346387386
2026-05-14 15:34:48.022269+02:00,-0.0076024290174245834
2026-05-14 15:34:48.037894+02:00,-0.009176063351333141
2026-05-14 15:34:48.053519+02:00,-0.010295446030795574
2026-05-14 15:34:48.069144+02:00,-0.010921784676611423
2026-05-14 15:34:48.084769+02:00,-0.011059834621846676
2026-05-14 15:34:48.100394+02:00,-0.010754473507404327
2026-05-14 15:34:48.116019+02:00,-0.01008048839867115
2026-05-14 15:34:48.131644+02:00,-0.009130812250077724
2026-05-14 15:34:48.147269+02:00,-0.008005116134881973
2026-05-14 15:34:48.162894+02:00,-0.006798759568482637
2026-05-14 15:34:48.178519+02:00,-0.005595245398581028
2026-05-14 15:34:48.194144+02:00,-0.00446179136633873
2026-05-14 15:34:48.209769+02:00,-0.0034457624424248934
2026-05-14 15:34:48.225394+02:00,-0.002573178382590413
2026-05-14 15:34:48.241019+02:00,-0.001850885571911931
2026-05-14 15:34:48.256644+02:00,-0.0012718287762254477
2026-05-14 15:34:48.272269+02:00,-0.0008202194003388286
2026-05-14 15:34:48.287894+02:00,-0.0004730029031634331
2026-05-14 15:34:48.303519+02:00,-0.00019883818458765745
2026-05-14 15:34:48.319144+02:00,4.059338243678212e-05
2026-05-14 15:34:48.334769+02:00,0.00028501631459221244
2026-05-14 15:34:48.350394+02:00,0.000568787450902164
2026-05-14 15:34:48.366019+02:00,0.0009165991796180606
2026-05-14 15:34:48.381644+02:00,0.0013424739008769393
2026-05-14 15:34:48.397269+02:00,0.0018498711287975311
2026-05-14 15:34:48.412894+02:00,0.00243127578869462
2026-05-14 15:34:48.428519+02:00,0.0030693504959344864
2026-05-14 15:34:48.444144+02:00,0.0037406189367175102
2026-05-14 15:34:48.459769+02:00,0.004419407341629267
2026-05-14 15:34:48.475394+02:00,0.005080532282590866
2026-05-14 15:34:48.491019+02:00,0.005700642708688974
2026-05-14 15:34:48.506644+02:00,0.006259209476411343
2026-05-14 15:34:48.522269+02:00,0.006739907432347536
2026-05-14 15:34:48.537894+02:00,0.007130407262593508
2026-05-14 15:34:48.553519+02:00,0.007418501656502485
2026-05-14 15:34:48.569144+02:00,0.007585261948406696
2026-05-14 15:34:48.584769+02:00,0.007598195690661669
2026-05-14 15:34:48.600394+02:00,0.007408523000776768
2026-05-14 15:34:48.616019+02:00,0.006955566816031933
2026-05-14 15:34:48.631644+02:00,0.006179471965879202
2026-05-14 15:34:48.647269+02:00,0.005039961542934179
2026-05-14 15:34:48.662894+02:00,0.0035336026921868324
2026-05-14 15:34:48.678519+02:00,0.0017028417205438018
2026-05-14 15:34:48.694144+02:00,-0.00036467041354626417
2026-05-14 15:34:48.709769+02:00,-0.0025455630384385586
2026-05-14 15:34:48.725394+02:00,-0.004696568474173546
2026-05-14 15:34:48.741019+02:00,-0.006672970950603485
2026-05-14 15:34:48.756644+02:00,-0.008346774615347385
2026-05-14 15:34:48.772269+02:00,-0.009621751494705677
2026-05-14 15:34:48.787894+02:00,-0.010442343540489674
2026-05-14 15:34:48.803519+02:00,-0.010794498026371002
2026-05-14 15:34:48.819144+02:00,-0.010700314305722713
2026-05-14 15:34:48.834769+02:00,-0.010211491025984287
2026-05-14 15:34:48.850394+02:00,-0.009403036907315254
2026-05-14 15:34:48.866019+02:00,-0.008365458808839321
2026-05-14 15:34:48.881644+02:00,-0.007194692734628916
2026-05-14 15:34:48.897269+02:00,-0.005981154274195433
2026-05-14 15:34:48.912894+02:00,-0.004801198374480009
2026-05-14 15:34:48.928519+02:00,-0.003713013371452689
2026-05-14 15:34:48.944144+02:00,-0.0027554654516279697
2026-05-14 15:34:48.959769+02:00,-0.0019480290357023478
2026-05-14 15:34:48.975394+02:00,-0.0012918688589707017
2026-05-14 15:34:48.991019+02:00,-0.0007728786440566182
2026-05-14 15:34:49.006644+02:00,-0.00036652199923992157
2026-05-14 15:34:49.022269+02:00,-4.2447587475180626e-05
2026-05-14 15:34:49.037894+02:00,0.00023312191478908062
2026-05-14 15:34:49.053519+02:00,0.0004959640791639686
2026-05-14 15:34:49.069144+02:00,0.0007802062900736928
2026-05-14 15:34:49.084769+02:00,0.0011124303564429283
2026-05-14 15:34:49.100394+02:00,0.0015076110139489174
2026-05-14 15:34:49.116019+02:00,0.0019690783228725195
2026-05-14 15:34:49.131644+02:00,0.0024897693656384945
2026-05-14 15:34:49.147269+02:00,0.003053500782698393
2026-05-14 15:34:49.162894+02:00,0.003639440517872572
2026-05-14 15:34:49.178519+02:00,0.004228983074426651
2026-05-14 15:34:49.194144+02:00,0.004808511584997177
2026-05-14 15:34:49.209769+02:00,0.005366847384721041
2026-05-14 15:34:49.225394+02:00,0.005892587825655937
2026-05-14 15:34:49.241019+02:00,0.006373451091349125
2026-05-14 15:34:49.256644+02:00,0.006796949543058872
2026-05-14 15:34:49.272269+02:00,0.00715206703171134
2026-05-14 15:34:49.287894+02:00,0.007428999990224838
2026-05-14 15:34:49.303519+02:00,0.00761424470692873
2026-05-14 15:34:49.319144+02:00,0.007682809606194496
2026-05-14 15:34:49.334769+02:00,0.007591804955154657
2026-05-14 15:34:49.350394+02:00,0.0072806947864592075
2026-05-14 15:34:49.366019+02:00,0.006681530270725489
2026-05-14 15:34:49.381644+02:00,0.005736648105084896
2026-05-14 15:34:49.397269+02:00,0.004418175667524338
2026-05-14 15:34:49.412894+02:00,0.0027440048288553953
2026-05-14 15:34:49.428519+02:00,0.0007846013177186251
2026-05-14 15:34:49.444144+02:00,-0.001343674841336906
2026-05-14 15:34:49.459769+02:00,-0.00349628203548491
2026-05-14 15:34:49.475394+02:00,-0.005521222949028015
2026-05-14 15:34:49.491019+02:00,-0.007278519216924906
2026-05-14 15:34:49.506644+02:00,-0.00865737535059452
2026-05-14 15:34:49.522269+02:00,-0.009586679749190807
2026-05-14 15:34:49.537894+02:00,-0.010036706924438477
2026-05-14 15:34:49.553519+02:00,-0.010016342625021935
2026-05-14 15:34:49.569144+02:00,-0.009569365531206131
2026-05-14 15:34:49.584769+02:00,-0.008767812512814999
2026-05-14 15:34:49.600394+02:00,-0.00770168099552393
2026-05-14 15:34:49.616019+02:00,-0.006469130050390959
2026-05-14 15:34:49.631644+02:00,-0.005168696865439415
2026-05-14 15:34:49.647269+02:00,-0.003891157917678356
2026-05-14 15:34:49.662894+02:00,-0.0027105226181447506
2026-05-14 15:34:49.678519+02:00,-0.001677732216194272
2026-05-14 15:34:49.694144+02:00,-0.0008203962352126837
2026-05-14 15:34:49.709769+02:00,-0.00014601764269173145
2026-05-14 15:34:49.725394+02:00,0.0003551822155714035
2026-05-14 15:34:49.741019+02:00,0.0007073625456541777
2026-05-14 15:34:49.756644+02:00,0.0009455420076847076
2026-05-14 15:34:49.772269+02:00,0.0011124929878860712
2026-05-14 15:34:49.787894+02:00,0.0012543232878670096
2026-05-14 15:34:49.803519+02:00,0.001412551966495812
2026-05-14 15:34:49.819144+02:00,0.0016175511991605163
2026-05-14 15:34:49.834769+02:00,0.0018901978619396687
2026-05-14 15:34:49.850394+02:00,0.002246116753667593
2026-05-14 15:34:49.866019+02:00,0.0026927790604531765
2026-05-14 15:34:49.881644+02:00,0.0032241102308034897
2026-05-14 15:34:49.897269+02:00,0.0038215687964111567
2026-05-14 15:34:49.912894+02:00,0.00445980578660965
2026-05-14 15:34:49.928519+02:00,0.005111129488795996
2026-05-14 15:34:49.944144+02:00,0.0057475632056593895
2026-05-14 15:34:49.959769+02:00,0.006342193111777306
2026-05-14 15:34:49.975394+02:00,0.006871240213513374
2026-05-14 15:34:49.991019+02:00,0.007316621020436287
2026-05-14 15:34:50.006644+02:00,0.007666907273232937
2026-05-14 15:34:50.022269+02:00,0.00791419018059969
2026-05-14 15:34:50.037894+02:00,0.008046329021453857
2026-05-14 15:34:50.053519+02:00,0.008037906140089035
2026-05-14 15:34:50.069144+02:00,0.007846061140298843
2026-05-14 15:34:50.084769+02:00,0.00741606717929244
2026-05-14 15:34:50.100394+02:00,0.006695053540170193
2026-05-14 15:34:50.116019+02:00,0.005646674893796444
2026-05-14 15:34:50.131644+02:00,0.004262376111000776
2026-05-14 15:34:50.147269+02:00,0.002569410717114806
2026-05-14 15:34:50.162894+02:00,0.0006343486020341516
2026-05-14 15:34:50.178519+02:00,-0.0014400244690477848
2026-05-14 15:34:50.194144+02:00,-0.003524739993736148
2026-05-14 15:34:50.209769+02:00,-0.005480941850692034
2026-05-14 15:34:50.225394+02:00,-0.007178971543908119
2026-05-14 15:34:50.241019+02:00,-0.008514334447681904
2026-05-14 15:34:50.256644+02:00,-0.009416992776095867
2026-05-14 15:34:50.272269+02:00,-0.009854668751358986
2026-05-14 15:34:50.287894+02:00,-0.009832629933953285
2026-05-14 15:34:50.303519+02:00,-0.009390396997332573
2026-05-14 15:34:50.319144+02:00,-0.008594837971031666
2026-05-14 15:34:50.334769+02:00,-0.007531511597335339
2026-05-14 15:34:50.350394+02:00,-0.006296014413237572
2026-05-14 15:34:50.366019+02:00,-0.004985895939171314
2026-05-14 15:34:50.381644+02:00,-0.0036941557191312313
2026-05-14 15:34:50.397269+02:00,-0.0025031159166246653
2026-05-14 15:34:50.412894+02:00,-0.0014766122912988067
2026-05-14 15:34:50.428519+02:00,-0.0006526316283270717
2026-05-14 15:34:50.444144+02:00,-4.029402043670416e-05
2026-05-14 15:34:50.459769+02:00,0.00037727109156548977
2026-05-14 15:34:50.475394+02:00,0.0006350728217512369
2026-05-14 15:34:50.491019+02:00,0.0007772283861413598
2026-05-14 15:34:50.506644+02:00,0.0008504401193931699
2026-05-14 15:34:50.522269+02:00,0.00090041384100914
2026-05-14 15:34:50.537894+02:00,0.0009696852648630738
2026-05-14 15:34:50.553519+02:00,0.0010943979723379016
2026-05-14 15:34:50.569144+02:00,0.0013002781197428703
2026-05-14 15:34:50.584769+02:00,0.0016004762146621943
2026-05-14 15:34:50.600394+02:00,0.001995186321437359
2026-05-14 15:34:50.616019+02:00,0.002472092630341649
2026-05-14 15:34:50.631644+02:00,0.0030082997400313616
2026-05-14 15:34:50.647269+02:00,0.0035747515503317118
2026-05-14 15:34:50.662894+02:00,0.004142500460147858
2026-05-14 15:34:50.678519+02:00,0.00468812882900238
2026-05-14 15:34:50.694144+02:00,0.005196115467697382
2026-05-14 15:34:50.709769+02:00,0.00565662607550621
2026-05-14 15:34:50.725394+02:00,0.006060700863599777
2026-05-14 15:34:50.741019+02:00,0.006396644748747349
2026-05-14 15:34:50.756644+02:00,0.006643769331276417
2026-05-14 15:34:50.772269+02:00,0.00676161190494895
2026-05-14 15:34:50.787894+02:00,0.006686338223516941
2026-05-14 15:34:50.803519+02:00,0.006342380773276091
2026-05-14 15:34:50.819144+02:00,0.0056611839681863785
2026-05-14 15:34:50.834769+02:00,0.0045979442074894905
2026-05-14 15:34:50.850394+02:00,0.003145972965285182
2026-05-14 15:34:50.866019+02:00,0.0013472310965880752
2026-05-14 15:34:50.881644+02:00,-0.0007062375661917031
2026-05-14 15:34:50.897269+02:00,-0.002881925320252776
2026-05-14 15:34:50.912894+02:00,-0.005025007296353579
2026-05-14 15:34:50.928519+02:00,-0.0069806198589503765
2026-05-14 15:34:50.944144+02:00,-0.00861510168761015
2026-05-14 15:34:50.959769+02:00,-0.00983076635748148
2026-05-14 15:34:50.975394+02:00,-0.010571819730103016
2026-05-14 15:34:50.991019+02:00,-0.010824301280081272
2026-05-14 15:34:51.006644+02:00,-0.010613622143864632
2026-05-14 15:34:51.022269+02:00,-0.009999217465519905
2026-05-14 15:34:51.037894+02:00,-0.009065166115760803
2026-05-14 15:34:51.053519+02:00,-0.007910585030913353
2026-05-14 15:34:51.069144+02:00,-0.006642333697527647
2026-05-14 15:34:51.084769+02:00,-0.005366469733417034
2026-05-14 15:34:51.100394+02:00,-0.004177287220954895
2026-05-14 15:34:51.116019+02:00,-0.0031478304881602526
2026-05-14 15:34:51.131644+02:00,-0.002324697794392705
2026-05-14 15:34:51.147269+02:00,-0.0017264701891690493
2026-05-14 15:34:51.162894+02:00,-0.0013436132576316595
2026-05-14 15:34:51.178519+02:00,-0.0011400352232158184
2026-05-14 15:34:51.194144+02:00,-0.001059079309925437
2026-05-14 15:34:51.209769+02:00,-0.0010343301109969616
2026-05-14 15:34:51.225394+02:00,-0.001001075142994523
2026-05-14 15:34:51.241019+02:00,-0.0009046867489814758
2026-05-14 15:34:51.256644+02:00,-0.0007055033929646015
2026-05-14 15:34:51.272269+02:00,-0.0003807223401963711
2026-05-14 15:34:51.287894+02:00,7.589906454086304e-05
2026-05-14 15:34:51.303519+02:00,0.0006560387555509806
2026-05-14 15:34:51.319144+02:00,0.0013410395476967096
2026-05-14 15:34:51.334769+02:00,0.002106091007590294
2026-05-14 15:34:51.350394+02:00,0.002921219915151596
2026-05-14 15:34:51.366019+02:00,0.003752659307792783
2026-05-14 15:34:51.381644+02:00,0.004567830357700586
2026-05-14 15:34:51.397269+02:00,0.005339066032320261
2026-05-14 15:34:51.412894+02:00,0.0060432069003582
2026-05-14 15:34:51.428519+02:00,0.006658206228166819
2026-05-14 15:34:51.444144+02:00,0.00715602794662118
2026-05-14 15:34:51.459769+02:00,0.007494078949093819
2026-05-14 15:34:51.475394+02:00,0.007611271925270557
2026-05-14 15:34:51.491019+02:00,0.007433457300066948
2026-05-14 15:34:51.506644+02:00,0.006887802388519049
2026-05-14 15:34:51.522269+02:00,0.005920799914747477
2026-05-14 15:34:51.537894+02:00,0.0045143915340304375
2026-05-14 15:34:51.553519+02:00,0.0026965199504047632
2026-05-14 15:34:51.569144+02:00,0.0005447112489491701
2026-05-14 15:34:51.584769+02:00,-0.0018174388678744435
2026-05-14 15:34:51.600394+02:00,-0.004231857135891914
2026-05-14 15:34:51.616019+02:00,-0.0065256161615252495
2026-05-14 15:34:51.631644+02:00,-0.008534112945199013
2026-05-14 15:34:51.647269+02:00,-0.010121014900505543
2026-05-14 15:34:51.662894+02:00,-0.011191537603735924
2026-05-14 15:34:51.678519+02:00,-0.011698835529386997
2026-05-14 15:34:51.694144+02:00,-0.011644299142062664
2026-05-14 15:34:51.709769+02:00,-0.011073535308241844
2026-05-14 15:34:51.725394+02:00,-0.010068628937005997
2026-05-14 15:34:51.741019+02:00,-0.008737146854400635
2026-05-14 15:34:51.756644+02:00,-0.007200732361525297
2026-05-14 15:34:51.772269+02:00,-0.0055847461335361
2026-05-14 15:34:51.787894+02:00,-0.004008417017757893
2026-05-14 15:34:51.803519+02:00,-0.0025749728083610535
2026-05-14 15:34:51.819144+02:00,-0.0013605626299977303
2026-05-14 15:34:51.834769+02:00,-0.0004052533768117428
2026-05-14 15:34:51.850394+02:00,0.00028744060546159744
2026-05-14 15:34:51.866019+02:00,0.0007437411695718765
2026-05-14 15:34:51.881644+02:00,0.0010120999068021774
2026-05-14 15:34:51.897269+02:00,0.0011568381451070309
2026-05-14 15:34:51.912894+02:00,0.0012506400234997272
2026-05-14 15:34:51.928519+02:00,0.0013643018901348114
2026-05-14 15:34:51.944144+02:00,0.0015558893792331219
2026-05-14 15:34:51.959769+02:00,0.0018642572686076164
2026-05-14 15:34:51.975394+02:00,0.002308160997927189
2026-05-14 15:34:51.991019+02:00,0.002888754475861788
2026-05-14 15:34:52.006644+02:00,0.003593329107388854
2026-05-14 15:34:52.022269+02:00,0.0043974388390779495
2026-05-14 15:34:52.037894+02:00,0.005266040563583374
2026-05-14 15:34:52.053519+02:00,0.006157739087939262
2026-05-14 15:34:52.069144+02:00,0.007031533867120743
2026-05-14 15:34:52.084769+02:00,0.007852131500840187
2026-05-14 15:34:52.100394+02:00,0.008592095226049423
2026-05-14 15:34:52.116019+02:00,0.009228966198861599
2026-05-14 15:34:52.131644+02:00,0.009735925123095512
2026-05-14 15:34:52.147269+02:00,0.01007150113582611
2026-05-14 15:34:52.162894+02:00,0.010175876319408417
2026-05-14 15:34:52.178519+02:00,0.009973978623747826
2026-05-14 15:34:52.194144+02:00,0.009385021403431892
2026-05-14 15:34:52.209769+02:00,0.008341073989868164
2026-05-14 15:34:52.225394+02:00,0.0068092383444309235
2026-05-14 15:34:52.241019+02:00,0.004806391894817352
2026-05-14 15:34:52.256644+02:00,0.002403552643954754
2026-05-14 15:34:52.272269+02:00,-0.0002764402888715267
2026-05-14 15:34:52.287894+02:00,-0.003068322315812111
2026-05-14 15:34:52.303519+02:00,-0.005783348809927702
2026-05-14 15:34:52.319144+02:00,-0.008234361186623573
2026-05-14 15:34:52.334769+02:00,-0.010259972885251045
2026-05-14 15:34:52.350394+02:00,-0.011742795817553997
2026-05-14 15:34:52.366019+02:00,-0.01261863298714161
2026-05-14 15:34:52.381644+02:00,-0.012876428663730621
2026-05-14 15:34:52.397269+02:00,-0.012552091851830482
2026-05-14 15:34:52.412894+02:00,-0.01171947456896305
2026-05-14 15:34:52.428519+02:00,-0.010480260476469994
2026-05-14 15:34:52.444144+02:00,-0.008953827433288097
2026-05-14 15:34:52.459769+02:00,-0.007267344743013382
2026-05-14 15:34:52.475394+02:00,-0.005545367952436209
2026-05-14 15:34:52.491019+02:00,-0.0038986969739198685
2026-05-14 15:34:52.506644+02:00,-0.0024142302572727203
2026-05-14 15:34:52.522269+02:00,-0.0011488618329167366
2026-05-14 15:34:52.537894+02:00,-0.00012854766100645065
2026-05-14 15:34:52.553519+02:00,0.0006495420821011066
2026-05-14 15:34:52.569144+02:00,0.0012136194854974747
2026-05-14 15:34:52.584769+02:00,0.001612524501979351
2026-05-14 15:34:52.600394+02:00,0.0019085104577243328
2026-05-14 15:34:52.616019+02:00,0.0021681212820112705
2026-05-14 15:34:52.631644+02:00,0.002453249879181385
2026-05-14 15:34:52.647269+02:00,0.0028132512234151363
2026-05-14 15:34:52.662894+02:00,0.00327929574996233
2026-05-14 15:34:52.678519+02:00,0.00386273255571723
2026-05-14 15:34:52.694144+02:00,0.004558257758617401
2026-05-14 15:34:52.709769+02:00,0.0053499238565564156
2026-05-14 15:34:52.725394+02:00,0.006215696223080158
2026-05-14 15:34:52.741019+02:00,0.007129434961825609
2026-05-14 15:34:52.756644+02:00,0.008062371984124184
2026-05-14 15:34:52.772269+02:00,0.008985383436083794
2026-05-14 15:34:52.787894+02:00,0.00987109262496233
2026-05-14 15:34:52.803519+02:00,0.010693487711250782
2026-05-14 15:34:52.819144+02:00,0.01142355427145958
2026-05-14 15:34:52.834769+02:00,0.012020697817206383
2026-05-14 15:34:52.850394+02:00,0.012423506006598473
2026-05-14 15:34:52.866019+02:00,0.012546984478831291
2026-05-14 15:34:52.881644+02:00,0.01228981651365757
2026-05-14 15:34:52.897269+02:00,0.011550103314220905
2026-05-14 15:34:52.912894+02:00,0.010247176513075829
2026-05-14 15:34:52.928519+02:00,0.008345481939613819
2026-05-14 15:34:52.944144+02:00,0.005873686634004116
2026-05-14 15:34:52.959769+02:00,0.002932257018983364
2026-05-14 15:34:52.975394+02:00,-0.0003137737512588501
2026-05-14 15:34:52.991019+02:00,-0.0036553298123180866
2026-05-14 15:34:53.006644+02:00,-0.006868187338113785
2026-05-14 15:34:53.022269+02:00,-0.009742273017764091
2026-05-14 15:34:53.037894+02:00,-0.012103183194994926
2026-05-14 15:34:53.053519+02:00,-0.01382492296397686
2026-05-14 15:34:53.069144+02:00,-0.01483730599284172
2026-05-14 15:34:53.084769+02:00,-0.015128012746572495
2026-05-14 15:34:53.100394+02:00,-0.01473872922360897
2026-05-14 15:34:53.116019+02:00,-0.01375690009444952
2026-05-14 15:34:53.131644+02:00,-0.01230408065021038
2026-05-14 15:34:53.147269+02:00,-0.010521890595555305
2026-05-14 15:34:53.162894+02:00,-0.008558245375752449
2026-05-14 15:34:53.178519+02:00,-0.006555464584380388
2026-05-14 15:34:53.194144+02:00,-0.004639074672013521
2026-05-14 15:34:53.209769+02:00,-0.0029081301763653755
2026-05-14 15:34:53.225394+02:00,-0.0014299014583230019
2026-05-14 15:34:53.241019+02:00,-0.00023762881755828857
2026-05-14 15:34:53.256644+02:00,0.000669767614454031
2026-05-14 15:34:53.272269+02:00,0.0013236706145107746
2026-05-14 15:34:53.287894+02:00,0.0017786226235330105
2026-05-14 15:34:53.303519+02:00,0.0021049720235168934
2026-05-14 15:34:53.319144+02:00,0.002380446996539831
2026-05-14 15:34:53.334769+02:00,0.0026796795427799225
2026-05-14 15:34:53.350394+02:00,0.0030642072670161724
2026-05-14 15:34:53.366019+02:00,0.0035761012695729733
2026-05-14 15:34:53.381644+02:00,0.004235293250530958
2026-05-14 15:34:53.397269+02:00,0.005040246993303299
2026-05-14 15:34:53.412894+02:00,0.005972853396087885
2026-05-14 15:34:53.428519+02:00,0.00700541865080595
2026-05-14 15:34:53.444144+02:00,0.00810479186475277
2026-05-14 15:34:53.459769+02:00,0.009232317097485065
2026-05-14 15:34:53.475394+02:00,0.010344604030251503
2026-05-14 15:34:53.491019+02:00,0.01139889843761921
2026-05-14 15:34:53.506644+02:00,0.0123592559248209
2026-05-14 15:34:53.522269+02:00,0.01319831795990467
2026-05-14 15:34:53.537894+02:00,0.01389338355511427
2026-05-14 15:34:53.553519+02:00,0.014416838064789772
2026-05-14 15:34:53.569144+02:00,0.01472402922809124
2026-05-14 15:34:53.584769+02:00,0.014744981192052364
2026-05-14 15:34:53.600394+02:00,0.014385199174284935
2026-05-14 15:34:53.616019+02:00,0.013538370840251446
2026-05-14 15:34:53.631644+02:00,0.012109440751373768
2026-05-14 15:34:53.647269+02:00,0.01004219800233841
2026-05-14 15:34:53.662894+02:00,0.007344420067965984
2026-05-14 15:34:53.678519+02:00,0.004102546721696854
2026-05-14 15:34:53.694144+02:00,0.0004797062138095498
2026-05-14 15:34:53.709769+02:00,-0.003302986966446042
2026-05-14 15:34:53.725394+02:00,-0.006997076794505119
2026-05-14 15:34:53.741019+02:00,-0.010361616499722004
2026-05-14 15:34:53.756644+02:00,-0.01319340243935585
2026-05-14 15:34:53.772269+02:00,-0.015345947816967964
2026-05-14 15:34:53.787894+02:00,-0.016736242920160294
2026-05-14 15:34:53.803519+02:00,-0.017343930900096893
2026-05-14 15:34:53.819144+02:00,-0.017206167802214622
2026-05-14 15:34:53.834769+02:00,-0.016407933086156845
2026-05-14 15:34:53.850394+02:00,-0.015069641172885895
2026-05-14 15:34:53.866019+02:00,-0.013334780931472778
2026-05-14 15:34:53.881644+02:00,-0.01135734748095274
2026-05-14 15:34:53.897269+02:00,-0.009290188550949097
2026-05-14 15:34:53.912894+02:00,-0.007275535725057125
2026-05-14 15:34:53.928519+02:00,-0.00543367862701416
2026-05-14 15:34:53.944144+02:00,-0.0038487932179123163
2026-05-14 15:34:53.959769+02:00,-0.002560425316914916
2026-05-14 15:34:53.975394+02:00,-0.001566907623782754
2026-05-14 15:34:53.991019+02:00,-0.0008357453625649214
2026-05-14 15:34:54.006644+02:00,-0.0003123099450021982
2026-05-14 15:34:54.022269+02:00,7.345248013734818e-05
2026-05-14 15:34:54.037894+02:00,0.0003974135033786297
2026-05-14 15:34:54.053519+02:00,0.0007306290790438652
2026-05-14 15:34:54.069144+02:00,0.0011319571640342474
2026-05-14 15:34:54.084769+02:00,0.0016430390533059835
2026-05-14 15:34:54.100394+02:00,0.002285253256559372
2026-05-14 15:34:54.116019+02:00,0.003061233554035425
2026-05-14 15:34:54.131644+02:00,0.003960237372666597
2026-05-14 15:34:54.147269+02:00,0.0049623833037912846
2026-05-14 15:34:54.162894+02:00,0.006039856933057308
2026-05-14 15:34:54.178519+02:00,0.007158455904573202
2026-05-14 15:34:54.194144+02:00,0.008281107991933823
2026-05-14 15:34:54.209769+02:00,0.009370331652462482
2026-05-14 15:34:54.225394+02:00,0.010389173403382301
2026-05-14 15:34:54.241019+02:00,0.011304229497909546
2026-05-14 15:34:54.256644+02:00,0.012089830823242664
2026-05-14 15:34:54.272269+02:00,0.012726908549666405
2026-05-14 15:34:54.287894+02:00,0.01319272443652153
2026-05-14 15:34:54.303519+02:00,0.013445793651044369
2026-05-14 15:34:54.319144+02:00,0.01341522578150034
2026-05-14 15:34:54.334769+02:00,0.01300167664885521
2026-05-14 15:34:54.350394+02:00,0.012092898599803448
2026-05-14 15:34:54.366019+02:00,0.010591228492558002
2026-05-14 15:34:54.381644+02:00,0.008442897349596024
2026-05-14 15:34:54.397269+02:00,0.005659461487084627
2026-05-14 15:34:54.412894+02:00,0.0023283828049898148
2026-05-14 15:34:54.428519+02:00,-0.0013886656379327178
2026-05-14 15:34:54.444144+02:00,-0.005270720925182104
2026-05-14 15:34:54.459769+02:00,-0.009063809178769588
2026-05-14 15:34:54.475394+02:00,-0.012514825910329819
2026-05-14 15:34:54.491019+02:00,-0.01540448796004057
2026-05-14 15:34:54.506644+02:00,-0.017569994553923607
2026-05-14 15:34:54.522269+02:00,-0.018916940316557884
2026-05-14 15:34:54.537894+02:00,-0.019423700869083405
2026-05-14 15:34:54.553519+02:00,-0.019137322902679443
2026-05-14 15:34:54.569144+02:00,-0.018160853534936905
2026-05-14 15:34:54.584769+02:00,-0.01663600094616413
2026-05-14 15:34:54.600394+02:00,-0.014725614339113235
2026-05-14 15:34:54.616019+02:00,-0.01259834598749876
2026-05-14 15:34:54.631644+02:00,-0.010415875352919102
2026-05-14 15:34:54.647269+02:00,-0.008322286419570446
2026-05-14 15:34:54.662894+02:00,-0.0064342753030359745
2026-05-14 15:34:54.678519+02:00,-0.004832225851714611
2026-05-14 15:34:54.694144+02:00,-0.0035556363873183727
2026-05-14 15:34:54.709769+02:00,-0.0026042412500828505
2026-05-14 15:34:54.725394+02:00,-0.0019426312064751983
2026-05-14 15:34:54.741019+02:00,-0.0015079996082931757
2026-05-14 15:34:54.756644+02:00,-0.0012202054494991899
2026-05-14 15:34:54.772269+02:00,-0.0009912416571751237
2026-05-14 15:34:54.787894+02:00,-0.0007343584438785911
2026-05-14 15:34:54.803519+02:00,-0.00037428434006869793
2026-05-14 15:34:54.819144+02:00,0.0001443949295207858
2026-05-14 15:34:54.834769+02:00,0.0008530355989933014
2026-05-14 15:34:54.850394+02:00,0.0017568133771419525
2026-05-14 15:34:54.866019+02:00,0.002835524268448353
2026-05-14 15:34:54.881644+02:00,0.004050229210406542
2026-05-14 15:34:54.897269+02:00,0.005352843552827835
2026-05-14 15:34:54.912894+02:00,0.006693877745419741
2026-05-14 15:34:54.928519+02:00,0.008026659488677979
2026-05-14 15:34:54.944144+02:00,0.00930867064744234
2026-05-14 15:34:54.959769+02:00,0.010502046905457973
2026-05-14 15:34:54.975394+02:00,0.011572844348847866
2026-05-14 15:34:54.991019+02:00,0.012486374005675316
2026-05-14 15:34:55.006644+02:00,0.01319938711822033
2026-05-14 15:34:55.022269+02:00,0.013652048073709011
2026-05-14 15:34:55.037894+02:00,0.013762379996478558
2026-05-14 15:34:55.053519+02:00,0.013429200276732445
2026-05-14 15:34:55.069144+02:00,0.012548258528113365
2026-05-14 15:34:55.084769+02:00,0.011037573218345642
2026-05-14 15:34:55.100394+02:00,0.00886391568928957
2026-05-14 15:34:55.116019+02:00,0.006063179578632116
2026-05-14 15:34:55.131644+02:00,0.0027486502658575773
2026-05-14 15:34:55.147269+02:00,-0.000895253848284483
2026-05-14 15:34:55.162894+02:00,-0.004632614087313414
2026-05-14 15:34:55.178519+02:00,-0.00820542685687542
2026-05-14 15:34:55.194144+02:00,-0.011366910301148891
2026-05-14 15:34:55.209769+02:00,-0.013911640271544456
2026-05-14 15:34:55.225394+02:00,-0.015696600079536438
2026-05-14 15:34:55.241019+02:00,-0.016651015728712082
2026-05-14 15:34:55.256644+02:00,-0.016776246950030327
2026-05-14 15:34:55.272269+02:00,-0.016138406470417976
2026-05-14 15:34:55.287894+02:00,-0.014856543391942978
2026-05-14 15:34:55.303519+02:00,-0.013087131083011627
2026-05-14 15:34:55.319144+02:00,-0.011005422100424767
2026-05-14 15:34:55.334769+02:00,-0.008786875754594803
2026-05-14 15:34:55.350394+02:00,-0.006592160556465387
2026-05-14 15:34:55.366019+02:00,-0.004556753672659397
2026-05-14 15:34:55.381644+02:00,-0.002783401170745492
2026-05-14 15:34:55.397269+02:00,-0.0013358619762584567
2026-05-14 15:34:55.412894+02:00,-0.00023549905745312572
2026-05-14 15:34:55.428519+02:00,0.0005374690517783165
2026-05-14 15:34:55.444144+02:00,0.0010382930049672723
2026-05-14 15:34:55.459769+02:00,0.001347745070233941
2026-05-14 15:34:55.475394+02:00,0.0015583282802253962
2026-05-14 15:34:55.491019+02:00,0.0017598815029487014
2026-05-14 15:34:55.506644+02:00,0.002028925810009241
2026-05-14 15:34:55.522269+02:00,0.0024223215878009796
2026-05-14 15:34:55.537894+02:00,0.0029732249677181244
2026-05-14 15:34:55.553519+02:00,0.003690594108775258
2026-05-14 15:34:55.569144+02:00,0.00456308014690876
2026-05-14 15:34:55.584769+02:00,0.005563763901591301
2026-05-14 15:34:55.600394+02:00,0.0066547691822052
2026-05-14 15:34:55.616019+02:00,0.007792806252837181
2026-05-14 15:34:55.631644+02:00,0.008933651261031628
2026-05-14 15:34:55.647269+02:00,0.010035254061222076
2026-05-14 15:34:55.662894+02:00,0.011060522869229317
2026-05-14 15:34:55.678519+02:00,0.011979238130152225
2026-05-14 15:34:55.694144+02:00,0.01276880968362093
2026-05-14 15:34:55.709769+02:00,0.013410540297627449
2026-05-14 15:34:55.725394+02:00,0.01387737412005663
2026-05-14 15:34:55.741019+02:00,0.014117887243628502
2026-05-14 15:34:55.756644+02:00,0.014047364704310894
2026-05-14 15:34:55.772269+02:00,0.013552367687225342
2026-05-14 15:34:55.787894+02:00,0.012509044259786606
2026-05-14 15:34:55.803519+02:00,0.010811930522322655
2026-05-14 15:34:55.819144+02:00,0.008406111970543861
2026-05-14 15:34:55.834769+02:00,0.005312991328537464
2026-05-14 15:34:55.850394+02:00,0.0016412846744060516
2026-05-14 15:34:55.866019+02:00,-0.0024198296014219522
2026-05-14 15:34:55.881644+02:00,-0.006622984539717436
2026-05-14 15:34:55.897269+02:00,-0.010694688186049461
2026-05-14 15:34:55.912894+02:00,-0.014370312914252281
2026-05-14 15:34:55.928519+02:00,-0.017425017431378365
2026-05-14 15:34:55.944144+02:00,-0.019695300608873367
2026-05-14 15:34:55.959769+02:00,-0.021089091897010803
2026-05-14 15:34:55.975394+02:00,-0.021585848182439804
2026-05-14 15:34:55.991019+02:00,-0.021231219172477722
2026-05-14 15:34:56.006644+02:00,-0.020128337666392326
2026-05-14 15:34:56.022269+02:00,-0.018423588946461678
2026-05-14 15:34:56.037894+02:00,-0.016288843005895615
2026-05-14 15:34:56.053519+02:00,-0.013905003666877747
2026-05-14 15:34:56.069144+02:00,-0.0114463921636343
2026-05-14 15:34:56.084769+02:00,-0.009066147729754448
2026-05-14 15:34:56.100394+02:00,-0.006886634044349194
2026-05-14 15:34:56.116019+02:00,-0.00499441334977746
2026-05-14 15:34:56.131644+02:00,-0.0034365388564765453
2026-05-14 15:34:56.147269+02:00,-0.0022190476302057505
2026-05-14 15:34:56.162894+02:00,-0.00131161417812109
2026-05-14 15:34:56.178519+02:00,-0.0006574474391527474
2026-05-14 15:34:56.194144+02:00,-0.000181968993274495
2026-05-14 15:34:56.209769+02:00,0.00020083683193661273
2026-05-14 15:34:56.225394+02:00,0.0005802916712127626
2026-05-14 15:34:56.241019+02:00,0.0010375789133831859
2026-05-14 15:34:56.256644+02:00,0.0016335372347384691
2026-05-14 15:34:56.272269+02:00,0.0024018005933612585
2026-05-14 15:34:56.287894+02:00,0.0033500881399959326
2026-05-14 15:34:56.303519+02:00,0.004464661702513695
2026-05-14 15:34:56.319144+02:00,0.0057139708660542965
2026-05-14 15:34:56.334769+02:00,0.007053398061543703
2026-05-14 15:34:56.350394+02:00,0.008432039991021156
2026-05-14 15:34:56.366019+02:00,0.009799078106880188
2026-05-14 15:34:56.381644+02:00,0.011108696460723877
2026-05-14 15:34:56.397269+02:00,0.01232355460524559
2026-05-14 15:34:56.412894+02:00,0.013415120542049408
2026-05-14 15:34:56.428519+02:00,0.014361096546053886
2026-05-14 15:34:56.444144+02:00,0.015142866410315037
2026-05-14 15:34:56.459769+02:00,0.015739796683192253
2026-05-14 15:34:56.475394+02:00,0.016115371137857437
2026-05-14 15:34:56.491019+02:00,0.016202783212065697
2026-05-14 15:34:56.506644+02:00,0.015902096405625343
2026-05-14 15:34:56.522269+02:00,0.015092359855771065
2026-05-14 15:34:56.537894+02:00,0.01365661434829235
2026-05-14 15:34:56.553519+02:00,0.011514013633131981
2026-05-14 15:34:56.569144+02:00,0.008649541065096855
2026-05-14 15:34:56.584769+02:00,0.0051328400149941444
2026-05-14 15:34:56.600394+02:00,0.0011213109828531742
2026-05-14 15:34:56.616019+02:00,-0.0031543076038360596
2026-05-14 15:34:56.631644+02:00,-0.0074192737229168415
2026-05-14 15:34:56.647269+02:00,-0.011391201987862587
2026-05-14 15:34:56.662894+02:00,-0.014813918620347977
2026-05-14 15:34:56.678519+02:00,-0.017483700066804886
2026-05-14 15:34:56.694144+02:00,-0.019267579540610313
2026-05-14 15:34:56.709769+02:00,-0.020112713798880577
2026-05-14 15:34:56.725394+02:00,-0.020045148208737373
2026-05-14 15:34:56.741019+02:00,-0.019159119576215744
2026-05-14 15:34:56.756644+02:00,-0.01760048046708107
2026-05-14 15:34:56.772269+02:00,-0.01554742082953453
2026-05-14 15:34:56.787894+02:00,-0.013190411031246185
2026-05-14 15:34:56.803519+02:00,-0.01071480754762888
2026-05-14 15:34:56.819144+02:00,-0.008288159966468811
2026-05-14 15:34:56.834769+02:00,-0.006049666088074446
2026-05-14 15:34:56.850394+02:00,-0.004100034013390541
2026-05-14 15:34:56.866019+02:00,-0.0024942178279161453
2026-05-14 15:34:56.881644+02:00,-0.0012409230694174767
2026-05-14 15:34:56.897269+02:00,-0.00030939074349589646
2026-05-14 15:34:56.912894+02:00,0.0003599714254960418
2026-05-14 15:34:56.928519+02:00,0.0008445968269370496
2026-05-14 15:34:56.944144+02:00,0.0012295154156163335
2026-05-14 15:34:56.959769+02:00,0.0015968512743711472
2026-05-14 15:34:56.975394+02:00,0.002016012091189623
2026-05-14 15:34:56.991019+02:00,0.0025379820726811886
2026-05-14 15:34:57.006644+02:00,0.003193899290636182
2026-05-14 15:34:57.022269+02:00,0.003995790146291256
2026-05-14 15:34:57.037894+02:00,0.004937958437949419
2026-05-14 15:34:57.053519+02:00,0.005998657085001469
2026-05-14 15:34:57.069144+02:00,0.00714460201561451
2026-05-14 15:34:57.084769+02:00,0.008337626233696938
2026-05-14 15:34:57.100394+02:00,0.009538986720144749
2026-05-14 15:34:57.116019+02:00,0.010712222196161747
2026-05-14 15:34:57.131644+02:00,0.011826610192656517
2026-05-14 15:34:57.147269+02:00,0.012858963571488857
2026-05-14 15:34:57.162894+02:00,0.013793021440505981
2026-05-14 15:34:57.178519+02:00,0.014617924578487873
2026-05-14 15:34:57.194144+02:00,0.015322818420827389
2026-05-14 15:34:57.209769+02:00,0.01588241569697857
2026-05-14 15:34:57.225394+02:00,0.016238167881965637
2026-05-14 15:34:57.241019+02:00,0.016288980841636658
2026-05-14 15:34:57.256644+02:00,0.015900159254670143
2026-05-14 15:34:57.272269+02:00,0.01492820680141449
2026-05-14 15:34:57.287894+02:00,0.013253238052129745
2026-05-14 15:34:57.303519+02:00,0.01081006694585085
2026-05-14 15:34:57.319144+02:00,0.007611632347106934
2026-05-14 15:34:57.334769+02:00,0.0037606898695230484
2026-05-14 15:34:57.350394+02:00,-0.0005537308752536774
2026-05-14 15:34:57.366019+02:00,-0.0050746784545481205
2026-05-14 15:34:57.381644+02:00,-0.009506061673164368
2026-05-14 15:34:57.397269+02:00,-0.013549359515309334
2026-05-14 15:34:57.412894+02:00,-0.016943246126174927
2026-05-14 15:34:57.428519+02:00,-0.01949518360197544
2026-05-14 15:34:57.444144+02:00,-0.02109726518392563
2026-05-14 15:34:57.459769+02:00,-0.021727031096816063
2026-05-14 15:34:57.475394+02:00,-0.021438755095005035
2026-05-14 15:34:57.491019+02:00,-0.02035055123269558
2026-05-14 15:34:57.506644+02:00,-0.0186281930655241
2026-05-14 15:34:57.522269+02:00,-0.016464438289403915
2026-05-14 15:34:57.537894+02:00,-0.014057903550565243
2026-05-14 15:34:57.553519+02:00,-0.01159713789820671
2026-05-14 15:34:57.569144+02:00,-0.009248258545994759
2026-05-14 15:34:57.584769+02:00,-0.00714300200343132
2026-05-14 15:34:57.600394+02:00,-0.005370396189391613
2026-05-14 15:34:57.616019+02:00,-0.0039751422591507435
2026-05-14 15:34:57.631644+02:00,-0.002959586912766099
2026-05-14 15:34:57.647269+02:00,-0.002286470029503107
2026-05-14 15:34:57.662894+02:00,-0.0018841184210032225
2026-05-14 15:34:57.678519+02:00,-0.0016559893265366554
2026-05-14 15:34:57.694144+02:00,-0.0014943050919100642
2026-05-14 15:34:57.709769+02:00,-0.0012957388535141945
2026-05-14 15:34:57.725394+02:00,-0.0009753657504916191
2026-05-14 15:34:57.741019+02:00,-0.0004750732914544642
2026-05-14 15:34:57.756644+02:00,0.00023361819330602884
2026-05-14 15:34:57.772269+02:00,0.0011501926928758621
2026-05-14 15:34:57.787894+02:00,0.002249118173494935
2026-05-14 15:34:57.803519+02:00,0.0034867809154093266
2026-05-14 15:34:57.819144+02:00,0.004809393081814051
2026-05-14 15:34:57.834769+02:00,0.0061602164059877396
2026-05-14 15:34:57.850394+02:00,0.0074842809699475765
2026-05-14 15:34:57.866019+02:00,0.008731192909181118
2026-05-14 15:34:57.881644+02:00,0.009859511628746986
2026-05-14 15:34:57.897269+02:00,0.010840456932783127
2026-05-14 15:34:57.912894+02:00,0.011655068956315517
2026-05-14 15:34:57.928519+02:00,0.012285490520298481
2026-05-14 15:34:57.944144+02:00,0.012702886015176773
2026-05-14 15:34:57.959769+02:00,0.01285308413207531
2026-05-14 15:34:57.975394+02:00,0.012648200616240501
2026-05-14 15:34:57.991019+02:00,0.01197567954659462
2026-05-14 15:34:58.006644+02:00,0.010724005289375782
2026-05-14 15:34:58.022269+02:00,0.008813953027129173
2026-05-14 15:34:58.037894+02:00,0.006226774305105209
2026-05-14 15:34:58.053519+02:00,0.003023499622941017
2026-05-14 15:34:58.069144+02:00,-0.0006504720076918602
2026-05-14 15:34:58.084769+02:00,-0.004577417392283678
2026-05-14 15:34:58.100394+02:00,-0.00849248468875885
2026-05-14 15:34:58.116019+02:00,-0.012116714380681515
2026-05-14 15:34:58.131644+02:00,-0.015192316845059395
2026-05-14 15:34:58.147269+02:00,-0.01751372218132019
2026-05-14 15:34:58.162894+02:00,-0.01894879713654518
2026-05-14 15:34:58.178519+02:00,-0.01944669894874096
2026-05-14 15:34:58.194144+02:00,-0.019032612442970276
2026-05-14 15:34:58.209769+02:00,-0.017796458676457405
2026-05-14 15:34:58.225394+02:00,-0.01588226482272148
2026-05-14 15:34:58.241019+02:00,-0.013475175946950912
2026-05-14 15:34:58.256644+02:00,-0.01078212819993496
2026-05-14 15:34:58.272269+02:00,-0.008009510114789009
2026-05-14 15:34:58.287894+02:00,-0.005343084689229727
2026-05-14 15:34:58.303519+02:00,-0.0029337494634091854
2026-05-14 15:34:58.319144+02:00,-0.0008899268577806652
2026-05-14 15:34:58.334769+02:00,0.0007253222865983844
2026-05-14 15:34:58.350394+02:00,0.001894626417197287
2026-05-14 15:34:58.366019+02:00,0.002645989414304495
2026-05-14 15:34:58.381644+02:00,0.003050078870728612
2026-05-14 15:34:58.397269+02:00,0.003208992537111044
2026-05-14 15:34:58.412894+02:00,0.0032369843684136868
2026-05-14 15:34:58.428519+02:00,0.003243051003664732
2026-05-14 15:34:58.444144+02:00,0.0033211265690624714
2026-05-14 15:34:58.459769+02:00,0.0035446560941636562
2026-05-14 15:34:58.475394+02:00,0.003961530048400164
2026-05-14 15:34:58.491019+02:00,0.0045900847762823105
2026-05-14 15:34:58.506644+02:00,0.005420176312327385
2026-05-14 15:34:58.522269+02:00,0.006420111749321222
2026-05-14 15:34:58.537894+02:00,0.007545022293925285
2026-05-14 15:34:58.553519+02:00,0.008743385784327984
2026-05-14 15:34:58.569144+02:00,0.00996208842843771
2026-05-14 15:34:58.584769+02:00,0.01115036103874445
2026-05-14 15:34:58.600394+02:00,0.012261790223419666
2026-05-14 15:34:58.616019+02:00,0.013252317905426025
2026-05-14 15:34:58.631644+02:00,0.01407174114137888
2026-05-14 15:34:58.647269+02:00,0.014651143923401833
2026-05-14 15:34:58.662894+02:00,0.0148942144587636
2026-05-14 15:34:58.678519+02:00,0.014679630286991596
2026-05-14 15:34:58.694144+02:00,0.01387731358408928
2026-05-14 15:34:58.709769+02:00,0.012376348488032818
2026-05-14 15:34:58.725394+02:00,0.010117646306753159
2026-05-14 15:34:58.741019+02:00,0.007121579721570015
2026-05-14 15:34:58.756644+02:00,0.0035007502883672714
2026-05-14 15:34:58.772269+02:00,-0.0005471664480865002
2026-05-14 15:34:58.787894+02:00,-0.004762775264680386
2026-05-14 15:34:58.803519+02:00,-0.008856555446982384
2026-05-14 15:34:58.819144+02:00,-0.012543752789497375
2026-05-14 15:34:58.834769+02:00,-0.01557866483926773
2026-05-14 15:34:58.850394+02:00,-0.017781425267457962
2026-05-14 15:34:58.866019+02:00,-0.019051697105169296
2026-05-14 15:34:58.881644+02:00,-0.01937008835375309
2026-05-14 15:34:58.897269+02:00,-0.01879137195646763
2026-05-14 15:34:58.912894+02:00,-0.0174323208630085
2026-05-14 15:34:58.928519+02:00,-0.015456118620932102
2026-05-14 15:34:58.944144+02:00,-0.01305515505373478
2026-05-14 15:34:58.959769+02:00,-0.010433814488351345
2026-05-14 15:34:58.975394+02:00,-0.007791260723024607
2026-05-14 15:34:58.991019+02:00,-0.0053038643673062325
2026-05-14 15:34:59.006644+02:00,-0.0031106339301913977
2026-05-14 15:34:59.022269+02:00,-0.001304309000261128
2026-05-14 15:34:59.037894+02:00,7.296109106391668e-05
2026-05-14 15:34:59.053519+02:00,0.0010292644146829844
2026-05-14 15:34:59.069144+02:00,0.0016163383843377233
2026-05-14 15:34:59.084769+02:00,0.0019174787448719144
2026-05-14 15:34:59.100394+02:00,0.002033519558608532
2026-05-14 15:34:59.116019+02:00,0.0020699878223240376
2026-05-14 15:34:59.131644+02:00,0.0021263062953948975
2026-05-14 15:34:59.147269+02:00,0.0022872823756188154
2026-05-14 15:34:59.162894+02:00,0.002616667654365301
2026-05-14 15:34:59.178519+02:00,0.0031526456587016582
2026-05-14 15:34:59.194144+02:00,0.0039061512798070908
2026-05-14 15:34:59.209769+02:00,0.004862163215875626
2026-05-14 15:34:59.225394+02:00,0.005983097478747368
2026-05-14 15:34:59.241019+02:00,0.007214483805000782
2026-05-14 15:34:59.256644+02:00,0.008493472822010517
2026-05-14 15:34:59.272269+02:00,0.009758437052369118
2026-05-14 15:34:59.287894+02:00,0.010956096462905407
2026-05-14 15:34:59.303519+02:00,0.01204341184347868
2026-05-14 15:34:59.319144+02:00,0.01298210583627224
2026-05-14 15:34:59.334769+02:00,0.013725776225328445
2026-05-14 15:34:59.350394+02:00,0.01420540176331997
2026-05-14 15:34:59.366019+02:00,0.014321297407150269
2026-05-14 15:34:59.381644+02:00,0.013946850784122944
2026-05-14 15:34:59.397269+02:00,0.01294666901230812
2026-05-14 15:34:59.412894+02:00,0.011206777766346931
2026-05-14 15:34:59.428519+02:00,0.008668684400618076
2026-05-14 15:34:59.444144+02:00,0.0053576575592160225
2026-05-14 15:34:59.459769+02:00,0.0013967938721179962
2026-05-14 15:34:59.475394+02:00,-0.00299859163351357
2026-05-14 15:34:59.491019+02:00,-0.0075456527993083
2026-05-14 15:34:59.506644+02:00,-0.011930953711271286
2026-05-14 15:34:59.522269+02:00,-0.015850909054279327
2026-05-14 15:34:59.537894+02:00,-0.01904757134616375
2026-05-14 15:34:59.553519+02:00,-0.021333299577236176
2026-05-14 15:34:59.569144+02:00,-0.022603338584303856
2026-05-14 15:34:59.584769+02:00,-0.022839456796646118
2026-05-14 15:34:59.600394+02:00,-0.02210519090294838
2026-05-14 15:34:59.616019+02:00,-0.0205328818410635
2026-05-14 15:34:59.631644+02:00,-0.018305808305740356
2026-05-14 15:34:59.647269+02:00,-0.015637440606951714
2026-05-14 15:34:59.662894+02:00,-0.012749183923006058
2026-05-14 15:34:59.678519+02:00,-0.00984928198158741
2026-05-14 15:34:59.694144+02:00,-0.007115151733160019
2026-05-14 15:34:59.709769+02:00,-0.004681379068642855
2026-05-14 15:34:59.725394+02:00,-0.0026340587064623833
2026-05-14 15:34:59.741019+02:00,-0.0010106675326824188
2026-05-14 15:34:59.756644+02:00,0.00019635958597064018
2026-05-14 15:34:59.772269+02:00,0.0010345280170440674
2026-05-14 15:34:59.787894+02:00,0.0015835592057555914
2026-05-14 15:34:59.803519+02:00,0.0019434390123933554
2026-05-14 15:34:59.819144+02:00,0.002220522379502654
2026-05-14 15:34:59.834769+02:00,0.0025152487214654684
2026-05-14 15:34:59.850394+02:00,0.0029120848048478365
2026-05-14 15:34:59.866019+02:00,0.0034717051312327385
2026-05-14 15:34:59.881644+02:00,0.004227582830935717
2026-05-14 15:34:59.897269+02:00,0.005186618305742741
2026-05-14 15:34:59.912894+02:00,0.006331879645586014
2026-05-14 15:34:59.928519+02:00,0.00762742618098855
2026-05-14 15:34:59.944144+02:00,0.00902424193918705
2026-05-14 15:34:59.959769+02:00,0.010466326028108597
2026-05-14 15:34:59.975394+02:00,0.011896951124072075
2026-05-14 15:34:59.991019+02:00,0.013263937085866928
2026-05-14 15:35:00.006644+02:00,0.014522967860102654
2026-05-14 15:35:00.022269+02:00,0.015637490898370743
2026-05-14 15:35:00.037894+02:00,0.016571111977100372
2026-05-14 15:35:00.053519+02:00,0.017272163182497025
2026-05-14 15:35:00.069144+02:00,0.01765848696231842
2026-05-14 15:35:00.084769+02:00,0.017612488940358162
2026-05-14 15:35:00.100394+02:00,0.016991756856441498
2026-05-14 15:35:00.116019+02:00,0.015654675662517548
2026-05-14 15:35:00.131644+02:00,0.013496124185621738
2026-05-14 15:35:00.147269+02:00,0.010483658872544765
2026-05-14 15:35:00.162894+02:00,0.006681984290480614
2026-05-14 15:35:00.178519+02:00,0.0022577198687940836
2026-05-14 15:35:00.194144+02:00,-0.0025359666906297207
2026-05-14 15:35:00.209769+02:00,-0.0073900604620575905
2026-05-14 15:35:00.225394+02:00,-0.011978702619671822
2026-05-14 15:35:00.241019+02:00,-0.015998216345906258
2026-05-14 15:35:00.256644+02:00,-0.019199296832084656
2026-05-14 15:35:00.272269+02:00,-0.02140902169048786
2026-05-14 15:35:00.287894+02:00,-0.0225424412637949
2026-05-14 15:35:00.303519+02:00,-0.022604046389460564
2026-05-14 15:35:00.319144+02:00,-0.021678758785128593
2026-05-14 15:35:00.334769+02:00,-0.019915521144866943
2026-05-14 15:35:00.350394+02:00,-0.017508938908576965
2026-05-14 15:35:00.366019+02:00,-0.014679756946861744
2026-05-14 15:35:00.381644+02:00,-0.011653481982648373
2026-05-14 15:35:00.397269+02:00,-0.008640633895993233
2026-05-14 15:35:00.412894+02:00,-0.0058209700509905815
2026-05-14 15:35:00.428519+02:00,-0.003330837469547987
2026-05-14 15:35:00.444144+02:00,-0.0012540086172521114
2026-05-14 15:35:00.459769+02:00,0.00038174306973814964
2026-05-14 15:35:00.475394+02:00,0.0016005863435566425
2026-05-14 15:35:00.491019+02:00,0.002468351274728775
2026-05-14 15:35:00.506644+02:00,0.0030790395103394985
2026-05-14 15:35:00.522269+02:00,0.0035401037894189358
2026-05-14 15:35:00.537894+02:00,0.003958457615226507
2026-05-14 15:35:00.553519+02:00,0.004429035820066929
2026-05-14 15:35:00.569144+02:00,0.0050257728435099125
2026-05-14 15:35:00.584769+02:00,0.005795453675091267
2026-05-14 15:35:00.600394+02:00,0.006756511516869068
2026-05-14 15:35:00.616019+02:00,0.007902899757027626
2026-05-14 15:35:00.631644+02:00,0.009209905751049519
2026-05-14 15:35:00.647269+02:00,0.010638557374477386
2026-05-14 15:35:00.662894+02:00,0.012139149010181427
2026-05-14 15:35:00.678519+02:00,0.013656148687005043
2026-05-14 15:35:00.694144+02:00,0.015133952721953392
2026-05-14 15:35:00.709769+02:00,0.016521522775292397
2026-05-14 15:35:00.725394+02:00,0.017775164917111397
2026-05-14 15:35:00.741019+02:00,0.01885812357068062
2026-05-14 15:35:00.756644+02:00,0.01973402500152588
2026-05-14 15:35:00.772269+02:00,0.020354220643639565
2026-05-14 15:35:00.787894+02:00,0.0206436850130558
2026-05-14 15:35:00.803519+02:00,0.020492631942033768
2026-05-14 15:35:00.819144+02:00,0.019762229174375534
2026-05-14 15:35:00.834769+02:00,0.01830817386507988
2026-05-14 15:35:00.850394+02:00,0.016017114743590355
2026-05-14 15:35:00.866019+02:00,0.01284503098577261
2026-05-14 15:35:00.881644+02:00,0.008845547214150429
2026-05-14 15:35:00.897269+02:00,0.0041794502176344395
2026-05-14 15:35:00.912894+02:00,-0.0008975083474069834
2026-05-14 15:35:00.928519+02:00,-0.00606504688039422
2026-05-14 15:35:00.944144+02:00,-0.010979080572724342
2026-05-14 15:35:00.959769+02:00,-0.015314748510718346
2026-05-14 15:35:00.975394+02:00,-0.018804624676704407
2026-05-14 15:35:00.991019+02:00,-0.021265022456645966
2026-05-14 15:35:01.006644+02:00,-0.022607427090406418
2026-05-14 15:35:01.022269+02:00,-0.022837558761239052
2026-05-14 15:35:01.037894+02:00,-0.022044794633984566
2026-05-14 15:35:01.053519+02:00,-0.02038484439253807
2026-05-14 15:35:01.069144+02:00,-0.018060550093650818
2026-05-14 15:35:01.084769+02:00,-0.015302952378988266
2026-05-14 15:35:01.100394+02:00,-0.012350242584943771
2026-05-14 15:35:01.116019+02:00,-0.009425489231944084
2026-05-14 15:35:01.131644+02:00,-0.006718598306179047
2026-05-14 15:35:01.147269+02:00,-0.004373644478619099
2026-05-14 15:35:01.162894+02:00,-0.002479009563103318
2026-05-14 15:35:01.178519+02:00,-0.0010618926025927067
2026-05-14 15:35:01.194144+02:00,-9.131478145718575e-05
2026-05-14 15:35:01.209769+02:00,0.0005100347334519029
2026-05-14 15:35:01.225394+02:00,0.0008498935494571924
2026-05-14 15:35:01.241019+02:00,0.0010508327977731824
2026-05-14 15:35:01.256644+02:00,0.001234728959389031
2026-05-14 15:35:01.272269+02:00,0.0015081849414855242
2026-05-14 15:35:01.287894+02:00,0.0019524041563272476
2026-05-14 15:35:01.303519+02:00,0.0026174455415457487
2026-05-14 15:35:01.319144+02:00,0.0035199145786464214
2026-05-14 15:35:01.334769+02:00,0.0046455711126327515
2026-05-14 15:35:01.350394+02:00,0.005956703331321478
2026-05-14 15:35:01.366019+02:00,0.0074006058275699615
2026-05-14 15:35:01.381644+02:00,0.008915971033275127
2026-05-14 15:35:01.397269+02:00,0.010438683442771435
2026-05-14 15:35:01.412894+02:00,0.011908356100320816
2026-05-14 15:35:01.428519+02:00,0.013272969052195549
2026-05-14 15:35:01.444144+02:00,0.014490901492536068
2026-05-14 15:35:01.459769+02:00,0.015529761090874672
2026-05-14 15:35:01.475394+02:00,0.01635807938873768
2026-05-14 15:35:01.491019+02:00,0.016930129379034042
2026-05-14 15:35:01.506644+02:00,0.017171090468764305
2026-05-14 15:35:01.522269+02:00,0.01697164960205555
2026-05-14 15:35:01.537894+02:00,0.0161968395113945
2026-05-14 15:35:01.553519+02:00,0.014708839356899261
2026-05-14 15:35:01.569144+02:00,0.012401653453707695
2026-05-14 15:35:01.584769+02:00,0.009239745326340199
2026-05-14 15:35:01.600394+02:00,0.005287019535899162
2026-05-14 15:35:01.616019+02:00,0.0007151374593377113
2026-05-14 15:35:01.631644+02:00,-0.0042126234620809555
2026-05-14 15:35:01.647269+02:00,-0.009175777435302734
2026-05-14 15:35:01.662894+02:00,-0.013838045299053192
2026-05-14 15:35:01.678519+02:00,-0.017887858673930168
2026-05-14 15:35:01.694144+02:00,-0.021072395145893097
2026-05-14 15:35:01.709769+02:00,-0.023219946771860123
2026-05-14 15:35:01.725394+02:00,-0.02424929291009903
2026-05-14 15:35:01.741019+02:00,-0.024170096963644028
2026-05-14 15:35:01.756644+02:00,-0.02307741902768612
2026-05-14 15:35:01.772269+02:00,-0.021137695759534836
2026-05-14 15:35:01.787894+02:00,-0.018565932288765907
2026-05-14 15:35:01.803519+02:00,-0.015601947903633118
2026-05-14 15:35:01.819144+02:00,-0.012490186840295792
2026-05-14 15:35:01.834769+02:00,-0.00945909321308136
2026-05-14 15:35:01.850394+02:00,-0.006699341349303722
2026-05-14 15:35:01.866019+02:00,-0.004347153939306736
2026-05-14 15:35:01.881644+02:00,-0.002476372057572007
2026-05-14 15:35:01.897269+02:00,-0.0010985851986333728
2026-05-14 15:35:01.912894+02:00,-0.00017079920507967472
2026-05-14 15:35:01.928519+02:00,0.00039167969953268766
2026-05-14 15:35:01.944144+02:00,0.0007015314185991883
2026-05-14 15:35:01.959769+02:00,0.000885212211869657
2026-05-14 15:35:01.975394+02:00,0.0010656937956809998
2026-05-14 15:35:01.991019+02:00,0.0013458672910928726
2026-05-14 15:35:02.006644+02:00,0.0018000612035393715
2026-05-14 15:35:02.022269+02:00,0.0024727415293455124
2026-05-14 15:35:02.037894+02:00,0.0033783968538045883
2026-05-14 15:35:02.053519+02:00,0.004502611700445414
2026-05-14 15:35:02.069144+02:00,0.005806856323033571
2026-05-14 15:35:02.084769+02:00,0.007235757540911436
2026-05-14 15:35:02.100394+02:00,0.008725064806640148
2026-05-14 15:35:02.116019+02:00,0.010210204869508743
2026-05-14 15:35:02.131644+02:00,0.011633639223873615
2026-05-14 15:35:02.147269+02:00,0.012948612682521343
2026-05-14 15:35:02.162894+02:00,0.014119511470198631
2026-05-14 15:35:02.178519+02:00,0.015119776129722595
2026-05-14 15:35:02.194144+02:00,0.015927661210298538
2026-05-14 15:35:02.209769+02:00,0.016516564413905144
2026-05-14 15:35:02.225394+02:00,0.016837703064084053
2026-05-14 15:35:02.241019+02:00,0.016804685816168785
2026-05-14 15:35:02.256644+02:00,0.016292478889226913
2026-05-14 15:35:02.272269+02:00,0.015154873952269554
2026-05-14 15:35:02.287894+02:00,0.013258039951324463
2026-05-14 15:35:02.303519+02:00,0.010521084070205688
2026-05-14 15:35:02.319144+02:00,0.0069494061172008514
2026-05-14 15:35:02.334769+02:00,0.002651544287800789
2026-05-14 15:35:02.350394+02:00,-0.0021625342778861523
2026-05-14 15:35:02.366019+02:00,-0.007201710715889931
2026-05-14 15:35:02.381644+02:00,-0.01212940365076065
2026-05-14 15:35:02.397269+02:00,-0.01660771109163761
2026-05-14 15:35:02.412894+02:00,-0.02034042775630951
2026-05-14 15:35:02.428519+02:00,-0.023105274885892868
2026-05-14 15:35:02.444144+02:00,-0.02477206289768219
2026-05-14 15:35:02.459769+02:00,-0.02530958503484726
2026-05-14 15:35:02.475394+02:00,-0.02478177659213543
2026-05-14 15:35:02.491019+02:00,-0.023331280797719955
2026-05-14 15:35:02.506644+02:00,-0.021154938265681267
2026-05-14 15:35:02.522269+02:00,-0.018478555604815483
2026-05-14 15:35:02.537894+02:00,-0.015534274280071259
2026-05-14 15:35:02.553519+02:00,-0.012541697360575199
2026-05-14 15:35:02.569144+02:00,-0.009692310355603695
2026-05-14 15:35:02.584769+02:00,-0.007136565633118153
2026-05-14 15:35:02.600394+02:00,-0.004975290969014168
2026-05-14 15:35:02.616019+02:00,-0.0032557854428887367
2026-05-14 15:35:02.631644+02:00,-0.001971492078155279
2026-05-14 15:35:02.647269+02:00,-0.0010670092888176441
2026-05-14 15:35:02.662894+02:00,-0.00045010808389633894
2026-05-14 15:35:02.678519+02:00,-7.744180038571358e-06
2026-05-14 15:35:02.694144+02:00,0.00037759123370051384
2026-05-14 15:35:02.709769+02:00,0.0008120187558233738
2026-05-14 15:35:02.725394+02:00,0.0013768349308520555
2026-05-14 15:35:02.741019+02:00,0.002121433150023222
2026-05-14 15:35:02.756644+02:00,0.003063824027776718
2026-05-14 15:35:02.772269+02:00,0.004195297136902809
2026-05-14 15:35:02.787894+02:00,0.00548528740182519
2026-05-14 15:35:02.803519+02:00,0.00688721239566803
2026-05-14 15:35:02.819144+02:00,0.008346575312316418
2026-05-14 15:35:02.834769+02:00,0.009808292612433434
2026-05-14 15:35:02.850394+02:00,0.011221498250961304
2026-05-14 15:35:02.866019+02:00,0.01254374161362648
2026-05-14 15:35:02.881644+02:00,0.013744277879595757
2026-05-14 15:35:02.897269+02:00,0.01480386033654213
2026-05-14 15:35:02.912894+02:00,0.015711544081568718
2026-05-14 15:35:02.928519+02:00,0.016461145132780075
2026-05-14 15:35:02.944144+02:00,0.017047353088855743
2026-05-14 15:35:02.959769+02:00,0.017457835376262665
2026-05-14 15:35:02.975394+02:00,0.01765923574566841
2026-05-14 15:35:02.991019+02:00,0.017582422122359276
2026-05-14 15:35:03.006644+02:00,0.017116600647568703
2026-05-14 15:35:03.022269+02:00,0.016119129955768585
2026-05-14 15:35:03.037894+02:00,0.014442861080169678
2026-05-14 15:35:03.053519+02:00,0.011976221576333046
2026-05-14 15:35:03.069144+02:00,0.008682799525558949
2026-05-14 15:35:03.084769+02:00,0.0046263933181762695
2026-05-14 15:35:03.100394+02:00,-2.3832544684410095e-05
2026-05-14 15:35:03.116019+02:00,-0.005007650703191757
2026-05-14 15:35:03.131644+02:00,-0.010006052441895008
2026-05-14 15:35:03.147269+02:00,-0.01468493603169918
2026-05-14 15:35:03.162894+02:00,-0.018738361075520515
2026-05-14 15:35:03.178519+02:00,-0.021923212334513664
2026-05-14 15:35:03.194144+02:00,-0.02408255636692047
2026-05-14 15:35:03.209769+02:00,-0.025155430659651756
2026-05-14 15:35:03.225394+02:00,-0.025173159316182137
2026-05-14 15:35:03.241019+02:00,-0.024244647473096848
2026-05-14 15:35:03.256644+02:00,-0.02253371849656105
2026-05-14 15:35:03.272269+02:00,-0.020235314965248108
2026-05-14 15:35:03.287894+02:00,-0.017557036131620407
2026-05-14 15:35:03.303519+02:00,-0.014704953879117966
2026-05-14 15:35:03.319144+02:00,-0.011869712732732296
2026-05-14 15:35:03.334769+02:00,-0.009213140234351158
2026-05-14 15:35:03.350394+02:00,-0.006857056170701981
2026-05-14 15:35:03.366019+02:00,-0.004874703474342823
2026-05-14 15:35:03.381644+02:00,-0.0032881132792681456
2026-05-14 15:35:03.397269+02:00,-0.0020736772567033768
2026-05-14 15:35:03.412894+02:00,-0.0011725017102435231
2026-05-14 15:35:03.428519+02:00,-0.0005025260616093874
2026-05-14 15:35:03.444144+02:00,2.9357150197029114e-05
2026-05-14 15:35:03.459769+02:00,0.0005171820521354675
2026-05-14 15:35:03.475394+02:00,0.0010463299695402384
2026-05-14 15:35:03.491019+02:00,0.0016835331916809082
2026-05-14 15:35:03.506644+02:00,0.002469814382493496
2026-05-14 15:35:03.522269+02:00,0.003418755019083619
2026-05-14 15:35:03.537894+02:00,0.004518873989582062
2026-05-14 15:35:03.553519+02:00,0.005738646257668734
2026-05-14 15:35:03.569144+02:00,0.0070341904647648335
2026-05-14 15:35:03.584769+02:00,0.008358602412045002
2026-05-14 15:35:03.600394+02:00,0.009669545106589794
2026-05-14 15:35:03.616019+02:00,0.010931638069450855
2026-05-14 15:35:03.631644+02:00,0.012114095501601696
2026-05-14 15:35:03.647269+02:00,0.013189570046961308
2026-05-14 15:35:03.662894+02:00,0.014137158170342445
2026-05-14 15:35:03.678519+02:00,0.014944612979888916
2026-05-14 15:35:03.694144+02:00,0.015607040375471115
2026-05-14 15:35:03.709769+02:00,0.016123633831739426
2026-05-14 15:35:03.725394+02:00,0.016490906476974487
2026-05-14 15:35:03.741019+02:00,0.01669013313949108
2026-05-14 15:35:03.756644+02:00,0.01667208969593048
2026-05-14 15:35:03.772269+02:00,0.016347618773579597
2026-05-14 15:35:03.787894+02:00,0.015592353418469429
2026-05-14 15:35:03.803519+02:00,0.014268011786043644
2026-05-14 15:35:03.819144+02:00,0.012256592512130737
2026-05-14 15:35:03.834769+02:00,0.009499236941337585
2026-05-14 15:35:03.850394+02:00,0.006026705726981163
2026-05-14 15:35:03.866019+02:00,0.00196992140263319
2026-05-14 15:35:03.881644+02:00,-0.002452136017382145
2026-05-14 15:35:03.897269+02:00,-0.006960834842175245
2026-05-14 15:35:03.912894+02:00,-0.011253833770751953
2026-05-14 15:35:03.928519+02:00,-0.015042828395962715
2026-05-14 15:35:03.944144+02:00,-0.01808805577456951
2026-05-14 15:35:03.959769+02:00,-0.020224329084157944
2026-05-14 15:35:03.975394+02:00,-0.021375082433223724
2026-05-14 15:35:03.991019+02:00,-0.021552003920078278
2026-05-14 15:35:04.006644+02:00,-0.02084263786673546
2026-05-14 15:35:04.022269+02:00,-0.019392352551221848
2026-05-14 15:35:04.037894+02:00,-0.0173838771879673
2026-05-14 15:35:04.053519+02:00,-0.015016687102615833
2026-05-14 15:35:04.069144+02:00,-0.012489045038819313
2026-05-14 15:35:04.084769+02:00,-0.009982110001146793
2026-05-14 15:35:04.100394+02:00,-0.0076465904712677
2026-05-14 15:35:04.116019+02:00,-0.0055944654159247875
2026-05-14 15:35:04.131644+02:00,-0.003894899971783161
2026-05-14 15:35:04.147269+02:00,-0.0025728631298989058
2026-05-14 15:35:04.162894+02:00,-0.0016117033082991838
2026-05-14 15:35:04.178519+02:00,-0.000960308825597167
2026-05-14 15:35:04.194144+02:00,-0.0005426849238574505
2026-05-14 15:35:04.209769+02:00,-0.0002689932007342577
2026-05-14 15:35:04.225394+02:00,-4.829280078411102e-05
2026-05-14 15:35:04.241019+02:00,0.00019979476928710938
2026-05-14 15:35:04.256644+02:00,0.0005381780210882425
2026-05-14 15:35:04.272269+02:00,0.0010098482016474009
2026-05-14 15:35:04.287894+02:00,0.001637154957279563
2026-05-14 15:35:04.303519+02:00,0.0024219523184001446
2026-05-14 15:35:04.319144+02:00,0.00334715424105525
2026-05-14 15:35:04.334769+02:00,0.004381424747407436
2026-05-14 15:35:04.350394+02:00,0.005486811511218548
2026-05-14 15:35:04.366019+02:00,0.006624208763241768
2026-05-14 15:35:04.381644+02:00,0.0077540092170238495
2026-05-14 15:35:04.397269+02:00,0.008835983462631702
2026-05-14 15:35:04.412894+02:00,0.009833061136305332
2026-05-14 15:35:04.428519+02:00,0.010717153549194336
2026-05-14 15:35:04.444144+02:00,0.011471770703792572
2026-05-14 15:35:04.459769+02:00,0.012090232223272324
2026-05-14 15:35:04.475394+02:00,0.0125684579834342
2026-05-14 15:35:04.491019+02:00,0.012891160324215889
2026-05-14 15:35:04.506644+02:00,0.013017004355788231
2026-05-14 15:35:04.522269+02:00,0.012871656566858292
2026-05-14 15:35:04.537894+02:00,0.012353144586086273
2026-05-14 15:35:04.553519+02:00,0.011348314583301544
2026-05-14 15:35:04.569144+02:00,0.009757407940924168
2026-05-14 15:35:04.584769+02:00,0.007523506414145231
2026-05-14 15:35:04.600394+02:00,0.004659241996705532
2026-05-14 15:35:04.616019+02:00,0.001260216347873211
2026-05-14 15:35:04.631644+02:00,-0.0025000600144267082
2026-05-14 15:35:04.647269+02:00,-0.006390156224370003
2026-05-14 15:35:04.662894+02:00,-0.010149158537387848
2026-05-14 15:35:04.678519+02:00,-0.013519489206373692
2026-05-14 15:35:04.694144+02:00,-0.016279015690088272
2026-05-14 15:35:04.709769+02:00,-0.018265293911099434
2026-05-14 15:35:04.725394+02:00,-0.019389163702726364
2026-05-14 15:35:04.741019+02:00,-0.019637437537312508
2026-05-14 15:35:04.756644+02:00,-0.01906438171863556
2026-05-14 15:35:04.772269+02:00,-0.017777882516384125
2026-05-14 15:35:04.787894+02:00,-0.015926264226436615
2026-05-14 15:35:04.803519+02:00,-0.013684182427823544
2026-05-14 15:35:04.819144+02:00,-0.01123613491654396
2026-05-14 15:35:04.834769+02:00,-0.008759541437029839
2026-05-14 15:35:04.850394+02:00,-0.006410045083612204
2026-05-14 15:35:04.866019+02:00,-0.004310115240514278
2026-05-14 15:35:04.881644+02:00,-0.0025405888445675373
2026-05-14 15:35:04.897269+02:00,-0.0011373471934348345
2026-05-14 15:35:04.912894+02:00,-9.465543553233147e-05
2026-05-14 15:35:04.928519+02:00,0.0006271104793995619
2026-05-14 15:35:04.944144+02:00,0.001091593410819769
2026-05-14 15:35:04.959769+02:00,0.001376858912408352
2026-05-14 15:35:04.975394+02:00,0.001566748134791851
2026-05-14 15:35:04.991019+02:00,0.0017417017370462418
2026-05-14 15:35:05.006644+02:00,0.001969992881640792
2026-05-14 15:35:05.022269+02:00,0.002300897380337119
2026-05-14 15:35:05.037894+02:00,0.0027609860990196466
2026-05-14 15:35:05.053519+02:00,0.003355627181008458
2026-05-14 15:35:05.069144+02:00,0.00407470902428031
2026-05-14 15:35:05.084769+02:00,0.0048979283310472965
2026-05-14 15:35:05.100394+02:00,0.005796551238745451
2026-05-14 15:35:05.116019+02:00,0.006734063383191824
2026-05-14 15:35:05.131644+02:00,0.007671360857784748
2026-05-14 15:35:05.147269+02:00,0.0085745919495821
2026-05-14 15:35:05.162894+02:00,0.009417133405804634
2026-05-14 15:35:05.178519+02:00,0.010175877250730991
2026-05-14 15:35:05.194144+02:00,0.010827278718352318
2026-05-14 15:35:05.209769+02:00,0.011341863311827183
2026-05-14 15:35:05.225394+02:00,0.011674495413899422
2026-05-14 15:35:05.241019+02:00,0.011755000799894333
2026-05-14 15:35:05.256644+02:00,0.0114872632548213
2026-05-14 15:35:05.272269+02:00,0.010761182755231857
2026-05-14 15:35:05.287894+02:00,0.009476974606513977
2026-05-14 15:35:05.303519+02:00,0.0075757624581456184
2026-05-14 15:35:05.319144+02:00,0.0050651757046580315
2026-05-14 15:35:05.334769+02:00,0.0020308122038841248
2026-05-14 15:35:05.350394+02:00,-0.0013674795627593994
2026-05-14 15:35:05.366019+02:00,-0.0049115680158138275
2026-05-14 15:35:05.381644+02:00,-0.0083518847823143
2026-05-14 15:35:05.397269+02:00,-0.011441422626376152
2026-05-14 15:35:05.412894+02:00,-0.013968034647405148
2026-05-14 15:35:05.428519+02:00,-0.01577751711010933
2026-05-14 15:35:05.444144+02:00,-0.016785448417067528
2026-05-14 15:35:05.459769+02:00,-0.01697966642677784
2026-05-14 15:35:05.475394+02:00,-0.016414856538176537
2026-05-14 15:35:05.491019+02:00,-0.015199742279946804
2026-05-14 15:35:05.506644+02:00,-0.013480755500495434
2026-05-14 15:35:05.522269+02:00,-0.011425642296671867
2026-05-14 15:35:05.537894+02:00,-0.009206976741552353
2026-05-14 15:35:05.553519+02:00,-0.006987513042986393
2026-05-14 15:35:05.569144+02:00,-0.004909423179924488
2026-05-14 15:35:05.584769+02:00,-0.003085468662902713
2026-05-14 15:35:05.600394+02:00,-0.0015908331843093038
2026-05-14 15:35:05.616019+02:00,-0.00045807374408468604
2026-05-14 15:35:05.631644+02:00,0.00032262137392535806
2026-05-14 15:35:05.647269+02:00,0.0007981684757396579
2026-05-14 15:35:05.662894+02:00,0.00104300188831985
2026-05-14 15:35:05.678519+02:00,0.0011467895237728953
2026-05-14 15:35:05.694144+02:00,0.0012014606036245823
2026-05-14 15:35:05.709769+02:00,0.0012889998033642769
2026-05-14 15:35:05.725394+02:00,0.001473065698519349
2026-05-14 15:35:05.741019+02:00,0.001796536729671061
2026-05-14 15:35:05.756644+02:00,0.0022818599827587605
2026-05-14 15:35:05.772269+02:00,0.0029307561926543713
2026-05-14 15:35:05.787894+02:00,0.0037256802897900343
2026-05-14 15:35:05.803519+02:00,0.004634994547814131
2026-05-14 15:35:05.819144+02:00,0.005618590395897627
2026-05-14 15:35:05.834769+02:00,0.006632389035075903
2026-05-14 15:35:05.850394+02:00,0.007632828783243895
2026-05-14 15:35:05.866019+02:00,0.00858071818947792
2026-05-14 15:35:05.881644+02:00,0.009443842805922031
2026-05-14 15:35:05.897269+02:00,0.010197511874139309
2026-05-14 15:35:05.912894+02:00,0.010821019299328327
2026-05-14 15:35:05.928519+02:00,0.011289740912616253
2026-05-14 15:35:05.944144+02:00,0.01156485266983509
2026-05-14 15:35:05.959769+02:00,0.011584540829062462
2026-05-14 15:35:05.975394+02:00,0.011263054795563221
2026-05-14 15:35:05.991019+02:00,0.010502578690648079
2026-05-14 15:35:06.006644+02:00,0.009216662496328354
2026-05-14 15:35:06.022269+02:00,0.007357799913734198
2026-05-14 15:35:06.037894+02:00,0.004939404781907797
2026-05-14 15:35:06.053519+02:00,0.002045505214482546
2026-05-14 15:35:06.069144+02:00,-0.00117355992551893
2026-05-14 15:35:06.084769+02:00,-0.004517737310379744
2026-05-14 15:35:06.100394+02:00,-0.007761850953102112
2026-05-14 15:35:06.116019+02:00,-0.010683362372219563
2026-05-14 15:35:06.131644+02:00,-0.013089487329125404
2026-05-14 15:35:06.147269+02:00,-0.01483860146254301
2026-05-14 15:35:06.162894+02:00,-0.015851231291890144
2026-05-14 15:35:06.178519+02:00,-0.016111427918076515
2026-05-14 15:35:06.194144+02:00,-0.015662144869565964
2026-05-14 15:35:06.209769+02:00,-0.014595923013985157
2026-05-14 15:35:06.225394+02:00,-0.013041447848081589
2026-05-14 15:35:06.241019+02:00,-0.0111488476395607
2026-05-14 15:35:06.256644+02:00,-0.009075764566659927
2026-05-14 15:35:06.272269+02:00,-0.006973438896238804
2026-05-14 15:35:06.287894+02:00,-0.004974112845957279
2026-05-14 15:35:06.303519+02:00,-0.0031823120079934597
2026-05-14 15:35:06.319144+02:00,-0.0016695091035217047
2026-05-14 15:35:06.334769+02:00,-0.0004709637723863125
2026-05-14 15:35:06.350394+02:00,0.0004147421568632126
2026-05-14 15:35:06.366019+02:00,0.0010218394454568624
2026-05-14 15:35:06.381644+02:00,0.0014083492569625378
2026-05-14 15:35:06.397269+02:00,0.0016453718999400735
2026-05-14 15:35:06.412894+02:00,0.0018092090031132102
2026-05-14 15:35:06.428519+02:00,0.00197493564337492
2026-05-14 15:35:06.444144+02:00,0.002207973273470998
2026-05-14 15:35:06.459769+02:00,0.002555705141276121
2026-05-14 15:35:06.475394+02:00,0.0030435288790613413
2026-05-14 15:35:06.491019+02:00,0.003675752319395542
2026-05-14 15:35:06.506644+02:00,0.0044395229779183865
2026-05-14 15:35:06.522269+02:00,0.0053101503290236
2026-05-14 15:35:06.537894+02:00,0.006255296990275383
2026-05-14 15:35:06.553519+02:00,0.007237385027110577
2026-05-14 15:35:06.569144+02:00,0.008216298185288906
2026-05-14 15:35:06.584769+02:00,0.00915352813899517
2026-05-14 15:35:06.600394+02:00,0.010016638785600662
2026-05-14 15:35:06.616019+02:00,0.010781483724713326
2026-05-14 15:35:06.631644+02:00,0.01142938993871212
2026-05-14 15:35:06.647269+02:00,0.011937031522393227
2026-05-14 15:35:06.662894+02:00,0.012261769734323025
2026-05-14 15:35:06.678519+02:00,0.012332397513091564
2026-05-14 15:35:06.694144+02:00,0.012052899226546288
2026-05-14 15:35:06.709769+02:00,0.011319233104586601
2026-05-14 15:35:06.725394+02:00,0.01004477683454752
2026-05-14 15:35:06.741019+02:00,0.008186240680515766
2026-05-14 15:35:06.756644+02:00,0.0057624285109341145
2026-05-14 15:35:06.772269+02:00,0.00286310282535851
2026-05-14 15:35:06.787894+02:00,-0.00035452580777928233
2026-05-14 15:35:06.803519+02:00,-0.0036833842750638723
2026-05-14 15:35:06.819144+02:00,-0.006893389858305454
2026-05-14 15:35:06.834769+02:00,-0.00976012833416462
2026-05-14 15:35:06.850394+02:00,-0.0120912566781044
2026-05-14 15:35:06.866019+02:00,-0.013748053461313248
2026-05-14 15:35:06.881644+02:00,-0.014658838510513306
2026-05-14 15:35:06.897269+02:00,-0.014820961281657219
2026-05-14 15:35:06.912894+02:00,-0.014291721396148205
2026-05-14 15:35:06.928519+02:00,-0.013174694031476974
2026-05-14 15:35:06.944144+02:00,-0.011606293730437756
2026-05-14 15:35:06.959769+02:00,-0.009740917012095451
2026-05-14 15:35:06.975394+02:00,-0.007733934558928013
2026-05-14 15:35:06.991019+02:00,-0.005726458504796028
2026-05-14 15:35:07.006644+02:00,-0.003836433170363307
2026-05-14 15:35:07.022269+02:00,-0.0021560247987508774
2026-05-14 15:35:07.037894+02:00,-0.0007503537926822901
2026-05-14 15:35:07.053519+02:00,0.00034615444019436836
2026-05-14 15:35:07.069144+02:00,0.0011343727819621563
2026-05-14 15:35:07.084769+02:00,0.0016499096527695656
2026-05-14 15:35:07.100394+02:00,0.001953344326466322
2026-05-14 15:35:07.116019+02:00,0.0021167872473597527
2026-05-14 15:35:07.131644+02:00,0.0022139782086014748
2026-05-14 15:35:07.147269+02:00,0.0023141184356063604
2026-05-14 15:35:07.162894+02:00,0.002476707100868225
2026-05-14 15:35:07.178519+02:00,0.0027461156714707613
2026-05-14 15:35:07.194144+02:00,0.003147986251860857
2026-05-14 15:35:07.209769+02:00,0.003688780590891838
2026-05-14 15:35:07.225394+02:00,0.00435610581189394
2026-05-14 15:35:07.241019+02:00,0.005121617112308741
2026-05-14 15:35:07.256644+02:00,0.005949733313173056
2026-05-14 15:35:07.272269+02:00,0.006807384546846151
2026-05-14 15:35:07.287894+02:00,0.007667655125260353
2026-05-14 15:35:07.303519+02:00,0.00850676465779543
2026-05-14 15:35:07.319144+02:00,0.0093008391559124
2026-05-14 15:35:07.334769+02:00,0.010027669370174408
2026-05-14 15:35:07.350394+02:00,0.010669856332242489
2026-05-14 15:35:07.366019+02:00,0.011212077923119068
2026-05-14 15:35:07.381644+02:00,0.011630037799477577
2026-05-14 15:35:07.397269+02:00,0.01187717355787754
2026-05-14 15:35:07.412894+02:00,0.011879152618348598
2026-05-14 15:35:07.428519+02:00,0.011539558880031109
2026-05-14 15:35:07.444144+02:00,0.010754735209047794
2026-05-14 15:35:07.459769+02:00,0.009436903521418571
2026-05-14 15:35:07.475394+02:00,0.00754122668877244
2026-05-14 15:35:07.491019+02:00,0.005087269935756922
2026-05-14 15:35:07.506644+02:00,0.0021674141753464937
2026-05-14 15:35:07.522269+02:00,-0.0010597214568406343
2026-05-14 15:35:07.537894+02:00,-0.004388300236314535
2026-05-14 15:35:07.553519+02:00,-0.007591635920107365
2026-05-14 15:35:07.569144+02:00,-0.010450392961502075
2026-05-14 15:35:07.584769+02:00,-0.012778014875948429
2026-05-14 15:35:07.600394+02:00,-0.014439250342547894
2026-05-14 15:35:07.616019+02:00,-0.015359284356236458
2026-05-14 15:35:07.631644+02:00,-0.015526363626122475
2026-05-14 15:35:07.647269+02:00,-0.014990178868174553
2026-05-14 15:35:07.662894+02:00,-0.013852337375283241
2026-05-14 15:35:07.678519+02:00,-0.012249293737113476
2026-05-14 15:35:07.694144+02:00,-0.010334547609090805
2026-05-14 15:35:07.709769+02:00,-0.008265078999102116
2026-05-14 15:35:07.725394+02:00,-0.006190945394337177
2026-05-14 15:35:07.741019+02:00,-0.004244115203619003
2026-05-14 15:35:07.756644+02:00,-0.00252756429836154
2026-05-14 15:35:07.772269+02:00,-0.0011085246223956347
2026-05-14 15:35:07.787894+02:00,-1.6336794942617416e-05
2026-05-14 15:35:07.803519+02:00,0.0007553995819762349
2026-05-14 15:35:07.819144+02:00,0.0012428838526830077
2026-05-14 15:35:07.834769+02:00,0.0015050617512315512
2026-05-14 15:35:07.850394+02:00,0.0016163549153134227
2026-05-14 15:35:07.866019+02:00,0.0016568799037486315
2026-05-14 15:35:07.881644+02:00,0.0017016573110595345
2026-05-14 15:35:07.897269+02:00,0.0018131188116967678
2026-05-14 15:35:07.912894+02:00,0.0020362581126391888
2026-05-14 15:35:07.928519+02:00,0.002396336058154702
2026-05-14 15:35:07.944144+02:00,0.002900619525462389
2026-05-14 15:35:07.959769+02:00,0.003540249541401863
2026-05-14 15:35:07.975394+02:00,0.004291201941668987
2026-05-14 15:35:07.991019+02:00,0.005118519067764282
2026-05-14 15:35:08.006644+02:00,0.0059830001555383205
2026-05-14 15:35:08.022269+02:00,0.006846821866929531
2026-05-14 15:35:08.037894+02:00,0.00767676392570138
2026-05-14 15:35:08.053519+02:00,0.008444489911198616
2026-05-14 15:35:08.069144+02:00,0.009125971235334873
2026-05-14 15:35:08.084769+02:00,0.009702326729893684
2026-05-14 15:35:08.100394+02:00,0.010157925076782703
2026-05-14 15:35:08.116019+02:00,0.010470767505466938
2026-05-14 15:35:08.131644+02:00,0.010599490255117416
2026-05-14 15:35:08.147269+02:00,0.010476432740688324
2026-05-14 15:35:08.162894+02:00,0.010012124665081501
2026-05-14 15:35:08.178519+02:00,0.009112205356359482
2026-05-14 15:35:08.194144+02:00,0.0077031138353049755
2026-05-14 15:35:08.209769+02:00,0.005757608916610479
2026-05-14 15:35:08.225394+02:00,0.0033116373233497143
2026-05-14 15:35:08.241019+02:00,0.0004678531549870968
2026-05-14 15:35:08.256644+02:00,-0.002614247379824519
2026-05-14 15:35:08.272269+02:00,-0.0057365782558918
2026-05-14 15:35:08.287894+02:00,-0.008685472421348095
2026-05-14 15:35:08.303519+02:00,-0.011258442886173725
2026-05-14 15:35:08.319144+02:00,-0.013290205970406532
2026-05-14 15:35:08.334769+02:00,-0.0146709643304348
2026-05-14 15:35:08.350394+02:00,-0.015352734364569187
2026-05-14 15:35:08.366019+02:00,-0.015346070751547813
2026-05-14 15:35:08.381644+02:00,-0.014712519012391567
2026-05-14 15:35:08.397269+02:00,-0.01355417724698782
2026-05-14 15:35:08.412894+02:00,-0.01200111210346222
2026-05-14 15:35:08.428519+02:00,-0.010198425501585007
2026-05-14 15:35:08.444144+02:00,-0.008293380960822105
2026-05-14 15:35:08.459769+02:00,-0.006423449143767357
2026-05-14 15:35:08.475394+02:00,-0.004705858416855335
2026-05-14 15:35:08.491019+02:00,-0.0032282969914376736
2026-05-14 15:35:08.506644+02:00,-0.0020429883152246475
2026-05-14 15:35:08.522269+02:00,-0.001166592468507588
2026-05-14 15:35:08.537894+02:00,-0.0005835025804117322
2026-05-14 15:35:08.553519+02:00,-0.0002499062102288008
2026-05-14 15:35:08.569144+02:00,-0.00010051403660327196
2026-05-14 15:35:08.584769+02:00,-5.8125355280935764e-05
2026-05-14 15:35:08.600394+02:00,-4.294794052839279e-05
2026-05-14 15:35:08.616019+02:00,1.8533319234848022e-05
2026-05-14 15:35:08.631644+02:00,0.00018466508481651545
2026-05-14 15:35:08.647269+02:00,0.0004931340226903558
2026-05-14 15:35:08.662894+02:00,0.0009611222194507718
2026-05-14 15:35:08.678519+02:00,0.0015885074390098453
2026-05-14 15:35:08.694144+02:00,0.0023607707116752863
2026-05-14 15:35:08.709769+02:00,0.003250286914408207
2026-05-14 15:35:08.725394+02:00,0.004217351321130991
2026-05-14 15:35:08.741019+02:00,0.0052145118825137615
2026-05-14 15:35:08.756644+02:00,0.006194264627993107
2026-05-14 15:35:08.772269+02:00,0.007115073502063751
2026-05-14 15:35:08.787894+02:00,0.007943856529891491
2026-05-14 15:35:08.803519+02:00,0.00865558348596096
2026-05-14 15:35:08.819144+02:00,0.009225811809301376
2026-05-14 15:35:08.834769+02:00,0.009616091847419739
2026-05-14 15:35:08.850394+02:00,0.009763934649527073
2026-05-14 15:35:08.866019+02:00,0.009587720036506653
2026-05-14 15:35:08.881644+02:00,0.00900344830006361
2026-05-14 15:35:08.897269+02:00,0.007943578064441681
2026-05-14 15:35:08.912894+02:00,0.006375057622790337
2026-05-14 15:35:08.928519+02:00,0.004316830076277256
2026-05-14 15:35:08.944144+02:00,0.0018502295715734363
2026-05-14 15:35:08.959769+02:00,-0.0008847204735502601
2026-05-14 15:35:08.975394+02:00,-0.0037062375340610743
2026-05-14 15:35:08.991019+02:00,-0.006414790637791157
2026-05-14 15:35:09.006644+02:00,-0.008817614056169987
2026-05-14 15:35:09.022269+02:00,-0.010749896056950092
2026-05-14 15:35:09.037894+02:00,-0.012090756557881832
2026-05-14 15:35:09.053519+02:00,-0.012773395515978336
2026-05-14 15:35:09.069144+02:00,-0.012789533473551273
2026-05-14 15:35:09.084769+02:00,-0.012186916545033455
2026-05-14 15:35:09.100394+02:00,-0.011060581542551517
2026-05-14 15:35:09.116019+02:00,-0.009540603496134281
2026-05-14 15:35:09.131644+02:00,-0.007776825688779354
2026-05-14 15:35:09.147269+02:00,-0.005921779200434685
2026-05-14 15:35:09.162894+02:00,-0.004115068353712559
2026-05-14 15:35:09.178519+02:00,-0.0024715859908610582
2026-05-14 15:35:09.194144+02:00,-0.0010741170262917876
2026-05-14 15:35:09.209769+02:00,3.015226684510708e-05
2026-05-14 15:35:09.225394+02:00,0.0008297497406601906
2026-05-14 15:35:09.241019+02:00,0.0013460840564221144
2026-05-14 15:35:09.256644+02:00,0.0016281238058581948
2026-05-14 15:35:09.272269+02:00,0.0017438564682379365
2026-05-14 15:35:09.287894+02:00,0.0017681855242699385
2026-05-14 15:35:09.303519+02:00,0.0017714204732328653
2026-05-14 15:35:09.319144+02:00,0.001813104609027505
2026-05-14 15:35:09.334769+02:00,0.0019402493489906192
2026-05-14 15:35:09.350394+02:00,0.002186108147725463
2026-05-14 15:35:09.366019+02:00,0.0025681033730506897
2026-05-14 15:35:09.381644+02:00,0.0030866465531289577
2026-05-14 15:35:09.397269+02:00,0.0037263184785842896
2026-05-14 15:35:09.412894+02:00,0.004459342919290066
2026-05-14 15:35:09.428519+02:00,0.005250058602541685
2026-05-14 15:35:09.444144+02:00,0.006059370003640652
2026-05-14 15:35:09.459769+02:00,0.006849630270153284
2026-05-14 15:35:09.475394+02:00,0.0075881602242589
2026-05-14 15:35:09.491019+02:00,0.008246478624641895
2026-05-14 15:35:09.506644+02:00,0.008794945664703846
2026-05-14 15:35:09.522269+02:00,0.009193794801831245
2026-05-14 15:35:09.537894+02:00,0.009384313598275185
2026-05-14 15:35:09.553519+02:00,0.009287240915000439
2026-05-14 15:35:09.569144+02:00,0.008812698535621166
2026-05-14 15:35:09.584769+02:00,0.007879429496824741
2026-05-14 15:35:09.600394+02:00,0.00643721641972661
2026-05-14 15:35:09.616019+02:00,0.004486301448196173
2026-05-14 15:35:09.631644+02:00,0.0020887863356620073
2026-05-14 15:35:09.647269+02:00,-0.0006315619102679193
2026-05-14 15:35:09.662894+02:00,-0.0035008136183023453
2026-05-14 15:35:09.678519+02:00,-0.006314718630164862
2026-05-14 15:35:09.694144+02:00,-0.00886497087776661
2026-05-14 15:35:09.709769+02:00,-0.010967458598315716
2026-05-14 15:35:09.725394+02:00,-0.012484448961913586
2026-05-14 15:35:09.741019+02:00,-0.013336722739040852
2026-05-14 15:35:09.756644+02:00,-0.013507097959518433
2026-05-14 15:35:09.772269+02:00,-0.013036577962338924
2026-05-14 15:35:09.787894+02:00,-0.01201382651925087
2026-05-14 15:35:09.803519+02:00,-0.010560891591012478
2026-05-14 15:35:09.819144+02:00,-0.008818276226520538
2026-05-14 15:35:09.834769+02:00,-0.006931031122803688
2026-05-14 15:35:09.850394+02:00,-0.0050371731631457806
2026-05-14 15:35:09.866019+02:00,-0.0032582355197519064
2026-05-14 15:35:09.881644+02:00,-0.0016915674787014723
2026-05-14 15:35:09.897269+02:00,-0.000404582591727376
2026-05-14 15:35:09.912894+02:00,0.0005698292516171932
2026-05-14 15:35:09.928519+02:00,0.0012358062667772174
2026-05-14 15:35:09.944144+02:00,0.0016319386195391417
2026-05-14 15:35:09.959769+02:00,0.0018221428617835045
2026-05-14 15:35:09.975394+02:00,0.0018826432060450315
2026-05-14 15:35:09.991019+02:00,0.0018894319655373693
2026-05-14 15:35:10.006644+02:00,0.00190920929890126
2026-05-14 15:35:10.022269+02:00,0.0019962091464549303
2026-05-14 15:35:10.037894+02:00,0.002192748710513115
2026-05-14 15:35:10.053519+02:00,0.0025275135412812233
2026-05-14 15:35:10.069144+02:00,0.003011556575074792
2026-05-14 15:35:10.084769+02:00,0.003636977169662714
2026-05-14 15:35:10.100394+02:00,0.004380104597657919
2026-05-14 15:35:10.116019+02:00,0.005206679459661245
2026-05-14 15:35:10.131644+02:00,0.006076151505112648
2026-05-14 15:35:10.147269+02:00,0.006944836117327213
2026-05-14 15:35:10.162894+02:00,0.00776975043118
2026-05-14 15:35:10.178519+02:00,0.008513523265719414
2026-05-14 15:35:10.194144+02:00,0.009145290590822697
2026-05-14 15:35:10.209769+02:00,0.009632499888539314
2026-05-14 15:35:10.225394+02:00,0.00992763414978981
2026-05-14 15:35:10.241019+02:00,0.009959671646356583
2026-05-14 15:35:10.256644+02:00,0.009638102725148201
2026-05-14 15:35:10.272269+02:00,0.008870120160281658
2026-05-14 15:35:10.287894+02:00,0.007583417929708958
2026-05-14 15:35:10.303519+02:00,0.005747292190790176
2026-05-14 15:35:10.319144+02:00,0.00338962790556252
2026-05-14 15:35:10.334769+02:00,0.000605289766099304
2026-05-14 15:35:10.350394+02:00,-0.0024496393743902445
2026-05-14 15:35:10.366019+02:00,-0.005576149094849825
2026-05-14 15:35:10.381644+02:00,-0.008557184599339962
2026-05-14 15:35:10.397269+02:00,-0.011184644885361195
2026-05-14 15:35:10.412894+02:00,-0.01328429114073515
2026-05-14 15:35:10.428519+02:00,-0.014734150841832161
2026-05-14 15:35:10.444144+02:00,-0.015474247746169567
2026-05-14 15:35:10.459769+02:00,-0.01550755649805069
2026-05-14 15:35:10.475394+02:00,-0.014893320389091969
2026-05-14 15:35:10.491019+02:00,-0.013735647313296795
2026-05-14 15:35:10.506644+02:00,-0.012169073335826397
2026-05-14 15:35:10.522269+02:00,-0.010341809131205082
2026-05-14 15:35:10.537894+02:00,-0.008400067687034607
2026-05-14 15:35:10.553519+02:00,-0.006476221606135368
2026-05-14 15:35:10.569144+02:00,-0.004681088030338287
2026-05-14 15:35:10.584769+02:00,-0.0030992203392088413
2026-05-14 15:35:10.600394+02:00,-0.001784218940883875
2026-05-14 15:35:10.616019+02:00,-0.0007548590656369925
2026-05-14 15:35:10.631644+02:00,3.930181264877319e-06
2026-05-14 15:35:10.647269+02:00,0.0005352024454623461
2026-05-14 15:35:10.662894+02:00,0.0009010827634483576
2026-05-14 15:35:10.678519+02:00,0.0011726866941899061
2026-05-14 15:35:10.694144+02:00,0.0014204159379005432
2026-05-14 15:35:10.709769+02:00,0.0017046451102942228
2026-05-14 15:35:10.725394+02:00,0.00206851027905941
2026-05-14 15:35:10.741019+02:00,0.002536025596782565
2026-05-14 15:35:10.756644+02:00,0.003115470986813307
2026-05-14 15:35:10.772269+02:00,0.0038032038137316704
2026-05-14 15:35:10.787894+02:00,0.004584404174238443
2026-05-14 15:35:10.803519+02:00,0.005433329846709967
2026-05-14 15:35:10.819144+02:00,0.006316262762993574
2026-05-14 15:35:10.834769+02:00,0.007196677848696709
2026-05-14 15:35:10.850394+02:00,0.008040200918912888
2026-05-14 15:35:10.866019+02:00,0.00881747156381607
2026-05-14 15:35:10.881644+02:00,0.0095057999715209
2026-05-14 15:35:10.897269+02:00,0.010089423507452011
2026-05-14 15:35:10.912894+02:00,0.01055365800857544
2026-05-14 15:35:10.928519+02:00,0.01087147369980812
2026-05-14 15:35:10.944144+02:00,0.01099048275500536
2026-05-14 15:35:10.959769+02:00,0.010829785838723183
2026-05-14 15:35:10.975394+02:00,0.010290724225342274
2026-05-14 15:35:10.991019+02:00,0.009281459264457226
2026-05-14 15:35:11.006644+02:00,0.00774640217423439
2026-05-14 15:35:11.022269+02:00,0.005686563439667225
2026-05-14 15:35:11.037894+02:00,0.0031678788363933563
2026-05-14 15:35:11.053519+02:00,0.00032032333547249436
2026-05-14 15:35:11.069144+02:00,-0.0026746124494820833
2026-05-14 15:35:11.084769+02:00,-0.00560749089345336
2026-05-14 15:35:11.100394+02:00,-0.008268974721431732
2026-05-14 15:35:11.116019+02:00,-0.010476289317011833
2026-05-14 15:35:11.131644+02:00,-0.012093334458768368
2026-05-14 15:35:11.147269+02:00,-0.01304144598543644
2026-05-14 15:35:11.162894+02:00,-0.01330123282968998
2026-05-14 15:35:11.178519+02:00,-0.012907803058624268
2026-05-14 15:35:11.194144+02:00,-0.011941756121814251
2026-05-14 15:35:11.209769+02:00,-0.010518270544707775
2026-05-14 15:35:11.225394+02:00,-0.008774603717029095
2026-05-14 15:35:11.241019+02:00,-0.006856251507997513
2026-05-14 15:35:11.256644+02:00,-0.004903831519186497
2026-05-14 15:35:11.272269+02:00,-0.0030413998756557703
2026-05-14 15:35:11.287894+02:00,-0.001367233693599701
2026-05-14 15:35:11.303519+02:00,5.136849358677864e-05
2026-05-14 15:35:11.319144+02:00,0.0011800620704889297
2026-05-14 15:35:11.334769+02:00,0.002017025602981448
2026-05-14 15:35:11.350394+02:00,0.0025901291519403458
2026-05-14 15:35:11.366019+02:00,0.0029515461064875126
2026-05-14 15:35:11.381644+02:00,0.0031688669696450233
2026-05-14 15:35:11.397269+02:00,0.0033144664485007524
2026-05-14 15:35:11.412894+02:00,0.0034576207399368286
2026-05-14 15:35:11.428519+02:00,0.0036592846736311913
2026-05-14 15:35:11.444144+02:00,0.003966429270803928
2026-05-14 15:35:11.459769+02:00,0.004407771863043308
2026-05-14 15:35:11.475394+02:00,0.004993138834834099
2026-05-14 15:35:11.491019+02:00,0.005713860969990492
2026-05-14 15:35:11.506644+02:00,0.006543501280248165
2026-05-14 15:35:11.522269+02:00,0.00744269136339426
2026-05-14 15:35:11.537894+02:00,0.008367516100406647
2026-05-14 15:35:11.553519+02:00,0.009276265278458595
2026-05-14 15:35:11.569144+02:00,0.010133370757102966
2026-05-14 15:35:11.584769+02:00,0.01091091986745596
2026-05-14 15:35:11.600394+02:00,0.011586989276111126
2026-05-14 15:35:11.616019+02:00,0.012141355313360691
2026-05-14 15:35:11.631644+02:00,0.012548893690109253
2026-05-14 15:35:11.647269+02:00,0.012771187350153923
2026-05-14 15:35:11.662894+02:00,0.01274930965155363
2026-05-14 15:35:11.678519+02:00,0.012404452078044415
2026-05-14 15:35:11.694144+02:00,0.01165106799453497
2026-05-14 15:35:11.709769+02:00,0.010417122393846512
2026-05-14 15:35:11.725394+02:00,0.008663998916745186
2026-05-14 15:35:11.741019+02:00,0.006404212675988674
2026-05-14 15:35:11.756644+02:00,0.0037134194280952215
2026-05-14 15:35:11.772269+02:00,0.0007304910104721785
2026-05-14 15:35:11.787894+02:00,-0.00235682912170887
2026-05-14 15:35:11.803519+02:00,-0.005337201990187168
2026-05-14 15:35:11.819144+02:00,-0.008005010895431042
2026-05-14 15:35:11.834769+02:00,-0.010185903869569302
2026-05-14 15:35:11.850394+02:00,-0.011753346771001816
2026-05-14 15:35:11.866019+02:00,-0.012637992389500141
2026-05-14 15:35:11.881644+02:00,-0.012831555679440498
2026-05-14 15:35:11.897269+02:00,-0.012383131310343742
2026-05-14 15:35:11.912894+02:00,-0.011389069259166718
2026-05-14 15:35:11.928519+02:00,-0.009979435242712498
2026-05-14 15:35:11.944144+02:00,-0.008302975445985794
2026-05-14 15:35:11.959769+02:00,-0.006511792540550232
2026-05-14 15:35:11.975394+02:00,-0.004746713675558567
2026-05-14 15:35:11.991019+02:00,-0.0031258980743587017
2026-05-14 15:35:12.006644+02:00,-0.001738797640427947
2026-05-14 15:35:12.022269+02:00,-0.0006428781198337674
2026-05-14 15:35:12.037894+02:00,0.0001392187550663948
2026-05-14 15:35:12.053519+02:00,0.0006190827116370201
2026-05-14 15:35:12.069144+02:00,0.0008371034637093544
2026-05-14 15:35:12.084769+02:00,0.0008540342096239328
2026-05-14 15:35:12.100394+02:00,0.000740614952519536
2026-05-14 15:35:12.116019+02:00,0.0005678343586623669
2026-05-14 15:35:12.131644+02:00,0.0004008905962109566
2026-05-14 15:35:12.147269+02:00,0.0002958762925118208
2026-05-14 15:35:12.162894+02:00,0.00029636803083121777
2026-05-14 15:35:12.178519+02:00,0.0004297718405723572
2026-05-14 15:35:12.194144+02:00,0.0007052591536194086
2026-05-14 15:35:12.209769+02:00,0.0011143088340759277
2026-05-14 15:35:12.225394+02:00,0.0016339446883648634
2026-05-14 15:35:12.241019+02:00,0.0022322279401123524
2026-05-14 15:35:12.256644+02:00,0.0028735699597746134
2026-05-14 15:35:12.272269+02:00,0.0035210519563406706
2026-05-14 15:35:12.287894+02:00,0.004137716721743345
2026-05-14 15:35:12.303519+02:00,0.004689701832830906
2026-05-14 15:35:12.319144+02:00,0.005146563984453678
2026-05-14 15:35:12.334769+02:00,0.005473454017192125
2026-05-14 15:35:12.350394+02:00,0.005619952455163002
2026-05-14 15:35:12.366019+02:00,0.005515391007065773
2026-05-14 15:35:12.381644+02:00,0.0050759827718138695
2026-05-14 15:35:12.397269+02:00,0.004222666844725609
2026-05-14 15:35:12.412894+02:00,0.0029032202437520027
2026-05-14 15:35:12.428519+02:00,0.0011106254532933235
2026-05-14 15:35:12.444144+02:00,-0.001107045914977789
2026-05-14 15:35:12.459769+02:00,-0.0036457027308642864
2026-05-14 15:35:12.475394+02:00,-0.006352592259645462
2026-05-14 15:35:12.491019+02:00,-0.009042112156748772
2026-05-14 15:35:12.506644+02:00,-0.011518262326717377
2026-05-14 15:35:12.522269+02:00,-0.013599117286503315
2026-05-14 15:35:12.537894+02:00,-0.015138865448534489
2026-05-14 15:35:12.553519+02:00,-0.016044311225414276
2026-05-14 15:35:12.569144+02:00,-0.016283249482512474
2026-05-14 15:35:12.584769+02:00,-0.01588255539536476
2026-05-14 15:35:12.600394+02:00,-0.014917501248419285
2026-05-14 15:35:12.616019+02:00,-0.013498283922672272
2026-05-14 15:35:12.631644+02:00,-0.011757897213101387
2026-05-14 15:35:12.647269+02:00,-0.009840330109000206
2026-05-14 15:35:12.662894+02:00,-0.007887858897447586
2026-05-14 15:35:12.678519+02:00,-0.006028679199516773
2026-05-14 15:35:12.694144+02:00,-0.004365677013993263
2026-05-14 15:35:12.709769+02:00,-0.0029679653234779835
2026-05-14 15:35:12.725394+02:00,-0.0018680223729461432
2026-05-14 15:35:12.741019+02:00,-0.0010635524522513151
2026-05-14 15:35:12.756644+02:00,-0.0005223865155130625
2026-05-14 15:35:12.772269+02:00,-0.00019071600399911404
2026-05-14 15:35:12.787894+02:00,-2.9958318918943405e-06
2026-05-14 15:35:12.803519+02:00,0.00010882489732466638
2026-05-14 15:35:12.819144+02:00,0.00020872129243798554
2026-05-14 15:35:12.834769+02:00,0.0003532011469360441
2026-05-14 15:35:12.850394+02:00,0.0005879051750525832
2026-05-14 15:35:12.866019+02:00,0.0009428192861378193
2026-05-14 15:35:12.881644+02:00,0.0014296091394498944
2026-05-14 15:35:12.897269+02:00,0.0020433799363672733
2026-05-14 15:35:12.912894+02:00,0.0027675661258399487
2026-05-14 15:35:12.928519+02:00,0.0035794307477772236
2026-05-14 15:35:12.944144+02:00,0.0044516101479530334
2026-05-14 15:35:12.959769+02:00,0.005349479150027037
2026-05-14 15:35:12.975394+02:00,0.006232197862118483
2026-05-14 15:35:12.991019+02:00,0.007057659327983856
2026-05-14 15:35:13.006644+02:00,0.0077817561104893684
2026-05-14 15:35:13.022269+02:00,0.008350142277777195
2026-05-14 15:35:13.037894+02:00,0.008690938353538513
2026-05-14 15:35:13.053519+02:00,0.008716284297406673
2026-05-14 15:35:13.069144+02:00,0.008334019221365452
2026-05-14 15:35:13.084769+02:00,0.007466595619916916
2026-05-14 15:35:13.100394+02:00,0.006072473246604204
2026-05-14 15:35:13.116019+02:00,0.0041631124913692474
2026-05-14 15:35:13.131644+02:00,0.001811934052966535
2026-05-14 15:35:13.147269+02:00,-0.0008453222108073533
2026-05-14 15:35:13.162894+02:00,-0.003623340278863907
2026-05-14 15:35:13.178519+02:00,-0.006313068326562643
2026-05-14 15:35:13.194144+02:00,-0.008710796944797039
2026-05-14 15:35:13.209769+02:00,-0.010642982088029385
2026-05-14 15:35:13.225394+02:00,-0.011984871700406075
2026-05-14 15:35:13.241019+02:00,-0.012671103700995445
2026-05-14 15:35:13.256644+02:00,-0.01269679144024849
2026-05-14 15:35:13.272269+02:00,-0.012110217474400997
2026-05-14 15:35:13.287894+02:00,-0.011001675389707088
2026-05-14 15:35:13.303519+02:00,-0.009492496959865093
2026-05-14 15:35:13.319144+02:00,-0.007723140995949507
2026-05-14 15:35:13.334769+02:00,-0.005838880315423012
2026-05-14 15:35:13.350394+02:00,-0.003976219333708286
2026-05-14 15:35:13.366019+02:00,-0.00225207582116127
2026-05-14 15:35:13.381644+02:00,-0.0007548995781689882
2026-05-14 15:35:13.397269+02:00,0.00046136509627103806
2026-05-14 15:35:13.412894+02:00,0.0013787045609205961
2026-05-14 15:35:13.428519+02:00,0.002011738019064069
2026-05-14 15:35:13.444144+02:00,0.0024018047843128443
2026-05-14 15:35:13.459769+02:00,0.00260938610881567
2026-05-14 15:35:13.475394+02:00,0.002704865299165249
2026-05-14 15:35:13.491019+02:00,0.0027609127573668957
2026-05-14 15:35:13.506644+02:00,0.002846878720447421
2026-05-14 15:35:13.522269+02:00,0.0030215317383408546
2026-05-14 15:35:13.537894+02:00,0.0033256676979362965
2026-05-14 15:35:13.553519+02:00,0.003779290709644556
2026-05-14 15:35:13.569144+02:00,0.0043830424547195435
2026-05-14 15:35:13.584769+02:00,0.0051199765875935555
2026-05-14 15:35:13.600394+02:00,0.00595737062394619
2026-05-14 15:35:13.616019+02:00,0.006851335987448692
2026-05-14 15:35:13.631644+02:00,0.007754899561405182
2026-05-14 15:35:13.647269+02:00,0.008626233786344528
2026-05-14 15:35:13.662894+02:00,0.009432120248675346
2026-05-14 15:35:13.678519+02:00,0.010145110078155994
2026-05-14 15:35:13.694144+02:00,0.010735830292105675
2026-05-14 15:35:13.709769+02:00,0.011162214912474155
2026-05-14 15:35:13.725394+02:00,0.01136027742177248
2026-05-14 15:35:13.741019+02:00,0.011243896558880806
2026-05-14 15:35:13.756644+02:00,0.010717093013226986
2026-05-14 15:35:13.772269+02:00,0.009695553220808506
2026-05-14 15:35:13.787894+02:00,0.0081309350207448
2026-05-14 15:35:13.803519+02:00,0.0060311793349683285
2026-05-14 15:35:13.819144+02:00,0.0034712478518486023
2026-05-14 15:35:13.834769+02:00,0.0005903320852667093
2026-05-14 15:35:13.850394+02:00,-0.0024241695646196604
2026-05-14 15:35:13.866019+02:00,-0.005360929295420647
2026-05-14 15:35:13.881644+02:00,-0.008010998368263245
2026-05-14 15:35:13.897269+02:00,-0.01019138004630804
2026-05-14 15:35:13.912894+02:00,-0.011764020659029484
2026-05-14 15:35:13.928519+02:00,-0.012648221105337143
2026-05-14 15:35:13.944144+02:00,-0.012825092300772667
2026-05-14 15:35:13.959769+02:00,-0.012335137464106083
2026-05-14 15:35:13.975394+02:00,-0.011269228532910347
2026-05-14 15:35:13.991019+02:00,-0.009755678474903107
2026-05-14 15:35:14.006644+02:00,-0.007946442812681198
2026-05-14 15:35:14.022269+02:00,-0.0060009220615029335
2026-05-14 15:35:14.037894+02:00,-0.004068877547979355
2026-05-14 15:35:14.053519+02:00,-0.0022773928940296173
2026-05-14 15:35:14.069144+02:00,-0.0007222522981464863
2026-05-14 15:35:14.084769+02:00,0.000537459971383214
2026-05-14 15:35:14.100394+02:00,0.001479696249589324
2026-05-14 15:35:14.116019+02:00,0.002115434966981411
2026-05-14 15:35:14.131644+02:00,0.0024843302089720964
2026-05-14 15:35:14.147269+02:00,0.002649330999702215
2026-05-14 15:35:14.162894+02:00,0.002687303349375725
2026-05-14 15:35:14.178519+02:00,0.0026779016479849815
2026-05-14 15:35:14.194144+02:00,0.0026941767428070307
2026-05-14 15:35:14.209769+02:00,0.0027956324629485607
2026-05-14 15:35:14.225394+02:00,0.0030247699469327927
2026-05-14 15:35:14.241019+02:00,0.0034067544620484114
2026-05-14 15:35:14.256644+02:00,0.003949029836803675
2026-05-14 15:35:14.272269+02:00,0.004640740342438221
2026-05-14 15:35:14.287894+02:00,0.005455234088003635
2026-05-14 15:35:14.303519+02:00,0.0063555920496582985
2026-05-14 15:35:14.319144+02:00,0.007299414835870266
2026-05-14 15:35:14.334769+02:00,0.008241603150963783
2026-05-14 15:35:14.350394+02:00,0.009137358516454697
2026-05-14 15:35:14.366019+02:00,0.00994618609547615
2026-05-14 15:35:14.381644+02:00,0.010633721947669983
2026-05-14 15:35:14.397269+02:00,0.011166808195412159
2026-05-14 15:35:14.412894+02:00,0.011502077803015709
2026-05-14 15:35:14.428519+02:00,0.011575293727219105
2026-05-14 15:35:14.444144+02:00,0.011299720034003258
2026-05-14 15:35:14.459769+02:00,0.010577790439128876
2026-05-14 15:35:14.475394+02:00,0.009324210695922375
2026-05-14 15:35:14.491019+02:00,0.007491822820156813
2026-05-14 15:35:14.506644+02:00,0.005092115141451359
2026-05-14 15:35:14.522269+02:00,0.002206475008279085
2026-05-14 15:35:14.537894+02:00,-0.001015792484395206
2026-05-14 15:35:14.553519+02:00,-0.004374037496745586
2026-05-14 15:35:14.569144+02:00,-0.007642844691872597
2026-05-14 15:35:14.584769+02:00,-0.010601095855236053
2026-05-14 15:35:14.600394+02:00,-0.013056227937340736
2026-05-14 15:35:14.616019+02:00,-0.014861071482300758
2026-05-14 15:35:14.631644+02:00,-0.015925677493214607
2026-05-14 15:35:14.647269+02:00,-0.01622461900115013
2026-05-14 15:35:14.662894+02:00,-0.015796639025211334
2026-05-14 15:35:14.678519+02:00,-0.014735335484147072
2026-05-14 15:35:14.694144+02:00,-0.013174540363252163
2026-05-14 15:35:14.709769+02:00,-0.011272670701146126
2026-05-14 15:35:14.725394+02:00,-0.009197298437356949
2026-05-14 15:35:14.741019+02:00,-0.007110206410288811
2026-05-14 15:35:14.756644+02:00,-0.005153147503733635
2026-05-14 15:35:14.772269+02:00,-0.0034358345437794924
2026-05-14 15:35:14.787894+02:00,-0.002028719987720251
2026-05-14 15:35:14.803519+02:00,-0.00096103735268116
2026-05-14 15:35:14.819144+02:00,-0.00022356142289936543
2026-05-14 15:35:14.834769+02:00,0.00022462173365056515
2026-05-14 15:35:14.850394+02:00,0.00044824695214629173
2026-05-14 15:35:14.866019+02:00,0.0005282789934426546
2026-05-14 15:35:14.881644+02:00,0.0005522838328033686
2026-05-14 15:35:14.897269+02:00,0.0006034127436578274
2026-05-14 15:35:14.912894+02:00,0.0007513591554015875
2026-05-14 15:35:14.928519+02:00,0.0010459150653332472
2026-05-14 15:35:14.944144+02:00,0.0015124802011996508
2026-05-14 15:35:14.959769+02:00,0.0021508755162358284
2026-05-14 15:35:14.975394+02:00,0.002939693396911025
2026-05-14 15:35:14.991019+02:00,0.0038445547688752413
2026-05-14 15:35:15.006644+02:00,0.0048258937895298
2026-05-14 15:35:15.022269+02:00,0.005844640079885721
2026-05-14 15:35:15.037894+02:00,0.006865623407065868
2026-05-14 15:35:15.053519+02:00,0.007858436554670334
2026-05-14 15:35:15.069144+02:00,0.00879646185785532
2026-05-14 15:35:15.084769+02:00,0.009654012508690357
2026-05-14 15:35:15.100394+02:00,0.010399925522506237
2026-05-14 15:35:15.116019+02:00,0.010987581685185432
2026-05-14 15:35:15.131644+02:00,0.011345988139510155
2026-05-14 15:35:15.147269+02:00,0.011378835886716843
2026-05-14 15:35:15.162894+02:00,0.010975941084325314
2026-05-14 15:35:15.178519+02:00,0.01003490760922432
2026-05-14 15:35:15.194144+02:00,0.008486205711960793
2026-05-14 15:35:15.209769+02:00,0.006316074635833502
2026-05-14 15:35:15.225394+02:00,0.0035812940914183855
2026-05-14 15:35:15.241019+02:00,0.0004099672951269895
2026-05-14 15:35:15.256644+02:00,-0.0030105288606137037
2026-05-14 15:35:15.272269+02:00,-0.006453629117459059
2026-05-14 15:35:15.287894+02:00,-0.009680533781647682
2026-05-14 15:35:15.303519+02:00,-0.012471362948417664
2026-05-14 15:35:15.319144+02:00,-0.014651386998593807
2026-05-14 15:35:15.334769+02:00,-0.016105428338050842
2026-05-14 15:35:15.350394+02:00,-0.01678205467760563
2026-05-14 15:35:15.366019+02:00,-0.016691632568836212
2026-05-14 15:35:15.381644+02:00,-0.0159005057066679
2026-05-14 15:35:15.397269+02:00,-0.01452171616256237
2026-05-14 15:35:15.412894+02:00,-0.012701794505119324
2026-05-14 15:35:15.428519+02:00,-0.010604999959468842
2026-05-14 15:35:15.444144+02:00,-0.008397062309086323
2026-05-14 15:35:15.459769+02:00,-0.006230313330888748
2026-05-14 15:35:15.475394+02:00,-0.004232768900692463
2026-05-14 15:35:15.491019+02:00,-0.002501935698091984
2026-05-14 15:35:15.506644+02:00,-0.0011005662381649017
2026-05-14 15:35:15.522269+02:00,-5.216104909777641e-05
2026-05-14 15:35:15.537894+02:00,0.0006607659161090851
2026-05-14 15:35:15.553519+02:00,0.0010907745454460382
2026-05-14 15:35:15.569144+02:00,0.001312927110120654
2026-05-14 15:35:15.584769+02:00,0.0014123248402029276
2026-05-14 15:35:15.600394+02:00,0.001474700402468443
2026-05-14 15:35:15.616019+02:00,0.0015777784865349531
2026-05-14 15:35:15.631644+02:00,0.0017839402426034212
2026-05-14 15:35:15.647269+02:00,0.0021365461871027946
2026-05-14 15:35:15.662894+02:00,0.002659324323758483
2026-05-14 15:35:15.678519+02:00,0.003357177134603262
2026-05-14 15:35:15.694144+02:00,0.004217278677970171
2026-05-14 15:35:15.709769+02:00,0.005210633389651775
2026-05-14 15:35:15.725394+02:00,0.006295179948210716
2026-05-14 15:35:15.741019+02:00,0.007421218790113926
2026-05-14 15:35:15.756644+02:00,0.008538658730685711
2026-05-14 15:35:15.772269+02:00,0.009601563215255737
2026-05-14 15:35:15.787894+02:00,0.010567807592451572
2026-05-14 15:35:15.803519+02:00,0.011396371759474277
2026-05-14 15:35:15.819144+02:00,0.012040531262755394
2026-05-14 15:35:15.834769+02:00,0.01243746466934681
2026-05-14 15:35:15.850394+02:00,0.012503589503467083
2026-05-14 15:35:15.866019+02:00,0.012141324579715729
2026-05-14 15:35:15.881644+02:00,0.011254914104938507
2026-05-14 15:35:15.897269+02:00,0.009772081859409809
2026-05-14 15:35:15.912894+02:00,0.00766770588234067
2026-05-14 15:35:15.928519+02:00,0.004982570186257362
2026-05-14 15:35:15.944144+02:00,0.0018308269791305065
2026-05-14 15:35:15.959769+02:00,-0.0016066674143075943
2026-05-14 15:35:15.975394+02:00,-0.005102739669382572
2026-05-14 15:35:15.991019+02:00,-0.008412446826696396
2026-05-14 15:35:16.006644+02:00,-0.011303068138659
2026-05-14 15:35:16.022269+02:00,-0.013582310639321804
2026-05-14 15:35:16.037894+02:00,-0.015118598006665707
2026-05-14 15:35:16.053519+02:00,-0.015847953036427498
2026-05-14 15:35:16.069144+02:00,-0.015771782025694847
2026-05-14 15:35:16.084769+02:00,-0.014951321296393871
2026-05-14 15:35:16.100394+02:00,-0.013499113731086254
2026-05-14 15:35:16.116019+02:00,-0.011567439883947372
2026-05-14 15:35:16.131644+02:00,-0.00933346338570118
2026-05-14 15:35:16.147269+02:00,-0.006980712991207838
2026-05-14 15:35:16.162894+02:00,-0.004680038895457983
2026-05-14 15:35:16.178519+02:00,-0.00257536256685853
2026-05-14 15:35:16.194144+02:00,-0.000775359570980072
2026-05-14 15:35:16.209769+02:00,0.0006521265022456646
2026-05-14 15:35:16.225394+02:00,0.0016844975762069225
2026-05-14 15:35:16.241019+02:00,0.002345109824091196
2026-05-14 15:35:16.256644+02:00,0.0026969716418534517
2026-05-14 15:35:16.272269+02:00,0.0028298592660576105
2026-05-14 15:35:16.287894+02:00,0.002845130627974868
2026-05-14 15:35:16.303519+02:00,0.0028421052265912294
2026-05-14 15:35:16.319144+02:00,0.0029078342486172915
2026-05-14 15:35:16.334769+02:00,0.0031102627981454134
2026-05-14 15:35:16.350394+02:00,0.0034934713039547205
2026-05-14 15:35:16.366019+02:00,0.00407585222274065
2026-05-14 15:35:16.381644+02:00,0.004852665588259697
2026-05-14 15:35:16.397269+02:00,0.005800844170153141
2026-05-14 15:35:16.412894+02:00,0.006884187459945679
2026-05-14 15:35:16.428519+02:00,0.008059531450271606
2026-05-14 15:35:16.444144+02:00,0.009282447397708893
2026-05-14 15:35:16.459769+02:00,0.01050879992544651
2026-05-14 15:35:16.475394+02:00,0.011691555380821228
2026-05-14 15:35:16.491019+02:00,0.01277562603354454
2026-05-14 15:35:16.506644+02:00,0.013692456297576427
2026-05-14 15:35:16.522269+02:00,0.014355311170220375
2026-05-14 15:35:16.537894+02:00,0.014657852239906788
2026-05-14 15:35:16.553519+02:00,0.014480553567409515
2026-05-14 15:35:16.569144+02:00,0.013708742335438728
2026-05-14 15:35:16.584769+02:00,0.01225936971604824
2026-05-14 15:35:16.600394+02:00,0.010107377544045448
2026-05-14 15:35:16.616019+02:00,0.0073038628324866295
2026-05-14 15:35:16.631644+02:00,0.003980981186032295
2026-05-14 15:35:16.647269+02:00,0.0003401452850084752
2026-05-14 15:35:16.662894+02:00,-0.003373293438926339
2026-05-14 15:35:16.678519+02:00,-0.006900382228195667
2026-05-14 15:35:16.694144+02:00,-0.009998745284974575
2026-05-14 15:35:16.709769+02:00,-0.012470126152038574
2026-05-14 15:35:16.725394+02:00,-0.014179504476487637
2026-05-14 15:35:16.741019+02:00,-0.01506107673048973
2026-05-14 15:35:16.756644+02:00,-0.015115899033844471
2026-05-14 15:35:16.772269+02:00,-0.01440880261361599
2026-05-14 15:35:16.787894+02:00,-0.013062108308076859
2026-05-14 15:35:16.803519+02:00,-0.011239840649068356
2026-05-14 15:35:16.819144+02:00,-0.009126241318881512
2026-05-14 15:35:16.834769+02:00,-0.006906012073159218
2026-05-14 15:35:16.850394+02:00,-0.0047475676983594894
2026-05-14 15:35:16.866019+02:00,-0.0027895255479961634
2026-05-14 15:35:16.881644+02:00,-0.0011316968593746424
2026-05-14 15:35:16.897269+02:00,0.0001700245775282383
2026-05-14 15:35:16.912894+02:00,0.001104651833884418
2026-05-14 15:35:16.928519+02:00,0.001701532630249858
2026-05-14 15:35:16.944144+02:00,0.0020210701040923595
2026-05-14 15:35:16.959769+02:00,0.0021433832589536905
2026-05-14 15:35:16.975394+02:00,0.0021575011778622866
2026-05-14 15:35:16.991019+02:00,0.0021521365270018578
2026-05-14 15:35:17.006644+02:00,0.0022078994661569595
2026-05-14 15:35:17.022269+02:00,0.002390994457527995
2026-05-14 15:35:17.037894+02:00,0.002747544553130865
2026-05-14 15:35:17.053519+02:00,0.0032987764570862055
2026-05-14 15:35:17.069144+02:00,0.004039248451590538
2026-05-14 15:35:17.084769+02:00,0.004939877428114414
2026-05-14 15:35:17.100394+02:00,0.005956008564680815
2026-05-14 15:35:17.116019+02:00,0.007037251256406307
2026-05-14 15:35:17.131644+02:00,0.008134113624691963
2026-05-14 15:35:17.147269+02:00,0.009200084954500198
2026-05-14 15:35:17.162894+02:00,0.010192452929913998
2026-05-14 15:35:17.178519+02:00,0.011073862202465534
2026-05-14 15:35:17.194144+02:00,0.011810045689344406
2026-05-14 15:35:17.209769+02:00,0.012359652668237686
2026-05-14 15:35:17.225394+02:00,0.012662030756473541
2026-05-14 15:35:17.241019+02:00,0.012631924822926521
2026-05-14 15:35:17.256644+02:00,0.012164764106273651
2026-05-14 15:35:17.272269+02:00,0.01115328073501587
2026-05-14 15:35:17.287894+02:00,0.00951211154460907
2026-05-14 15:35:17.303519+02:00,0.0072034988552331924
2026-05-14 15:35:17.319144+02:00,0.004257268738001585
2026-05-14 15:35:17.334769+02:00,0.0007801586762070656
2026-05-14 15:35:17.350394+02:00,-0.00304728327319026
2026-05-14 15:35:17.366019+02:00,-0.006988430395722389
2026-05-14 15:35:17.381644+02:00,-0.010781687684357166
2026-05-14 15:35:17.397269+02:00,-0.014175090938806534
2026-05-14 15:35:17.412894+02:00,-0.01695505529642105
2026-05-14 15:35:17.428519+02:00,-0.01896705850958824
2026-05-14 15:35:17.444144+02:00,-0.020128892734646797
2026-05-14 15:35:17.459769+02:00,-0.02043415978550911
2026-05-14 15:35:17.475394+02:00,-0.01994381844997406
2026-05-14 15:35:17.491019+02:00,-0.018770581111311913
2026-05-14 15:35:17.506644+02:00,-0.017061788588762283
2026-05-14 15:35:17.522269+02:00,-0.014981694519519806
2026-05-14 15:35:17.537894+02:00,-0.012695247307419777
2026-05-14 15:35:17.553519+02:00,-0.010356510989367962
2026-05-14 15:35:17.569144+02:00,-0.008101551793515682
2026-05-14 15:35:17.584769+02:00,-0.006042459513992071
2026-05-14 15:35:17.600394+02:00,-0.004260161891579628
2026-05-14 15:35:17.616019+02:00,-0.002798662055283785
2026-05-14 15:35:17.631644+02:00,-0.001664003706537187
2026-05-14 15:35:17.647269+02:00,-0.000827509444206953
2026-05-14 15:35:17.662894+02:00,-0.0002324017114005983
2026-05-14 15:35:17.678519+02:00,0.00019758706912398338
2026-05-14 15:35:17.694144+02:00,0.0005486683221533895
2026-05-14 15:35:17.709769+02:00,0.0009046050254255533
2026-05-14 15:35:17.725394+02:00,0.001333830994553864
2026-05-14 15:35:17.741019+02:00,0.0018831491470336914
2026-05-14 15:35:17.756644+02:00,0.002578207990154624
2026-05-14 15:35:17.772269+02:00,0.003425352042540908
2026-05-14 15:35:17.787894+02:00,0.004413715563714504
2026-05-14 15:35:17.803519+02:00,0.005518718622624874
2026-05-14 15:35:17.819144+02:00,0.006705225445330143
2026-05-14 15:35:17.834769+02:00,0.007930531166493893
2026-05-14 15:35:17.850394+02:00,0.009150072932243347
2026-05-14 15:35:17.866019+02:00,0.010324060916900635
2026-05-14 15:35:17.881644+02:00,0.011420373804867268
2026-05-14 15:35:17.897269+02:00,0.012413307093083858
2026-05-14 15:35:17.912894+02:00,0.01328118983656168
2026-05-14 15:35:17.928519+02:00,0.014003668911755085
2026-05-14 15:35:17.944144+02:00,0.014555422589182854
2026-05-14 15:35:17.959769+02:00,0.014894199557602406
2026-05-14 15:35:17.975394+02:00,0.01494959369301796
2026-05-14 15:35:17.991019+02:00,0.014623747207224369
2026-05-14 15:35:18.006644+02:00,0.013805989176034927
2026-05-14 15:35:18.022269+02:00,0.01239534467458725
2026-05-14 15:35:18.037894+02:00,0.010327814146876335
2026-05-14 15:35:18.053519+02:00,0.007603121921420097
2026-05-14 15:35:18.069144+02:00,0.004299562890082598
2026-05-14 15:35:18.084769+02:00,0.0005714572034776211
2026-05-14 15:35:18.100394+02:00,-0.003366801654919982
2026-05-14 15:35:18.116019+02:00,-0.007265896536409855
2026-05-14 15:35:18.131644+02:00,-0.010872412472963333
2026-05-14 15:35:18.147269+02:00,-0.013959189876914024
2026-05-14 15:35:18.162894+02:00,-0.016349749639630318
2026-05-14 15:35:18.178519+02:00,-0.017933979630470276
2026-05-14 15:35:18.194144+02:00,-0.018673600628972054
2026-05-14 15:35:18.209769+02:00,-0.01859930157661438
2026-05-14 15:35:18.225394+02:00,-0.017802389338612556
2026-05-14 15:35:18.241019+02:00,-0.01642068475484848
2026-05-14 15:35:18.256644+02:00,-0.014619058929383755
2026-05-14 15:35:18.272269+02:00,-0.01256880909204483
2026-05-14 15:35:18.287894+02:00,-0.010431407019495964
2026-05-14 15:35:18.303519+02:00,-0.008348293602466583
2026-05-14 15:35:18.319144+02:00,-0.006434014067053795
2026-05-14 15:35:18.334769+02:00,-0.004769942257553339
2026-05-14 15:35:18.350394+02:00,-0.0033986421767622232
2026-05-14 15:35:18.366019+02:00,-0.002323094755411148
2026-05-14 15:35:18.381644+02:00,-0.0015132848639041185
2026-05-14 15:35:18.397269+02:00,-0.0009165037190541625
2026-05-14 15:35:18.412894+02:00,-0.0004673829535022378
2026-05-14 15:35:18.428519+02:00,-9.590829722583294e-05
2026-05-14 15:35:18.444144+02:00,0.00026600644923746586
2026-05-14 15:35:18.459769+02:00,0.0006771576590836048
2026-05-14 15:35:18.475394+02:00,0.0011800408829003572
2026-05-14 15:35:18.491019+02:00,0.001797559205442667
2026-05-14 15:35:18.506644+02:00,0.002533931052312255
2026-05-14 15:35:18.522269+02:00,0.003378557041287422
2026-05-14 15:35:18.537894+02:00,0.004311299882829189
2026-05-14 15:35:18.553519+02:00,0.00530677754431963
2026-05-14 15:35:18.569144+02:00,0.006337079219520092
2026-05-14 15:35:18.584769+02:00,0.0073741707019507885
2026-05-14 15:35:18.600394+02:00,0.008391096256673336
2026-05-14 15:35:18.616019+02:00,0.00936083123087883
2026-05-14 15:35:18.631644+02:00,0.010255872271955013
2026-05-14 15:35:18.647269+02:00,0.011051730252802372
2026-05-14 15:35:18.662894+02:00,0.011730910278856754
2026-05-14 15:35:18.678519+02:00,0.012281509116292
2026-05-14 15:35:18.694144+02:00,0.012689158320426941
2026-05-14 15:35:18.709769+02:00,0.012924619019031525
2026-05-14 15:35:18.725394+02:00,0.012931888923048973
2026-05-14 15:35:18.741019+02:00,0.012625712901353836
2026-05-14 15:35:18.756644+02:00,0.011903703212738037
2026-05-14 15:35:18.772269+02:00,0.010668791830539703
2026-05-14 15:35:18.787894+02:00,0.008855573832988739
2026-05-14 15:35:18.803519+02:00,0.006454558111727238
2026-05-14 15:35:18.819144+02:00,0.003527284599840641
2026-05-14 15:35:18.834769+02:00,0.0002075573429465294
2026-05-14 15:35:18.850394+02:00,-0.003311332780867815
2026-05-14 15:35:18.866019+02:00,-0.0068004559725522995
2026-05-14 15:35:18.881644+02:00,-0.010025816969573498
2026-05-14 15:35:18.897269+02:00,-0.012779530137777328
2026-05-14 15:35:18.912894+02:00,-0.014904061332345009
2026-05-14 15:35:18.928519+02:00,-0.016304779797792435
2026-05-14 15:35:18.944144+02:00,-0.016952000558376312
2026-05-14 15:35:18.959769+02:00,-0.01687559485435486
2026-05-14 15:35:18.975394+02:00,-0.01615363173186779
2026-05-14 15:35:18.991019+02:00,-0.014898651279509068
2026-05-14 15:35:19.006644+02:00,-0.013245949521660805
2026-05-14 15:35:19.022269+02:00,-0.0113426074385643
2026-05-14 15:35:19.037894+02:00,-0.009334851987659931
2026-05-14 15:35:19.053519+02:00,-0.007356124930083752
2026-05-14 15:35:19.069144+02:00,-0.005519310012459755
2026-05-14 15:35:19.084769+02:00,-0.003911909181624651
2026-05-14 15:35:19.100394+02:00,-0.0025905868969857693
2026-05-14 15:35:19.116019+02:00,-0.0015757184009999037
2026-05-14 15:35:19.131644+02:00,-0.0008505370933562517
2026-05-14 15:35:19.147269+02:00,-0.0003681476227939129
2026-05-14 15:35:19.162894+02:00,-6.288103759288788e-05
2026-05-14 15:35:19.178519+02:00,0.00014073960483074188
2026-05-14 15:35:19.194144+02:00,0.0003212890587747097
2026-05-14 15:35:19.209769+02:00,0.0005518216639757156
2026-05-14 15:35:19.225394+02:00,0.0008894740603864193
2026-05-14 15:35:19.241019+02:00,0.0013680295087397099
2026-05-14 15:35:19.256644+02:00,0.0019972664304077625
2026-05-14 15:35:19.272269+02:00,0.0027667717076838017
2026-05-14 15:35:19.287894+02:00,0.0036501840222626925
2026-05-14 15:35:19.303519+02:00,0.004609965719282627
2026-05-14 15:35:19.319144+02:00,0.00560365617275238
2026-05-14 15:35:19.334769+02:00,0.006590233650058508
2026-05-14 15:35:19.350394+02:00,0.00753514189273119
2026-05-14 15:35:19.366019+02:00,0.008412923663854599
2026-05-14 15:35:19.381644+02:00,0.009205659851431847
2026-05-14 15:35:19.397269+02:00,0.00989903137087822
2026-05-14 15:35:19.412894+02:00,0.010480460710823536
2026-05-14 15:35:19.428519+02:00,0.010937654413282871
2026-05-14 15:35:19.444144+02:00,0.011251924559473991
2026-05-14 15:35:19.459769+02:00,0.0113871730864048
2026-05-14 15:35:19.475394+02:00,0.011282549239695072
2026-05-14 15:35:19.491019+02:00,0.010855361819267273
2026-05-14 15:35:19.506644+02:00,0.010014425963163376
2026-05-14 15:35:19.522269+02:00,0.008680695667862892
2026-05-14 15:35:19.537894+02:00,0.0068110572174191475
2026-05-14 15:35:19.553519+02:00,0.004418695345520973
2026-05-14 15:35:19.569144+02:00,0.0015840129926800728
2026-05-14 15:35:19.584769+02:00,-0.0015472942031919956
2026-05-14 15:35:19.600394+02:00,-0.004780344665050507
2026-05-14 15:35:19.616019+02:00,-0.007897195406258106
2026-05-14 15:35:19.631644+02:00,-0.010685069486498833
2026-05-14 15:35:19.647269+02:00,-0.012962594628334045
2026-05-14 15:35:19.662894+02:00,-0.014601152390241623
2026-05-14 15:35:19.678519+02:00,-0.015535695478320122
2026-05-14 15:35:19.694144+02:00,-0.01576317474246025
2026-05-14 15:35:19.709769+02:00,-0.01533394493162632
2026-05-14 15:35:19.725394+02:00,-0.014341676607728004
2026-05-14 15:35:19.741019+02:00,-0.012912895530462265
2026-05-14 15:35:19.756644+02:00,-0.011195279657840729
2026-05-14 15:35:19.772269+02:00,-0.009344052523374557
2026-05-14 15:35:19.787894+02:00,-0.007506974972784519
2026-05-14 15:35:19.803519+02:00,-0.00581049220636487
2026-05-14 15:35:19.819144+02:00,-0.004350355826318264
2026-05-14 15:35:19.834769+02:00,-0.0031870512757450342
2026-05-14 15:35:19.850394+02:00,-0.002343488624319434
2026-05-14 15:35:19.866019+02:00,-0.0018057855777442455
2026-05-14 15:35:19.881644+02:00,-0.0015293601900339127
2026-05-14 15:35:19.897269+02:00,-0.0014477355871349573
2026-05-14 15:35:19.912894+02:00,-0.001481587067246437
2026-05-14 15:35:19.928519+02:00,-0.0015484660398215055
2026-05-14 15:35:19.944144+02:00,-0.001572600333020091
2026-05-14 15:35:19.959769+02:00,-0.0014930409379303455
2026-05-14 15:35:19.975394+02:00,-0.0012690541334450245
2026-05-14 15:35:19.991019+02:00,-0.0008822041563689709
2026-05-14 15:35:20.006644+02:00,-0.00033530150540173054
2026-05-14 15:35:20.022269+02:00,0.000350806163623929
2026-05-14 15:35:20.037894+02:00,0.0011425390839576721
2026-05-14 15:35:20.053519+02:00,0.0020007784478366375
2026-05-14 15:35:20.069144+02:00,0.0028874182607978582
2026-05-14 15:35:20.084769+02:00,0.003769517643377185
2026-05-14 15:35:20.100394+02:00,0.004621068015694618
2026-05-14 15:35:20.116019+02:00,0.0054216813296079636
2026-05-14 15:35:20.131644+02:00,0.00615205243229866
2026-05-14 15:35:20.147269+02:00,0.006787169724702835
2026-05-14 15:35:20.162894+02:00,0.007288557011634111
2026-05-14 15:35:20.178519+02:00,0.00759882852435112
2026-05-14 15:35:20.194144+02:00,0.007642727345228195
2026-05-14 15:35:20.209769+02:00,0.007335529662668705
2026-05-14 15:35:20.225394+02:00,0.006597602739930153
2026-05-14 15:35:20.241019+02:00,0.0053737107664346695
2026-05-14 15:35:20.256644+02:00,0.003652249462902546
2026-05-14 15:35:20.272269+02:00,0.0014784508384764194
2026-05-14 15:35:20.287894+02:00,-0.0010419529862701893
2026-05-14 15:35:20.303519+02:00,-0.0037513000424951315
2026-05-14 15:35:20.319144+02:00,-0.006459594704210758
2026-05-14 15:35:20.334769+02:00,-0.008969671092927456
2026-05-14 15:35:20.350394+02:00,-0.011101784184575081
2026-05-14 15:35:20.366019+02:00,-0.012712843716144562
2026-05-14 15:35:20.381644+02:00,-0.013710107654333115
2026-05-14 15:35:20.397269+02:00,-0.014059239998459816
2026-05-14 15:35:20.412894+02:00,-0.013783510774374008
2026-05-14 15:35:20.428519+02:00,-0.01295444369316101
2026-05-14 15:35:20.444144+02:00,-0.011678135022521019
2026-05-14 15:35:20.459769+02:00,-0.010081786662340164
2026-05-14 15:35:20.475394+02:00,-0.008303091861307621
2026-05-14 15:35:20.491019+02:00,-0.0064804451540112495
2026-05-14 15:35:20.506644+02:00,-0.00474127009510994
2026-05-14 15:35:20.522269+02:00,-0.0031893779523670673
2026-05-14 15:35:20.537894+02:00,-0.0018941793823614717
2026-05-14 15:35:20.553519+02:00,-0.0008852051105350256
2026-05-14 15:35:20.569144+02:00,-0.00015437655383720994
2026-05-14 15:35:20.584769+02:00,0.0003357581445015967
2026-05-14 15:35:20.600394+02:00,0.0006432117661461234
2026-05-14 15:35:20.616019+02:00,0.0008393609314225614
2026-05-14 15:35:20.631644+02:00,0.000999867799691856
2026-05-14 15:35:20.647269+02:00,0.001193366595543921
2026-05-14 15:35:20.662894+02:00,0.0014736318262293935
2026-05-14 15:35:20.678519+02:00,0.0018773016054183245
2026-05-14 15:35:20.694144+02:00,0.0024232936557382345
2026-05-14 15:35:20.709769+02:00,0.003112285165116191
2026-05-14 15:35:20.725394+02:00,0.003928403835743666
2026-05-14 15:35:20.741019+02:00,0.004843580536544323
2026-05-14 15:35:20.756644+02:00,0.005822035018354654
2026-05-14 15:35:20.772269+02:00,0.006823187693953514
2026-05-14 15:35:20.787894+02:00,0.007804574444890022
2026-05-14 15:35:20.803519+02:00,0.008725941181182861
2026-05-14 15:35:20.819144+02:00,0.009552644565701485
2026-05-14 15:35:20.834769+02:00,0.010256622917950153
2026-05-14 15:35:20.850394+02:00,0.010814733803272247
2026-05-14 15:35:20.866019+02:00,0.011203395202755928
2026-05-14 15:35:20.881644+02:00,0.011388508602976799
2026-05-14 15:35:20.897269+02:00,0.011315971612930298
2026-05-14 15:35:20.912894+02:00,0.010912046767771244
2026-05-14 15:35:20.928519+02:00,0.010096335783600807
2026-05-14 15:35:20.944144+02:00,0.008802087977528572
2026-05-14 15:35:20.959769+02:00,0.006997128948569298
2026-05-14 15:35:20.975394+02:00,0.004701841622591019
2026-05-14 15:35:20.991019+02:00,0.001999280881136656
2026-05-14 15:35:21.006644+02:00,-0.0009690095903351903
2026-05-14 15:35:21.022269+02:00,-0.0040190815925598145
2026-05-14 15:35:21.037894+02:00,-0.006945660803467035
2026-05-14 15:35:21.053519+02:00,-0.009547507390379906
2026-05-14 15:35:21.069144+02:00,-0.011654629372060299
2026-05-14 15:35:21.084769+02:00,-0.013148329220712185
2026-05-14 15:35:21.100394+02:00,-0.01396925374865532
2026-05-14 15:35:21.116019+02:00,-0.01411505788564682
2026-05-14 15:35:21.131644+02:00,-0.01363125629723072
2026-05-14 15:35:21.147269+02:00,-0.012601683847606182
2026-05-14 15:35:21.162894+02:00,-0.011141005903482437
2026-05-14 15:35:21.178519+02:00,-0.009384418837726116
2026-05-14 15:35:21.194144+02:00,-0.007473492994904518
2026-05-14 15:35:21.209769+02:00,-0.005542228929698467
2026-05-14 15:35:21.225394+02:00,-0.003705653827637434
2026-05-14 15:35:21.241019+02:00,-0.0020520007237792015
2026-05-14 15:35:21.256644+02:00,-0.0006387718021869659
2026-05-14 15:35:21.272269+02:00,0.000507354736328125
2026-05-14 15:35:21.287894+02:00,0.0013870485126972198
2026-05-14 15:35:21.303519+02:00,0.002023684326559305
2026-05-14 15:35:21.319144+02:00,0.002460567280650139
2026-05-14 15:35:21.334769+02:00,0.002757907612249255
2026-05-14 15:35:21.350394+02:00,0.0029844583477824926
2026-05-14 15:35:21.366019+02:00,0.003206167835742235
2026-05-14 15:35:21.381644+02:00,0.0034782930742949247
2026-05-14 15:35:21.397269+02:00,0.003840936115011573
2026-05-14 15:35:21.412894+02:00,0.004316156730055809
2026-05-14 15:35:21.428519+02:00,0.004908964037895203
2026-05-14 15:35:21.444144+02:00,0.005611548200249672
2026-05-14 15:35:21.459769+02:00,0.006406047381460667
2026-05-14 15:35:21.475394+02:00,0.007265866734087467
2026-05-14 15:35:21.491019+02:00,0.008158526383340359
2026-05-14 15:35:21.506644+02:00,0.009050277993083
2026-05-14 15:35:21.522269+02:00,0.00991104170680046
2026-05-14 15:35:21.537894+02:00,0.010716820135712624
2026-05-14 15:35:21.553519+02:00,0.0114476028829813
2026-05-14 15:35:21.569144+02:00,0.012081122025847435
2026-05-14 15:35:21.584769+02:00,0.012583326548337936
2026-05-14 15:35:21.600394+02:00,0.0128993671387434
2026-05-14 15:35:21.616019+02:00,0.012952255085110664
2026-05-14 15:35:21.631644+02:00,0.012651621364057064
2026-05-14 15:35:21.647269+02:00,0.011909093707799911
2026-05-14 15:35:21.662894+02:00,0.010659167543053627
2026-05-14 15:35:21.678519+02:00,0.008882677182555199
2026-05-14 15:35:21.694144+02:00,0.006622900255024433
2026-05-14 15:35:21.709769+02:00,0.003987380303442478
2026-05-14 15:35:21.725394+02:00,0.001135898637585342
2026-05-14 15:35:21.741019+02:00,-0.0017411884618923068
2026-05-14 15:35:21.756644+02:00,-0.0044479272328317165
2026-05-14 15:35:21.772269+02:00,-0.00680673960596323
2026-05-14 15:35:21.787894+02:00,-0.008678464218974113
2026-05-14 15:35:21.803519+02:00,-0.009974141605198383
2026-05-14 15:35:21.819144+02:00,-0.010657425969839096
2026-05-14 15:35:21.834769+02:00,-0.0107414023950696
2026-05-14 15:35:21.850394+02:00,-0.010283103212714195
2026-05-14 15:35:21.866019+02:00,-0.009375621564686298
2026-05-14 15:35:21.881644+02:00,-0.008136678487062454
2026-05-14 15:35:21.897269+02:00,-0.0066956146620213985
2026-05-14 15:35:21.912894+02:00,-0.00518129812553525
2026-05-14 15:35:21.928519+02:00,-0.0037101248744875193
2026-05-14 15:35:21.944144+02:00,-0.0023751442786306143
2026-05-14 15:35:21.959769+02:00,-0.0012403514701873064
2026-05-14 15:35:21.975394+02:00,-0.0003398826811462641
2026-05-14 15:35:21.991019+02:00,0.00032210047356784344
2026-05-14 15:35:22.006644+02:00,0.0007709306664764881
2026-05-14 15:35:22.022269+02:00,0.0010564893018454313
2026-05-14 15:35:22.037894+02:00,0.0012439724523574114
2026-05-14 15:35:22.053519+02:00,0.0014038989320397377
2026-05-14 15:35:22.069144+02:00,0.0016019996255636215
2026-05-14 15:35:22.084769+02:00,0.001889293547719717
2026-05-14 15:35:22.100394+02:00,0.0022961748763918877
2026-05-14 15:35:22.116019+02:00,0.002834069076925516
2026-05-14 15:35:22.131644+02:00,0.003501433413475752
2026-05-14 15:35:22.147269+02:00,0.004286410752683878
2026-05-14 15:35:22.162894+02:00,0.005166112445294857
2026-05-14 15:35:22.178519+02:00,0.006108244881033897
2026-05-14 15:35:22.194144+02:00,0.007074919529259205
2026-05-14 15:35:22.209769+02:00,0.008026262745261192
2026-05-14 15:35:22.225394+02:00,0.008924233727157116
2026-05-14 15:35:22.241019+02:00,0.009736739099025726
2026-05-14 15:35:22.256644+02:00,0.010441414080560207
2026-05-14 15:35:22.272269+02:00,0.011026643216609955
2026-05-14 15:35:22.287894+02:00,0.011485176160931587
2026-05-14 15:35:22.303519+02:00,0.01180095411837101
2026-05-14 15:35:22.319144+02:00,0.011937581934034824
2026-05-14 15:35:22.334769+02:00,0.011835461482405663
2026-05-14 15:35:22.350394+02:00,0.011417820118367672
2026-05-14 15:35:22.366019+02:00,0.01060413010418415
2026-05-14 15:35:22.381644+02:00,0.009330055676400661
2026-05-14 15:35:22.397269+02:00,0.007569092325866222
2026-05-14 15:35:22.412894+02:00,0.005348384380340576
2026-05-14 15:35:22.428519+02:00,0.0027547869831323624
2026-05-14 15:35:22.444144+02:00,-6.984989158809185e-05
2026-05-14 15:35:22.459769+02:00,-0.0029452783055603504
2026-05-14 15:35:22.475394+02:00,-0.005678185261785984
2026-05-14 15:35:22.491019+02:00,-0.008087744936347008
2026-05-14 15:35:22.506644+02:00,-0.010027263313531876
2026-05-14 15:35:22.522269+02:00,-0.011400759220123291
2026-05-14 15:35:22.537894+02:00,-0.012169205583631992
2026-05-14 15:35:22.553519+02:00,-0.012345755472779274
2026-05-14 15:35:22.569144+02:00,-0.01198684424161911
2026-05-14 15:35:22.584769+02:00,-0.011182554066181183
2026-05-14 15:35:22.600394+02:00,-0.010044671595096588
2026-05-14 15:35:22.616019+02:00,-0.008693321608006954
2026-05-14 15:35:22.631644+02:00,-0.007245834916830063
2026-05-14 15:35:22.647269+02:00,-0.005808957852423191
2026-05-14 15:35:22.662894+02:00,-0.004472849890589714
2026-05-14 15:35:22.678519+02:00,-0.0033067306503653526
2026-05-14 15:35:22.694144+02:00,-0.0023561473935842514
2026-05-14 15:35:22.709769+02:00,-0.001640914473682642
2026-05-14 15:35:22.725394+02:00,-0.0011547422036528587
2026-05-14 15:35:22.741019+02:00,-0.0008678811136633158
2026-05-14 15:35:22.756644+02:00,-0.000732519431039691
2026-05-14 15:35:22.772269+02:00,-0.0006901200395077467
2026-05-14 15:35:22.787894+02:00,-0.0006788179744035006
2026-05-14 15:35:22.803519+02:00,-0.0006396425887942314
2026-05-14 15:35:22.819144+02:00,-0.0005217674188315868
2026-05-14 15:35:22.834769+02:00,-0.0002865605056285858
2026-05-14 15:35:22.850394+02:00,8.899066597223282e-05
2026-05-14 15:35:22.866019+02:00,0.0006097042933106422
2026-05-14 15:35:22.881644+02:00,0.0012622280046343803
2026-05-14 15:35:22.897269+02:00,0.002017756225541234
2026-05-14 15:35:22.912894+02:00,0.0028370926156640053
2026-05-14 15:35:22.928519+02:00,0.0036768047139048576
2026-05-14 15:35:22.944144+02:00,0.004494095221161842
2026-05-14 15:35:22.959769+02:00,0.005249986425042152
2026-05-14 15:35:22.975394+02:00,0.005911356303840876
2026-05-14 15:35:22.991019+02:00,0.006452173925936222
2026-05-14 15:35:23.006644+02:00,0.006852790713310242
2026-05-14 15:35:23.022269+02:00,0.007094554603099823
2026-05-14 15:35:23.037894+02:00,0.007151052355766296
2026-05-14 15:35:23.053519+02:00,0.006981003563851118
2026-05-14 15:35:23.069144+02:00,0.006527731195092201
2026-05-14 15:35:23.084769+02:00,0.005729271098971367
2026-05-14 15:35:23.100394+02:00,0.004536994732916355
2026-05-14 15:35:23.116019+02:00,0.002934074494987726
2026-05-14 15:35:23.131644+02:00,0.0009480961598455906
2026-05-14 15:35:23.147269+02:00,-0.001343260519206524
2026-05-14 15:35:23.162894+02:00,-0.0038157333619892597
2026-05-14 15:35:23.178519+02:00,-0.006312336307018995
2026-05-14 15:35:23.194144+02:00,-0.008663189597427845
2026-05-14 15:35:23.209769+02:00,-0.010707619599997997
2026-05-14 15:35:23.225394+02:00,-0.012316292151808739
2026-05-14 15:35:23.241019+02:00,-0.013406163081526756
2026-05-14 15:35:23.256644+02:00,-0.01394357718527317
2026-05-14 15:35:23.272269+02:00,-0.013939695432782173
2026-05-14 15:35:23.287894+02:00,-0.013443428091704845
2026-05-14 15:35:23.303519+02:00,-0.012533413246273994
2026-05-14 15:35:23.319144+02:00,-0.011308591812849045
2026-05-14 15:35:23.334769+02:00,-0.009878065437078476
2026-05-14 15:35:23.350394+02:00,-0.008353469893336296
2026-05-14 15:35:23.366019+02:00,-0.006843858864158392
2026-05-14 15:35:23.381644+02:00,-0.005447915755212307
2026-05-14 15:35:23.397269+02:00,-0.004243458621203899
2026-05-14 15:35:23.412894+02:00,-0.003280357690528035
2026-05-14 15:35:23.428519+02:00,-0.002577632898464799
2026-05-14 15:35:23.444144+02:00,-0.002123190788552165
2026-05-14 15:35:23.459769+02:00,-0.0018783516716212034
2026-05-14 15:35:23.475394+02:00,-0.00178626854903996
2026-05-14 15:35:23.491019+02:00,-0.001780365826562047
2026-05-14 15:35:23.506644+02:00,-0.0017918318044394255
2026-05-14 15:35:23.522269+02:00,-0.0017569002229720354
2026-05-14 15:35:23.537894+02:00,-0.0016228933818638325
2026-05-14 15:35:23.553519+02:00,-0.0013522228691726923
2026-05-14 15:35:23.569144+02:00,-0.0009253064636141062
2026-05-14 15:35:23.584769+02:00,-0.00034133228473365307
2026-05-14 15:35:23.600394+02:00,0.00038357218727469444
2026-05-14 15:35:23.616019+02:00,0.0012183785438537598
2026-05-14 15:35:23.631644+02:00,0.0021199972834438086
2026-05-14 15:35:23.647269+02:00,0.003038613824173808
2026-05-14 15:35:23.662894+02:00,0.0039243390783667564
2026-05-14 15:35:23.678519+02:00,0.004732921253889799
2026-05-14 15:35:23.694144+02:00,0.005426434800028801
2026-05-14 15:35:23.709769+02:00,0.005965949036180973
2026-05-14 15:35:23.725394+02:00,0.006302360910922289
2026-05-14 15:35:23.741019+02:00,0.0063761090859770775
2026-05-14 15:35:23.756644+02:00,0.006126609165221453
2026-05-14 15:35:23.772269+02:00,0.00550508638843894
2026-05-14 15:35:23.787894+02:00,0.004488097503781319
2026-05-14 15:35:23.803519+02:00,0.0030898023396730423
2026-05-14 15:35:23.819144+02:00,0.0013690036721527576
2026-05-14 15:35:23.834769+02:00,-0.0005719384644180536
2026-05-14 15:35:23.850394+02:00,-0.0025969231501221657
2026-05-14 15:35:23.866019+02:00,-0.004552700091153383
2026-05-14 15:35:23.881644+02:00,-0.0062889158725738525
2026-05-14 15:35:23.897269+02:00,-0.007677280344069004
2026-05-14 15:35:23.912894+02:00,-0.00862646009773016
2026-05-14 15:35:23.928519+02:00,-0.009091206826269627
2026-05-14 15:35:23.944144+02:00,-0.009073032066226006
2026-05-14 15:35:23.959769+02:00,-0.008612713776528835
2026-05-14 15:35:23.975394+02:00,-0.007779866922646761
2026-05-14 15:35:23.991019+02:00,-0.0066629014909267426
2026-05-14 15:35:24.006644+02:00,-0.005360639188438654
2026-05-14 15:35:24.022269+02:00,-0.003975312225520611
2026-05-14 15:35:24.037894+02:00,-0.002604095730930567
2026-05-14 15:35:24.053519+02:00,-0.0013302991865202785
2026-05-14 15:35:24.069144+02:00,-0.00021856208331882954
2026-05-14 15:35:24.084769+02:00,0.0006869513890706003
2026-05-14 15:35:24.100394+02:00,0.001364723895676434
2026-05-14 15:35:24.116019+02:00,0.001818129443563521
2026-05-14 15:35:24.131644+02:00,0.0020751350093632936
2026-05-14 15:35:24.147269+02:00,0.002182647120207548
2026-05-14 15:35:24.162894+02:00,0.0021973918192088604
2026-05-14 15:35:24.178519+02:00,0.002178141614422202
2026-05-14 15:35:24.194144+02:00,0.0021792857442051172
2026-05-14 15:35:24.209769+02:00,0.0022461770568042994
2026-05-14 15:35:24.225394+02:00,0.0024136793799698353
2026-05-14 15:35:24.241019+02:00,0.002703992649912834
2026-05-14 15:35:24.256644+02:00,0.00312339561060071
2026-05-14 15:35:24.272269+02:00,0.0036622993648052216
2026-05-14 15:35:24.287894+02:00,0.004297799896448851
2026-05-14 15:35:24.303519+02:00,0.004997147712856531
2026-05-14 15:35:24.319144+02:00,0.00572217395529151
2026-05-14 15:35:24.334769+02:00,0.0064325230196118355
2026-05-14 15:35:24.350394+02:00,0.007087117061018944
2026-05-14 15:35:24.366019+02:00,0.0076437159441411495
2026-05-14 15:35:24.381644+02:00,0.008054997771978378
2026-05-14 15:35:24.397269+02:00,0.00826382078230381
2026-05-14 15:35:24.412894+02:00,0.00820404663681984
2026-05-14 15:35:24.428519+02:00,0.007809206377714872
2026-05-14 15:35:24.444144+02:00,0.007026555947959423
2026-05-14 15:35:24.459769+02:00,0.005832954775542021
2026-05-14 15:35:24.475394+02:00,0.0042480104602873325
2026-05-14 15:35:24.491019+02:00,0.0023400597274303436
2026-05-14 15:35:24.506644+02:00,0.00022186944261193275
2026-05-14 15:35:24.522269+02:00,-0.0019637388177216053
2026-05-14 15:35:24.537894+02:00,-0.004062943626195192
2026-05-14 15:35:24.553519+02:00,-0.005928587168455124
2026-05-14 15:35:24.569144+02:00,-0.007434616796672344
2026-05-14 15:35:24.584769+02:00,-0.00848886277526617
2026-05-14 15:35:24.600394+02:00,-0.009042605757713318
2026-05-14 15:35:24.616019+02:00,-0.00909240823239088
2026-05-14 15:35:24.631644+02:00,-0.008674920536577702
2026-05-14 15:35:24.647269+02:00,-0.007859432138502598
2026-05-14 15:35:24.662894+02:00,-0.006740607786923647
2026-05-14 15:35:24.678519+02:00,-0.005429693963378668
2026-05-14 15:35:24.694144+02:00,-0.004042524378746748
2026-05-14 15:35:24.709769+02:00,-0.0026876400224864483
2026-05-14 15:35:24.725394+02:00,-0.0014579101698473096
2026-05-14 15:35:24.741019+02:00,-0.0004243951407261193
2026-05-14 15:35:24.756644+02:00,0.000369291752576828
2026-05-14 15:35:24.772269+02:00,0.0009103809716179967
2026-05-14 15:35:24.787894+02:00,0.001215594937093556
2026-05-14 15:35:24.803519+02:00,0.0013253891374915838
2026-05-14 15:35:24.819144+02:00,0.0012957847211509943
2026-05-14 15:35:24.834769+02:00,0.0011901084799319506
2026-05-14 15:35:24.850394+02:00,0.0010718863923102617
2026-05-14 15:35:24.866019+02:00,0.0009986928198486567
2026-05-14 15:35:24.881644+02:00,0.0010170695604756474
2026-05-14 15:35:24.897269+02:00,0.0011585259344428778
2026-05-14 15:35:24.912894+02:00,0.0014373373705893755
2026-05-14 15:35:24.928519+02:00,0.0018514341209083796
2026-05-14 15:35:24.944144+02:00,0.0023847194388508797
2026-05-14 15:35:24.959769+02:00,0.0030090813525021076
2026-05-14 15:35:24.975394+02:00,0.003687968011945486
2026-05-14 15:35:24.991019+02:00,0.004382540471851826
2026-05-14 15:35:25.006644+02:00,0.005057808011770248
2026-05-14 15:35:25.022269+02:00,0.005685440264642239
2026-05-14 15:35:25.037894+02:00,0.006242501549422741
2026-05-14 15:35:25.053519+02:00,0.006706206128001213
2026-05-14 15:35:25.069144+02:00,0.007044031750410795
2026-05-14 15:35:25.084769+02:00,0.0072046066634356976
2026-05-14 15:35:25.100394+02:00,0.007119749207049608
2026-05-14 15:35:25.116019+02:00,0.0067185950465500355
2026-05-14 15:35:25.131644+02:00,0.005944978911429644
2026-05-14 15:35:25.147269+02:00,0.004773056134581566
2026-05-14 15:35:25.162894+02:00,0.0032201753929257393
2026-05-14 15:35:25.178519+02:00,0.0013532424345612526
2026-05-14 15:35:25.194144+02:00,-0.0007160458480939269
2026-05-14 15:35:25.209769+02:00,-0.0028465925715863705
2026-05-14 15:35:25.225394+02:00,-0.004886671435087919
2026-05-14 15:35:25.241019+02:00,-0.0066909752786159515
2026-05-14 15:35:25.256644+02:00,-0.008136890828609467
2026-05-14 15:35:25.272269+02:00,-0.009138555265963078
2026-05-14 15:35:25.287894+02:00,-0.00965406745672226
2026-05-14 15:35:25.303519+02:00,-0.0096841249614954
2026-05-14 15:35:25.319144+02:00,-0.009265175089240074
2026-05-14 15:35:25.334769+02:00,-0.008462198078632355
2026-05-14 15:35:25.350394+02:00,-0.0073624225333333015
2026-05-14 15:35:25.366019+02:00,-0.006067787762731314
2026-05-14 15:35:25.381644+02:00,-0.004685964435338974
2026-05-14 15:35:25.397269+02:00,-0.0033211158588528633
2026-05-14 15:35:25.412894+02:00,-0.002064530272036791
2026-05-14 15:35:25.428519+02:00,-0.000985260820016265
2026-05-14 15:35:25.444144+02:00,-0.0001232934882864356
2026-05-14 15:35:25.459769+02:00,0.0005107986507937312
2026-05-14 15:35:25.475394+02:00,0.0009305803687311709
2026-05-14 15:35:25.491019+02:00,0.0011678128503262997
2026-05-14 15:35:25.506644+02:00,0.001267789863049984
2026-05-14 15:35:25.522269+02:00,0.0012843855656683445
2026-05-14 15:35:25.537894+02:00,0.0012730786111205816
2026-05-14 15:35:25.553519+02:00,0.0012839888222515583
2026-05-14 15:35:25.569144+02:00,0.0013585689011961222
2026-05-14 15:35:25.584769+02:00,0.0015280470252037048
2026-05-14 15:35:25.600394+02:00,0.0018110964447259903
2026-05-14 15:35:25.616019+02:00,0.0022121972870081663
2026-05-14 15:35:25.631644+02:00,0.00272167450748384
2026-05-14 15:35:25.647269+02:00,0.0033173614647239447
2026-05-14 15:35:25.662894+02:00,0.003967685624957085
2026-05-14 15:35:25.678519+02:00,0.004636282101273537
2026-05-14 15:35:25.694144+02:00,0.005287003703415394
2026-05-14 15:35:25.709769+02:00,0.00588678102940321
2026-05-14 15:35:25.725394+02:00,0.006405617110431194
2026-05-14 15:35:25.741019+02:00,0.006814097054302692
2026-05-14 15:35:25.756644+02:00,0.007079393602907658
2026-05-14 15:35:25.772269+02:00,0.007162011228501797
2026-05-14 15:35:25.787894+02:00,0.007015347946435213
2026-05-14 15:35:25.803519+02:00,0.006589286495000124
2026-05-14 15:35:25.819144+02:00,0.005839169025421143
2026-05-14 15:35:25.834769+02:00,0.004739757627248764
2026-05-14 15:35:25.850394+02:00,0.0032989466562867165
2026-05-14 15:35:25.866019+02:00,0.001565649639815092
2026-05-14 15:35:25.881644+02:00,-0.00037038937443867326
2026-05-14 15:35:25.897269+02:00,-0.002387499902397394
2026-05-14 15:35:25.912894+02:00,-0.004347545560449362
2026-05-14 15:35:25.928519+02:00,-0.006113759707659483
2026-05-14 15:35:25.944144+02:00,-0.007567661814391613
2026-05-14 15:35:25.959769+02:00,-0.008622373454272747
2026-05-14 15:35:25.975394+02:00,-0.00923056248575449
2026-05-14 15:35:25.991019+02:00,-0.009386507794260979
2026-05-14 15:35:26.006644+02:00,-0.009122866205871105
2026-05-14 15:35:26.022269+02:00,-0.008503438904881477
2026-05-14 15:35:26.037894+02:00,-0.00761248217895627
2026-05-14 15:35:26.053519+02:00,-0.006542769726365805
2026-05-14 15:35:26.069144+02:00,-0.005385899916291237
2026-05-14 15:35:26.084769+02:00,-0.00422444473952055
2026-05-14 15:35:26.100394+02:00,-0.0031256298534572124
2026-05-14 15:35:26.116019+02:00,-0.0021379401441663504
2026-05-14 15:35:26.131644+02:00,-0.0012897150591015816
2026-05-14 15:35:26.147269+02:00,-0.0005902624689042568
2026-05-14 15:35:26.162894+02:00,-3.325589932501316e-05
2026-05-14 15:35:26.178519+02:00,0.00040102493949234486
2026-05-14 15:35:26.194144+02:00,0.0007428608369082212
2026-05-14 15:35:26.209769+02:00,0.0010271476348862052
2026-05-14 15:35:26.225394+02:00,0.0012880306458100677
2026-05-14 15:35:26.241019+02:00,0.00155614351388067
2026-05-14 15:35:26.256644+02:00,0.001856829272583127
2026-05-14 15:35:26.272269+02:00,0.0022087772376835346
2026-05-14 15:35:26.287894+02:00,0.0026233703829348087
2026-05-14 15:35:26.303519+02:00,0.0031048227101564407
2026-05-14 15:35:26.319144+02:00,0.003650490427389741
2026-05-14 15:35:26.334769+02:00,0.004250771831721067
2026-05-14 15:35:26.350394+02:00,0.004889355972409248
2026-05-14 15:35:26.366019+02:00,0.005544588901102543
2026-05-14 15:35:26.381644+02:00,0.006192252039909363
2026-05-14 15:35:26.397269+02:00,0.006809564307332039
2026-05-14 15:35:26.412894+02:00,0.007378322537988424
2026-05-14 15:35:26.428519+02:00,0.007885553874075413
2026-05-14 15:35:26.444144+02:00,0.008321360684931278
2026-05-14 15:35:26.459769+02:00,0.008672591298818588
2026-05-14 15:35:26.475394+02:00,0.008913487195968628
2026-05-14 15:35:26.491019+02:00,0.00899870041757822
2026-05-14 15:35:26.506644+02:00,0.008864181116223335
2026-05-14 15:35:26.522269+02:00,0.00843840092420578
2026-05-14 15:35:26.537894+02:00,0.007659988012164831
2026-05-14 15:35:26.553519+02:00,0.006494913250207901
2026-05-14 15:35:26.569144+02:00,0.004950128961354494
2026-05-14 15:35:26.584769+02:00,0.003080782713368535
2026-05-14 15:35:26.600394+02:00,0.000986998900771141
2026-05-14 15:35:26.616019+02:00,-0.0011997052934020758
2026-05-14 15:35:26.631644+02:00,-0.0033352458849549294
2026-05-14 15:35:26.647269+02:00,-0.005280438810586929
2026-05-14 15:35:26.662894+02:00,-0.006915300153195858
2026-05-14 15:35:26.678519+02:00,-0.008151115849614143
2026-05-14 15:35:26.694144+02:00,-0.0089375926181674
2026-05-14 15:35:26.709769+02:00,-0.00926392525434494
2026-05-14 15:35:26.725394+02:00,-0.00915658101439476
2026-05-14 15:35:26.741019+02:00,-0.008674276992678642
2026-05-14 15:35:26.756644+02:00,-0.007899110205471516
2026-05-14 15:35:26.772269+02:00,-0.006925919093191624
2026-05-14 15:35:26.787894+02:00,-0.005851966794580221
2026-05-14 15:35:26.803519+02:00,-0.0047669666819274426
2026-05-14 15:35:26.819144+02:00,-0.003745468333363533
2026-05-14 15:35:26.834769+02:00,-0.002843699185177684
2026-05-14 15:35:26.850394+02:00,-0.0020982548594474792
2026-05-14 15:35:26.866019+02:00,-0.0015243967063724995
2026-05-14 15:35:26.881644+02:00,-0.0011161018628627062
2026-05-14 15:35:26.897269+02:00,-0.0008490261388942599
2026-05-14 15:35:26.912894+02:00,-0.0006855633109807968
2026-05-14 15:35:26.928519+02:00,-0.0005813738098368049
2026-05-14 15:35:26.944144+02:00,-0.0004918830818496644
2026-05-14 15:35:26.959769+02:00,-0.00037788524059578776
2026-05-14 15:35:26.975394+02:00,-0.00020926742581650615
2026-05-14 15:35:26.991019+02:00,3.46434535458684e-05
2026-05-14 15:35:27.006644+02:00,0.00036550313234329224
2026-05-14 15:35:27.022269+02:00,0.0007850055117160082
2026-05-14 15:35:27.037894+02:00,0.001285431208088994
2026-05-14 15:35:27.053519+02:00,0.0018529642838984728
2026-05-14 15:35:27.069144+02:00,0.002471390413120389
2026-05-14 15:35:27.084769+02:00,0.0031231665052473545
2026-05-14 15:35:27.100394+02:00,0.003788186237215996
2026-05-14 15:35:27.116019+02:00,0.004443910904228687
2026-05-14 15:35:27.131644+02:00,0.005067621357738972
2026-05-14 15:35:27.147269+02:00,0.00563832325860858
2026-05-14 15:35:27.162894+02:00,0.006136276759207249
2026-05-14 15:35:27.178519+02:00,0.006539501715451479
2026-05-14 15:35:27.194144+02:00,0.006818035151809454
2026-05-14 15:35:27.209769+02:00,0.00692909536883235
2026-05-14 15:35:27.225394+02:00,0.006818006746470928
2026-05-14 15:35:27.241019+02:00,0.0064259907230734825
2026-05-14 15:35:27.256644+02:00,0.005702942609786987
2026-05-14 15:35:27.272269+02:00,0.004623749293386936
2026-05-14 15:35:27.287894+02:00,0.003202709835022688
2026-05-14 15:35:27.303519+02:00,0.0014996405225247145
2026-05-14 15:35:27.319144+02:00,-0.0003839073469862342
2026-05-14 15:35:27.334769+02:00,-0.0023178844712674618
2026-05-14 15:35:27.350394+02:00,-0.004162393510341644
2026-05-14 15:35:27.366019+02:00,-0.005785665474832058
2026-05-14 15:35:27.381644+02:00,-0.007079633884131908
2026-05-14 15:35:27.397269+02:00,-0.007971717976033688
2026-05-14 15:35:27.412894+02:00,-0.008429579436779022
2026-05-14 15:35:27.428519+02:00,-0.008458648808300495
2026-05-14 15:35:27.444144+02:00,-0.008096180856227875
2026-05-14 15:35:27.459769+02:00,-0.0074048759415745735
2026-05-14 15:35:27.475394+02:00,-0.006465898361057043
2026-05-14 15:35:27.491019+02:00,-0.005371840670704842
2026-05-14 15:35:27.506644+02:00,-0.004219647031277418
2026-05-14 15:35:27.522269+02:00,-0.0031013896223157644
2026-05-14 15:35:27.537894+02:00,-0.0020943600684404373
2026-05-14 15:35:27.553519+02:00,-0.0012541550677269697
2026-05-14 15:35:27.569144+02:00,-0.0006116792792454362
2026-05-14 15:35:27.584769+02:00,-0.00017303047934547067
2026-05-14 15:35:27.600394+02:00,7.903753430582583e-05
2026-05-14 15:35:27.616019+02:00,0.000181912153493613
2026-05-14 15:35:27.631644+02:00,0.0001863152428995818
2026-05-14 15:35:27.647269+02:00,0.00014662538887932897
2026-05-14 15:35:27.662894+02:00,0.000113503891043365
2026-05-14 15:35:27.678519+02:00,0.00013113350723870099
2026-05-14 15:35:27.694144+02:00,0.00023500659153796732
2026-05-14 15:35:27.709769+02:00,0.0004475380410440266
2026-05-14 15:35:27.725394+02:00,0.0007750305812805891
2026-05-14 15:35:27.741019+02:00,0.0012092712568119168
2026-05-14 15:35:27.756644+02:00,0.0017306844238191843
2026-05-14 15:35:27.772269+02:00,0.0023109891917556524
2026-05-14 15:35:27.787894+02:00,0.0029179323464632034
2026-05-14 15:35:27.803519+02:00,0.003521022852510214
2026-05-14 15:35:27.819144+02:00,0.004094887059181929
2026-05-14 15:35:27.834769+02:00,0.004620347172021866
2026-05-14 15:35:27.850394+02:00,0.005083899945020676
2026-05-14 15:35:27.866019+02:00,0.005474176723510027
2026-05-14 15:35:27.881644+02:00,0.005774291232228279
2026-05-14 15:35:27.897269+02:00,0.0059534222818911076
2026-05-14 15:35:27.912894+02:00,0.005963606759905815
2026-05-14 15:35:27.928519+02:00,0.005744357593357563
2026-05-14 15:35:27.944144+02:00,0.005234484560787678
2026-05-14 15:35:27.959769+02:00,0.004388323985040188
2026-05-14 15:35:27.975394+02:00,0.0031912107951939106
2026-05-14 15:35:27.991019+02:00,0.0016698569525033236
2026-05-14 15:35:28.006644+02:00,-0.00010443897917866707
2026-05-14 15:35:28.022269+02:00,-0.0020208870992064476
2026-05-14 15:35:28.037894+02:00,-0.003943196963518858
2026-05-14 15:35:28.053519+02:00,-0.0057299574837088585
2026-05-14 15:35:28.069144+02:00,-0.007254470605403185
2026-05-14 15:35:28.084769+02:00,-0.008419182151556015
2026-05-14 15:35:28.100394+02:00,-0.009164351969957352
2026-05-14 15:35:28.116019+02:00,-0.009470386430621147
2026-05-14 15:35:28.131644+02:00,-0.009355515241622925
2026-05-14 15:35:28.147269+02:00,-0.008871229365468025
2026-05-14 15:35:28.162894+02:00,-0.008094155229628086
2026-05-14 15:35:28.178519+02:00,-0.0071152327582240105
2026-05-14 15:35:28.194144+02:00,-0.006029440090060234
2026-05-14 15:35:28.209769+02:00,-0.004926830530166626
2026-05-14 15:35:28.225394+02:00,-0.003884557168930769
2026-05-14 15:35:28.241019+02:00,-0.0029609077610075474
2026-05-14 15:35:28.256644+02:00,-0.002193322405219078
2026-05-14 15:35:28.272269+02:00,-0.0015997930895537138
2026-05-14 15:35:28.287894+02:00,-0.0011804316891357303
2026-05-14 15:35:28.303519+02:00,-0.000917963101528585
2026-05-14 15:35:28.319144+02:00,-0.0007795477285981178
2026-05-14 15:35:28.334769+02:00,-0.0007210117764770985
2026-05-14 15:35:28.350394+02:00,-0.0006922640604898334
2026-05-14 15:35:28.366019+02:00,-0.0006441650912165642
2026-05-14 15:35:28.381644+02:00,-0.0005357983754947782
2026-05-14 15:35:28.397269+02:00,-0.00033973570680245757
2026-05-14 15:35:28.412894+02:00,-4.368252120912075e-05
2026-05-14 15:35:28.428519+02:00,0.00035256717819720507
2026-05-14 15:35:28.444144+02:00,0.0008415092597715557
2026-05-14 15:35:28.459769+02:00,0.001409697812050581
2026-05-14 15:35:28.475394+02:00,0.0020376979373395443
2026-05-14 15:35:28.491019+02:00,0.002698917407542467
2026-05-14 15:35:28.506644+02:00,0.0033593769185245037
2026-05-14 15:35:28.522269+02:00,0.00398312509059906
2026-05-14 15:35:28.537894+02:00,0.0045407796278595924
2026-05-14 15:35:28.553519+02:00,0.005011886358261108
2026-05-14 15:35:28.569144+02:00,0.005378200672566891
2026-05-14 15:35:28.584769+02:00,0.005613565444946289
2026-05-14 15:35:28.600394+02:00,0.005676961969584227
2026-05-14 15:35:28.616019+02:00,0.0055132475681602955
2026-05-14 15:35:28.631644+02:00,0.005062581039965153
2026-05-14 15:35:28.647269+02:00,0.004275115206837654
2026-05-14 15:35:28.662894+02:00,0.003126850351691246
2026-05-14 15:35:28.678519+02:00,0.001633484149351716
2026-05-14 15:35:28.694144+02:00,-0.0001426239323336631
2026-05-14 15:35:28.709769+02:00,-0.00209642481058836
2026-05-14 15:35:28.725394+02:00,-0.0040935068391263485
2026-05-14 15:35:28.741019+02:00,-0.005988737568259239
2026-05-14 15:35:28.756644+02:00,-0.007646003272384405
2026-05-14 15:35:28.772269+02:00,-0.008954490534961224
2026-05-14 15:35:28.787894+02:00,-0.009839490987360477
2026-05-14 15:35:28.803519+02:00,-0.010266304947435856
2026-05-14 15:35:28.819144+02:00,-0.010237780399620533
2026-05-14 15:35:28.834769+02:00,-0.009790437296032906
2026-05-14 15:35:28.850394+02:00,-0.008989362977445126
2026-05-14 15:35:28.866019+02:00,-0.007918646559119225
2026-05-14 15:35:28.881644+02:00,-0.006670602597296238
2026-05-14 15:35:28.897269+02:00,-0.005337782669812441
2026-05-14 15:35:28.912894+02:00,-0.004007655195891857
2026-05-14 15:35:28.928519+02:00,-0.0027583567425608635
2026-05-14 15:35:28.944144+02:00,-0.0016522924415767193
2026-05-14 15:35:28.959769+02:00,-0.0007283519953489304
2026-05-14 15:35:28.975394+02:00,6.621703505516052e-07
2026-05-14 15:35:28.991019+02:00,0.0005433738697320223
2026-05-14 15:35:29.006644+02:00,0.0009236570913344622
2026-05-14 15:35:29.022269+02:00,0.0011774462182074785
2026-05-14 15:35:29.037894+02:00,0.0013505755923688412
2026-05-14 15:35:29.053519+02:00,0.0014937995001673698
2026-05-14 15:35:29.069144+02:00,0.0016555446200072765
2026-05-14 15:35:29.084769+02:00,0.0018752897158265114
2026-05-14 15:35:29.100394+02:00,0.002179038245230913
2026-05-14 15:35:29.116019+02:00,0.002578544430434704
2026-05-14 15:35:29.131644+02:00,0.0030746280681341887
2026-05-14 15:35:29.147269+02:00,0.0036603002808988094
2026-05-14 15:35:29.162894+02:00,0.004320899024605751
2026-05-14 15:35:29.178519+02:00,0.005035120062530041
2026-05-14 15:35:29.194144+02:00,0.005778339225798845
2026-05-14 15:35:29.209769+02:00,0.006524094380438328
2026-05-14 15:35:29.225394+02:00,0.007243076339364052
2026-05-14 15:35:29.241019+02:00,0.00790361501276493
2026-05-14 15:35:29.256644+02:00,0.00847526453435421
2026-05-14 15:35:29.272269+02:00,0.0089297816157341
2026-05-14 15:35:29.287894+02:00,0.009235057979822159
2026-05-14 15:35:29.303519+02:00,0.00934770330786705
2026-05-14 15:35:29.319144+02:00,0.009211434051394463
2026-05-14 15:35:29.334769+02:00,0.008762654848396778
2026-05-14 15:35:29.350394+02:00,0.007943243719637394
2026-05-14 15:35:29.366019+02:00,0.006719390861690044
2026-05-14 15:35:29.381644+02:00,0.005099157802760601
2026-05-14 15:35:29.397269+02:00,0.0031398949213325977
2026-05-14 15:35:29.412894+02:00,0.0009446947369724512
2026-05-14 15:35:29.428519+02:00,-0.0013477704487740993
2026-05-14 15:35:29.444144+02:00,-0.003578338772058487
2026-05-14 15:35:29.459769+02:00,-0.00558810867369175
2026-05-14 15:35:29.475394+02:00,-0.007242090068757534
2026-05-14 15:35:29.491019+02:00,-0.008447111584246159
2026-05-14 15:35:29.506644+02:00,-0.009157625027000904
2026-05-14 15:35:29.522269+02:00,-0.0093723488971591
2026-05-14 15:35:29.537894+02:00,-0.00912777055054903
2026-05-14 15:35:29.553519+02:00,-0.008490602485835552
2026-05-14 15:35:29.569144+02:00,-0.007548749912530184
2026-05-14 15:35:29.584769+02:00,-0.00640120031312108
2026-05-14 15:35:29.600394+02:00,-0.005148298107087612
2026-05-14 15:35:29.616019+02:00,-0.003883624915033579
2026-05-14 15:35:29.631644+02:00,-0.0026873862370848656
2026-05-14 15:35:29.647269+02:00,-0.0016209213063120842
2026-05-14 15:35:29.662894+02:00,-0.0007233940996229649
2026-05-14 15:35:29.678519+02:00,-1.096213236451149e-05
2026-05-14 15:35:29.694144+02:00,0.0005221753381192684
2026-05-14 15:35:29.709769+02:00,0.0009001223370432854
2026-05-14 15:35:29.725394+02:00,0.0011598747223615646
2026-05-14 15:35:29.741019+02:00,0.0013467124663293362
2026-05-14 15:35:29.756644+02:00,0.0015100128948688507
2026-05-14 15:35:29.772269+02:00,0.0016977018676698208
2026-05-14 15:35:29.787894+02:00,0.0019494565203785896
2026-05-14 15:35:29.803519+02:00,0.002290734788402915
2026-05-14 15:35:29.819144+02:00,0.0027309453580528498
2026-05-14 15:35:29.834769+02:00,0.0032658870331943035
2026-05-14 15:35:29.850394+02:00,0.003880848176777363
2026-05-14 15:35:29.866019+02:00,0.004553121514618397
2026-05-14 15:35:29.881644+02:00,0.005255499854683876
2026-05-14 15:35:29.897269+02:00,0.005960219539701939
2026-05-14 15:35:29.912894+02:00,0.006641819607466459
2026-05-14 15:35:29.928519+02:00,0.007279939949512482
2026-05-14 15:35:29.944144+02:00,0.007860853336751461
2026-05-14 15:35:29.959769+02:00,0.008374784141778946
2026-05-14 15:35:29.975394+02:00,0.008812674321234226
2026-05-14 15:35:29.991019+02:00,0.009163878858089447
2026-05-14 15:35:30.006644+02:00,0.00940808653831482
2026-05-14 15:35:30.022269+02:00,0.009504458867013454
2026-05-14 15:35:30.037894+02:00,0.009389936923980713
2026-05-14 15:35:30.053519+02:00,0.008988343179225922
2026-05-14 15:35:30.069144+02:00,0.008225283585488796
2026-05-14 15:35:30.084769+02:00,0.007046711631119251
2026-05-14 15:35:30.100394+02:00,0.00543682835996151
2026-05-14 15:35:30.116019+02:00,0.0034291697666049004
2026-05-14 15:35:30.131644+02:00,0.0011091545457020402
2026-05-14 15:35:30.147269+02:00,-0.0013917649630457163
2026-05-14 15:35:30.162894+02:00,-0.003910363651812077
2026-05-14 15:35:30.178519+02:00,-0.006271767895668745
2026-05-14 15:35:30.194144+02:00,-0.008312173187732697
2026-05-14 15:35:30.209769+02:00,-0.009900718927383423
2026-05-14 15:35:30.225394+02:00,-0.010954698547720909
2026-05-14 15:35:30.241019+02:00,-0.011444322764873505
2026-05-14 15:35:30.256644+02:00,-0.011389128863811493
2026-05-14 15:35:30.272269+02:00,-0.010849544778466225
2026-05-14 15:35:30.287894+02:00,-0.009915562346577644
2026-05-14 15:35:30.303519+02:00,-0.008694011718034744
2026-05-14 15:35:30.319144+02:00,-0.007296671159565449
2026-05-14 15:35:30.334769+02:00,-0.00583187211304903
2026-05-14 15:35:30.350394+02:00,-0.004398996941745281
2026-05-14 15:35:30.366019+02:00,-0.003083151765167713
2026-05-14 15:35:30.381644+02:00,-0.0019497666507959366
2026-05-14 15:35:30.397269+02:00,-0.0010398149024695158
2026-05-14 15:35:30.412894+02:00,-0.0003655324690043926
2026-05-14 15:35:30.428519+02:00,9.154016152024269e-05
2026-05-14 15:35:30.444144+02:00,0.0003757351078093052
2026-05-14 15:35:30.459769+02:00,0.0005455063655972481
2026-05-14 15:35:30.475394+02:00,0.0006621098145842552
2026-05-14 15:35:30.491019+02:00,0.0007828176021575928
2026-05-14 15:35:30.506644+02:00,0.0009557330049574375
2026-05-14 15:35:30.522269+02:00,0.0012153279967606068
2026-05-14 15:35:30.537894+02:00,0.0015802080743014812
2026-05-14 15:35:30.553519+02:00,0.0020530964247882366
2026-05-14 15:35:30.569144+02:00,0.0026232614181935787
2026-05-14 15:35:30.584769+02:00,0.0032709178049117327
2026-05-14 15:35:30.600394+02:00,0.003970871213823557
2026-05-14 15:35:30.616019+02:00,0.004694631788879633
2026-05-14 15:35:30.631644+02:00,0.0054134950041770935
2026-05-14 15:35:30.647269+02:00,0.006102418527007103
2026-05-14 15:35:30.662894+02:00,0.0067420522682368755
2026-05-14 15:35:30.678519+02:00,0.0073194000869989395
2026-05-14 15:35:30.694144+02:00,0.007826952263712883
2026-05-14 15:35:30.709769+02:00,0.00825636275112629
2026-05-14 15:35:30.725394+02:00,0.008586999028921127
2026-05-14 15:35:30.741019+02:00,0.008777260780334473
2026-05-14 15:35:30.756644+02:00,0.00876510888338089
2026-05-14 15:35:30.772269+02:00,0.00847599282860756
2026-05-14 15:35:30.787894+02:00,0.007833775132894516
2026-05-14 15:35:30.803519+02:00,0.00677434541285038
2026-05-14 15:35:30.819144+02:00,0.005262579303234816
2026-05-14 15:35:30.834769+02:00,0.0033095828257501125
2026-05-14 15:35:30.850394+02:00,0.0009822797728702426
2026-05-14 15:35:30.866019+02:00,-0.0016008540987968445
2026-05-14 15:35:30.881644+02:00,-0.004284291993826628
2026-05-14 15:35:30.897269+02:00,-0.006893918849527836
2026-05-14 15:35:30.912894+02:00,-0.009256686083972454
2026-05-14 15:35:30.928519+02:00,-0.011219168081879616
2026-05-14 15:35:30.944144+02:00,-0.012663660570979118
2026-05-14 15:35:30.959769+02:00,-0.013519316911697388
2026-05-14 15:35:30.975394+02:00,-0.013764963485300541
2026-05-14 15:35:30.991019+02:00,-0.013425802811980247
2026-05-14 15:35:31.006644+02:00,-0.012568478472530842
2026-05-14 15:35:31.022269+02:00,-0.011294457130134106
2026-05-14 15:35:31.037894+02:00,-0.009729808196425438
2026-05-14 15:35:31.053519+02:00,-0.008011902682483196
2026-05-14 15:35:31.069144+02:00,-0.006276888772845268
2026-05-14 15:35:31.084769+02:00,-0.0046497732400894165
2026-05-14 15:35:31.100394+02:00,-0.0032346949446946383
2026-05-14 15:35:31.116019+02:00,-0.0021039999555796385
2026-05-14 15:35:31.131644+02:00,-0.0012893415987491608
2026-05-14 15:35:31.147269+02:00,-0.0007811267860233784
2026-05-14 15:35:31.162894+02:00,-0.0005366515833884478
2026-05-14 15:35:31.178519+02:00,-0.0004901846405118704
2026-05-14 15:35:31.194144+02:00,-0.0005623342003673315
2026-05-14 15:35:31.209769+02:00,-0.0006706295534968376
2026-05-14 15:35:31.225394+02:00,-0.0007402712944895029
2026-05-14 15:35:31.241019+02:00,-0.0007117213681340218
2026-05-14 15:35:31.256644+02:00,-0.0005438067018985748
2026-05-14 15:35:31.272269+02:00,-0.00021322118118405342
2026-05-14 15:35:31.287894+02:00,0.00028732698410749435
2026-05-14 15:35:31.303519+02:00,0.0009498209692537785
2026-05-14 15:35:31.319144+02:00,0.0017514466308057308
2026-05-14 15:35:31.334769+02:00,0.002657997887581587
2026-05-14 15:35:31.350394+02:00,0.0036280436906963587
2026-05-14 15:35:31.366019+02:00,0.004614898003637791
2026-05-14 15:35:31.381644+02:00,0.00556958606466651
2026-05-14 15:35:31.397269+02:00,0.006445703096687794
2026-05-14 15:35:31.412894+02:00,0.007201774977147579
2026-05-14 15:35:31.428519+02:00,0.00779825821518898
2026-05-14 15:35:31.444144+02:00,0.008188735693693161
2026-05-14 15:35:31.459769+02:00,0.008310658857226372
2026-05-14 15:35:31.475394+02:00,0.00808585062623024
2026-05-14 15:35:31.491019+02:00,0.007434547878801823
2026-05-14 15:35:31.506644+02:00,0.006297217682003975
2026-05-14 15:35:31.522269+02:00,0.004654742777347565
2026-05-14 15:35:31.537894+02:00,0.0025420039892196655
2026-05-14 15:35:31.553519+02:00,5.382834933698177e-05
2026-05-14 15:35:31.569144+02:00,-0.002660028636455536
2026-05-14 15:35:31.584769+02:00,-0.005412861704826355
2026-05-14 15:35:31.600394+02:00,-0.008007040247321129
2026-05-14 15:35:31.616019+02:00,-0.010259134694933891
2026-05-14 15:35:31.631644+02:00,-0.012018837034702301
2026-05-14 15:35:31.647269+02:00,-0.013182508759200573
2026-05-14 15:35:31.662894+02:00,-0.013701561838388443
2026-05-14 15:35:31.678519+02:00,-0.013582909479737282
2026-05-14 15:35:31.694144+02:00,-0.012882009148597717
2026-05-14 15:35:31.709769+02:00,-0.011692466214299202
2026-05-14 15:35:31.725394+02:00,-0.010134302079677582
2026-05-14 15:35:31.741019+02:00,-0.008341707289218903
2026-05-14 15:35:31.756644+02:00,-0.006451089400798082
2026-05-14 15:35:31.772269+02:00,-0.00458977185189724
2026-05-14 15:35:31.787894+02:00,-0.0028665056452155113
2026-05-14 15:35:31.803519+02:00,-0.0013645305298268795
2026-05-14 15:35:31.819144+02:00,-0.00013633305206894875
2026-05-14 15:35:31.834769+02:00,0.000799763947725296
2026-05-14 15:35:31.850394+02:00,0.001458955928683281
2026-05-14 15:35:31.866019+02:00,0.0018843370489776134
2026-05-14 15:35:31.881644+02:00,0.0021381471306085587
2026-05-14 15:35:31.897269+02:00,0.002291952259838581
2026-05-14 15:35:31.912894+02:00,0.002417442388832569
2026-05-14 15:35:31.928519+02:00,0.0025794687680900097
2026-05-14 15:35:31.944144+02:00,0.0028312229551374912
2026-05-14 15:35:31.959769+02:00,0.0032097576186060905
2026-05-14 15:35:31.975394+02:00,0.0037321681156754494
2026-05-14 15:35:31.991019+02:00,0.004395580850541592
2026-05-14 15:35:32.006644+02:00,0.005180977284908295
2026-05-14 15:35:32.022269+02:00,0.006057643331587315
2026-05-14 15:35:32.037894+02:00,0.006987620610743761
2026-05-14 15:35:32.053519+02:00,0.007931442931294441
2026-05-14 15:35:32.069144+02:00,0.008854169398546219
2026-05-14 15:35:32.084769+02:00,0.00972835998982191
2026-05-14 15:35:32.100394+02:00,0.010531827807426453
2026-05-14 15:35:32.116019+02:00,0.011240106076002121
2026-05-14 15:35:32.131644+02:00,0.011815092526376247
2026-05-14 15:35:32.147269+02:00,0.012194164097309113
2026-05-14 15:35:32.162894+02:00,0.01228546816855669
2026-05-14 15:35:32.178519+02:00,0.011974076740443707
2026-05-14 15:35:32.194144+02:00,0.01114195678383112
2026-05-14 15:35:32.209769+02:00,0.009698303416371346
2026-05-14 15:35:32.225394+02:00,0.0076084439642727375
2026-05-14 15:35:32.241019+02:00,0.004910747520625591
2026-05-14 15:35:32.256644+02:00,0.0017193184467032552
2026-05-14 15:35:32.272269+02:00,-0.0017852301243692636
2026-05-14 15:35:32.287894+02:00,-0.005374676547944546
2026-05-14 15:35:32.303519+02:00,-0.008800530806183815
2026-05-14 15:35:32.319144+02:00,-0.011825996451079845
2026-05-14 15:35:32.334769+02:00,-0.014253679662942886
2026-05-14 15:35:32.350394+02:00,-0.015943510457873344
2026-05-14 15:35:32.366019+02:00,-0.016821831464767456
2026-05-14 15:35:32.381644+02:00,-0.01688198745250702
2026-05-14 15:35:32.397269+02:00,-0.016178589314222336
2026-05-14 15:35:32.412894+02:00,-0.014819445088505745
2026-05-14 15:35:32.428519+02:00,-0.012953562662005424
2026-05-14 15:35:32.444144+02:00,-0.010754319839179516
2026-05-14 15:35:32.459769+02:00,-0.008402460254728794
2026-05-14 15:35:32.475394+02:00,-0.006070625968277454
2026-05-14 15:35:32.491019+02:00,-0.003908725455403328
2026-05-14 15:35:32.506644+02:00,-0.0020315865986049175
2026-05-14 15:35:32.522269+02:00,-0.0005103377625346184
2026-05-14 15:35:32.537894+02:00,0.0006311000324785709
2026-05-14 15:35:32.553519+02:00,0.0014129141345620155
2026-05-14 15:35:32.569144+02:00,0.001890835352241993
2026-05-14 15:35:32.584769+02:00,0.002144455909729004
2026-05-14 15:35:32.600394+02:00,0.0022642756812274456
2026-05-14 15:35:32.616019+02:00,0.0023402427323162556
2026-05-14 15:35:32.631644+02:00,0.002453659661114216
2026-05-14 15:35:32.647269+02:00,0.0026711146347224712
2026-05-14 15:35:32.662894+02:00,0.003039673436433077
2026-05-14 15:35:32.678519+02:00,0.0035857921466231346
2026-05-14 15:35:32.694144+02:00,0.00431754719465971
2026-05-14 15:35:32.709769+02:00,0.005226027220487595
2026-05-14 15:35:32.725394+02:00,0.006285297684371471
2026-05-14 15:35:32.741019+02:00,0.007453491445630789
2026-05-14 15:35:32.756644+02:00,0.008677388541400433
2026-05-14 15:35:32.772269+02:00,0.00990101508796215
2026-05-14 15:35:32.787894+02:00,0.011073862202465534
2026-05-14 15:35:32.803519+02:00,0.012153560295701027
2026-05-14 15:35:32.819144+02:00,0.013102012686431408
2026-05-14 15:35:32.834769+02:00,0.013874787837266922
2026-05-14 15:35:32.850394+02:00,0.01440573949366808
2026-05-14 15:35:32.866019+02:00,0.014596622437238693
2026-05-14 15:35:32.881644+02:00,0.014322413131594658
2026-05-14 15:35:32.897269+02:00,0.013454290106892586
2026-05-14 15:35:32.912894+02:00,0.011892322450876236
2026-05-14 15:35:32.928519+02:00,0.009595219045877457
2026-05-14 15:35:32.944144+02:00,0.0065992409363389015
2026-05-14 15:35:32.959769+02:00,0.003023975295946002
2026-05-14 15:35:32.975394+02:00,-0.0009357759263366461
2026-05-14 15:35:32.991019+02:00,-0.005029942374676466
2026-05-14 15:35:33.006644+02:00,-0.008981332182884216
2026-05-14 15:35:33.022269+02:00,-0.012517496943473816
2026-05-14 15:35:33.037894+02:00,-0.015401319600641727
2026-05-14 15:35:33.053519+02:00,-0.017457030713558197
2026-05-14 15:35:33.069144+02:00,-0.018587350845336914
2026-05-14 15:35:33.084769+02:00,-0.018777910619974136
2026-05-14 15:35:33.100394+02:00,-0.018089616671204567
2026-05-14 15:35:33.116019+02:00,-0.01664234697818756
2026-05-14 15:35:33.131644+02:00,-0.014596065506339073
2026-05-14 15:35:33.147269+02:00,-0.01213461346924305
2026-05-14 15:35:33.162894+02:00,-0.009451182559132576
2026-05-14 15:35:33.178519+02:00,-0.006733034271746874
2026-05-14 15:35:33.194144+02:00,-0.004146995022892952
2026-05-14 15:35:33.209769+02:00,-0.0018287491984665394
2026-05-14 15:35:33.225394+02:00,0.0001252768561244011
2026-05-14 15:35:33.241019+02:00,0.0016654743812978268
2026-05-14 15:35:33.256644+02:00,0.0027917176485061646
2026-05-14 15:35:33.272269+02:00,0.0035484186373651028
2026-05-14 15:35:33.287894+02:00,0.004014975391328335
2026-05-14 15:35:33.303519+02:00,0.004292705561965704
2026-05-14 15:35:33.319144+02:00,0.0044891927391290665
2026-05-14 15:35:33.334769+02:00,0.004704456776380539
2026-05-14 15:35:33.350394+02:00,0.005021457094699144
2026-05-14 15:35:33.366019+02:00,0.005499701946973801
2026-05-14 15:35:33.381644+02:00,0.006172319408506155
2026-05-14 15:35:33.397269+02:00,0.007047946564853191
2026-05-14 15:35:33.412894+02:00,0.00811413861811161
2026-05-14 15:35:33.428519+02:00,0.009338636882603168
2026-05-14 15:35:33.444144+02:00,0.010671492666006088
2026-05-14 15:35:33.459769+02:00,0.012051749974489212
2026-05-14 15:35:33.475394+02:00,0.013416796922683716
2026-05-14 15:35:33.491019+02:00,0.014710363931953907
2026-05-14 15:35:33.506644+02:00,0.015886392444372177
2026-05-14 15:35:33.522269+02:00,0.016907304525375366
2026-05-14 15:35:33.537894+02:00,0.017735768109560013
2026-05-14 15:35:33.553519+02:00,0.018319683149456978
2026-05-14 15:35:33.569144+02:00,0.018576016649603844
2026-05-14 15:35:33.584769+02:00,0.01838544011116028
2026-05-14 15:35:33.600394+02:00,0.01760459877550602
2026-05-14 15:35:33.616019+02:00,0.01609465293586254
2026-05-14 15:35:33.631644+02:00,0.013759927824139595
2026-05-14 15:35:33.647269+02:00,0.010584400966763496
2026-05-14 15:35:33.662894+02:00,0.006653526797890663
2026-05-14 15:35:33.678519+02:00,0.0021550599485635757
2026-05-14 15:35:33.694144+02:00,-0.002641301602125168
2026-05-14 15:35:33.709769+02:00,-0.0074189575389027596
2026-05-14 15:35:33.725394+02:00,-0.011853828094899654
2026-05-14 15:35:33.741019+02:00,-0.015651563182473183
2026-05-14 15:35:33.756644+02:00,-0.018579570576548576
2026-05-14 15:35:33.772269+02:00,-0.020488964393734932
2026-05-14 15:35:33.787894+02:00,-0.021324047818779945
2026-05-14 15:35:33.803519+02:00,-0.021121546626091003
2026-05-14 15:35:33.819144+02:00,-0.019999733194708824
2026-05-14 15:35:33.834769+02:00,-0.01813785545527935
2026-05-14 15:35:33.850394+02:00,-0.015750974416732788
2026-05-14 15:35:33.866019+02:00,-0.01306647527962923
2026-05-14 15:35:33.881644+02:00,-0.010305225849151611
2026-05-14 15:35:33.897269+02:00,-0.007665927056223154
2026-05-14 15:35:33.912894+02:00,-0.005310896318405867
2026-05-14 15:35:33.928519+02:00,-0.00335434777662158
2026-05-14 15:35:33.944144+02:00,-0.0018555696588009596
2026-05-14 15:35:33.959769+02:00,-0.0008189996005967259
2026-05-14 15:35:33.975394+02:00,-0.00020088127348572016
2026-05-14 15:35:33.991019+02:00,8.043728303164244e-05
2026-05-14 15:35:34.006644+02:00,0.00013250403571873903
2026-05-14 15:35:34.022269+02:00,7.455411832779646e-05
2026-05-14 15:35:34.037894+02:00,2.270657569169998e-05
2026-05-14 15:35:34.053519+02:00,7.807661313563585e-05
2026-05-14 15:35:34.069144+02:00,0.00031834770925343037
2026-05-14 15:35:34.084769+02:00,0.0007923800149001181
2026-05-14 15:35:34.100394+02:00,0.0015181148191913962
2026-05-14 15:35:34.116019+02:00,0.0024838114622980356
2026-05-14 15:35:34.131644+02:00,0.003653346560895443
2026-05-14 15:35:34.147269+02:00,0.004975103307515383
2026-05-14 15:35:34.162894+02:00,0.006390908267349005
2026-05-14 15:35:34.178519+02:00,0.007841475307941437
2026-05-14 15:35:34.194144+02:00,0.00926841702312231
2026-05-14 15:35:34.209769+02:00,0.010614295490086079
2026-05-14 15:35:34.225394+02:00,0.011819365434348583
2026-05-14 15:35:34.241019+02:00,0.012813014909625053
2026-05-14 15:35:34.256644+02:00,0.013501891866326332
2026-05-14 15:35:34.272269+02:00,0.013762165792286396
2026-05-14 15:35:34.287894+02:00,0.013445469550788403
2026-05-14 15:35:34.303519+02:00,0.012402072548866272
2026-05-14 15:35:34.319144+02:00,0.010515383444726467
2026-05-14 15:35:34.334769+02:00,0.007736996281892061
2026-05-14 15:35:34.350394+02:00,0.004112851340323687
2026-05-14 15:35:34.366019+02:00,-0.00020576128736138344
2026-05-14 15:35:34.381644+02:00,-0.004971414338797331
2026-05-14 15:35:34.397269+02:00,-0.009869052097201347
2026-05-14 15:35:34.412894+02:00,-0.01455452386289835
2026-05-14 15:35:34.428519+02:00,-0.01869552582502365
2026-05-14 15:35:34.444144+02:00,-0.022010188549757004
2026-05-14 15:35:34.459769+02:00,-0.024295667186379433
2026-05-14 15:35:34.475394+02:00,-0.0254426971077919
2026-05-14 15:35:34.491019+02:00,-0.025438126176595688
2026-05-14 15:35:34.506644+02:00,-0.024358458817005157
2026-05-14 15:35:34.522269+02:00,-0.02235778048634529
2026-05-14 15:35:34.537894+02:00,-0.019650764763355255
2026-05-14 15:35:34.553519+02:00,-0.016490032896399498
2026-05-14 15:35:34.569144+02:00,-0.01314097922295332
2026-05-14 15:35:34.584769+02:00,-0.009857372380793095
2026-05-14 15:35:34.600394+02:00,-0.006858820095658302
2026-05-14 15:35:34.616019+02:00,-0.004312453791499138
2026-05-14 15:35:34.631644+02:00,-0.0023211007937788963
2026-05-14 15:35:34.647269+02:00,-0.0009184903465211391
2026-05-14 15:35:34.662894+02:00,-7.140659727156162e-05
2026-05-14 15:35:34.678519+02:00,0.0003118369495496154
2026-05-14 15:35:34.694144+02:00,0.0003667469136416912
2026-05-14 15:35:34.709769+02:00,0.00025139981880784035
2026-05-14 15:35:34.725394+02:00,0.0001215257216244936
2026-05-14 15:35:34.741019+02:00,0.00010944576933979988
2026-05-14 15:35:34.756644+02:00,0.0003129045944660902
2026-05-14 15:35:34.772269+02:00,0.0007925231475383043
2026-05-14 15:35:34.787894+02:00,0.0015726570272818208
2026-05-14 15:35:34.803519+02:00,0.002644240390509367
2026-05-14 15:35:34.819144+02:00,0.003970504738390446
2026-05-14 15:35:34.834769+02:00,0.005494145676493645
2026-05-14 15:35:34.850394+02:00,0.0071440888568758965
2026-05-14 15:35:34.866019+02:00,0.008841469883918762
2026-05-14 15:35:34.881644+02:00,0.010505413636565208
2026-05-14 15:35:34.897269+02:00,0.012055807746946812
2026-05-14 15:35:34.912894+02:00,0.013406201265752316
2026-05-14 15:35:34.928519+02:00,0.014447679743170738
2026-05-14 15:35:34.944144+02:00,0.015038288198411465
2026-05-14 15:35:34.959769+02:00,0.015010537579655647
2026-05-14 15:35:34.975394+02:00,0.014194545336067677
2026-05-14 15:35:34.991019+02:00,0.012451434507966042
2026-05-14 15:35:35.006644+02:00,0.009713854640722275
2026-05-14 15:35:35.022269+02:00,0.006022270303219557
2026-05-14 15:35:35.037894+02:00,0.0015411247732117772
2026-05-14 15:35:35.053519+02:00,-0.0034534684382379055
2026-05-14 15:35:35.069144+02:00,-0.00860969815403223
2026-05-14 15:35:35.084769+02:00,-0.013545811176300049
2026-05-14 15:35:35.100394+02:00,-0.017895495519042015
2026-05-14 15:35:35.116019+02:00,-0.021348705515265465
2026-05-14 15:35:35.131644+02:00,-0.023682350292801857
2026-05-14 15:35:35.147269+02:00,-0.024776257574558258
2026-05-14 15:35:35.162894+02:00,-0.024616198614239693
2026-05-14 15:35:35.178519+02:00,-0.023287422955036163
2026-05-14 15:35:35.194144+02:00,-0.020959941670298576
2026-05-14 15:35:35.209769+02:00,-0.017867859452962875
2026-05-14 15:35:35.225394+02:00,-0.014284943230450153
2026-05-14 15:35:35.241019+02:00,-0.010496744886040688
2026-05-14 15:35:35.256644+02:00,-0.00677280081436038
2026-05-14 15:35:35.272269+02:00,-0.00334347877651453
2026-05-14 15:35:35.287894+02:00,-0.0003824988380074501
2026-05-14 15:35:35.303519+02:00,0.0020046220161020756
2026-05-14 15:35:35.319144+02:00,0.0037849475629627705
2026-05-14 15:35:35.334769+02:00,0.0049936771392822266
2026-05-14 15:35:35.350394+02:00,0.005721035413444042
2026-05-14 15:35:35.366019+02:00,0.006095127202570438
2026-05-14 15:35:35.381644+02:00,0.006265182979404926
2026-05-14 15:35:35.397269+02:00,0.006384714972227812
2026-05-14 15:35:35.412894+02:00,0.006593544967472553
2026-05-14 15:35:35.428519+02:00,0.0070014335215091705
2026-05-14 15:35:35.444144+02:00,0.007676955312490463
2026-05-14 15:35:35.459769+02:00,0.008644383400678635
2026-05-14 15:35:35.475394+02:00,0.009889619424939156
2026-05-14 15:35:35.491019+02:00,0.01137053593993187
2026-05-14 15:35:35.506644+02:00,0.013025728054344654
2026-05-14 15:35:35.522269+02:00,0.014781830832362175
2026-05-14 15:35:35.537894+02:00,0.016560226678848267
2026-05-14 15:35:35.553519+02:00,0.01828077994287014
2026-05-14 15:35:35.569144+02:00,0.019861694425344467
2026-05-14 15:35:35.584769+02:00,0.021214736625552177
2026-05-14 15:35:35.600394+02:00,0.022234374657273293
2026-05-14 15:35:35.616019+02:00,0.02278582751750946
2026-05-14 15:35:35.631644+02:00,0.022703828290104866
2026-05-14 15:35:35.647269+02:00,0.021810337901115417
2026-05-14 15:35:35.662894+02:00,0.019949136301875114
2026-05-14 15:35:35.678519+02:00,0.017028234899044037
2026-05-14 15:35:35.694144+02:00,0.013058100827038288
2026-05-14 15:35:35.709769+02:00,0.008172515779733658
2026-05-14 15:35:35.725394+02:00,0.002624936169013381
2026-05-14 15:35:35.741019+02:00,-0.0032366751693189144
2026-05-14 15:35:35.756644+02:00,-0.009010748006403446
2026-05-14 15:35:35.772269+02:00,-0.014292348176240921
2026-05-14 15:35:35.787894+02:00,-0.018722837790846825
2026-05-14 15:35:35.803519+02:00,-0.022029323503375053
2026-05-14 15:35:35.819144+02:00,-0.02404816821217537
2026-05-14 15:35:35.834769+02:00,-0.02473103255033493
2026-05-14 15:35:35.850394+02:00,-0.02413725107908249
2026-05-14 15:35:35.866019+02:00,-0.022418806329369545
2026-05-14 15:35:35.881644+02:00,-0.019799401983618736
2026-05-14 15:35:35.897269+02:00,-0.01654686965048313
2026-05-14 15:35:35.912894+02:00,-0.012944425456225872
2026-05-14 15:35:35.928519+02:00,-0.009266586974263191
2026-05-14 15:35:35.944144+02:00,-0.005758393090218306
2026-05-14 15:35:35.959769+02:00,-0.002617057878524065
2026-05-14 15:35:35.975394+02:00,1.9978266209363937e-05
2026-05-14 15:35:35.991019+02:00,0.0020800400525331497
2026-05-14 15:35:36.006644+02:00,0.0035567316226661205
2026-05-14 15:35:36.022269+02:00,0.00450684642419219
2026-05-14 15:35:36.037894+02:00,0.005039192736148834
2026-05-14 15:35:36.053519+02:00,0.005296000279486179
2026-05-14 15:35:36.069144+02:00,0.005431080237030983
2026-05-14 15:35:36.084769+02:00,0.005590671673417091
2026-05-14 15:35:36.100394+02:00,0.005899871699512005
2026-05-14 15:35:36.116019+02:00,0.0064523713663220406
2026-05-14 15:35:36.131644+02:00,0.007302772253751755
2026-05-14 15:35:36.147269+02:00,0.00846344418823719
2026-05-14 15:35:36.162894+02:00,0.009906910359859467
2026-05-14 15:35:36.178519+02:00,0.01157497987151146
2026-05-14 15:35:36.194144+02:00,0.01339266262948513
2026-05-14 15:35:36.209769+02:00,0.015278652310371399
2026-05-14 15:35:36.225394+02:00,0.017149239778518677
2026-05-14 15:35:36.241019+02:00,0.018922263756394386
2026-05-14 15:35:36.256644+02:00,0.02052176743745804
2026-05-14 15:35:36.272269+02:00,0.021873943507671356
2026-05-14 15:35:36.287894+02:00,0.02289074845612049
2026-05-14 15:35:36.303519+02:00,0.023450756445527077
2026-05-14 15:35:36.319144+02:00,0.023391496390104294
2026-05-14 15:35:36.334769+02:00,0.022523045539855957
2026-05-14 15:35:36.350394+02:00,0.020664680749177933
2026-05-14 15:35:36.366019+02:00,0.01769535429775715
2026-05-14 15:35:36.381644+02:00,0.013598937541246414
2026-05-14 15:35:36.397269+02:00,0.008489017374813557
2026-05-14 15:35:36.412894+02:00,0.0026105677243322134
2026-05-14 15:35:36.428519+02:00,-0.00368018401786685
2026-05-14 15:35:36.444144+02:00,-0.0099570881575346
2026-05-14 15:35:36.459769+02:00,-0.015780199319124222
2026-05-14 15:35:36.475394+02:00,-0.02075273171067238
2026-05-14 15:35:36.491019+02:00,-0.024566084146499634
2026-05-14 15:35:36.506644+02:00,-0.02702738344669342
2026-05-14 15:35:36.522269+02:00,-0.02806786634027958
2026-05-14 15:35:36.537894+02:00,-0.027734650298953056
2026-05-14 15:35:36.553519+02:00,-0.026173530146479607
2026-05-14 15:35:36.569144+02:00,-0.023608006536960602
2026-05-14 15:35:36.584769+02:00,-0.020314814522862434
2026-05-14 15:35:36.600394+02:00,-0.016595687717199326
2026-05-14 15:35:36.616019+02:00,-0.01274773571640253
2026-05-14 15:35:36.631644+02:00,-0.00903655681759119
2026-05-14 15:35:36.647269+02:00,-0.0056762611493468285
2026-05-14 15:35:36.662894+02:00,-0.002818766050040722
2026-05-14 15:35:36.678519+02:00,-0.0005493595963343978
2026-05-14 15:35:36.694144+02:00,0.001116630737669766
2026-05-14 15:35:36.709769+02:00,0.0022324812598526478
2026-05-14 15:35:36.725394+02:00,0.0029069615993648767
2026-05-14 15:35:36.741019+02:00,0.0032829465344548225
2026-05-14 15:35:36.756644+02:00,0.0035147913731634617
2026-05-14 15:35:36.772269+02:00,0.0037468315567821264
2026-05-14 15:35:36.787894+02:00,0.0040969522669911385
2026-05-14 15:35:36.803519+02:00,0.00465001305565238
2026-05-14 15:35:36.819144+02:00,0.005458581726998091
2026-05-14 15:35:36.834769+02:00,0.006543314084410667
2026-05-14 15:35:36.850394+02:00,0.007892008870840073
2026-05-14 15:35:36.866019+02:00,0.009462694637477398
2026-05-14 15:35:36.881644+02:00,0.011191699653863907
2026-05-14 15:35:36.897269+02:00,0.013003380969166756
2026-05-14 15:35:36.912894+02:00,0.014818958006799221
2026-05-14 15:35:36.928519+02:00,0.01656424254179001
2026-05-14 15:35:36.944144+02:00,0.018176138401031494
2026-05-14 15:35:36.959769+02:00,0.019602887332439423
2026-05-14 15:35:36.975394+02:00,0.020793026313185692
2026-05-14 15:35:36.991019+02:00,0.02167600765824318
2026-05-14 15:35:37.006644+02:00,0.022143086418509483
2026-05-14 15:35:37.022269+02:00,0.022039715200662613
2026-05-14 15:35:37.037894+02:00,0.02117842063307762
2026-05-14 15:35:37.053519+02:00,0.019372012466192245
2026-05-14 15:35:37.069144+02:00,0.01648031175136566
2026-05-14 15:35:37.084769+02:00,0.012458241544663906
2026-05-14 15:35:37.100394+02:00,0.00738906767219305
2026-05-14 15:35:37.116019+02:00,0.0014922581613063812
2026-05-14 15:35:37.131644+02:00,-0.004894672892987728
2026-05-14 15:35:37.147269+02:00,-0.011355928145349026
2026-05-14 15:35:37.162894+02:00,-0.017450639978051186
2026-05-14 15:35:37.178519+02:00,-0.02276763692498207
2026-05-14 15:35:37.194144+02:00,-0.026971671730279922
2026-05-14 15:35:37.209769+02:00,-0.029836656525731087
2026-05-14 15:35:37.225394+02:00,-0.03126315400004387
2026-05-14 15:35:37.241019+02:00,-0.03127780556678772
2026-05-14 15:35:37.256644+02:00,-0.03001752309501171
2026-05-14 15:35:37.272269+02:00,-0.027704507112503052
2026-05-14 15:35:37.287894+02:00,-0.024615954607725143
2026-05-14 15:35:37.303519+02:00,-0.021052055060863495
2026-05-14 15:35:37.319144+02:00,-0.01730736345052719
2026-05-14 15:35:37.334769+02:00,-0.013648422434926033
2026-05-14 15:35:37.350394+02:00,-0.010296586900949478
2026-05-14 15:35:37.366019+02:00,-0.007413986138999462
2026-05-14 15:35:37.381644+02:00,-0.005093698389828205
2026-05-14 15:35:37.397269+02:00,-0.003357850480824709
2026-05-14 15:35:37.412894+02:00,-0.0021643186919391155
2026-05-14 15:35:37.428519+02:00,-0.0014189435169100761
2026-05-14 15:35:37.444144+02:00,-0.0009917127899825573
2026-05-14 15:35:37.459769+02:00,-0.0007360954768955708
2026-05-14 15:35:37.475394+02:00,-0.0005082078278064728
2026-05-14 15:35:37.491019+02:00,-0.0001829792745411396
2026-05-14 15:35:37.506644+02:00,0.0003343094140291214
2026-05-14 15:35:37.522269+02:00,0.0011032484471797943
2026-05-14 15:35:37.537894+02:00,0.0021494091488420963
2026-05-14 15:35:37.553519+02:00,0.00346692418679595
2026-05-14 15:35:37.569144+02:00,0.005021273624151945
2026-05-14 15:35:37.584769+02:00,0.006754604168236256
2026-05-14 15:35:37.600394+02:00,0.008593322709202766
2026-05-14 15:35:37.616019+02:00,0.010456323623657227
2026-05-14 15:35:37.631644+02:00,0.012263796292245388
2026-05-14 15:35:37.647269+02:00,0.013945166021585464
2026-05-14 15:35:37.662894+02:00,0.015442609786987305
2026-05-14 15:35:37.678519+02:00,0.016707736998796463
2026-05-14 15:35:37.694144+02:00,0.01769103854894638
2026-05-14 15:35:37.709769+02:00,0.018324706703424454
2026-05-14 15:35:37.725394+02:00,0.01850542239844799
2026-05-14 15:35:37.741019+02:00,0.018090609461069107
2026-05-14 15:35:37.756644+02:00,0.0169163066893816
2026-05-14 15:35:37.772269+02:00,0.014833172783255577
2026-05-14 15:35:37.787894+02:00,0.011750348843634129
2026-05-14 15:35:37.803519+02:00,0.007674140855669975
2026-05-14 15:35:37.819144+02:00,0.0027292296290397644
2026-05-14 15:35:37.834769+02:00,-0.0028428426012396812
2026-05-14 15:35:37.850394+02:00,-0.008706793189048767
2026-05-14 15:35:37.866019+02:00,-0.01447494886815548
2026-05-14 15:35:37.881644+02:00,-0.019758187234401703
2026-05-14 15:35:37.897269+02:00,-0.024213602766394615
2026-05-14 15:35:37.912894+02:00,-0.027579890564084053
2026-05-14 15:35:37.928519+02:00,-0.02969720959663391
2026-05-14 15:35:37.944144+02:00,-0.0305121261626482
2026-05-14 15:35:37.959769+02:00,-0.030071508139371872
2026-05-14 15:35:37.975394+02:00,-0.028510626405477524
2026-05-14 15:35:37.991019+02:00,-0.02603614702820778
2026-05-14 15:35:38.006644+02:00,-0.02290167659521103
2026-05-14 15:35:38.022269+02:00,-0.019380219280719757
2026-05-14 15:35:38.037894+02:00,-0.015739887952804565
2026-05-14 15:35:38.053519+02:00,-0.012221798300743103
2026-05-14 15:35:38.069144+02:00,-0.009019404649734497
2026-05-14 15:35:38.084769+02:00,-0.006263650022447109
2026-05-14 15:35:38.100394+02:00,-0.004016720224171877
2026-05-14 15:35:38.116019+02:00,-0.002274289960041642
2026-05-14 15:35:38.131644+02:00,-0.0009749957825988531
2026-05-14 15:35:38.147269+02:00,-1.5017576515674591e-05
2026-05-14 15:35:38.162894+02:00,0.0007350384257733822
2026-05-14 15:35:38.178519+02:00,0.0014118445105850697
2026-05-14 15:35:38.194144+02:00,0.0021390817128121853
2026-05-14 15:35:38.209769+02:00,0.003010018030181527
2026-05-14 15:35:38.225394+02:00,0.0040801577270030975
2026-05-14 15:35:38.241019+02:00,0.005369425751268864
2026-05-14 15:35:38.256644+02:00,0.0068678115494549274
2026-05-14 15:35:38.272269+02:00,0.008541612885892391
2026-05-14 15:35:38.287894+02:00,0.010340064764022827
2026-05-14 15:35:38.303519+02:00,0.012201190926134586
2026-05-14 15:35:38.319144+02:00,0.014057988300919533
2026-05-14 15:35:38.334769+02:00,0.015847114846110344
2026-05-14 15:35:38.350394+02:00,0.017516711726784706
2026-05-14 15:35:38.366019+02:00,0.01902880147099495
2026-05-14 15:35:38.381644+02:00,0.020355476066470146
2026-05-14 15:35:38.397269+02:00,0.02146812714636326
2026-05-14 15:35:38.412894+02:00,0.02232000045478344
2026-05-14 15:35:38.428519+02:00,0.022827770560979843
2026-05-14 15:35:38.444144+02:00,0.022862965241074562
2026-05-14 15:35:38.459769+02:00,0.022263050079345703
2026-05-14 15:35:38.475394+02:00,0.020863985642790794
2026-05-14 15:35:38.491019+02:00,0.01854535937309265
2026-05-14 15:35:38.506644+02:00,0.015271779149770737
2026-05-14 15:35:38.522269+02:00,0.011117938905954361
2026-05-14 15:35:38.537894+02:00,0.006273258477449417
2026-05-14 15:35:38.553519+02:00,0.001024775207042694
2026-05-14 15:35:38.569144+02:00,-0.0042790817096829414
2026-05-14 15:35:38.584769+02:00,-0.009274150244891644
2026-05-14 15:35:38.600394+02:00,-0.01362536009401083
2026-05-14 15:35:38.616019+02:00,-0.017063938081264496
2026-05-14 15:35:38.631644+02:00,-0.01941225677728653
2026-05-14 15:35:38.647269+02:00,-0.020594608038663864
2026-05-14 15:35:38.662894+02:00,-0.02063532918691635
2026-05-14 15:35:38.678519+02:00,-0.019646283239126205
2026-05-14 15:35:38.694144+02:00,-0.01780674234032631
2026-05-14 15:35:38.709769+02:00,-0.01534026488661766
2026-05-14 15:35:38.725394+02:00,-0.012491414323449135
2026-05-14 15:35:38.741019+02:00,-0.009503348730504513
2026-05-14 15:35:38.756644+02:00,-0.0065971314907073975
2026-05-14 15:35:38.772269+02:00,-0.003953841049224138
2026-05-14 15:35:38.787894+02:00,-0.0017026737332344055
2026-05-14 15:35:38.803519+02:00,8.270703256130219e-05
2026-05-14 15:35:38.819144+02:00,0.001382538117468357
2026-05-14 15:35:38.834769+02:00,0.0022268081083893776
2026-05-14 15:35:38.850394+02:00,0.002686549909412861
2026-05-14 15:35:38.866019+02:00,0.002859797328710556
2026-05-14 15:35:38.881644+02:00,0.0028576236218214035
2026-05-14 15:35:38.897269+02:00,0.0027942918241024017
2026-05-14 15:35:38.912894+02:00,0.002778795547783375
2026-05-14 15:35:38.928519+02:00,0.0029054591432213783
2026-05-14 15:35:38.944144+02:00,0.0032446738332509995
2026-05-14 15:35:38.959769+02:00,0.003835652954876423
2026-05-14 15:35:38.975394+02:00,0.004684034734964371
2026-05-14 15:35:38.991019+02:00,0.005764885805547237
2026-05-14 15:35:39.006644+02:00,0.007028019987046719
2026-05-14 15:35:39.022269+02:00,0.008404490537941456
2026-05-14 15:35:39.037894+02:00,0.009815523400902748
2026-05-14 15:35:39.053519+02:00,0.011181993409991264
2026-05-14 15:35:39.069144+02:00,0.012431488372385502
2026-05-14 15:35:39.084769+02:00,0.013502661138772964
2026-05-14 15:35:39.100394+02:00,0.014344037510454655
2026-05-14 15:35:39.116019+02:00,0.014902779832482338
2026-05-14 15:35:39.131644+02:00,0.015107681974768639
2026-05-14 15:35:39.147269+02:00,0.014859125018119812
2026-05-14 15:35:39.162894+02:00,0.014036179520189762
2026-05-14 15:35:39.178519+02:00,0.012521674856543541
2026-05-14 15:35:39.194144+02:00,0.010237667709589005
2026-05-14 15:35:39.209769+02:00,0.00717853382229805
2026-05-14 15:35:39.225394+02:00,0.0034299492835998535
2026-05-14 15:35:39.241019+02:00,-0.0008298158645629883
2026-05-14 15:35:39.256644+02:00,-0.005344328470528126
2026-05-14 15:35:39.272269+02:00,-0.009807653725147247
2026-05-14 15:35:39.287894+02:00,-0.013904022052884102
2026-05-14 15:35:39.303519+02:00,-0.01735006272792816
2026-05-14 15:35:39.319144+02:00,-0.01992948353290558
2026-05-14 15:35:39.334769+02:00,-0.021513964980840683
2026-05-14 15:35:39.350394+02:00,-0.022069178521633148
2026-05-14 15:35:39.366019+02:00,-0.021647807210683823
2026-05-14 15:35:39.381644+02:00,-0.020373081788420677
2026-05-14 15:35:39.397269+02:00,-0.01841912604868412
2026-05-14 15:35:39.412894+02:00,-0.015992561355233192
2026-05-14 15:35:39.428519+02:00,-0.013313395902514458
2026-05-14 15:35:39.444144+02:00,-0.010594905354082584
2026-05-14 15:35:39.459769+02:00,-0.008026976138353348
2026-05-14 15:35:39.475394+02:00,-0.005764528177678585
2026-05-14 15:35:39.491019+02:00,-0.003918427042663097
2026-05-14 15:35:39.506644+02:00,-0.0025471607223153114
2026-05-14 15:35:39.522269+02:00,-0.0016521560028195381
2026-05-14 15:35:39.537894+02:00,-0.0011820774525403976
2026-05-14 15:35:39.553519+02:00,-0.00104629248380661
2026-05-14 15:35:39.569144+02:00,-0.0011309068650007248
2026-05-14 15:35:39.584769+02:00,-0.0013122614473104477
2026-05-14 15:35:39.600394+02:00,-0.0014690933749079704
2026-05-14 15:35:39.616019+02:00,-0.0014958977699279785
2026-05-14 15:35:39.631644+02:00,-0.0013150619342923164
2026-05-14 15:35:39.647269+02:00,-0.0008828770369291306
2026-05-14 15:35:39.662894+02:00,-0.0001887613907456398
2026-05-14 15:35:39.678519+02:00,0.0007492518052458763
2026-05-14 15:35:39.694144+02:00,0.0018904833123087883
2026-05-14 15:35:39.709769+02:00,0.003178078681230545
2026-05-14 15:35:39.725394+02:00,0.004545544274151325
2026-05-14 15:35:39.741019+02:00,0.005924432538449764
2026-05-14 15:35:39.756644+02:00,0.007253168150782585
2026-05-14 15:35:39.772269+02:00,0.008482086472213268
2026-05-14 15:35:39.787894+02:00,0.009571065194904804
2026-05-14 15:35:39.803519+02:00,0.010481045581400394
2026-05-14 15:35:39.819144+02:00,0.011160630732774734
2026-05-14 15:35:39.834769+02:00,0.011533048935234547
2026-05-14 15:35:39.850394+02:00,0.011493442580103874
2026-05-14 15:35:39.866019+02:00,0.010920880362391472
2026-05-14 15:35:39.881644+02:00,0.009702479466795921
2026-05-14 15:35:39.897269+02:00,0.007764001376926899
2026-05-14 15:35:39.912894+02:00,0.005098110064864159
2026-05-14 15:35:39.928519+02:00,0.0017820624634623528
2026-05-14 15:35:39.944144+02:00,-0.00201985239982605
2026-05-14 15:35:39.959769+02:00,-0.006071001291275024
2026-05-14 15:35:39.975394+02:00,-0.010090984404087067
2026-05-14 15:35:39.991019+02:00,-0.013791176490485668
2026-05-14 15:35:40.006644+02:00,-0.01691160351037979
2026-05-14 15:35:40.022269+02:00,-0.01925189606845379
2026-05-14 15:35:40.037894+02:00,-0.020688563585281372
2026-05-14 15:35:40.053519+02:00,-0.021179120987653732
2026-05-14 15:35:40.069144+02:00,-0.02075808495283127
2026-05-14 15:35:40.084769+02:00,-0.019526511430740356
2026-05-14 15:35:40.100394+02:00,-0.017636924982070923
2026-05-14 15:35:40.116019+02:00,-0.01527592446655035
2026-05-14 15:35:40.131644+02:00,-0.012644762173295021
2026-05-14 15:35:40.147269+02:00,-0.009939316660165787
2026-05-14 15:35:40.162894+02:00,-0.007332476321607828
2026-05-14 15:35:40.178519+02:00,-0.004961162805557251
2026-05-14 15:35:40.194144+02:00,-0.0029195151291787624
2026-05-14 15:35:40.209769+02:00,-0.0012580552138388157
2026-05-14 15:35:40.225394+02:00,1.4682300388813019e-05
2026-05-14 15:35:40.241019+02:00,0.0009294752962887287
2026-05-14 15:35:40.256644+02:00,0.0015492909587919712
2026-05-14 15:35:40.272269+02:00,0.001957399770617485
2026-05-14 15:35:40.287894+02:00,0.0022448557429015636
2026-05-14 15:35:40.303519+02:00,0.002500362228602171
2026-05-14 15:35:40.319144+02:00,0.0028020981699228287
2026-05-14 15:35:40.334769+02:00,0.003210101742297411
2026-05-14 15:35:40.350394+02:00,0.003760684747248888
2026-05-14 15:35:40.366019+02:00,0.004464555531740189
2026-05-14 15:35:40.381644+02:00,0.005308608990162611
2026-05-14 15:35:40.397269+02:00,0.006261128466576338
2026-05-14 15:35:40.412894+02:00,0.007278706878423691
2026-05-14 15:35:40.428519+02:00,0.008312584832310677
2026-05-14 15:35:40.444144+02:00,0.009313041344285011
2026-05-14 15:35:40.459769+02:00,0.010232632979750633
2026-05-14 15:35:40.475394+02:00,0.011030943132936954
2026-05-14 15:35:40.491019+02:00,0.011679047718644142
2026-05-14 15:35:40.506644+02:00,0.012156225740909576
2026-05-14 15:35:40.522269+02:00,0.012436775490641594
2026-05-14 15:35:40.537894+02:00,0.01247568428516388
2026-05-14 15:35:40.553519+02:00,0.012203535065054893
2026-05-14 15:35:40.569144+02:00,0.011534367688000202
2026-05-14 15:35:40.584769+02:00,0.010384377092123032
2026-05-14 15:35:40.600394+02:00,0.00869718473404646
2026-05-14 15:35:40.616019+02:00,0.006469424348324537
2026-05-14 15:35:40.631644+02:00,0.0037665278650820255
2026-05-14 15:35:40.647269+02:00,0.0007215342484414577
2026-05-14 15:35:40.662894+02:00,-0.0024794507771730423
2026-05-14 15:35:40.678519+02:00,-0.005619038362056017
2026-05-14 15:35:40.694144+02:00,-0.00847591832280159
2026-05-14 15:35:40.709769+02:00,-0.010853825137019157
2026-05-14 15:35:40.725394+02:00,-0.012605197727680206
2026-05-14 15:35:40.741019+02:00,-0.013644864782691002
2026-05-14 15:35:40.756644+02:00,-0.013952674344182014
2026-05-14 15:35:40.772269+02:00,-0.013568108901381493
2026-05-14 15:35:40.787894+02:00,-0.01257992722094059
2026-05-14 15:35:40.803519+02:00,-0.011112211272120476
2026-05-14 15:35:40.819144+02:00,-0.009310451336205006
2026-05-14 15:35:40.834769+02:00,-0.007329854182898998
2026-05-14 15:35:40.850394+02:00,-0.005323536694049835
2026-05-14 15:35:40.866019+02:00,-0.0034294489305466413
2026-05-14 15:35:40.881644+02:00,-0.0017590514617040753
2026-05-14 15:35:40.897269+02:00,-0.0003899643197655678
2026-05-14 15:35:40.912894+02:00,0.0006383720319718122
2026-05-14 15:35:40.928519+02:00,0.0013248708564788103
2026-05-14 15:35:40.944144+02:00,0.0017033449839800596
2026-05-14 15:35:40.959769+02:00,0.00183846615254879
2026-05-14 15:35:40.975394+02:00,0.0018173079006373882
2026-05-14 15:35:40.991019+02:00,0.0017344928346574306
2026-05-14 15:35:41.006644+02:00,0.0016782388556748629
2026-05-14 15:35:41.022269+02:00,0.0017203905154019594
2026-05-14 15:35:41.037894+02:00,0.0019088925328105688
2026-05-14 15:35:41.053519+02:00,0.002265447750687599
2026-05-14 15:35:41.069144+02:00,0.002788892714306712
2026-05-14 15:35:41.084769+02:00,0.003460407955572009
2026-05-14 15:35:41.100394+02:00,0.004248923622071743
2026-05-14 15:35:41.116019+02:00,0.005115949548780918
2026-05-14 15:35:41.131644+02:00,0.006019039079546928
2026-05-14 15:35:41.147269+02:00,0.00691504031419754
2026-05-14 15:35:41.162894+02:00,0.007762702647596598
2026-05-14 15:35:41.178519+02:00,0.008520836010575294
2026-05-14 15:35:41.194144+02:00,0.009140709415078163
2026-05-14 15:35:41.209769+02:00,0.009557310491800308
2026-05-14 15:35:41.225394+02:00,0.009686017408967018
2026-05-14 15:35:41.241019+02:00,0.009429448284208775
2026-05-14 15:35:41.256644+02:00,0.008695680648088455
2026-05-14 15:35:41.272269+02:00,0.007423766888678074
2026-05-14 15:35:41.287894+02:00,0.005607697181403637
2026-05-14 15:35:41.303519+02:00,0.0033084528986364603
2026-05-14 15:35:41.319144+02:00,0.0006505264900624752
2026-05-14 15:35:41.334769+02:00,-0.0021925100591033697
2026-05-14 15:35:41.350394+02:00,-0.005018830765038729
2026-05-14 15:35:41.366019+02:00,-0.007621408440172672
2026-05-14 15:35:41.381644+02:00,-0.009809363633394241
2026-05-14 15:35:41.397269+02:00,-0.01142814476042986
2026-05-14 15:35:41.412894+02:00,-0.012377375736832619
2026-05-14 15:35:41.428519+02:00,-0.012620302848517895
2026-05-14 15:35:41.444144+02:00,-0.012183262035250664
2026-05-14 15:35:41.459769+02:00,-0.01114825438708067
2026-05-14 15:35:41.475394+02:00,-0.009639834985136986
2026-05-14 15:35:41.491019+02:00,-0.0078084878623485565
2026-05-14 15:35:41.506644+02:00,-0.005814981181174517
2026-05-14 15:35:41.522269+02:00,-0.0038158793468028307
2026-05-14 15:35:41.537894+02:00,-0.0019486012170091271
2026-05-14 15:35:41.553519+02:00,-0.00032008811831474304
2026-05-14 15:35:41.569144+02:00,0.0009982675546780229
2026-05-14 15:35:41.584769+02:00,0.001972994999960065
2026-05-14 15:35:41.600394+02:00,0.002609398914501071
2026-05-14 15:35:41.616019+02:00,0.0029482950922101736
2026-05-14 15:35:41.631644+02:00,0.0030569788068532944
2026-05-14 15:35:41.647269+02:00,0.003016400383785367
2026-05-14 15:35:41.662894+02:00,0.002909598173573613
2026-05-14 15:35:41.678519+02:00,0.0028143005911260843
2026-05-14 15:35:41.694144+02:00,0.002798240864649415
2026-05-14 15:35:41.709769+02:00,0.0029137134552001953
2026-05-14 15:35:41.725394+02:00,0.003190588904544711
2026-05-14 15:35:41.741019+02:00,0.003631564090028405
2026-05-14 15:35:41.756644+02:00,0.004213385283946991
2026-05-14 15:35:41.772269+02:00,0.0048942891880869865
2026-05-14 15:35:41.787894+02:00,0.0056239524856209755
2026-05-14 15:35:41.803519+02:00,0.006351163145154715
2026-05-14 15:35:41.819144+02:00,0.007028514519333839
2026-05-14 15:35:41.834769+02:00,0.007614907808601856
2026-05-14 15:35:41.850394+02:00,0.008073416538536549
2026-05-14 15:35:41.866019+02:00,0.008364141918718815
2026-05-14 15:35:41.881644+02:00,0.00843814853578806
2026-05-14 15:35:41.897269+02:00,0.008238612674176693
2026-05-14 15:35:41.912894+02:00,0.0077093252912163734
2026-05-14 15:35:41.928519+02:00,0.006807457655668259
2026-05-14 15:35:41.944144+02:00,0.005517960526049137
2026-05-14 15:35:41.959769+02:00,0.0038651488721370697
2026-05-14 15:35:41.975394+02:00,0.0019159580115228891
2026-05-14 15:35:41.991019+02:00,-0.0002250658581033349
2026-05-14 15:35:42.006644+02:00,-0.002425467362627387
2026-05-14 15:35:42.022269+02:00,-0.004538502544164658
2026-05-14 15:35:42.037894+02:00,-0.006420505698770285
2026-05-14 15:35:42.053519+02:00,-0.007949314080178738
2026-05-14 15:35:42.069144+02:00,-0.009038859978318214
2026-05-14 15:35:42.084769+02:00,-0.009645108133554459
2026-05-14 15:35:42.100394+02:00,-0.009763769805431366
2026-05-14 15:35:42.116019+02:00,-0.00942535512149334
2026-05-14 15:35:42.131644+02:00,-0.008690913207828999
2026-05-14 15:35:42.147269+02:00,-0.007646584417670965
2026-05-14 15:35:42.162894+02:00,-0.0063951523043215275
2026-05-14 15:35:42.178519+02:00,-0.0050463550724089146
2026-05-14 15:35:42.194144+02:00,-0.0037071537226438522
2026-05-14 15:35:42.209769+02:00,-0.0024710872676223516
2026-05-14 15:35:42.225394+02:00,-0.001407521776854992
2026-05-14 15:35:42.241019+02:00,-0.0005545412423089147
2026-05-14 15:35:42.256644+02:00,8.044380228966475e-05
2026-05-14 15:35:42.272269+02:00,0.0005137234693393111
2026-05-14 15:35:42.287894+02:00,0.0007785100024193525
2026-05-14 15:35:42.303519+02:00,0.0009203347726725042
2026-05-14 15:35:42.319144+02:00,0.0009919180301949382
2026-05-14 15:35:42.334769+02:00,0.0010472344001755118
2026-05-14 15:35:42.350394+02:00,0.0011357234325259924
2026-05-14 15:35:42.366019+02:00,0.0012970210518687963
2026-05-14 15:35:42.381644+02:00,0.00155684445053339
2026-05-14 15:35:42.397269+02:00,0.001925219432450831
2026-05-14 15:35:42.412894+02:00,0.0023979544639587402
2026-05-14 15:35:42.428519+02:00,0.0029601878486573696
2026-05-14 15:35:42.444144+02:00,0.003589663188904524
2026-05-14 15:35:42.459769+02:00,0.004259086679667234
2026-05-14 15:35:42.475394+02:00,0.004939021542668343
2026-05-14 15:35:42.491019+02:00,0.00560124684125185
2026-05-14 15:35:42.506644+02:00,0.006220368668437004
2026-05-14 15:35:42.522269+02:00,0.006772425025701523
2026-05-14 15:35:42.537894+02:00,0.007229636888951063
2026-05-14 15:35:42.553519+02:00,0.007551670074462891
2026-05-14 15:35:42.569144+02:00,0.0076784356497228146
2026-05-14 15:35:42.584769+02:00,0.007531740237027407
2026-05-14 15:35:42.600394+02:00,0.007029572036117315
2026-05-14 15:35:42.616019+02:00,0.006109573412686586
2026-05-14 15:35:42.631644+02:00,0.004751167725771666
2026-05-14 15:35:42.647269+02:00,0.0029876544140279293
2026-05-14 15:35:42.662894+02:00,0.000907577748876065
2026-05-14 15:35:42.678519+02:00,-0.0013536314945667982
2026-05-14 15:35:42.694144+02:00,-0.003631334053352475
2026-05-14 15:35:42.709769+02:00,-0.005755279213190079
2026-05-14 15:35:42.725394+02:00,-0.007572809234261513
2026-05-14 15:35:42.741019+02:00,-0.008965530432760715
2026-05-14 15:35:42.756644+02:00,-0.009858356788754463
2026-05-14 15:35:42.772269+02:00,-0.01022331789135933
2026-05-14 15:35:42.787894+02:00,-0.010078399442136288
2026-05-14 15:35:42.803519+02:00,-0.00948079489171505
2026-05-14 15:35:42.819144+02:00,-0.008516300469636917
2026-05-14 15:35:42.834769+02:00,-0.007287150248885155
2026-05-14 15:35:42.850394+02:00,-0.005899743642657995
2026-05-14 15:35:42.866019+02:00,-0.004454930312931538
2026-05-14 15:35:42.881644+02:00,-0.003041896503418684
2026-05-14 15:35:42.897269+02:00,-0.00173287489451468
2026-05-14 15:35:42.912894+02:00,-0.0005782705266028643
2026-05-14 15:35:42.928519+02:00,0.0003950381651520729
2026-05-14 15:35:42.944144+02:00,0.001181970234028995
2026-05-14 15:35:42.959769+02:00,0.0017954856157302856
2026-05-14 15:35:42.975394+02:00,0.002261323854327202
2026-05-14 15:35:42.991019+02:00,0.0026122534181922674
2026-05-14 15:35:43.006644+02:00,0.0028829569928348064
2026-05-14 15:35:43.022269+02:00,0.003106019925326109
2026-05-14 15:35:43.037894+02:00,0.0033089923672378063
2026-05-14 15:35:43.053519+02:00,0.0035122823901474476
2026-05-14 15:35:43.069144+02:00,0.0037283143028616905
2026-05-14 15:35:43.084769+02:00,0.003962305840104818
2026-05-14 15:35:43.100394+02:00,0.004214464221149683
2026-05-14 15:35:43.116019+02:00,0.004482104443013668
2026-05-14 15:35:43.131644+02:00,0.004759719129651785
2026-05-14 15:35:43.147269+02:00,0.005038579925894737
2026-05-14 15:35:43.162894+02:00,0.005309081170707941
2026-05-14 15:35:43.178519+02:00,0.00556478975340724
2026-05-14 15:35:43.194144+02:00,0.005804003216326237
2026-05-14 15:35:43.209769+02:00,0.006027428898960352
2026-05-14 15:35:43.225394+02:00,0.006232511252164841
2026-05-14 15:35:43.241019+02:00,0.006403589621186256
2026-05-14 15:35:43.256644+02:00,0.0065015945583581924
2026-05-14 15:35:43.272269+02:00,0.006462203338742256
2026-05-14 15:35:43.287894+02:00,0.006206652149558067
2026-05-14 15:35:43.303519+02:00,0.005660917144268751
2026-05-14 15:35:43.319144+02:00,0.00477577792480588
2026-05-14 15:35:43.334769+02:00,0.0035429049748927355
2026-05-14 15:35:43.350394+02:00,0.0020034166518598795
2026-05-14 15:35:43.366019+02:00,0.00024469237541779876
2026-05-14 15:35:43.381644+02:00,-0.0016129156574606895
2026-05-14 15:35:43.397269+02:00,-0.00343262474052608
2026-05-14 15:35:43.412894+02:00,-0.005078059621155262
2026-05-14 15:35:43.428519+02:00,-0.006430231966078281
2026-05-14 15:35:43.444144+02:00,-0.007401872891932726
2026-05-14 15:35:43.459769+02:00,-0.007945602759718895
2026-05-14 15:35:43.475394+02:00,-0.008055302314460278
2026-05-14 15:35:43.491019+02:00,-0.007762555964291096
2026-05-14 15:35:43.506644+02:00,-0.00712922727689147
2026-05-14 15:35:43.522269+02:00,-0.006236976478248835
2026-05-14 15:35:43.537894+02:00,-0.005176900885999203
2026-05-14 15:35:43.553519+02:00,-0.004041388630867004
2026-05-14 15:35:43.569144+02:00,-0.0029169670306146145
2026-05-14 15:35:43.584769+02:00,-0.0018771529430523515
2026-05-14 15:35:43.600394+02:00,-0.0009763060370460153
2026-05-14 15:35:43.616019+02:00,-0.00024680059868842363
2026-05-14 15:35:43.631644+02:00,0.00029967131558805704
2026-05-14 15:35:43.647269+02:00,0.0006702822865918279
2026-05-14 15:35:43.662894+02:00,0.0008896911167539656
2026-05-14 15:35:43.678519+02:00,0.000995575450360775
2026-05-14 15:35:43.694144+02:00,0.001032160478644073
2026-05-14 15:35:43.709769+02:00,0.0010446351952850819
2026-05-14 15:35:43.725394+02:00,0.001073741470463574
2026-05-14 15:35:43.741019+02:00,0.0011506072478368878
2026-05-14 15:35:43.756644+02:00,0.0012942433822900057
2026-05-14 15:35:43.772269+02:00,0.0015123409684747458
2026-05-14 15:35:43.787894+02:00,0.0018034488894045353
2026-05-14 15:35:43.803519+02:00,0.00215972401201725
2026-05-14 15:35:43.819144+02:00,0.0025696437805891037
2026-05-14 15:35:43.834769+02:00,0.003018316812813282
2026-05-14 15:35:43.850394+02:00,0.0034862346947193146
2026-05-14 15:35:43.866019+02:00,0.003951129503548145
2026-05-14 15:35:43.881644+02:00,0.0043925815261900425
2026-05-14 15:35:43.897269+02:00,0.004793673753738403
2026-05-14 15:35:43.912894+02:00,0.005138913635164499
2026-05-14 15:35:43.928519+02:00,0.005411053542047739
2026-05-14 15:35:43.944144+02:00,0.005585088394582272
2026-05-14 15:35:43.959769+02:00,0.005620475392788649
2026-05-14 15:35:43.975394+02:00,0.005459727253764868
2026-05-14 15:35:43.991019+02:00,0.005037476774305105
2026-05-14 15:35:44.006644+02:00,0.004297222942113876
2026-05-14 15:35:44.022269+02:00,0.003211057046428323
2026-05-14 15:35:44.037894+02:00,0.001794532872736454
2026-05-14 15:35:44.053519+02:00,0.00011023174738511443
2026-05-14 15:35:44.069144+02:00,-0.0017393501475453377
2026-05-14 15:35:44.084769+02:00,-0.0036259954795241356
2026-05-14 15:35:44.100394+02:00,-0.0054124812595546246
2026-05-14 15:35:44.116019+02:00,-0.006968073546886444
2026-05-14 15:35:44.131644+02:00,-0.008183282800018787
2026-05-14 15:35:44.147269+02:00,-0.008983219973742962
2026-05-14 15:35:44.162894+02:00,-0.009334961883723736
2026-05-14 15:35:44.178519+02:00,-0.00924744177609682
2026-05-14 15:35:44.194144+02:00,-0.008765634149312973
2026-05-14 15:35:44.209769+02:00,-0.007960929535329342
2026-05-14 15:35:44.225394+02:00,-0.0069214096292853355
2026-05-14 15:35:44.241019+02:00,-0.005743945483118296
2026-05-14 15:35:44.256644+02:00,-0.004526109900325537
2026-05-14 15:35:44.272269+02:00,-0.0033571720123291016
2026-05-14 15:35:44.287894+02:00,-0.002310134470462799
2026-05-14 15:35:44.303519+02:00,-0.0014366322429850698
2026-05-14 15:35:44.319144+02:00,-0.0007644301513209939
2026-05-14 15:35:44.334769+02:00,-0.00029738899320364
2026-05-14 15:35:44.350394+02:00,-1.932191662490368e-05
2026-05-14 15:35:44.366019+02:00,0.00010043545626103878
2026-05-14 15:35:44.381644+02:00,0.00010384724009782076
2026-05-14 15:35:44.397269+02:00,4.0989136323332787e-05
2026-05-14 15:35:44.412894+02:00,-3.703939728438854e-05
2026-05-14 15:35:44.428519+02:00,-8.601078297942877e-05
2026-05-14 15:35:44.444144+02:00,-7.32101034373045e-05
2026-05-14 15:35:44.459769+02:00,2.087140455842018e-05
2026-05-14 15:35:44.475394+02:00,0.00020346965175122023
2026-05-14 15:35:44.491019+02:00,0.0004727176856249571
2026-05-14 15:35:44.506644+02:00,0.00082048075273633
2026-05-14 15:35:44.522269+02:00,0.0012337439693510532
2026-05-14 15:35:44.537894+02:00,0.0016957393381744623
2026-05-14 15:35:44.553519+02:00,0.002186710247769952
2026-05-14 15:35:44.569144+02:00,0.0026835764292627573
2026-05-14 15:35:44.584769+02:00,0.0031607570126652718
2026-05-14 15:35:44.600394+02:00,0.0035917037166655064
2026-05-14 15:35:44.616019+02:00,0.003945666365325451
2026-05-14 15:35:44.631644+02:00,0.004181183874607086
2026-05-14 15:35:44.647269+02:00,0.0042441533878445625
2026-05-14 15:35:44.662894+02:00,0.004073391668498516
2026-05-14 15:35:44.678519+02:00,0.0036117243580520153
2026-05-14 15:35:44.694144+02:00,0.0028197732754051685
2026-05-14 15:35:44.709769+02:00,0.0016892513958737254
2026-05-14 15:35:44.725394+02:00,0.00025210133753716946
2026-05-14 15:35:44.741019+02:00,-0.0014176982222124934
2026-05-14 15:35:44.756644+02:00,-0.003211191389709711
2026-05-14 15:35:44.772269+02:00,-0.004998801276087761
2026-05-14 15:35:44.787894+02:00,-0.006646954454481602
2026-05-14 15:35:44.803519+02:00,-0.008033525198698044
2026-05-14 15:35:44.819144+02:00,-0.00906085129827261
2026-05-14 15:35:44.834769+02:00,-0.0096637774258852
2026-05-14 15:35:44.850394+02:00,-0.00981352012604475
2026-05-14 15:35:44.866019+02:00,-0.00951957143843174
2026-05-14 15:35:44.881644+02:00,-0.00882725790143013
2026-05-14 15:35:44.897269+02:00,-0.007810250855982304
2026-05-14 15:35:44.912894+02:00,-0.006561025977134705
2026-05-14 15:35:44.928519+02:00,-0.00518113374710083
2026-05-14 15:35:44.944144+02:00,-0.0037723733112215996
2026-05-14 15:35:44.959769+02:00,-0.0024288217537105083
2026-05-14 15:35:44.975394+02:00,-0.0012286659330129623
2026-05-14 15:35:44.991019+02:00,-0.00022807391360402107
2026-05-14 15:35:45.006644+02:00,0.0005406741984188557
2026-05-14 15:35:45.022269+02:00,0.0010697226971387863
2026-05-14 15:35:45.037894+02:00,0.0013760514557361603
2026-05-14 15:35:45.053519+02:00,0.0014986633323132992
2026-05-14 15:35:45.069144+02:00,0.0014919103123247623
2026-05-14 15:35:45.084769+02:00,0.001417709980159998
2026-05-14 15:35:45.100394+02:00,0.0013385983183979988
2026-05-14 15:35:45.116019+02:00,0.0013113594613969326
2026-05-14 15:35:45.131644+02:00,0.0013813027180731297
2026-05-14 15:35:45.147269+02:00,0.0015784911811351776
2026-05-14 15:35:45.162894+02:00,0.0019164346158504486
2026-05-14 15:35:45.178519+02:00,0.0023932689800858498
2026-05-14 15:35:45.194144+02:00,0.0029940928798168898
2026-05-14 15:35:45.209769+02:00,0.0036915880627930164
2026-05-14 15:35:45.225394+02:00,0.004447365645319223
2026-05-14 15:35:45.241019+02:00,0.0052174730226397514
2026-05-14 15:35:45.256644+02:00,0.005957614630460739
2026-05-14 15:35:45.272269+02:00,0.0066253412514925
2026-05-14 15:35:45.287894+02:00,0.0071797799319028854
2026-05-14 15:35:45.303519+02:00,0.007575933821499348
2026-05-14 15:35:45.319144+02:00,0.007758048828691244
2026-05-14 15:35:45.334769+02:00,0.007662524003535509
2026-05-14 15:35:45.350394+02:00,0.007229638285934925
2026-05-14 15:35:45.366019+02:00,0.006416745018213987
2026-05-14 15:35:45.381644+02:00,0.005210387520492077
2026-05-14 15:35:45.397269+02:00,0.0036362088285386562
2026-05-14 15:35:45.412894+02:00,0.0017636592965573072
2026-05-14 15:35:45.428519+02:00,-0.0002967054024338722
2026-05-14 15:35:45.444144+02:00,-0.0024044793099164963
2026-05-14 15:35:45.459769+02:00,-0.0044073862954974174
2026-05-14 15:35:45.475394+02:00,-0.006160369608551264
2026-05-14 15:35:45.491019+02:00,-0.007542857900261879
2026-05-14 15:35:45.506644+02:00,-0.008472926914691925
2026-05-14 15:35:45.522269+02:00,-0.008914357051253319
2026-05-14 15:35:45.537894+02:00,-0.008874226361513138
2026-05-14 15:35:45.553519+02:00,-0.008394164964556694
2026-05-14 15:35:45.569144+02:00,-0.007541979197412729
2026-05-14 15:35:45.584769+02:00,-0.006405621767044067
2026-05-14 15:35:45.600394+02:00,-0.005085653159767389
2026-05-14 15:35:45.616019+02:00,-0.0036854431964457035
2026-05-14 15:35:45.631644+02:00,-0.0023028207942843437
2026-05-14 15:35:45.647269+02:00,-0.0010249707847833633
2026-05-14 15:35:45.662894+02:00,7.758196443319321e-05
2026-05-14 15:35:45.678519+02:00,0.0009602056816220284
2026-05-14 15:35:45.694144+02:00,0.0016103698872029781
2026-05-14 15:35:45.709769+02:00,0.002045325469225645
2026-05-14 15:35:45.725394+02:00,0.002304015215486288
2026-05-14 15:35:45.741019+02:00,0.0024386411532759666
2026-05-14 15:35:45.756644+02:00,0.0025077047757804394
2026-05-14 15:35:45.772269+02:00,0.002569921314716339
2026-05-14 15:35:45.787894+02:00,0.0026775840669870377
2026-05-14 15:35:45.803519+02:00,0.0028695063665509224
2026-05-14 15:35:45.819144+02:00,0.003167790360748768
2026-05-14 15:35:45.834769+02:00,0.003580742981284857
2026-05-14 15:35:45.850394+02:00,0.0041072615422308445
2026-05-14 15:35:45.866019+02:00,0.00473781256005168
2026-05-14 15:35:45.881644+02:00,0.005452975630760193
2026-05-14 15:35:45.897269+02:00,0.006222787778824568
2026-05-14 15:35:45.912894+02:00,0.007009201217442751
2026-05-14 15:35:45.928519+02:00,0.007772274315357208
2026-05-14 15:35:45.944144+02:00,0.008475922979414463
2026-05-14 15:35:45.959769+02:00,0.009087255224585533
2026-05-14 15:35:45.975394+02:00,0.009569196961820126
2026-05-14 15:35:45.991019+02:00,0.009871970862150192
2026-05-14 15:35:46.006644+02:00,0.009929846972227097
2026-05-14 15:35:46.022269+02:00,0.009665865451097488
2026-05-14 15:35:46.037894+02:00,0.009003875777125359
2026-05-14 15:35:46.053519+02:00,0.007886231876909733
2026-05-14 15:35:46.069144+02:00,0.006292772013694048
2026-05-14 15:35:46.084769+02:00,0.004254309460520744
2026-05-14 15:35:46.100394+02:00,0.001855933340266347
2026-05-14 15:35:46.116019+02:00,-0.0007695839740335941
2026-05-14 15:35:46.131644+02:00,-0.00345606729388237
2026-05-14 15:35:46.147269+02:00,-0.006024088244885206
2026-05-14 15:35:46.162894+02:00,-0.008302465081214905
2026-05-14 15:35:46.178519+02:00,-0.010146945714950562
2026-05-14 15:35:46.194144+02:00,-0.01145461481064558
2026-05-14 15:35:46.209769+02:00,-0.012171371839940548
2026-05-14 15:35:46.225394+02:00,-0.012292210012674332
2026-05-14 15:35:46.241019+02:00,-0.011857627891004086
2026-05-14 15:35:46.256644+02:00,-0.010947225615382195
2026-05-14 15:35:46.272269+02:00,-0.009669916704297066
2026-05-14 15:35:46.287894+02:00,-0.008150463923811913
2026-05-14 15:35:46.303519+02:00,-0.006514158099889755
2026-05-14 15:35:46.319144+02:00,-0.0048738447949290276
2026-05-14 15:35:46.334769+02:00,-0.0033225053921341896
2026-05-14 15:35:46.350394+02:00,-0.001931820996105671
2026-05-14 15:35:46.366019+02:00,-0.0007528038695454597
2026-05-14 15:35:46.381644+02:00,0.00018517300486564636
2026-05-14 15:35:46.397269+02:00,0.0008762595243752003
2026-05-14 15:35:46.412894+02:00,0.0013392786495387554
2026-05-14 15:35:46.428519+02:00,0.0016153655014932156
2026-05-14 15:35:46.444144+02:00,0.0017598220147192478
2026-05-14 15:35:46.459769+02:00,0.0018315003253519535
2026-05-14 15:35:46.475394+02:00,0.00188502948731184
2026-05-14 15:35:46.491019+02:00,0.001967167481780052
2026-05-14 15:35:46.506644+02:00,0.0021160319447517395
2026-05-14 15:35:46.522269+02:00,0.002361107151955366
2026-05-14 15:35:46.537894+02:00,0.0027220984920859337
2026-05-14 15:35:46.553519+02:00,0.0032080807723104954
2026-05-14 15:35:46.569144+02:00,0.0038182418793439865
2026-05-14 15:35:46.584769+02:00,0.004542105831205845
2026-05-14 15:35:46.600394+02:00,0.005359186790883541
2026-05-14 15:35:46.616019+02:00,0.006240678019821644
2026-05-14 15:35:46.631644+02:00,0.007152713369578123
2026-05-14 15:35:46.647269+02:00,0.008056976832449436
2026-05-14 15:35:46.662894+02:00,0.008906332775950432
2026-05-14 15:35:46.678519+02:00,0.009639562107622623
2026-05-14 15:35:46.694144+02:00,0.010179348289966583
2026-05-14 15:35:46.709769+02:00,0.010433881543576717
2026-05-14 15:35:46.725394+02:00,0.01030423678457737
2026-05-14 15:35:46.741019+02:00,0.009699787013232708
2026-05-14 15:35:46.756644+02:00,0.00855865329504013
2026-05-14 15:35:46.772269+02:00,0.006867128424346447
2026-05-14 15:35:46.787894+02:00,0.004672798328101635
2026-05-14 15:35:46.803519+02:00,0.0020866708364337683
2026-05-14 15:35:46.819144+02:00,-0.0007280404679477215
2026-05-14 15:35:46.834769+02:00,-0.003576784860342741
2026-05-14 15:35:46.850394+02:00,-0.006257741712033749
2026-05-14 15:35:46.866019+02:00,-0.008584832772612572
2026-05-14 15:35:46.881644+02:00,-0.010407754220068455
2026-05-14 15:35:46.897269+02:00,-0.011627019383013248
2026-05-14 15:35:46.912894+02:00,-0.012200956232845783
2026-05-14 15:35:46.928519+02:00,-0.012143968604505062
2026-05-14 15:35:46.944144+02:00,-0.011518282815814018
2026-05-14 15:35:46.959769+02:00,-0.010422779247164726
2026-05-14 15:35:46.975394+02:00,-0.00898197665810585
2026-05-14 15:35:46.991019+02:00,-0.0073340474627912045
2026-05-14 15:35:47.006644+02:00,-0.005616534035652876
2026-05-14 15:35:47.022269+02:00,-0.003952256869524717
2026-05-14 15:35:47.037894+02:00,-0.0024382229894399643
2026-05-14 15:35:47.053519+02:00,-0.0011394578032195568
2026-05-14 15:35:47.069144+02:00,-8.810684084892273e-05
2026-05-14 15:35:47.084769+02:00,0.0007144822739064693
2026-05-14 15:35:47.100394+02:00,0.0012945616617798805
2026-05-14 15:35:47.116019+02:00,0.0017008967697620392
2026-05-14 15:35:47.131644+02:00,0.0019972389563918114
2026-05-14 15:35:47.147269+02:00,0.002253154292702675
2026-05-14 15:35:47.162894+02:00,0.0025340463034808636
2026-05-14 15:35:47.178519+02:00,0.0028922748751938343
2026-05-14 15:35:47.194144+02:00,0.003360858652740717
2026-05-14 15:35:47.209769+02:00,0.003950963728129864
2026-05-14 15:35:47.225394+02:00,0.004654593765735626
2026-05-14 15:35:47.241019+02:00,0.005450573284178972
2026-05-14 15:35:47.256644+02:00,0.006309812422841787
2026-05-14 15:35:47.272269+02:00,0.007197604514658451
2026-05-14 15:35:47.287894+02:00,0.008074834942817688
2026-05-14 15:35:47.303519+02:00,0.008902374655008316
2026-05-14 15:35:47.319144+02:00,0.009647829458117485
2026-05-14 15:35:47.334769+02:00,0.010289543308317661
2026-05-14 15:35:47.350394+02:00,0.010815422050654888
2026-05-14 15:35:47.366019+02:00,0.011215390637516975
2026-05-14 15:35:47.381644+02:00,0.011468005366623402
2026-05-14 15:35:47.397269+02:00,0.011527902446687222
2026-05-14 15:35:47.412894+02:00,0.011322246864438057
2026-05-14 15:35:47.428519+02:00,0.01075874175876379
2026-05-14 15:35:47.444144+02:00,0.009743967093527317
2026-05-14 15:35:47.459769+02:00,0.008208795450627804
2026-05-14 15:35:47.475394+02:00,0.00613299710676074
2026-05-14 15:35:47.491019+02:00,0.0035610615741461515
2026-05-14 15:35:47.506644+02:00,0.0006057806313037872
2026-05-14 15:35:47.522269+02:00,-0.0025620467495173216
2026-05-14 15:35:47.537894+02:00,-0.00573548162356019
2026-05-14 15:35:47.553519+02:00,-0.00869786273688078
2026-05-14 15:35:47.569144+02:00,-0.011248128488659859
2026-05-14 15:35:47.584769+02:00,-0.01322250533849001
2026-05-14 15:35:47.600394+02:00,-0.014510462060570717
2026-05-14 15:35:47.616019+02:00,-0.015062940306961536
2026-05-14 15:35:47.631644+02:00,-0.014892738312482834
2026-05-14 15:35:47.647269+02:00,-0.014068848453462124
2026-05-14 15:35:47.662894+02:00,-0.012706735171377659
2026-05-14 15:35:47.678519+02:00,-0.01095521729439497
2026-05-14 15:35:47.694144+02:00,-0.00898031983524561
2026-05-14 15:35:47.709769+02:00,-0.006948594935238361
2026-05-14 15:35:47.725394+02:00,-0.005012486129999161
2026-05-14 15:35:47.741019+02:00,-0.003297241171821952
2026-05-14 15:35:47.756644+02:00,-0.0018897722475230694
2026-05-14 15:35:47.772269+02:00,-0.0008324903901666403
2026-05-14 15:35:47.787894+02:00,-0.000123701523989439
2026-05-14 15:35:47.803519+02:00,0.00027630850672721863
2026-05-14 15:35:47.819144+02:00,0.0004356652498245239
2026-05-14 15:35:47.834769+02:00,0.0004403244238346815
2026-05-14 15:35:47.850394+02:00,0.0003832706715911627
2026-05-14 15:35:47.866019+02:00,0.0003522664774209261
2026-05-14 15:35:47.881644+02:00,0.0004183035343885422
2026-05-14 15:35:47.897269+02:00,0.0006301477551460266
2026-05-14 15:35:47.912894+02:00,0.0010149212321266532
2026-05-14 15:35:47.928519+02:00,0.001581154065206647
2026-05-14 15:35:47.944144+02:00,0.002322576940059662
2026-05-14 15:35:47.959769+02:00,0.0032200871501117945
2026-05-14 15:35:47.975394+02:00,0.004242127761244774
2026-05-14 15:35:47.991019+02:00,0.005346530117094517
2026-05-14 15:35:48.006644+02:00,0.006483874749392271
2026-05-14 15:35:48.022269+02:00,0.0076017482206225395
2026-05-14 15:35:48.037894+02:00,0.008649124763906002
2026-05-14 15:35:48.053519+02:00,0.00957818329334259
2026-05-14 15:35:48.069144+02:00,0.010339941829442978
2026-05-14 15:35:48.084769+02:00,0.010874122381210327
2026-05-14 15:35:48.100394+02:00,0.01110165100544691
2026-05-14 15:35:48.116019+02:00,0.010927973315119743
2026-05-14 15:35:48.131644+02:00,0.010258347727358341
2026-05-14 15:35:48.147269+02:00,0.009020534344017506
2026-05-14 15:35:48.162894+02:00,0.007187157869338989
2026-05-14 15:35:48.178519+02:00,0.004792560823261738
2026-05-14 15:35:48.194144+02:00,0.0019405435305088758
2026-05-14 15:35:48.209769+02:00,-0.001202169107273221
2026-05-14 15:35:48.225394+02:00,-0.004425999708473682
2026-05-14 15:35:48.241019+02:00,-0.007504612673074007
2026-05-14 15:35:48.256644+02:00,-0.01022153440862894
2026-05-14 15:35:48.272269+02:00,-0.012393820099532604
2026-05-14 15:35:48.287894+02:00,-0.013889624737203121
2026-05-14 15:35:48.303519+02:00,-0.01463861484080553
2026-05-14 15:35:48.319144+02:00,-0.014635627157986164
2026-05-14 15:35:48.334769+02:00,-0.013938827440142632
2026-05-14 15:35:48.350394+02:00,-0.012662474066019058
2026-05-14 15:35:48.366019+02:00,-0.010963103733956814
2026-05-14 15:35:48.381644+02:00,-0.009019804187119007
2026-05-14 15:35:48.397269+02:00,-0.007012004032731056
2026-05-14 15:35:48.412894+02:00,-0.0051003131084144115
2026-05-14 15:35:48.428519+02:00,-0.0034135442692786455
2026-05-14 15:35:48.444144+02:00,-0.002039367100223899
2026-05-14 15:35:48.459769+02:00,-0.0010175608331337571
2026-05-14 15:35:48.475394+02:00,-0.0003398193803150207
2026-05-14 15:35:48.491019+02:00,4.2437692172825336e-05
2026-05-14 15:35:48.506644+02:00,0.00020644474716391414
2026-05-14 15:35:48.522269+02:00,0.00024585044593550265
2026-05-14 15:35:48.537894+02:00,0.0002572720404714346
2026-05-14 15:35:48.553519+02:00,0.00032733118860051036
2026-05-14 15:35:48.569144+02:00,0.0005242184270173311
2026-05-14 15:35:48.584769+02:00,0.0008946232264861465
2026-05-14 15:35:48.600394+02:00,0.0014635329134762287
2026-05-14 15:35:48.616019+02:00,0.0022338691633194685
2026-05-14 15:35:48.631644+02:00,0.0031861639581620693
2026-05-14 15:35:48.647269+02:00,0.004282031208276749
2026-05-14 15:35:48.662894+02:00,0.005471148993819952
2026-05-14 15:35:48.678519+02:00,0.006697569042444229
2026-05-14 15:35:48.694144+02:00,0.00790443830192089
2026-05-14 15:35:48.709769+02:00,0.00903756357729435
2026-05-14 15:35:48.725394+02:00,0.010048072785139084
2026-05-14 15:35:48.741019+02:00,0.0108949588611722
2026-05-14 15:35:48.756644+02:00,0.011545596644282341
2026-05-14 15:35:48.772269+02:00,0.011970658786594868
2026-05-14 15:35:48.787894+02:00,0.012133634649217129
2026-05-14 15:35:48.803519+02:00,0.011980758979916573
2026-05-14 15:35:48.819144+02:00,0.011439081281423569
2026-05-14 15:35:48.834769+02:00,0.010426925495266914
2026-05-14 15:35:48.850394+02:00,0.008874752558767796
2026-05-14 15:35:48.866019+02:00,0.006749555468559265
2026-05-14 15:35:48.881644+02:00,0.004075363744050264
2026-05-14 15:35:48.897269+02:00,0.0009447699412703514
2026-05-14 15:35:48.912894+02:00,-0.002482323907315731
2026-05-14 15:35:48.928519+02:00,-0.005993734113872051
2026-05-14 15:35:48.944144+02:00,-0.009350253269076347
2026-05-14 15:35:48.959769+02:00,-0.012316163629293442
2026-05-14 15:35:48.975394+02:00,-0.014690140262246132
2026-05-14 15:35:48.991019+02:00,-0.016330644488334656
2026-05-14 15:35:49.006644+02:00,-0.0171700157225132
2026-05-14 15:35:49.022269+02:00,-0.017214525490999222
2026-05-14 15:35:49.037894+02:00,-0.016533179208636284
2026-05-14 15:35:49.053519+02:00,-0.015242531895637512
2026-05-14 15:35:49.069144+02:00,-0.01349260751157999
2026-05-14 15:35:49.084769+02:00,-0.011452855542302132
2026-05-14 15:35:49.100394+02:00,-0.009297028183937073
2026-05-14 15:35:49.116019+02:00,-0.007188158575445414
2026-05-14 15:35:49.131644+02:00,-0.005263822618871927
2026-05-14 15:35:49.147269+02:00,-0.0036246117670089006
2026-05-14 15:35:49.162894+02:00,-0.002329575829207897
2026-05-14 15:35:49.178519+02:00,-0.0013961356598883867
2026-05-14 15:35:49.194144+02:00,-0.0008025583229027689
2026-05-14 15:35:49.209769+02:00,-0.0004950449801981449
2026-05-14 15:35:49.225394+02:00,-0.0003977650194428861
2026-05-14 15:35:49.241019+02:00,-0.00042178749572485685
2026-05-14 15:35:49.256644+02:00,-0.00047327374340966344
2026-05-14 15:35:49.272269+02:00,-0.00046343577560037374
2026-05-14 15:35:49.287894+02:00,-0.0003191604628227651
2026-05-14 15:35:49.303519+02:00,8.72206874191761e-06
2026-05-14 15:35:49.319144+02:00,0.0005417767097242177
2026-05-14 15:35:49.334769+02:00,0.001275713904760778
2026-05-14 15:35:49.350394+02:00,0.0021857386454939842
2026-05-14 15:35:49.366019+02:00,0.0032329000532627106
2026-05-14 15:35:49.381644+02:00,0.004369754809886217
2026-05-14 15:35:49.397269+02:00,0.005544878542423248
2026-05-14 15:35:49.412894+02:00,0.006707361899316311
2026-05-14 15:35:49.428519+02:00,0.0078121367841959
2026-05-14 15:35:49.444144+02:00,0.00882401131093502
2026-05-14 15:35:49.459769+02:00,0.009717044420540333
2026-05-14 15:35:49.475394+02:00,0.010468930937349796
2026-05-14 15:35:49.491019+02:00,0.011051565408706665
2026-05-14 15:35:49.506644+02:00,0.011419304646551609
2026-05-14 15:35:49.522269+02:00,0.011500801891088486
2026-05-14 15:35:49.537894+02:00,0.011202119290828705
2026-05-14 15:35:49.553519+02:00,0.01042295154184103
2026-05-14 15:35:49.569144+02:00,0.009080127812922001
2026-05-14 15:35:49.584769+02:00,0.007131808437407017
2026-05-14 15:35:49.600394+02:00,0.0045987749472260475
2026-05-14 15:35:49.616019+02:00,0.0015766555443406105
2026-05-14 15:35:49.631644+02:00,-0.0017682760953903198
2026-05-14 15:35:49.647269+02:00,-0.005218853242695332
2026-05-14 15:35:49.662894+02:00,-0.00853436067700386
2026-05-14 15:35:49.678519+02:00,-0.011480193585157394
2026-05-14 15:35:49.694144+02:00,-0.013856744393706322
2026-05-14 15:35:49.709769+02:00,-0.015522081404924393
2026-05-14 15:35:49.725394+02:00,-0.016404248774051666
2026-05-14 15:35:49.741019+02:00,-0.01650243252515793
2026-05-14 15:35:49.756644+02:00,-0.01587783545255661
2026-05-14 15:35:49.772269+02:00,-0.014639213681221008
2026-05-14 15:35:49.787894+02:00,-0.012928985059261322
2026-05-14 15:35:49.803519+02:00,-0.010909300297498703
2026-05-14 15:35:49.819144+02:00,-0.008746156468987465
2026-05-14 15:35:49.834769+02:00,-0.006594560109078884
2026-05-14 15:35:49.850394+02:00,-0.004587176255881786
2026-05-14 15:35:49.866019+02:00,-0.002825345378369093
2026-05-14 15:35:49.881644+02:00,-0.0013719242997467518
2026-05-14 15:35:49.897269+02:00,-0.00024786085123196244
2026-05-14 15:35:49.912894+02:00,0.0005661510513164103
2026-05-14 15:35:49.928519+02:00,0.001123341848142445
2026-05-14 15:35:49.944144+02:00,0.0014998042024672031
2026-05-14 15:35:49.959769+02:00,0.0017799555789679289
2026-05-14 15:35:49.975394+02:00,0.0020432816818356514
2026-05-14 15:35:49.991019+02:00,0.002355762291699648
2026-05-14 15:35:50.006644+02:00,0.0027650990523397923
2026-05-14 15:35:50.022269+02:00,0.0032988509628921747
2026-05-14 15:35:50.037894+02:00,0.003965727053582668
2026-05-14 15:35:50.053519+02:00,0.004758311435580254
2026-05-14 15:35:50.069144+02:00,0.005654911510646343
2026-05-14 15:35:50.084769+02:00,0.0066213891841471195
2026-05-14 15:35:50.100394+02:00,0.0076150246895849705
2026-05-14 15:35:50.116019+02:00,0.0085903350263834
2026-05-14 15:35:50.131644+02:00,0.009505093097686768
2026-05-14 15:35:50.147269+02:00,0.010324911214411259
2026-05-14 15:35:50.162894+02:00,0.011026427149772644
2026-05-14 15:35:50.178519+02:00,0.011598499491810799
2026-05-14 15:35:50.194144+02:00,0.01203838363289833
2026-05-14 15:35:50.209769+02:00,0.012341128662228584
2026-05-14 15:35:50.225394+02:00,0.012485435232520103
2026-05-14 15:35:50.241019+02:00,0.012423343025147915
2026-05-14 15:35:50.256644+02:00,0.012079664506018162
2026-05-14 15:35:50.272269+02:00,0.011362038552761078
2026-05-14 15:35:50.287894+02:00,0.010179898701608181
2026-05-14 15:35:50.303519+02:00,0.008469615131616592
2026-05-14 15:35:50.319144+02:00,0.006218528840690851
2026-05-14 15:35:50.334769+02:00,0.0034790541976690292
2026-05-14 15:35:50.350394+02:00,0.0003708750009536743
2026-05-14 15:35:50.366019+02:00,-0.0029285717755556107
2026-05-14 15:35:50.381644+02:00,-0.0062064239755272865
2026-05-14 15:35:50.397269+02:00,-0.009243964217603207
2026-05-14 15:35:50.412894+02:00,-0.01184367761015892
2026-05-14 15:35:50.428519+02:00,-0.013849427923560143
2026-05-14 15:35:50.444144+02:00,-0.015159893780946732
2026-05-14 15:35:50.459769+02:00,-0.015736114233732224
2026-05-14 15:35:50.475394+02:00,-0.01560282800346613
2026-05-14 15:35:50.491019+02:00,-0.014841359108686447
2026-05-14 15:35:50.506644+02:00,-0.013574029318988323
2026-05-14 15:35:50.522269+02:00,-0.011944766156375408
2026-05-14 15:35:50.537894+02:00,-0.01010262779891491
2026-05-14 15:35:50.553519+02:00,-0.008191408589482307
2026-05-14 15:35:50.569144+02:00,-0.006341529544442892
2026-05-14 15:35:50.584769+02:00,-0.004661208018660545
2026-05-14 15:35:50.600394+02:00,-0.0032295272685587406
2026-05-14 15:35:50.616019+02:00,-0.0020920345559716225
2026-05-14 15:35:50.631644+02:00,-0.001257800729945302
2026-05-14 15:35:50.647269+02:00,-0.0007008252432569861
2026-05-14 15:35:50.662894+02:00,-0.00036712794099003077
2026-05-14 15:35:50.678519+02:00,-0.00018437637481838465
2026-05-14 15:35:50.694144+02:00,-7.207028102129698e-05
2026-05-14 15:35:50.709769+02:00,4.720315337181091e-05
2026-05-14 15:35:50.725394+02:00,0.0002368967980146408
2026-05-14 15:35:50.741019+02:00,0.0005403889808803797
2026-05-14 15:35:50.756644+02:00,0.0009811414638534188
2026-05-14 15:35:50.772269+02:00,0.0015656305477023125
2026-05-14 15:35:50.787894+02:00,0.0022852937690913677
2026-05-14 15:35:50.803519+02:00,0.0031173480674624443
2026-05-14 15:35:50.819144+02:00,0.0040274555794894695
2026-05-14 15:35:50.834769+02:00,0.004975282587110996
2026-05-14 15:35:50.850394+02:00,0.0059201885014772415
2026-05-14 15:35:50.866019+02:00,0.006825381424278021
2026-05-14 15:35:50.881644+02:00,0.007659818045794964
2026-05-14 15:35:50.897269+02:00,0.008396396413445473
2026-05-14 15:35:50.912894+02:00,0.009006884880363941
2026-05-14 15:35:50.928519+02:00,0.009453725069761276
2026-05-14 15:35:50.944144+02:00,0.009681533090770245
2026-05-14 15:35:50.959769+02:00,0.00961584784090519
2026-05-14 15:35:50.975394+02:00,0.009171453304588795
2026-05-14 15:35:50.991019+02:00,0.008268027566373348
2026-05-14 15:35:51.006644+02:00,0.0068514179438352585
2026-05-14 15:35:51.022269+02:00,0.004915313329547644
2026-05-14 15:35:51.037894+02:00,0.0025152163580060005
2026-05-14 15:35:51.053519+02:00,-0.00022974098101258278
2026-05-14 15:35:51.069144+02:00,-0.0031468039378523827
2026-05-14 15:35:51.084769+02:00,-0.006030643824487925
2026-05-14 15:35:51.100394+02:00,-0.008672596886754036
2026-05-14 15:35:51.116019+02:00,-0.010889019817113876
2026-05-14 15:35:51.131644+02:00,-0.012540368363261223
2026-05-14 15:35:51.147269+02:00,-0.013540837913751602
2026-05-14 15:35:51.162894+02:00,-0.013862044550478458
2026-05-14 15:35:51.178519+02:00,-0.013531407341361046
2026-05-14 15:35:51.194144+02:00,-0.01262516900897026
2026-05-14 15:35:51.209769+02:00,-0.01125779002904892
2026-05-14 15:35:51.225394+02:00,-0.009568457491695881
2026-05-14 15:35:51.241019+02:00,-0.007705437019467354
2026-05-14 15:35:51.256644+02:00,-0.005810949020087719
2026-05-14 15:35:51.272269+02:00,-0.004009687341749668
2026-05-14 15:35:51.287894+02:00,-0.002402347279712558
2026-05-14 15:35:51.303519+02:00,-0.001060972106643021
2026-05-14 15:35:51.319144+02:00,-2.36432533711195e-05
2026-05-14 15:35:51.334769+02:00,0.0007080788491293788
2026-05-14 15:35:51.350394+02:00,0.0011662141187116504
2026-05-14 15:35:51.366019+02:00,0.0014083769638091326
2026-05-14 15:35:51.381644+02:00,0.0015067035565152764
2026-05-14 15:35:51.397269+02:00,0.0015371966874226928
2026-05-14 15:35:51.412894+02:00,0.0015708130085840821
2026-05-14 15:35:51.428519+02:00,0.0016671207267791033
2026-05-14 15:35:51.444144+02:00,0.001872234744951129
2026-05-14 15:35:51.459769+02:00,0.002218283014371991
2026-05-14 15:35:51.475394+02:00,0.0027205238584429026
2026-05-14 15:35:51.491019+02:00,0.0033739558421075344
2026-05-14 15:35:51.506644+02:00,0.004154530353844166
2026-05-14 15:35:51.522269+02:00,0.005025356542319059
2026-05-14 15:35:51.537894+02:00,0.005942494608461857
2026-05-14 15:35:51.553519+02:00,0.0068590701557695866
2026-05-14 15:35:51.569144+02:00,0.0077311377972364426
2026-05-14 15:35:51.584769+02:00,0.008523526601493359
2026-05-14 15:35:51.600394+02:00,0.009209328331053257
2026-05-14 15:35:51.616019+02:00,0.00976000726222992
2026-05-14 15:35:51.631644+02:00,0.010131496004760265
2026-05-14 15:35:51.647269+02:00,0.010256323963403702
2026-05-14 15:35:51.662894+02:00,0.010047204792499542
2026-05-14 15:35:51.678519+02:00,0.009411683306097984
2026-05-14 15:35:51.694144+02:00,0.00827345997095108
2026-05-14 15:35:51.709769+02:00,0.006593808531761169
2026-05-14 15:35:51.725394+02:00,0.0043888697400689125
2026-05-14 15:35:51.741019+02:00,0.0017392018344253302
2026-05-14 15:35:51.756644+02:00,-0.0012129200622439384
2026-05-14 15:35:51.772269+02:00,-0.004278010688722134
2026-05-14 15:35:51.787894+02:00,-0.007241180166602135
2026-05-14 15:35:51.803519+02:00,-0.00988802220672369
2026-05-14 15:35:51.819144+02:00,-0.012031396850943565
2026-05-14 15:35:51.834769+02:00,-0.013534310273826122
2026-05-14 15:35:51.850394+02:00,-0.014324055053293705
2026-05-14 15:35:51.866019+02:00,-0.01439469214528799
2026-05-14 15:35:51.881644+02:00,-0.013799622654914856
2026-05-14 15:35:51.897269+02:00,-0.012639806605875492
2026-05-14 15:35:51.912894+02:00,-0.011050651781260967
2026-05-14 15:35:51.928519+02:00,-0.00918723363429308
2026-05-14 15:35:51.944144+02:00,-0.007208927068859339
2026-05-14 15:35:51.959769+02:00,-0.005265292711555958
2026-05-14 15:35:51.975394+02:00,-0.003483529668301344
2026-05-14 15:35:51.991019+02:00,-0.0019580640364438295
2026-05-14 15:35:52.006644+02:00,-0.0007444642251357436
2026-05-14 15:35:52.022269+02:00,0.00014143111184239388
2026-05-14 15:35:52.037894+02:00,0.0007207729504443705
2026-05-14 15:35:52.053519+02:00,0.0010455780429765582
2026-05-14 15:35:52.069144+02:00,0.0011884343111887574
2026-05-14 15:35:52.084769+02:00,0.0012303051771596074
2026-05-14 15:35:52.100394+02:00,0.0012506264029070735
2026-05-14 15:35:52.116019+02:00,0.0013202917762100697
2026-05-14 15:35:52.131644+02:00,0.0014950346667319536
2026-05-14 15:35:52.147269+02:00,0.00181030691601336
2026-05-14 15:35:52.162894+02:00,0.0022804848849773407
2026-05-14 15:35:52.178519+02:00,0.002901041880249977
2026-05-14 15:35:52.194144+02:00,0.0036511982325464487
2026-05-14 15:35:52.209769+02:00,0.004497794900089502
2026-05-14 15:35:52.225394+02:00,0.005401672795414925
2026-05-14 15:35:52.241019+02:00,0.006324096117168665
2026-05-14 15:35:52.256644+02:00,0.007229658775031567
2026-05-14 15:35:52.272269+02:00,0.00808628648519516
2026-05-14 15:35:52.287894+02:00,0.008864661678671837
2026-05-14 15:35:52.303519+02:00,0.009536894969642162
2026-05-14 15:35:52.319144+02:00,0.010072223842144012
2026-05-14 15:35:52.334769+02:00,0.010427609086036682
2026-05-14 15:35:52.350394+02:00,0.010538412258028984
2026-05-14 15:35:52.366019+02:00,0.010320475324988365
2026-05-14 15:35:52.381644+02:00,0.009684184566140175
2026-05-14 15:35:52.397269+02:00,0.008552254177629948
2026-05-14 15:35:52.412894+02:00,0.006879310589283705
2026-05-14 15:35:52.428519+02:00,0.004672039300203323
2026-05-14 15:35:52.444144+02:00,0.0020029516890645027
2026-05-14 15:35:52.459769+02:00,-0.0009889898356050253
2026-05-14 15:35:52.475394+02:00,-0.004113607108592987
2026-05-14 15:35:52.491019+02:00,-0.007155775558203459
2026-05-14 15:35:52.506644+02:00,-0.009903796017169952
2026-05-14 15:35:52.522269+02:00,-0.012174814008176327
2026-05-14 15:35:52.537894+02:00,-0.01383393444120884
2026-05-14 15:35:52.553519+02:00,-0.014804420992732048
2026-05-14 15:35:52.569144+02:00,-0.015069669112563133
2026-05-14 15:35:52.584769+02:00,-0.014668060466647148
2026-05-14 15:35:52.600394+02:00,-0.01368281152099371
2026-05-14 15:35:52.616019+02:00,-0.012230767868459225
2026-05-14 15:35:52.631644+02:00,-0.010450851172208786
2026-05-14 15:35:52.647269+02:00,-0.008490780368447304
2026-05-14 15:35:52.662894+02:00,-0.0064934357069432735
2026-05-14 15:35:52.678519+02:00,-0.004585314076393843
2026-05-14 15:35:52.694144+02:00,-0.002867634641006589
2026-05-14 15:35:52.709769+02:00,-0.00141050573438406
2026-05-14 15:35:52.725394+02:00,-0.00025100610218942165
2026-05-14 15:35:52.741019+02:00,0.0006064220797270536
2026-05-14 15:35:52.756644+02:00,0.001188548980280757
2026-05-14 15:35:52.772269+02:00,0.0015486521879211068
2026-05-14 15:35:52.787894+02:00,0.0017576112877577543
2026-05-14 15:35:52.803519+02:00,0.0018934800755232573
2026-05-14 15:35:52.819144+02:00,0.0020316881127655506
2026-05-14 15:35:52.834769+02:00,0.0022361897863447666
2026-05-14 15:35:52.850394+02:00,0.002552733523771167
2026-05-14 15:35:52.866019+02:00,0.0030059856362640858
2026-05-14 15:35:52.881644+02:00,0.0036005168221890926
2026-05-14 15:35:52.897269+02:00,0.004324419889599085
2026-05-14 15:35:52.912894+02:00,0.005154140293598175
2026-05-14 15:35:52.928519+02:00,0.006058820523321629
2026-05-14 15:35:52.944144+02:00,0.007003915496170521
2026-05-14 15:35:52.959769+02:00,0.007955355569720268
2026-05-14 15:35:52.975394+02:00,0.008883261121809483
2026-05-14 15:35:52.991019+02:00,0.009762185625731945
2026-05-14 15:35:53.006644+02:00,0.01056737918406725
2026-05-14 15:35:53.022269+02:00,0.011267950758337975
2026-05-14 15:35:53.037894+02:00,0.011817345395684242
2026-05-14 15:35:53.053519+02:00,0.01214658748358488
2026-05-14 15:35:53.069144+02:00,0.012166762724518776
2026-05-14 15:35:53.084769+02:00,0.01177995465695858
2026-05-14 15:35:53.100394+02:00,0.010895892046391964
2026-05-14 15:35:53.116019+02:00,0.009451990947127342
2026-05-14 15:35:53.131644+02:00,0.007433287799358368
2026-05-14 15:35:53.147269+02:00,0.004888248164206743
2026-05-14 15:35:53.162894+02:00,0.0019345222972333431
2026-05-14 15:35:53.178519+02:00,-0.0012495846021920443
2026-05-14 15:35:53.194144+02:00,-0.004446842707693577
2026-05-14 15:35:53.209769+02:00,-0.007431165315210819
2026-05-14 15:35:53.225394+02:00,-0.009997570887207985
2026-05-14 15:35:53.241019+02:00,-0.01198467519134283
2026-05-14 15:35:53.256644+02:00,-0.013288907706737518
2026-05-14 15:35:53.272269+02:00,-0.013870570808649063
2026-05-14 15:35:53.287894+02:00,-0.013750966638326645
2026-05-14 15:35:53.303519+02:00,-0.013003379106521606
2026-05-14 15:35:53.319144+02:00,-0.011741098947823048
2026-05-14 15:35:53.334769+02:00,-0.010104564018547535
2026-05-14 15:35:53.350394+02:00,-0.008248120546340942
2026-05-14 15:35:53.366019+02:00,-0.006325508467853069
2026-05-14 15:35:53.381644+02:00,-0.004475683439522982
2026-05-14 15:35:53.397269+02:00,-0.0028114826418459415
2026-05-14 15:35:53.412894+02:00,-0.0014117585960775614
2026-05-14 15:35:53.428519+02:00,-0.00031699612736701965
2026-05-14 15:35:53.444144+02:00,0.00047051417641341686
2026-05-14 15:35:53.459769+02:00,0.0009811234194785357
2026-05-14 15:35:53.475394+02:00,0.0012695877812802792
2026-05-14 15:35:53.491019+02:00,0.0014073525089770555
2026-05-14 15:35:53.506644+02:00,0.0014736459124833345
2026-05-14 15:35:53.522269+02:00,0.00154400325845927
2026-05-14 15:35:53.537894+02:00,0.0016819402808323503
2026-05-14 15:35:53.553519+02:00,0.00193702126853168
2026-05-14 15:35:53.569144+02:00,0.0023430727887898684
2026-05-14 15:35:53.584769+02:00,0.002913294592872262
2026-05-14 15:35:53.600394+02:00,0.0036380398087203503
2026-05-14 15:35:53.616019+02:00,0.004488790407776833
2026-05-14 15:35:53.631644+02:00,0.005425054579973221
2026-05-14 15:35:53.647269+02:00,0.006400568410754204
2026-05-14 15:35:53.662894+02:00,0.007367382757365704
2026-05-14 15:35:53.678519+02:00,0.00828008446842432
2026-05-14 15:35:53.694144+02:00,0.009101456962525845
2026-05-14 15:35:53.709769+02:00,0.009802067652344704
2026-05-14 15:35:53.725394+02:00,0.010348892770707607
2026-05-14 15:35:53.741019+02:00,0.010690812952816486
2026-05-14 15:35:53.756644+02:00,0.010751849040389061
2026-05-14 15:35:53.772269+02:00,0.01043709833174944
2026-05-14 15:35:53.787894+02:00,0.009649575687944889
2026-05-14 15:35:53.803519+02:00,0.00831378810107708
2026-05-14 15:35:53.819144+02:00,0.006401407532393932
2026-05-14 15:35:53.834769+02:00,0.003950481303036213
2026-05-14 15:35:53.850394+02:00,0.0010704072192311287
2026-05-14 15:35:53.866019+02:00,-0.0020677228458225727
2026-05-14 15:35:53.881644+02:00,-0.0052519324235618114
2026-05-14 15:35:53.897269+02:00,-0.008256999775767326
2026-05-14 15:35:53.912894+02:00,-0.010873192921280861
2026-05-14 15:35:53.928519+02:00,-0.012929743155837059
2026-05-14 15:35:53.944144+02:00,-0.014309589751064777
2026-05-14 15:35:53.959769+02:00,-0.014957357197999954
2026-05-14 15:35:53.975394+02:00,-0.014881986193358898
2026-05-14 15:35:53.991019+02:00,-0.014152182266116142
2026-05-14 15:35:54.006644+02:00,-0.012884984724223614
2026-05-14 15:35:54.022269+02:00,-0.011230312287807465
2026-05-14 15:35:54.037894+02:00,-0.009353859350085258
2026-05-14 15:35:54.053519+02:00,-0.007419893518090248
2026-05-14 15:35:54.069144+02:00,-0.005575929768383503
2026-05-14 15:35:54.084769+02:00,-0.0039407797157764435
2026-05-14 15:35:54.100394+02:00,-0.002596344333142042
2026-05-14 15:35:54.116019+02:00,-0.001584760844707489
2026-05-14 15:35:54.131644+02:00,-0.0009101959876716137
2026-05-14 15:35:54.147269+02:00,-0.0005413193721324205
2026-05-14 15:35:54.162894+02:00,-0.0004153028130531311
2026-05-14 15:35:54.178519+02:00,-0.00044690072536468506
2026-05-14 15:35:54.194144+02:00,-0.0005406108684837818
2026-05-14 15:35:54.209769+02:00,-0.0006024655885994434
2026-05-14 15:35:54.225394+02:00,-0.0005503548309206963
2026-05-14 15:35:54.241019+02:00,-0.0003218383062630892
2026-05-14 15:35:54.256644+02:00,0.00012061046436429024
2026-05-14 15:35:54.272269+02:00,0.0007870548870414495
2026-05-14 15:35:54.287894+02:00,0.001661383779719472
2026-05-14 15:35:54.303519+02:00,0.002705714898183942
2026-05-14 15:35:54.319144+02:00,0.0038662906736135483
2026-05-14 15:35:54.334769+02:00,0.005081191658973694
2026-05-14 15:35:54.350394+02:00,0.006288714706897736
2026-05-14 15:35:54.366019+02:00,0.007432190701365471
2026-05-14 15:35:54.381644+02:00,0.008459847420454025
2026-05-14 15:35:54.397269+02:00,0.00932026095688343
2026-05-14 15:35:54.412894+02:00,0.009953541681170464
2026-05-14 15:35:54.428519+02:00,0.010282857343554497
2026-05-14 15:35:54.444144+02:00,0.010214321315288544
2026-05-14 15:35:54.459769+02:00,0.009649555198848248
2026-05-14 15:35:54.475394+02:00,0.00850764475762844
2026-05-14 15:35:54.491019+02:00,0.006750217638909817
2026-05-14 15:35:54.506644+02:00,0.004403484053909779
2026-05-14 15:35:54.522269+02:00,0.0015689234714955091
2026-05-14 15:35:54.537894+02:00,-0.0015826357994228601
2026-05-14 15:35:54.553519+02:00,-0.004831139929592609
2026-05-14 15:35:54.569144+02:00,-0.007935959845781326
2026-05-14 15:35:54.584769+02:00,-0.01066780835390091
2026-05-14 15:35:54.600394+02:00,-0.012837753631174564
2026-05-14 15:35:54.616019+02:00,-0.01431612204760313
2026-05-14 15:35:54.631644+02:00,-0.015038819052278996
2026-05-14 15:35:54.647269+02:00,-0.015005172230303288
2026-05-14 15:35:54.662894+02:00,-0.014272364787757397
2026-05-14 15:35:54.678519+02:00,-0.012947730720043182
2026-05-14 15:35:54.694144+02:00,-0.011176034808158875
2026-05-14 15:35:54.709769+02:00,-0.00912108551710844
2026-05-14 15:35:54.725394+02:00,-0.006946810055524111
2026-05-14 15:35:54.741019+02:00,-0.004802715964615345
2026-05-14 15:35:54.756644+02:00,-0.0028134509921073914
2026-05-14 15:35:54.772269+02:00,-0.001069977879524231
2026-05-14 15:35:54.787894+02:00,0.0003753518685698509
2026-05-14 15:35:54.803519+02:00,0.001506992382928729
2026-05-14 15:35:54.819144+02:00,0.002341821324080229
2026-05-14 15:35:54.834769+02:00,0.0029254425317049026
2026-05-14 15:35:54.850394+02:00,0.0033262877259403467
2026-05-14 15:35:54.866019+02:00,0.0036251188721507788
2026-05-14 15:35:54.881644+02:00,0.003901917953044176
2026-05-14 15:35:54.897269+02:00,0.004225007724016905
2026-05-14 15:35:54.912894+02:00,0.004645154811441898
2026-05-14 15:35:54.928519+02:00,0.005193194840103388
2026-05-14 15:35:54.944144+02:00,0.005879945121705532
2026-05-14 15:35:54.959769+02:00,0.006697903852909803
2026-05-14 15:35:54.975394+02:00,0.007623918354511261
2026-05-14 15:35:54.991019+02:00,0.008623937144875526
2026-05-14 15:35:55.006644+02:00,0.009660229086875916
2026-05-14 15:35:55.022269+02:00,0.01069696992635727
2026-05-14 15:35:55.037894+02:00,0.011700773611664772
2026-05-14 15:35:55.053519+02:00,0.01263869646936655
2026-05-14 15:35:55.069144+02:00,0.013474891893565655
2026-05-14 15:35:55.084769+02:00,0.014161350205540657
2026-05-14 15:35:55.100394+02:00,0.014625097624957561
2026-05-14 15:35:55.116019+02:00,0.014765897765755653
2026-05-14 15:35:55.131644+02:00,0.014470354653894901
2026-05-14 15:35:55.147269+02:00,0.013633400201797485
2026-05-14 15:35:55.162894+02:00,0.012180676683783531
2026-05-14 15:35:55.178519+02:00,0.010090149007737637
2026-05-14 15:35:55.194144+02:00,0.00740777375176549
2026-05-14 15:35:55.209769+02:00,0.004253114573657513
2026-05-14 15:35:55.225394+02:00,0.0008123238803818822
2026-05-14 15:35:55.241019+02:00,-0.0026840486098080873
2026-05-14 15:35:55.256644+02:00,-0.005993478000164032
2026-05-14 15:35:55.272269+02:00,-0.008893681690096855
2026-05-14 15:35:55.287894+02:00,-0.011207436211407185
2026-05-14 15:35:55.303519+02:00,-0.012816553935408592
2026-05-14 15:35:55.319144+02:00,-0.013665811158716679
2026-05-14 15:35:55.334769+02:00,-0.013761310838162899
2026-05-14 15:35:55.350394+02:00,-0.013165777549147606
2026-05-14 15:35:55.366019+02:00,-0.011989906430244446
2026-05-14 15:35:55.381644+02:00,-0.010378943756222725
2026-05-14 15:35:55.397269+02:00,-0.008495046757161617
2026-05-14 15:35:55.412894+02:00,-0.006498785223811865
2026-05-14 15:35:55.428519+02:00,-0.004534943029284477
2026-05-14 15:35:55.444144+02:00,-0.0027231748681515455
2026-05-14 15:35:55.459769+02:00,-0.001151524716988206
2026-05-14 15:35:55.475394+02:00,0.00012687710113823414
2026-05-14 15:35:55.491019+02:00,0.0010941498912870884
2026-05-14 15:35:55.506644+02:00,0.001765151391737163
2026-05-14 15:35:55.522269+02:00,0.0021816142834722996
2026-05-14 15:35:55.537894+02:00,0.0024051787331700325
2026-05-14 15:35:55.553519+02:00,0.002510661259293556
2026-05-14 15:35:55.569144+02:00,0.0025769779458642006
2026-05-14 15:35:55.584769+02:00,0.0026751477271318436
2026-05-14 15:35:55.600394+02:00,0.00285895774140954
2026-05-14 15:35:55.616019+02:00,0.0031630489975214005
2026-05-14 15:35:55.631644+02:00,0.003604637458920479
2026-05-14 15:35:55.647269+02:00,0.004183897748589516
2026-05-14 15:35:55.662894+02:00,0.004884521011263132
2026-05-14 15:35:55.678519+02:00,0.005676814820617437
2026-05-14 15:35:55.694144+02:00,0.006522915791720152
2026-05-14 15:35:55.709769+02:00,0.007382623851299286
2026-05-14 15:35:55.725394+02:00,0.00821797177195549
2026-05-14 15:35:55.741019+02:00,0.008995681069791317
2026-05-14 15:35:55.756644+02:00,0.009687110781669617
2026-05-14 15:35:55.772269+02:00,0.010264082811772823
2026-05-14 15:35:55.787894+02:00,0.01069009117782116
2026-05-14 15:35:55.803519+02:00,0.01090925931930542
2026-05-14 15:35:55.819144+02:00,0.010839252732694149
2026-05-14 15:35:55.834769+02:00,0.010377388447523117
2026-05-14 15:35:55.850394+02:00,0.009421244263648987
2026-05-14 15:35:55.866019+02:00,0.00789441354572773
2026-05-14 15:35:55.881644+02:00,0.005770142190158367
2026-05-14 15:35:55.897269+02:00,0.0030898614786565304
2026-05-14 15:35:55.912894+02:00,-2.8338748961687088e-05
2026-05-14 15:35:55.928519+02:00,-0.003397397231310606
2026-05-14 15:35:55.944144+02:00,-0.006786261219531298
2026-05-14 15:35:55.959769+02:00,-0.009953796863555908
2026-05-14 15:35:55.975394+02:00,-0.012680661864578724
2026-05-14 15:35:55.991019+02:00,-0.014793982729315758
2026-05-14 15:35:56.006644+02:00,-0.016182659193873405
2026-05-14 15:35:56.022269+02:00,-0.016802946105599403
2026-05-14 15:35:56.037894+02:00,-0.016676833853125572
2026-05-14 15:35:56.053519+02:00,-0.01588376984000206
2026-05-14 15:35:56.069144+02:00,-0.014545591548085213
2026-05-14 15:35:56.084769+02:00,-0.012809921987354755
2026-05-14 15:35:56.100394+02:00,-0.010836472734808922
2026-05-14 15:35:56.116019+02:00,-0.008784059435129166
2026-05-14 15:35:56.131644+02:00,-0.0067968121729791164
2026-05-14 15:35:56.147269+02:00,-0.004992182366549969
2026-05-14 15:35:56.162894+02:00,-0.003452481934800744
2026-05-14 15:35:56.178519+02:00,-0.0022204509004950523
2026-05-14 15:35:56.194144+02:00,-0.0013001089682802558
2026-05-14 15:35:56.209769+02:00,-0.0006625301903113723
2026-05-14 15:35:56.225394+02:00,-0.00025380426086485386
2026-05-14 15:35:56.241019+02:00,-3.6116689443588257e-06
2026-05-14 15:35:56.256644+02:00,0.0001654003281146288
2026-05-14 15:35:56.272269+02:00,0.00032798759639263153
2026-05-14 15:35:56.287894+02:00,0.0005479070823639631
2026-05-14 15:35:56.303519+02:00,0.0008720648474991322
2026-05-14 15:35:56.319144+02:00,0.0013277626130729914
2026-05-14 15:35:56.334769+02:00,0.001923281466588378
2026-05-14 15:35:56.350394+02:00,0.0026511310134083033
2026-05-14 15:35:56.366019+02:00,0.003491709241643548
2026-05-14 15:35:56.381644+02:00,0.004416418261826038
2026-05-14 15:35:56.397269+02:00,0.005390726029872894
2026-05-14 15:35:56.412894+02:00,0.006377216894179583
2026-05-14 15:35:56.428519+02:00,0.0073391892947256565
2026-05-14 15:35:56.444144+02:00,0.008244064636528492
2026-05-14 15:35:56.459769+02:00,0.009063689969480038
2026-05-14 15:35:56.475394+02:00,0.009771040640771389
2026-05-14 15:35:56.491019+02:00,0.010333416983485222
2026-05-14 15:35:56.506644+02:00,0.010701343417167664
2026-05-14 15:35:56.522269+02:00,0.010800487361848354
2026-05-14 15:35:56.537894+02:00,0.01053660549223423
2026-05-14 15:35:56.553519+02:00,0.00981215387582779
2026-05-14 15:35:56.569144+02:00,0.008547987788915634
2026-05-14 15:35:56.584769+02:00,0.006706899497658014
2026-05-14 15:35:56.600394+02:00,0.004314663354307413
2026-05-14 15:35:56.616019+02:00,0.001470108050853014
2026-05-14 15:35:56.631644+02:00,-0.0016625369898974895
2026-05-14 15:35:56.647269+02:00,-0.00487546855583787
2026-05-14 15:35:56.662894+02:00,-0.007944276556372643
2026-05-14 15:35:56.678519+02:00,-0.010654658079147339
2026-05-14 15:35:56.694144+02:00,-0.012825120240449905
2026-05-14 15:35:56.709769+02:00,-0.014324644580483437
2026-05-14 15:35:56.725394+02:00,-0.015085934661328793
2026-05-14 15:35:56.741019+02:00,-0.015110017731785774
2026-05-14 15:35:56.756644+02:00,-0.014460258185863495
2026-05-14 15:35:56.772269+02:00,-0.013249916024506092
2026-05-14 15:35:56.787894+02:00,-0.011625900864601135
2026-05-14 15:35:56.803519+02:00,-0.009751290082931519
2026-05-14 15:35:56.819144+02:00,-0.007789320312440395
2026-05-14 15:35:56.834769+02:00,-0.005888568703085184
2026-05-14 15:35:56.850394+02:00,-0.004171174019575119
2026-05-14 15:35:56.866019+02:00,-0.002725039143115282
2026-05-14 15:35:56.881644+02:00,-0.0015980210155248642
2026-05-14 15:35:56.897269+02:00,-0.0007971017621457577
2026-05-14 15:35:56.912894+02:00,-0.0002940371632575989
2026-05-14 15:35:56.928519+02:00,-3.253249451518059e-05
2026-05-14 15:35:56.944144+02:00,6.3752057030797e-05
2026-05-14 15:35:56.959769+02:00,7.987138815224171e-05
2026-05-14 15:35:56.975394+02:00,9.671016596257687e-05
2026-05-14 15:35:56.991019+02:00,0.000180443050339818
2026-05-14 15:35:57.006644+02:00,0.0003760347608476877
2026-05-14 15:35:57.022269+02:00,0.0007050635758787394
2026-05-14 15:35:57.037894+02:00,0.0011685413774102926
2026-05-14 15:35:57.053519+02:00,0.0017519141547381878
2026-05-14 15:35:57.069144+02:00,0.0024290699511766434
2026-05-14 15:35:57.084769+02:00,0.0031673747580498457
2026-05-14 15:35:57.100394+02:00,0.003933843225240707
2026-05-14 15:35:57.116019+02:00,0.0046990178525447845
2026-05-14 15:35:57.131644+02:00,0.0054377783089876175
2026-05-14 15:35:57.147269+02:00,0.006128891371190548
2026-05-14 15:35:57.162894+02:00,0.006753691006451845
2026-05-14 15:35:57.178519+02:00,0.007290803361684084
2026-05-14 15:35:57.194144+02:00,0.007706304080784321
2026-05-14 15:35:57.209769+02:00,0.007945377379655838
2026-05-14 15:35:57.225394+02:00,0.007931753061711788
2026-05-14 15:35:57.241019+02:00,0.007576959673315287
2026-05-14 15:35:57.256644+02:00,0.006797685753554106
2026-05-14 15:35:57.272269+02:00,0.005537068005651236
2026-05-14 15:35:57.287894+02:00,0.003785177133977413
2026-05-14 15:35:57.303519+02:00,0.001593190710991621
2026-05-14 15:35:57.319144+02:00,-0.0009238063357770443
2026-05-14 15:35:57.334769+02:00,-0.0035971668548882008
2026-05-14 15:35:57.350394+02:00,-0.006227135192602873
2026-05-14 15:35:57.366019+02:00,-0.008612295612692833
2026-05-14 15:35:57.381644+02:00,-0.01057631429284811
2026-05-14 15:35:57.397269+02:00,-0.01198563352227211
2026-05-14 15:35:57.412894+02:00,-0.012758970260620117
2026-05-14 15:35:57.428519+02:00,-0.01287035457789898
2026-05-14 15:35:57.444144+02:00,-0.012347524985671043
2026-05-14 15:35:57.459769+02:00,-0.01126790326088667
2026-05-14 15:35:57.475394+02:00,-0.009749984368681908
2026-05-14 15:35:57.491019+02:00,-0.007938412018120289
2026-05-14 15:35:57.506644+02:00,-0.005987265147268772
2026-05-14 15:35:57.522269+02:00,-0.004045600071549416
2026-05-14 15:35:57.537894+02:00,-0.0022452857811003923
2026-05-14 15:35:57.553519+02:00,-0.0006907515926286578
2026-05-14 15:35:57.569144+02:00,0.0005493356147781014
2026-05-14 15:35:57.584769+02:00,0.0014472387265414
2026-05-14 15:35:57.600394+02:00,0.0020160372368991375
2026-05-14 15:35:57.616019+02:00,0.002303637098520994
2026-05-14 15:35:57.631644+02:00,0.002382335253059864
2026-05-14 15:35:57.647269+02:00,0.002337162848562002
2026-05-14 15:35:57.662894+02:00,0.0022552781738340855
2026-05-14 15:35:57.678519+02:00,0.0022162431851029396
2026-05-14 15:35:57.694144+02:00,0.0022834734991192818
2026-05-14 15:35:57.709769+02:00,0.002497804816812277
2026-05-14 15:35:57.725394+02:00,0.00287493783980608
2026-05-14 15:35:57.741019+02:00,0.003408464603126049
2026-05-14 15:35:57.756644+02:00,0.004076166078448296
2026-05-14 15:35:57.772269+02:00,0.0048461416736245155
2026-05-14 15:35:57.787894+02:00,0.005680759437382221
2026-05-14 15:35:57.803519+02:00,0.006537825800478458
2026-05-14 15:35:57.819144+02:00,0.0073724426329135895
2026-05-14 15:35:57.834769+02:00,0.008141469210386276
2026-05-14 15:35:57.850394+02:00,0.008807401172816753
2026-05-14 15:35:57.866019+02:00,0.009338706731796265
2026-05-14 15:35:57.881644+02:00,0.009703923016786575
2026-05-14 15:35:57.897269+02:00,0.009859423153102398
2026-05-14 15:35:57.912894+02:00,0.009739410132169724
2026-05-14 15:35:57.928519+02:00,0.009259378537535667
2026-05-14 15:35:57.944144+02:00,0.008334687910974026
2026-05-14 15:35:57.959769+02:00,0.006906431168317795
2026-05-14 15:35:57.975394+02:00,0.004965199623256922
2026-05-14 15:35:57.991019+02:00,0.00256478413939476
2026-05-14 15:35:58.006644+02:00,-0.0001782313920557499
2026-05-14 15:35:58.022269+02:00,-0.003097264328971505
2026-05-14 15:35:58.037894+02:00,-0.005996407940983772
2026-05-14 15:35:58.053519+02:00,-0.008674544282257557
2026-05-14 15:35:58.069144+02:00,-0.01094907522201538
2026-05-14 15:35:58.084769+02:00,-0.01267602015286684
2026-05-14 15:35:58.100394+02:00,-0.013764165341854095
2026-05-14 15:35:58.116019+02:00,-0.014181447215378284
2026-05-14 15:35:58.131644+02:00,-0.013952692039310932
2026-05-14 15:35:58.147269+02:00,-0.013150927610695362
2026-05-14 15:35:58.162894+02:00,-0.011885731481015682
2026-05-14 15:35:58.178519+02:00,-0.010289841331541538
2026-05-14 15:35:58.194144+02:00,-0.008505704812705517
2026-05-14 15:35:58.209769+02:00,-0.006674350704997778
2026-05-14 15:35:58.225394+02:00,-0.004924751818180084
2026-05-14 15:35:58.241019+02:00,-0.003362744115293026
2026-05-14 15:35:58.256644+02:00,-0.0020627151243388653
2026-05-14 15:35:58.272269+02:00,-0.001062865136191249
2026-05-14 15:35:58.287894+02:00,-0.00036391831235960126
2026-05-14 15:35:58.303519+02:00,6.720679812133312e-05
2026-05-14 15:35:58.319144+02:00,0.0002895605284720659
2026-05-14 15:35:58.334769+02:00,0.00037823390448465943
2026-05-14 15:35:58.350394+02:00,0.0004126348649151623
2026-05-14 15:35:58.366019+02:00,0.000465005956357345
2026-05-14 15:35:58.381644+02:00,0.0005936623783782125
2026-05-14 15:35:58.397269+02:00,0.0008400904480367899
2026-05-14 15:35:58.412894+02:00,0.0012261306401342154
2026-05-14 15:35:58.428519+02:00,0.001753670396283269
2026-05-14 15:35:58.444144+02:00,0.0024091864470392466
2026-05-14 15:35:58.459769+02:00,0.003168742870911956
2026-05-14 15:35:58.475394+02:00,0.004000632558017969
2026-05-14 15:35:58.491019+02:00,0.004868150223046541
2026-05-14 15:35:58.506644+02:00,0.005733668338507414
2026-05-14 15:35:58.522269+02:00,0.006562871392816305
2026-05-14 15:35:58.537894+02:00,0.0073279766365885735
2026-05-14 15:35:58.553519+02:00,0.008007346652448177
2026-05-14 15:35:58.569144+02:00,0.008579476736485958
2026-05-14 15:35:58.584769+02:00,0.009013790637254715
2026-05-14 15:35:58.600394+02:00,0.009263059124350548
2026-05-14 15:35:58.616019+02:00,0.00926060602068901
2026-05-14 15:35:58.631644+02:00,0.0089237866923213
2026-05-14 15:35:58.647269+02:00,0.008166275918483734
2026-05-14 15:35:58.662894+02:00,0.0069200703874230385
2026-05-14 15:35:58.678519+02:00,0.0051604826003313065
2026-05-14 15:35:58.694144+02:00,0.002924192463979125
2026-05-14 15:35:58.709769+02:00,0.00031470158137381077
2026-05-14 15:35:58.725394+02:00,-0.002506537828594446
2026-05-14 15:35:58.741019+02:00,-0.005341189447790384
2026-05-14 15:35:58.756644+02:00,-0.007981343194842339
2026-05-14 15:35:58.772269+02:00,-0.01023703534156084
2026-05-14 15:35:58.787894+02:00,-0.011959541589021683
2026-05-14 15:35:58.803519+02:00,-0.013056029565632343
2026-05-14 15:35:58.819144+02:00,-0.013492612168192863
2026-05-14 15:35:58.834769+02:00,-0.013288752175867558
2026-05-14 15:35:58.850394+02:00,-0.012509172782301903
2026-05-14 15:35:58.866019+02:00,-0.011255357414484024
2026-05-14 15:35:58.881644+02:00,-0.009654656052589417
2026-05-14 15:35:58.897269+02:00,-0.00784644577652216
2026-05-14 15:35:58.912894+02:00,-0.005969170480966568
2026-05-14 15:35:58.928519+02:00,-0.004150151275098324
2026-05-14 15:35:58.944144+02:00,-0.002494722604751587
2026-05-14 15:35:58.959769+02:00,-0.0010760189034044743
2026-05-14 15:35:58.975394+02:00,6.830308120697737e-05
2026-05-14 15:35:58.991019+02:00,0.0009325889404863119
2026-05-14 15:35:59.006644+02:00,0.0015387305757030845
2026-05-14 15:35:59.022269+02:00,0.0019317134283483028
2026-05-14 15:35:59.037894+02:00,0.0021715210750699043
2026-05-14 15:35:59.053519+02:00,0.0023230062797665596
2026-05-14 15:35:59.069144+02:00,0.0024489378556609154
2026-05-14 15:35:59.084769+02:00,0.0026065027341246605
2026-05-14 15:35:59.100394+02:00,0.002844576258212328
2026-05-14 15:35:59.116019+02:00,0.003199967322871089
2026-05-14 15:35:59.131644+02:00,0.0036932441871613264
2026-05-14 15:35:59.147269+02:00,0.0043268934823572636
2026-05-14 15:35:59.162894+02:00,0.005085434764623642
2026-05-14 15:35:59.178519+02:00,0.0059372661635279655
2026-05-14 15:35:59.194144+02:00,0.006841031834483147
2026-05-14 15:35:59.209769+02:00,0.007753546349704266
2026-05-14 15:35:59.225394+02:00,0.008633909747004509
2026-05-14 15:35:59.241019+02:00,0.009445322677493095
2026-05-14 15:35:59.256644+02:00,0.01015767827630043
2026-05-14 15:35:59.272269+02:00,0.01074825320392847
2026-05-14 15:35:59.287894+02:00,0.011195757426321507
2026-05-14 15:35:59.303519+02:00,0.01146951038390398
2026-05-14 15:35:59.319144+02:00,0.01152098085731268
2026-05-14 15:35:59.334769+02:00,0.011283330619335175
2026-05-14 15:35:59.350394+02:00,0.010680180974304676
2026-05-14 15:35:59.366019+02:00,0.009641025215387344
2026-05-14 15:35:59.381644+02:00,0.008120800368487835
2026-05-14 15:35:59.397269+02:00,0.006120623089373112
2026-05-14 15:35:59.412894+02:00,0.0037017646245658398
2026-05-14 15:35:59.428519+02:00,0.0009857778204604983
2026-05-14 15:35:59.444144+02:00,-0.001858494128100574
2026-05-14 15:35:59.459769+02:00,-0.004636526573449373
2026-05-14 15:35:59.475394+02:00,-0.007154475431889296
2026-05-14 15:35:59.491019+02:00,-0.009245342575013638
2026-05-14 15:35:59.506644+02:00,-0.010788612999022007
2026-05-14 15:35:59.522269+02:00,-0.011719835922122002
2026-05-14 15:35:59.537894+02:00,-0.012030788697302341
2026-05-14 15:35:59.553519+02:00,-0.01176338642835617
2026-05-14 15:35:59.569144+02:00,-0.010999969206750393
2026-05-14 15:35:59.584769+02:00,-0.009850298054516315
2026-05-14 15:35:59.600394+02:00,-0.008438044227659702
2026-05-14 15:35:59.616019+02:00,-0.006891066674143076
2026-05-14 15:35:59.631644+02:00,-0.005333360284566879
2026-05-14 15:35:59.647269+02:00,-0.003874819725751877
2026-05-14 15:35:59.662894+02:00,-0.002601453335955739
2026-05-14 15:35:59.678519+02:00,-0.0015697299968451262
2026-05-14 15:35:59.694144+02:00,-0.0008046968141570687
2026-05-14 15:35:59.709769+02:00,-0.0003012011875398457
2026-05-14 15:35:59.725394+02:00,-2.8015347197651863e-05
2026-05-14 15:35:59.741019+02:00,6.691203452646732e-05
2026-05-14 15:35:59.756644+02:00,5.0546252168715e-05
2026-05-14 15:35:59.772269+02:00,-3.5517150536179543e-06
2026-05-14 15:35:59.787894+02:00,-2.5600544176995754e-05
2026-05-14 15:35:59.803519+02:00,4.103919491171837e-05
2026-05-14 15:35:59.819144+02:00,0.00023432692978531122
2026-05-14 15:35:59.834769+02:00,0.0005722744972445071
2026-05-14 15:35:59.850394+02:00,0.0010545674012973905
2026-05-14 15:35:59.866019+02:00,0.0016661779955029488
2026-05-14 15:35:59.881644+02:00,0.002382181119173765
2026-05-14 15:35:59.897269+02:00,0.0031713598873466253
2026-05-14 15:35:59.912894+02:00,0.0039973072707653046
2026-05-14 15:35:59.928519+02:00,0.00482063926756382
2026-05-14 15:35:59.944144+02:00,0.005604226142168045
2026-05-14 15:35:59.959769+02:00,0.006315823644399643
2026-05-14 15:35:59.975394+02:00,0.006923914887011051
2026-05-14 15:35:59.991019+02:00,0.007388470694422722
2026-05-14 15:36:00.006644+02:00,0.007651336956769228
2026-05-14 15:36:00.022269+02:00,0.007634070701897144
2026-05-14 15:36:00.037894+02:00,0.007248043082654476
2026-05-14 15:36:00.053519+02:00,0.006413684692233801
2026-05-14 15:36:00.069144+02:00,0.005082044750452042
2026-05-14 15:36:00.084769+02:00,0.0032525432761758566
2026-05-14 15:36:00.100394+02:00,0.000983608071692288
2026-05-14 15:36:00.116019+02:00,-0.0016061082715168595
2026-05-14 15:36:00.131644+02:00,-0.004348251037299633
2026-05-14 15:36:00.147269+02:00,-0.007045301143079996
2026-05-14 15:36:00.162894+02:00,-0.009495729580521584
2026-05-14 15:36:00.178519+02:00,-0.011518835090100765
2026-05-14 15:36:00.194144+02:00,-0.012975462712347507
2026-05-14 15:36:00.209769+02:00,-0.013782131485641003
2026-05-14 15:36:00.225394+02:00,-0.01391659677028656
2026-05-14 15:36:00.241019+02:00,-0.013412972912192345
2026-05-14 15:36:00.256644+02:00,-0.012349977158010006
2026-05-14 15:36:00.272269+02:00,-0.010840835981070995
2026-05-14 15:36:00.287894+02:00,-0.00902562402188778
2026-05-14 15:36:00.303519+02:00,-0.007059182971715927
2026-05-14 15:36:00.319144+02:00,-0.005094743799418211
2026-05-14 15:36:00.334769+02:00,-0.003268532222136855
2026-05-14 15:36:00.350394+02:00,-0.0016871164552867413
2026-05-14 15:36:00.366019+02:00,-0.0004185561556369066
2026-05-14 15:36:00.381644+02:00,0.0005112271755933762
2026-05-14 15:36:00.397269+02:00,0.0011162061709910631
2026-05-14 15:36:00.412894+02:00,0.0014420503284782171
2026-05-14 15:36:00.428519+02:00,0.0015555182471871376
2026-05-14 15:36:00.444144+02:00,0.0015359411481767893
2026-05-14 15:36:00.459769+02:00,0.0014672591350972652
2026-05-14 15:36:00.475394+02:00,0.0014289568644016981
2026-05-14 15:36:00.491019+02:00,0.0014888327568769455
2026-05-14 15:36:00.506644+02:00,0.0016965926624834538
2026-05-14 15:36:00.522269+02:00,0.002077207900583744
2026-05-14 15:36:00.537894+02:00,0.0026303320191800594
2026-05-14 15:36:00.553519+02:00,0.0033374859485775232
2026-05-14 15:36:00.569144+02:00,0.004169146995991468
2026-05-14 15:36:00.584769+02:00,0.005087569355964661
2026-05-14 15:36:00.600394+02:00,0.006048921495676041
2026-05-14 15:36:00.616019+02:00,0.007006615400314331
2026-05-14 15:36:00.631644+02:00,0.007913753390312195
2026-05-14 15:36:00.647269+02:00,0.008722499944269657
2026-05-14 15:36:00.662894+02:00,0.009379452094435692
2026-05-14 15:36:00.678519+02:00,0.00981907732784748
2026-05-14 15:36:00.694144+02:00,0.009960709139704704
2026-05-14 15:36:00.709769+02:00,0.009714566171169281
2026-05-14 15:36:00.725394+02:00,0.008997282013297081
2026-05-14 15:36:00.741019+02:00,0.0077529000118374825
2026-05-14 15:36:00.756644+02:00,0.005973533261567354
2026-05-14 15:36:00.772269+02:00,0.003712936770170927
2026-05-14 15:36:00.787894+02:00,0.0010880858171731234
2026-05-14 15:36:00.803519+02:00,-0.0017322638304904103
2026-05-14 15:36:00.819144+02:00,-0.004549184814095497
2026-05-14 15:36:00.834769+02:00,-0.007159015163779259
2026-05-14 15:36:00.850394+02:00,-0.009376069530844688
2026-05-14 15:36:00.866019+02:00,-0.0110505111515522
2026-05-14 15:36:00.881644+02:00,-0.012082849629223347
2026-05-14 15:36:00.897269+02:00,-0.012433506548404694
2026-05-14 15:36:00.912894+02:00,-0.012123472057282925
2026-05-14 15:36:00.928519+02:00,-0.011226128786802292
2026-05-14 15:36:00.944144+02:00,-0.009854008443653584
2026-05-14 15:36:00.959769+02:00,-0.008144376799464226
2026-05-14 15:36:00.975394+02:00,-0.006246314849704504
2026-05-14 15:36:00.991019+02:00,-0.004309483803808689
2026-05-14 15:36:01.006644+02:00,-0.002472788095474243
2026-05-14 15:36:01.022269+02:00,-0.0008525680750608444
2026-05-14 15:36:01.037894+02:00,0.0004678596742451191
2026-05-14 15:36:01.053519+02:00,0.0014453406911343336
2026-05-14 15:36:01.069144+02:00,0.0020793182775378227
2026-05-14 15:36:01.084769+02:00,0.0024082998279482126
2026-05-14 15:36:01.100394+02:00,0.002500771777704358
2026-05-14 15:36:01.116019+02:00,0.0024439494591206312
2026-05-14 15:36:01.131644+02:00,0.002332309726625681
2026-05-14 15:36:01.147269+02:00,0.0022549487184733152
2026-05-14 15:36:01.162894+02:00,0.0022836236748844385
2026-05-14 15:36:01.178519+02:00,0.0024659500923007727
2026-05-14 15:36:01.194144+02:00,0.002824635012075305
2026-05-14 15:36:01.209769+02:00,0.0033600537572056055
2026-05-14 15:36:01.225394+02:00,0.00405324948951602
2026-05-14 15:36:01.241019+02:00,0.004869302734732628
2026-05-14 15:36:01.256644+02:00,0.005763309542089701
2026-05-14 15:36:01.272269+02:00,0.006687390152364969
2026-05-14 15:36:01.287894+02:00,0.007596107665449381
2026-05-14 15:36:01.303519+02:00,0.008450374007225037
2026-05-14 15:36:01.319144+02:00,0.009216872043907642
2026-05-14 15:36:01.334769+02:00,0.009859465062618256
2026-05-14 15:36:01.350394+02:00,0.010326743125915527
2026-05-14 15:36:01.366019+02:00,0.010544603690505028
2026-05-14 15:36:01.381644+02:00,0.010418646037578583
2026-05-14 15:36:01.397269+02:00,0.009846193715929985
2026-05-14 15:36:01.412894+02:00,0.008737463504076004
2026-05-14 15:36:01.428519+02:00,0.00704302778467536
2026-05-14 15:36:01.444144+02:00,0.004777359776198864
2026-05-14 15:36:01.459769+02:00,0.002027117880061269
2026-05-14 15:36:01.475394+02:00,-0.0010570900049060583
2026-05-14 15:36:01.491019+02:00,-0.004278312437236309
2026-05-14 15:36:01.506644+02:00,-0.0074151260778307915
2026-05-14 15:36:01.522269+02:00,-0.010247519239783287
2026-05-14 15:36:01.537894+02:00,-0.012583998963236809
2026-05-14 15:36:01.553519+02:00,-0.014282243326306343
2026-05-14 15:36:01.569144+02:00,-0.015258904546499252
2026-05-14 15:36:01.584769+02:00,-0.015491531230509281
2026-05-14 15:36:01.600394+02:00,-0.015016813762485981
2026-05-14 15:36:01.616019+02:00,-0.013924350030720234
2026-05-14 15:36:01.631644+02:00,-0.012344008311629295
2026-05-14 15:36:01.647269+02:00,-0.010429460555315018
2026-05-14 15:36:01.662894+02:00,-0.008342045359313488
2026-05-14 15:36:01.678519+02:00,-0.006236316170543432
2026-05-14 15:36:01.694144+02:00,-0.004247698932886124
2026-05-14 15:36:01.709769+02:00,-0.0024834987707436085
2026-05-14 15:36:01.725394+02:00,-0.0010166922584176064
2026-05-14 15:36:01.741019+02:00,0.00011800695210695267
2026-05-14 15:36:01.756644+02:00,0.0009242845699191093
2026-05-14 15:36:01.772269+02:00,0.0014391588047146797
2026-05-14 15:36:01.787894+02:00,0.0017239847220480442
2026-05-14 15:36:01.803519+02:00,0.0018553966656327248
2026-05-14 15:36:01.819144+02:00,0.001916759181767702
2026-05-14 15:36:01.834769+02:00,0.0019889199174940586
2026-05-14 15:36:01.850394+02:00,0.0021421792916953564
2026-05-14 15:36:01.866019+02:00,0.0024299356155097485
2026-05-14 15:36:01.881644+02:00,0.002883929293602705
2026-05-14 15:36:01.897269+02:00,0.003512948052957654
2026-05-14 15:36:01.912894+02:00,0.004305072594434023
2026-05-14 15:36:01.928519+02:00,0.005232634488493204
2026-05-14 15:36:01.944144+02:00,0.006258755456656218
2026-05-14 15:36:01.959769+02:00,0.007342171855270863
2026-05-14 15:36:01.975394+02:00,0.008438704535365105
2026-05-14 15:36:01.991019+02:00,0.009502271190285683
2026-05-14 15:36:02.006644+02:00,0.010487012565135956
2026-05-14 15:36:02.022269+02:00,0.011346007697284222
2026-05-14 15:36:02.037894+02:00,0.012022994458675385
2026-05-14 15:36:02.053519+02:00,0.012442400678992271
2026-05-14 15:36:02.069144+02:00,0.012507614679634571
2026-05-14 15:36:02.084769+02:00,0.012111341580748558
2026-05-14 15:36:02.100394+02:00,0.011154690757393837
2026-05-14 15:36:02.116019+02:00,0.009571339935064316
2026-05-14 15:36:02.131644+02:00,0.007351618260145187
2026-05-14 15:36:02.147269+02:00,0.004558268003165722
2026-05-14 15:36:02.162894+02:00,0.0013286755420267582
2026-05-14 15:36:02.178519+02:00,-0.0021368563175201416
2026-05-14 15:36:02.194144+02:00,-0.0055983830243349075
2026-05-14 15:36:02.209769+02:00,-0.008807271718978882
2026-05-14 15:36:02.225394+02:00,-0.011538960039615631
2026-05-14 15:36:02.241019+02:00,-0.013619404286146164
2026-05-14 15:36:02.256644+02:00,-0.014940399676561356
2026-05-14 15:36:02.272269+02:00,-0.015464253723621368
2026-05-14 15:36:02.287894+02:00,-0.01521940529346466
2026-05-14 15:36:02.303519+02:00,-0.014289150014519691
2026-05-14 15:36:02.319144+02:00,-0.012797718867659569
2026-05-14 15:36:02.334769+02:00,-0.010896557942032814
2026-05-14 15:36:02.350394+02:00,-0.008749804459512234
2026-05-14 15:36:02.366019+02:00,-0.00651907455176115
2026-05-14 15:36:02.381644+02:00,-0.004350063856691122
2026-05-14 15:36:02.397269+02:00,-0.0023626433685421944
2026-05-14 15:36:02.412894+02:00,-0.0006446810439229012
2026-05-14 15:36:02.428519+02:00,0.0007517291232943535
2026-05-14 15:36:02.444144+02:00,0.0018119770102202892
2026-05-14 15:36:02.459769+02:00,0.002556538674980402
2026-05-14 15:36:02.475394+02:00,0.003034843597561121
2026-05-14 15:36:02.491019+02:00,0.0033184709027409554
2026-05-14 15:36:02.506644+02:00,0.003493536962196231
2026-05-14 15:36:02.522269+02:00,0.0036496564280241728
2026-05-14 15:36:02.537894+02:00,0.0038666920736432076
2026-05-14 15:36:02.553519+02:00,0.004204334691166878
2026-05-14 15:36:02.569144+02:00,0.004697798285633326
2026-05-14 15:36:02.584769+02:00,0.005359302274882793
2026-05-14 15:36:02.600394+02:00,0.006181998644024134
2026-05-14 15:36:02.616019+02:00,0.007142859045416117
2026-05-14 15:36:02.631644+02:00,0.00820520892739296
2026-05-14 15:36:02.647269+02:00,0.00932245422154665
2026-05-14 15:36:02.662894+02:00,0.01044259313493967
2026-05-14 15:36:02.678519+02:00,0.011514000594615936
2026-05-14 15:36:02.694144+02:00,0.012491222470998764
2026-05-14 15:36:02.709769+02:00,0.013335772790014744
2026-05-14 15:36:02.725394+02:00,0.01400903332978487
2026-05-14 15:36:02.741019+02:00,0.014459428377449512
2026-05-14 15:36:02.756644+02:00,0.014610457234084606
2026-05-14 15:36:02.772269+02:00,0.01435934193432331
2026-05-14 15:36:02.787894+02:00,0.013592376373708248
2026-05-14 15:36:02.803519+02:00,0.012212787754833698
2026-05-14 15:36:02.819144+02:00,0.01016992423683405
2026-05-14 15:36:02.834769+02:00,0.007480531465262175
2026-05-14 15:36:02.850394+02:00,0.00423808116465807
2026-05-14 15:36:02.866019+02:00,0.0006092606927268207
2026-05-14 15:36:02.881644+02:00,-0.00318203866481781
2026-05-14 15:36:02.897269+02:00,-0.006881485227495432
2026-05-14 15:36:02.912894+02:00,-0.010236498899757862
2026-05-14 15:36:02.928519+02:00,-0.013026159256696701
2026-05-14 15:36:02.944144+02:00,-0.0150836780667305
2026-05-14 15:36:02.959769+02:00,-0.01631123758852482
2026-05-14 15:36:02.975394+02:00,-0.016687309369444847
2026-05-14 15:36:02.991019+02:00,-0.016263233497738838
2026-05-14 15:36:03.006644+02:00,-0.015150305815041065
2026-05-14 15:36:03.022269+02:00,-0.013503414578735828
2026-05-14 15:36:03.037894+02:00,-0.011502467095851898
2026-05-14 15:36:03.053519+02:00,-0.009332348592579365
2026-05-14 15:36:03.069144+02:00,-0.007165904156863689
2026-05-14 15:36:03.084769+02:00,-0.005150747485458851
2026-05-14 15:36:03.100394+02:00,-0.0033987946808338165
2026-05-14 15:36:03.116019+02:00,-0.001980055123567581
2026-05-14 15:36:03.131644+02:00,-0.0009204994421452284
2026-05-14 15:36:03.147269+02:00,-0.00020374986343085766
2026-05-14 15:36:03.162894+02:00,0.00022168271243572235
2026-05-14 15:36:03.178519+02:00,0.00043227383866906166
2026-05-14 15:36:03.194144+02:00,0.0005187876522541046
2026-05-14 15:36:03.209769+02:00,0.0005731545388698578
2026-05-14 15:36:03.225394+02:00,0.0006758971139788628
2026-05-14 15:36:03.241019+02:00,0.0008889477467164397
2026-05-14 15:36:03.256644+02:00,0.001253616064786911
2026-05-14 15:36:03.272269+02:00,0.0017915235366672277
2026-05-14 15:36:03.287894+02:00,0.0025059939362108707
2026-05-14 15:36:03.303519+02:00,0.003382953815162182
2026-05-14 15:36:03.319144+02:00,0.00439246604219079
2026-05-14 15:36:03.334769+02:00,0.005491955671459436
2026-05-14 15:36:03.350394+02:00,0.006631805561482906
2026-05-14 15:36:03.366019+02:00,0.007761409506201744
2026-05-14 15:36:03.381644+02:00,0.008831845596432686
2026-05-14 15:36:03.397269+02:00,0.009793030098080635
2026-05-14 15:36:03.412894+02:00,0.0105858463793993
2026-05-14 15:36:03.428519+02:00,0.011133293621242046
2026-05-14 15:36:03.444144+02:00,0.011337005533277988
2026-05-14 15:36:03.459769+02:00,0.011084068566560745
2026-05-14 15:36:03.475394+02:00,0.010265136137604713
2026-05-14 15:36:03.491019+02:00,0.008799448609352112
2026-05-14 15:36:03.506644+02:00,0.0066601792350411415
2026-05-14 15:36:03.522269+02:00,0.0038944492116570473
2026-05-14 15:36:03.537894+02:00,0.0006311621982604265
2026-05-14 15:36:03.553519+02:00,-0.0029290448874235153
2026-05-14 15:36:03.569144+02:00,-0.006538894027471542
2026-05-14 15:36:03.584769+02:00,-0.009934857487678528
2026-05-14 15:36:03.600394+02:00,-0.012867729179561138
2026-05-14 15:36:03.616019+02:00,-0.015131931751966476
2026-05-14 15:36:03.631644+02:00,-0.016587233170866966
2026-05-14 15:36:03.647269+02:00,-0.017168670892715454
2026-05-14 15:36:03.662894+02:00,-0.016886696219444275
2026-05-14 15:36:03.678519+02:00,-0.015820162370800972
2026-05-14 15:36:03.694144+02:00,-0.014104424975812435
2026-05-14 15:36:03.709769+02:00,-0.011915590614080429
2026-05-14 15:36:03.725394+02:00,-0.009452428668737411
2026-05-14 15:36:03.741019+02:00,-0.006917532067745924
2026-05-14 15:36:03.756644+02:00,-0.004496993497014046
2026-05-14 15:36:03.772269+02:00,-0.0023419191129505634
2026-05-14 15:36:03.787894+02:00,-0.0005571342771872878
2026-05-14 15:36:03.803519+02:00,0.0008031430770643055
2026-05-14 15:36:03.819144+02:00,0.0017342966748401523
2026-05-14 15:36:03.834769+02:00,0.00227495189756155
2026-05-14 15:36:03.850394+02:00,0.002497625071555376
2026-05-14 15:36:03.866019+02:00,0.0024987917859107256
2026-05-14 15:36:03.881644+02:00,0.002386844251304865
2026-05-14 15:36:03.897269+02:00,0.0022697094827890396
2026-05-14 15:36:03.912894+02:00,0.00224562780931592
2026-05-14 15:36:03.928519+02:00,0.002393960254266858
2026-05-14 15:36:03.944144+02:00,0.0027656573802232742
2026-05-14 15:36:03.959769+02:00,0.0033789067529141903
2026-05-14 15:36:03.975394+02:00,0.004220857750624418
2026-05-14 15:36:03.991019+02:00,0.005252918694168329
2026-05-14 15:36:04.006644+02:00,0.0064187608659267426
2026-05-14 15:36:04.022269+02:00,0.007654109504073858
2026-05-14 15:36:04.037894+02:00,0.008895259350538254
2026-05-14 15:36:04.053519+02:00,0.01008258480578661
2026-05-14 15:36:04.069144+02:00,0.0111573850736022
2026-05-14 15:36:04.084769+02:00,0.012052834033966064
2026-05-14 15:36:04.100394+02:00,0.012683559209108353
2026-05-14 15:36:04.116019+02:00,0.012941920198500156
2026-05-14 15:36:04.131644+02:00,0.012705841101706028
2026-05-14 15:36:04.147269+02:00,0.011856851167976856
2026-05-14 15:36:04.162894+02:00,0.010305722244083881
2026-05-14 15:36:04.178519+02:00,0.008020942099392414
2026-05-14 15:36:04.194144+02:00,0.005049831699579954
2026-05-14 15:36:04.209769+02:00,0.0015242805238813162
2026-05-14 15:36:04.225394+02:00,-0.002348995767533779
2026-05-14 15:36:04.241019+02:00,-0.006310909986495972
2026-05-14 15:36:04.256644+02:00,-0.010082588531076908
2026-05-14 15:36:04.272269+02:00,-0.013401035219430923
2026-05-14 15:36:04.287894+02:00,-0.016048649325966835
2026-05-14 15:36:04.303519+02:00,-0.01787390559911728
2026-05-14 15:36:04.319144+02:00,-0.018803400918841362
2026-05-14 15:36:04.334769+02:00,-0.018842995166778564
2026-05-14 15:36:04.350394+02:00,-0.018068192526698112
2026-05-14 15:36:04.366019+02:00,-0.016608018428087234
2026-05-14 15:36:04.381644+02:00,-0.014627116732299328
2026-05-14 15:36:04.397269+02:00,-0.012308670207858086
2026-05-14 15:36:04.412894+02:00,-0.00983805675059557
2026-05-14 15:36:04.428519+02:00,-0.007387474179267883
2026-05-14 15:36:04.444144+02:00,-0.005103618372231722
2026-05-14 15:36:04.459769+02:00,-0.003099270397797227
2026-05-14 15:36:04.475394+02:00,-0.001447139773517847
2026-05-14 15:36:04.491019+02:00,-0.00017621245933696628
2026-05-14 15:36:04.506644+02:00,0.0007261333521455526
2026-05-14 15:36:04.522269+02:00,0.0013075267197564244
2026-05-14 15:36:04.537894+02:00,0.0016428406815975904
2026-05-14 15:36:04.553519+02:00,0.001824409468099475
2026-05-14 15:36:04.569144+02:00,0.0019508417462930083
2026-05-14 15:36:04.584769+02:00,0.0021164226345717907
2026-05-14 15:36:04.600394+02:00,0.0024011926725506783
2026-05-14 15:36:04.616019+02:00,0.0028628245927393436
2026-05-14 15:36:04.631644+02:00,0.0035316511057317257
2026-05-14 15:36:04.647269+02:00,0.004409327637404203
2026-05-14 15:36:04.662894+02:00,0.005471368320286274
2026-05-14 15:36:04.678519+02:00,0.006672488525509834
2026-05-14 15:36:04.694144+02:00,0.007953403517603874
2026-05-14 15:36:04.709769+02:00,0.009249186143279076
2026-05-14 15:36:04.725394+02:00,0.010498099029064178
2026-05-14 15:36:04.741019+02:00,0.01164676807820797
2026-05-14 15:36:04.756644+02:00,0.012648503296077251
2026-05-14 15:36:04.772269+02:00,0.013453682884573936
2026-05-14 15:36:04.787894+02:00,0.013994624838232994
2026-05-14 15:36:04.803519+02:00,0.014175043441355228
2026-05-14 15:36:04.819144+02:00,0.013874862343072891
2026-05-14 15:36:04.834769+02:00,0.012970274314284325
2026-05-14 15:36:04.850394+02:00,0.011362273246049881
2026-05-14 15:36:04.866019+02:00,0.009007781744003296
2026-05-14 15:36:04.881644+02:00,0.005943882744759321
2026-05-14 15:36:04.897269+02:00,0.0022950591519474983
2026-05-14 15:36:04.912894+02:00,-0.0017364080995321274
2026-05-14 15:36:04.928519+02:00,-0.005891704466193914
2026-05-14 15:36:04.944144+02:00,-0.00988592579960823
2026-05-14 15:36:04.959769+02:00,-0.013443010859191418
2026-05-14 15:36:04.975394+02:00,-0.01632864587008953
2026-05-14 15:36:04.991019+02:00,-0.0183755811303854
2026-05-14 15:36:05.006644+02:00,-0.01949644461274147
2026-05-14 15:36:05.022269+02:00,-0.019684122875332832
2026-05-14 15:36:05.037894+02:00,-0.01900310069322586
2026-05-14 15:36:05.053519+02:00,-0.017573701217770576
2026-05-14 15:36:05.069144+02:00,-0.015554159879684448
2026-05-14 15:36:05.084769+02:00,-0.013126356527209282
2026-05-14 15:36:05.100394+02:00,-0.010482772253453732
2026-05-14 15:36:05.116019+02:00,-0.007810319308191538
2026-05-14 15:36:05.131644+02:00,-0.005273676011711359
2026-05-14 15:36:05.147269+02:00,-0.0030029313638806343
2026-05-14 15:36:05.162894+02:00,-0.001086240983568132
2026-05-14 15:36:05.178519+02:00,0.0004336293204687536
2026-05-14 15:36:05.194144+02:00,0.001558464951813221
2026-05-14 15:36:05.209769+02:00,0.0023294936399906874
2026-05-14 15:36:05.225394+02:00,0.002818700857460499
2026-05-14 15:36:05.241019+02:00,0.0031175159383565187
2026-05-14 15:36:05.256644+02:00,0.003324956865981221
2026-05-14 15:36:05.272269+02:00,0.003535768250003457
2026-05-14 15:36:05.287894+02:00,0.003829516004770994
2026-05-14 15:36:05.303519+02:00,0.004263104405254126
2026-05-14 15:36:05.319144+02:00,0.00486688781529665
2026-05-14 15:36:05.334769+02:00,0.005645197816193104
2026-05-14 15:36:05.350394+02:00,0.006581488065421581
2026-05-14 15:36:05.366019+02:00,0.007643694523721933
2026-05-14 15:36:05.381644+02:00,0.00878848321735859
2026-05-14 15:36:05.397269+02:00,0.009967274963855743
2026-05-14 15:36:05.412894+02:00,0.011132768355309963
2026-05-14 15:36:05.428519+02:00,0.01224195584654808
2026-05-14 15:36:05.444144+02:00,0.013254259712994099
2026-05-14 15:36:05.459769+02:00,0.014125741086900234
2026-05-14 15:36:05.475394+02:00,0.014800560660660267
2026-05-14 15:36:05.491019+02:00,0.015201599337160587
2026-05-14 15:36:05.506644+02:00,0.015226117335259914
2026-05-14 15:36:05.522269+02:00,0.014753630384802818
2026-05-14 15:36:05.537894+02:00,0.013667354360222816
2026-05-14 15:36:05.553519+02:00,0.011883396655321121
2026-05-14 15:36:05.569144+02:00,0.009377877227962017
2026-05-14 15:36:05.584769+02:00,0.0062034460715949535
2026-05-14 15:36:05.600394+02:00,0.0024931607767939568
2026-05-14 15:36:05.616019+02:00,-0.001547579886391759
2026-05-14 15:36:05.631644+02:00,-0.005661181174218655
2026-05-14 15:36:05.647269+02:00,-0.009566952474415302
2026-05-14 15:36:05.662894+02:00,-0.012993725016713142
2026-05-14 15:36:05.678519+02:00,-0.015711892396211624
2026-05-14 15:36:05.694144+02:00,-0.017560571432113647
2026-05-14 15:36:05.709769+02:00,-0.018464097753167152
2026-05-14 15:36:05.725394+02:00,-0.018433518707752228
2026-05-14 15:36:05.741019+02:00,-0.01755497232079506
2026-05-14 15:36:05.756644+02:00,-0.01597057655453682
2026-05-14 15:36:05.772269+02:00,-0.013857334852218628
2026-05-14 15:36:05.787894+02:00,-0.011409029364585876
2026-05-14 15:36:05.803519+02:00,-0.008820680901408195
2026-05-14 15:36:05.819144+02:00,-0.006272442173212767
2026-05-14 15:36:05.834769+02:00,-0.00391495693475008
2026-05-14 15:36:05.850394+02:00,-0.001859844895079732
2026-05-14 15:36:05.866019+02:00,-0.00017573917284607887
2026-05-14 15:36:05.881644+02:00,0.0011115011293441057
2026-05-14 15:36:05.897269+02:00,0.002016429789364338
2026-05-14 15:36:05.912894+02:00,0.002589642768725753
2026-05-14 15:36:05.928519+02:00,0.0029095374047756195
2026-05-14 15:36:05.944144+02:00,0.0030709640122950077
2026-05-14 15:36:05.959769+02:00,0.0031726984307169914
2026-05-14 15:36:05.975394+02:00,0.003304701764136553
2026-05-14 15:36:05.991019+02:00,0.0035380288027226925
2026-05-14 15:36:06.006644+02:00,0.003920841962099075
2026-05-14 15:36:06.022269+02:00,0.004479155410081148
2026-05-14 15:36:06.037894+02:00,0.005217227153480053
2026-05-14 15:36:06.053519+02:00,0.006117501761764288
2026-05-14 15:36:06.069144+02:00,0.0071438951417803764
2026-05-14 15:36:06.084769+02:00,0.008248339407145977
2026-05-14 15:36:06.100394+02:00,0.009378400631248951
2026-05-14 15:36:06.116019+02:00,0.010483013466000557
2026-05-14 15:36:06.131644+02:00,0.01151435449719429
2026-05-14 15:36:06.147269+02:00,0.012429065071046352
2026-05-14 15:36:06.162894+02:00,0.013189097866415977
2026-05-14 15:36:06.178519+02:00,0.01375618390738964
2026-05-14 15:36:06.194144+02:00,0.014080304652452469
2026-05-14 15:36:06.209769+02:00,0.014089822769165039
2026-05-14 15:36:06.225394+02:00,0.013690229505300522
2026-05-14 15:36:06.241019+02:00,0.01277715153992176
2026-05-14 15:36:06.256644+02:00,0.01126307062804699
2026-05-14 15:36:06.272269+02:00,0.009106259793043137
2026-05-14 15:36:06.287894+02:00,0.006330755539238453
2026-05-14 15:36:06.303519+02:00,0.003035634756088257
2026-05-14 15:36:06.319144+02:00,-0.0006077950820326805
2026-05-14 15:36:06.334769+02:00,-0.004373995121568441
2026-05-14 15:36:06.350394+02:00,-0.008011667989194393
2026-05-14 15:36:06.366019+02:00,-0.01127501018345356
2026-05-14 15:36:06.381644+02:00,-0.013952819630503654
2026-05-14 15:36:06.397269+02:00,-0.01589040644466877
2026-05-14 15:36:06.412894+02:00,-0.017001647502183914
2026-05-14 15:36:06.428519+02:00,-0.017271988093852997
2026-05-14 15:36:06.444144+02:00,-0.016753893345594406
2026-05-14 15:36:06.459769+02:00,-0.01555684581398964
2026-05-14 15:36:06.475394+02:00,-0.013833170756697655
2026-05-14 15:36:06.491019+02:00,-0.011760176159441471
2026-05-14 15:36:06.506644+02:00,-0.009522132575511932
2026-05-14 15:36:06.522269+02:00,-0.007294537499547005
2026-05-14 15:36:06.537894+02:00,-0.00522962398827076
2026-05-14 15:36:06.553519+02:00,-0.0034450083039700985
2026-05-14 15:36:06.569144+02:00,-0.0020169494673609734
2026-05-14 15:36:06.584769+02:00,-0.0009768386371433735
2026-05-14 15:36:06.600394+02:00,-0.0003127316012978554
2026-05-14 15:36:06.616019+02:00,2.2956635802984238e-05
2026-05-14 15:36:06.631644+02:00,0.00010368833318352699
2026-05-14 15:36:06.647269+02:00,1.970585435628891e-05
2026-05-14 15:36:06.662894+02:00,-0.00013211602345108986
2026-05-14 15:36:06.678519+02:00,-0.00025975611060857773
2026-05-14 15:36:06.694144+02:00,-0.00028503360226750374
2026-05-14 15:36:06.709769+02:00,-0.00014946423470973969
2026-05-14 15:36:06.725394+02:00,0.00018004747107625008
2026-05-14 15:36:06.741019+02:00,0.000708406325429678
2026-05-14 15:36:06.756644+02:00,0.001415214966982603
2026-05-14 15:36:06.772269+02:00,0.0022606654092669487
2026-05-14 15:36:06.787894+02:00,0.0031941919587552547
2026-05-14 15:36:06.803519+02:00,0.004164507146924734
2026-05-14 15:36:06.819144+02:00,0.005124985706061125
2026-05-14 15:36:06.834769+02:00,0.006032969336956739
2026-05-14 15:36:06.850394+02:00,0.006845248397439718
2026-05-14 15:36:06.866019+02:00,0.0075105042196810246
2026-05-14 15:36:06.881644+02:00,0.007961539551615715
2026-05-14 15:36:06.897269+02:00,0.008111622184515
2026-05-14 15:36:06.912894+02:00,0.007859313860535622
2026-05-14 15:36:06.928519+02:00,0.007105217315256596
2026-05-14 15:36:06.944144+02:00,0.005777144804596901
2026-05-14 15:36:06.959769+02:00,0.003854411654174328
2026-05-14 15:36:06.975394+02:00,0.001383376307785511
2026-05-14 15:36:06.991019+02:00,-0.0015193638391792774
2026-05-14 15:36:07.006644+02:00,-0.004676529206335545
2026-05-14 15:36:07.022269+02:00,-0.007870984263718128
2026-05-14 15:36:07.037894+02:00,-0.010873482562601566
2026-05-14 15:36:07.053519+02:00,-0.013469788245856762
2026-05-14 15:36:07.069144+02:00,-0.015481634996831417
2026-05-14 15:36:07.084769+02:00,-0.016781914979219437
2026-05-14 15:36:07.100394+02:00,-0.017304733395576477
2026-05-14 15:36:07.116019+02:00,-0.017049260437488556
2026-05-14 15:36:07.131644+02:00,-0.016078267246484756
2026-05-14 15:36:07.147269+02:00,-0.014510579407215118
2026-05-14 15:36:07.162894+02:00,-0.012505599297583103
2026-05-14 15:36:07.178519+02:00,-0.010242429561913013
2026-05-14 15:36:07.194144+02:00,-0.007898885756731033
2026-05-14 15:36:07.209769+02:00,-0.005635405890643597
2026-05-14 15:36:07.225394+02:00,-0.0035841958597302437
2026-05-14 15:36:07.241019+02:00,-0.0018406340386718512
2026-05-14 15:36:07.256644+02:00,-0.00045791780576109886
2026-05-14 15:36:07.272269+02:00,0.0005534330848604441
2026-05-14 15:36:07.287894+02:00,0.0012219753116369247
2026-05-14 15:36:07.303519+02:00,0.0016073600854724646
2026-05-14 15:36:07.319144+02:00,0.001788934925571084
2026-05-14 15:36:07.334769+02:00,0.0018544064369052649
2026-05-14 15:36:07.350394+02:00,0.0018902653828263283
2026-05-14 15:36:07.366019+02:00,0.0019736262038350105
2026-05-14 15:36:07.381644+02:00,0.002165751066058874
2026-05-14 15:36:07.397269+02:00,0.0025072074495255947
2026-05-14 15:36:07.412894+02:00,0.003015028778463602
2026-05-14 15:36:07.428519+02:00,0.003683960298076272
2026-05-14 15:36:07.444144+02:00,0.004491366446018219
2026-05-14 15:36:07.459769+02:00,0.005401854403316975
2026-05-14 15:36:07.475394+02:00,0.0063695600256323814
2026-05-14 15:36:07.491019+02:00,0.007340863347053528
2026-05-14 15:36:07.506644+02:00,0.008259651251137257
2026-05-14 15:36:07.522269+02:00,0.00907033309340477
2026-05-14 15:36:07.537894+02:00,0.009713102132081985
2026-05-14 15:36:07.553519+02:00,0.010114358738064766
2026-05-14 15:36:07.569144+02:00,0.010182641446590424
2026-05-14 15:36:07.584769+02:00,0.00981743261218071
2026-05-14 15:36:07.600394+02:00,0.008928002789616585
2026-05-14 15:36:07.616019+02:00,0.007457000203430653
2026-05-14 15:36:07.631644+02:00,0.00540420925244689
2026-05-14 15:36:07.647269+02:00,0.0028404155746102333
2026-05-14 15:36:07.662894+02:00,-9.644869714975357e-05
2026-05-14 15:36:07.678519+02:00,-0.0032181162387132645
2026-05-14 15:36:07.694144+02:00,-0.006307882256805897
2026-05-14 15:36:07.709769+02:00,-0.009144803509116173
2026-05-14 15:36:07.725394+02:00,-0.01152816228568554
2026-05-14 15:36:07.741019+02:00,-0.013299906626343727
2026-05-14 15:36:07.756644+02:00,-0.014361608773469925
2026-05-14 15:36:07.772269+02:00,-0.01468200795352459
2026-05-14 15:36:07.787894+02:00,-0.01429558265954256
2026-05-14 15:36:07.803519+02:00,-0.013293207623064518
2026-05-14 15:36:07.819144+02:00,-0.01180560514330864
2026-05-14 15:36:07.834769+02:00,-0.009984382428228855
2026-05-14 15:36:07.850394+02:00,-0.007985910400748253
2026-05-14 15:36:07.866019+02:00,-0.005959486588835716
2026-05-14 15:36:07.881644+02:00,-0.004037232603877783
2026-05-14 15:36:07.897269+02:00,-0.0023243532050400972
2026-05-14 15:36:07.912894+02:00,-0.0008927896851673722
2026-05-14 15:36:07.928519+02:00,0.0002211756946053356
2026-05-14 15:36:07.944144+02:00,0.0010174494236707687
2026-05-14 15:36:07.959769+02:00,0.0015295713674277067
2026-05-14 15:36:07.975394+02:00,0.0018170743715018034
2026-05-14 15:36:07.991019+02:00,0.0019537359476089478
2026-05-14 15:36:08.006644+02:00,0.002015363425016403
2026-05-14 15:36:08.022269+02:00,0.002070744289085269
2026-05-14 15:36:08.037894+02:00,0.0021765632554888725
2026-05-14 15:36:08.053519+02:00,0.002374772448092699
2026-05-14 15:36:08.069144+02:00,0.002691321074962616
2026-05-14 15:36:08.084769+02:00,0.0031371840741485357
2026-05-14 15:36:08.100394+02:00,0.003710914868861437
2026-05-14 15:36:08.116019+02:00,0.004399427212774754
2026-05-14 15:36:08.131644+02:00,0.00517804641276598
2026-05-14 15:36:08.147269+02:00,0.006013484671711922
2026-05-14 15:36:08.162894+02:00,0.006868739612400532
2026-05-14 15:36:08.178519+02:00,0.0077054062858223915
2026-05-14 15:36:08.194144+02:00,0.008480332791805267
2026-05-14 15:36:08.209769+02:00,0.009138550609350204
2026-05-14 15:36:08.225394+02:00,0.009607627056539059
2026-05-14 15:36:08.241019+02:00,0.009797501377761364
2026-05-14 15:36:08.256644+02:00,0.009608414955437183
2026-05-14 15:36:08.272269+02:00,0.008947249501943588
2026-05-14 15:36:08.287894+02:00,0.007749407552182674
2026-05-14 15:36:08.303519+02:00,0.0060011111199855804
2026-05-14 15:36:08.319144+02:00,0.003754515666514635
2026-05-14 15:36:08.334769+02:00,0.0011292159324511886
2026-05-14 15:36:08.350394+02:00,-0.0016999357612803578
2026-05-14 15:36:08.366019+02:00,-0.004524738062173128
2026-05-14 15:36:08.381644+02:00,-0.007130587473511696
2026-05-14 15:36:08.397269+02:00,-0.009322878904640675
2026-05-14 15:36:08.412894+02:00,-0.010949376039206982
2026-05-14 15:36:08.428519+02:00,-0.011916141025722027
2026-05-14 15:36:08.444144+02:00,-0.012193216942250729
2026-05-14 15:36:08.459769+02:00,-0.011810318566858768
2026-05-14 15:36:08.475394+02:00,-0.010846255347132683
2026-05-14 15:36:08.491019+02:00,-0.009415007196366787
2026-05-14 15:36:08.506644+02:00,-0.007651385851204395
2026-05-14 15:36:08.522269+02:00,-0.00569840706884861
2026-05-14 15:36:08.537894+02:00,-0.003697087988257408
2026-05-14 15:36:08.553519+02:00,-0.0017764067742973566
2026-05-14 15:36:08.569144+02:00,-4.129810258746147e-05
2026-05-14 15:36:08.584769+02:00,0.0014362756628543139
2026-05-14 15:36:08.600394+02:00,0.0026188823394477367
2026-05-14 15:36:08.616019+02:00,0.0035020620562136173
2026-05-14 15:36:08.631644+02:00,0.004111258778721094
2026-05-14 15:36:08.647269+02:00,0.004494545049965382
2026-05-14 15:36:08.662894+02:00,0.004713278263807297
2026-05-14 15:36:08.678519+02:00,0.00483351293951273
2026-05-14 15:36:08.694144+02:00,0.004918940830975771
2026-05-14 15:36:08.709769+02:00,0.0050261677242815495
2026-05-14 15:36:08.725394+02:00,0.0052011581137776375
2026-05-14 15:36:08.741019+02:00,0.00547582795843482
2026-05-14 15:36:08.756644+02:00,0.005866042338311672
2026-05-14 15:36:08.772269+02:00,0.00637216679751873
2026-05-14 15:36:08.787894+02:00,0.0069814398884773254
2026-05-14 15:36:08.803519+02:00,0.00767082953825593
2026-05-14 15:36:08.819144+02:00,0.008410284295678139
2026-05-14 15:36:08.834769+02:00,0.009166080504655838
2026-05-14 15:36:08.850394+02:00,0.00990343652665615
2026-05-14 15:36:08.866019+02:00,0.010588307864964008
2026-05-14 15:36:08.881644+02:00,0.011187383905053139
2026-05-14 15:36:08.897269+02:00,0.011664041317999363
2026-05-14 15:36:08.912894+02:00,0.011970141902565956
2026-05-14 15:36:08.928519+02:00,0.01203979179263115
2026-05-14 15:36:08.944144+02:00,0.011793863028287888
2026-05-14 15:36:08.959769+02:00,0.011155492626130581
2026-05-14 15:36:08.975394+02:00,0.010068529285490513
2026-05-14 15:36:08.991019+02:00,0.008513743989169598
2026-05-14 15:36:09.006644+02:00,0.006521299481391907
2026-05-14 15:36:09.022269+02:00,0.004176149144768715
2026-05-14 15:36:09.037894+02:00,0.0016125255497172475
2026-05-14 15:36:09.053519+02:00,-0.001001644879579544
2026-05-14 15:36:09.069144+02:00,-0.003486037952825427
2026-05-14 15:36:09.084769+02:00,-0.005671435967087746
2026-05-14 15:36:09.100394+02:00,-0.007420700043439865
2026-05-14 15:36:09.116019+02:00,-0.008641598746180534
2026-05-14 15:36:09.131644+02:00,-0.009291086345911026
2026-05-14 15:36:09.147269+02:00,-0.00937387440353632
2026-05-14 15:36:09.162894+02:00,-0.008936414495110512
2026-05-14 15:36:09.178519+02:00,-0.008058249950408936
2026-05-14 15:36:09.194144+02:00,-0.006843074690550566
2026-05-14 15:36:09.209769+02:00,-0.005409222096204758
2026-05-14 15:36:09.225394+02:00,-0.0038786078803241253
2026-05-14 15:36:09.241019+02:00,-0.002365309977903962
2026-05-14 15:36:09.256644+02:00,-0.000967367785051465
2026-05-14 15:36:09.272269+02:00,0.00023761496413499117
2026-05-14 15:36:09.287894+02:00,0.0011956319212913513
2026-05-14 15:36:09.303519+02:00,0.0018789912573993206
2026-05-14 15:36:09.319144+02:00,0.0022894786670804024
2026-05-14 15:36:09.334769+02:00,0.002459870185703039
2026-05-14 15:36:09.350394+02:00,0.0024487082846462727
2026-05-14 15:36:09.366019+02:00,0.0023297355510294437
2026-05-14 15:36:09.381644+02:00,0.0021803807467222214
2026-05-14 15:36:09.397269+02:00,0.0020704378839582205
2026-05-14 15:36:09.412894+02:00,0.002053575124591589
2026-05-14 15:36:09.428519+02:00,0.0021650688722729683
2026-05-14 15:36:09.444144+02:00,0.0024231739807873964
2026-05-14 15:36:09.459769+02:00,0.00282904296182096
2026-05-14 15:36:09.475394+02:00,0.003366747172549367
2026-05-14 15:36:09.491019+02:00,0.004007148556411266
2026-05-14 15:36:09.506644+02:00,0.004713509697467089
2026-05-14 15:36:09.522269+02:00,0.00544526195153594
2026-05-14 15:36:09.537894+02:00,0.006160017568618059
2026-05-14 15:36:09.553519+02:00,0.00681571988388896
2026-05-14 15:36:09.569144+02:00,0.007373444270342588
2026-05-14 15:36:09.584769+02:00,0.007798829115927219
2026-05-14 15:36:09.600394+02:00,0.008059551008045673
2026-05-14 15:36:09.616019+02:00,0.008119899779558182
2026-05-14 15:36:09.631644+02:00,0.007936712354421616
2026-05-14 15:36:09.647269+02:00,0.007459881249815226
2026-05-14 15:36:09.662894+02:00,0.006639148574322462
2026-05-14 15:36:09.678519+02:00,0.005437157582491636
2026-05-14 15:36:09.694144+02:00,0.0038456376641988754
2026-05-14 15:36:09.709769+02:00,0.0018989862874150276
2026-05-14 15:36:09.725394+02:00,-0.00032107578590512276
2026-05-14 15:36:09.741019+02:00,-0.002692038659006357
2026-05-14 15:36:09.756644+02:00,-0.005064965225756168
2026-05-14 15:36:09.772269+02:00,-0.0072822668589651585
2026-05-14 15:36:09.787894+02:00,-0.009196317754685879
2026-05-14 15:36:09.803519+02:00,-0.010686616413295269
2026-05-14 15:36:09.819144+02:00,-0.011671684682369232
2026-05-14 15:36:09.834769+02:00,-0.012115022167563438
2026-05-14 15:36:09.850394+02:00,-0.012028027325868607
2026-05-14 15:36:09.866019+02:00,-0.011468160897493362
2026-05-14 15:36:09.881644+02:00,-0.01052846759557724
2026-05-14 15:36:09.897269+02:00,-0.009321625344455242
2026-05-14 15:36:09.912894+02:00,-0.007965792901813984
2026-05-14 15:36:09.928519+02:00,-0.006575528532266617
2026-05-14 15:36:09.944144+02:00,-0.00525494571775198
2026-05-14 15:36:09.959769+02:00,-0.004090365953743458
2026-05-14 15:36:09.975394+02:00,-0.003143920563161373
2026-05-14 15:36:09.991019+02:00,-0.0024495734833180904
2026-05-14 15:36:10.006644+02:00,-0.0020125024020671844
2026-05-14 15:36:10.022269+02:00,-0.0018127239309251308
2026-05-14 15:36:10.037894+02:00,-0.0018104254268109798
2026-05-14 15:36:10.053519+02:00,-0.0019509564153850079
2026-05-14 15:36:10.069144+02:00,-0.0021708295680582523
2026-05-14 15:36:10.084769+02:00,-0.0024051028303802013
2026-05-14 15:36:10.100394+02:00,-0.002595455851405859
2026-05-14 15:36:10.116019+02:00,-0.0026972005143761635
2026-05-14 15:36:10.131644+02:00,-0.002682081423699856
2026-05-14 15:36:10.147269+02:00,-0.002537242602556944
2026-05-14 15:36:10.162894+02:00,-0.002263593953102827
2026-05-14 15:36:10.178519+02:00,-0.001874567475169897
2026-05-14 15:36:10.194144+02:00,-0.001394124235957861
2026-05-14 15:36:10.209769+02:00,-0.0008534430526196957
2026-05-14 15:36:10.225394+02:00,-0.00028668250888586044
2026-05-14 15:36:10.241019+02:00,0.00027344049885869026
2026-05-14 15:36:10.256644+02:00,0.0007976819761097431
2026-05-14 15:36:10.272269+02:00,0.0012577548623085022
2026-05-14 15:36:10.287894+02:00,0.0016208849847316742
2026-05-14 15:36:10.303519+02:00,0.001845013815909624
2026-05-14 15:36:10.319144+02:00,0.0018780101090669632
2026-05-14 15:36:10.334769+02:00,0.0016624233685433865
2026-05-14 15:36:10.350394+02:00,0.0011453339830040932
2026-05-14 15:36:10.366019+02:00,0.000291257631033659
2026-05-14 15:36:10.381644+02:00,-0.0009055244736373425
2026-05-14 15:36:10.397269+02:00,-0.002411496825516224
2026-05-14 15:36:10.412894+02:00,-0.004149147775024176
2026-05-14 15:36:10.428519+02:00,-0.006001805420964956
2026-05-14 15:36:10.444144+02:00,-0.007829717360436916
2026-05-14 15:36:10.459769+02:00,-0.009491310454905033
2026-05-14 15:36:10.475394+02:00,-0.010862126015126705
2026-05-14 15:36:10.491019+02:00,-0.011847090907394886
2026-05-14 15:36:10.506644+02:00,-0.012385755777359009
2026-05-14 15:36:10.522269+02:00,-0.012454010546207428
2026-05-14 15:36:10.537894+02:00,-0.012065611779689789
2026-05-14 15:36:10.553519+02:00,-0.011270599439740181
2026-05-14 15:36:10.569144+02:00,-0.010146662592887878
2026-05-14 15:36:10.584769+02:00,-0.0087882149964571
2026-05-14 15:36:10.600394+02:00,-0.0072980355471372604
2026-05-14 15:36:10.616019+02:00,-0.005778389051556587
2026-05-14 15:36:10.631644+02:00,-0.004320776090025902
2026-05-14 15:36:10.647269+02:00,-0.002999015850946307
2026-05-14 15:36:10.662894+02:00,-0.0018660404020920396
2026-05-14 15:36:10.678519+02:00,-0.0009505590423941612
2026-05-14 15:36:10.694144+02:00,-0.0002547591575421393
2026-05-14 15:36:10.709769+02:00,0.00024343933910131454
2026-05-14 15:36:10.725394+02:00,0.0005842293612658978
2026-05-14 15:36:10.741019+02:00,0.0008173364913091063
2026-05-14 15:36:10.756644+02:00,0.0009940483141690493
2026-05-14 15:36:10.772269+02:00,0.0011638591531664133
2026-05-14 15:36:10.787894+02:00,0.001371429767459631
2026-05-14 15:36:10.803519+02:00,0.001649020705372095
2026-05-14 15:36:10.819144+02:00,0.0020112241618335247
2026-05-14 15:36:10.834769+02:00,0.0024586752988398075
2026-05-14 15:36:10.850394+02:00,0.0029855743050575256
2026-05-14 15:36:10.866019+02:00,0.003582686884328723
2026-05-14 15:36:10.881644+02:00,0.0042357062920928
2026-05-14 15:36:10.897269+02:00,0.004924023523926735
2026-05-14 15:36:10.912894+02:00,0.005621747579425573
2026-05-14 15:36:10.928519+02:00,0.006300590932369232
2026-05-14 15:36:10.944144+02:00,0.006933253258466721
2026-05-14 15:36:10.959769+02:00,0.007493569049984217
2026-05-14 15:36:10.975394+02:00,0.007953265681862831
2026-05-14 15:36:10.991019+02:00,0.00827818177640438
2026-05-14 15:36:11.006644+02:00,0.008423241786658764
2026-05-14 15:36:11.022269+02:00,0.008329831063747406
2026-05-14 15:36:11.037894+02:00,0.00793515332043171
2026-05-14 15:36:11.053519+02:00,0.007192191667854786
2026-05-14 15:36:11.069144+02:00,0.006087907124310732
2026-05-14 15:36:11.084769+02:00,0.004652587231248617
2026-05-14 15:36:11.100394+02:00,0.0029604851733893156
2026-05-14 15:36:11.116019+02:00,0.0011231310199946165
2026-05-14 15:36:11.131644+02:00,-0.0007233618525788188
2026-05-14 15:36:11.147269+02:00,-0.002435899805277586
2026-05-14 15:36:11.162894+02:00,-0.0038844416849315166
2026-05-14 15:36:11.178519+02:00,-0.004968378692865372
2026-05-14 15:36:11.194144+02:00,-0.0056242672726511955
2026-05-14 15:36:11.209769+02:00,-0.005827628076076508
2026-05-14 15:36:11.225394+02:00,-0.005593273788690567
2026-05-14 15:36:11.241019+02:00,-0.004973363131284714
2026-05-14 15:36:11.256644+02:00,-0.004050966817885637
2026-05-14 15:36:11.272269+02:00,-0.0029285065829753876
2026-05-14 15:36:11.287894+02:00,-0.001713230973109603
2026-05-14 15:36:11.303519+02:00,-0.0005044948775321245
2026-05-14 15:36:11.319144+02:00,0.0006144422804936767
2026-05-14 15:36:11.334769+02:00,0.0015806627925485373
2026-05-14 15:36:11.350394+02:00,0.002353243762627244
2026-05-14 15:36:11.366019+02:00,0.0029134354554116726
2026-05-14 15:36:11.381644+02:00,0.0032641650177538395
2026-05-14 15:36:11.397269+02:00,0.0034279227256774902
2026-05-14 15:36:11.412894+02:00,0.003441861132159829
2026-05-14 15:36:11.428519+02:00,0.0033528334461152554
2026-05-14 15:36:11.444144+02:00,0.0032138340175151825
2026-05-14 15:36:11.459769+02:00,0.0030777184292674065
2026-05-14 15:36:11.475394+02:00,0.0029884919058531523
2026-05-14 15:36:11.491019+02:00,0.0029760641045868397
2026-05-14 15:36:11.506644+02:00,0.00305575761012733
2026-05-14 15:36:11.522269+02:00,0.0032302984036505222
2026-05-14 15:36:11.537894+02:00,0.0034920591861009598
2026-05-14 15:36:11.553519+02:00,0.0038243266753852367
2026-05-14 15:36:11.569144+02:00,0.004203652031719685
2026-05-14 15:36:11.584769+02:00,0.004603882320225239
2026-05-14 15:36:11.600394+02:00,0.004999080207198858
2026-05-14 15:36:11.616019+02:00,0.005365016404539347
2026-05-14 15:36:11.631644+02:00,0.005680443719029427
2026-05-14 15:36:11.647269+02:00,0.005927601829171181
2026-05-14 15:36:11.662894+02:00,0.006091373041272163
2026-05-14 15:36:11.678519+02:00,0.006156128831207752
2026-05-14 15:36:11.694144+02:00,0.006098734214901924
2026-05-14 15:36:11.709769+02:00,0.005881807301193476
2026-05-14 15:36:11.725394+02:00,0.005455923266708851
2026-05-14 15:36:11.741019+02:00,0.0047715031541883945
2026-05-14 15:36:11.756644+02:00,0.0037935450673103333
2026-05-14 15:36:11.772269+02:00,0.0025147146079689264
2026-05-14 15:36:11.787894+02:00,0.0009641965152695775
2026-05-14 15:36:11.803519+02:00,-0.0007899005431681871
2026-05-14 15:36:11.819144+02:00,-0.0026444243267178535
2026-05-14 15:36:11.834769+02:00,-0.004471072927117348
2026-05-14 15:36:11.850394+02:00,-0.006133451592177153
2026-05-14 15:36:11.866019+02:00,-0.007509155198931694
2026-05-14 15:36:11.881644+02:00,-0.008508549071848392
2026-05-14 15:36:11.897269+02:00,-0.009082663804292679
2026-05-14 15:36:11.912894+02:00,-0.009221875108778477
2026-05-14 15:36:11.928519+02:00,-0.008951517753303051
2026-05-14 15:36:11.944144+02:00,-0.008325581438839436
2026-05-14 15:36:11.959769+02:00,-0.007418678142130375
2026-05-14 15:36:11.975394+02:00,-0.006318535190075636
2026-05-14 15:36:11.991019+02:00,-0.005118025466799736
2026-05-14 15:36:12.006644+02:00,-0.003906910307705402
2026-05-14 15:36:12.022269+02:00,-0.00276534678414464
2026-05-14 15:36:12.037894+02:00,-0.0017577747348695993
2026-05-14 15:36:12.053519+02:00,-0.0009274771437048912
2026-05-14 15:36:12.069144+02:00,-0.0002947859466075897
2026-05-14 15:36:12.084769+02:00,0.00014139479026198387
2026-05-14 15:36:12.100394+02:00,0.00040076253935694695
2026-05-14 15:36:12.116019+02:00,0.0005174839170649648
2026-05-14 15:36:12.131644+02:00,0.0005353564629331231
2026-05-14 15:36:12.147269+02:00,0.000504182418808341
2026-05-14 15:36:12.162894+02:00,0.0004752497188746929
2026-05-14 15:36:12.178519+02:00,0.0004937127232551575
2026-05-14 15:36:12.194144+02:00,0.0005919598042964935
2026-05-14 15:36:12.209769+02:00,0.0007870628032833338
2026-05-14 15:36:12.225394+02:00,0.001080864924006164
2026-05-14 15:36:12.241019+02:00,0.0014627957716584206
2026-05-14 15:36:12.256644+02:00,0.0019150900188833475
2026-05-14 15:36:12.272269+02:00,0.0024170971009880304
2026-05-14 15:36:12.287894+02:00,0.002948214067146182
2026-05-14 15:36:12.303519+02:00,0.0034905807115137577
2026-05-14 15:36:12.319144+02:00,0.004030055832117796
2026-05-14 15:36:12.334769+02:00,0.0045550186187028885
2026-05-14 15:36:12.350394+02:00,0.0050544762052595615
2026-05-14 15:36:12.366019+02:00,0.005515202879905701
2026-05-14 15:36:12.381644+02:00,0.00591605668887496
2026-05-14 15:36:12.397269+02:00,0.006221615709364414
2026-05-14 15:36:12.412894+02:00,0.006381410174071789
2026-05-14 15:36:12.428519+02:00,0.006337106227874756
2026-05-14 15:36:12.444144+02:00,0.006034251302480698
2026-05-14 15:36:12.459769+02:00,0.005433667916804552
2026-05-14 15:36:12.475394+02:00,0.004520439077168703
2026-05-14 15:36:12.491019+02:00,0.0033120536245405674
2026-05-14 15:36:12.506644+02:00,0.0018638295587152243
2026-05-14 15:36:12.522269+02:00,0.0002668343367986381
2026-05-14 15:36:12.537894+02:00,-0.0013615607749670744
2026-05-14 15:36:12.553519+02:00,-0.0028920143377035856
2026-05-14 15:36:12.569144+02:00,-0.004200667142868042
2026-05-14 15:36:12.584769+02:00,-0.005185484420508146
2026-05-14 15:36:12.600394+02:00,-0.005777689162641764
2026-05-14 15:36:12.616019+02:00,-0.005948423407971859
2026-05-14 15:36:12.631644+02:00,-0.005710909143090248
2026-05-14 15:36:12.647269+02:00,-0.005116042215377092
2026-05-14 15:36:12.662894+02:00,-0.004241784103214741
2026-05-14 15:36:12.678519+02:00,-0.0031811548396945
2026-05-14 15:36:12.694144+02:00,-0.002031865529716015
2026-05-14 15:36:12.709769+02:00,-0.0008882528636604548
2026-05-14 15:36:12.725394+02:00,0.00016491615679115057
2026-05-14 15:36:12.741019+02:00,0.0010591851314529777
2026-05-14 15:36:12.756644+02:00,0.0017485604621469975
2026-05-14 15:36:12.772269+02:00,0.0022125025279819965
2026-05-14 15:36:12.787894+02:00,0.002455940470099449
2026-05-14 15:36:12.803519+02:00,0.00250532990321517
2026-05-14 15:36:12.819144+02:00,0.002401325386017561
2026-05-14 15:36:12.834769+02:00,0.0021918811835348606
2026-05-14 15:36:12.850394+02:00,0.0019276498351246119
2026-05-14 15:36:12.866019+02:00,0.0016586942365393043
2026-05-14 15:36:12.881644+02:00,0.0014308743411675096
2026-05-14 15:36:12.897269+02:00,0.0012812502682209015
2026-05-14 15:36:12.912894+02:00,0.0012339974055066705
2026-05-14 15:36:12.928519+02:00,0.00129883480258286
2026-05-14 15:36:12.944144+02:00,0.0014721655752509832
2026-05-14 15:36:12.959769+02:00,0.0017397543415427208
2026-05-14 15:36:12.975394+02:00,0.002079608151689172
2026-05-14 15:36:12.991019+02:00,0.0024650555569678545
2026-05-14 15:36:13.006644+02:00,0.0028683459386229515
2026-05-14 15:36:13.022269+02:00,0.0032637394033372402
2026-05-14 15:36:13.037894+02:00,0.003629559651017189
2026-05-14 15:36:13.053519+02:00,0.00394858606159687
2026-05-14 15:36:13.069144+02:00,0.004205793142318726
2026-05-14 15:36:13.084769+02:00,0.0043846420012414455
2026-05-14 15:36:13.100394+02:00,0.004462601151317358
2026-05-14 15:36:13.116019+02:00,0.0044052875600755215
2026-05-14 15:36:13.131644+02:00,0.004162381868809462
2026-05-14 15:36:13.147269+02:00,0.0036708880215883255
2026-05-14 15:36:13.162894+02:00,0.002868003211915493
2026-05-14 15:36:13.178519+02:00,0.0017100394470617175
2026-05-14 15:36:13.194144+02:00,0.00019002379849553108
2026-05-14 15:36:13.209769+02:00,-0.0016519528580829501
2026-05-14 15:36:13.225394+02:00,-0.003728237934410572
2026-05-14 15:36:13.241019+02:00,-0.005912866443395615
2026-05-14 15:36:13.256644+02:00,-0.008057904429733753
2026-05-14 15:36:13.272269+02:00,-0.010013328865170479
2026-05-14 15:36:13.287894+02:00,-0.011646666564047337
2026-05-14 15:36:13.303519+02:00,-0.012858908623456955
2026-05-14 15:36:13.319144+02:00,-0.013594238087534904
2026-05-14 15:36:13.334769+02:00,-0.013841358944773674
2026-05-14 15:36:13.350394+02:00,-0.013627348467707634
2026-05-14 15:36:13.366019+02:00,-0.013009719550609589
2026-05-14 15:36:13.381644+02:00,-0.012069444172084332
2026-05-14 15:36:13.397269+02:00,-0.010901637375354767
2026-05-14 15:36:13.412894+02:00,-0.009603725746273994
2026-05-14 15:36:13.428519+02:00,-0.008266353979706764
2026-05-14 15:36:13.444144+02:00,-0.0069687035866081715
2026-05-14 15:36:13.459769+02:00,-0.005776126869022846
2026-05-14 15:36:13.475394+02:00,-0.004738088697195053
2026-05-14 15:36:13.491019+02:00,-0.003884791862219572
2026-05-14 15:36:13.506644+02:00,-0.0032242760062217712
2026-05-14 15:36:13.522269+02:00,-0.0027419610414654016
2026-05-14 15:36:13.537894+02:00,-0.0024023638106882572
2026-05-14 15:36:13.553519+02:00,-0.0021547810174524784
2026-05-14 15:36:13.569144+02:00,-0.0019427766092121601
2026-05-14 15:36:13.584769+02:00,-0.0017129424959421158
2026-05-14 15:36:13.600394+02:00,-0.0014204331673681736
2026-05-14 15:36:13.616019+02:00,-0.001032726839184761
2026-05-14 15:36:13.631644+02:00,-0.0005326145328581333
2026-05-14 15:36:13.647269+02:00,8.167652413249016e-05
2026-05-14 15:36:13.662894+02:00,0.0007994929328560829
2026-05-14 15:36:13.678519+02:00,0.0016009453684091568
2026-05-14 15:36:13.694144+02:00,0.002459558192640543
2026-05-14 15:36:13.709769+02:00,0.003344569820910692
2026-05-14 15:36:13.725394+02:00,0.004222010262310505
2026-05-14 15:36:13.741019+02:00,0.005055723711848259
2026-05-14 15:36:13.756644+02:00,0.005809646565467119
2026-05-14 15:36:13.772269+02:00,0.006448574364185333
2026-05-14 15:36:13.787894+02:00,0.006933965720236301
2026-05-14 15:36:13.803519+02:00,0.0072179073467850685
2026-05-14 15:36:13.819144+02:00,0.0072426158003509045
2026-05-14 15:36:13.834769+02:00,0.006948074791580439
2026-05-14 15:36:13.850394+02:00,0.006284067407250404
2026-05-14 15:36:13.866019+02:00,0.005223791114985943
2026-05-14 15:36:13.881644+02:00,0.003778160084038973
2026-05-14 15:36:13.897269+02:00,0.002004672773182392
2026-05-14 15:36:13.912894+02:00,4.824250936508179e-06
2026-05-14 15:36:13.928519+02:00,-0.002087746746838093
2026-05-14 15:36:13.944144+02:00,-0.004122895188629627
2026-05-14 15:36:13.959769+02:00,-0.005950413644313812
2026-05-14 15:36:13.975394+02:00,-0.007437292952090502
2026-05-14 15:36:13.991019+02:00,-0.008483976125717163
2026-05-14 15:36:14.006644+02:00,-0.009035080671310425
2026-05-14 15:36:14.022269+02:00,-0.009081967175006866
2026-05-14 15:36:14.037894+02:00,-0.008657422848045826
2026-05-14 15:36:14.053519+02:00,-0.007826551795005798
2026-05-14 15:36:14.069144+02:00,-0.006678342819213867
2026-05-14 15:36:14.084769+02:00,-0.005317690782248974
2026-05-14 15:36:14.100394+02:00,-0.0038557182997465134
2026-05-14 15:36:14.116019+02:00,-0.002398586831986904
2026-05-14 15:36:14.131644+02:00,-0.0010375287383794785
2026-05-14 15:36:14.147269+02:00,0.00015824474394321442
2026-05-14 15:36:14.162894+02:00,0.0011463398113846779
2026-05-14 15:36:14.178519+02:00,0.0019127801060676575
2026-05-14 15:36:14.194144+02:00,0.0024691158905625343
2026-05-14 15:36:14.209769+02:00,0.002846620511263609
2026-05-14 15:36:14.225394+02:00,0.0030897706747055054
2026-05-14 15:36:14.241019+02:00,0.003250406589359045
2026-05-14 15:36:14.256644+02:00,0.0033829519525170326
2026-05-14 15:36:14.272269+02:00,0.0035386625677347183
2026-05-14 15:36:14.287894+02:00,0.0037581264041364193
2026-05-14 15:36:14.303519+02:00,0.004065919201821089
2026-05-14 15:36:14.319144+02:00,0.004471111111342907
2026-05-14 15:36:14.334769+02:00,0.004972008988261223
2026-05-14 15:36:14.350394+02:00,0.005560794845223427
2026-05-14 15:36:14.366019+02:00,0.00622543366625905
2026-05-14 15:36:14.381644+02:00,0.006949262693524361
2026-05-14 15:36:14.397269+02:00,0.007710591424256563
2026-05-14 15:36:14.412894+02:00,0.008482999168336391
2026-05-14 15:36:14.428519+02:00,0.009235337376594543
2026-05-14 15:36:14.444144+02:00,0.009931583888828754
2026-05-14 15:36:14.459769+02:00,0.010529642924666405
2026-05-14 15:36:14.475394+02:00,0.010976402088999748
2026-05-14 15:36:14.491019+02:00,0.0112015251070261
2026-05-14 15:36:14.506644+02:00,0.011118809692561626
2026-05-14 15:36:14.522269+02:00,0.01063987985253334
2026-05-14 15:36:14.537894+02:00,0.009695537388324738
2026-05-14 15:36:14.553519+02:00,0.008256637491285801
2026-05-14 15:36:14.569144+02:00,0.006348597351461649
2026-05-14 15:36:14.584769+02:00,0.004055520985275507
2026-05-14 15:36:14.600394+02:00,0.001512330025434494
2026-05-14 15:36:14.616019+02:00,-0.0011112154461443424
2026-05-14 15:36:14.631644+02:00,-0.0036294618621468544
2026-05-14 15:36:14.647269+02:00,-0.005862931255251169
2026-05-14 15:36:14.662894+02:00,-0.007662060670554638
2026-05-14 15:36:14.678519+02:00,-0.008923569694161415
2026-05-14 15:36:14.694144+02:00,-0.009595106355845928
2026-05-14 15:36:14.709769+02:00,-0.009674109518527985
2026-05-14 15:36:14.725394+02:00,-0.009205026552081108
2026-05-14 15:36:14.741019+02:00,-0.008273722603917122
2026-05-14 15:36:14.756644+02:00,-0.00699717178940773
2026-05-14 15:36:14.772269+02:00,-0.005508391186594963
2026-05-14 15:36:14.787894+02:00,-0.003940661437809467
2026-05-14 15:36:14.803519+02:00,-0.002414768561720848
2026-05-14 15:36:14.819144+02:00,-0.0010293945670127869
2026-05-14 15:36:14.834769+02:00,0.0001453794538974762
2026-05-14 15:36:14.850394+02:00,0.001070357859134674
2026-05-14 15:36:14.866019+02:00,0.0017361119389533997
2026-05-14 15:36:14.881644+02:00,0.002161388285458088
2026-05-14 15:36:14.897269+02:00,0.0023899520747363567
2026-05-14 15:36:14.912894+02:00,0.002482654992491007
2026-05-14 15:36:14.928519+02:00,0.0025072921998798847
2026-05-14 15:36:14.944144+02:00,0.0025306716561317444
2026-05-14 15:36:14.959769+02:00,0.0026125372387468815
2026-05-14 15:36:14.975394+02:00,0.002799182664602995
2026-05-14 15:36:14.991019+02:00,0.0031184786930680275
2026-05-14 15:36:15.006644+02:00,0.003579228650778532
2026-05-14 15:36:15.022269+02:00,0.004172781016677618
2026-05-14 15:36:15.037894+02:00,0.004875108599662781
2026-05-14 15:36:15.053519+02:00,0.005653028842061758
2026-05-14 15:36:15.069144+02:00,0.006472851615399122
2026-05-14 15:36:15.084769+02:00,0.0073041231371462345
2026-05-14 15:36:15.100394+02:00,0.008118592202663422
2026-05-14 15:36:15.116019+02:00,0.008889189921319485
2026-05-14 15:36:15.131644+02:00,0.009590121917426586
2026-05-14 15:36:15.147269+02:00,0.010194624774158001
2026-05-14 15:36:15.162894+02:00,0.010666973888874054
2026-05-14 15:36:15.178519+02:00,0.010952983051538467
2026-05-14 15:36:15.194144+02:00,0.010976893827319145
2026-05-14 15:36:15.209769+02:00,0.010646468959748745
2026-05-14 15:36:15.225394+02:00,0.00986559595912695
2026-05-14 15:36:15.241019+02:00,0.008556311950087547
2026-05-14 15:36:15.256644+02:00,0.006685453467071056
2026-05-14 15:36:15.272269+02:00,0.004282762762159109
2026-05-14 15:36:15.287894+02:00,0.0014442645478993654
2026-05-14 15:36:15.303519+02:00,-0.0016754809767007828
2026-05-14 15:36:15.319144+02:00,-0.0048797158524394035
2026-05-14 15:36:15.334769+02:00,-0.007953383028507233
2026-05-14 15:36:15.350394+02:00,-0.010689751245081425
2026-05-14 15:36:15.366019+02:00,-0.012914031744003296
2026-05-14 15:36:15.381644+02:00,-0.014501417055726051
2026-05-14 15:36:15.397269+02:00,-0.015388071537017822
2026-05-14 15:36:15.412894+02:00,-0.015572862699627876
2026-05-14 15:36:15.428519+02:00,-0.015109746716916561
2026-05-14 15:36:15.444144+02:00,-0.014095168560743332
2026-05-14 15:36:15.459769+02:00,-0.012654747813940048
2026-05-14 15:36:15.475394+02:00,-0.010930312797427177
2026-05-14 15:36:15.491019+02:00,-0.009067320264875889
2026-05-14 15:36:15.506644+02:00,-0.007202047389000654
2026-05-14 15:36:15.522269+02:00,-0.005449510645121336
2026-05-14 15:36:15.537894+02:00,-0.0038954317569732666
2026-05-14 15:36:15.553519+02:00,-0.0025933384895324707
2026-05-14 15:36:15.569144+02:00,-0.0015647010877728462
2026-05-14 15:36:15.584769+02:00,-0.0008005392737686634
2026-05-14 15:36:15.600394+02:00,-0.00026526302099227905
2026-05-14 15:36:15.616019+02:00,9.626569226384163e-05
2026-05-14 15:36:15.631644+02:00,0.0003494778648018837
2026-05-14 15:36:15.647269+02:00,0.0005611879751086235
2026-05-14 15:36:15.662894+02:00,0.0007939040660858154
2026-05-14 15:36:15.678519+02:00,0.0011036521755158901
2026-05-14 15:36:15.694144+02:00,0.0015367106534540653
2026-05-14 15:36:15.709769+02:00,0.0021217777393758297
2026-05-14 15:36:15.725394+02:00,0.002862317720428109
2026-05-14 15:36:15.741019+02:00,0.003737342543900013
2026-05-14 15:36:15.756644+02:00,0.004710834007710218
2026-05-14 15:36:15.772269+02:00,0.00574097316712141
2026-05-14 15:36:15.787894+02:00,0.00678542535752058
2026-05-14 15:36:15.803519+02:00,0.007806180976331234
2026-05-14 15:36:15.819144+02:00,0.00877295807003975
2026-05-14 15:36:15.834769+02:00,0.00966353714466095
2026-05-14 15:36:15.850394+02:00,0.010461848229169846
2026-05-14 15:36:15.866019+02:00,0.011151181533932686
2026-05-14 15:36:15.881644+02:00,0.011702950112521648
2026-05-14 15:36:15.897269+02:00,0.012067565694451332
2026-05-14 15:36:15.912894+02:00,0.012172014452517033
2026-05-14 15:36:15.928519+02:00,0.0119241364300251
2026-05-14 15:36:15.944144+02:00,0.01122282538563013
2026-05-14 15:36:15.959769+02:00,0.009974933229386806
2026-05-14 15:36:15.975394+02:00,0.00811941921710968
2026-05-14 15:36:15.991019+02:00,0.005652820225805044
2026-05-14 15:36:16.006644+02:00,0.002644134219735861
2026-05-14 15:36:16.022269+02:00,-0.0007665716111660004
2026-05-14 15:36:16.037894+02:00,-0.00438231136649847
2026-05-14 15:36:16.053519+02:00,-0.00797218456864357
2026-05-14 15:36:16.069144+02:00,-0.011299671605229378
2026-05-14 15:36:16.084769+02:00,-0.014150121249258518
2026-05-14 15:36:16.100394+02:00,-0.016352839767932892
2026-05-14 15:36:16.116019+02:00,-0.017796646803617477
2026-05-14 15:36:16.131644+02:00,-0.018437720835208893
2026-05-14 15:36:16.147269+02:00,-0.01829807460308075
2026-05-14 15:36:16.162894+02:00,-0.01745518669486046
2026-05-14 15:36:16.178519+02:00,-0.016027068719267845
2026-05-14 15:36:16.194144+02:00,-0.014158528298139572
2026-05-14 15:36:16.209769+02:00,-0.01200963370501995
2026-05-14 15:36:16.225394+02:00,-0.009742970578372478
2026-05-14 15:36:16.241019+02:00,-0.007509247865527868
2026-05-14 15:36:16.256644+02:00,-0.0054342192597687244
2026-05-14 15:36:16.272269+02:00,-0.003609585575759411
2026-05-14 15:36:16.287894+02:00,-0.0020896517671644688
2026-05-14 15:36:16.303519+02:00,-0.0008927877061069012
2026-05-14 15:36:16.319144+02:00,-4.451721906661987e-06
2026-05-14 15:36:16.334769+02:00,0.000619194470345974
2026-05-14 15:36:16.350394+02:00,0.0010457290336489677
2026-05-14 15:36:16.366019+02:00,0.0013583595864474773
2026-05-14 15:36:16.381644+02:00,0.00164481857791543
2026-05-14 15:36:16.397269+02:00,0.001984227215871215
2026-05-14 15:36:16.412894+02:00,0.0024363247212022543
2026-05-14 15:36:16.428519+02:00,0.00303616002202034
2026-05-14 15:36:16.444144+02:00,0.0037937499582767487
2026-05-14 15:36:16.459769+02:00,0.0046978723257780075
2026-05-14 15:36:16.475394+02:00,0.005721881985664368
2026-05-14 15:36:16.491019+02:00,0.006828666664659977
2026-05-14 15:36:16.506644+02:00,0.007976406253874302
2026-05-14 15:36:16.522269+02:00,0.00912622082978487
2026-05-14 15:36:16.537894+02:00,0.010246044024825096
2026-05-14 15:36:16.553519+02:00,0.011309029534459114
2026-05-14 15:36:16.569144+02:00,0.012291918508708477
2026-05-14 15:36:16.584769+02:00,0.013175440020859241
2026-05-14 15:36:16.600394+02:00,0.0139439906924963
2026-05-14 15:36:16.616019+02:00,0.014580088667571545
2026-05-14 15:36:16.631644+02:00,0.01505195815116167
2026-05-14 15:36:16.647269+02:00,0.01529993861913681
2026-05-14 15:36:16.662894+02:00,0.015230716206133366
2026-05-14 15:36:16.678519+02:00,0.0147254578769207
2026-05-14 15:36:16.694144+02:00,0.013661079108715057
2026-05-14 15:36:16.709769+02:00,0.011938135139644146
2026-05-14 15:36:16.725394+02:00,0.009509614668786526
2026-05-14 15:36:16.741019+02:00,0.00640554865822196
2026-05-14 15:36:16.756644+02:00,0.002744204830378294
2026-05-14 15:36:16.772269+02:00,-0.00127622380387038
2026-05-14 15:36:16.787894+02:00,-0.00540150236338377
2026-05-14 15:36:16.803519+02:00,-0.00935374852269888
2026-05-14 15:36:16.819144+02:00,-0.012866676785051823
2026-05-14 15:36:16.834769+02:00,-0.01571807637810707
2026-05-14 15:36:16.850394+02:00,-0.017753686755895615
2026-05-14 15:36:16.866019+02:00,-0.018898000940680504
2026-05-14 15:36:16.881644+02:00,-0.01915167272090912
2026-05-14 15:36:16.897269+02:00,-0.018580075353384018
2026-05-14 15:36:16.912894+02:00,-0.01729932241141796
2026-05-14 15:36:16.928519+02:00,-0.015462481416761875
2026-05-14 15:36:16.944144+02:00,-0.013244627974927425
2026-05-14 15:36:16.959769+02:00,-0.01082735974341631
2026-05-14 15:36:16.975394+02:00,-0.008385158143937588
2026-05-14 15:36:16.991019+02:00,-0.006073686759918928
2026-05-14 15:36:17.006644+02:00,-0.0040188939310610294
2026-05-14 15:36:17.022269+02:00,-0.0023072250187397003
2026-05-14 15:36:17.037894+02:00,-0.0009806184098124504
2026-05-14 15:36:17.053519+02:00,-3.794231452047825e-05
2026-05-14 15:36:17.069144+02:00,0.0005618968280032277
2026-05-14 15:36:17.084769+02:00,0.0008950605988502502
2026-05-14 15:36:17.100394+02:00,0.001060252427123487
2026-05-14 15:36:17.116019+02:00,0.0011618214193731546
2026-05-14 15:36:17.131644+02:00,0.0012965172063559294
2026-05-14 15:36:17.147269+02:00,0.001544577069580555
2026-05-14 15:36:17.162894+02:00,0.0019630573224276304
2026-05-14 15:36:17.178519+02:00,0.0025819027796387672
2026-05-14 15:36:17.194144+02:00,0.0034037523437291384
2026-05-14 15:36:17.209769+02:00,0.004407580941915512
2026-05-14 15:36:17.225394+02:00,0.0055553806014359
2026-05-14 15:36:17.241019+02:00,0.006800162605941296
2026-05-14 15:36:17.256644+02:00,0.008092481642961502
2026-05-14 15:36:17.272269+02:00,0.009383691474795341
2026-05-14 15:36:17.287894+02:00,0.01062809582799673
2026-05-14 15:36:17.303519+02:00,0.011786805465817451
2026-05-14 15:36:17.319144+02:00,0.012831319123506546
2026-05-14 15:36:17.334769+02:00,0.013743498362600803
2026-05-14 15:36:17.350394+02:00,0.01451039407402277
2026-05-14 15:36:17.366019+02:00,0.01511173602193594
2026-05-14 15:36:17.381644+02:00,0.015503092668950558
2026-05-14 15:36:17.397269+02:00,0.01560530997812748
2026-05-14 15:36:17.412894+02:00,0.015307759866118431
2026-05-14 15:36:17.428519+02:00,0.014485711231827736
2026-05-14 15:36:17.444144+02:00,0.013028258457779884
2026-05-14 15:36:17.459769+02:00,0.010869468562304974
2026-05-14 15:36:17.475394+02:00,0.008014386519789696
2026-05-14 15:36:17.491019+02:00,0.004553528968244791
2026-05-14 15:36:17.506644+02:00,0.0006607966497540474
2026-05-14 15:36:17.522269+02:00,-0.003425337839871645
2026-05-14 15:36:17.537894+02:00,-0.007431631442159414
2026-05-14 15:36:17.553519+02:00,-0.011085070669651031
2026-05-14 15:36:17.569144+02:00,-0.014146897941827774
2026-05-14 15:36:17.584769+02:00,-0.016438523307442665
2026-05-14 15:36:17.600394+02:00,-0.0178560521453619
2026-05-14 15:36:17.616019+02:00,-0.0183732733130455
2026-05-14 15:36:17.631644+02:00,-0.01803506538271904
2026-05-14 15:36:17.647269+02:00,-0.016946669667959213
2026-05-14 15:36:17.662894+02:00,-0.015261750668287277
2026-05-14 15:36:17.678519+02:00,-0.013166402466595173
2026-05-14 15:36:17.694144+02:00,-0.01085854135453701
2026-05-14 15:36:17.709769+02:00,-0.00852692686021328
2026-05-14 15:36:17.725394+02:00,-0.006333365570753813
2026-05-14 15:36:17.741019+02:00,-0.004400315694510937
2026-05-14 15:36:17.756644+02:00,-0.002805264899507165
2026-05-14 15:36:17.772269+02:00,-0.001579764299094677
2026-05-14 15:36:17.787894+02:00,-0.0007118470966815948
2026-05-14 15:36:17.803519+02:00,-0.00015431316569447517
2026-05-14 15:36:17.819144+02:00,0.0001629842445254326
2026-05-14 15:36:17.834769+02:00,0.0003224513493478298
2026-05-14 15:36:17.850394+02:00,0.00040955631993710995
2026-05-14 15:36:17.866019+02:00,0.0005021910183131695
2026-05-14 15:36:17.881644+02:00,0.0006611498538404703
2026-05-14 15:36:17.897269+02:00,0.0009263486135751009
2026-05-14 15:36:17.912894+02:00,0.0013189048040658236
2026-05-14 15:36:17.928519+02:00,0.0018457858823239803
2026-05-14 15:36:17.944144+02:00,0.0025027762167155743
2026-05-14 15:36:17.959769+02:00,0.0032741613686084747
2026-05-14 15:36:17.975394+02:00,0.004132571630179882
2026-05-14 15:36:17.991019+02:00,0.0050420090556144714
2026-05-14 15:36:18.006644+02:00,0.005963004659861326
2026-05-14 15:36:18.022269+02:00,0.006857564207166433
2026-05-14 15:36:18.037894+02:00,0.007692602928727865
2026-05-14 15:36:18.053519+02:00,0.008442338556051254
2026-05-14 15:36:18.069144+02:00,0.009088298305869102
2026-05-14 15:36:18.084769+02:00,0.009611234068870544
2026-05-14 15:36:18.100394+02:00,0.009975236840546131
2026-05-14 15:36:18.116019+02:00,0.010114740580320358
2026-05-14 15:36:18.131644+02:00,0.00993370171636343
2026-05-14 15:36:18.147269+02:00,0.009319180622696877
2026-05-14 15:36:18.162894+02:00,0.008166784420609474
2026-05-14 15:36:18.178519+02:00,0.006410717964172363
2026-05-14 15:36:18.194144+02:00,0.004048817791044712
2026-05-14 15:36:18.209769+02:00,0.0011557945981621742
2026-05-14 15:36:18.225394+02:00,-0.0021171807311475277
2026-05-14 15:36:18.241019+02:00,-0.005556805059313774
2026-05-14 15:36:18.256644+02:00,-0.008914553560316563
2026-05-14 15:36:18.272269+02:00,-0.01193962898105383
2026-05-14 15:36:18.287894+02:00,-0.01441052183508873
2026-05-14 15:36:18.303519+02:00,-0.016160262748599052
2026-05-14 15:36:18.319144+02:00,-0.017091158777475357
2026-05-14 15:36:18.334769+02:00,-0.0171790961176157
2026-05-14 15:36:18.350394+02:00,-0.01647101528942585
2026-05-14 15:36:18.366019+02:00,-0.015075597912073135
2026-05-14 15:36:18.381644+02:00,-0.013146085664629936
2026-05-14 15:36:18.397269+02:00,-0.010860420763492584
2026-05-14 15:36:18.412894+02:00,-0.008405366912484169
2026-05-14 15:36:18.428519+02:00,-0.005962898023426533
2026-05-14 15:36:18.444144+02:00,-0.003694904735311866
2026-05-14 15:36:18.459769+02:00,-0.0017288969829678535
2026-05-14 15:36:18.475394+02:00,-0.0001475461758673191
2026-05-14 15:36:18.491019+02:00,0.0010174284689128399
2026-05-14 15:36:18.506644+02:00,0.0017837374471127987
2026-05-14 15:36:18.522269+02:00,0.002208143472671509
2026-05-14 15:36:18.537894+02:00,0.0023732022382318974
2026-05-14 15:36:18.553519+02:00,0.002375828567892313
2026-05-14 15:36:18.569144+02:00,0.0023160185664892197
2026-05-14 15:36:18.584769+02:00,0.0022852029651403427
2026-05-14 15:36:18.600394+02:00,0.0023573730140924454
2026-05-14 15:36:18.616019+02:00,0.0025842459872365
2026-05-14 15:36:18.631644+02:00,0.0029938938096165657
2026-05-14 15:36:18.647269+02:00,0.0035915812477469444
2026-05-14 15:36:18.662894+02:00,0.004359951708465815
2026-05-14 15:36:18.678519+02:00,0.0052606090903282166
2026-05-14 15:36:18.694144+02:00,0.00624188594520092
2026-05-14 15:36:18.709769+02:00,0.007248726207762957
2026-05-14 15:36:18.725394+02:00,0.008228099904954433
2026-05-14 15:36:18.741019+02:00,0.009131116792559624
2026-05-14 15:36:18.756644+02:00,0.009916190057992935
2026-05-14 15:36:18.772269+02:00,0.010553810745477676
2026-05-14 15:36:18.787894+02:00,0.011027137748897076
2026-05-14 15:36:18.803519+02:00,0.011323577724397182
2026-05-14 15:36:18.819144+02:00,0.011421119794249535
2026-05-14 15:36:18.834769+02:00,0.01127602718770504
2026-05-14 15:36:18.850394+02:00,0.010818072594702244
2026-05-14 15:36:18.866019+02:00,0.009958705864846706
2026-05-14 15:36:18.881644+02:00,0.008610849268734455
2026-05-14 15:36:18.897269+02:00,0.006713901646435261
2026-05-14 15:36:18.912894+02:00,0.004257596097886562
2026-05-14 15:36:18.928519+02:00,0.001298638992011547
2026-05-14 15:36:18.944144+02:00,-0.0020355544984340668
2026-05-14 15:36:18.959769+02:00,-0.005558289587497711
2026-05-14 15:36:18.975394+02:00,-0.009047230705618858
2026-05-14 15:36:18.991019+02:00,-0.01227482222020626
2026-05-14 15:36:19.006644+02:00,-0.015038104727864265
2026-05-14 15:36:19.022269+02:00,-0.01718003675341606
2026-05-14 15:36:19.037894+02:00,-0.018600480630993843
2026-05-14 15:36:19.053519+02:00,-0.019259590655565262
2026-05-14 15:36:19.069144+02:00,-0.019175030291080475
2026-05-14 15:36:19.084769+02:00,-0.018415089696645737
2026-05-14 15:36:19.100394+02:00,-0.017090819776058197
2026-05-14 15:36:19.116019+02:00,-0.015346101485192776
2026-05-14 15:36:19.131644+02:00,-0.01334301009774208
2026-05-14 15:36:19.147269+02:00,-0.011245306581258774
2026-05-14 15:36:19.162894+02:00,-0.00920358020812273
2026-05-14 15:36:19.178519+02:00,-0.007341491058468819
2026-05-14 15:36:19.194144+02:00,-0.00574518321081996
2026-05-14 15:36:19.209769+02:00,-0.004460296593606472
2026-05-14 15:36:19.225394+02:00,-0.0034952820278704166
2026-05-14 15:36:19.241019+02:00,-0.002826248062774539
2026-05-14 15:36:19.256644+02:00,-0.0024029831402003765
2026-05-14 15:36:19.272269+02:00,-0.002157642040401697
2026-05-14 15:36:19.287894+02:00,-0.0020131601486355066
2026-05-14 15:36:19.303519+02:00,-0.00188991311006248
2026-05-14 15:36:19.319144+02:00,-0.0017144328448921442
2026-05-14 15:36:19.334769+02:00,-0.0014290879480540752
2026-05-14 15:36:19.350394+02:00,-0.0009973845444619656
2026-05-14 15:36:19.366019+02:00,-0.0004050382412970066
2026-05-14 15:36:19.381644+02:00,0.0003420459106564522
2026-05-14 15:36:19.397269+02:00,0.001222142018377781
2026-05-14 15:36:19.412894+02:00,0.0022012367844581604
2026-05-14 15:36:19.428519+02:00,0.0032363058999180794
2026-05-14 15:36:19.444144+02:00,0.004281023982912302
2026-05-14 15:36:19.459769+02:00,0.005292551591992378
2026-05-14 15:36:19.475394+02:00,0.006236545275896788
2026-05-14 15:36:19.491019+02:00,0.007089282851666212
2026-05-14 15:36:19.506644+02:00,0.007836604490876198
2026-05-14 15:36:19.522269+02:00,0.008468910120427608
2026-05-14 15:36:19.537894+02:00,0.00897197239100933
2026-05-14 15:36:19.553519+02:00,0.009315618313848972
2026-05-14 15:36:19.569144+02:00,0.009445668198168278
2026-05-14 15:36:19.584769+02:00,0.009284881874918938
2026-05-14 15:36:19.600394+02:00,0.00874424260109663
2026-05-14 15:36:19.616019+02:00,0.0077415890991687775
2026-05-14 15:36:19.631644+02:00,0.0062235696241259575
2026-05-14 15:36:19.647269+02:00,0.004186025355011225
2026-05-14 15:36:19.662894+02:00,0.0016867364756762981
2026-05-14 15:36:19.678519+02:00,-0.001154482364654541
2026-05-14 15:36:19.694144+02:00,-0.004167896695435047
2026-05-14 15:36:19.709769+02:00,-0.007151850499212742
2026-05-14 15:36:19.725394+02:00,-0.009893722832202911
2026-05-14 15:36:19.741019+02:00,-0.012196671217679977
2026-05-14 15:36:19.756644+02:00,-0.013907989487051964
2026-05-14 15:36:19.772269+02:00,-0.014936450868844986
2026-05-14 15:36:19.787894+02:00,-0.015253981575369835
2026-05-14 15:36:19.803519+02:00,-0.01488967053592205
2026-05-14 15:36:19.819144+02:00,-0.013922172598540783
2026-05-14 15:36:19.834769+02:00,-0.012468423694372177
2026-05-14 15:36:19.850394+02:00,-0.01066860556602478
2026-05-14 15:36:19.866019+02:00,-0.008672119118273258
2026-05-14 15:36:19.881644+02:00,-0.006625211797654629
2026-05-14 15:36:19.897269+02:00,-0.00465766154229641
2026-05-14 15:36:19.912894+02:00,-0.0028710439801216125
2026-05-14 15:36:19.928519+02:00,-0.001332752057351172
2026-05-14 15:36:19.944144+02:00,-7.599058153573424e-05
2026-05-14 15:36:19.959769+02:00,0.0008961118874140084
2026-05-14 15:36:19.975394+02:00,0.0016055749729275703
2026-05-14 15:36:19.991019+02:00,0.0020959852263331413
2026-05-14 15:36:20.006644+02:00,0.002428261563181877
2026-05-14 15:36:20.022269+02:00,0.0026731728576123714
2026-05-14 15:36:20.037894+02:00,0.0029008607380092144
2026-05-14 15:36:20.053519+02:00,0.0031704739667475224
2026-05-14 15:36:20.069144+02:00,0.00352410483174026
2026-05-14 15:36:20.084769+02:00,0.003986413590610027
2026-05-14 15:36:20.100394+02:00,0.0045671225525438786
2026-05-14 15:36:20.116019+02:00,0.005262888502329588
2026-05-14 15:36:20.131644+02:00,0.006058013532310724
2026-05-14 15:36:20.147269+02:00,0.006926016882061958
2026-05-14 15:36:20.162894+02:00,0.007833285257220268
2026-05-14 15:36:20.178519+02:00,0.00874430313706398
2026-05-14 15:36:20.194144+02:00,0.009627403691411018
2026-05-14 15:36:20.209769+02:00,0.010458308272063732
2026-05-14 15:36:20.225394+02:00,0.011220015585422516
2026-05-14 15:36:20.241019+02:00,0.011900877580046654
2026-05-14 15:36:20.256644+02:00,0.012490608729422092
2026-05-14 15:36:20.272269+02:00,0.012972529046237469
2026-05-14 15:36:20.287894+02:00,0.013313273899257183
2026-05-14 15:36:20.303519+02:00,0.013455473817884922
2026-05-14 15:36:20.319144+02:00,0.013319854624569416
2026-05-14 15:36:20.334769+02:00,0.012818013317883015
2026-05-14 15:36:20.350394+02:00,0.011873521842062473
2026-05-14 15:36:20.366019+02:00,0.010445849038660526
2026-05-14 15:36:20.381644+02:00,0.0085477065294981
2026-05-14 15:36:20.397269+02:00,0.006251077633351088
2026-05-14 15:36:20.412894+02:00,0.0036826971918344498
2026-05-14 15:36:20.428519+02:00,0.0010092374868690968
2026-05-14 15:36:20.444144+02:00,-0.0015858032274991274
2026-05-14 15:36:20.459769+02:00,-0.003927915822714567
2026-05-14 15:36:20.475394+02:00,-0.0058726114220917225
2026-05-14 15:36:20.491019+02:00,-0.0073179276660084724
2026-05-14 15:36:20.506644+02:00,-0.008211206644773483
2026-05-14 15:36:20.522269+02:00,-0.008551187813282013
2026-05-14 15:36:20.537894+02:00,-0.008383017033338547
2026-05-14 15:36:20.553519+02:00,-0.007786713540554047
2026-05-14 15:36:20.569144+02:00,-0.00686327088624239
2026-05-14 15:36:20.584769+02:00,-0.005723394453525543
2026-05-14 15:36:20.600394+02:00,-0.004480123519897461
2026-05-14 15:36:20.616019+02:00,-0.0032418793998658657
2026-05-14 15:36:20.631644+02:00,-0.0021032209042459726
2026-05-14 15:36:20.647269+02:00,-0.0011353876907378435
2026-05-14 15:36:20.662894+02:00,-0.0003812673967331648
2026-05-14 15:36:20.678519+02:00,0.0001436078455299139
2026-05-14 15:36:20.694144+02:00,0.00044647324830293655
2026-05-14 15:36:20.709769+02:00,0.0005524610169231892
2026-05-14 15:36:20.725394+02:00,0.0005020038224756718
2026-05-14 15:36:20.741019+02:00,0.0003494273405522108
2026-05-14 15:36:20.756644+02:00,0.00015701097436249256
2026-05-14 15:36:20.772269+02:00,-1.5642959624528885e-05
2026-05-14 15:36:20.787894+02:00,-0.00011911685578525066
2026-05-14 15:36:20.803519+02:00,-0.0001158940140157938
2026-05-14 15:36:20.819144+02:00,1.9891653209924698e-05
2026-05-14 15:36:20.834769+02:00,0.00030136713758111
2026-05-14 15:36:20.850394+02:00,0.0007266411557793617
2026-05-14 15:36:20.866019+02:00,0.0012783906422555447
2026-05-14 15:36:20.881644+02:00,0.0019259331747889519
2026-05-14 15:36:20.897269+02:00,0.0026290712412446737
2026-05-14 15:36:20.912894+02:00,0.003344882745295763
2026-05-14 15:36:20.928519+02:00,0.004035325720906258
2026-05-14 15:36:20.944144+02:00,0.00467055756598711
2026-05-14 15:36:20.959769+02:00,0.0052268956787884235
2026-05-14 15:36:20.975394+02:00,0.00568150170147419
2026-05-14 15:36:20.991019+02:00,0.006005222909152508
2026-05-14 15:36:21.006644+02:00,0.006155647803097963
2026-05-14 15:36:21.022269+02:00,0.0060740187764167786
2026-05-14 15:36:21.037894+02:00,0.00568924518302083
2026-05-14 15:36:21.053519+02:00,0.004929895978420973
2026-05-14 15:36:21.069144+02:00,0.003743058070540428
2026-05-14 15:36:21.084769+02:00,0.0021157851442694664
2026-05-14 15:36:21.100394+02:00,9.013991802930832e-05
2026-05-14 15:36:21.116019+02:00,-0.0022357513662427664
2026-05-14 15:36:21.131644+02:00,-0.00471896817907691
2026-05-14 15:36:21.147269+02:00,-0.007189215160906315
2026-05-14 15:36:21.162894+02:00,-0.009470298886299133
2026-05-14 15:36:21.178519+02:00,-0.01140340231359005
2026-05-14 15:36:21.194144+02:00,-0.01286587305366993
2026-05-14 15:36:21.209769+02:00,-0.013782250694930553
2026-05-14 15:36:21.225394+02:00,-0.014127388596534729
2026-05-14 15:36:21.241019+02:00,-0.0139216473326087
2026-05-14 15:36:21.256644+02:00,-0.01322159729897976
2026-05-14 15:36:21.272269+02:00,-0.012111219577491283
2026-05-14 15:36:21.287894+02:00,-0.010694744065403938
2026-05-14 15:36:21.303519+02:00,-0.009088391438126564
2026-05-14 15:36:21.319144+02:00,-0.007410252932459116
2026-05-14 15:36:21.334769+02:00,-0.005771503318101168
2026-05-14 15:36:21.350394+02:00,-0.004269224125891924
2026-05-14 15:36:21.366019+02:00,-0.0029779933393001556
2026-05-14 15:36:21.381644+02:00,-0.001941585447639227
2026-05-14 15:36:21.397269+02:00,-0.0011689921375364065
2026-05-14 15:36:21.412894+02:00,-0.0006367937894538045
2026-05-14 15:36:21.428519+02:00,-0.00029650673968717456
2026-05-14 15:36:21.444144+02:00,-8.361840446013957e-05
2026-05-14 15:36:21.459769+02:00,7.208833994809538e-05
2026-05-14 15:36:21.475394+02:00,0.00023466316633857787
2026-05-14 15:36:21.491019+02:00,0.00045356209739111364
2026-05-14 15:36:21.506644+02:00,0.000761760282330215
2026-05-14 15:36:21.522269+02:00,0.0011767959222197533
2026-05-14 15:36:21.537894+02:00,0.0017019384540617466
2026-05-14 15:36:21.553519+02:00,0.0023281490430235863
2026-05-14 15:36:21.569144+02:00,0.0030368927400559187
2026-05-14 15:36:21.584769+02:00,0.0038033444434404373
2026-05-14 15:36:21.600394+02:00,0.004599632229655981
2026-05-14 15:36:21.616019+02:00,0.005396309774369001
2026-05-14 15:36:21.631644+02:00,0.00616291631013155
2026-05-14 15:36:21.647269+02:00,0.0068709044717252254
2026-05-14 15:36:21.662894+02:00,0.0074978419579565525
2026-05-14 15:36:21.678519+02:00,0.008028589189052582
2026-05-14 15:36:21.694144+02:00,0.008449733257293701
2026-05-14 15:36:21.709769+02:00,0.008737464435398579
2026-05-14 15:36:21.725394+02:00,0.008846844546496868
2026-05-14 15:36:21.741019+02:00,0.008711300790309906
2026-05-14 15:36:21.756644+02:00,0.00825357623398304
2026-05-14 15:36:21.772269+02:00,0.007404654286801815
2026-05-14 15:36:21.787894+02:00,0.006125987507402897
2026-05-14 15:36:21.803519+02:00,0.004427437670528889
2026-05-14 15:36:21.819144+02:00,0.002373571041971445
2026-05-14 15:36:21.834769+02:00,7.787859067320824e-05
2026-05-14 15:36:21.850394+02:00,-0.0023105971049517393
2026-05-14 15:36:21.866019+02:00,-0.00462476396933198
2026-05-14 15:36:21.881644+02:00,-0.0066999937407672405
2026-05-14 15:36:21.897269+02:00,-0.008395380340516567
2026-05-14 15:36:21.912894+02:00,-0.009610089473426342
2026-05-14 15:36:21.928519+02:00,-0.010291299782693386
2026-05-14 15:36:21.944144+02:00,-0.010435058735311031
2026-05-14 15:36:21.959769+02:00,-0.010081533342599869
2026-05-14 15:36:21.975394+02:00,-0.009305615909397602
2026-05-14 15:36:21.991019+02:00,-0.00820524338632822
2026-05-14 15:36:22.006644+02:00,-0.006889672484248877
2026-05-14 15:36:22.022269+02:00,-0.005468454677611589
2026-05-14 15:36:22.037894+02:00,-0.004042034037411213
2026-05-14 15:36:22.053519+02:00,-0.0026952452026307583
2026-05-14 15:36:22.069144+02:00,-0.0014932801714166999
2026-05-14 15:36:22.084769+02:00,-0.0004795644199475646
2026-05-14 15:36:22.100394+02:00,0.0003245454281568527
2026-05-14 15:36:22.116019+02:00,0.0009192897705361247
2026-05-14 15:36:22.131644+02:00,0.0013245325535535812
2026-05-14 15:36:22.147269+02:00,0.0015751681057736278
2026-05-14 15:36:22.162894+02:00,0.001716133439913392
2026-05-14 15:36:22.178519+02:00,0.0017992113716900349
2026-05-14 15:36:22.194144+02:00,0.0018796675140038133
2026-05-14 15:36:22.209769+02:00,0.002009388292208314
2026-05-14 15:36:22.225394+02:00,0.002228198805823922
2026-05-14 15:36:22.241019+02:00,0.0025586639530956745
2026-05-14 15:36:22.256644+02:00,0.003005388891324401
2026-05-14 15:36:22.272269+02:00,0.0035570813342928886
2026-05-14 15:36:22.287894+02:00,0.004191264510154724
2026-05-14 15:36:22.303519+02:00,0.004879405722022057
2026-05-14 15:36:22.319144+02:00,0.005589860491454601
2026-05-14 15:36:22.334769+02:00,0.006290297023952007
2026-05-14 15:36:22.350394+02:00,0.0069514308124780655
2026-05-14 15:36:22.366019+02:00,0.007550934795290232
2026-05-14 15:36:22.381644+02:00,0.008075002580881119
2026-05-14 15:36:22.397269+02:00,0.00851583294570446
2026-05-14 15:36:22.412894+02:00,0.008864842355251312
2026-05-14 15:36:22.428519+02:00,0.009102050215005875
2026-05-14 15:36:22.444144+02:00,0.009186258539557457
2026-05-14 15:36:22.459769+02:00,0.009053701534867287
2026-05-14 15:36:22.475394+02:00,0.008626469410955906
2026-05-14 15:36:22.491019+02:00,0.007827828638255596
2026-05-14 15:36:22.506644+02:00,0.00660276785492897
2026-05-14 15:36:22.522269+02:00,0.004938983824104071
2026-05-14 15:36:22.537894+02:00,0.002880263840779662
2026-05-14 15:36:22.553519+02:00,0.000527392840012908
2026-05-14 15:36:22.569144+02:00,-0.001972632482647896
2026-05-14 15:36:22.584769+02:00,-0.004446517676115036
2026-05-14 15:36:22.600394+02:00,-0.006719780620187521
2026-05-14 15:36:22.616019+02:00,-0.008639384992420673
2026-05-14 15:36:22.631644+02:00,-0.010089431889355183
2026-05-14 15:36:22.647269+02:00,-0.011000585742294788
2026-05-14 15:36:22.662894+02:00,-0.011353104375302792
2026-05-14 15:36:22.678519+02:00,-0.011174168437719345
2026-05-14 15:36:22.694144+02:00,-0.010531101375818253
2026-05-14 15:36:22.709769+02:00,-0.00952067505568266
2026-05-14 15:36:22.725394+02:00,-0.008255759254097939
2026-05-14 15:36:22.741019+02:00,-0.0068527525290846825
2026-05-14 15:36:22.756644+02:00,-0.005422436166554689
2026-05-14 15:36:22.772269+02:00,-0.004063273314386606
2026-05-14 15:36:22.787894+02:00,-0.0028546976391226053
2026-05-14 15:36:22.803519+02:00,-0.001850793487392366
2026-05-14 15:36:22.819144+02:00,-0.0010769625660032034
2026-05-14 15:36:22.834769+02:00,-0.000530719175003469
2026-05-14 15:36:22.850394+02:00,-0.00018592749256640673
2026-05-14 15:36:22.866019+02:00,9.968644008040428e-07
2026-05-14 15:36:22.881644+02:00,8.50302167236805e-05
2026-05-14 15:36:22.897269+02:00,0.00012765824794769287
2026-05-14 15:36:22.912894+02:00,0.00019110692664980888
2026-05-14 15:36:22.928519+02:00,0.00032957294024527073
2026-05-14 15:36:22.944144+02:00,0.0005804352695122361
2026-05-14 15:36:22.959769+02:00,0.0009606266394257545
2026-05-14 15:36:22.975394+02:00,0.0014690000098198652
2026-05-14 15:36:22.991019+02:00,0.0020912946201860905
2026-05-14 15:36:23.006644+02:00,0.002804011106491089
2026-05-14 15:36:23.022269+02:00,0.003576365066692233
2026-05-14 15:36:23.037894+02:00,0.004372621886432171
2026-05-14 15:36:23.053519+02:00,0.005156103987246752
2026-05-14 15:36:23.069144+02:00,0.00589339341968298
2026-05-14 15:36:23.084769+02:00,0.006557707209140062
2026-05-14 15:36:23.100394+02:00,0.007131204474717379
2026-05-14 15:36:23.116019+02:00,0.007604838348925114
2026-05-14 15:36:23.131644+02:00,0.007973765023052692
2026-05-14 15:36:23.147269+02:00,0.008228553459048271
2026-05-14 15:36:23.162894+02:00,0.008346517570316792
2026-05-14 15:36:23.178519+02:00,0.008287174627184868
2026-05-14 15:36:23.194144+02:00,0.00799268763512373
2026-05-14 15:36:23.209769+02:00,0.007396207191050053
2026-05-14 15:36:23.225394+02:00,0.00643963972106576
2026-05-14 15:36:23.241019+02:00,0.005093138199299574
2026-05-14 15:36:23.256644+02:00,0.003367699682712555
2026-05-14 15:36:23.272269+02:00,0.0013200779212638736
2026-05-14 15:36:23.287894+02:00,-0.0009490301599726081
2026-05-14 15:36:23.303519+02:00,-0.003304294776171446
2026-05-14 15:36:23.319144+02:00,-0.005591177847236395
2026-05-14 15:36:23.334769+02:00,-0.007654944900423288
2026-05-14 15:36:23.350394+02:00,-0.009361335076391697
2026-05-14 15:36:23.366019+02:00,-0.010613497346639633
2026-05-14 15:36:23.381644+02:00,-0.01135866530239582
2026-05-14 15:36:23.397269+02:00,-0.011585889384150505
2026-05-14 15:36:23.412894+02:00,-0.011321181431412697
2026-05-14 15:36:23.428519+02:00,-0.010622029192745686
2026-05-14 15:36:23.444144+02:00,-0.009571186266839504
2026-05-14 15:36:23.459769+02:00,-0.0082702049985528
2026-05-14 15:36:23.475394+02:00,-0.006830730941146612
2026-05-14 15:36:23.491019+02:00,-0.0053635514341294765
2026-05-14 15:36:23.506644+02:00,-0.003967798314988613
2026-05-14 15:36:23.522269+02:00,-0.0027209788095206022
2026-05-14 15:36:23.537894+02:00,-0.0016723659355193377
2026-05-14 15:36:23.553519+02:00,-0.0008419838268309832
2026-05-14 15:36:23.569144+02:00,-0.0002226277720183134
2026-05-14 15:36:23.584769+02:00,0.00021659443154931068
2026-05-14 15:36:23.600394+02:00,0.0005237867590039968
2026-05-14 15:36:23.616019+02:00,0.0007556697819381952
2026-05-14 15:36:23.631644+02:00,0.0009698383510112762
2026-05-14 15:36:23.647269+02:00,0.001219259575009346
2026-05-14 15:36:23.662894+02:00,0.0015483640599995852
2026-05-14 15:36:23.678519+02:00,0.001989994663745165
2026-05-14 15:36:23.694144+02:00,0.002563023939728737
2026-05-14 15:36:23.709769+02:00,0.003270111046731472
2026-05-14 15:36:23.725394+02:00,0.004096641670912504
2026-05-14 15:36:23.741019+02:00,0.005013779271394014
2026-05-14 15:36:23.756644+02:00,0.005984981078654528
2026-05-14 15:36:23.772269+02:00,0.006972700357437134
2026-05-14 15:36:23.787894+02:00,0.007943847216665745
2026-05-14 15:36:23.803519+02:00,0.008872643113136292
2026-05-14 15:36:23.819144+02:00,0.009739542379975319
2026-05-14 15:36:23.834769+02:00,0.010528501123189926
2026-05-14 15:36:23.850394+02:00,0.011225706897675991
2026-05-14 15:36:23.866019+02:00,0.011816789396107197
2026-05-14 15:36:23.881644+02:00,0.01227940060198307
2026-05-14 15:36:23.897269+02:00,0.012576401233673096
2026-05-14 15:36:23.912894+02:00,0.012654300779104233
2026-05-14 15:36:23.928519+02:00,0.012446822598576546
2026-05-14 15:36:23.944144+02:00,0.01188515406101942
2026-05-14 15:36:23.959769+02:00,0.010914328508079052
2026-05-14 15:36:23.975394+02:00,0.00951018650084734
2026-05-14 15:36:23.991019+02:00,0.0076919845305383205
2026-05-14 15:36:24.006644+02:00,0.005526948720216751
2026-05-14 15:36:24.022269+02:00,0.0031254037749022245
2026-05-14 15:36:24.037894+02:00,0.0006298332009464502
2026-05-14 15:36:24.053519+02:00,-0.0018004474695771933
2026-05-14 15:36:24.069144+02:00,-0.004009725991636515
2026-05-14 15:36:24.084769+02:00,-0.005866652354598045
2026-05-14 15:36:24.100394+02:00,-0.007278585806488991
2026-05-14 15:36:24.116019+02:00,-0.008198585361242294
2026-05-14 15:36:24.131644+02:00,-0.008625831454992294
2026-05-14 15:36:24.147269+02:00,-0.008599644526839256
2026-05-14 15:36:24.162894+02:00,-0.008190612308681011
2026-05-14 15:36:24.178519+02:00,-0.007492051459848881
2026-05-14 15:36:24.194144+02:00,-0.0066102417185902596
2026-05-14 15:36:24.209769+02:00,-0.005652736872434616
2026-05-14 15:36:24.225394+02:00,-0.004717938601970673
2026-05-14 15:36:24.241019+02:00,-0.003886996768414974
2026-05-14 15:36:24.256644+02:00,-0.003217782359570265
2026-05-14 15:36:24.272269+02:00,-0.0027432322967797518
2026-05-14 15:36:24.287894+02:00,-0.002473692409694195
2026-05-14 15:36:24.303519+02:00,-0.002399350516498089
2026-05-14 15:36:24.319144+02:00,-0.0024912217631936073
2026-05-14 15:36:24.334769+02:00,-0.002702917903661728
2026-05-14 15:36:24.350394+02:00,-0.002976273186504841
2026-05-14 15:36:24.366019+02:00,-0.003249628469347954
2026-05-14 15:36:24.381644+02:00,-0.003464608918875456
2026-05-14 15:36:24.397269+02:00,-0.003572080982849002
2026-05-14 15:36:24.412894+02:00,-0.003539005294442177
2026-05-14 15:36:24.428519+02:00,-0.0033514644019305706
2026-05-14 15:36:24.444144+02:00,-0.003011434804648161
2026-05-14 15:36:24.459769+02:00,-0.002532759914174676
2026-05-14 15:36:24.475394+02:00,-0.0019400021992623806
2026-05-14 15:36:24.491019+02:00,-0.0012677954509854317
2026-05-14 15:36:24.506644+02:00,-0.0005573115777224302
2026-05-14 15:36:24.522269+02:00,0.0001498437486588955
2026-05-14 15:36:24.537894+02:00,0.0008169410284608603
2026-05-14 15:36:24.553519+02:00,0.0014146370813250542
2026-05-14 15:36:24.569144+02:00,0.0019205077551305294
2026-05-14 15:36:24.584769+02:00,0.0023152309004217386
2026-05-14 15:36:24.600394+02:00,0.00257634068839252
2026-05-14 15:36:24.616019+02:00,0.002672707661986351
2026-05-14 15:36:24.631644+02:00,0.0025617859791964293
2026-05-14 15:36:24.647269+02:00,0.0021911440417170525
2026-05-14 15:36:24.662894+02:00,0.0015077125281095505
2026-05-14 15:36:24.678519+02:00,0.0004742061719298363
2026-05-14 15:36:24.694144+02:00,-0.0009145806543529034
2026-05-14 15:36:24.709769+02:00,-0.002621707273647189
2026-05-14 15:36:24.725394+02:00,-0.004565726034343243
2026-05-14 15:36:24.741019+02:00,-0.006626664660871029
2026-05-14 15:36:24.756644+02:00,-0.00865976233035326
2026-05-14 15:36:24.772269+02:00,-0.01051359437406063
2026-05-14 15:36:24.787894+02:00,-0.01204923540353775
2026-05-14 15:36:24.803519+02:00,-0.013157823123037815
2026-05-14 15:36:24.819144+02:00,-0.013772992417216301
2026-05-14 15:36:24.834769+02:00,-0.01387439202517271
2026-05-14 15:36:24.850394+02:00,-0.013482624664902687
2026-05-14 15:36:24.866019+02:00,-0.012651899829506874
2026-05-14 15:36:24.881644+02:00,-0.011463680304586887
2026-05-14 15:36:24.897269+02:00,-0.010017957538366318
2026-05-14 15:36:24.912894+02:00,-0.008421403355896473
2026-05-14 15:36:24.928519+02:00,-0.006776438094675541
2026-05-14 15:36:24.944144+02:00,-0.005174202844500542
2026-05-14 15:36:24.959769+02:00,-0.0036908246111124754
2026-05-14 15:36:24.975394+02:00,-0.0023836621548980474
2026-05-14 15:36:24.991019+02:00,-0.0012864499585703015
2026-05-14 15:36:25.006644+02:00,-0.00040625559631735086
2026-05-14 15:36:25.022269+02:00,0.0002747531980276108
2026-05-14 15:36:25.037894+02:00,0.0007927551632747054
2026-05-14 15:36:25.053519+02:00,0.001194736803881824
2026-05-14 15:36:25.069144+02:00,0.001533089205622673
2026-05-14 15:36:25.084769+02:00,0.0018614958971738815
2026-05-14 15:36:25.100394+02:00,0.002229764824733138
2026-05-14 15:36:25.116019+02:00,0.0026775042060762644
2026-05-14 15:36:25.131644+02:00,0.0032290334347635508
2026-05-14 15:36:25.147269+02:00,0.003891100874170661
2026-05-14 15:36:25.162894+02:00,0.004653553478419781
2026-05-14 15:36:25.178519+02:00,0.0054919118992984295
2026-05-14 15:36:25.194144+02:00,0.006370626389980316
2026-05-14 15:36:25.209769+02:00,0.007247620262205601
2026-05-14 15:36:25.225394+02:00,0.008080760017037392
2026-05-14 15:36:25.241019+02:00,0.008834152482450008
2026-05-14 15:36:25.256644+02:00,0.009480603039264679
2026-05-14 15:36:25.272269+02:00,0.00999913178384304
2026-05-14 15:36:25.287894+02:00,0.010368844494223595
2026-05-14 15:36:25.303519+02:00,0.010560804978013039
2026-05-14 15:36:25.319144+02:00,0.010531184263527393
2026-05-14 15:36:25.334769+02:00,0.010220893658697605
2026-05-14 15:36:25.350394+02:00,0.009565368294715881
2026-05-14 15:36:25.366019+02:00,0.008511907421052456
2026-05-14 15:36:25.381644+02:00,0.007037003058940172
2026-05-14 15:36:25.397269+02:00,0.005158098414540291
2026-05-14 15:36:25.412894+02:00,0.0029388461261987686
2026-05-14 15:36:25.428519+02:00,0.0004878693143837154
2026-05-14 15:36:25.444144+02:00,-0.0020503385458141565
2026-05-14 15:36:25.459769+02:00,-0.004512564279139042
2026-05-14 15:36:25.475394+02:00,-0.006738240830600262
2026-05-14 15:36:25.491019+02:00,-0.008589649572968483
2026-05-14 15:36:25.506644+02:00,-0.009967267513275146
2026-05-14 15:36:25.522269+02:00,-0.010817564092576504
2026-05-14 15:36:25.537894+02:00,-0.011133173480629921
2026-05-14 15:36:25.553519+02:00,-0.010949423536658287
2026-05-14 15:36:25.569144+02:00,-0.010338688269257545
2026-05-14 15:36:25.584769+02:00,-0.009399708360433578
2026-05-14 15:36:25.600394+02:00,-0.008243193849921227
2026-05-14 15:36:25.616019+02:00,-0.006979208439588547
2026-05-14 15:36:25.631644+02:00,-0.005708842538297176
2026-05-14 15:36:25.647269+02:00,-0.004518317524343729
2026-05-14 15:36:25.662894+02:00,-0.0034731701016426086
2026-05-14 15:36:25.678519+02:00,-0.0026137307286262512
2026-05-14 15:36:25.694144+02:00,-0.0019543557427823544
2026-05-14 15:36:25.709769+02:00,-0.001485979650169611
2026-05-14 15:36:25.725394+02:00,-0.0011802338995039463
2026-05-14 15:36:25.741019+02:00,-0.000993434339761734
2026-05-14 15:36:25.756644+02:00,-0.00087004154920578
2026-05-14 15:36:25.772269+02:00,-0.0007487041875720024
2026-05-14 15:36:25.787894+02:00,-0.0005720164626836777
2026-05-14 15:36:25.803519+02:00,-0.00029514310881495476
2026-05-14 15:36:25.819144+02:00,0.00011001573875546455
2026-05-14 15:36:25.834769+02:00,0.0006538610905408859
2026-05-14 15:36:25.850394+02:00,0.0013310308568179607
2026-05-14 15:36:25.866019+02:00,0.002125630620867014
2026-05-14 15:36:25.881644+02:00,0.003015535417944193
2026-05-14 15:36:25.897269+02:00,0.003971582744270563
2026-05-14 15:36:25.912894+02:00,0.004956503864377737
2026-05-14 15:36:25.928519+02:00,0.0059301541186869144
2026-05-14 15:36:25.944144+02:00,0.006857242435216904
2026-05-14 15:36:25.959769+02:00,0.0077092391438782215
2026-05-14 15:36:25.975394+02:00,0.00845928955823183
2026-05-14 15:36:25.991019+02:00,0.009074430912733078
2026-05-14 15:36:26.006644+02:00,0.00950783770531416
2026-05-14 15:36:26.022269+02:00,0.009694036096334457
2026-05-14 15:36:26.037894+02:00,0.009552594274282455
2026-05-14 15:36:26.053519+02:00,0.009003061801195145
2026-05-14 15:36:26.069144+02:00,0.007986772805452347
2026-05-14 15:36:26.084769+02:00,0.00648594181984663
2026-05-14 15:36:26.100394+02:00,0.004534917883574963
2026-05-14 15:36:26.116019+02:00,0.002225282834842801
2026-05-14 15:36:26.131644+02:00,-0.000298219732940197
2026-05-14 15:36:26.147269+02:00,-0.002855067141354084
2026-05-14 15:36:26.162894+02:00,-0.005254177842289209
2026-05-14 15:36:26.178519+02:00,-0.007319435942918062
2026-05-14 15:36:26.194144+02:00,-0.008911387994885445
2026-05-14 15:36:26.209769+02:00,-0.009940629824995995
2026-05-14 15:36:26.225394+02:00,-0.0103712547570467
2026-05-14 15:36:26.241019+02:00,-0.010217846371233463
2026-05-14 15:36:26.256644+02:00,-0.009538679383695126
2026-05-14 15:36:26.272269+02:00,-0.008425826206803322
2026-05-14 15:36:26.287894+02:00,-0.006993632297962904
2026-05-14 15:36:26.303519+02:00,-0.005366679280996323
2026-05-14 15:36:26.319144+02:00,-0.0036684884689748287
2026-05-14 15:36:26.334769+02:00,-0.002012382261455059
2026-05-14 15:36:26.350394+02:00,-0.0004935227334499359
2026-05-14 15:36:26.366019+02:00,0.0008187666535377502
2026-05-14 15:36:26.381644+02:00,0.0018858960829675198
2026-05-14 15:36:26.397269+02:00,0.0026998762041330338
2026-05-14 15:36:26.412894+02:00,0.0032794340513646603
2026-05-14 15:36:26.428519+02:00,0.003664197865873575
2026-05-14 15:36:26.444144+02:00,0.003907956648617983
2026-05-14 15:36:26.459769+02:00,0.004072045441716909
2026-05-14 15:36:26.475394+02:00,0.004218732472509146
2026-05-14 15:36:26.491019+02:00,0.004404045175760984
2026-05-14 15:36:26.506644+02:00,0.004671118222177029
2026-05-14 15:36:26.522269+02:00,0.005045780446380377
2026-05-14 15:36:26.537894+02:00,0.005536108277738094
2026-05-14 15:36:26.553519+02:00,0.006135639734566212
2026-05-14 15:36:26.569144+02:00,0.006826997268944979
2026-05-14 15:36:26.584769+02:00,0.007584633771330118
2026-05-14 15:36:26.600394+02:00,0.008378272876143456
2026-05-14 15:36:26.616019+02:00,0.009177635423839092
2026-05-14 15:36:26.631644+02:00,0.009955819696187973
2026-05-14 15:36:26.647269+02:00,0.010689287446439266
2026-05-14 15:36:26.662894+02:00,0.011356549337506294
2026-05-14 15:36:26.678519+02:00,0.011935701593756676
2026-05-14 15:36:26.694144+02:00,0.012397597543895245
2026-05-14 15:36:26.709769+02:00,0.012695624493062496
2026-05-14 15:36:26.725394+02:00,0.012759318575263023
2026-05-14 15:36:26.741019+02:00,0.012499568052589893
2026-05-14 15:36:26.756644+02:00,0.011825825087726116
2026-05-14 15:36:26.772269+02:00,0.010668467730283737
2026-05-14 15:36:26.787894+02:00,0.009000139310956001
2026-05-14 15:36:26.803519+02:00,0.00685093691572547
2026-05-14 15:36:26.819144+02:00,0.004311625380069017
2026-05-14 15:36:26.834769+02:00,0.001524665392935276
2026-05-14 15:36:26.850394+02:00,-0.0013328229542821646
2026-05-14 15:36:26.866019+02:00,-0.00407166313380003
2026-05-14 15:36:26.881644+02:00,-0.006514793261885643
2026-05-14 15:36:26.897269+02:00,-0.008516567759215832
2026-05-14 15:36:26.912894+02:00,-0.00997415091842413
2026-05-14 15:36:26.928519+02:00,-0.01083275768905878
2026-05-14 15:36:26.944144+02:00,-0.011087092570960522
2026-05-14 15:36:26.959769+02:00,-0.010778762400150299
2026-05-14 15:36:26.975394+02:00,-0.00998823344707489
2026-05-14 15:36:26.991019+02:00,-0.008823723532259464
2026-05-14 15:36:27.006644+02:00,-0.007410199381411076
2026-05-14 15:36:27.022269+02:00,-0.005877238232642412
2026-05-14 15:36:27.037894+02:00,-0.004346864763647318
2026-05-14 15:36:27.053519+02:00,-0.0029244490433484316
2026-05-14 15:36:27.069144+02:00,-0.0016913793515414
2026-05-14 15:36:27.084769+02:00,-0.0006992074195295572
2026-05-14 15:36:27.100394+02:00,3.277440555393696e-05
2026-05-14 15:36:27.116019+02:00,0.0005160714499652386
2026-05-14 15:36:27.131644+02:00,0.0007876617601141334
2026-05-14 15:36:27.147269+02:00,0.0009021485457196832
2026-05-14 15:36:27.162894+02:00,0.0009238654747605324
2026-05-14 15:36:27.178519+02:00,0.0009202638175338507
2026-05-14 15:36:27.194144+02:00,0.0009555013384670019
2026-05-14 15:36:27.209769+02:00,0.0010824012570083141
2026-05-14 15:36:27.225394+02:00,0.0013358849100768566
2026-05-14 15:36:27.241019+02:00,0.0017313726712018251
2026-05-14 15:36:27.256644+02:00,0.002265539951622486
2026-05-14 15:36:27.272269+02:00,0.0029177844990044832
2026-05-14 15:36:27.287894+02:00,0.0036537889391183853
2026-05-14 15:36:27.303519+02:00,0.004430944565683603
2026-05-14 15:36:27.319144+02:00,0.005205388180911541
2026-05-14 15:36:27.334769+02:00,0.0059392862021923065
2026-05-14 15:36:27.350394+02:00,0.006604631431400776
2026-05-14 15:36:27.366019+02:00,0.007182728033512831
2026-05-14 15:36:27.381644+02:00,0.007660226430743933
2026-05-14 15:36:27.397269+02:00,0.008020943030714989
2026-05-14 15:36:27.412894+02:00,0.00823461078107357
2026-05-14 15:36:27.428519+02:00,0.008247068151831627
2026-05-14 15:36:27.444144+02:00,0.007979649119079113
2026-05-14 15:36:27.459769+02:00,0.007342704571783543
2026-05-14 15:36:27.475394+02:00,0.00625770166516304
2026-05-14 15:36:27.491019+02:00,0.004680001642554998
2026-05-14 15:36:27.506644+02:00,0.002618010388687253
2026-05-14 15:36:27.522269+02:00,0.00014334358274936676
2026-05-14 15:36:27.537894+02:00,-0.0026116236113011837
2026-05-14 15:36:27.553519+02:00,-0.005468439776450396
2026-05-14 15:36:27.569144+02:00,-0.008226979523897171
2026-05-14 15:36:27.584769+02:00,-0.010693281888961792
2026-05-14 15:36:27.600394+02:00,-0.012703487649559975
2026-05-14 15:36:27.616019+02:00,-0.014140238985419273
2026-05-14 15:36:27.631644+02:00,-0.014941118657588959
2026-05-14 15:36:27.647269+02:00,-0.015099541284143925
2026-05-14 15:36:27.662894+02:00,-0.014659302309155464
2026-05-14 15:36:27.678519+02:00,-0.013705158606171608
2026-05-14 15:36:27.694144+02:00,-0.012351487763226032
2026-05-14 15:36:27.709769+02:00,-0.010730701498687267
2026-05-14 15:36:27.725394+02:00,-0.008982790634036064
2026-05-14 15:36:27.741019+02:00,-0.007244562264531851
2026-05-14 15:36:27.756644+02:00,-0.005638006143271923
2026-05-14 15:36:27.772269+02:00,-0.004260481800884008
2026-05-14 15:36:27.787894+02:00,-0.003176386933773756
2026-05-14 15:36:27.803519+02:00,-0.0024097643326967955
2026-05-14 15:36:27.819144+02:00,-0.0019425307400524616
2026-05-14 15:36:27.834769+02:00,-0.001721261884085834
2026-05-14 15:36:27.850394+02:00,-0.0016695931553840637
2026-05-14 15:36:27.866019+02:00,-0.0017013371689245105
2026-05-14 15:36:27.881644+02:00,-0.0017316096927970648
2026-05-14 15:36:27.897269+02:00,-0.0016860772157087922
2026-05-14 15:36:27.912894+02:00,-0.0015082272002473474
2026-05-14 15:36:27.928519+02:00,-0.0011643444886431098
2026-05-14 15:36:27.944144+02:00,-0.0006457112613134086
2026-05-14 15:36:27.959769+02:00,3.3905849704751745e-05
2026-05-14 15:36:27.975394+02:00,0.0008450776804238558
2026-05-14 15:36:27.991019+02:00,0.0017493736231699586
2026-05-14 15:36:28.006644+02:00,0.002703786129131913
2026-05-14 15:36:28.022269+02:00,0.003665032796561718
2026-05-14 15:36:28.037894+02:00,0.004593842197209597
2026-05-14 15:36:28.053519+02:00,0.005456194281578064
2026-05-14 15:36:28.069144+02:00,0.006218418478965759
2026-05-14 15:36:28.084769+02:00,0.006836659740656614
2026-05-14 15:36:28.100394+02:00,0.007247789762914181
2026-05-14 15:36:28.116019+02:00,0.007369650527834892
2026-05-14 15:36:28.131644+02:00,0.007112156134098768
2026-05-14 15:36:28.147269+02:00,0.006396013777703047
2026-05-14 15:36:28.162894+02:00,0.005173868499696255
2026-05-14 15:36:28.178519+02:00,0.003447646740823984
2026-05-14 15:36:28.194144+02:00,0.0012779495446011424
2026-05-14 15:36:28.209769+02:00,-0.0012162546627223492
2026-05-14 15:36:28.225394+02:00,-0.0038693947717547417
2026-05-14 15:36:28.241019+02:00,-0.006491110660135746
2026-05-14 15:36:28.256644+02:00,-0.008890707045793533
2026-05-14 15:36:28.272269+02:00,-0.010897408239543438
2026-05-14 15:36:28.287894+02:00,-0.012375030666589737
2026-05-14 15:36:28.303519+02:00,-0.013232683762907982
2026-05-14 15:36:28.319144+02:00,-0.013432987034320831
2026-05-14 15:36:28.334769+02:00,-0.012995843775570393
2026-05-14 15:36:28.350394+02:00,-0.011993877589702606
2026-05-14 15:36:28.366019+02:00,-0.010539961978793144
2026-05-14 15:36:28.381644+02:00,-0.008770961314439774
2026-05-14 15:36:28.397269+02:00,-0.006832528859376907
2026-05-14 15:36:28.412894+02:00,-0.004868288524448872
2026-05-14 15:36:28.428519+02:00,-0.0030097803100943565
2026-05-14 15:36:28.444144+02:00,-0.0013639659155160189
2026-05-14 15:36:28.459769+02:00,-3.7404242902994156e-06
2026-05-14 15:36:28.475394+02:00,0.0010354008991271257
2026-05-14 15:36:28.491019+02:00,0.0017553819343447685
2026-05-14 15:36:28.506644+02:00,0.0021917507983744144
2026-05-14 15:36:28.522269+02:00,0.0024055829271674156
2026-05-14 15:36:28.537894+02:00,0.00247507868334651
2026-05-14 15:36:28.553519+02:00,0.002486038953065872
2026-05-14 15:36:28.569144+02:00,0.0025182818062603474
2026-05-14 15:36:28.584769+02:00,0.0026339786127209663
2026-05-14 15:36:28.600394+02:00,0.002874664729461074
2026-05-14 15:36:28.616019+02:00,0.0032637878321111202
2026-05-14 15:36:28.631644+02:00,0.003807571716606617
2026-05-14 15:36:28.647269+02:00,0.004493918269872665
2026-05-14 15:36:28.662894+02:00,0.005294445436447859
2026-05-14 15:36:28.678519+02:00,0.006170165259391069
2026-05-14 15:36:28.694144+02:00,0.0070771826431155205
2026-05-14 15:36:28.709769+02:00,0.007970861159265041
2026-05-14 15:36:28.725394+02:00,0.008807663805782795
2026-05-14 15:36:28.741019+02:00,0.009542787447571754
2026-05-14 15:36:28.756644+02:00,0.010124653577804565
2026-05-14 15:36:28.772269+02:00,0.010489447042346
2026-05-14 15:36:28.787894+02:00,0.010558201000094414
2026-05-14 15:36:28.803519+02:00,0.010241016745567322
2026-05-14 15:36:28.819144+02:00,0.009451386518776417
2026-05-14 15:36:28.834769+02:00,0.008127721026539803
2026-05-14 15:36:28.850394+02:00,0.006255520973354578
2026-05-14 15:36:28.866019+02:00,0.003881922224536538
2026-05-14 15:36:28.881644+02:00,0.001118417945690453
2026-05-14 15:36:28.897269+02:00,-0.0018674724269658327
2026-05-14 15:36:28.912894+02:00,-0.0048715840093791485
2026-05-14 15:36:28.928519+02:00,-0.007681049406528473
2026-05-14 15:36:28.944144+02:00,-0.010102619417011738
2026-05-14 15:36:28.959769+02:00,-0.011984104290604591
2026-05-14 15:36:28.975394+02:00,-0.01322674285620451
2026-05-14 15:36:28.991019+02:00,-0.013789134100079536
2026-05-14 15:36:29.006644+02:00,-0.013684624806046486
2026-05-14 15:36:29.022269+02:00,-0.012974427081644535
2026-05-14 15:36:29.037894+02:00,-0.011757797561585903
2026-05-14 15:36:29.053519+02:00,-0.010160170495510101
2026-05-14 15:36:29.069144+02:00,-0.00832090899348259
2026-05-14 15:36:29.084769+02:00,-0.0063817063346505165
2026-05-14 15:36:29.100394+02:00,-0.004475126042962074
2026-05-14 15:36:29.116019+02:00,-0.002713153138756752
2026-05-14 15:36:29.131644+02:00,-0.0011780820786952972
2026-05-14 15:36:29.147269+02:00,8.133240044116974e-05
2026-05-14 15:36:29.162894+02:00,0.0010494936723262072
2026-05-14 15:36:29.178519+02:00,0.001742097083479166
2026-05-14 15:36:29.194144+02:00,0.0022019552998244762
2026-05-14 15:36:29.209769+02:00,0.0024916089605540037
2026-05-14 15:36:29.225394+02:00,0.0026854127645492554
2026-05-14 15:36:29.241019+02:00,0.002861371263861656
2026-05-14 15:36:29.256644+02:00,0.0030909478664398193
2026-05-14 15:36:29.272269+02:00,0.003430090844631195
2026-05-14 15:36:29.287894+02:00,0.0039147427305579185
2026-05-14 15:36:29.303519+02:00,0.004559536464512348
2026-05-14 15:36:29.319144+02:00,0.005358349997550249
2026-05-14 15:36:29.334769+02:00,0.0062859319150447845
2026-05-14 15:36:29.350394+02:00,0.007301259785890579
2026-05-14 15:36:29.366019+02:00,0.00835493765771389
2026-05-14 15:36:29.381644+02:00,0.00939800962805748
2026-05-14 15:36:29.397269+02:00,0.010386353358626366
2026-05-14 15:36:29.412894+02:00,0.01127900741994381
2026-05-14 15:36:29.428519+02:00,0.012031439691781998
2026-05-14 15:36:29.444144+02:00,0.012586260214447975
2026-05-14 15:36:29.459769+02:00,0.012866334058344364
2026-05-14 15:36:29.475394+02:00,0.012775974348187447
2026-05-14 15:36:29.491019+02:00,0.01221365574747324
2026-05-14 15:36:29.506644+02:00,0.011094336397945881
2026-05-14 15:36:29.522269+02:00,0.009374741464853287
2026-05-14 15:36:29.537894+02:00,0.007073393557220697
2026-05-14 15:36:29.553519+02:00,0.0042790924198925495
2026-05-14 15:36:29.569144+02:00,0.0011469773016870022
2026-05-14 15:36:29.584769+02:00,-0.0021163979545235634
2026-05-14 15:36:29.600394+02:00,-0.005277776625007391
2026-05-14 15:36:29.616019+02:00,-0.008107520639896393
2026-05-14 15:36:29.631644+02:00,-0.010409500449895859
2026-05-14 15:36:29.647269+02:00,-0.012043921276926994
2026-05-14 15:36:29.662894+02:00,-0.01293700560927391
2026-05-14 15:36:29.678519+02:00,-0.013078869320452213
2026-05-14 15:36:29.694144+02:00,-0.012516232207417488
2026-05-14 15:36:29.709769+02:00,-0.011342068202793598
2026-05-14 15:36:29.725394+02:00,-0.009683006443083286
2026-05-14 15:36:29.741019+02:00,-0.007687879726290703
2026-05-14 15:36:29.756644+02:00,-0.005516372621059418
2026-05-14 15:36:29.772269+02:00,-0.0033251417335122824
2026-05-14 15:36:29.787894+02:00,-0.0012543660122901201
2026-05-14 15:36:29.803519+02:00,0.0005823825486004353
2026-05-14 15:36:29.819144+02:00,0.002105638850480318
2026-05-14 15:36:29.834769+02:00,0.003274785354733467
2026-05-14 15:36:29.850394+02:00,0.004088344983756542
2026-05-14 15:36:29.866019+02:00,0.004579408094286919
2026-05-14 15:36:29.881644+02:00,0.004807936493307352
2026-05-14 15:36:29.897269+02:00,0.004851878620684147
2026-05-14 15:36:29.912894+02:00,0.0047976234927773476
2026-05-14 15:36:29.928519+02:00,0.0047300332225859165
2026-05-14 15:36:29.944144+02:00,0.004723160061985254
2026-05-14 15:36:29.959769+02:00,0.004833334591239691
2026-05-14 15:36:29.975394+02:00,0.005095317494124174
2026-05-14 15:36:29.991019+02:00,0.005520683713257313
2026-05-14 15:36:30.006644+02:00,0.006098289508372545
2026-05-14 15:36:30.022269+02:00,0.006797856651246548
2026-05-14 15:36:30.037894+02:00,0.007576848845928907
2026-05-14 15:36:30.053519+02:00,0.008388769812881947
2026-05-14 15:36:30.069144+02:00,0.009189841337502003
2026-05-14 15:36:30.084769+02:00,0.009942064993083477
2026-05-14 15:36:30.100394+02:00,0.010611889883875847
2026-05-14 15:36:30.116019+02:00,0.011162239126861095
2026-05-14 15:36:30.131644+02:00,0.011538936756551266
2026-05-14 15:36:30.147269+02:00,0.011661318130791187
2026-05-14 15:36:30.162894+02:00,0.01142609491944313
2026-05-14 15:36:30.178519+02:00,0.010725180618464947
2026-05-14 15:36:30.194144+02:00,0.009471539407968521
2026-05-14 15:36:30.209769+02:00,0.007622976321727037
2026-05-14 15:36:30.225394+02:00,0.005198383703827858
2026-05-14 15:36:30.241019+02:00,0.0022870092652738094
2026-05-14 15:36:30.256644+02:00,-0.0009537055157124996
2026-05-14 15:36:30.272269+02:00,-0.00431626383215189
2026-05-14 15:36:30.287894+02:00,-0.007571417838335037
2026-05-14 15:36:30.303519+02:00,-0.010498050600290298
2026-05-14 15:36:30.319144+02:00,-0.012909872457385063
2026-05-14 15:36:30.334769+02:00,-0.014675045385956764
2026-05-14 15:36:30.350394+02:00,-0.01572517305612564
2026-05-14 15:36:30.366019+02:00,-0.016054127365350723
2026-05-14 15:36:30.381644+02:00,-0.015711549669504166
2026-05-14 15:36:30.397269+02:00,-0.014793192967772484
2026-05-14 15:36:30.412894+02:00,-0.013427150435745716
2026-05-14 15:36:30.428519+02:00,-0.011758231557905674
2026-05-14 15:36:30.444144+02:00,-0.009934507310390472
2026-05-14 15:36:30.459769+02:00,-0.008097038604319096
2026-05-14 15:36:30.475394+02:00,-0.00636936305090785
2026-05-14 15:36:30.491019+02:00,-0.0048465547151863575
2026-05-14 15:36:30.506644+02:00,-0.0035902243107557297
2026-05-14 15:36:30.522269+02:00,-0.0026290647219866514
2026-05-14 15:36:30.537894+02:00,-0.0019587408751249313
2026-05-14 15:36:30.553519+02:00,-0.0015426003374159336
2026-05-14 15:36:30.569144+02:00,-0.0013177107321098447
2026-05-14 15:36:30.584769+02:00,-0.001205260748974979
2026-05-14 15:36:30.600394+02:00,-0.0011220542946830392
2026-05-14 15:36:30.616019+02:00,-0.0009914884576573968
2026-05-14 15:36:30.631644+02:00,-0.0007530265720561147
2026-05-14 15:36:30.647269+02:00,-0.0003682358656078577
2026-05-14 15:36:30.662894+02:00,0.00017858645878732204
2026-05-14 15:36:30.678519+02:00,0.0008836709894239902
2026-05-14 15:36:30.694144+02:00,0.0017262105830013752
2026-05-14 15:36:30.709769+02:00,0.002669927664101124
2026-05-14 15:36:30.725394+02:00,0.0036677615717053413
2026-05-14 15:36:30.741019+02:00,0.0046690343879163265
2026-05-14 15:36:30.756644+02:00,0.005625790450721979
2026-05-14 15:36:30.772269+02:00,0.006496988236904144
2026-05-14 15:36:30.787894+02:00,0.007247913628816605
2026-05-14 15:36:30.803519+02:00,0.00784178264439106
2026-05-14 15:36:30.819144+02:00,0.008228173479437828
2026-05-14 15:36:30.834769+02:00,0.008337856270372868
2026-05-14 15:36:30.850394+02:00,0.008087893947958946
2026-05-14 15:36:30.866019+02:00,0.007395878899842501
2026-05-14 15:36:30.881644+02:00,0.006199520081281662
2026-05-14 15:36:30.897269+02:00,0.004476027097553015
2026-05-14 15:36:30.912894+02:00,0.0022579263895750046
2026-05-14 15:36:30.928519+02:00,-0.00035902485251426697
2026-05-14 15:36:30.944144+02:00,-0.003221072256565094
2026-05-14 15:36:30.959769+02:00,-0.006134954281151295
2026-05-14 15:36:30.975394+02:00,-0.00889345072209835
2026-05-14 15:36:30.991019+02:00,-0.011300209909677505
2026-05-14 15:36:31.006644+02:00,-0.013191444799304008
2026-05-14 15:36:31.022269+02:00,-0.01445366907864809
2026-05-14 15:36:31.037894+02:00,-0.015032774768769741
2026-05-14 15:36:31.053519+02:00,-0.014933154918253422
2026-05-14 15:36:31.069144+02:00,-0.014211265370249748
2026-05-14 15:36:31.084769+02:00,-0.012966955080628395
2026-05-14 15:36:31.100394+02:00,-0.011332952417433262
2026-05-14 15:36:31.116019+02:00,-0.00946123618632555
2026-05-14 15:36:31.131644+02:00,-0.007506265304982662
2026-05-14 15:36:31.147269+02:00,-0.005608894396573305
2026-05-14 15:36:31.162894+02:00,-0.0038845606613904238
2026-05-14 15:36:31.178519+02:00,-0.002415092894807458
2026-05-14 15:36:31.194144+02:00,-0.0012437382247298956
2026-05-14 15:36:31.209769+02:00,-0.0003752848133444786
2026-05-14 15:36:31.225394+02:00,0.00021920609287917614
2026-05-14 15:36:31.241019+02:00,0.0005945354932919145
2026-05-14 15:36:31.256644+02:00,0.000821026973426342
2026-05-14 15:36:31.272269+02:00,0.0009746734285727143
2026-05-14 15:36:31.287894+02:00,0.0011296493466943502
2026-05-14 15:36:31.303519+02:00,0.0013515595346689224
2026-05-14 15:36:31.319144+02:00,0.0016915644519031048
2026-05-14 15:36:31.334769+02:00,0.002183026634156704
2026-05-14 15:36:31.350394+02:00,0.002839904511347413
2026-05-14 15:36:31.366019+02:00,0.0036559219006448984
2026-05-14 15:36:31.381644+02:00,0.004605305381119251
2026-05-14 15:36:31.397269+02:00,0.005646421108394861
2026-05-14 15:36:31.412894+02:00,0.00672835111618042
2026-05-14 15:36:31.428519+02:00,0.007797510363161564
2026-05-14 15:36:31.444144+02:00,0.008801136165857315
2026-05-14 15:36:31.459769+02:00,0.009687265381217003
2026-05-14 15:36:31.475394+02:00,0.010401800274848938
2026-05-14 15:36:31.491019+02:00,0.010884463787078857
2026-05-14 15:36:31.506644+02:00,0.011066947132349014
2026-05-14 15:36:31.522269+02:00,0.010875264182686806
2026-05-14 15:36:31.537894+02:00,0.010239395312964916
2026-05-14 15:36:31.553519+02:00,0.00911188218742609
2026-05-14 15:36:31.569144+02:00,0.007487446069717407
2026-05-14 15:36:31.584769+02:00,0.005414040759205818
2026-05-14 15:36:31.600394+02:00,0.002994696144014597
2026-05-14 15:36:31.616019+02:00,0.00038109789602458477
2026-05-14 15:36:31.631644+02:00,-0.0022430475801229477
2026-05-14 15:36:31.647269+02:00,-0.004686539992690086
2026-05-14 15:36:31.662894+02:00,-0.006775751244276762
2026-05-14 15:36:31.678519+02:00,-0.008373898454010487
2026-05-14 15:36:31.694144+02:00,-0.009392496198415756
2026-05-14 15:36:31.709769+02:00,-0.009795961901545525
2026-05-14 15:36:31.725394+02:00,-0.009600489400327206
2026-05-14 15:36:31.741019+02:00,-0.008868156000971794
2026-05-14 15:36:31.756644+02:00,-0.00769699364900589
2026-05-14 15:36:31.772269+02:00,-0.006209240760654211
2026-05-14 15:36:31.787894+02:00,-0.004540313966572285
2026-05-14 15:36:31.803519+02:00,-0.0028271495830267668
2026-05-14 15:36:31.819144+02:00,-0.0011949032777920365
2026-05-14 15:36:31.834769+02:00,0.00025473139248788357
2026-05-14 15:36:31.850394+02:00,0.001450499054044485
2026-05-14 15:36:31.866019+02:00,0.0023544386494904757
2026-05-14 15:36:31.881644+02:00,0.0029627815820276737
2026-05-14 15:36:31.897269+02:00,0.003304688958451152
2026-05-14 15:36:31.912894+02:00,0.0034361088182777166
2026-05-14 15:36:31.928519+02:00,0.003429063130170107
2026-05-14 15:36:31.944144+02:00,0.0033614030107855797
2026-05-14 15:36:31.959769+02:00,0.00330881355330348
2026-05-14 15:36:31.975394+02:00,0.0033359427470713854
2026-05-14 15:36:31.991019+02:00,0.0034872086253017187
2026-05-14 15:36:32.006644+02:00,0.00378246558830142
2026-05-14 15:36:32.022269+02:00,0.004219536669552326
2026-05-14 15:36:32.037894+02:00,0.004780005197972059
2026-05-14 15:36:32.053519+02:00,0.0054342374205589294
2026-05-14 15:36:32.069144+02:00,0.0061453599482774734
2026-05-14 15:36:32.084769+02:00,0.006873384118080139
2026-05-14 15:36:32.100394+02:00,0.007578928954899311
2026-05-14 15:36:32.116019+02:00,0.00822457205504179
2026-05-14 15:36:32.131644+02:00,0.008771911263465881
2026-05-14 15:36:32.147269+02:00,0.009175607934594154
2026-05-14 15:36:32.162894+02:00,0.009378650225698948
2026-05-14 15:36:32.178519+02:00,0.009311961941421032
2026-05-14 15:36:32.194144+02:00,0.008900869637727737
2026-05-14 15:36:32.209769+02:00,0.008079087361693382
2026-05-14 15:36:32.225394+02:00,0.006806178484112024
2026-05-14 15:36:32.241019+02:00,0.0050827632658183575
2026-05-14 15:36:32.256644+02:00,0.0029591494239866734
2026-05-14 15:36:32.272269+02:00,0.000535962637513876
2026-05-14 15:36:32.287894+02:00,-0.002043267246335745
2026-05-14 15:36:32.303519+02:00,-0.004608443472534418
2026-05-14 15:36:32.319144+02:00,-0.006986112333834171
2026-05-14 15:36:32.334769+02:00,-0.009022548794746399
2026-05-14 15:36:32.350394+02:00,-0.010600369423627853
2026-05-14 15:36:32.366019+02:00,-0.011647002771496773
2026-05-14 15:36:32.381644+02:00,-0.012136191129684448
2026-05-14 15:36:32.397269+02:00,-0.012085446156561375
2026-05-14 15:36:32.412894+02:00,-0.011551829054951668
2026-05-14 15:36:32.428519+02:00,-0.010624472051858902
2026-05-14 15:36:32.444144+02:00,-0.009412795305252075
2026-05-14 15:36:32.459769+02:00,-0.008033708669245243
2026-05-14 15:36:32.475394+02:00,-0.006600515451282263
2026-05-14 15:36:32.491019+02:00,-0.0052139670588076115
2026-05-14 15:36:32.506644+02:00,-0.003956313244998455
2026-05-14 15:36:32.522269+02:00,-0.0028870333917438984
2026-05-14 15:36:32.537894+02:00,-0.0020383759401738644
2026-05-14 15:36:32.553519+02:00,-0.001413852907717228
2026-05-14 15:36:32.569144+02:00,-0.0009921751916408539
2026-05-14 15:36:32.584769+02:00,-0.0007338426075875759
2026-05-14 15:36:32.600394+02:00,-0.0005881497636437416
2026-05-14 15:36:32.616019+02:00,-0.0004999618977308273
2026-05-14 15:36:32.631644+02:00,-0.000415261834859848
2026-05-14 15:36:32.647269+02:00,-0.00028532883152365685
2026-05-14 15:36:32.662894+02:00,-7.028738036751747e-05
2026-05-14 15:36:32.678519+02:00,0.0002570934593677521
2026-05-14 15:36:32.694144+02:00,0.000708410982042551
2026-05-14 15:36:32.709769+02:00,0.0012798351235687733
2026-05-14 15:36:32.725394+02:00,0.0019552381709218025
2026-05-14 15:36:32.741019+02:00,0.0027095205150544643
2026-05-14 15:36:32.756644+02:00,0.0035103391855955124
2026-05-14 15:36:32.772269+02:00,0.004320093896239996
2026-05-14 15:36:32.787894+02:00,0.005099260248243809
2026-05-14 15:36:32.803519+02:00,0.005807734094560146
2026-05-14 15:36:32.819144+02:00,0.006402233615517616
2026-05-14 15:36:32.834769+02:00,0.006831813137978315
2026-05-14 15:36:32.850394+02:00,0.007035921793431044
2026-05-14 15:36:32.866019+02:00,0.006947936490178108
2026-05-14 15:36:32.881644+02:00,0.006503328215330839
2026-05-14 15:36:32.897269+02:00,0.005652507301419973
2026-05-14 15:36:32.912894+02:00,0.004376924131065607
2026-05-14 15:36:32.928519+02:00,0.002701949793845415
2026-05-14 15:36:32.944144+02:00,0.0007017268799245358
2026-05-14 15:36:32.959769+02:00,-0.0015056752599775791
2026-05-14 15:36:32.975394+02:00,-0.0037725819274783134
2026-05-14 15:36:32.991019+02:00,-0.00594155490398407
2026-05-14 15:36:33.006644+02:00,-0.007865245454013348
2026-05-14 15:36:33.022269+02:00,-0.009421889670193195
2026-05-14 15:36:33.037894+02:00,-0.010525665245950222
2026-05-14 15:36:33.053519+02:00,-0.011133241467177868
2026-05-14 15:36:33.069144+02:00,-0.011244755238294601
2026-05-14 15:36:33.084769+02:00,-0.010898124426603317
2026-05-14 15:36:33.100394+02:00,-0.010160786099731922
2026-05-14 15:36:33.116019+02:00,-0.009122072719037533
2026-05-14 15:36:33.131644+02:00,-0.007885076105594635
2026-05-14 15:36:33.147269+02:00,-0.006556656211614609
2026-05-14 15:36:33.162894+02:00,-0.005236828699707985
2026-05-14 15:36:33.178519+02:00,-0.004010332282632589
2026-05-14 15:36:33.194144+02:00,-0.0029415744356811047
2026-05-14 15:36:33.209769+02:00,-0.002071478171274066
2026-05-14 15:36:33.225394+02:00,-0.0014157285913825035
2026-05-14 15:36:33.241019+02:00,-0.0009652415756136179
2026-05-14 15:36:33.256644+02:00,-0.0006893167737871408
2026-05-14 15:36:33.272269+02:00,-0.0005423449911177158
2026-05-14 15:36:33.287894+02:00,-0.0004721845034509897
2026-05-14 15:36:33.303519+02:00,-0.0004257264081388712
2026-05-14 15:36:33.319144+02:00,-0.00035217427648603916
2026-05-14 15:36:33.334769+02:00,-0.00020789098925888538
2026-05-14 15:36:33.350394+02:00,3.785197623074055e-05
2026-05-14 15:36:33.366019+02:00,0.0003995988517999649
2026-05-14 15:36:33.381644+02:00,0.0008754790760576725
2026-05-14 15:36:33.397269+02:00,0.0014490284956991673
2026-05-14 15:36:33.412894+02:00,0.0020934713538736105
2026-05-14 15:36:33.428519+02:00,0.0027772607281804085
2026-05-14 15:36:33.444144+02:00,0.0034683113917708397
2026-05-14 15:36:33.459769+02:00,0.004137178882956505
2026-05-14 15:36:33.475394+02:00,0.004759455565363169
2026-05-14 15:36:33.491019+02:00,0.005315128713846207
2026-05-14 15:36:33.506644+02:00,0.005783154163509607
2026-05-14 15:36:33.522269+02:00,0.006133048329502344
2026-05-14 15:36:33.537894+02:00,0.006318268366158009
2026-05-14 15:36:33.553519+02:00,0.006277099717408419
2026-05-14 15:36:33.569144+02:00,0.005943508353084326
2026-05-14 15:36:33.584769+02:00,0.005262363236397505
2026-05-14 15:36:33.600394+02:00,0.004203261341899633
2026-05-14 15:36:33.616019+02:00,0.0027733081951737404
2026-05-14 15:36:33.631644+02:00,0.00102626858279109
2026-05-14 15:36:33.647269+02:00,-0.0009390311315655708
2026-05-14 15:36:33.662894+02:00,-0.0029915133491158485
2026-05-14 15:36:33.678519+02:00,-0.004985004663467407
2026-05-14 15:36:33.694144+02:00,-0.006776571273803711
2026-05-14 15:36:33.709769+02:00,-0.008245455101132393
2026-05-14 15:36:33.725394+02:00,-0.009306837804615498
2026-05-14 15:36:33.741019+02:00,-0.009916621260344982
2026-05-14 15:36:33.756644+02:00,-0.010069896467030048
2026-05-14 15:36:33.772269+02:00,-0.009796343743801117
2026-05-14 15:36:33.787894+02:00,-0.009154453873634338
2026-05-14 15:36:33.803519+02:00,-0.008224351331591606
2026-05-14 15:36:33.819144+02:00,-0.007099194452166557
2026-05-14 15:36:33.834769+02:00,-0.005876357667148113
2026-05-14 15:36:33.850394+02:00,-0.004648376721888781
2026-05-14 15:36:33.866019+02:00,-0.003495245473459363
2026-05-14 15:36:33.881644+02:00,-0.002480035647749901
2026-05-14 15:36:33.897269+02:00,-0.001645673648454249
2026-05-14 15:36:33.912894+02:00,-0.0010111958254128695
2026-05-14 15:36:33.928519+02:00,-0.0005702166236005723
2026-05-14 15:36:33.944144+02:00,-0.00029386591631919146
2026-05-14 15:36:33.959769+02:00,-0.00013808516087010503
2026-05-14 15:36:33.975394+02:00,-5.315693124430254e-05
2026-05-14 15:36:33.991019+02:00,9.192939614877105e-06
2026-05-14 15:36:34.006644+02:00,9.284861152991652e-05
2026-05-14 15:36:34.022269+02:00,0.00023539146059192717
2026-05-14 15:36:34.037894+02:00,0.00046548779937438667
2026-05-14 15:36:34.053519+02:00,0.0008009757730178535
2026-05-14 15:36:34.069144+02:00,0.00124792056158185
2026-05-14 15:36:34.084769+02:00,0.0017998297698795795
2026-05-14 15:36:34.100394+02:00,0.002438510302454233
2026-05-14 15:36:34.116019+02:00,0.003137527033686638
2026-05-14 15:36:34.131644+02:00,0.0038658641278743744
2026-05-14 15:36:34.147269+02:00,0.004590644501149654
2026-05-14 15:36:34.162894+02:00,0.005280094686895609
2026-05-14 15:36:34.178519+02:00,0.00590533996000886
2026-05-14 15:36:34.194144+02:00,0.006437711883336306
2026-05-14 15:36:34.209769+02:00,0.006842584349215031
2026-05-14 15:36:34.225394+02:00,0.007074889726936817
2026-05-14 15:36:34.241019+02:00,0.00708020431920886
2026-05-14 15:36:34.256644+02:00,0.006802869960665703
2026-05-14 15:36:34.272269+02:00,0.006198462564498186
2026-05-14 15:36:34.287894+02:00,0.005245789419859648
2026-05-14 15:36:34.303519+02:00,0.003957712557166815
2026-05-14 15:36:34.319144+02:00,0.0023887925781309605
2026-05-14 15:36:34.334769+02:00,0.0006341335829347372
2026-05-14 15:36:34.350394+02:00,-0.0011809859424829483
2026-05-14 15:36:34.366019+02:00,-0.0029174317605793476
2026-05-14 15:36:34.381644+02:00,-0.004441638942807913
2026-05-14 15:36:34.397269+02:00,-0.005642681382596493
2026-05-14 15:36:34.412894+02:00,-0.006443161517381668
2026-05-14 15:36:34.428519+02:00,-0.006804675329476595
2026-05-14 15:36:34.444144+02:00,-0.006729165092110634
2026-05-14 15:36:34.459769+02:00,-0.006257084663957357
2026-05-14 15:36:34.475394+02:00,-0.005460583604872227
2026-05-14 15:36:34.491019+02:00,-0.00443088635802269
2026-05-14 15:36:34.506644+02:00,-0.0032662798184901476
2026-05-14 15:36:34.522269+02:00,-0.0020645835902541876
2026-05-14 15:36:34.537894+02:00,-0.0009156924206763506
2026-05-14 15:36:34.553519+02:00,0.00010708486661314964
2026-05-14 15:36:34.569144+02:00,0.0009530785027891397
2026-05-14 15:36:34.584769+02:00,0.001597134512849152
2026-05-14 15:36:34.600394+02:00,0.0020400891080498695
2026-05-14 15:36:34.616019+02:00,0.002304673660546541
2026-05-14 15:36:34.631644+02:00,0.0024273311719298363
2026-05-14 15:36:34.647269+02:00,0.002451894339174032
2026-05-14 15:36:34.662894+02:00,0.002426993101835251
2026-05-14 15:36:34.678519+02:00,0.00240312609821558
2026-05-14 15:36:34.694144+02:00,0.0024277190677821636
2026-05-14 15:36:34.709769+02:00,0.0025384039618074894
2026-05-14 15:36:34.725394+02:00,0.0027567059732973576
2026-05-14 15:36:34.741019+02:00,0.003086785087361932
2026-05-14 15:36:34.756644+02:00,0.0035188128240406513
2026-05-14 15:36:34.772269+02:00,0.004032706841826439
2026-05-14 15:36:34.787894+02:00,0.004601126071065664
2026-05-14 15:36:34.803519+02:00,0.005193036049604416
2026-05-14 15:36:34.819144+02:00,0.005777651444077492
2026-05-14 15:36:34.834769+02:00,0.0063275909051299095
2026-05-14 15:36:34.850394+02:00,0.006821752525866032
2026-05-14 15:36:34.866019+02:00,0.00724560022354126
2026-05-14 15:36:34.881644+02:00,0.007585902698338032
2026-05-14 15:36:34.897269+02:00,0.007823951542377472
2026-05-14 15:36:34.912894+02:00,0.007930698804557323
2026-05-14 15:36:34.928519+02:00,0.00786430574953556
2026-05-14 15:36:34.944144+02:00,0.007573477923870087
2026-05-14 15:36:34.959769+02:00,0.007007102016359568
2026-05-14 15:36:34.975394+02:00,0.006126600317656994
2026-05-14 15:36:34.991019+02:00,0.004918895661830902
2026-05-14 15:36:35.006644+02:00,0.0034071896225214005
2026-05-14 15:36:35.022269+02:00,0.0016552507877349854
2026-05-14 15:36:35.037894+02:00,-0.00023720139870420098
2026-05-14 15:36:35.053519+02:00,-0.0021467513870447874
2026-05-14 15:36:35.069144+02:00,-0.003941074013710022
2026-05-14 15:36:35.084769+02:00,-0.00549329211935401
2026-05-14 15:36:35.100394+02:00,-0.006698280107229948
2026-05-14 15:36:35.116019+02:00,-0.0074893999844789505
2026-05-14 15:36:35.131644+02:00,-0.007846556603908539
2026-05-14 15:36:35.147269+02:00,-0.007790924981236458
2026-05-14 15:36:35.162894+02:00,-0.007373464293777943
2026-05-14 15:36:35.178519+02:00,-0.00666565028950572
2026-05-14 15:36:35.194144+02:00,-0.0057524992153048515
2026-05-14 15:36:35.209769+02:00,-0.0047244904562830925
2026-05-14 15:36:35.225394+02:00,-0.003668780904263258
2026-05-14 15:36:35.241019+02:00,-0.002661799779161811
2026-05-14 15:36:35.256644+02:00,-0.0017631833907216787
2026-05-14 15:36:35.272269+02:00,-0.001011906424537301
2026-05-14 15:36:35.287894+02:00,-0.0004264041781425476
2026-05-14 15:36:35.303519+02:00,-6.668735295534134e-06
2026-05-14 15:36:35.319144+02:00,0.0002637971192598343
2026-05-14 15:36:35.334769+02:00,0.00041422643698751926
2026-05-14 15:36:35.350394+02:00,0.0004802828188985586
2026-05-14 15:36:35.366019+02:00,0.000499075511470437
2026-05-14 15:36:35.381644+02:00,0.0005081277340650558
2026-05-14 15:36:35.397269+02:00,0.0005444732960313559
2026-05-14 15:36:35.412894+02:00,0.0006408010376617312
2026-05-14 15:36:35.428519+02:00,0.0008216255810111761
2026-05-14 15:36:35.444144+02:00,0.0011012621689587831
2026-05-14 15:36:35.459769+02:00,0.0014826300321146846
2026-05-14 15:36:35.475394+02:00,0.00195698463357985
2026-05-14 15:36:35.491019+02:00,0.002504995558410883
2026-05-14 15:36:35.506644+02:00,0.0030994447879493237
2026-05-14 15:36:35.522269+02:00,0.003708500415086746
2026-05-14 15:36:35.537894+02:00,0.004298715852200985
2026-05-14 15:36:35.553519+02:00,0.0048395246267318726
2026-05-14 15:36:35.569144+02:00,0.005307859741151333
2026-05-14 15:36:35.584769+02:00,0.005688090343028307
2026-05-14 15:36:35.600394+02:00,0.0059670074842870235
2026-05-14 15:36:35.616019+02:00,0.0061266920529305935
2026-05-14 15:36:35.631644+02:00,0.006137697026133537
2026-05-14 15:36:35.647269+02:00,0.005957110784947872
2026-05-14 15:36:35.662894+02:00,0.00553497951477766
2026-05-14 15:36:35.678519+02:00,0.004827031400054693
2026-05-14 15:36:35.694144+02:00,0.003809858812019229
2026-05-14 15:36:35.709769+02:00,0.002495029242709279
2026-05-14 15:36:35.725394+02:00,0.0009363983408547938
2026-05-14 15:36:35.741019+02:00,-0.0007731954101473093
2026-05-14 15:36:35.756644+02:00,-0.0025134743191301823
2026-05-14 15:36:35.772269+02:00,-0.004153391811996698
2026-05-14 15:36:35.787894+02:00,-0.005571007262915373
2026-05-14 15:36:35.803519+02:00,-0.0066713206470012665
2026-05-14 15:36:35.819144+02:00,-0.007396424654871225
2026-05-14 15:36:35.834769+02:00,-0.0077280462719500065
2026-05-14 15:36:35.850394+02:00,-0.007684426847845316
2026-05-14 15:36:35.866019+02:00,-0.0073114726692438126
2026-05-14 15:36:35.881644+02:00,-0.0066716792061924934
2026-05-14 15:36:35.897269+02:00,-0.0058355131186544895
2026-05-14 15:36:35.912894+02:00,-0.00487497029826045
2026-05-14 15:36:35.928519+02:00,-0.0038587807212024927
2026-05-14 15:36:35.944144+02:00,-0.0028491285629570484
2026-05-14 15:36:35.959769+02:00,-0.0018986441427841783
2026-05-14 15:36:35.975394+02:00,-0.001048491452820599
2026-05-14 15:36:35.991019+02:00,-0.00032757362350821495
