timestamp_utc,bvp
2026-05-14 16:16:05.007620+02:00,-0.02093307301402092
2026-05-14 16:16:05.023245+02:00,-0.021677527576684952
2026-05-14 16:16:05.038870+02:00,-0.020754298195242882
2026-05-14 16:16:05.054495+02:00,-0.018395675346255302
2026-05-14 16:16:05.070120+02:00,-0.014946484938263893
2026-05-14 16:16:05.085745+02:00,-0.010813472792506218
2026-05-14 16:16:05.101370+02:00,-0.006414957344532013
2026-05-14 16:16:05.116995+02:00,-0.0021331962198019028
2026-05-14 16:16:05.132620+02:00,0.0017253486439585686
2026-05-14 16:16:05.148245+02:00,0.0049568354152143
2026-05-14 16:16:05.163870+02:00,0.007471101824194193
2026-05-14 16:16:05.179495+02:00,0.009286134503781796
2026-05-14 16:16:05.195120+02:00,0.010509037412703037
2026-05-14 16:16:05.210745+02:00,0.011309679597616196
2026-05-14 16:16:05.226370+02:00,0.011890501715242863
2026-05-14 16:16:05.241995+02:00,0.012454312294721603
2026-05-14 16:16:05.257620+02:00,0.013175206258893013
2026-05-14 16:16:05.273245+02:00,0.014177924022078514
2026-05-14 16:16:05.288870+02:00,0.015528639778494835
2026-05-14 16:16:05.304495+02:00,0.01723681017756462
2026-05-14 16:16:05.320120+02:00,0.0192633755505085
2026-05-14 16:16:05.335745+02:00,0.02152669057250023
2026-05-14 16:16:05.351370+02:00,0.023896778002381325
2026-05-14 16:16:05.366995+02:00,0.026178419589996338
2026-05-14 16:16:05.382620+02:00,0.028098011389374733
2026-05-14 16:16:05.398245+02:00,0.02931198477745056
2026-05-14 16:16:05.413870+02:00,0.0294461939483881
2026-05-14 16:16:05.429495+02:00,0.028163449838757515
2026-05-14 16:16:05.445120+02:00,0.02524247020483017
2026-05-14 16:16:05.460745+02:00,0.02064380794763565
2026-05-14 16:16:05.476370+02:00,0.014543638564646244
2026-05-14 16:16:05.491995+02:00,0.007326337043195963
2026-05-14 16:16:05.507620+02:00,-0.00046435289550572634
2026-05-14 16:16:05.523245+02:00,-0.008203648030757904
2026-05-14 16:16:05.538870+02:00,-0.01527311746031046
2026-05-14 16:16:05.554495+02:00,-0.021139726042747498
2026-05-14 16:16:05.570120+02:00,-0.025415068492293358
2026-05-14 16:16:05.585745+02:00,-0.027889113873243332
2026-05-14 16:16:05.601370+02:00,-0.028540028259158134
2026-05-14 16:16:05.616995+02:00,-0.027522463351488113
2026-05-14 16:16:05.632620+02:00,-0.025134829804301262
2026-05-14 16:16:05.648245+02:00,-0.021770989522337914
2026-05-14 16:16:05.663870+02:00,-0.017865819856524467
2026-05-14 16:16:05.679495+02:00,-0.013841858133673668
2026-05-14 16:16:05.695120+02:00,-0.010061655193567276
2026-05-14 16:16:05.710745+02:00,-0.0067896549589931965
2026-05-14 16:16:05.726370+02:00,-0.004169008694589138
2026-05-14 16:16:05.741995+02:00,-0.0022188369184732437
2026-05-14 16:16:05.757620+02:00,-0.0008518625982105732
2026-05-14 16:16:05.773245+02:00,9.381864219903946e-05
2026-05-14 16:16:05.788870+02:00,0.0008182437159121037
2026-05-14 16:16:05.804495+02:00,0.0015249764546751976
2026-05-14 16:16:05.820120+02:00,0.002391277812421322
2026-05-14 16:16:05.835745+02:00,0.0035487785935401917
2026-05-14 16:16:05.851370+02:00,0.005075486376881599
2026-05-14 16:16:05.866995+02:00,0.006992885377258062
2026-05-14 16:16:05.882620+02:00,0.009266382083296776
2026-05-14 16:16:05.898245+02:00,0.011804057285189629
2026-05-14 16:16:05.913870+02:00,0.014443507418036461
2026-05-14 16:16:05.929495+02:00,0.01693360134959221
2026-05-14 16:16:05.945120+02:00,0.018934886902570724
2026-05-14 16:16:05.960745+02:00,0.020052453503012657
2026-05-14 16:16:05.976370+02:00,0.01989658921957016
2026-05-14 16:16:05.991995+02:00,0.018159696832299232
2026-05-14 16:16:06.007620+02:00,0.014692777767777443
2026-05-14 16:16:06.023245+02:00,0.009558041580021381
2026-05-14 16:16:06.038870+02:00,0.0030400222167372704
2026-05-14 16:16:06.054495+02:00,-0.004386939108371735
2026-05-14 16:16:06.070120+02:00,-0.012124857865273952
2026-05-14 16:16:06.085745+02:00,-0.019535133615136147
2026-05-14 16:16:06.101370+02:00,-0.026021093130111694
2026-05-14 16:16:06.116995+02:00,-0.03109760954976082
2026-05-14 16:16:06.132620+02:00,-0.034439895302057266
2026-05-14 16:16:06.148245+02:00,-0.03590845316648483
2026-05-14 16:16:06.163870+02:00,-0.035551056265830994
2026-05-14 16:16:06.179495+02:00,-0.03358158469200134
2026-05-14 16:16:06.195120+02:00,-0.030338268727064133
2026-05-14 16:16:06.210745+02:00,-0.026230551302433014
2026-05-14 16:16:06.226370+02:00,-0.021684851497411728
2026-05-14 16:16:06.241995+02:00,-0.017094846814870834
2026-05-14 16:16:06.257620+02:00,-0.012779069133102894
2026-05-14 16:16:06.273245+02:00,-0.008951225318014622
2026-05-14 16:16:06.288870+02:00,-0.005709344521164894
2026-05-14 16:16:06.304495+02:00,-0.0030436385422945023
2026-05-14 16:16:06.320120+02:00,-0.0008579213172197342
2026-05-14 16:16:06.335745+02:00,0.0010006027296185493
2026-05-14 16:16:06.351370+02:00,0.0027096662670373917
2026-05-14 16:16:06.366995+02:00,0.004444255493581295
2026-05-14 16:16:06.382620+02:00,0.006353558041155338
2026-05-14 16:16:06.398245+02:00,0.008543104864656925
2026-05-14 16:16:06.413870+02:00,0.01106495875865221
2026-05-14 16:16:06.429495+02:00,0.013916015625
2026-05-14 16:16:06.445120+02:00,0.017038997262716293
2026-05-14 16:16:06.460745+02:00,0.02031664177775383
2026-05-14 16:16:06.476370+02:00,0.023554565384984016
2026-05-14 16:16:06.491995+02:00,0.026464104652404785
2026-05-14 16:16:06.507620+02:00,0.02866728976368904
2026-05-14 16:16:06.523245+02:00,0.029738400131464005
2026-05-14 16:16:06.538870+02:00,0.029278652742505074
2026-05-14 16:16:06.554495+02:00,0.027005374431610107
2026-05-14 16:16:06.570120+02:00,0.022829022258520126
2026-05-14 16:16:06.585745+02:00,0.016894619911909103
2026-05-14 16:16:06.601370+02:00,0.009576776064932346
2026-05-14 16:16:06.616995+02:00,0.0014298651367425919
2026-05-14 16:16:06.632620+02:00,-0.006892971694469452
2026-05-14 16:16:06.648245+02:00,-0.01473049633204937
2026-05-14 16:16:06.663870+02:00,-0.02149546518921852
2026-05-14 16:16:06.679495+02:00,-0.026736890897154808
2026-05-14 16:16:06.695120+02:00,-0.03017706423997879
2026-05-14 16:16:06.710745+02:00,-0.03172343596816063
2026-05-14 16:16:06.726370+02:00,-0.031457092612981796
2026-05-14 16:16:06.741995+02:00,-0.029602060094475746
2026-05-14 16:16:06.757620+02:00,-0.02648395113646984
2026-05-14 16:16:06.773245+02:00,-0.02248486317694187
2026-05-14 16:16:06.788870+02:00,-0.017996760085225105
2026-05-14 16:16:06.804495+02:00,-0.013376744464039803
2026-05-14 16:16:06.820120+02:00,-0.008911443874239922
2026-05-14 16:16:06.835745+02:00,-0.004796113818883896
2026-05-14 16:16:06.851370+02:00,-0.0011286437511444092
2026-05-14 16:16:06.866995+02:00,0.0020842943340539932
2026-05-14 16:16:06.882620+02:00,0.004911288619041443
2026-05-14 16:16:06.898245+02:00,0.007472199387848377
2026-05-14 16:16:06.913870+02:00,0.00990891270339489
2026-05-14 16:16:06.929495+02:00,0.012356825172901154
2026-05-14 16:16:06.945120+02:00,0.014924697577953339
2026-05-14 16:16:06.960745+02:00,0.01768426224589348
2026-05-14 16:16:06.976370+02:00,0.020664969459176064
2026-05-14 16:16:06.991995+02:00,0.02385316789150238
2026-05-14 16:16:07.007620+02:00,0.027196696028113365
2026-05-14 16:16:07.023245+02:00,0.030611325055360794
2026-05-14 16:16:07.038870+02:00,0.03398308530449867
2026-05-14 16:16:07.054495+02:00,0.03715921938419342
2026-05-14 16:16:07.070120+02:00,0.039928022772073746
2026-05-14 16:16:07.085745+02:00,0.04200372099876404
2026-05-14 16:16:07.101370+02:00,0.04303724318742752
2026-05-14 16:16:07.116995+02:00,0.04266294464468956
2026-05-14 16:16:07.132620+02:00,0.04057318717241287
2026-05-14 16:16:07.148245+02:00,0.03659788519144058
2026-05-14 16:16:07.163870+02:00,0.030763819813728333
2026-05-14 16:16:07.179495+02:00,0.0233169998973608
2026-05-14 16:16:07.195120+02:00,0.014703004620969296
2026-05-14 16:16:07.210745+02:00,0.005510328337550163
2026-05-14 16:16:07.226370+02:00,-0.0036099841818213463
2026-05-14 16:16:07.241995+02:00,-0.012028430588543415
2026-05-14 16:16:07.257620+02:00,-0.01920836791396141
2026-05-14 16:16:07.273245+02:00,-0.024758128449320793
2026-05-14 16:16:07.288870+02:00,-0.028459111228585243
2026-05-14 16:16:07.304495+02:00,-0.030267000198364258
2026-05-14 16:16:07.320120+02:00,-0.030292753130197525
2026-05-14 16:16:07.335745+02:00,-0.028772637248039246
2026-05-14 16:16:07.351370+02:00,-0.026030533015727997
2026-05-14 16:16:07.366995+02:00,-0.022434599697589874
2026-05-14 16:16:07.382620+02:00,-0.01835428923368454
2026-05-14 16:16:07.398245+02:00,-0.014122948981821537
2026-05-14 16:16:07.413870+02:00,-0.010007555596530437
2026-05-14 16:16:07.429495+02:00,-0.006188333034515381
2026-05-14 16:16:07.445120+02:00,-0.002751672640442848
2026-05-14 16:16:07.460745+02:00,0.0003032814711332321
2026-05-14 16:16:07.476370+02:00,0.0030455412343144417
2026-05-14 16:16:07.491995+02:00,0.005584921222180128
2026-05-14 16:16:07.507620+02:00,0.008044117130339146
2026-05-14 16:16:07.523245+02:00,0.01053471490740776
2026-05-14 16:16:07.538870+02:00,0.01313922181725502
2026-05-14 16:16:07.554495+02:00,0.015902269631624222
2026-05-14 16:16:07.570120+02:00,0.01882944256067276
2026-05-14 16:16:07.585745+02:00,0.02188931033015251
2026-05-14 16:16:07.601370+02:00,0.025019507855176926
2026-05-14 16:16:07.616995+02:00,0.028137652203440666
2026-05-14 16:16:07.632620+02:00,0.03115290030837059
2026-05-14 16:16:07.648245+02:00,0.03397538140416145
2026-05-14 16:16:07.663870+02:00,0.036525044590234756
2026-05-14 16:16:07.679495+02:00,0.038739755749702454
2026-05-14 16:16:07.695120+02:00,0.04057488590478897
2026-05-14 16:16:07.710745+02:00,0.041983868926763535
2026-05-14 16:16:07.726370+02:00,0.042879462242126465
2026-05-14 16:16:07.741995+02:00,0.04309546947479248
2026-05-14 16:16:07.757620+02:00,0.04237858206033707
2026-05-14 16:16:07.773245+02:00,0.04042579606175423
2026-05-14 16:16:07.788870+02:00,0.036957159638404846
2026-05-14 16:16:07.804495+02:00,0.03179885447025299
2026-05-14 16:16:07.820120+02:00,0.024950988590717316
2026-05-14 16:16:07.835745+02:00,0.01661960408091545
2026-05-14 16:16:07.851370+02:00,0.0072036199271678925
2026-05-14 16:16:07.866995+02:00,-0.0027574896812438965
2026-05-14 16:16:07.882620+02:00,-0.012659406289458275
2026-05-14 16:16:07.898245+02:00,-0.021913306787610054
2026-05-14 16:16:07.913870+02:00,-0.030013514682650566
2026-05-14 16:16:07.929495+02:00,-0.036581382155418396
2026-05-14 16:16:07.945120+02:00,-0.04138527810573578
2026-05-14 16:16:07.960745+02:00,-0.044344425201416016
2026-05-14 16:16:07.976370+02:00,-0.04552120715379715
2026-05-14 16:16:07.991995+02:00,-0.045100145041942596
2026-05-14 16:16:08.007620+02:00,-0.04335552453994751
2026-05-14 16:16:08.023245+02:00,-0.040614765137434006
2026-05-14 16:16:08.038870+02:00,-0.03722133859992027
2026-05-14 16:16:08.054495+02:00,-0.03349862992763519
2026-05-14 16:16:08.070120+02:00,-0.02971767447888851
2026-05-14 16:16:08.085745+02:00,-0.026074109598994255
2026-05-14 16:16:08.101370+02:00,-0.022679133340716362
2026-05-14 16:16:08.116995+02:00,-0.019564567133784294
2026-05-14 16:16:08.132620+02:00,-0.016698647290468216
2026-05-14 16:16:08.148245+02:00,-0.014007506892085075
2026-05-14 16:16:08.163870+02:00,-0.011396504938602448
2026-05-14 16:16:08.179495+02:00,-0.00876885186880827
2026-05-14 16:16:08.195120+02:00,-0.006042678840458393
2026-05-14 16:16:08.210745+02:00,-0.0031656650826334953
2026-05-14 16:16:08.226370+02:00,-0.00012291036546230316
2026-05-14 16:16:08.241995+02:00,0.0030631422996520996
2026-05-14 16:16:08.257620+02:00,0.006338534876704216
2026-05-14 16:16:08.273245+02:00,0.009627973660826683
2026-05-14 16:16:08.288870+02:00,0.012846777215600014
2026-05-14 16:16:08.304495+02:00,0.01591050997376442
2026-05-14 16:16:08.320120+02:00,0.018741244450211525
2026-05-14 16:16:08.335745+02:00,0.021273383870720863
2026-05-14 16:16:08.351370+02:00,0.023459654301404953
2026-05-14 16:16:08.366995+02:00,0.025273960083723068
2026-05-14 16:16:08.382620+02:00,0.02671128325164318
2026-05-14 16:16:08.398245+02:00,0.027787378057837486
2026-05-14 16:16:08.413870+02:00,0.028536275029182434
2026-05-14 16:16:08.429495+02:00,0.02900354191660881
2026-05-14 16:16:08.445120+02:00,0.029236996546387672
2026-05-14 16:16:08.460745+02:00,0.02927522547543049
2026-05-14 16:16:08.476370+02:00,0.029131539165973663
2026-05-14 16:16:08.491995+02:00,0.028769977390766144
2026-05-14 16:16:08.507620+02:00,0.028074972331523895
2026-05-14 16:16:08.523245+02:00,0.026831917464733124
2026-05-14 16:16:08.538870+02:00,0.024742238223552704
2026-05-14 16:16:08.554495+02:00,0.0214797705411911
2026-05-14 16:16:08.570120+02:00,0.016773149371147156
2026-05-14 16:16:08.585745+02:00,0.01048775389790535
2026-05-14 16:16:08.601370+02:00,0.0026816613972187042
2026-05-14 16:16:08.616995+02:00,-0.006378933787345886
2026-05-14 16:16:08.632620+02:00,-0.016245558857917786
2026-05-14 16:16:08.648245+02:00,-0.026347691193223
2026-05-14 16:16:08.663870+02:00,-0.03607333451509476
2026-05-14 16:16:08.679495+02:00,-0.04484975337982178
2026-05-14 16:16:08.695120+02:00,-0.05220866575837135
2026-05-14 16:16:08.710745+02:00,-0.057829298079013824
2026-05-14 16:16:08.726370+02:00,-0.061557337641716
2026-05-14 16:16:08.741995+02:00,-0.06340087950229645
2026-05-14 16:16:08.757620+02:00,-0.06350882351398468
2026-05-14 16:16:08.773245+02:00,-0.062138669192790985
2026-05-14 16:16:08.788870+02:00,-0.05961901322007179
2026-05-14 16:16:08.804495+02:00,-0.0563092939555645
2026-05-14 16:16:08.820120+02:00,-0.052559059113264084
2026-05-14 16:16:08.835745+02:00,-0.04867163673043251
2026-05-14 16:16:08.851370+02:00,-0.04487748071551323
2026-05-14 16:16:08.866995+02:00,-0.04131925106048584
2026-05-14 16:16:08.882620+02:00,-0.038049016147851944
2026-05-14 16:16:08.898245+02:00,-0.035038501024246216
2026-05-14 16:16:08.913870+02:00,-0.032200902700424194
2026-05-14 16:16:08.929495+02:00,-0.02941763773560524
2026-05-14 16:16:08.945120+02:00,-0.026563923805952072
2026-05-14 16:16:08.960745+02:00,-0.023531917482614517
2026-05-14 16:16:08.976370+02:00,-0.020248835906386375
2026-05-14 16:16:08.991995+02:00,-0.016686275601387024
2026-05-14 16:16:09.007620+02:00,-0.012861188501119614
2026-05-14 16:16:09.023245+02:00,-0.008829819969832897
2026-05-14 16:16:09.038870+02:00,-0.004677130840718746
2026-05-14 16:16:09.054495+02:00,-0.0005062930285930634
2026-05-14 16:16:09.070120+02:00,0.003572670742869377
2026-05-14 16:16:09.085745+02:00,0.00745728425681591
2026-05-14 16:16:09.101370+02:00,0.011064749211072922
2026-05-14 16:16:09.116995+02:00,0.01433773897588253
2026-05-14 16:16:09.132620+02:00,0.017246900126338005
2026-05-14 16:16:09.148245+02:00,0.01979001611471176
2026-05-14 16:16:09.163870+02:00,0.021985715255141258
2026-05-14 16:16:09.179495+02:00,0.02386573888361454
2026-05-14 16:16:09.195120+02:00,0.025468973442912102
2026-05-14 16:16:09.210745+02:00,0.026835504919290543
2026-05-14 16:16:09.226370+02:00,0.028000136837363243
2026-05-14 16:16:09.241995+02:00,0.028983457013964653
2026-05-14 16:16:09.257620+02:00,0.029773468151688576
2026-05-14 16:16:09.273245+02:00,0.030298488214612007
2026-05-14 16:16:09.288870+02:00,0.030407719314098358
2026-05-14 16:16:09.304495+02:00,0.029877707362174988
2026-05-14 16:16:09.320120+02:00,0.02845098450779915
2026-05-14 16:16:09.335745+02:00,0.025898417457938194
2026-05-14 16:16:09.351370+02:00,0.02208486758172512
2026-05-14 16:16:09.366995+02:00,0.017017744481563568
2026-05-14 16:16:09.382620+02:00,0.010867228731513023
2026-05-14 16:16:09.398245+02:00,0.003954136744141579
2026-05-14 16:16:09.413870+02:00,-0.0032906271517276764
2026-05-14 16:16:09.429495+02:00,-0.010384726338088512
2026-05-14 16:16:09.445120+02:00,-0.01685956120491028
2026-05-14 16:16:09.460745+02:00,-0.022318854928016663
2026-05-14 16:16:09.476370+02:00,-0.026479452848434448
2026-05-14 16:16:09.491995+02:00,-0.0291912741959095
2026-05-14 16:16:09.507620+02:00,-0.03043944016098976
2026-05-14 16:16:09.523245+02:00,-0.030332546681165695
2026-05-14 16:16:09.538870+02:00,-0.02907954528927803
2026-05-14 16:16:09.554495+02:00,-0.026956681162118912
2026-05-14 16:16:09.570120+02:00,-0.02426861599087715
2026-05-14 16:16:09.585745+02:00,-0.02130896970629692
2026-05-14 16:16:09.601370+02:00,-0.018324516713619232
2026-05-14 16:16:09.616995+02:00,-0.015490054152905941
2026-05-14 16:16:09.632620+02:00,-0.012899421155452728
2026-05-14 16:16:09.648245+02:00,-0.010570479556918144
2026-05-14 16:16:09.663870+02:00,-0.008460216224193573
2026-05-14 16:16:09.679495+02:00,-0.006486393511295319
2026-05-14 16:16:09.695120+02:00,-0.004550280049443245
2026-05-14 16:16:09.710745+02:00,-0.002557159401476383
2026-05-14 16:16:09.726370+02:00,-0.0004329369403421879
2026-05-14 16:16:09.741995+02:00,0.0018659099005162716
2026-05-14 16:16:09.757620+02:00,0.004349228460341692
2026-05-14 16:16:09.773245+02:00,0.006994492374360561
2026-05-14 16:16:09.788870+02:00,0.009751370176672935
2026-05-14 16:16:09.804495+02:00,0.012549329549074173
2026-05-14 16:16:09.820120+02:00,0.015307381749153137
2026-05-14 16:16:09.835745+02:00,0.01794368028640747
2026-05-14 16:16:09.851370+02:00,0.020382896065711975
2026-05-14 16:16:09.866995+02:00,0.022561924532055855
2026-05-14 16:16:09.882620+02:00,0.024434205144643784
2026-05-14 16:16:09.898245+02:00,0.025972027331590652
2026-05-14 16:16:09.913870+02:00,0.027167990803718567
2026-05-14 16:16:09.929495+02:00,0.02803516574203968
2026-05-14 16:16:09.945120+02:00,0.028601307421922684
2026-05-14 16:16:09.960745+02:00,0.028892889618873596
2026-05-14 16:16:09.976370+02:00,0.02890956401824951
2026-05-14 16:16:09.991995+02:00,0.028597358614206314
2026-05-14 16:16:10.007620+02:00,0.02783544361591339
2026-05-14 16:16:10.023245+02:00,0.02644992806017399
2026-05-14 16:16:10.038870+02:00,0.024257436394691467
2026-05-14 16:16:10.054495+02:00,0.021124687045812607
2026-05-14 16:16:10.070120+02:00,0.01702117547392845
2026-05-14 16:16:10.085745+02:00,0.012047638185322285
2026-05-14 16:16:10.101370+02:00,0.006435130722820759
2026-05-14 16:16:10.116995+02:00,0.0005183583125472069
2026-05-14 16:16:10.132620+02:00,-0.005310169421136379
2026-05-14 16:16:10.148245+02:00,-0.010656911879777908
2026-05-14 16:16:10.163870+02:00,-0.015182153321802616
2026-05-14 16:16:10.179495+02:00,-0.018639352172613144
2026-05-14 16:16:10.195120+02:00,-0.02089424431324005
2026-05-14 16:16:10.210745+02:00,-0.02192867361009121
2026-05-14 16:16:10.226370+02:00,-0.021834231913089752
2026-05-14 16:16:10.241995+02:00,-0.0207956675440073
2026-05-14 16:16:10.257620+02:00,-0.019063543528318405
2026-05-14 16:16:10.273245+02:00,-0.01691925711929798
2026-05-14 16:16:10.288870+02:00,-0.014638002961874008
2026-05-14 16:16:10.304495+02:00,-0.01245686411857605
2026-05-14 16:16:10.320120+02:00,-0.010552095249295235
2026-05-14 16:16:10.335745+02:00,-0.009024822153151035
2026-05-14 16:16:10.351370+02:00,-0.007896771654486656
2026-05-14 16:16:10.366995+02:00,-0.007118318695574999
2026-05-14 16:16:10.382620+02:00,-0.006585943046957254
2026-05-14 16:16:10.398245+02:00,-0.0061661116778850555
2026-05-14 16:16:10.413870+02:00,-0.005721726920455694
2026-05-14 16:16:10.429495+02:00,-0.005133434198796749
2026-05-14 16:16:10.445120+02:00,-0.004313390236347914
2026-05-14 16:16:10.460745+02:00,-0.003213917836546898
2026-05-14 16:16:10.476370+02:00,-0.0018307054415345192
2026-05-14 16:16:10.491995+02:00,-0.00020067207515239716
2026-05-14 16:16:10.507620+02:00,0.0016049188561737537
2026-05-14 16:16:10.523245+02:00,0.0034936093725264072
2026-05-14 16:16:10.538870+02:00,0.00536954915151
2026-05-14 16:16:10.554495+02:00,0.0071490053087472916
2026-05-14 16:16:10.570120+02:00,0.008767493069171906
2026-05-14 16:16:10.585745+02:00,0.010180233046412468
2026-05-14 16:16:10.601370+02:00,0.011359253898262978
2026-05-14 16:16:10.616995+02:00,0.012280529364943504
2026-05-14 16:16:10.632620+02:00,0.012897199019789696
2026-05-14 16:16:10.648245+02:00,0.013113098219037056
2026-05-14 16:16:10.663870+02:00,0.012778261676430702
2026-05-14 16:16:10.679495+02:00,0.011716440320014954
2026-05-14 16:16:10.695120+02:00,0.009774347767233849
2026-05-14 16:16:10.710745+02:00,0.006872949190437794
2026-05-14 16:16:10.726370+02:00,0.003046981059014797
2026-05-14 16:16:10.741995+02:00,-0.001536814495921135
2026-05-14 16:16:10.757620+02:00,-0.006590452045202255
2026-05-14 16:16:10.773245+02:00,-0.011744176968932152
2026-05-14 16:16:10.788870+02:00,-0.016602668911218643
2026-05-14 16:16:10.804495+02:00,-0.02080019749701023
2026-05-14 16:16:10.820120+02:00,-0.024044055491685867
2026-05-14 16:16:10.835745+02:00,-0.026145275682210922
2026-05-14 16:16:10.851370+02:00,-0.027035297825932503
2026-05-14 16:16:10.866995+02:00,-0.026765121147036552
2026-05-14 16:16:10.882620+02:00,-0.025487059727311134
2026-05-14 16:16:10.898245+02:00,-0.023425068706274033
2026-05-14 16:16:10.913870+02:00,-0.02084197662770748
2026-05-14 16:16:10.929495+02:00,-0.018008066341280937
2026-05-14 16:16:10.945120+02:00,-0.015170948579907417
2026-05-14 16:16:10.960745+02:00,-0.012529011815786362
2026-05-14 16:16:10.976370+02:00,-0.010214578360319138
2026-05-14 16:16:10.991995+02:00,-0.008289107121527195
2026-05-14 16:16:11.007620+02:00,-0.006747110281139612
2026-05-14 16:16:11.023245+02:00,-0.005525936372578144
2026-05-14 16:16:11.038870+02:00,-0.004520989488810301
2026-05-14 16:16:11.054495+02:00,-0.003605268895626068
2026-05-14 16:16:11.070120+02:00,-0.0026502679102122784
2026-05-14 16:16:11.085745+02:00,-0.0015456541441380978
2026-05-14 16:16:11.101370+02:00,-0.00021524494513869286
2026-05-14 16:16:11.116995+02:00,0.0013754810206592083
2026-05-14 16:16:11.132620+02:00,0.00322135747410357
2026-05-14 16:16:11.148245+02:00,0.005282382480800152
2026-05-14 16:16:11.163870+02:00,0.0074883634224534035
2026-05-14 16:16:11.179495+02:00,0.009748179465532303
2026-05-14 16:16:11.195120+02:00,0.01196359284222126
2026-05-14 16:16:11.210745+02:00,0.01403818093240261
2026-05-14 16:16:11.226370+02:00,0.015872187912464142
2026-05-14 16:16:11.241995+02:00,0.017344145104289055
2026-05-14 16:16:11.257620+02:00,0.01829463616013527
2026-05-14 16:16:11.273245+02:00,0.01853223517537117
2026-05-14 16:16:11.288870+02:00,0.0178679171949625
2026-05-14 16:16:11.304495+02:00,0.0161652322858572
2026-05-14 16:16:11.320120+02:00,0.013385415077209473
2026-05-14 16:16:11.335745+02:00,0.009613269940018654
2026-05-14 16:16:11.351370+02:00,0.005061505362391472
2026-05-14 16:16:11.366995+02:00,5.3548719733953476e-05
2026-05-14 16:16:11.382620+02:00,-0.005016057752072811
2026-05-14 16:16:11.398245+02:00,-0.009736170992255211
2026-05-14 16:16:11.413870+02:00,-0.013734983280301094
2026-05-14 16:16:11.429495+02:00,-0.016725938767194748
2026-05-14 16:16:11.445120+02:00,-0.018536526709794998
2026-05-14 16:16:11.460745+02:00,-0.019119003787636757
2026-05-14 16:16:11.476370+02:00,-0.018544889986515045
2026-05-14 16:16:11.491995+02:00,-0.01698557287454605
2026-05-14 16:16:11.507620+02:00,-0.014682882465422153
2026-05-14 16:16:11.523245+02:00,-0.011913509108126163
2026-05-14 16:16:11.538870+02:00,-0.008952549658715725
2026-05-14 16:16:11.554495+02:00,-0.006043694913387299
2026-05-14 16:16:11.570120+02:00,-0.0033778641372919083
2026-05-14 16:16:11.585745+02:00,-0.001078236848115921
2026-05-14 16:16:11.601370+02:00,0.0008052755147218704
2026-05-14 16:16:11.616995+02:00,0.002290409989655018
2026-05-14 16:16:11.632620+02:00,0.0034488756209611893
2026-05-14 16:16:11.648245+02:00,0.004387984983623028
2026-05-14 16:16:11.663870+02:00,0.00523091945797205
2026-05-14 16:16:11.679495+02:00,0.006097267381846905
2026-05-14 16:16:11.695120+02:00,0.00708618201315403
2026-05-14 16:16:11.710745+02:00,0.008266545832157135
2026-05-14 16:16:11.726370+02:00,0.009673104621469975
2026-05-14 16:16:11.741995+02:00,0.011305438354611397
2026-05-14 16:16:11.757620+02:00,0.01313074678182602
2026-05-14 16:16:11.773245+02:00,0.015088449232280254
2026-05-14 16:16:11.788870+02:00,0.017089612782001495
2026-05-14 16:16:11.804495+02:00,0.019006779417395592
2026-05-14 16:16:11.820120+02:00,0.02066018059849739
2026-05-14 16:16:11.835745+02:00,0.02181648090481758
2026-05-14 16:16:11.851370+02:00,0.022212248295545578
2026-05-14 16:16:11.866995+02:00,0.021601274609565735
2026-05-14 16:16:11.882620+02:00,0.019813725724816322
2026-05-14 16:16:11.898245+02:00,0.01680697314441204
2026-05-14 16:16:11.913870+02:00,0.012691187672317028
2026-05-14 16:16:11.929495+02:00,0.007725276984274387
2026-05-14 16:16:11.945120+02:00,0.002285814844071865
2026-05-14 16:16:11.960745+02:00,-0.003185240551829338
2026-05-14 16:16:11.976370+02:00,-0.008242428302764893
2026-05-14 16:16:11.991995+02:00,-0.012494362890720367
2026-05-14 16:16:12.007620+02:00,-0.015648355707526207
2026-05-14 16:16:12.023245+02:00,-0.017538024112582207
2026-05-14 16:16:12.038870+02:00,-0.01813143491744995
2026-05-14 16:16:12.054495+02:00,-0.01752135530114174
2026-05-14 16:16:12.070120+02:00,-0.01590101793408394
2026-05-14 16:16:12.085745+02:00,-0.01353030651807785
2026-05-14 16:16:12.101370+02:00,-0.01070014014840126
2026-05-14 16:16:12.116995+02:00,-0.007698213681578636
2026-05-14 16:16:12.132620+02:00,-0.004776205867528915
2026-05-14 16:16:12.148245+02:00,-0.002125052735209465
2026-05-14 16:16:12.163870+02:00,0.0001364629715681076
2026-05-14 16:16:12.179495+02:00,0.001963132992386818
2026-05-14 16:16:12.195120+02:00,0.0033768489956855774
2026-05-14 16:16:12.210745+02:00,0.0044509656727313995
2026-05-14 16:16:12.226370+02:00,0.0052903275936841965
2026-05-14 16:16:12.241995+02:00,0.006013201549649239
2026-05-14 16:16:12.257620+02:00,0.0067338235676288605
2026-05-14 16:16:12.273245+02:00,0.007545006461441517
2026-05-14 16:16:12.288870+02:00,0.008507917635142803
2026-05-14 16:16:12.304495+02:00,0.00965337548404932
2026-05-14 16:16:12.320120+02:00,0.010987291112542152
2026-05-14 16:16:12.335745+02:00,0.01248865108937025
2026-05-14 16:16:12.351370+02:00,0.014094892889261246
2026-05-14 16:16:12.366995+02:00,0.015680059790611267
2026-05-14 16:16:12.382620+02:00,0.01704026758670807
2026-05-14 16:16:12.398245+02:00,0.017902657389640808
2026-05-14 16:16:12.413870+02:00,0.01796484924852848
2026-05-14 16:16:12.429495+02:00,0.016955573111772537
2026-05-14 16:16:12.445120+02:00,0.014698587357997894
2026-05-14 16:16:12.460745+02:00,0.011164458468556404
2026-05-14 16:16:12.476370+02:00,0.006494884379208088
2026-05-14 16:16:12.491995+02:00,0.000989934429526329
2026-05-14 16:16:12.507620+02:00,-0.004934901371598244
2026-05-14 16:16:12.523245+02:00,-0.010807905346155167
2026-05-14 16:16:12.538870+02:00,-0.016165444627404213
2026-05-14 16:16:12.554495+02:00,-0.020608792081475258
2026-05-14 16:16:12.570120+02:00,-0.023843728005886078
2026-05-14 16:16:12.585745+02:00,-0.0257023423910141
2026-05-14 16:16:12.601370+02:00,-0.026149069890379906
2026-05-14 16:16:12.616995+02:00,-0.02527185156941414
2026-05-14 16:16:12.632620+02:00,-0.02326030470430851
2026-05-14 16:16:12.648245+02:00,-0.02037484012544155
2026-05-14 16:16:12.663870+02:00,-0.016912464052438736
2026-05-14 16:16:12.679495+02:00,-0.013172697275876999
2026-05-14 16:16:12.695120+02:00,-0.00942479819059372
2026-05-14 16:16:12.710745+02:00,-0.005880618467926979
2026-05-14 16:16:12.726370+02:00,-0.002679571509361267
2026-05-14 16:16:12.741995+02:00,0.00011266209185123444
2026-05-14 16:16:12.757620+02:00,0.0024970844388008118
2026-05-14 16:16:12.773245+02:00,0.004530636593699455
2026-05-14 16:16:12.788870+02:00,0.006310485303401947
2026-05-14 16:16:12.804495+02:00,0.007954498752951622
2026-05-14 16:16:12.820120+02:00,0.009582480415701866
2026-05-14 16:16:12.835745+02:00,0.011299185454845428
2026-05-14 16:16:12.851370+02:00,0.013180183246731758
2026-05-14 16:16:12.866995+02:00,0.015264436602592468
2026-05-14 16:16:12.882620+02:00,0.017553601413965225
2026-05-14 16:16:12.898245+02:00,0.02001100219786167
2026-05-14 16:16:12.913870+02:00,0.022552194073796272
2026-05-14 16:16:12.929495+02:00,0.02502584457397461
2026-05-14 16:16:12.945120+02:00,0.027195772156119347
2026-05-14 16:16:12.960745+02:00,0.02874414622783661
2026-05-14 16:16:12.976370+02:00,0.02930917590856552
2026-05-14 16:16:12.991995+02:00,0.028551187366247177
2026-05-14 16:16:13.007620+02:00,0.026227246969938278
2026-05-14 16:16:13.023245+02:00,0.02225394919514656
2026-05-14 16:16:13.038870+02:00,0.016742654144763947
2026-05-14 16:16:13.054495+02:00,0.009997758083045483
2026-05-14 16:16:13.070120+02:00,0.0024778619408607483
2026-05-14 16:16:13.085745+02:00,-0.0052707623690366745
2026-05-14 16:16:13.101370+02:00,-0.012690462172031403
2026-05-14 16:16:13.116995+02:00,-0.019278695806860924
2026-05-14 16:16:13.132620+02:00,-0.02463582158088684
2026-05-14 16:16:13.148245+02:00,-0.02849479392170906
2026-05-14 16:16:13.163870+02:00,-0.030733413994312286
2026-05-14 16:16:13.179495+02:00,-0.03136996179819107
2026-05-14 16:16:13.195120+02:00,-0.030545847490429878
2026-05-14 16:16:13.210745+02:00,-0.028499295935034752
2026-05-14 16:16:13.226370+02:00,-0.025531793013215065
2026-05-14 16:16:13.241995+02:00,-0.02196945808827877
2026-05-14 16:16:13.257620+02:00,-0.01812385581433773
2026-05-14 16:16:13.273245+02:00,-0.01425919495522976
2026-05-14 16:16:13.288870+02:00,-0.010571924969553947
2026-05-14 16:16:13.304495+02:00,-0.0071827806532382965
2026-05-14 16:16:13.320120+02:00,-0.004138538613915443
2026-05-14 16:16:13.335745+02:00,-0.0014223884791135788
2026-05-14 16:16:13.351370+02:00,0.0010303184390068054
2026-05-14 16:16:13.366995+02:00,0.0033157337456941605
2026-05-14 16:16:13.382620+02:00,0.005544321611523628
2026-05-14 16:16:13.398245+02:00,0.007820727303624153
2026-05-14 16:16:13.413870+02:00,0.010224699974060059
2026-05-14 16:16:13.429495+02:00,0.012799736112356186
2026-05-14 16:16:13.445120+02:00,0.015550973825156689
2026-05-14 16:16:13.460745+02:00,0.018449116498231888
2026-05-14 16:16:13.476370+02:00,0.021438386291265488
2026-05-14 16:16:13.491995+02:00,0.024448759853839874
2026-05-14 16:16:13.507620+02:00,0.02740754559636116
2026-05-14 16:16:13.523245+02:00,0.030240509659051895
2026-05-14 16:16:13.538870+02:00,0.03285737708210945
2026-05-14 16:16:13.554495+02:00,0.03512438014149666
2026-05-14 16:16:13.570120+02:00,0.03683680295944214
2026-05-14 16:16:13.585745+02:00,0.037713631987571716
2026-05-14 16:16:13.601370+02:00,0.0374293327331543
2026-05-14 16:16:13.616995+02:00,0.03567838668823242
2026-05-14 16:16:13.632620+02:00,0.03225317969918251
2026-05-14 16:16:13.648245+02:00,0.027109624817967415
2026-05-14 16:16:13.663870+02:00,0.020400431007146835
2026-05-14 16:16:13.679495+02:00,0.012468698434531689
2026-05-14 16:16:13.695120+02:00,0.0038056401535868645
2026-05-14 16:16:13.710745+02:00,-0.005016526207327843
2026-05-14 16:16:13.726370+02:00,-0.013420730829238892
2026-05-14 16:16:13.741995+02:00,-0.02089274860918522
2026-05-14 16:16:13.757620+02:00,-0.027029410004615784
2026-05-14 16:16:13.773245+02:00,-0.031565986573696136
2026-05-14 16:16:13.788870+02:00,-0.034384652972221375
2026-05-14 16:16:13.804495+02:00,-0.03550765663385391
2026-05-14 16:16:13.820120+02:00,-0.03507967293262482
2026-05-14 16:16:13.835745+02:00,-0.03334014117717743
2026-05-14 16:16:13.851370+02:00,-0.0305876974016428
2026-05-14 16:16:13.866995+02:00,-0.027143515646457672
2026-05-14 16:16:13.882620+02:00,-0.0233170073479414
2026-05-14 16:16:13.898245+02:00,-0.019375484436750412
2026-05-14 16:16:13.913870+02:00,-0.015522932633757591
2026-05-14 16:16:13.929495+02:00,-0.011889776214957237
2026-05-14 16:16:13.945120+02:00,-0.008532067760825157
2026-05-14 16:16:13.960745+02:00,-0.005439866334199905
2026-05-14 16:16:13.976370+02:00,-0.002552308142185211
2026-05-14 16:16:13.991995+02:00,0.0002243630588054657
2026-05-14 16:16:14.007620+02:00,0.00299723818898201
2026-05-14 16:16:14.023245+02:00,0.005865562707185745
2026-05-14 16:16:14.038870+02:00,0.00890045054256916
2026-05-14 16:16:14.054495+02:00,0.012132823467254639
2026-05-14 16:16:14.070120+02:00,0.015553059056401253
2026-05-14 16:16:14.085745+02:00,0.019116703420877457
2026-05-14 16:16:14.101370+02:00,0.022750606760382652
2026-05-14 16:16:14.116995+02:00,0.026361139491200447
2026-05-14 16:16:14.132620+02:00,0.029847320169210434
2026-05-14 16:16:14.148245+02:00,0.03311524912714958
2026-05-14 16:16:14.163870+02:00,0.0360884815454483
2026-05-14 16:16:14.179495+02:00,0.038712553679943085
2026-05-14 16:16:14.195120+02:00,0.040951456874608994
2026-05-14 16:16:14.210745+02:00,0.04277045279741287
2026-05-14 16:16:14.226370+02:00,0.044101811945438385
2026-05-14 16:16:14.241995+02:00,0.044805146753787994
2026-05-14 16:16:14.257620+02:00,0.04464877396821976
2026-05-14 16:16:14.273245+02:00,0.04333275929093361
2026-05-14 16:16:14.288870+02:00,0.04055272415280342
2026-05-14 16:16:14.304495+02:00,0.03608400374650955
2026-05-14 16:16:14.320120+02:00,0.029859066009521484
2026-05-14 16:16:14.335745+02:00,0.022015506401658058
2026-05-14 16:16:14.351370+02:00,0.012901296839118004
2026-05-14 16:16:14.366995+02:00,0.0030347551219165325
2026-05-14 16:16:14.382620+02:00,-0.006970411166548729
2026-05-14 16:16:14.398245+02:00,-0.01649186573922634
2026-05-14 16:16:14.413870+02:00,-0.024972649291157722
2026-05-14 16:16:14.429495+02:00,-0.031973082572221756
2026-05-14 16:16:14.445120+02:00,-0.037203796207904816
2026-05-14 16:16:14.460745+02:00,-0.04054033383727074
2026-05-14 16:16:14.476370+02:00,-0.042017862200737
2026-05-14 16:16:14.491995+02:00,-0.041809409856796265
2026-05-14 16:16:14.507620+02:00,-0.04019246995449066
2026-05-14 16:16:14.523245+02:00,-0.037507567554712296
2026-05-14 16:16:14.538870+02:00,-0.034114450216293335
2026-05-14 16:16:14.554495+02:00,-0.030352862551808357
2026-05-14 16:16:14.570120+02:00,-0.026510536670684814
2026-05-14 16:16:14.585745+02:00,-0.02279946208000183
2026-05-14 16:16:14.601370+02:00,-0.019344620406627655
2026-05-14 16:16:14.616995+02:00,-0.01618696004152298
2026-05-14 16:16:14.632620+02:00,-0.013296608813107014
2026-05-14 16:16:14.648245+02:00,-0.010592128150165081
2026-05-14 16:16:14.663870+02:00,-0.007963777519762516
2026-05-14 16:16:14.679495+02:00,-0.005297620315104723
2026-05-14 16:16:14.695120+02:00,-0.002495520981028676
2026-05-14 16:16:14.710745+02:00,0.0005117707187309861
2026-05-14 16:16:14.726370+02:00,0.0037573189474642277
2026-05-14 16:16:14.741995+02:00,0.007234562654048204
2026-05-14 16:16:14.757620+02:00,0.010897429659962654
2026-05-14 16:16:14.773245+02:00,0.01466507650911808
2026-05-14 16:16:14.788870+02:00,0.018432991579174995
2026-05-14 16:16:14.804495+02:00,0.022088689729571342
2026-05-14 16:16:14.820120+02:00,0.02552584931254387
2026-05-14 16:16:14.835745+02:00,0.028653930872678757
2026-05-14 16:16:14.851370+02:00,0.03140481188893318
2026-05-14 16:16:14.866995+02:00,0.033737003803253174
2026-05-14 16:16:14.882620+02:00,0.035636864602565765
2026-05-14 16:16:14.898245+02:00,0.03711652755737305
2026-05-14 16:16:14.913870+02:00,0.038208819925785065
2026-05-14 16:16:14.929495+02:00,0.03895965963602066
2026-05-14 16:16:14.945120+02:00,0.039414890110492706
2026-05-14 16:16:14.960745+02:00,0.0395946130156517
2026-05-14 16:16:14.976370+02:00,0.0394529290497303
2026-05-14 16:16:14.991995+02:00,0.03883793205022812
2026-05-14 16:16:15.007620+02:00,0.037481639534235
2026-05-14 16:16:15.023245+02:00,0.035039350390434265
2026-05-14 16:16:15.038870+02:00,0.03116931952536106
2026-05-14 16:16:15.054495+02:00,0.025626065209507942
2026-05-14 16:16:15.070120+02:00,0.018340475857257843
2026-05-14 16:16:15.085745+02:00,0.00946558453142643
2026-05-14 16:16:15.101370+02:00,-0.0006241537630558014
2026-05-14 16:16:15.116995+02:00,-0.01137879304587841
2026-05-14 16:16:15.132620+02:00,-0.02215157076716423
2026-05-14 16:16:15.148245+02:00,-0.032289594411849976
2026-05-14 16:16:15.163870+02:00,-0.04121491312980652
2026-05-14 16:16:15.179495+02:00,-0.0484839528799057
2026-05-14 16:16:15.195120+02:00,-0.0538228340446949
2026-05-14 16:16:15.210745+02:00,-0.05713910982012749
2026-05-14 16:16:15.226370+02:00,-0.058511994779109955
2026-05-14 16:16:15.241995+02:00,-0.05816475674510002
2026-05-14 16:16:15.257620+02:00,-0.056424275040626526
2026-05-14 16:16:15.273245+02:00,-0.05367452651262283
2026-05-14 16:16:15.288870+02:00,-0.0503094345331192
2026-05-14 16:16:15.304495+02:00,-0.04668907821178436
2026-05-14 16:16:15.320120+02:00,-0.04310440272092819
2026-05-14 16:16:15.335745+02:00,-0.03975415974855423
2026-05-14 16:16:15.351370+02:00,-0.03673612326383591
2026-05-14 16:16:15.366995+02:00,-0.03405265137553215
2026-05-14 16:16:15.382620+02:00,-0.031627532094717026
2026-05-14 16:16:15.398245+02:00,-0.029331117868423462
2026-05-14 16:16:15.413870+02:00,-0.027011126279830933
2026-05-14 16:16:15.429495+02:00,-0.02452254854142666
2026-05-14 16:16:15.445120+02:00,-0.02175021544098854
2026-05-14 16:16:15.460745+02:00,-0.018624046817421913
2026-05-14 16:16:15.476370+02:00,-0.015127970837056637
2026-05-14 16:16:15.491995+02:00,-0.011299587786197662
2026-05-14 16:16:15.507620+02:00,-0.007220234721899033
2026-05-14 16:16:15.523245+02:00,-0.003001408651471138
2026-05-14 16:16:15.538870+02:00,0.001228203997015953
2026-05-14 16:16:15.554495+02:00,0.00533654447644949
2026-05-14 16:16:15.570120+02:00,0.009203363209962845
2026-05-14 16:16:15.585745+02:00,0.01273418590426445
2026-05-14 16:16:15.601370+02:00,0.015869833528995514
2026-05-14 16:16:15.616995+02:00,0.018588736653327942
2026-05-14 16:16:15.632620+02:00,0.02090184949338436
2026-05-14 16:16:15.648245+02:00,0.022842857986688614
2026-05-14 16:16:15.663870+02:00,0.024455441161990166
2026-05-14 16:16:15.679495+02:00,0.025773219764232635
2026-05-14 16:16:15.695120+02:00,0.026785923168063164
2026-05-14 16:16:15.710745+02:00,0.027398111298680305
2026-05-14 16:16:15.726370+02:00,0.02740440145134926
2026-05-14 16:16:15.741995+02:00,0.026505189016461372
2026-05-14 16:16:15.757620+02:00,0.024365926161408424
2026-05-14 16:16:15.773245+02:00,0.02070317417383194
2026-05-14 16:16:15.788870+02:00,0.015372056514024734
2026-05-14 16:16:15.804495+02:00,0.008430011570453644
2026-05-14 16:16:15.820120+02:00,0.00015866383910179138
2026-05-14 16:16:15.835745+02:00,-0.008963235653936863
2026-05-14 16:16:15.851370+02:00,-0.01832740381360054
2026-05-14 16:16:15.866995+02:00,-0.027283184230327606
2026-05-14 16:16:15.882620+02:00,-0.03522343933582306
2026-05-14 16:16:15.898245+02:00,-0.041655153036117554
2026-05-14 16:16:15.913870+02:00,-0.04624634608626366
2026-05-14 16:16:15.929495+02:00,-0.04884722828865051
2026-05-14 16:16:15.945120+02:00,-0.04948873817920685
2026-05-14 16:16:15.960745+02:00,-0.048361390829086304
2026-05-14 16:16:15.976370+02:00,-0.04577747732400894
2026-05-14 16:16:15.991995+02:00,-0.04212316870689392
2026-05-14 16:16:16.007620+02:00,-0.03780873492360115
2026-05-14 16:16:16.023245+02:00,-0.033223047852516174
2026-05-14 16:16:16.038870+02:00,-0.028695235028862953
2026-05-14 16:16:16.054495+02:00,-0.024466032162308693
2026-05-14 16:16:16.070120+02:00,-0.02067216858267784
2026-05-14 16:16:16.085745+02:00,-0.017345909029245377
2026-05-14 16:16:16.101370+02:00,-0.014429115690290928
2026-05-14 16:16:16.116995+02:00,-0.011798040941357613
2026-05-14 16:16:16.132620+02:00,-0.009293502196669579
2026-05-14 16:16:16.148245+02:00,-0.006751637440174818
2026-05-14 16:16:16.163870+02:00,-0.004030878655612469
2026-05-14 16:16:16.179495+02:00,-0.0010313804959878325
2026-05-14 16:16:16.195120+02:00,0.0022948472760617733
2026-05-14 16:16:16.210745+02:00,0.005941920448094606
2026-05-14 16:16:16.226370+02:00,0.009854407981038094
2026-05-14 16:16:16.241995+02:00,0.013937875628471375
2026-05-14 16:16:16.257620+02:00,0.018074631690979004
2026-05-14 16:16:16.273245+02:00,0.02214140072464943
2026-05-14 16:16:16.288870+02:00,0.02602524496614933
2026-05-14 16:16:16.304495+02:00,0.029634980484843254
2026-05-14 16:16:16.320120+02:00,0.03290591761469841
2026-05-14 16:16:16.335745+02:00,0.035794779658317566
2026-05-14 16:16:16.351370+02:00,0.038259897381067276
2026-05-14 16:16:16.366995+02:00,0.04022512957453728
2026-05-14 16:16:16.382620+02:00,0.04154086858034134
2026-05-14 16:16:16.398245+02:00,0.04196792468428612
2026-05-14 16:16:16.413870+02:00,0.04120228439569473
2026-05-14 16:16:16.429495+02:00,0.038938917219638824
2026-05-14 16:16:16.445120+02:00,0.034954387694597244
2026-05-14 16:16:16.460745+02:00,0.02918092906475067
2026-05-14 16:16:16.476370+02:00,0.02175227180123329
2026-05-14 16:16:16.491995+02:00,0.013010729104280472
2026-05-14 16:16:16.507620+02:00,0.003472296055406332
2026-05-14 16:16:16.523245+02:00,-0.006241525989025831
2026-05-14 16:16:16.538870+02:00,-0.015487909317016602
2026-05-14 16:16:16.554495+02:00,-0.023683326318860054
2026-05-14 16:16:16.570120+02:00,-0.03036431036889553
2026-05-14 16:16:16.585745+02:00,-0.03522318974137306
2026-05-14 16:16:16.601370+02:00,-0.038122132420539856
2026-05-14 16:16:16.616995+02:00,-0.03908810392022133
2026-05-14 16:16:16.632620+02:00,-0.03829081729054451
2026-05-14 16:16:16.648245+02:00,-0.03600786626338959
2026-05-14 16:16:16.663870+02:00,-0.032583240419626236
2026-05-14 16:16:16.679495+02:00,-0.02838486060500145
2026-05-14 16:16:16.695120+02:00,-0.02376462146639824
2026-05-14 16:16:16.710745+02:00,-0.01902380771934986
2026-05-14 16:16:16.726370+02:00,-0.014387568458914757
2026-05-14 16:16:16.741995+02:00,-0.00999276153743267
2026-05-14 16:16:16.757620+02:00,-0.005890886299312115
2026-05-14 16:16:16.773245+02:00,-0.002062092535197735
2026-05-14 16:16:16.788870+02:00,0.001565807033330202
2026-05-14 16:16:16.804495+02:00,0.005095349159091711
2026-05-14 16:16:16.820120+02:00,0.008634108118712902
2026-05-14 16:16:16.835745+02:00,0.012269876897335052
2026-05-14 16:16:16.851370+02:00,0.01605379208922386
2026-05-14 16:16:16.866995+02:00,0.019994953647255898
2026-05-14 16:16:16.882620+02:00,0.02406255155801773
2026-05-14 16:16:16.898245+02:00,0.028189923614263535
2026-05-14 16:16:16.913870+02:00,0.03228101506829262
2026-05-14 16:16:16.929495+02:00,0.03622259199619293
2026-05-14 16:16:16.945120+02:00,0.03990047052502632
2026-05-14 16:16:16.960745+02:00,0.04321461543440819
2026-05-14 16:16:16.976370+02:00,0.04608917608857155
2026-05-14 16:16:16.991995+02:00,0.048473238945007324
2026-05-14 16:16:17.007620+02:00,0.050325289368629456
2026-05-14 16:16:17.023245+02:00,0.051578979939222336
2026-05-14 16:16:17.038870+02:00,0.052104271948337555
2026-05-14 16:16:17.054495+02:00,0.05168931558728218
2026-05-14 16:16:17.070120+02:00,0.05005921795964241
2026-05-14 16:16:17.085745+02:00,0.04693155735731125
2026-05-14 16:16:17.101370+02:00,0.04209620878100395
2026-05-14 16:16:17.116995+02:00,0.03549545258283615
2026-05-14 16:16:17.132620+02:00,0.02727615088224411
2026-05-14 16:16:17.148245+02:00,0.01779617927968502
2026-05-14 16:16:17.163870+02:00,0.007585153914988041
2026-05-14 16:16:17.179495+02:00,-0.0027276016771793365
2026-05-14 16:16:17.195120+02:00,-0.012498096562922001
2026-05-14 16:16:17.210745+02:00,-0.021145731210708618
2026-05-14 16:16:17.226370+02:00,-0.02821333147585392
2026-05-14 16:16:17.241995+02:00,-0.03340567275881767
2026-05-14 16:16:17.257620+02:00,-0.03660455718636513
2026-05-14 16:16:17.273245+02:00,-0.03786270692944527
2026-05-14 16:16:17.288870+02:00,-0.03738062083721161
2026-05-14 16:16:17.304495+02:00,-0.035469431430101395
2026-05-14 16:16:17.320120+02:00,-0.03250642120838165
2026-05-14 16:16:17.335745+02:00,-0.028890244662761688
2026-05-14 16:16:17.351370+02:00,-0.02499823272228241
2026-05-14 16:16:17.366995+02:00,-0.021148640662431717
2026-05-14 16:16:17.382620+02:00,-0.017573505640029907
2026-05-14 16:16:17.398245+02:00,-0.014406925067305565
2026-05-14 16:16:17.413870+02:00,-0.011688422411680222
2026-05-14 16:16:17.429495+02:00,-0.009376022964715958
2026-05-14 16:16:17.445120+02:00,-0.007365213707089424
2026-05-14 16:16:17.460745+02:00,-0.005513651296496391
2026-05-14 16:16:17.476370+02:00,-0.0036691157147288322
2026-05-14 16:16:17.491995+02:00,-0.0016956282779574394
2026-05-14 16:16:17.507620+02:00,0.0005056741647422314
2026-05-14 16:16:17.523245+02:00,0.002983839251101017
2026-05-14 16:16:17.538870+02:00,0.005736112594604492
2026-05-14 16:16:17.554495+02:00,0.008715503849089146
2026-05-14 16:16:17.570120+02:00,0.0118436673656106
2026-05-14 16:16:17.585745+02:00,0.015024533495306969
2026-05-14 16:16:17.601370+02:00,0.01815665513277054
2026-05-14 16:16:17.616995+02:00,0.021143753081560135
2026-05-14 16:16:17.632620+02:00,0.02390112355351448
2026-05-14 16:16:17.648245+02:00,0.02635655738413334
2026-05-14 16:16:17.663870+02:00,0.028442855924367905
2026-05-14 16:16:17.679495+02:00,0.03007560595870018
2026-05-14 16:16:17.695120+02:00,0.031120669096708298
2026-05-14 16:16:17.710745+02:00,0.03137233480811119
2026-05-14 16:16:17.726370+02:00,0.030563129112124443
2026-05-14 16:16:17.741995+02:00,0.02841048687696457
2026-05-14 16:16:17.757620+02:00,0.02468821592628956
2026-05-14 16:16:17.773245+02:00,0.01929989643394947
2026-05-14 16:16:17.788870+02:00,0.012330716475844383
2026-05-14 16:16:17.804495+02:00,0.004064025357365608
2026-05-14 16:16:17.820120+02:00,-0.005040237680077553
2026-05-14 16:16:17.835745+02:00,-0.014401943422853947
2026-05-14 16:16:17.851370+02:00,-0.023400189355015755
2026-05-14 16:16:17.866995+02:00,-0.03145551681518555
2026-05-14 16:16:17.882620+02:00,-0.03809746354818344
2026-05-14 16:16:17.898245+02:00,-0.043009206652641296
2026-05-14 16:16:17.913870+02:00,-0.04604668915271759
2026-05-14 16:16:17.929495+02:00,-0.04723319411277771
2026-05-14 16:16:17.945120+02:00,-0.046736232936382294
2026-05-14 16:16:17.960745+02:00,-0.04483482986688614
2026-05-14 16:16:17.976370+02:00,-0.04187962785363197
2026-05-14 16:16:17.991995+02:00,-0.03824811428785324
2026-05-14 16:16:18.007620+02:00,-0.03430125117301941
2026-05-14 16:16:18.023245+02:00,-0.03034793585538864
2026-05-14 16:16:18.038870+02:00,-0.02662091888487339
2026-05-14 16:16:18.054495+02:00,-0.023263925686478615
2026-05-14 16:16:18.070120+02:00,-0.020329630002379417
2026-05-14 16:16:18.085745+02:00,-0.017788365483283997
2026-05-14 16:16:18.101370+02:00,-0.015545169822871685
2026-05-14 16:16:18.116995+02:00,-0.01346377283334732
2026-05-14 16:16:18.132620+02:00,-0.01139561366289854
2026-05-14 16:16:18.148245+02:00,-0.009207025170326233
2026-05-14 16:16:18.163870+02:00,-0.0067979320883750916
2026-05-14 16:16:18.179495+02:00,-0.004111704882234335
2026-05-14 16:16:18.195120+02:00,-0.0011382894590497017
2026-05-14 16:16:18.210745+02:00,0.0020893849432468414
2026-05-14 16:16:18.226370+02:00,0.005504080094397068
2026-05-14 16:16:18.241995+02:00,0.009014743380248547
2026-05-14 16:16:18.257620+02:00,0.012519440613687038
2026-05-14 16:16:18.273245+02:00,0.015919361263513565
2026-05-14 16:16:18.288870+02:00,0.019127216190099716
2026-05-14 16:16:18.304495+02:00,0.022066328674554825
2026-05-14 16:16:18.320120+02:00,0.024657489731907845
2026-05-14 16:16:18.335745+02:00,0.026791367679834366
2026-05-14 16:16:18.351370+02:00,0.02829865552484989
2026-05-14 16:16:18.366995+02:00,0.02894132398068905
2026-05-14 16:16:18.382620+02:00,0.028438184410333633
2026-05-14 16:16:18.398245+02:00,0.02652033045887947
2026-05-14 16:16:18.413870+02:00,0.023001639172434807
2026-05-14 16:16:18.429495+02:00,0.01784422993659973
2026-05-14 16:16:18.445120+02:00,0.011199502274394035
2026-05-14 16:16:18.460745+02:00,0.003413049504160881
2026-05-14 16:16:18.476370+02:00,-0.005009600892663002
2026-05-14 16:16:18.491995+02:00,-0.013470277190208435
2026-05-14 16:16:18.507620+02:00,-0.021361185237765312
2026-05-14 16:16:18.523245+02:00,-0.02814217284321785
2026-05-14 16:16:18.538870+02:00,-0.0333988219499588
2026-05-14 16:16:18.554495+02:00,-0.03687772899866104
2026-05-14 16:16:18.570120+02:00,-0.03849893435835838
2026-05-14 16:16:18.585745+02:00,-0.038347627967596054
2026-05-14 16:16:18.601370+02:00,-0.03664923459291458
2026-05-14 16:16:18.616995+02:00,-0.033732108771800995
2026-05-14 16:16:18.632620+02:00,-0.02998155541718006
2026-05-14 16:16:18.648245+02:00,-0.02579067274928093
2026-05-14 16:16:18.663870+02:00,-0.02151544764637947
2026-05-14 16:16:18.679495+02:00,-0.01743990182876587
2026-05-14 16:16:18.695120+02:00,-0.013754228129982948
2026-05-14 16:16:18.710745+02:00,-0.010546639561653137
2026-05-14 16:16:18.726370+02:00,-0.007809482514858246
2026-05-14 16:16:18.741995+02:00,-0.005459470208734274
2026-05-14 16:16:18.757620+02:00,-0.0033659879118204117
2026-05-14 16:16:18.773245+02:00,-0.0013794007245451212
2026-05-14 16:16:18.788870+02:00,0.0006437090924009681
2026-05-14 16:16:18.804495+02:00,0.0028209397569298744
2026-05-14 16:16:18.820120+02:00,0.0052323248237371445
2026-05-14 16:16:18.835745+02:00,0.00791478157043457
2026-05-14 16:16:18.851370+02:00,0.010861622169613838
2026-05-14 16:16:18.866995+02:00,0.014027663506567478
2026-05-14 16:16:18.882620+02:00,0.017339158803224564
2026-05-14 16:16:18.898245+02:00,0.0207052044570446
2026-05-14 16:16:18.913870+02:00,0.02402796782553196
2026-05-14 16:16:18.929495+02:00,0.02721201255917549
2026-05-14 16:16:18.945120+02:00,0.030171779915690422
2026-05-14 16:16:18.960745+02:00,0.03283509984612465
2026-05-14 16:16:18.976370+02:00,0.03513707220554352
2026-05-14 16:16:18.991995+02:00,0.036995723843574524
2026-05-14 16:16:19.007620+02:00,0.038276009261608124
2026-05-14 16:16:19.023245+02:00,0.03876890614628792
2026-05-14 16:16:19.038870+02:00,0.03820786997675896
2026-05-14 16:16:19.054495+02:00,0.03632160276174545
2026-05-14 16:16:19.070120+02:00,0.032906148582696915
2026-05-14 16:16:19.085745+02:00,0.027895618230104446
2026-05-14 16:16:19.101370+02:00,0.021408487111330032
2026-05-14 16:16:19.116995+02:00,0.013754100538790226
2026-05-14 16:16:19.132620+02:00,0.005401687230914831
2026-05-14 16:16:19.148245+02:00,-0.003078954992815852
2026-05-14 16:16:19.163870+02:00,-0.011096025817096233
2026-05-14 16:16:19.179495+02:00,-0.018115641549229622
2026-05-14 16:16:19.195120+02:00,-0.02372260019183159
2026-05-14 16:16:19.210745+02:00,-0.027654333040118217
2026-05-14 16:16:19.226370+02:00,-0.029812593013048172
2026-05-14 16:16:19.241995+02:00,-0.03025856614112854
2026-05-14 16:16:19.257620+02:00,-0.029193878173828125
2026-05-14 16:16:19.273245+02:00,-0.026928182691335678
2026-05-14 16:16:19.288870+02:00,-0.023834047839045525
2026-05-14 16:16:19.304495+02:00,-0.02029551938176155
2026-05-14 16:16:19.320120+02:00,-0.01666160859167576
2026-05-14 16:16:19.335745+02:00,-0.013211985118687153
2026-05-14 16:16:19.351370+02:00,-0.010136883705854416
2026-05-14 16:16:19.366995+02:00,-0.007530864793807268
2026-05-14 16:16:19.382620+02:00,-0.005398661829531193
2026-05-14 16:16:19.398245+02:00,-0.003671057755127549
2026-05-14 16:16:19.413870+02:00,-0.0022276579402387142
2026-05-14 16:16:19.429495+02:00,-0.0009226091206073761
2026-05-14 16:16:19.445120+02:00,0.00039051269413903356
2026-05-14 16:16:19.460745+02:00,0.0018374439096078277
2026-05-14 16:16:19.476370+02:00,0.003507135435938835
2026-05-14 16:16:19.491995+02:00,0.005443246569484472
2026-05-14 16:16:19.507620+02:00,0.007643964607268572
2026-05-14 16:16:19.523245+02:00,0.01006751973181963
2026-05-14 16:16:19.538870+02:00,0.012641948647797108
2026-05-14 16:16:19.554495+02:00,0.015277588739991188
2026-05-14 16:16:19.570120+02:00,0.017879022285342216
2026-05-14 16:16:19.585745+02:00,0.02035406418144703
2026-05-14 16:16:19.601370+02:00,0.02261335402727127
2026-05-14 16:16:19.616995+02:00,0.024552708491683006
2026-05-14 16:16:19.632620+02:00,0.02602514624595642
2026-05-14 16:16:19.648245+02:00,0.026822736486792564
2026-05-14 16:16:19.663870+02:00,0.026685494929552078
2026-05-14 16:16:19.679495+02:00,0.02534453384578228
2026-05-14 16:16:19.695120+02:00,0.022591162472963333
2026-05-14 16:16:19.710745+02:00,0.018347984179854393
2026-05-14 16:16:19.726370+02:00,0.012715880759060383
2026-05-14 16:16:19.741995+02:00,0.0059804064221680164
2026-05-14 16:16:19.757620+02:00,-0.0014229952357709408
2026-05-14 16:16:19.773245+02:00,-0.008969764225184917
2026-05-14 16:16:19.788870+02:00,-0.016115108504891396
2026-05-14 16:16:19.804495+02:00,-0.02236005663871765
2026-05-14 16:16:19.820120+02:00,-0.02730601467192173
2026-05-14 16:16:19.835745+02:00,-0.030691063031554222
2026-05-14 16:16:19.851370+02:00,-0.032407503575086594
2026-05-14 16:16:19.866995+02:00,-0.03250177949666977
2026-05-14 16:16:19.882620+02:00,-0.03115740790963173
2026-05-14 16:16:19.898245+02:00,-0.028664536774158478
2026-05-14 16:16:19.913870+02:00,-0.025378834456205368
2026-05-14 16:16:19.929495+02:00,-0.021673038601875305
2026-05-14 16:16:19.945120+02:00,-0.01789103075861931
2026-05-14 16:16:19.960745+02:00,-0.014313030987977982
2026-05-14 16:16:19.976370+02:00,-0.01113301794975996
2026-05-14 16:16:19.991995+02:00,-0.0084487684071064
2026-05-14 16:16:20.007620+02:00,-0.006265738513320684
2026-05-14 16:16:20.023245+02:00,-0.004511488601565361
2026-05-14 16:16:20.038870+02:00,-0.003057116875424981
2026-05-14 16:16:20.054495+02:00,-0.0017449944280087948
2026-05-14 16:16:20.070120+02:00,-0.0004190292675048113
2026-05-14 16:16:20.085745+02:00,0.0010494666639715433
2026-05-14 16:16:20.101370+02:00,0.0027461734134703875
2026-05-14 16:16:20.116995+02:00,0.004710351582616568
2026-05-14 16:16:20.132620+02:00,0.006939750164747238
2026-05-14 16:16:20.148245+02:00,0.009397175163030624
2026-05-14 16:16:20.163870+02:00,0.012017004191875458
2026-05-14 16:16:20.179495+02:00,0.014714449644088745
2026-05-14 16:16:20.195120+02:00,0.017393898218870163
2026-05-14 16:16:20.210745+02:00,0.019947029650211334
2026-05-14 16:16:20.226370+02:00,0.02223655767738819
2026-05-14 16:16:20.241995+02:00,0.024072546511888504
2026-05-14 16:16:20.257620+02:00,0.025200607255101204
2026-05-14 16:16:20.273245+02:00,0.02532178722321987
2026-05-14 16:16:20.288870+02:00,0.024146853014826775
2026-05-14 16:16:20.304495+02:00,0.021467769518494606
2026-05-14 16:16:20.320120+02:00,0.017222614958882332
2026-05-14 16:16:20.335745+02:00,0.011535560712218285
2026-05-14 16:16:20.351370+02:00,0.004720431286841631
2026-05-14 16:16:20.366995+02:00,-0.0027541490271687508
2026-05-14 16:16:20.382620+02:00,-0.01032960694283247
2026-05-14 16:16:20.398245+02:00,-0.017436662688851357
2026-05-14 16:16:20.413870+02:00,-0.023568717762827873
2026-05-14 16:16:20.429495+02:00,-0.028333794325590134
2026-05-14 16:16:20.445120+02:00,-0.031484562903642654
2026-05-14 16:16:20.460745+02:00,-0.03293256834149361
2026-05-14 16:16:20.476370+02:00,-0.03274538740515709
2026-05-14 16:16:20.491995+02:00,-0.031125061213970184
2026-05-14 16:16:20.507620+02:00,-0.02837236411869526
2026-05-14 16:16:20.523245+02:00,-0.024841781705617905
2026-05-14 16:16:20.538870+02:00,-0.020894017070531845
2026-05-14 16:16:20.554495+02:00,-0.016855474561452866
2026-05-14 16:16:20.570120+02:00,-0.012988408096134663
2026-05-14 16:16:20.585745+02:00,-0.009471533820033073
2026-05-14 16:16:20.601370+02:00,-0.006393343210220337
2026-05-14 16:16:20.616995+02:00,-0.003758113831281662
2026-05-14 16:16:20.632620+02:00,-0.0015014028176665306
2026-05-14 16:16:20.648245+02:00,0.0004872884601354599
2026-05-14 16:16:20.663870+02:00,0.002339465543627739
2026-05-14 16:16:20.679495+02:00,0.004185845144093037
2026-05-14 16:16:20.695120+02:00,0.006138188764452934
2026-05-14 16:16:20.710745+02:00,0.008274147287011147
2026-05-14 16:16:20.726370+02:00,0.010628550313413143
2026-05-14 16:16:20.741995+02:00,0.013194190338253975
2026-05-14 16:16:20.757620+02:00,0.015929406508803368
2026-05-14 16:16:20.773245+02:00,0.01876741275191307
2026-05-14 16:16:20.788870+02:00,0.021623361855745316
2026-05-14 16:16:20.804495+02:00,0.024392656981945038
2026-05-14 16:16:20.820120+02:00,0.02693517878651619
2026-05-14 16:16:20.835745+02:00,0.02905156835913658
2026-05-14 16:16:20.851370+02:00,0.030472420156002045
2026-05-14 16:16:20.866995+02:00,0.030880598351359367
2026-05-14 16:16:20.882620+02:00,0.029965486377477646
2026-05-14 16:16:20.898245+02:00,0.02749144472181797
2026-05-14 16:16:20.913870+02:00,0.02336195856332779
2026-05-14 16:16:20.929495+02:00,0.01766270399093628
2026-05-14 16:16:20.945120+02:00,0.010671116411685944
2026-05-14 16:16:20.960745+02:00,0.0028291225899010897
2026-05-14 16:16:20.976370+02:00,-0.005313137546181679
2026-05-14 16:16:20.991995+02:00,-0.013167344033718109
2026-05-14 16:16:21.007620+02:00,-0.020178301259875298
2026-05-14 16:16:21.023245+02:00,-0.025887811556458473
2026-05-14 16:16:21.038870+02:00,-0.029980406165122986
2026-05-14 16:16:21.054495+02:00,-0.03230419009923935
2026-05-14 16:16:21.070120+02:00,-0.03286999091506004
2026-05-14 16:16:21.085745+02:00,-0.0318341962993145
2026-05-14 16:16:21.101370+02:00,-0.029467608779668808
2026-05-14 16:16:21.116995+02:00,-0.026114312931895256
2026-05-14 16:16:21.132620+02:00,-0.02214757166802883
2026-05-14 16:16:21.148245+02:00,-0.017927538603544235
2026-05-14 16:16:21.163870+02:00,-0.013764136470854282
2026-05-14 16:16:21.179495+02:00,-0.009890425950288773
2026-05-14 16:16:21.195120+02:00,-0.006448623724281788
2026-05-14 16:16:21.210745+02:00,-0.003487003967165947
2026-05-14 16:16:21.226370+02:00,-0.0009696120396256447
2026-05-14 16:16:21.241995+02:00,0.0012010829523205757
2026-05-14 16:16:21.257620+02:00,0.0031567877158522606
2026-05-14 16:16:21.273245+02:00,0.005038386210799217
2026-05-14 16:16:21.288870+02:00,0.006973804906010628
2026-05-14 16:16:21.304495+02:00,0.009059187024831772
2026-05-14 16:16:21.320120+02:00,0.01134734321385622
2026-05-14 16:16:21.335745+02:00,0.013845392502844334
2026-05-14 16:16:21.351370+02:00,0.01651781238615513
2026-05-14 16:16:21.366995+02:00,0.01929233968257904
2026-05-14 16:16:21.382620+02:00,0.022071775048971176
2026-05-14 16:16:21.398245+02:00,0.02475101128220558
2026-05-14 16:16:21.413870+02:00,0.027229972183704376
2026-05-14 16:16:21.429495+02:00,0.029413167387247086
2026-05-14 16:16:21.445120+02:00,0.031192094087600708
2026-05-14 16:16:21.460745+02:00,0.03241601213812828
2026-05-14 16:16:21.476370+02:00,0.032870545983314514
2026-05-14 16:16:21.491995+02:00,0.03228691592812538
2026-05-14 16:16:21.507620+02:00,0.03038869798183441
2026-05-14 16:16:21.523245+02:00,0.026961440220475197
2026-05-14 16:16:21.538870+02:00,0.021921440958976746
2026-05-14 16:16:21.554495+02:00,0.015364916995167732
2026-05-14 16:16:21.570120+02:00,0.007583482190966606
2026-05-14 16:16:21.585745+02:00,-0.0009621493518352509
2026-05-14 16:16:21.601370+02:00,-0.009704364463686943
2026-05-14 16:16:21.616995+02:00,-0.018048228695988655
2026-05-14 16:16:21.632620+02:00,-0.0254474226385355
2026-05-14 16:16:21.648245+02:00,-0.031462591141462326
2026-05-14 16:16:21.663870+02:00,-0.0357988141477108
2026-05-14 16:16:21.679495+02:00,-0.038323774933815
2026-05-14 16:16:21.695120+02:00,-0.03906715661287308
2026-05-14 16:16:21.710745+02:00,-0.03820080682635307
2026-05-14 16:16:21.726370+02:00,-0.03600282594561577
2026-05-14 16:16:21.741995+02:00,-0.03281459957361221
2026-05-14 16:16:21.757620+02:00,-0.028998680412769318
2026-05-14 16:16:21.773245+02:00,-0.02490009367465973
2026-05-14 16:16:21.788870+02:00,-0.02081351913511753
2026-05-14 16:16:21.804495+02:00,-0.016960065811872482
2026-05-14 16:16:21.820120+02:00,-0.01347481831908226
2026-05-14 16:16:21.835745+02:00,-0.010404009371995926
2026-05-14 16:16:21.851370+02:00,-0.007712178863584995
2026-05-14 16:16:21.866995+02:00,-0.005300762131810188
2026-05-14 16:16:21.882620+02:00,-0.0030359048396348953
2026-05-14 16:16:21.898245+02:00,-0.0007781265303492546
2026-05-14 16:16:21.913870+02:00,0.0015938440337777138
2026-05-14 16:16:21.929495+02:00,0.004167074337601662
2026-05-14 16:16:21.945120+02:00,0.00698438473045826
2026-05-14 16:16:21.960745+02:00,0.010041952133178711
2026-05-14 16:16:21.976370+02:00,0.013296417891979218
2026-05-14 16:16:21.991995+02:00,0.016676466912031174
2026-05-14 16:16:22.007620+02:00,0.020093269646167755
2026-05-14 16:16:22.023245+02:00,0.023450052365660667
2026-05-14 16:16:22.038870+02:00,0.026652000844478607
2026-05-14 16:16:22.054495+02:00,0.02961229346692562
2026-05-14 16:16:22.070120+02:00,0.032244764268398285
2026-05-14 16:16:22.085745+02:00,0.03443765640258789
2026-05-14 16:16:22.101370+02:00,0.03602074831724167
2026-05-14 16:16:22.116995+02:00,0.036753155291080475
2026-05-14 16:16:22.132620+02:00,0.03634880110621452
2026-05-14 16:16:22.148245+02:00,0.03453325852751732
2026-05-14 16:16:22.163870+02:00,0.031115472316741943
2026-05-14 16:16:22.179495+02:00,0.02605556696653366
2026-05-14 16:16:22.195120+02:00,0.01950715482234955
2026-05-14 16:16:22.210745+02:00,0.011818820610642433
2026-05-14 16:16:22.226370+02:00,0.003493235446512699
2026-05-14 16:16:22.241995+02:00,-0.0048835095949471
2026-05-14 16:16:22.257620+02:00,-0.01272188313305378
2026-05-14 16:16:22.273245+02:00,-0.019502220675349236
2026-05-14 16:16:22.288870+02:00,-0.02483043633401394
2026-05-14 16:16:22.304495+02:00,-0.028468815609812737
2026-05-14 16:16:22.320120+02:00,-0.030343271791934967
2026-05-14 16:16:22.335745+02:00,-0.030533291399478912
2026-05-14 16:16:22.351370+02:00,-0.02924913913011551
2026-05-14 16:16:22.366995+02:00,-0.02679741010069847
2026-05-14 16:16:22.382620+02:00,-0.023536838591098785
2026-05-14 16:16:22.398245+02:00,-0.019832901656627655
2026-05-14 16:16:22.413870+02:00,-0.01601838506758213
2026-05-14 16:16:22.429495+02:00,-0.012361434288322926
2026-05-14 16:16:22.445120+02:00,-0.009045139886438847
2026-05-14 16:16:22.460745+02:00,-0.006160805933177471
2026-05-14 16:16:22.476370+02:00,-0.0037118447944521904
2026-05-14 16:16:22.491995+02:00,-0.0016279174014925957
2026-05-14 16:16:22.507620+02:00,0.00021116528660058975
2026-05-14 16:16:22.523245+02:00,0.0019483016803860664
2026-05-14 16:16:22.538870+02:00,0.0037252791225910187
2026-05-14 16:16:22.554495+02:00,0.0056631360203027725
2026-05-14 16:16:22.570120+02:00,0.007845940068364143
2026-05-14 16:16:22.585745+02:00,0.010310027748346329
2026-05-14 16:16:22.601370+02:00,0.013041281141340733
2026-05-14 16:16:22.616995+02:00,0.01598077267408371
2026-05-14 16:16:22.632620+02:00,0.01903717778623104
2026-05-14 16:16:22.648245+02:00,0.022102583199739456
2026-05-14 16:16:22.663870+02:00,0.025067470967769623
2026-05-14 16:16:22.679495+02:00,0.02783040888607502
2026-05-14 16:16:22.695120+02:00,0.03029428794980049
2026-05-14 16:16:22.710745+02:00,0.03234325349330902
2026-05-14 16:16:22.726370+02:00,0.03381066769361496
2026-05-14 16:16:22.741995+02:00,0.03446134552359581
2026-05-14 16:16:22.757620+02:00,0.03400802984833717
2026-05-14 16:16:22.773245+02:00,0.03216511011123657
2026-05-14 16:16:22.788870+02:00,0.02872280590236187
2026-05-14 16:16:22.804495+02:00,0.023617135360836983
2026-05-14 16:16:22.820120+02:00,0.01697472296655178
2026-05-14 16:16:22.835745+02:00,0.009119599126279354
2026-05-14 16:16:22.851370+02:00,0.0005400837399065495
2026-05-14 16:16:22.866995+02:00,-0.008174905553460121
2026-05-14 16:16:22.882620+02:00,-0.016413629055023193
2026-05-14 16:16:22.898245+02:00,-0.02361767552793026
2026-05-14 16:16:22.913870+02:00,-0.029344948008656502
2026-05-14 16:16:22.929495+02:00,-0.03331153467297554
2026-05-14 16:16:22.945120+02:00,-0.035409484058618546
2026-05-14 16:16:22.960745+02:00,-0.035701971501111984
2026-05-14 16:16:22.976370+02:00,-0.03439971059560776
2026-05-14 16:16:22.991995+02:00,-0.03182395175099373
2026-05-14 16:16:23.007620+02:00,-0.028360841795802116
2026-05-14 16:16:23.023245+02:00,-0.024412058293819427
2026-05-14 16:16:23.038870+02:00,-0.02034907601773739
2026-05-14 16:16:23.054495+02:00,-0.016475846990942955
2026-05-14 16:16:23.070120+02:00,-0.013002320192754269
2026-05-14 16:16:23.085745+02:00,-0.010034111328423023
2026-05-14 16:16:23.101370+02:00,-0.0075786360539495945
2026-05-14 16:16:23.116995+02:00,-0.00556087214499712
2026-05-14 16:16:23.132620+02:00,-0.0038467920385301113
2026-05-14 16:16:23.148245+02:00,-0.0022746953181922436
2026-05-14 16:16:23.163870+02:00,-0.0006874750833958387
2026-05-14 16:16:23.179495+02:00,0.0010431648697704077
2026-05-14 16:16:23.195120+02:00,0.0030029185581952333
2026-05-14 16:16:23.210745+02:00,0.005229308735579252
2026-05-14 16:16:23.226370+02:00,0.00771341472864151
2026-05-14 16:16:23.241995+02:00,0.010407582856714725
2026-05-14 16:16:23.257620+02:00,0.01323581300675869
2026-05-14 16:16:23.273245+02:00,0.016106028109788895
2026-05-14 16:16:23.288870+02:00,0.018923835828900337
2026-05-14 16:16:23.304495+02:00,0.021602647379040718
2026-05-14 16:16:23.320120+02:00,0.024062329903244972
2026-05-14 16:16:23.335745+02:00,0.026209529489278793
2026-05-14 16:16:23.351370+02:00,0.027903132140636444
2026-05-14 16:16:23.366995+02:00,0.02892710082232952
2026-05-14 16:16:23.382620+02:00,0.028995288535952568
2026-05-14 16:16:23.398245+02:00,0.027794066816568375
2026-05-14 16:16:23.413870+02:00,0.02505236305296421
2026-05-14 16:16:23.429495+02:00,0.020619910210371017
2026-05-14 16:16:23.445120+02:00,0.014528444036841393
2026-05-14 16:16:23.460745+02:00,0.007017076946794987
2026-05-14 16:16:23.476370+02:00,-0.0014827242121100426
2026-05-14 16:16:23.491995+02:00,-0.01039852760732174
2026-05-14 16:16:23.507620+02:00,-0.019094688817858696
2026-05-14 16:16:23.523245+02:00,-0.02695806324481964
2026-05-14 16:16:23.538870+02:00,-0.03347136080265045
2026-05-14 16:16:23.554495+02:00,-0.03826401010155678
2026-05-14 16:16:23.570120+02:00,-0.04114042595028877
2026-05-14 16:16:23.585745+02:00,-0.04208655282855034
2026-05-14 16:16:23.601370+02:00,-0.041255176067352295
2026-05-14 16:16:23.616995+02:00,-0.03893306106328964
2026-05-14 16:16:23.632620+02:00,-0.03549617901444435
2026-05-14 16:16:23.648245+02:00,-0.03136105090379715
2026-05-14 16:16:23.663870+02:00,-0.026937343180179596
2026-05-14 16:16:23.679495+02:00,-0.02258363738656044
2026-05-14 16:16:23.695120+02:00,-0.01857176050543785
2026-05-14 16:16:23.710745+02:00,-0.015066957101225853
2026-05-14 16:16:23.726370+02:00,-0.012125096283853054
2026-05-14 16:16:23.741995+02:00,-0.009703733026981354
2026-05-14 16:16:23.757620+02:00,-0.00768402311950922
2026-05-14 16:16:23.773245+02:00,-0.005899480078369379
2026-05-14 16:16:23.788870+02:00,-0.004167855251580477
2026-05-14 16:16:23.804495+02:00,-0.0023227278143167496
2026-05-14 16:16:23.820120+02:00,-0.00023735564900562167
2026-05-14 16:16:23.835745+02:00,0.002164575271308422
2026-05-14 16:16:23.851370+02:00,0.004907140042632818
2026-05-14 16:16:23.866995+02:00,0.00796491652727127
2026-05-14 16:16:23.882620+02:00,0.01127120666205883
2026-05-14 16:16:23.898245+02:00,0.014728544279932976
2026-05-14 16:16:23.913870+02:00,0.018214497715234756
2026-05-14 16:16:23.929495+02:00,0.021577324718236923
2026-05-14 16:16:23.945120+02:00,0.02461964823305607
2026-05-14 16:16:23.960745+02:00,0.027079753577709198
2026-05-14 16:16:23.976370+02:00,0.02862938679754734
2026-05-14 16:16:23.991995+02:00,0.02890394814312458
2026-05-14 16:16:24.007620+02:00,0.02756827510893345
2026-05-14 16:16:24.023245+02:00,0.024402137845754623
2026-05-14 16:16:24.038870+02:00,0.01937532238662243
2026-05-14 16:16:24.054495+02:00,0.01268542930483818
2026-05-14 16:16:24.070120+02:00,0.004748030565679073
2026-05-14 16:16:24.085745+02:00,-0.0038548875600099564
2026-05-14 16:16:24.101370+02:00,-0.012453842908143997
2026-05-14 16:16:24.116995+02:00,-0.02038261853158474
2026-05-14 16:16:24.132620+02:00,-0.027062954381108284
2026-05-14 16:16:24.148245+02:00,-0.03206532076001167
2026-05-14 16:16:24.163870+02:00,-0.035140812397003174
2026-05-14 16:16:24.179495+02:00,-0.03622967749834061
2026-05-14 16:16:24.195120+02:00,-0.035449519753456116
2026-05-14 16:16:24.210745+02:00,-0.03306400403380394
2026-05-14 16:16:24.226370+02:00,-0.029437454417347908
2026-05-14 16:16:24.241995+02:00,-0.02498520538210869
2026-05-14 16:16:24.257620+02:00,-0.020126421004533768
2026-05-14 16:16:24.273245+02:00,-0.015241331420838833
2026-05-14 16:16:24.288870+02:00,-0.01063578762114048
2026-05-14 16:16:24.304495+02:00,-0.006516857072710991
2026-05-14 16:16:24.320120+02:00,-0.002982070203870535
2026-05-14 16:16:24.335745+02:00,-2.433033660054207e-05
2026-05-14 16:16:24.351370+02:00,0.002448644954711199
2026-05-14 16:16:24.366995+02:00,0.004587004892528057
2026-05-14 16:16:24.382620+02:00,0.00656898133456707
2026-05-14 16:16:24.398245+02:00,0.008568971417844296
2026-05-14 16:16:24.413870+02:00,0.01072837132960558
2026-05-14 16:16:24.429495+02:00,0.013137581758201122
2026-05-14 16:16:24.445120+02:00,0.01582968793809414
2026-05-14 16:16:24.460745+02:00,0.01878293603658676
2026-05-14 16:16:24.476370+02:00,0.021931994706392288
2026-05-14 16:16:24.491995+02:00,0.025184515863656998
2026-05-14 16:16:24.507620+02:00,0.02843538299202919
2026-05-14 16:16:24.523245+02:00,0.03157217055559158
2026-05-14 16:16:24.538870+02:00,0.03446481004357338
2026-05-14 16:16:24.554495+02:00,0.0369369201362133
2026-05-14 16:16:24.570120+02:00,0.038735631853342056
2026-05-14 16:16:24.585745+02:00,0.03952968120574951
2026-05-14 16:16:24.601370+02:00,0.03895127773284912
2026-05-14 16:16:24.616995+02:00,0.036672137677669525
2026-05-14 16:16:24.632620+02:00,0.03248927742242813
2026-05-14 16:16:24.648245+02:00,0.026394862681627274
2026-05-14 16:16:24.663870+02:00,0.018611043691635132
2026-05-14 16:16:24.679495+02:00,0.00958045944571495
2026-05-14 16:16:24.695120+02:00,-8.555827662348747e-05
2026-05-14 16:16:24.710745+02:00,-0.00968930684030056
2026-05-14 16:16:24.726370+02:00,-0.018540920689702034
2026-05-14 16:16:24.741995+02:00,-0.026043863967061043
2026-05-14 16:16:24.757620+02:00,-0.03175697103142738
2026-05-14 16:16:24.773245+02:00,-0.03542795032262802
2026-05-14 16:16:24.788870+02:00,-0.03700082376599312
2026-05-14 16:16:24.804495+02:00,-0.03660212829709053
2026-05-14 16:16:24.820120+02:00,-0.034510329365730286
2026-05-14 16:16:24.835745+02:00,-0.03111272118985653
2026-05-14 16:16:24.851370+02:00,-0.026853235438466072
2026-05-14 16:16:24.866995+02:00,-0.022176353260874748
2026-05-14 16:16:24.882620+02:00,-0.017476633191108704
2026-05-14 16:16:24.898245+02:00,-0.01306200586259365
2026-05-14 16:16:24.913870+02:00,-0.009132958017289639
2026-05-14 16:16:24.929495+02:00,-0.005777530372142792
2026-05-14 16:16:24.945120+02:00,-0.0029810501728206873
2026-05-14 16:16:24.960745+02:00,-0.0006464042235165834
2026-05-14 16:16:24.976370+02:00,0.001379188266582787
2026-05-14 16:16:24.991995+02:00,0.003272873815149069
2026-05-14 16:16:25.007620+02:00,0.005204925313591957
2026-05-14 16:16:25.023245+02:00,0.007314171642065048
2026-05-14 16:16:25.038870+02:00,0.009692445397377014
2026-05-14 16:16:25.054495+02:00,0.012376619502902031
2026-05-14 16:16:25.070120+02:00,0.015347958542406559
2026-05-14 16:16:25.085745+02:00,0.018539531156420708
2026-05-14 16:16:25.101370+02:00,0.021850477904081345
2026-05-14 16:16:25.116995+02:00,0.025164319202303886
2026-05-14 16:16:25.132620+02:00,0.028366245329380035
2026-05-14 16:16:25.148245+02:00,0.03135175257921219
2026-05-14 16:16:25.163870+02:00,0.034023452550172806
2026-05-14 16:16:25.179495+02:00,0.036275431513786316
2026-05-14 16:16:25.195120+02:00,0.03796228766441345
2026-05-14 16:16:25.210745+02:00,0.038865189999341965
2026-05-14 16:16:25.226370+02:00,0.038685914129018784
2026-05-14 16:16:25.241995+02:00,0.03708759695291519
2026-05-14 16:16:25.257620+02:00,0.03377294912934303
2026-05-14 16:16:25.273245+02:00,0.02857416868209839
2026-05-14 16:16:25.288870+02:00,0.02152443304657936
2026-05-14 16:16:25.304495+02:00,0.012887922115623951
2026-05-14 16:16:25.320120+02:00,0.0031416630372405052
2026-05-14 16:16:25.335745+02:00,-0.007083342410624027
2026-05-14 16:16:25.351370+02:00,-0.01708788424730301
2026-05-14 16:16:25.366995+02:00,-0.026197772473096848
2026-05-14 16:16:25.382620+02:00,-0.03384368494153023
2026-05-14 16:16:25.398245+02:00,-0.03961694613099098
2026-05-14 16:16:25.413870+02:00,-0.04330021142959595
2026-05-14 16:16:25.429495+02:00,-0.04487327113747597
2026-05-14 16:16:25.445120+02:00,-0.04449586570262909
2026-05-14 16:16:25.460745+02:00,-0.042472366243600845
2026-05-14 16:16:25.476370+02:00,-0.039204079657793045
2026-05-14 16:16:25.491995+02:00,-0.035135410726070404
2026-05-14 16:16:25.507620+02:00,-0.030699951574206352
2026-05-14 16:16:25.523245+02:00,-0.026273351162672043
2026-05-14 16:16:25.538870+02:00,-0.022139666602015495
2026-05-14 16:16:25.554495+02:00,-0.018473368138074875
2026-05-14 16:16:25.570120+02:00,-0.015336276032030582
2026-05-14 16:16:25.585745+02:00,-0.012689709663391113
2026-05-14 16:16:25.601370+02:00,-0.010419443249702454
2026-05-14 16:16:25.616995+02:00,-0.008366945199668407
2026-05-14 16:16:25.632620+02:00,-0.006360519211739302
2026-05-14 16:16:25.648245+02:00,-0.004242816474288702
2026-05-14 16:16:25.663870+02:00,-0.0018926439806818962
2026-05-14 16:16:25.679495+02:00,0.000761126633733511
2026-05-14 16:16:25.695120+02:00,0.0037345222663134336
2026-05-14 16:16:25.710745+02:00,0.006991847883909941
2026-05-14 16:16:25.726370+02:00,0.010455509647727013
2026-05-14 16:16:25.741995+02:00,0.01401960477232933
2026-05-14 16:16:25.757620+02:00,0.017565568909049034
2026-05-14 16:16:25.773245+02:00,0.020976940169930458
2026-05-14 16:16:25.788870+02:00,0.02415085956454277
2026-05-14 16:16:25.804495+02:00,0.027005556970834732
2026-05-14 16:16:25.820120+02:00,0.029478006064891815
2026-05-14 16:16:25.835745+02:00,0.031503304839134216
2026-05-14 16:16:25.851370+02:00,0.03297818824648857
2026-05-14 16:16:25.866995+02:00,0.033727869391441345
2026-05-14 16:16:25.882620+02:00,0.03350050374865532
2026-05-14 16:16:25.898245+02:00,0.03200037404894829
2026-05-14 16:16:25.913870+02:00,0.028954530134797096
2026-05-14 16:16:25.929495+02:00,0.024195894598960876
2026-05-14 16:16:25.945120+02:00,0.017734907567501068
2026-05-14 16:16:25.960745+02:00,0.009794461540877819
2026-05-14 16:16:25.976370+02:00,0.0007999958470463753
2026-05-14 16:16:25.991995+02:00,-0.008670356124639511
2026-05-14 16:16:26.007620+02:00,-0.017963549122214317
2026-05-14 16:16:26.023245+02:00,-0.026439275592565536
2026-05-14 16:16:26.038870+02:00,-0.03354880213737488
2026-05-14 16:16:26.054495+02:00,-0.038891978561878204
2026-05-14 16:16:26.070120+02:00,-0.04224831238389015
2026-05-14 16:16:26.085745+02:00,-0.0435844287276268
2026-05-14 16:16:26.101370+02:00,-0.043041251599788666
2026-05-14 16:16:26.116995+02:00,-0.0409030020236969
2026-05-14 16:16:26.132620+02:00,-0.03755214437842369
2026-05-14 16:16:26.148245+02:00,-0.033418212085962296
2026-05-14 16:16:26.163870+02:00,-0.028926927596330643
2026-05-14 16:16:26.179495+02:00,-0.024453362450003624
2026-05-14 16:16:26.195120+02:00,-0.02028551883995533
2026-05-14 16:16:26.210745+02:00,-0.016604751348495483
2026-05-14 16:16:26.226370+02:00,-0.013483816757798195
2026-05-14 16:16:26.241995+02:00,-0.010898744687438011
2026-05-14 16:16:26.257620+02:00,-0.008749628439545631
2026-05-14 16:16:26.273245+02:00,-0.006886566989123821
2026-05-14 16:16:26.288870+02:00,-0.0051385266706347466
2026-05-14 16:16:26.304495+02:00,-0.0033414168283343315
2026-05-14 16:16:26.320120+02:00,-0.001360472058877349
2026-05-14 16:16:26.335745+02:00,0.0008950408082455397
2026-05-14 16:16:26.351370+02:00,0.0034638005308806896
2026-05-14 16:16:26.366995+02:00,0.006331919692456722
2026-05-14 16:16:26.382620+02:00,0.009442939423024654
2026-05-14 16:16:26.398245+02:00,0.012713929638266563
2026-05-14 16:16:26.413870+02:00,0.016048042103648186
2026-05-14 16:16:26.429495+02:00,0.019340118393301964
2026-05-14 16:16:26.445120+02:00,0.022472096607089043
2026-05-14 16:16:26.460745+02:00,0.02529251202940941
2026-05-14 16:16:26.476370+02:00,0.02758902870118618
2026-05-14 16:16:26.491995+02:00,0.029078364372253418
2026-05-14 16:16:26.507620+02:00,0.029430923983454704
2026-05-14 16:16:26.523245+02:00,0.028330225497484207
2026-05-14 16:16:26.538870+02:00,0.025551652535796165
2026-05-14 16:16:26.554495+02:00,0.021034300327301025
2026-05-14 16:16:26.570120+02:00,0.014923284761607647
2026-05-14 16:16:26.585745+02:00,0.007572552189230919
2026-05-14 16:16:26.601370+02:00,-0.0004920335486531258
2026-05-14 16:16:26.616995+02:00,-0.008642698638141155
2026-05-14 16:16:26.632620+02:00,-0.0162372887134552
2026-05-14 16:16:26.648245+02:00,-0.02270236238837242
2026-05-14 16:16:26.663870+02:00,-0.027595512568950653
2026-05-14 16:16:26.679495+02:00,-0.030642734840512276
2026-05-14 16:16:26.695120+02:00,-0.03175368160009384
2026-05-14 16:16:26.710745+02:00,-0.031016569584608078
2026-05-14 16:16:26.726370+02:00,-0.02867344208061695
2026-05-14 16:16:26.741995+02:00,-0.025079859420657158
2026-05-14 16:16:26.757620+02:00,-0.020655104890465736
2026-05-14 16:16:26.773245+02:00,-0.015830151736736298
2026-05-14 16:16:26.788870+02:00,-0.011000353842973709
2026-05-14 16:16:26.804495+02:00,-0.006485920399427414
2026-05-14 16:16:26.820120+02:00,-0.0025036544539034367
2026-05-14 16:16:26.835745+02:00,0.0008441668469458818
2026-05-14 16:16:26.851370+02:00,0.0035624662414193153
2026-05-14 16:16:26.866995+02:00,0.005743386689573526
2026-05-14 16:16:26.882620+02:00,0.007540442049503326
2026-05-14 16:16:26.898245+02:00,0.009138545952737331
2026-05-14 16:16:26.913870+02:00,0.010721364058554173
2026-05-14 16:16:26.929495+02:00,0.01244264841079712
2026-05-14 16:16:26.945120+02:00,0.014408009126782417
2026-05-14 16:16:26.960745+02:00,0.01666857674717903
2026-05-14 16:16:26.976370+02:00,0.019223622977733612
2026-05-14 16:16:26.991995+02:00,0.02202705107629299
2026-05-14 16:16:27.007620+02:00,0.02499242126941681
2026-05-14 16:16:27.023245+02:00,0.027990952134132385
2026-05-14 16:16:27.038870+02:00,0.03083915077149868
2026-05-14 16:16:27.054495+02:00,0.03328230232000351
2026-05-14 16:16:27.070120+02:00,0.03499284386634827
2026-05-14 16:16:27.085745+02:00,0.03560316562652588
2026-05-14 16:16:27.101370+02:00,0.034771982580423355
2026-05-14 16:16:27.116995+02:00,0.03226299583911896
2026-05-14 16:16:27.132620+02:00,0.028012506663799286
2026-05-14 16:16:27.148245+02:00,0.022166943177580833
2026-05-14 16:16:27.163870+02:00,0.015078797936439514
2026-05-14 16:16:27.179495+02:00,0.007262978237122297
2026-05-14 16:16:27.195120+02:00,-0.0006732633337378502
2026-05-14 16:16:27.210745+02:00,-0.008109730668365955
2026-05-14 16:16:27.226370+02:00,-0.01448817178606987
2026-05-14 16:16:27.241995+02:00,-0.019374776631593704
2026-05-14 16:16:27.257620+02:00,-0.022504210472106934
2026-05-14 16:16:27.273245+02:00,-0.023798855021595955
2026-05-14 16:16:27.288870+02:00,-0.02336120791733265
2026-05-14 16:16:27.304495+02:00,-0.021445464342832565
2026-05-14 16:16:27.320120+02:00,-0.018416203558444977
2026-05-14 16:16:27.335745+02:00,-0.014698497951030731
2026-05-14 16:16:27.351370+02:00,-0.01072416640818119
2026-05-14 16:16:27.366995+02:00,-0.00688061723485589
2026-05-14 16:16:27.382620+02:00,-0.003468812210485339
2026-05-14 16:16:27.398245+02:00,-0.000677887350320816
2026-05-14 16:16:27.413870+02:00,0.0014197551645338535
2026-05-14 16:16:27.429495+02:00,0.002856660634279251
2026-05-14 16:16:27.445120+02:00,0.0037476280704140663
2026-05-14 16:16:27.460745+02:00,0.004261957015842199
2026-05-14 16:16:27.476370+02:00,0.004595674108713865
2026-05-14 16:16:27.491995+02:00,0.0049437470734119415
2026-05-14 16:16:27.507620+02:00,0.005472945049405098
2026-05-14 16:16:27.523245+02:00,0.006301716435700655
2026-05-14 16:16:27.538870+02:00,0.0074906377121806145
2026-05-14 16:16:27.554495+02:00,0.009040972217917442
2026-05-14 16:16:27.570120+02:00,0.01089871022850275
2026-05-14 16:16:27.585745+02:00,0.012957761995494366
2026-05-14 16:16:27.601370+02:00,0.015052495524287224
2026-05-14 16:16:27.616995+02:00,0.01694314554333687
2026-05-14 16:16:27.632620+02:00,0.018313618376851082
2026-05-14 16:16:27.648245+02:00,0.018797853961586952
2026-05-14 16:16:27.663870+02:00,0.018036361783742905
2026-05-14 16:16:27.679495+02:00,0.015751579776406288
2026-05-14 16:16:27.695120+02:00,0.011819995008409023
2026-05-14 16:16:27.710745+02:00,0.006317288614809513
2026-05-14 16:16:27.726370+02:00,-0.0004750974476337433
2026-05-14 16:16:27.741995+02:00,-0.008101493120193481
2026-05-14 16:16:27.757620+02:00,-0.015993762761354446
2026-05-14 16:16:27.773245+02:00,-0.023546921089291573
2026-05-14 16:16:27.788870+02:00,-0.030192906036973
2026-05-14 16:16:27.804495+02:00,-0.03546539321541786
2026-05-14 16:16:27.820120+02:00,-0.039049938321113586
2026-05-14 16:16:27.835745+02:00,-0.04081084951758385
2026-05-14 16:16:27.851370+02:00,-0.04079041630029678
2026-05-14 16:16:27.866995+02:00,-0.03918560594320297
2026-05-14 16:16:27.882620+02:00,-0.036311015486717224
2026-05-14 16:16:27.898245+02:00,-0.03255356475710869
2026-05-14 16:16:27.913870+02:00,-0.02832293137907982
2026-05-14 16:16:27.929495+02:00,-0.024002447724342346
2026-05-14 16:16:27.945120+02:00,-0.01990654692053795
2026-05-14 16:16:27.960745+02:00,-0.016252713277935982
2026-05-14 16:16:27.976370+02:00,-0.013151537626981735
2026-05-14 16:16:27.991995+02:00,-0.01061241514980793
2026-05-14 16:16:28.007620+02:00,-0.008560460060834885
2026-05-14 16:16:28.023245+02:00,-0.006861010566353798
2026-05-14 16:16:28.038870+02:00,-0.0053485361859202385
2026-05-14 16:16:28.054495+02:00,-0.0038553373888134956
2026-05-14 16:16:28.070120+02:00,-0.002234572544693947
2026-05-14 16:16:28.085745+02:00,-0.0003750239557120949
2026-05-14 16:16:28.101370+02:00,0.0017898513469845057
2026-05-14 16:16:28.116995+02:00,0.004276745952665806
2026-05-14 16:16:28.132620+02:00,0.007051527500152588
2026-05-14 16:16:28.148245+02:00,0.01002683024853468
2026-05-14 16:16:28.163870+02:00,0.01305061113089323
2026-05-14 16:16:28.179495+02:00,0.015890777111053467
2026-05-14 16:16:28.195120+02:00,0.018232541158795357
2026-05-14 16:16:28.210745+02:00,0.019704317674040794
2026-05-14 16:16:28.226370+02:00,0.01993662305176258
2026-05-14 16:16:28.241995+02:00,0.018639523535966873
2026-05-14 16:16:28.257620+02:00,0.0156738068908453
2026-05-14 16:16:28.273245+02:00,0.011096416972577572
2026-05-14 16:16:28.288870+02:00,0.00517036160454154
2026-05-14 16:16:28.304495+02:00,-0.0016613246407359838
2026-05-14 16:16:28.320120+02:00,-0.00883222371339798
2026-05-14 16:16:28.335745+02:00,-0.015730945393443108
2026-05-14 16:16:28.351370+02:00,-0.021784549579024315
2026-05-14 16:16:28.366995+02:00,-0.026527198031544685
2026-05-14 16:16:28.382620+02:00,-0.02964429184794426
2026-05-14 16:16:28.398245+02:00,-0.03099357709288597
2026-05-14 16:16:28.413870+02:00,-0.030605323612689972
2026-05-14 16:16:28.429495+02:00,-0.028661683201789856
2026-05-14 16:16:28.445120+02:00,-0.025460444390773773
2026-05-14 16:16:28.460745+02:00,-0.021371398121118546
2026-05-14 16:16:28.476370+02:00,-0.016790062189102173
2026-05-14 16:16:28.491995+02:00,-0.012091726996004581
2026-05-14 16:16:28.507620+02:00,-0.0075907837599515915
2026-05-14 16:16:28.523245+02:00,-0.003513168543577194
2026-05-14 16:16:28.538870+02:00,1.309812068939209e-05
2026-05-14 16:16:28.554495+02:00,0.002953970804810524
2026-05-14 16:16:28.570120+02:00,0.005358590744435787
2026-05-14 16:16:28.585745+02:00,0.007342164404690266
2026-05-14 16:16:28.601370+02:00,0.009061658754944801
2026-05-14 16:16:28.616995+02:00,0.010686519555747509
2026-05-14 16:16:28.632620+02:00,0.012371161952614784
2026-05-14 16:16:28.648245+02:00,0.014235018752515316
2026-05-14 16:16:28.663870+02:00,0.016350138932466507
2026-05-14 16:16:28.679495+02:00,0.01873689703643322
2026-05-14 16:16:28.695120+02:00,0.021367333829402924
2026-05-14 16:16:28.710745+02:00,0.024169325828552246
2026-05-14 16:16:28.726370+02:00,0.02702360227704048
2026-05-14 16:16:28.741995+02:00,0.029750391840934753
2026-05-14 16:16:28.757620+02:00,0.03209404647350311
2026-05-14 16:16:28.773245+02:00,0.03372633457183838
2026-05-14 16:16:28.788870+02:00,0.03428344801068306
2026-05-14 16:16:28.804495+02:00,0.033431582152843475
2026-05-14 16:16:28.820120+02:00,0.030942637473344803
2026-05-14 16:16:28.835745+02:00,0.0267594363540411
2026-05-14 16:16:28.851370+02:00,0.021031789481639862
2026-05-14 16:16:28.866995+02:00,0.014111794531345367
2026-05-14 16:16:28.882620+02:00,0.006508787628263235
2026-05-14 16:16:28.898245+02:00,-0.001183993648737669
2026-05-14 16:16:28.913870+02:00,-0.008371330797672272
2026-05-14 16:16:28.929495+02:00,-0.014529233798384666
2026-05-14 16:16:28.945120+02:00,-0.019260751083493233
2026-05-14 16:16:28.960745+02:00,-0.022329773753881454
2026-05-14 16:16:28.976370+02:00,-0.023670002818107605
2026-05-14 16:16:28.991995+02:00,-0.023372221738100052
2026-05-14 16:16:29.007620+02:00,-0.021658021956682205
2026-05-14 16:16:29.023245+02:00,-0.018844276666641235
2026-05-14 16:16:29.038870+02:00,-0.015299429185688496
2026-05-14 16:16:29.054495+02:00,-0.011396213434636593
2026-05-14 16:16:29.070120+02:00,-0.007468190044164658
2026-05-14 16:16:29.085745+02:00,-0.003777691163122654
2026-05-14 16:16:29.101370+02:00,-0.0004987269639968872
2026-05-14 16:16:29.116995+02:00,0.0022884225472807884
2026-05-14 16:16:29.132620+02:00,0.004592555575072765
2026-05-14 16:16:29.148245+02:00,0.0064937700517475605
2026-05-14 16:16:29.163870+02:00,0.008115831762552261
2026-05-14 16:16:29.179495+02:00,0.009598912671208382
2026-05-14 16:16:29.195120+02:00,0.011077630333602428
2026-05-14 16:16:29.210745+02:00,0.01266346126794815
2026-05-14 16:16:29.226370+02:00,0.01443270780146122
2026-05-14 16:16:29.241995+02:00,0.016421744599938393
2026-05-14 16:16:29.257620+02:00,0.018627112731337547
2026-05-14 16:16:29.273245+02:00,0.021008893847465515
2026-05-14 16:16:29.288870+02:00,0.023499218747019768
2026-05-14 16:16:29.304495+02:00,0.026013650000095367
2026-05-14 16:16:29.320120+02:00,0.02845507115125656
2026-05-14 16:16:29.335745+02:00,0.030699245631694794
2026-05-14 16:16:29.351370+02:00,0.032567594200372696
2026-05-14 16:16:29.366995+02:00,0.03381086513400078
2026-05-14 16:16:29.382620+02:00,0.03412348031997681
2026-05-14 16:16:29.398245+02:00,0.03319007530808449
2026-05-14 16:16:29.413870+02:00,0.03075258806347847
2026-05-14 16:16:29.429495+02:00,0.026680046692490578
2026-05-14 16:16:29.445120+02:00,0.02102176658809185
2026-05-14 16:16:29.460745+02:00,0.014027899131178856
2026-05-14 16:16:29.476370+02:00,0.006128989160060883
2026-05-14 16:16:29.491995+02:00,-0.002121296478435397
2026-05-14 16:16:29.507620+02:00,-0.010124357417225838
2026-05-14 16:16:29.523245+02:00,-0.01731684058904648
2026-05-14 16:16:29.538870+02:00,-0.023236572742462158
2026-05-14 16:16:29.554495+02:00,-0.027564536780118942
2026-05-14 16:16:29.570120+02:00,-0.03014381043612957
2026-05-14 16:16:29.585745+02:00,-0.030981244519352913
2026-05-14 16:16:29.601370+02:00,-0.030233711004257202
2026-05-14 16:16:29.616995+02:00,-0.028178229928016663
2026-05-14 16:16:29.632620+02:00,-0.02517024800181389
2026-05-14 16:16:29.648245+02:00,-0.021597152575850487
2026-05-14 16:16:29.663870+02:00,-0.01783040165901184
2026-05-14 16:16:29.679495+02:00,-0.014182555489242077
2026-05-14 16:16:29.695120+02:00,-0.01087918784469366
2026-05-14 16:16:29.710745+02:00,-0.008048087358474731
2026-05-14 16:16:29.726370+02:00,-0.005721920635551214
2026-05-14 16:16:29.741995+02:00,-0.0038508260622620583
2026-05-14 16:16:29.757620+02:00,-0.0023224949836730957
2026-05-14 16:16:29.773245+02:00,-0.0009870545472949743
2026-05-14 16:16:29.788870+02:00,0.00031574873719364405
2026-05-14 16:16:29.804495+02:00,0.0017295940779149532
2026-05-14 16:16:29.820120+02:00,0.0033602635376155376
2026-05-14 16:16:29.835745+02:00,0.0052642375230789185
2026-05-14 16:16:29.851370+02:00,0.0074479286558926105
2026-05-14 16:16:29.866995+02:00,0.009875794872641563
2026-05-14 16:16:29.882620+02:00,0.012481465004384518
2026-05-14 16:16:29.898245+02:00,0.01517811231315136
2026-05-14 16:16:29.913870+02:00,0.017868785187602043
2026-05-14 16:16:29.929495+02:00,0.020453669130802155
2026-05-14 16:16:29.945120+02:00,0.022826021537184715
2026-05-14 16:16:29.960745+02:00,0.024853182956576347
2026-05-14 16:16:29.976370+02:00,0.02635287120938301
2026-05-14 16:16:29.991995+02:00,0.027083540335297585
2026-05-14 16:16:30.007620+02:00,0.026764124631881714
2026-05-14 16:16:30.023245+02:00,0.025125574320554733
2026-05-14 16:16:30.038870+02:00,0.02197953313589096
2026-05-14 16:16:30.054495+02:00,0.017281580716371536
2026-05-14 16:16:30.070120+02:00,0.011170128360390663
2026-05-14 16:16:30.085745+02:00,0.003969408571720123
2026-05-14 16:16:30.101370+02:00,-0.0038459179922938347
2026-05-14 16:16:30.116995+02:00,-0.011715443804860115
2026-05-14 16:16:30.132620+02:00,-0.019069278612732887
2026-05-14 16:16:30.148245+02:00,-0.025399452075362206
2026-05-14 16:16:30.163870+02:00,-0.030316490679979324
2026-05-14 16:16:30.179495+02:00,-0.033585138618946075
2026-05-14 16:16:30.195120+02:00,-0.03513621911406517
2026-05-14 16:16:30.210745+02:00,-0.03505678102374077
2026-05-14 16:16:30.226370+02:00,-0.033564917743206024
2026-05-14 16:16:30.241995+02:00,-0.03097429685294628
2026-05-14 16:16:30.257620+02:00,-0.027651820331811905
2026-05-14 16:16:30.273245+02:00,-0.023973148316144943
2026-05-14 16:16:30.288870+02:00,-0.020280130207538605
2026-05-14 16:16:30.304495+02:00,-0.016845161095261574
2026-05-14 16:16:30.320120+02:00,-0.013848308473825455
2026-05-14 16:16:30.335745+02:00,-0.011369531974196434
2026-05-14 16:16:30.351370+02:00,-0.009395120665431023
2026-05-14 16:16:30.366995+02:00,-0.007834803313016891
2026-05-14 16:16:30.382620+02:00,-0.006545707583427429
2026-05-14 16:16:30.398245+02:00,-0.005361360963433981
2026-05-14 16:16:30.413870+02:00,-0.004121752921491861
2026-05-14 16:16:30.429495+02:00,-0.0026981874834746122
2026-05-14 16:16:30.445120+02:00,-0.0010091806761920452
2026-05-14 16:16:30.460745+02:00,0.0009741927497088909
2026-05-14 16:16:30.476370+02:00,0.003231980837881565
2026-05-14 16:16:30.491995+02:00,0.005704387091100216
2026-05-14 16:16:30.507620+02:00,0.00830502063035965
2026-05-14 16:16:30.523245+02:00,0.010936472564935684
2026-05-14 16:16:30.538870+02:00,0.013503648340702057
2026-05-14 16:16:30.554495+02:00,0.015918919816613197
2026-05-14 16:16:30.570120+02:00,0.018091708421707153
2026-05-14 16:16:30.585745+02:00,0.019902251660823822
2026-05-14 16:16:30.601370+02:00,0.021174507215619087
2026-05-14 16:16:30.616995+02:00,0.021669669076800346
2026-05-14 16:16:30.632620+02:00,0.02111256867647171
2026-05-14 16:16:30.648245+02:00,0.01924867182970047
2026-05-14 16:16:30.663870+02:00,0.015915613621473312
2026-05-14 16:16:30.679495+02:00,0.01110419724136591
2026-05-14 16:16:30.695120+02:00,0.004989864304661751
2026-05-14 16:16:30.710745+02:00,-0.002070958726108074
2026-05-14 16:16:30.726370+02:00,-0.00957995280623436
2026-05-14 16:16:30.741995+02:00,-0.0169668085873127
2026-05-14 16:16:30.757620+02:00,-0.023672180250287056
2026-05-14 16:16:30.773245+02:00,-0.02921988070011139
2026-05-14 16:16:30.788870+02:00,-0.03326527029275894
2026-05-14 16:16:30.804495+02:00,-0.035620398819446564
2026-05-14 16:16:30.820120+02:00,-0.03626015782356262
2026-05-14 16:16:30.835745+02:00,-0.03531188145279884
2026-05-14 16:16:30.851370+02:00,-0.03303049877285957
2026-05-14 16:16:30.866995+02:00,-0.02976098284125328
2026-05-14 16:16:30.882620+02:00,-0.025891050696372986
2026-05-14 16:16:30.898245+02:00,-0.021802732720971107
2026-05-14 16:16:30.913870+02:00,-0.017831070348620415
2026-05-14 16:16:30.929495+02:00,-0.014231707900762558
2026-05-14 16:16:30.945120+02:00,-0.011159572750329971
2026-05-14 16:16:30.960745+02:00,-0.008663637563586235
2026-05-14 16:16:30.976370+02:00,-0.00669837323948741
2026-05-14 16:16:30.991995+02:00,-0.00514642708003521
2026-05-14 16:16:31.007620+02:00,-0.003846266772598028
2026-05-14 16:16:31.023245+02:00,-0.0026212292723357677
2026-05-14 16:16:31.038870+02:00,-0.001306780381128192
2026-05-14 16:16:31.054495+02:00,0.00022798427380621433
2026-05-14 16:16:31.070120+02:00,0.0020673430990427732
2026-05-14 16:16:31.085745+02:00,0.00424477132037282
2026-05-14 16:16:31.101370+02:00,0.006746109575033188
2026-05-14 16:16:31.116995+02:00,0.009516935795545578
2026-05-14 16:16:31.132620+02:00,0.012470369227230549
2026-05-14 16:16:31.148245+02:00,0.015490896999835968
2026-05-14 16:16:31.163870+02:00,0.018426096066832542
2026-05-14 16:16:31.179495+02:00,0.02106608636677265
2026-05-14 16:16:31.195120+02:00,0.023131314665079117
2026-05-14 16:16:31.210745+02:00,0.02429046481847763
2026-05-14 16:16:31.226370+02:00,0.024209655821323395
2026-05-14 16:16:31.241995+02:00,0.02262069657444954
2026-05-14 16:16:31.257620+02:00,0.019392307847738266
2026-05-14 16:16:31.273245+02:00,0.014582999050617218
2026-05-14 16:16:31.288870+02:00,0.00845575612038374
2026-05-14 16:16:31.304495+02:00,0.001450174953788519
2026-05-14 16:16:31.320120+02:00,-0.0058768633753061295
2026-05-14 16:16:31.335745+02:00,-0.012926692143082619
2026-05-14 16:16:31.351370+02:00,-0.019135745242238045
2026-05-14 16:16:31.366995+02:00,-0.02404058910906315
2026-05-14 16:16:31.382620+02:00,-0.027323098853230476
2026-05-14 16:16:31.398245+02:00,-0.028834624215960503
2026-05-14 16:16:31.413870+02:00,-0.028600312769412994
2026-05-14 16:16:31.429495+02:00,-0.02680240012705326
2026-05-14 16:16:31.445120+02:00,-0.02374393492937088
2026-05-14 16:16:31.460745+02:00,-0.01980147883296013
2026-05-14 16:16:31.476370+02:00,-0.015376882627606392
2026-05-14 16:16:31.491995+02:00,-0.010852709412574768
2026-05-14 16:16:31.507620+02:00,-0.006552017293870449
2026-05-14 16:16:31.523245+02:00,-0.0027067996561527252
2026-05-14 16:16:31.538870+02:00,0.000557546503841877
2026-05-14 16:16:31.554495+02:00,0.003219757229089737
2026-05-14 16:16:31.570120+02:00,0.0053467536345124245
2026-05-14 16:16:31.585745+02:00,0.007069652900099754
2026-05-14 16:16:31.601370+02:00,0.008555569685995579
2026-05-14 16:16:31.616995+02:00,0.009978748857975006
2026-05-14 16:16:31.632620+02:00,0.011495149694383144
2026-05-14 16:16:31.648245+02:00,0.013222906738519669
2026-05-14 16:16:31.663870+02:00,0.015229562297463417
2026-05-14 16:16:31.679495+02:00,0.01752791926264763
2026-05-14 16:16:31.695120+02:00,0.02008182182908058
2026-05-14 16:16:31.710745+02:00,0.022818654775619507
2026-05-14 16:16:31.726370+02:00,0.025639433413743973
2026-05-14 16:16:31.741995+02:00,0.028417207300662994
2026-05-14 16:16:31.757620+02:00,0.03098139725625515
2026-05-14 16:16:31.773245+02:00,0.03309664502739906
2026-05-14 16:16:31.788870+02:00,0.034456491470336914
2026-05-14 16:16:31.804495+02:00,0.03471123054623604
2026-05-14 16:16:31.820120+02:00,0.03352976590394974
2026-05-14 16:16:31.835745+02:00,0.030676506459712982
2026-05-14 16:16:31.851370+02:00,0.0260801799595356
2026-05-14 16:16:31.866995+02:00,0.019876237958669662
2026-05-14 16:16:31.882620+02:00,0.012410735711455345
2026-05-14 16:16:31.898245+02:00,0.004201631061732769
2026-05-14 16:16:31.913870+02:00,-0.00413338141515851
2026-05-14 16:16:31.929495+02:00,-0.011962772347033024
2026-05-14 16:16:31.945120+02:00,-0.018722273409366608
2026-05-14 16:16:31.960745+02:00,-0.023976854979991913
2026-05-14 16:16:31.976370+02:00,-0.027456365525722504
2026-05-14 16:16:31.991995+02:00,-0.029068388044834137
2026-05-14 16:16:32.007620+02:00,-0.028893010690808296
2026-05-14 16:16:32.023245+02:00,-0.0271599143743515
2026-05-14 16:16:32.038870+02:00,-0.02420901320874691
2026-05-14 16:16:32.054495+02:00,-0.020440760999917984
2026-05-14 16:16:32.070120+02:00,-0.016265403479337692
2026-05-14 16:16:32.085745+02:00,-0.012057023122906685
2026-05-14 16:16:32.101370+02:00,-0.00811559148132801
2026-05-14 16:16:32.116995+02:00,-0.004641314968466759
2026-05-14 16:16:32.132620+02:00,-0.0017249956727027893
2026-05-14 16:16:32.148245+02:00,0.0006442833691835403
2026-05-14 16:16:32.163870+02:00,0.002557937055826187
2026-05-14 16:16:32.179495+02:00,0.00415937090292573
2026-05-14 16:16:32.195120+02:00,0.005613614805042744
2026-05-14 16:16:32.210745+02:00,0.007080280687659979
2026-05-14 16:16:32.226370+02:00,0.008691947907209396
2026-05-14 16:16:32.241995+02:00,0.010538499802350998
2026-05-14 16:16:32.257620+02:00,0.012659064494073391
2026-05-14 16:16:32.273245+02:00,0.015041615813970566
2026-05-14 16:16:32.288870+02:00,0.017631061375141144
2026-05-14 16:16:32.304495+02:00,0.020344886928796768
2026-05-14 16:16:32.320120+02:00,0.02308802120387554
2026-05-14 16:16:32.335745+02:00,0.02576082944869995
2026-05-14 16:16:32.351370+02:00,0.028259243816137314
2026-05-14 16:16:32.366995+02:00,0.030461277812719345
2026-05-14 16:16:32.382620+02:00,0.03219882398843765
2026-05-14 16:16:32.398245+02:00,0.033233530819416046
2026-05-14 16:16:32.413870+02:00,0.03326237201690674
2026-05-14 16:16:32.429495+02:00,0.03196243941783905
2026-05-14 16:16:32.445120+02:00,0.02906421385705471
2026-05-14 16:16:32.460745+02:00,0.024430500343441963
2026-05-14 16:16:32.476370+02:00,0.018115056678652763
2026-05-14 16:16:32.491995+02:00,0.010382656939327717
2026-05-14 16:16:32.507620+02:00,0.001688141142949462
2026-05-14 16:16:32.523245+02:00,-0.007377974689006805
2026-05-14 16:16:32.538870+02:00,-0.016166970133781433
2026-05-14 16:16:32.554495+02:00,-0.02405734546482563
2026-05-14 16:16:32.570120+02:00,-0.030530467629432678
2026-05-14 16:16:32.585745+02:00,-0.035224150866270065
2026-05-14 16:16:32.601370+02:00,-0.037959784269332886
2026-05-14 16:16:32.616995+02:00,-0.03874493017792702
2026-05-14 16:16:32.632620+02:00,-0.037755485624074936
2026-05-14 16:16:32.648245+02:00,-0.03530014678835869
2026-05-14 16:16:32.663870+02:00,-0.03177250176668167
2026-05-14 16:16:32.679495+02:00,-0.027599608525633812
2026-05-14 16:16:32.695120+02:00,-0.023193759843707085
2026-05-14 16:16:32.710745+02:00,-0.018910467624664307
2026-05-14 16:16:32.726370+02:00,-0.015015236102044582
2026-05-14 16:16:32.741995+02:00,-0.01166251115500927
2026-05-14 16:16:32.757620+02:00,-0.008891794830560684
2026-05-14 16:16:32.773245+02:00,-0.006643651984632015
2026-05-14 16:16:32.788870+02:00,-0.00478869816288352
2026-05-14 16:16:32.804495+02:00,-0.0031587937846779823
2026-05-14 16:16:32.820120+02:00,-0.0015761456452310085
2026-05-14 16:16:32.835745+02:00,0.00012007635086774826
2026-05-14 16:16:32.851370+02:00,0.0020523283164948225
2026-05-14 16:16:32.866995+02:00,0.004292315803468227
2026-05-14 16:16:32.882620+02:00,0.006858529057353735
2026-05-14 16:16:32.898245+02:00,0.009720905683934689
2026-05-14 16:16:32.913870+02:00,0.012809759937226772
2026-05-14 16:16:32.929495+02:00,0.01602855697274208
2026-05-14 16:16:32.945120+02:00,0.019268345087766647
2026-05-14 16:16:32.960745+02:00,0.022417481988668442
2026-05-14 16:16:32.976370+02:00,0.0253591388463974
2026-05-14 16:16:32.991995+02:00,0.027951378375291824
2026-05-14 16:16:33.007620+02:00,0.02999679557979107
2026-05-14 16:16:33.023245+02:00,0.031225765123963356
2026-05-14 16:16:33.038870+02:00,0.03131694346666336
2026-05-14 16:16:33.054495+02:00,0.02995680831372738
2026-05-14 16:16:33.070120+02:00,0.026917552575469017
2026-05-14 16:16:33.085745+02:00,0.02212863601744175
2026-05-14 16:16:33.101370+02:00,0.015723351389169693
2026-05-14 16:16:33.116995+02:00,0.008046099916100502
2026-05-14 16:16:33.132620+02:00,-0.0003833184018731117
2026-05-14 16:16:33.148245+02:00,-0.008938689716160297
2026-05-14 16:16:33.163870+02:00,-0.016973484307527542
2026-05-14 16:16:33.179495+02:00,-0.023903829976916313
2026-05-14 16:16:33.195120+02:00,-0.029273198917508125
2026-05-14 16:16:33.210745+02:00,-0.03279527276754379
2026-05-14 16:16:33.226370+02:00,-0.034373074769973755
2026-05-14 16:16:33.241995+02:00,-0.034092456102371216
2026-05-14 16:16:33.257620+02:00,-0.032195184379816055
2026-05-14 16:16:33.273245+02:00,-0.029039498418569565
2026-05-14 16:16:33.288870+02:00,-0.025052126497030258
2026-05-14 16:16:33.304495+02:00,-0.02067468874156475
2026-05-14 16:16:33.320120+02:00,-0.01631072163581848
2026-05-14 16:16:33.335745+02:00,-0.01228143647313118
2026-05-14 16:16:33.351370+02:00,-0.008797114714980125
2026-05-14 16:16:33.366995+02:00,-0.005948486737906933
2026-05-14 16:16:33.382620+02:00,-0.0037164827808737755
2026-05-14 16:16:33.398245+02:00,-0.0019948557019233704
2026-05-14 16:16:33.413870+02:00,-0.0006203674711287022
2026-05-14 16:16:33.429495+02:00,0.0005961388815194368
2026-05-14 16:16:33.445120+02:00,0.0018411431228742003
2026-05-14 16:16:33.460745+02:00,0.003272109664976597
2026-05-14 16:16:33.476370+02:00,0.004997738637030125
2026-05-14 16:16:33.491995+02:00,0.007068748120218515
2026-05-14 16:16:33.507620+02:00,0.009478853084146976
2026-05-14 16:16:33.523245+02:00,0.012175137177109718
2026-05-14 16:16:33.538870+02:00,0.015072548761963844
2026-05-14 16:16:33.554495+02:00,0.018064919859170914
2026-05-14 16:16:33.570120+02:00,0.021029070019721985
2026-05-14 16:16:33.585745+02:00,0.023817718029022217
2026-05-14 16:16:33.601370+02:00,0.02623850107192993
2026-05-14 16:16:33.616995+02:00,0.028032157570123672
2026-05-14 16:16:33.632620+02:00,0.028874719515442848
2026-05-14 16:16:33.648245+02:00,0.028417859226465225
2026-05-14 16:16:33.663870+02:00,0.026360206305980682
2026-05-14 16:16:33.679495+02:00,0.022526921704411507
2026-05-14 16:16:33.695120+02:00,0.016931895166635513
2026-05-14 16:16:33.710745+02:00,0.009806886315345764
2026-05-14 16:16:33.726370+02:00,0.0015911310911178589
2026-05-14 16:16:33.741995+02:00,-0.00711990287527442
2026-05-14 16:16:33.757620+02:00,-0.01565570943057537
2026-05-14 16:16:33.773245+02:00,-0.0233599953353405
2026-05-14 16:16:33.788870+02:00,-0.02967008389532566
2026-05-14 16:16:33.804495+02:00,-0.03417760878801346
2026-05-14 16:16:33.820120+02:00,-0.036665771156549454
2026-05-14 16:16:33.835745+02:00,-0.03712092339992523
2026-05-14 16:16:33.851370+02:00,-0.035718563944101334
2026-05-14 16:16:33.866995+02:00,-0.03278789669275284
2026-05-14 16:16:33.882620+02:00,-0.028762217611074448
2026-05-14 16:16:33.898245+02:00,-0.024120589718222618
2026-05-14 16:16:33.913870+02:00,-0.019327426329255104
2026-05-14 16:16:33.929495+02:00,-0.014779786579310894
2026-05-14 16:16:33.945120+02:00,-0.010769468732178211
2026-05-14 16:16:33.960745+02:00,-0.007462217006832361
2026-05-14 16:16:33.976370+02:00,-0.004894900601357222
2026-05-14 16:16:33.991995+02:00,-0.0029905776027590036
2026-05-14 16:16:34.007620+02:00,-0.001587355276569724
2026-05-14 16:16:34.023245+02:00,-0.00047542108222842216
2026-05-14 16:16:34.038870+02:00,0.0005635484121739864
2026-05-14 16:16:34.054495+02:00,0.001723618246614933
2026-05-14 16:16:34.070120+02:00,0.003153512952849269
2026-05-14 16:16:34.085745+02:00,0.004944922868162394
2026-05-14 16:16:34.101370+02:00,0.007129014935344458
2026-05-14 16:16:34.116995+02:00,0.009682093746960163
2026-05-14 16:16:34.132620+02:00,0.01253688707947731
2026-05-14 16:16:34.148245+02:00,0.015591111965477467
2026-05-14 16:16:34.163870+02:00,0.018705595284700394
2026-05-14 16:16:34.179495+02:00,0.021688241511583328
2026-05-14 16:16:34.195120+02:00,0.02427208423614502
2026-05-14 16:16:34.210745+02:00,0.026110727339982986
2026-05-14 16:16:34.226370+02:00,0.026808952912688255
2026-05-14 16:16:34.241995+02:00,0.02598545514047146
2026-05-14 16:16:34.257620+02:00,0.02335381880402565
2026-05-14 16:16:34.273245+02:00,0.018802225589752197
2026-05-14 16:16:34.288870+02:00,0.01244691014289856
2026-05-14 16:16:34.304495+02:00,0.004641280509531498
2026-05-14 16:16:34.320120+02:00,-0.004061942920088768
2026-05-14 16:16:34.335745+02:00,-0.012986231595277786
2026-05-14 16:16:34.351370+02:00,-0.02142507955431938
2026-05-14 16:16:34.366995+02:00,-0.028730615973472595
2026-05-14 16:16:34.382620+02:00,-0.03438323363661766
2026-05-14 16:16:34.398245+02:00,-0.03804032504558563
2026-05-14 16:16:34.413870+02:00,-0.039562929421663284
2026-05-14 16:16:34.429495+02:00,-0.039017219096422195
2026-05-14 16:16:34.445120+02:00,-0.03665126487612724
2026-05-14 16:16:34.460745+02:00,-0.032851286232471466
2026-05-14 16:16:34.476370+02:00,-0.02808435447514057
2026-05-14 16:16:34.491995+02:00,-0.022837121039628983
2026-05-14 16:16:34.507620+02:00,-0.017559580504894257
2026-05-14 16:16:34.523245+02:00,-0.012619235552847385
2026-05-14 16:16:34.538870+02:00,-0.008269157260656357
2026-05-14 16:16:34.554495+02:00,-0.004633406177163124
2026-05-14 16:16:34.570120+02:00,-0.0017118602991104126
2026-05-14 16:16:34.585745+02:00,0.0005980096757411957
2026-05-14 16:16:34.601370+02:00,0.002470024861395359
2026-05-14 16:16:34.616995+02:00,0.004114719573408365
2026-05-14 16:16:34.632620+02:00,0.005743834655731916
2026-05-14 16:16:34.648245+02:00,0.0075388322584331036
2026-05-14 16:16:34.663870+02:00,0.009629445150494576
2026-05-14 16:16:34.679495+02:00,0.012084227986633778
2026-05-14 16:16:34.695120+02:00,0.01490937639027834
2026-05-14 16:16:34.710745+02:00,0.01805337332189083
2026-05-14 16:16:34.726370+02:00,0.021416854113340378
2026-05-14 16:16:34.741995+02:00,0.024855904281139374
2026-05-14 16:16:34.757620+02:00,0.028164943680167198
2026-05-14 16:16:34.773245+02:00,0.031050540506839752
2026-05-14 16:16:34.788870+02:00,0.03312794491648674
2026-05-14 16:16:34.804495+02:00,0.03396083042025566
2026-05-14 16:16:34.820120+02:00,0.03313843905925751
2026-05-14 16:16:34.835745+02:00,0.03036842867732048
2026-05-14 16:16:34.851370+02:00,0.025559531524777412
2026-05-14 16:16:34.866995+02:00,0.018869604915380478
2026-05-14 16:16:34.882620+02:00,0.01070418395102024
2026-05-14 16:16:34.898245+02:00,0.0016668201424181461
2026-05-14 16:16:34.913870+02:00,-0.007524670567363501
2026-05-14 16:16:34.929495+02:00,-0.016136547550559044
2026-05-14 16:16:34.945120+02:00,-0.023510897532105446
2026-05-14 16:16:34.960745+02:00,-0.029135091230273247
2026-05-14 16:16:34.976370+02:00,-0.03268574923276901
2026-05-14 16:16:34.991995+02:00,-0.03404969722032547
2026-05-14 16:16:35.007620+02:00,-0.03332124650478363
2026-05-14 16:16:35.023245+02:00,-0.030774172395467758
2026-05-14 16:16:35.038870+02:00,-0.026812367141246796
2026-05-14 16:16:35.054495+02:00,-0.021910931915044785
2026-05-14 16:16:35.070120+02:00,-0.016558531671762466
2026-05-14 16:16:35.085745+02:00,-0.011203647591173649
2026-05-14 16:16:35.101370+02:00,-0.0062078675255179405
2026-05-14 16:16:35.116995+02:00,-0.0018141278997063637
2026-05-14 16:16:35.132620+02:00,0.0018651187419891357
2026-05-14 16:16:35.148245+02:00,0.004839753732085228
2026-05-14 16:16:35.163870+02:00,0.0072171990759670734
2026-05-14 16:16:35.179495+02:00,0.009168578311800957
2026-05-14 16:16:35.195120+02:00,0.010894241742789745
2026-05-14 16:16:35.210745+02:00,0.012592337094247341
2026-05-14 16:16:35.226370+02:00,0.014431709423661232
2026-05-14 16:16:35.241995+02:00,0.01653275266289711
2026-05-14 16:16:35.257620+02:00,0.018957916647195816
2026-05-14 16:16:35.273245+02:00,0.021709199994802475
2026-05-14 16:16:35.288870+02:00,0.024733278900384903
2026-05-14 16:16:35.304495+02:00,0.027935922145843506
2026-05-14 16:16:35.320120+02:00,0.031196344643831253
2026-05-14 16:16:35.335745+02:00,0.03436655551195145
2026-05-14 16:16:35.351370+02:00,0.03725045174360275
2026-05-14 16:16:35.366995+02:00,0.03957527503371239
2026-05-14 16:16:35.382620+02:00,0.04098104313015938
2026-05-14 16:16:35.398245+02:00,0.0410495363175869
2026-05-14 16:16:35.413870+02:00,0.03937646746635437
2026-05-14 16:16:35.429495+02:00,0.03566795960068703
2026-05-14 16:16:35.445120+02:00,0.029829097911715508
2026-05-14 16:16:35.460745+02:00,0.02201693505048752
2026-05-14 16:16:35.476370+02:00,0.012643891386687756
2026-05-14 16:16:35.491995+02:00,0.0023325993679463863
2026-05-14 16:16:35.507620+02:00,-0.008166961371898651
2026-05-14 16:16:35.523245+02:00,-0.018079813569784164
2026-05-14 16:16:35.538870+02:00,-0.026703689247369766
2026-05-14 16:16:35.554495+02:00,-0.03348477557301521
2026-05-14 16:16:35.570120+02:00,-0.03806707635521889
2026-05-14 16:16:35.585745+02:00,-0.0403151772916317
2026-05-14 16:16:35.601370+02:00,-0.040309906005859375
2026-05-14 16:16:35.616995+02:00,-0.0383199080824852
2026-05-14 16:16:35.632620+02:00,-0.034755680710077286
2026-05-14 16:16:35.648245+02:00,-0.03011219948530197
2026-05-14 16:16:35.663870+02:00,-0.024906357750296593
2026-05-14 16:16:35.679495+02:00,-0.0196174755692482
2026-05-14 16:16:35.695120+02:00,-0.01463916152715683
2026-05-14 16:16:35.710745+02:00,-0.010244927369058132
2026-05-14 16:16:35.726370+02:00,-0.006569256540387869
2026-05-14 16:16:35.741995+02:00,-0.0036110207438468933
2026-05-14 16:16:35.757620+02:00,-0.0012589283287525177
2026-05-14 16:16:35.773245+02:00,0.0006716232746839523
2026-05-14 16:16:35.788870+02:00,0.002398930722847581
2026-05-14 16:16:35.804495+02:00,0.004137239884585142
2026-05-14 16:16:35.820120+02:00,0.006064256653189659
2026-05-14 16:16:35.835745+02:00,0.008298391476273537
2026-05-14 16:16:35.851370+02:00,0.010890919715166092
2026-05-14 16:16:35.866995+02:00,0.013831617310643196
2026-05-14 16:16:35.882620+02:00,0.017060060054063797
2026-05-14 16:16:35.898245+02:00,0.02047826163470745
2026-05-14 16:16:35.913870+02:00,0.02396548166871071
2026-05-14 16:16:35.929495+02:00,0.027393868193030357
2026-05-14 16:16:35.945120+02:00,0.03063811920583248
2026-05-14 16:16:35.960745+02:00,0.033568911254405975
2026-05-14 16:16:35.976370+02:00,0.03602360561490059
2026-05-14 16:16:35.991995+02:00,0.037766922265291214
2026-05-14 16:16:36.007620+02:00,0.03847470134496689
2026-05-14 16:16:36.023245+02:00,0.037766456604003906
2026-05-14 16:16:36.038870+02:00,0.03528222441673279
2026-05-14 16:16:36.054495+02:00,0.030777310952544212
2026-05-14 16:16:36.070120+02:00,0.02420596033334732
2026-05-14 16:16:36.085745+02:00,0.015770237892866135
2026-05-14 16:16:36.101370+02:00,0.005919299088418484
2026-05-14 16:16:36.116995+02:00,-0.00470090052112937
2026-05-14 16:16:36.132620+02:00,-0.015333179384469986
2026-05-14 16:16:36.148245+02:00,-0.025209035724401474
2026-05-14 16:16:36.163870+02:00,-0.03364357352256775
2026-05-14 16:16:36.179495+02:00,-0.04011170566082001
2026-05-14 16:16:36.195120+02:00,-0.04429695010185242
2026-05-14 16:16:36.210745+02:00,-0.046109527349472046
2026-05-14 16:16:36.226370+02:00,-0.04567563906311989
2026-05-14 16:16:36.241995+02:00,-0.04330296441912651
2026-05-14 16:16:36.257620+02:00,-0.03942859545350075
2026-05-14 16:16:36.273245+02:00,-0.03455764427781105
2026-05-14 16:16:36.288870+02:00,-0.02920248918235302
2026-05-14 16:16:36.304495+02:00,-0.023828202858567238
2026-05-14 16:16:36.320120+02:00,-0.018806487321853638
2026-05-14 16:16:36.335745+02:00,-0.014384020119905472
2026-05-14 16:16:36.351370+02:00,-0.010670479387044907
2026-05-14 16:16:36.366995+02:00,-0.007646156940609217
2026-05-14 16:16:36.382620+02:00,-0.005187236703932285
2026-05-14 16:16:36.398245+02:00,-0.003103917231783271
2026-05-14 16:16:36.413870+02:00,-0.0011814329773187637
2026-05-14 16:16:36.429495+02:00,0.0007833465933799744
2026-05-14 16:16:36.445120+02:00,0.002952140523120761
2026-05-14 16:16:36.460745+02:00,0.005426687188446522
2026-05-14 16:16:36.476370+02:00,0.008244199678301811
2026-05-14 16:16:36.491995+02:00,0.011382575146853924
2026-05-14 16:16:36.507620+02:00,0.014770765788853168
2026-05-14 16:16:36.523245+02:00,0.018303556367754936
2026-05-14 16:16:36.538870+02:00,0.021858183667063713
2026-05-14 16:16:36.554495+02:00,0.02530878782272339
2026-05-14 16:16:36.570120+02:00,0.02853837050497532
2026-05-14 16:16:36.585745+02:00,0.03144588693976402
2026-05-14 16:16:36.601370+02:00,0.03393806517124176
2026-05-14 16:16:36.616995+02:00,0.035898808389902115
2026-05-14 16:16:36.632620+02:00,0.03714768588542938
2026-05-14 16:16:36.648245+02:00,0.03741556778550148
2026-05-14 16:16:36.663870+02:00,0.03636455535888672
2026-05-14 16:16:36.679495+02:00,0.0336577408015728
2026-05-14 16:16:36.695120+02:00,0.029054630547761917
2026-05-14 16:16:36.710745+02:00,0.022497592493891716
2026-05-14 16:16:36.726370+02:00,0.014163915067911148
2026-05-14 16:16:36.741995+02:00,0.00447075255215168
2026-05-14 16:16:36.757620+02:00,-0.005967406556010246
2026-05-14 16:16:36.773245+02:00,-0.016419043764472008
2026-05-14 16:16:36.788870+02:00,-0.026135189458727837
2026-05-14 16:16:36.804495+02:00,-0.034444659948349
2026-05-14 16:16:36.820120+02:00,-0.04082821309566498
2026-05-14 16:16:36.835745+02:00,-0.044966477900743484
2026-05-14 16:16:36.851370+02:00,-0.046761684119701385
2026-05-14 16:16:36.866995+02:00,-0.0463324710726738
2026-05-14 16:16:36.882620+02:00,-0.043982312083244324
2026-05-14 16:16:36.898245+02:00,-0.04014934226870537
2026-05-14 16:16:36.913870+02:00,-0.03534768521785736
2026-05-14 16:16:36.929495+02:00,-0.030106041580438614
2026-05-14 16:16:36.945120+02:00,-0.024906547740101814
2026-05-14 16:16:36.960745+02:00,-0.02013087272644043
2026-05-14 16:16:36.976370+02:00,-0.0160258449614048
2026-05-14 16:16:36.991995+02:00,-0.012694569304585457
2026-05-14 16:16:37.007620+02:00,-0.010108351707458496
2026-05-14 16:16:37.023245+02:00,-0.00813327543437481
2026-05-14 16:16:37.038870+02:00,-0.006566105876117945
2026-05-14 16:16:37.054495+02:00,-0.005174137186259031
2026-05-14 16:16:37.070120+02:00,-0.003733630757778883
2026-05-14 16:16:37.085745+02:00,-0.0020608133636415005
2026-05-14 16:16:37.101370+02:00,-3.1076837331056595e-05
2026-05-14 16:16:37.116995+02:00,0.002413158304989338
2026-05-14 16:16:37.132620+02:00,0.005263195373117924
2026-05-14 16:16:37.148245+02:00,0.008452614769339561
2026-05-14 16:16:37.163870+02:00,0.011871954426169395
2026-05-14 16:16:37.179495+02:00,0.015385841019451618
2026-05-14 16:16:37.195120+02:00,0.018850553780794144
2026-05-14 16:16:37.210745+02:00,0.02213098667562008
2026-05-14 16:16:37.226370+02:00,0.025112435221672058
2026-05-14 16:16:37.241995+02:00,0.027697503566741943
2026-05-14 16:16:37.257620+02:00,0.02977965958416462
2026-05-14 16:16:37.273245+02:00,0.031200207769870758
2026-05-14 16:16:37.288870+02:00,0.031717658042907715
2026-05-14 16:16:37.304495+02:00,0.031018946319818497
2026-05-14 16:16:37.320120+02:00,0.02877577766776085
2026-05-14 16:16:37.335745+02:00,0.02472914755344391
2026-05-14 16:16:37.351370+02:00,0.018777741119265556
2026-05-14 16:16:37.366995+02:00,0.011042110621929169
2026-05-14 16:16:37.382620+02:00,0.0018832255154848099
2026-05-14 16:16:37.398245+02:00,-0.008129212073981762
2026-05-14 16:16:37.413870+02:00,-0.018288888037204742
2026-05-14 16:16:37.429495+02:00,-0.027848493307828903
2026-05-14 16:16:37.445120+02:00,-0.03611784800887108
2026-05-14 16:16:37.460745+02:00,-0.042544782161712646
2026-05-14 16:16:37.476370+02:00,-0.04676933214068413
2026-05-14 16:16:37.491995+02:00,-0.0486515536904335
2026-05-14 16:16:37.507620+02:00,-0.048274047672748566
2026-05-14 16:16:37.523245+02:00,-0.045916300266981125
2026-05-14 16:16:37.538870+02:00,-0.04200310260057449
2026-05-14 16:16:37.554495+02:00,-0.03704119473695755
2026-05-14 16:16:37.570120+02:00,-0.031557247042655945
2026-05-14 16:16:37.585745+02:00,-0.026039622724056244
2026-05-14 16:16:37.601370+02:00,-0.020886767655611038
2026-05-14 16:16:37.616995+02:00,-0.01637103781104088
2026-05-14 16:16:37.632620+02:00,-0.012622333131730556
2026-05-14 16:16:37.648245+02:00,-0.009632391855120659
2026-05-14 16:16:37.663870+02:00,-0.0072792875580489635
2026-05-14 16:16:37.679495+02:00,-0.005364479497075081
2026-05-14 16:16:37.695120+02:00,-0.0036539477296173573
2026-05-14 16:16:37.710745+02:00,-0.001918591558933258
2026-05-14 16:16:37.726370+02:00,3.283901605755091e-05
2026-05-14 16:16:37.741995+02:00,0.0023330082185566425
2026-05-14 16:16:37.757620+02:00,0.005046506877988577
2026-05-14 16:16:37.773245+02:00,0.008169659413397312
2026-05-14 16:16:37.788870+02:00,0.011639400385320187
2026-05-14 16:16:37.804495+02:00,0.015349537134170532
2026-05-14 16:16:37.820120+02:00,0.019169114530086517
2026-05-14 16:16:37.835745+02:00,0.022959422320127487
2026-05-14 16:16:37.851370+02:00,0.026586482301354408
2026-05-14 16:16:37.866995+02:00,0.029918944463133812
2026-05-14 16:16:37.882620+02:00,0.03280217573046684
2026-05-14 16:16:37.898245+02:00,0.03501918911933899
2026-05-14 16:16:37.913870+02:00,0.03627052158117294
2026-05-14 16:16:37.929495+02:00,0.03619939461350441
2026-05-14 16:16:37.945120+02:00,0.03446013480424881
2026-05-14 16:16:37.960745+02:00,0.030806610360741615
2026-05-14 16:16:37.976370+02:00,0.025172419846057892
2026-05-14 16:16:37.991995+02:00,0.01771973818540573
2026-05-14 16:16:38.007620+02:00,0.00884486548602581
2026-05-14 16:16:38.023245+02:00,-0.0008603767491877079
2026-05-14 16:16:38.038870+02:00,-0.010683411732316017
2026-05-14 16:16:38.054495+02:00,-0.019885029643774033
2026-05-14 16:16:38.070120+02:00,-0.027793101966381073
2026-05-14 16:16:38.085745+02:00,-0.03388027474284172
2026-05-14 16:16:38.101370+02:00,-0.03781375288963318
2026-05-14 16:16:38.116995+02:00,-0.0394740104675293
2026-05-14 16:16:38.132620+02:00,-0.0389491468667984
2026-05-14 16:16:38.148245+02:00,-0.036509931087493896
2026-05-14 16:16:38.163870+02:00,-0.03256640210747719
2026-05-14 16:16:38.179495+02:00,-0.0276096872985363
2026-05-14 16:16:38.195120+02:00,-0.022147761657834053
2026-05-14 16:16:38.210745+02:00,-0.01664659008383751
2026-05-14 16:16:38.226370+02:00,-0.011484643444418907
2026-05-14 16:16:38.241995+02:00,-0.006922455504536629
2026-05-14 16:16:38.257620+02:00,-0.003088713623583317
2026-05-14 16:16:38.273245+02:00,1.482199877500534e-05
2026-05-14 16:16:38.288870+02:00,0.0024921740405261517
2026-05-14 16:16:38.304495+02:00,0.00452063325792551
2026-05-14 16:16:38.320120+02:00,0.006312205456197262
2026-05-14 16:16:38.335745+02:00,0.008077768608927727
2026-05-14 16:16:38.351370+02:00,0.00999943632632494
2026-05-14 16:16:38.366995+02:00,0.012210140936076641
2026-05-14 16:16:38.382620+02:00,0.014780004508793354
2026-05-14 16:16:38.398245+02:00,0.017712010070681572
2026-05-14 16:16:38.413870+02:00,0.020949479192495346
2026-05-14 16:16:38.429495+02:00,0.02439245581626892
2026-05-14 16:16:38.445120+02:00,0.02791537716984749
2026-05-14 16:16:38.460745+02:00,0.031383246183395386
2026-05-14 16:16:38.476370+02:00,0.03466591611504555
2026-05-14 16:16:38.491995+02:00,0.03764164820313454
2026-05-14 16:16:38.507620+02:00,0.04017908126115799
2026-05-14 16:16:38.523245+02:00,0.042101915925741196
2026-05-14 16:16:38.538870+02:00,0.043160296976566315
2026-05-14 16:16:38.554495+02:00,0.043034639209508896
2026-05-14 16:16:38.570120+02:00,0.041380103677511215
2026-05-14 16:16:38.585745+02:00,0.03790290281176567
2026-05-14 16:16:38.601370+02:00,0.032446399331092834
2026-05-14 16:16:38.616995+02:00,0.025059718638658524
2026-05-14 16:16:38.632620+02:00,0.01603008806705475
2026-05-14 16:16:38.648245+02:00,0.005868882872164249
2026-05-14 16:16:38.663870+02:00,-0.004749604966491461
2026-05-14 16:16:38.679495+02:00,-0.015080941841006279
2026-05-14 16:16:38.695120+02:00,-0.024409562349319458
2026-05-14 16:16:38.710745+02:00,-0.03213440999388695
2026-05-14 16:16:38.726370+02:00,-0.03783009201288223
2026-05-14 16:16:38.741995+02:00,-0.04127858579158783
2026-05-14 16:16:38.757620+02:00,-0.04247259721159935
2026-05-14 16:16:38.773245+02:00,-0.041595812886953354
2026-05-14 16:16:38.788870+02:00,-0.03898528590798378
2026-05-14 16:16:38.804495+02:00,-0.03508053347468376
2026-05-14 16:16:38.820120+02:00,-0.030366674065589905
2026-05-14 16:16:38.835745+02:00,-0.025318900123238564
2026-05-14 16:16:38.851370+02:00,-0.020353002473711967
2026-05-14 16:16:38.866995+02:00,-0.015787431970238686
2026-05-14 16:16:38.882620+02:00,-0.011820798739790916
2026-05-14 16:16:38.898245+02:00,-0.008525921031832695
2026-05-14 16:16:38.913870+02:00,-0.005860671866685152
2026-05-14 16:16:38.929495+02:00,-0.0036930087953805923
2026-05-14 16:16:38.945120+02:00,-0.001835827250033617
2026-05-14 16:16:38.960745+02:00,-8.479272946715355e-05
2026-05-14 16:16:38.976370+02:00,0.0017486689612269402
2026-05-14 16:16:38.991995+02:00,0.00381220574490726
2026-05-14 16:16:39.007620+02:00,0.006196202244609594
2026-05-14 16:16:39.023245+02:00,0.008929520845413208
2026-05-14 16:16:39.038870+02:00,0.011986980214715004
2026-05-14 16:16:39.054495+02:00,0.015301619656383991
2026-05-14 16:16:39.070120+02:00,0.01877642050385475
2026-05-14 16:16:39.085745+02:00,0.022296376526355743
2026-05-14 16:16:39.101370+02:00,0.025740141049027443
2026-05-14 16:16:39.116995+02:00,0.0289814043790102
2026-05-14 16:16:39.132620+02:00,0.03186885267496109
2026-05-14 16:16:39.148245+02:00,0.03419108688831329
2026-05-14 16:16:39.163870+02:00,0.035654183477163315
2026-05-14 16:16:39.179495+02:00,0.03589801862835884
2026-05-14 16:16:39.195120+02:00,0.034554991871118546
2026-05-14 16:16:39.210745+02:00,0.03133546933531761
2026-05-14 16:16:39.226370+02:00,0.026115041226148605
2026-05-14 16:16:39.241995+02:00,0.018995895981788635
2026-05-14 16:16:39.257620+02:00,0.010323715396225452
2026-05-14 16:16:39.273245+02:00,0.0006572902202606201
2026-05-14 16:16:39.288870+02:00,-0.009302236139774323
2026-05-14 16:16:39.304495+02:00,-0.018808800727128983
2026-05-14 16:16:39.320120+02:00,-0.027172382920980453
2026-05-14 16:16:39.335745+02:00,-0.03383876755833626
2026-05-14 16:16:39.351370+02:00,-0.03843796253204346
2026-05-14 16:16:39.366995+02:00,-0.04080641269683838
2026-05-14 16:16:39.382620+02:00,-0.04098762944340706
2026-05-14 16:16:39.398245+02:00,-0.03921108320355415
2026-05-14 16:16:39.413870+02:00,-0.03585139289498329
2026-05-14 16:16:39.429495+02:00,-0.03137343376874924
2026-05-14 16:16:39.445120+02:00,-0.026271549984812737
2026-05-14 16:16:39.460745+02:00,-0.02101198025047779
2026-05-14 16:16:39.476370+02:00,-0.015985868871212006
2026-05-14 16:16:39.491995+02:00,-0.011475984007120132
2026-05-14 16:16:39.507620+02:00,-0.007637900300323963
2026-05-14 16:16:39.523245+02:00,-0.004498668946325779
2026-05-14 16:16:39.538870+02:00,-0.0019747172482311726
2026-05-14 16:16:39.554495+02:00,9.608874097466469e-05
2026-05-14 16:16:39.570120+02:00,0.0019159968942403793
2026-05-14 16:16:39.585745+02:00,0.0036888255272060633
2026-05-14 16:16:39.601370+02:00,0.005589260254055262
2026-05-14 16:16:39.616995+02:00,0.007745473645627499
2026-05-14 16:16:39.632620+02:00,0.01023160107433796
2026-05-14 16:16:39.648245+02:00,0.013065801933407784
2026-05-14 16:16:39.663870+02:00,0.016213832423090935
2026-05-14 16:16:39.679495+02:00,0.019598091021180153
2026-05-14 16:16:39.695120+02:00,0.023112395778298378
2026-05-14 16:16:39.710745+02:00,0.026639774441719055
2026-05-14 16:16:39.726370+02:00,0.030065830796957016
2026-05-14 16:16:39.741995+02:00,0.03328227251768112
2026-05-14 16:16:39.757620+02:00,0.036175355315208435
2026-05-14 16:16:39.773245+02:00,0.038595251739025116
2026-05-14 16:16:39.788870+02:00,0.04032093286514282
2026-05-14 16:16:39.804495+02:00,0.041050493717193604
2026-05-14 16:16:39.820120+02:00,0.04043442755937576
2026-05-14 16:16:39.835745+02:00,0.038145970553159714
2026-05-14 16:16:39.851370+02:00,0.03396789729595184
2026-05-14 16:16:39.866995+02:00,0.027870215475559235
2026-05-14 16:16:39.882620+02:00,0.020054388791322708
2026-05-14 16:16:39.898245+02:00,0.010949094779789448
2026-05-14 16:16:39.913870+02:00,0.001160292886197567
2026-05-14 16:16:39.929495+02:00,-0.008609251119196415
2026-05-14 16:16:39.945120+02:00,-0.01765407808125019
2026-05-14 16:16:39.960745+02:00,-0.025355368852615356
2026-05-14 16:16:39.976370+02:00,-0.0312495157122612
2026-05-14 16:16:39.991995+02:00,-0.03506874293088913
2026-05-14 16:16:40.007620+02:00,-0.036754149943590164
2026-05-14 16:16:40.023245+02:00,-0.036444250494241714
2026-05-14 16:16:40.038870+02:00,-0.03444194048643112
2026-05-14 16:16:40.054495+02:00,-0.031164705753326416
2026-05-14 16:16:40.070120+02:00,-0.027086980640888214
2026-05-14 16:16:40.085745+02:00,-0.02268299274146557
2026-05-14 16:16:40.101370+02:00,-0.018373653292655945
2026-05-14 16:16:40.116995+02:00,-0.014482810162007809
2026-05-14 16:16:40.132620+02:00,-0.011212125420570374
2026-05-14 16:16:40.148245+02:00,-0.008637577295303345
2026-05-14 16:16:40.163870+02:00,-0.006721995770931244
2026-05-14 16:16:40.179495+02:00,-0.005338056478649378
2026-05-14 16:16:40.195120+02:00,-0.0042992765083909035
2026-05-14 16:16:40.210745+02:00,-0.0033942963927984238
2026-05-14 16:16:40.226370+02:00,-0.0024180582258850336
2026-05-14 16:16:40.241995+02:00,-0.001197940669953823
2026-05-14 16:16:40.257620+02:00,0.0003858250565826893
2026-05-14 16:16:40.273245+02:00,0.002389197237789631
2026-05-14 16:16:40.288870+02:00,0.00480475602671504
2026-05-14 16:16:40.304495+02:00,0.007570726331323385
2026-05-14 16:16:40.320120+02:00,0.010585409589111805
2026-05-14 16:16:40.335745+02:00,0.01372448168694973
2026-05-14 16:16:40.351370+02:00,0.016857080161571503
2026-05-14 16:16:40.366995+02:00,0.019855093210935593
2026-05-14 16:16:40.382620+02:00,0.02258620411157608
2026-05-14 16:16:40.398245+02:00,0.024885978549718857
2026-05-14 16:16:40.413870+02:00,0.026525866240262985
2026-05-14 16:16:40.429495+02:00,0.02720581740140915
2026-05-14 16:16:40.445120+02:00,0.026587259024381638
2026-05-14 16:16:40.460745+02:00,0.02436259761452675
2026-05-14 16:16:40.476370+02:00,0.020339936017990112
2026-05-14 16:16:40.491995+02:00,0.014514327049255371
2026-05-14 16:16:40.507620+02:00,0.007104301825165749
2026-05-14 16:16:40.523245+02:00,-0.0014554746448993683
2026-05-14 16:16:40.538870+02:00,-0.010564656928181648
2026-05-14 16:16:40.554495+02:00,-0.019539901986718178
2026-05-14 16:16:40.570120+02:00,-0.027707567438483238
2026-05-14 16:16:40.585745+02:00,-0.03448434919118881
2026-05-14 16:16:40.601370+02:00,-0.03943728655576706
2026-05-14 16:16:40.616995+02:00,-0.04232148826122284
2026-05-14 16:16:40.632620+02:00,-0.04309430718421936
2026-05-14 16:16:40.648245+02:00,-0.04190594330430031
2026-05-14 16:16:40.663870+02:00,-0.03906787559390068
2026-05-14 16:16:40.679495+02:00,-0.03500477224588394
2026-05-14 16:16:40.695120+02:00,-0.030197545886039734
2026-05-14 16:16:40.710745+02:00,-0.025124700739979744
2026-05-14 16:16:40.726370+02:00,-0.020208071917295456
2026-05-14 16:16:40.741995+02:00,-0.01576944813132286
2026-05-14 16:16:40.757620+02:00,-0.01200592890381813
2026-05-14 16:16:40.773245+02:00,-0.008985722437500954
2026-05-14 16:16:40.788870+02:00,-0.0066590458154678345
2026-05-14 16:16:40.804495+02:00,-0.004882131703197956
2026-05-14 16:16:40.820120+02:00,-0.0034529645927250385
2026-05-14 16:16:40.835745+02:00,-0.0021508322097361088
2026-05-14 16:16:40.851370+02:00,-0.0007712757796980441
2026-05-14 16:16:40.866995+02:00,0.0008482894627377391
2026-05-14 16:16:40.882620+02:00,0.002814189065247774
2026-05-14 16:16:40.898245+02:00,0.005171350669115782
2026-05-14 16:16:40.913870+02:00,0.00790465623140335
2026-05-14 16:16:40.929495+02:00,0.010946094058454037
2026-05-14 16:16:40.945120+02:00,0.014188570901751518
2026-05-14 16:16:40.960745+02:00,0.017505217343568802
2026-05-14 16:16:40.976370+02:00,0.020765388384461403
2026-05-14 16:16:40.991995+02:00,0.023835746571421623
2026-05-14 16:16:41.007620+02:00,0.02656037174165249
2026-05-14 16:16:41.023245+02:00,0.02872808650135994
2026-05-14 16:16:41.038870+02:00,0.03005377948284149
2026-05-14 16:16:41.054495+02:00,0.030197666957974434
2026-05-14 16:16:41.070120+02:00,0.028823407366871834
2026-05-14 16:16:41.085745+02:00,0.025679344311356544
2026-05-14 16:16:41.101370+02:00,0.02067834511399269
2026-05-14 16:16:41.116995+02:00,0.013950003311038017
2026-05-14 16:16:41.132620+02:00,0.005849604029208422
2026-05-14 16:16:41.148245+02:00,-0.003077387809753418
2026-05-14 16:16:41.163870+02:00,-0.012166764587163925
2026-05-14 16:16:41.179495+02:00,-0.020725969225168228
2026-05-14 16:16:41.195120+02:00,-0.028122112154960632
2026-05-14 16:16:41.210745+02:00,-0.03385249152779579
2026-05-14 16:16:41.226370+02:00,-0.037592001259326935
2026-05-14 16:16:41.241995+02:00,-0.03921566158533096
2026-05-14 16:16:41.257620+02:00,-0.038796454668045044
2026-05-14 16:16:41.273245+02:00,-0.03658059984445572
2026-05-14 16:16:41.288870+02:00,-0.032944731414318085
2026-05-14 16:16:41.304495+02:00,-0.028342710807919502
2026-05-14 16:16:41.320120+02:00,-0.023249110206961632
2026-05-14 16:16:41.335745+02:00,-0.01810435578227043
2026-05-14 16:16:41.351370+02:00,-0.013269007205963135
2026-05-14 16:16:41.366995+02:00,-0.008993582800030708
2026-05-14 16:16:41.382620+02:00,-0.0054047126322984695
2026-05-14 16:16:41.398245+02:00,-0.0025083040818572044
2026-05-14 16:16:41.413870+02:00,-0.00020949449390172958
2026-05-14 16:16:41.429495+02:00,0.0016563772223889828
2026-05-14 16:16:41.445120+02:00,0.003288084175437689
2026-05-14 16:16:41.460745+02:00,0.0048841750249266624
2026-05-14 16:16:41.476370+02:00,0.006615731865167618
2026-05-14 16:16:41.491995+02:00,0.008607259020209312
2026-05-14 16:16:41.507620+02:00,0.010925429873168468
2026-05-14 16:16:41.523245+02:00,0.013577073812484741
2026-05-14 16:16:41.538870+02:00,0.016515951603651047
2026-05-14 16:16:41.554495+02:00,0.019655998796224594
2026-05-14 16:16:41.570120+02:00,0.022887907922267914
2026-05-14 16:16:41.585745+02:00,0.026092728599905968
2026-05-14 16:16:41.601370+02:00,0.02914493903517723
2026-05-14 16:16:41.616995+02:00,0.031899262219667435
2026-05-14 16:16:41.632620+02:00,0.034161947667598724
2026-05-14 16:16:41.648245+02:00,0.035665154457092285
2026-05-14 16:16:41.663870+02:00,0.036073654890060425
2026-05-14 16:16:41.679495+02:00,0.0350363589823246
2026-05-14 16:16:41.695120+02:00,0.032268401235342026
2026-05-14 16:16:41.710745+02:00,0.027635876089334488
2026-05-14 16:16:41.726370+02:00,0.02121639810502529
2026-05-14 16:16:41.741995+02:00,0.013318088836967945
2026-05-14 16:16:41.757620+02:00,0.0044525121338665485
2026-05-14 16:16:41.773245+02:00,-0.0047310516238212585
2026-05-14 16:16:41.788870+02:00,-0.013534381054341793
2026-05-14 16:16:41.804495+02:00,-0.02130237966775894
2026-05-14 16:16:41.820120+02:00,-0.02750120870769024
2026-05-14 16:16:41.835745+02:00,-0.031772539019584656
2026-05-14 16:16:41.851370+02:00,-0.03395954892039299
2026-05-14 16:16:41.866995+02:00,-0.03410486876964569
2026-05-14 16:16:41.882620+02:00,-0.03242558613419533
2026-05-14 16:16:41.898245+02:00,-0.02927272953093052
2026-05-14 16:16:41.913870+02:00,-0.025080803781747818
2026-05-14 16:16:41.929495+02:00,-0.020312584936618805
2026-05-14 16:16:41.945120+02:00,-0.015407073311507702
2026-05-14 16:16:41.960745+02:00,-0.010736092925071716
2026-05-14 16:16:41.976370+02:00,-0.006571632344275713
2026-05-14 16:16:41.991995+02:00,-0.0030680117197334766
2026-05-14 16:16:42.007620+02:00,-0.0002606511116027832
2026-05-14 16:16:42.023245+02:00,0.0019218036904931068
2026-05-14 16:16:42.038870+02:00,0.003632619045674801
2026-05-14 16:16:42.054495+02:00,0.005070231854915619
2026-05-14 16:16:42.070120+02:00,0.006438945420086384
2026-05-14 16:16:42.085745+02:00,0.007916595786809921
2026-05-14 16:16:42.101370+02:00,0.009632684290409088
2026-05-14 16:16:42.116995+02:00,0.011658652685582638
2026-05-14 16:16:42.132620+02:00,0.01400807499885559
2026-05-14 16:16:42.148245+02:00,0.016641737893223763
2026-05-14 16:16:42.163870+02:00,0.019478101283311844
2026-05-14 16:16:42.179495+02:00,0.022410385310649872
2026-05-14 16:16:42.195120+02:00,0.025324206799268723
2026-05-14 16:16:42.210745+02:00,0.02810792252421379
2026-05-14 16:16:42.226370+02:00,0.030648572370409966
2026-05-14 16:16:42.241995+02:00,0.03280734270811081
2026-05-14 16:16:42.257620+02:00,0.03438322991132736
2026-05-14 16:16:42.273245+02:00,0.03509384021162987
2026-05-14 16:16:42.288870+02:00,0.03459998220205307
2026-05-14 16:16:42.304495+02:00,0.03257374092936516
2026-05-14 16:16:42.320120+02:00,0.028785264119505882
2026-05-14 16:16:42.335745+02:00,0.023179979994893074
2026-05-14 16:16:42.351370+02:00,0.01592554897069931
2026-05-14 16:16:42.366995+02:00,0.007415191736072302
2026-05-14 16:16:42.382620+02:00,-0.0017755941953510046
2026-05-14 16:16:42.398245+02:00,-0.010968304239213467
2026-05-14 16:16:42.413870+02:00,-0.01947636529803276
2026-05-14 16:16:42.429495+02:00,-0.026694495230913162
2026-05-14 16:16:42.445120+02:00,-0.03216714411973953
2026-05-14 16:16:42.460745+02:00,-0.03562762588262558
2026-05-14 16:16:42.476370+02:00,-0.037008341401815414
2026-05-14 16:16:42.491995+02:00,-0.03642783313989639
2026-05-14 16:16:42.507620+02:00,-0.03415931388735771
2026-05-14 16:16:42.523245+02:00,-0.030586019158363342
2026-05-14 16:16:42.538870+02:00,-0.026149872690439224
2026-05-14 16:16:42.554495+02:00,-0.02129940316081047
2026-05-14 16:16:42.570120+02:00,-0.016443071886897087
2026-05-14 16:16:42.585745+02:00,-0.011912367306649685
2026-05-14 16:16:42.601370+02:00,-0.007936019450426102
2026-05-14 16:16:42.616995+02:00,-0.00462782196700573
2026-05-14 16:16:42.632620+02:00,-0.0019909192342311144
2026-05-14 16:16:42.648245+02:00,6.33142190054059e-05
2026-05-14 16:16:42.663870+02:00,0.001686242874711752
2026-05-14 16:16:42.679495+02:00,0.0030592563562095165
2026-05-14 16:16:42.695120+02:00,0.004364273976534605
2026-05-14 16:16:42.710745+02:00,0.005758669227361679
2026-05-14 16:16:42.726370+02:00,0.007355766836553812
2026-05-14 16:16:42.741995+02:00,0.009215665981173515
2026-05-14 16:16:42.757620+02:00,0.01134614460170269
2026-05-14 16:16:42.773245+02:00,0.0137095358222723
2026-05-14 16:16:42.788870+02:00,0.016233477741479874
2026-05-14 16:16:42.804495+02:00,0.018824107944965363
2026-05-14 16:16:42.820120+02:00,0.021380089223384857
2026-05-14 16:16:42.835745+02:00,0.023804131895303726
2026-05-14 16:16:42.851370+02:00,0.026006076484918594
2026-05-14 16:16:42.866995+02:00,0.027890926226973534
2026-05-14 16:16:42.882620+02:00,0.02932930551469326
2026-05-14 16:16:42.898245+02:00,0.030123673379421234
2026-05-14 16:16:42.913870+02:00,0.02999984100461006
2026-05-14 16:16:42.929495+02:00,0.02864367514848709
2026-05-14 16:16:42.945120+02:00,0.02577364072203636
2026-05-14 16:16:42.960745+02:00,0.021223537623882294
2026-05-14 16:16:42.976370+02:00,0.015010112896561623
2026-05-14 16:16:42.991995+02:00,0.007366308942437172
2026-05-14 16:16:43.007620+02:00,-0.0012699402868747711
2026-05-14 16:16:43.023245+02:00,-0.010310429148375988
2026-05-14 16:16:43.038870+02:00,-0.019100332632660866
2026-05-14 16:16:43.054495+02:00,-0.0270078107714653
2026-05-14 16:16:43.070120+02:00,-0.03350118175148964
2026-05-14 16:16:43.085745+02:00,-0.03820466995239258
2026-05-14 16:16:43.101370+02:00,-0.04092935845255852
2026-05-14 16:16:43.116995+02:00,-0.04167775437235832
2026-05-14 16:16:43.132620+02:00,-0.0406237430870533
2026-05-14 16:16:43.148245+02:00,-0.038076430559158325
2026-05-14 16:16:43.163870+02:00,-0.03443514555692673
2026-05-14 16:16:43.179495+02:00,-0.030138593167066574
2026-05-14 16:16:43.195120+02:00,-0.025614874437451363
2026-05-14 16:16:43.210745+02:00,-0.02123769372701645
2026-05-14 16:16:43.226370+02:00,-0.017290303483605385
2026-05-14 16:16:43.241995+02:00,-0.013942372053861618
2026-05-14 16:16:43.257620+02:00,-0.011244471184909344
2026-05-14 16:16:43.273245+02:00,-0.009140265174210072
2026-05-14 16:16:43.288870+02:00,-0.007493101060390472
2026-05-14 16:16:43.304495+02:00,-0.006119242869317532
2026-05-14 16:16:43.320120+02:00,-0.004821839276701212
2026-05-14 16:16:43.335745+02:00,-0.003423152957111597
2026-05-14 16:16:43.351370+02:00,-0.0017883419059216976
2026-05-14 16:16:43.366995+02:00,0.00016407936345785856
2026-05-14 16:16:43.382620+02:00,0.002460939809679985
2026-05-14 16:16:43.398245+02:00,0.00507780397310853
2026-05-14 16:16:43.413870+02:00,0.007947072386741638
2026-05-14 16:16:43.429495+02:00,0.010970537550747395
2026-05-14 16:16:43.445120+02:00,0.014034471474587917
2026-05-14 16:16:43.460745+02:00,0.017024170607328415
2026-05-14 16:16:43.476370+02:00,0.019833574071526527
2026-05-14 16:16:43.491995+02:00,0.022362930700182915
2026-05-14 16:16:43.507620+02:00,0.024496685713529587
2026-05-14 16:16:43.523245+02:00,0.026068326085805893
2026-05-14 16:16:43.538870+02:00,0.02683907374739647
2026-05-14 16:16:43.554495+02:00,0.026514003053307533
2026-05-14 16:16:43.570120+02:00,0.0247968602925539
2026-05-14 16:16:43.585745+02:00,0.021467315033078194
2026-05-14 16:16:43.601370+02:00,0.01645631343126297
2026-05-14 16:16:43.616995+02:00,0.009896202944219112
2026-05-14 16:16:43.632620+02:00,0.0021302630193531513
2026-05-14 16:16:43.648245+02:00,-0.006322979461401701
2026-05-14 16:16:43.663870+02:00,-0.014840757474303246
2026-05-14 16:16:43.679495+02:00,-0.02278207428753376
2026-05-14 16:16:43.695120+02:00,-0.02957003191113472
2026-05-14 16:16:43.710745+02:00,-0.034756243228912354
2026-05-14 16:16:43.726370+02:00,-0.03806095942854881
2026-05-14 16:16:43.741995+02:00,-0.039390917867422104
2026-05-14 16:16:43.757620+02:00,-0.03883576765656471
2026-05-14 16:16:43.773245+02:00,-0.03664393350481987
2026-05-14 16:16:43.788870+02:00,-0.03318255767226219
2026-05-14 16:16:43.804495+02:00,-0.028885195031762123
2026-05-14 16:16:43.820120+02:00,-0.024194808676838875
2026-05-14 16:16:43.835745+02:00,-0.019513331353664398
2026-05-14 16:16:43.851370+02:00,-0.015162669122219086
2026-05-14 16:16:43.866995+02:00,-0.011357842944562435
2026-05-14 16:16:43.882620+02:00,-0.008195728063583374
2026-05-14 16:16:43.898245+02:00,-0.005661409813910723
2026-05-14 16:16:43.913870+02:00,-0.0036502061411738396
2026-05-14 16:16:43.929495+02:00,-0.0019994541071355343
2026-05-14 16:16:43.945120+02:00,-0.0005214661359786987
2026-05-14 16:16:43.960745+02:00,0.0009677344933152199
2026-05-14 16:16:43.976370+02:00,0.002625151537358761
2026-05-14 16:16:43.991995+02:00,0.004563603550195694
2026-05-14 16:16:44.007620+02:00,0.006841656751930714
2026-05-14 16:16:44.023245+02:00,0.00946200080215931
2026-05-14 16:16:44.038870+02:00,0.012378380633890629
2026-05-14 16:16:44.054495+02:00,0.015507632866501808
2026-05-14 16:16:44.070120+02:00,0.01874273642897606
2026-05-14 16:16:44.085745+02:00,0.021966105327010155
2026-05-14 16:16:44.101370+02:00,0.025059416890144348
2026-05-14 16:16:44.116995+02:00,0.027899740263819695
2026-05-14 16:16:44.132620+02:00,0.03033646196126938
2026-05-14 16:16:44.148245+02:00,0.0321618877351284
2026-05-14 16:16:44.163870+02:00,0.03310072794556618
2026-05-14 16:16:44.179495+02:00,0.032834652811288834
2026-05-14 16:16:44.195120+02:00,0.031060541048645973
2026-05-14 16:16:44.210745+02:00,0.027568385004997253
2026-05-14 16:16:44.226370+02:00,0.022315649315714836
2026-05-14 16:16:44.241995+02:00,0.01547323539853096
2026-05-14 16:16:44.257620+02:00,0.007427514530718327
2026-05-14 16:16:44.273245+02:00,-0.0012630487326532602
2026-05-14 16:16:44.288870+02:00,-0.009944615885615349
2026-05-14 16:16:44.304495+02:00,-0.01795925199985504
2026-05-14 16:16:44.320120+02:00,-0.02473011054098606
2026-05-14 16:16:44.335745+02:00,-0.0298225786536932
2026-05-14 16:16:44.351370+02:00,-0.03297848254442215
2026-05-14 16:16:44.366995+02:00,-0.03412945568561554
2026-05-14 16:16:44.382620+02:00,-0.03338854759931564
2026-05-14 16:16:44.398245+02:00,-0.031020089983940125
2026-05-14 16:16:44.413870+02:00,-0.027396511286497116
2026-05-14 16:16:44.429495+02:00,-0.022949477657675743
2026-05-14 16:16:44.445120+02:00,-0.01811828464269638
2026-05-14 16:16:44.460745+02:00,-0.013300901278853416
2026-05-14 16:16:44.476370+02:00,-0.008815557695925236
2026-05-14 16:16:44.491995+02:00,-0.004876646213233471
2026-05-14 16:16:44.507620+02:00,-0.0015844544395804405
2026-05-14 16:16:44.523245+02:00,0.0010700207203626633
2026-05-14 16:16:44.538870+02:00,0.0031854473054409027
2026-05-14 16:16:44.554495+02:00,0.004922030493617058
2026-05-14 16:16:44.570120+02:00,0.006470412947237492
2026-05-14 16:16:44.585745+02:00,0.008019508793950081
2026-05-14 16:16:44.601370+02:00,0.00972752645611763
2026-05-14 16:16:44.616995+02:00,0.011702722869813442
2026-05-14 16:16:44.632620+02:00,0.01399603858590126
2026-05-14 16:16:44.648245+02:00,0.016601894050836563
2026-05-14 16:16:44.663870+02:00,0.019464371725916862
2026-05-14 16:16:44.679495+02:00,0.022489367052912712
2026-05-14 16:16:44.695120+02:00,0.025561384856700897
2026-05-14 16:16:44.710745+02:00,0.028560452163219452
2026-05-14 16:16:44.726370+02:00,0.03137463331222534
2026-05-14 16:16:44.741995+02:00,0.03390365466475487
2026-05-14 16:16:44.757620+02:00,0.03604498878121376
2026-05-14 16:16:44.773245+02:00,0.03765975683927536
2026-05-14 16:16:44.788870+02:00,0.03853969648480415
2026-05-14 16:16:44.804495+02:00,0.038405075669288635
2026-05-14 16:16:44.820120+02:00,0.03694360330700874
2026-05-14 16:16:44.835745+02:00,0.03387952595949173
2026-05-14 16:16:44.851370+02:00,0.029053278267383575
2026-05-14 16:16:44.866995+02:00,0.022489923983812332
2026-05-14 16:16:44.882620+02:00,0.014434565789997578
2026-05-14 16:16:44.898245+02:00,0.005340260919183493
2026-05-14 16:16:44.913870+02:00,-0.004188754130154848
2026-05-14 16:16:44.929495+02:00,-0.013480054214596748
2026-05-14 16:16:44.945120+02:00,-0.021882373839616776
2026-05-14 16:16:44.960745+02:00,-0.028845585882663727
2026-05-14 16:16:44.976370+02:00,-0.03397832438349724
2026-05-14 16:16:44.991995+02:00,-0.03707796707749367
2026-05-14 16:16:45.007620+02:00,-0.038135264068841934
2026-05-14 16:16:45.023245+02:00,-0.0373167023062706
2026-05-14 16:16:45.038870+02:00,-0.03492789342999458
2026-05-14 16:16:45.054495+02:00,-0.03136603906750679
2026-05-14 16:16:45.070120+02:00,-0.027070369571447372
2026-05-14 16:16:45.085745+02:00,-0.02247335948050022
2026-05-14 16:16:45.101370+02:00,-0.017955243587493896
2026-05-14 16:16:45.116995+02:00,-0.013808764517307281
2026-05-14 16:16:45.132620+02:00,-0.010219063609838486
2026-05-14 16:16:45.148245+02:00,-0.007259325124323368
2026-05-14 16:16:45.163870+02:00,-0.004899757914245129
2026-05-14 16:16:45.179495+02:00,-0.0030264481902122498
2026-05-14 16:16:45.195120+02:00,-0.0014688093215227127
2026-05-14 16:16:45.210745+02:00,-3.319978713989258e-05
2026-05-14 16:16:45.226370+02:00,0.0014646882191300392
2026-05-14 16:16:45.241995+02:00,0.0031754020601511
2026-05-14 16:16:45.257620+02:00,0.005199447274208069
2026-05-14 16:16:45.273245+02:00,0.007577945478260517
2026-05-14 16:16:45.288870+02:00,0.010293330997228622
2026-05-14 16:16:45.304495+02:00,0.013281446881592274
2026-05-14 16:16:45.320120+02:00,0.01644878089427948
2026-05-14 16:16:45.335745+02:00,0.019686384126544
2026-05-14 16:16:45.351370+02:00,0.022878915071487427
2026-05-14 16:16:45.366995+02:00,0.02591240406036377
2026-05-14 16:16:45.382620+02:00,0.02867678552865982
2026-05-14 16:16:45.398245+02:00,0.031050408259034157
2026-05-14 16:16:45.413870+02:00,0.03286687657237053
2026-05-14 16:16:45.429495+02:00,0.03388996422290802
2026-05-14 16:16:45.445120+02:00,0.03382173925638199
2026-05-14 16:16:45.460745+02:00,0.032347600907087326
2026-05-14 16:16:45.476370+02:00,0.029208200052380562
2026-05-14 16:16:45.491995+02:00,0.02427934668958187
2026-05-14 16:16:45.507620+02:00,0.017634503543376923
2026-05-14 16:16:45.523245+02:00,0.009568336419761181
2026-05-14 16:16:45.538870+02:00,0.000572573859244585
2026-05-14 16:16:45.554495+02:00,-0.00872818287461996
2026-05-14 16:16:45.570120+02:00,-0.017661768943071365
2026-05-14 16:16:45.585745+02:00,-0.02559487894177437
2026-05-14 16:16:45.601370+02:00,-0.03200562670826912
2026-05-14 16:16:45.616995+02:00,-0.0365343913435936
2026-05-14 16:16:45.632620+02:00,-0.03901056572794914
2026-05-14 16:16:45.648245+02:00,-0.039455316960811615
2026-05-14 16:16:45.663870+02:00,-0.03806285560131073
2026-05-14 16:16:45.679495+02:00,-0.035164982080459595
2026-05-14 16:16:45.695120+02:00,-0.031184135004878044
2026-05-14 16:16:45.710745+02:00,-0.026580190286040306
2026-05-14 16:16:45.726370+02:00,-0.02179616503417492
2026-05-14 16:16:45.741995+02:00,-0.01720920391380787
2026-05-14 16:16:45.757620+02:00,-0.013095076195895672
2026-05-14 16:16:45.773245+02:00,-0.009611411951482296
2026-05-14 16:16:45.788870+02:00,-0.00679877121001482
2026-05-14 16:16:45.804495+02:00,-0.004595478065311909
2026-05-14 16:16:45.820120+02:00,-0.00286187999881804
2026-05-14 16:16:45.835745+02:00,-0.0014107050374150276
2026-05-14 16:16:45.851370+02:00,-4.0804967284202576e-05
2026-05-14 16:16:45.866995+02:00,0.0014312001876533031
2026-05-14 16:16:45.882620+02:00,0.0031478945165872574
2026-05-14 16:16:45.898245+02:00,0.005197095684707165
2026-05-14 16:16:45.913870+02:00,0.00760479224845767
2026-05-14 16:16:45.929495+02:00,0.010337216779589653
2026-05-14 16:16:45.945120+02:00,0.01331329345703125
2026-05-14 16:16:45.960745+02:00,0.01642356440424919
2026-05-14 16:16:45.976370+02:00,0.01954929158091545
2026-05-14 16:16:45.991995+02:00,0.02257576212286949
2026-05-14 16:16:46.007620+02:00,0.025398308411240578
2026-05-14 16:16:46.023245+02:00,0.027919158339500427
2026-05-14 16:16:46.038870+02:00,0.03002685122191906
2026-05-14 16:16:46.054495+02:00,0.03155999258160591
2026-05-14 16:16:46.070120+02:00,0.03228132799267769
2026-05-14 16:16:46.085745+02:00,0.03188891336321831
2026-05-14 16:16:46.101370+02:00,0.030067358165979385
2026-05-14 16:16:46.116995+02:00,0.026565205305814743
2026-05-14 16:16:46.132620+02:00,0.021276570856571198
2026-05-14 16:16:46.148245+02:00,0.014299677684903145
2026-05-14 16:16:46.163870+02:00,0.005952583625912666
2026-05-14 16:16:46.179495+02:00,-0.0032553113996982574
2026-05-14 16:16:46.195120+02:00,-0.012685248628258705
2026-05-14 16:16:46.210745+02:00,-0.021652422845363617
2026-05-14 16:16:46.226370+02:00,-0.02951555885374546
2026-05-14 16:16:46.241995+02:00,-0.03575390577316284
2026-05-14 16:16:46.257620+02:00,-0.04001913219690323
2026-05-14 16:16:46.273245+02:00,-0.0421600416302681
2026-05-14 16:16:46.288870+02:00,-0.04222268983721733
2026-05-14 16:16:46.304495+02:00,-0.04043016582727432
2026-05-14 16:16:46.320120+02:00,-0.037146568298339844
2026-05-14 16:16:46.335745+02:00,-0.032827362418174744
2026-05-14 16:16:46.351370+02:00,-0.027959518134593964
2026-05-14 16:16:46.366995+02:00,-0.023000093176960945
2026-05-14 16:16:46.382620+02:00,-0.01832537166774273
2026-05-14 16:16:46.398245+02:00,-0.014198350720107555
2026-05-14 16:16:46.413870+02:00,-0.010755185969173908
2026-05-14 16:16:46.429495+02:00,-0.008009376004338264
2026-05-14 16:16:46.445120+02:00,-0.005871341563761234
2026-05-14 16:16:46.460745+02:00,-0.004177362658083439
2026-05-14 16:16:46.476370+02:00,-0.0027232905849814415
2026-05-14 16:16:46.491995+02:00,-0.0012995891738682985
2026-05-14 16:16:46.507620+02:00,0.0002779243513941765
2026-05-14 16:16:46.523245+02:00,0.0021445942111313343
2026-05-14 16:16:46.538870+02:00,0.004372145514935255
2026-05-14 16:16:46.554495+02:00,0.006966572254896164
2026-05-14 16:16:46.570120+02:00,0.009879095479846
2026-05-14 16:16:46.585745+02:00,0.013023879379034042
2026-05-14 16:16:46.601370+02:00,0.016294706612825394
2026-05-14 16:16:46.616995+02:00,0.01957627385854721
2026-05-14 16:16:46.632620+02:00,0.02274869754910469
2026-05-14 16:16:46.648245+02:00,0.025679826736450195
2026-05-14 16:16:46.663870+02:00,0.028200246393680573
2026-05-14 16:16:46.679495+02:00,0.030073257163167
2026-05-14 16:16:46.695120+02:00,0.030986802652478218
2026-05-14 16:16:46.710745+02:00,0.03058568201959133
2026-05-14 16:16:46.726370+02:00,0.02854078821837902
2026-05-14 16:16:46.741995+02:00,0.024635009467601776
2026-05-14 16:16:46.757620+02:00,0.01883908174932003
2026-05-14 16:16:46.773245+02:00,0.011353722773492336
2026-05-14 16:16:46.788870+02:00,0.002605103887617588
2026-05-14 16:16:46.804495+02:00,-0.006803653668612242
2026-05-14 16:16:46.820120+02:00,-0.016171341761946678
2026-05-14 16:16:46.835745+02:00,-0.024791354313492775
2026-05-14 16:16:46.851370+02:00,-0.03204035386443138
2026-05-14 16:16:46.866995+02:00,-0.03744664788246155
2026-05-14 16:16:46.882620+02:00,-0.040731217712163925
2026-05-14 16:16:46.898245+02:00,-0.04182381555438042
2026-05-14 16:16:46.913870+02:00,-0.04085681959986687
2026-05-14 16:16:46.929495+02:00,-0.038136452436447144
2026-05-14 16:16:46.945120+02:00,-0.03409416228532791
2026-05-14 16:16:46.960745+02:00,-0.029226355254650116
2026-05-14 16:16:46.976370+02:00,-0.02403278462588787
2026-05-14 16:16:46.991995+02:00,-0.01896008662879467
2026-05-14 16:16:47.007620+02:00,-0.014354855753481388
2026-05-14 16:16:47.023245+02:00,-0.0104338638484478
2026-05-14 16:16:47.038870+02:00,-0.007277114316821098
2026-05-14 16:16:47.054495+02:00,-0.004842493683099747
2026-05-14 16:16:47.070120+02:00,-0.0029942942783236504
2026-05-14 16:16:47.085745+02:00,-0.001536330208182335
2026-05-14 16:16:47.101370+02:00,-0.0002459809184074402
2026-05-14 16:16:47.116995+02:00,0.0010923836380243301
2026-05-14 16:16:47.132620+02:00,0.0026592575013637543
2026-05-14 16:16:47.148245+02:00,0.0045801736414432526
2026-05-14 16:16:47.163870+02:00,0.006915856618434191
2026-05-14 16:16:47.179495+02:00,0.009664815850555897
2026-05-14 16:16:47.195120+02:00,0.012775375507771969
2026-05-14 16:16:47.210745+02:00,0.01615988463163376
2026-05-14 16:16:47.226370+02:00,0.019708309322595596
2026-05-14 16:16:47.241995+02:00,0.023300811648368835
2026-05-14 16:16:47.257620+02:00,0.0268123559653759
2026-05-14 16:16:47.273245+02:00,0.030096285045146942
2026-05-14 16:16:47.288870+02:00,0.03294682502746582
2026-05-14 16:16:47.304495+02:00,0.03506796061992645
2026-05-14 16:16:47.320120+02:00,0.03608216345310211
2026-05-14 16:16:47.335745+02:00,0.035587433725595474
2026-05-14 16:16:47.351370+02:00,0.03324586898088455
2026-05-14 16:16:47.366995+02:00,0.028877099975943565
2026-05-14 16:16:47.382620+02:00,0.02252850867807865
2026-05-14 16:16:47.398245+02:00,0.014500221237540245
2026-05-14 16:16:47.413870+02:00,0.005319004412740469
2026-05-14 16:16:47.429495+02:00,-0.004329230636358261
2026-05-14 16:16:47.445120+02:00,-0.013692900538444519
2026-05-14 16:16:47.460745+02:00,-0.02205522172152996
2026-05-14 16:16:47.476370+02:00,-0.02882118709385395
2026-05-14 16:16:47.491995+02:00,-0.033578451722860336
2026-05-14 16:16:47.507620+02:00,-0.03612777590751648
2026-05-14 16:16:47.523245+02:00,-0.03648344799876213
2026-05-14 16:16:47.538870+02:00,-0.034850019961595535
2026-05-14 16:16:47.554495+02:00,-0.0315823070704937
2026-05-14 16:16:47.570120+02:00,-0.02713295817375183
2026-05-14 16:16:47.585745+02:00,-0.021993424743413925
2026-05-14 16:16:47.601370+02:00,-0.016635769978165627
2026-05-14 16:16:47.616995+02:00,-0.011462017893791199
2026-05-14 16:16:47.632620+02:00,-0.0067673334851861
2026-05-14 16:16:47.648245+02:00,-0.0027214745059609413
2026-05-14 16:16:47.663870+02:00,0.0006307074800133705
2026-05-14 16:16:47.679495+02:00,0.0033530956134200096
2026-05-14 16:16:47.695120+02:00,0.005592175759375095
2026-05-14 16:16:47.710745+02:00,0.00754387304186821
2026-05-14 16:16:47.726370+02:00,0.0094153406098485
2026-05-14 16:16:47.741995+02:00,0.011389501392841339
2026-05-14 16:16:47.757620+02:00,0.013601072132587433
2026-05-14 16:16:47.773245+02:00,0.01612601988017559
2026-05-14 16:16:47.788870+02:00,0.0189809650182724
2026-05-14 16:16:47.804495+02:00,0.02212863229215145
2026-05-14 16:16:47.820120+02:00,0.025488557294011116
2026-05-14 16:16:47.835745+02:00,0.028952285647392273
2026-05-14 16:16:47.851370+02:00,0.03239968419075012
2026-05-14 16:16:47.866995+02:00,0.03571275621652603
2026-05-14 16:16:47.882620+02:00,0.03877968341112137
2026-05-14 16:16:47.898245+02:00,0.04147813469171524
2026-05-14 16:16:47.913870+02:00,0.04363817721605301
2026-05-14 16:16:47.929495+02:00,0.04500870779156685
2026-05-14 16:16:47.945120+02:00,0.0452582947909832
2026-05-14 16:16:47.960745+02:00,0.044020019471645355
2026-05-14 16:16:47.976370+02:00,0.04096804931759834
2026-05-14 16:16:47.991995+02:00,0.03590543195605278
2026-05-14 16:16:48.007620+02:00,0.028838329017162323
2026-05-14 16:16:48.023245+02:00,0.020014680922031403
2026-05-14 16:16:48.038870+02:00,0.009915350005030632
2026-05-14 16:16:48.054495+02:00,-0.0008013066835701466
2026-05-14 16:16:48.070120+02:00,-0.011386209167540073
2026-05-14 16:16:48.085745+02:00,-0.02109670452773571
2026-05-14 16:16:48.101370+02:00,-0.029286840930581093
2026-05-14 16:16:48.116995+02:00,-0.03547665849328041
2026-05-14 16:16:48.132620+02:00,-0.039392612874507904
2026-05-14 16:16:48.148245+02:00,-0.04098007455468178
2026-05-14 16:16:48.163870+02:00,-0.04039071872830391
2026-05-14 16:16:48.179495+02:00,-0.037947870790958405
2026-05-14 16:16:48.195120+02:00,-0.034095752984285355
2026-05-14 16:16:48.210745+02:00,-0.029339497908949852
2026-05-14 16:16:48.226370+02:00,-0.024183541536331177
2026-05-14 16:16:48.241995+02:00,-0.01907643862068653
2026-05-14 16:16:48.257620+02:00,-0.014367622323334217
2026-05-14 16:16:48.273245+02:00,-0.010279856622219086
2026-05-14 16:16:48.288870+02:00,-0.006900896783918142
2026-05-14 16:16:48.304495+02:00,-0.004194560460746288
2026-05-14 16:16:48.320120+02:00,-0.0020275418646633625
2026-05-14 16:16:48.335745+02:00,-0.0002063959836959839
2026-05-14 16:16:48.351370+02:00,0.0014834478497505188
2026-05-14 16:16:48.366995+02:00,0.0032432042062282562
2026-05-14 16:16:48.382620+02:00,0.005232746247202158
2026-05-14 16:16:48.398245+02:00,0.007552187889814377
2026-05-14 16:16:48.413870+02:00,0.010236306115984917
2026-05-14 16:16:48.429495+02:00,0.013258888386189938
2026-05-14 16:16:48.445120+02:00,0.01654297113418579
2026-05-14 16:16:48.460745+02:00,0.01997624710202217
2026-05-14 16:16:48.476370+02:00,0.023428741842508316
2026-05-14 16:16:48.491995+02:00,0.026765407994389534
2026-05-14 16:16:48.507620+02:00,0.02984314225614071
2026-05-14 16:16:48.523245+02:00,0.03248582407832146
2026-05-14 16:16:48.538870+02:00,0.03444940224289894
2026-05-14 16:16:48.554495+02:00,0.03540680930018425
2026-05-14 16:16:48.570120+02:00,0.034976717084646225
2026-05-14 16:16:48.585745+02:00,0.03279437497258186
2026-05-14 16:16:48.601370+02:00,0.02860167622566223
2026-05-14 16:16:48.616995+02:00,0.0223284512758255
2026-05-14 16:16:48.632620+02:00,0.014142544008791447
2026-05-14 16:16:48.648245+02:00,0.00445479154586792
2026-05-14 16:16:48.663870+02:00,-0.006123282015323639
2026-05-14 16:16:48.679495+02:00,-0.016857760027050972
2026-05-14 16:16:48.695120+02:00,-0.026987500488758087
2026-05-14 16:16:48.710745+02:00,-0.03581719845533371
2026-05-14 16:16:48.726370+02:00,-0.04279368743300438
2026-05-14 16:16:48.741995+02:00,-0.047556739300489426
2026-05-14 16:16:48.757620+02:00,-0.049962036311626434
2026-05-14 16:16:48.773245+02:00,-0.050079505890607834
2026-05-14 16:16:48.788870+02:00,-0.048169661313295364
2026-05-14 16:16:48.804495+02:00,-0.044637951999902725
2026-05-14 16:16:48.820120+02:00,-0.03997424989938736
2026-05-14 16:16:48.835745+02:00,-0.03469087928533554
2026-05-14 16:16:48.851370+02:00,-0.029266823083162308
2026-05-14 16:16:48.866995+02:00,-0.024100463837385178
2026-05-14 16:16:48.882620+02:00,-0.01947460137307644
2026-05-14 16:16:48.898245+02:00,-0.015539787709712982
2026-05-14 16:16:48.913870+02:00,-0.012318149209022522
2026-05-14 16:16:48.929495+02:00,-0.009722976945340633
2026-05-14 16:16:48.945120+02:00,-0.00758837815374136
2026-05-14 16:16:48.960745+02:00,-0.005705190822482109
2026-05-14 16:16:48.976370+02:00,-0.0038588433526456356
2026-05-14 16:16:48.991995+02:00,-0.0018628102261573076
2026-05-14 16:16:49.007620+02:00,0.00041852425783872604
2026-05-14 16:16:49.023245+02:00,0.0030587208457291126
2026-05-14 16:16:49.038870+02:00,0.006067452486604452
2026-05-14 16:16:49.054495+02:00,0.009396570734679699
2026-05-14 16:16:49.070120+02:00,0.012952521443367004
2026-05-14 16:16:49.085745+02:00,0.016612408682703972
2026-05-14 16:16:49.101370+02:00,0.020242316648364067
2026-05-14 16:16:49.116995+02:00,0.023713652044534683
2026-05-14 16:16:49.132620+02:00,0.02690628543496132
2026-05-14 16:16:49.148245+02:00,0.029688559472560883
2026-05-14 16:16:49.163870+02:00,0.03187898173928261
2026-05-14 16:16:49.179495+02:00,0.033214934170246124
2026-05-14 16:16:49.195120+02:00,0.03335870802402496
2026-05-14 16:16:49.210745+02:00,0.031948886811733246
2026-05-14 16:16:49.226370+02:00,0.02868111990392208
2026-05-14 16:16:49.241995+02:00,0.0233956016600132
2026-05-14 16:16:49.257620+02:00,0.016148250550031662
2026-05-14 16:16:49.273245+02:00,0.007242587395012379
2026-05-14 16:16:49.288870+02:00,-0.002789760008454323
2026-05-14 16:16:49.304495+02:00,-0.013253806158900261
2026-05-14 16:16:49.320120+02:00,-0.023382872343063354
2026-05-14 16:16:49.335745+02:00,-0.0324363112449646
2026-05-14 16:16:49.351370+02:00,-0.03978659585118294
2026-05-14 16:16:49.366995+02:00,-0.04498615115880966
2026-05-14 16:16:49.382620+02:00,-0.047808852046728134
2026-05-14 16:16:49.398245+02:00,-0.04826103895902634
2026-05-14 16:16:49.413870+02:00,-0.04655918851494789
2026-05-14 16:16:49.429495+02:00,-0.04308142513036728
2026-05-14 16:16:49.445120+02:00,-0.0383082777261734
2026-05-14 16:16:49.460745+02:00,-0.032761722803115845
2026-05-14 16:16:49.476370+02:00,-0.026944737881422043
2026-05-14 16:16:49.491995+02:00,-0.021287960931658745
2026-05-14 16:16:49.507620+02:00,-0.016111968085169792
2026-05-14 16:16:49.523245+02:00,-0.011608203873038292
2026-05-14 16:16:49.538870+02:00,-0.00783810205757618
2026-05-14 16:16:49.554495+02:00,-0.004748196341097355
2026-05-14 16:16:49.570120+02:00,-0.002196483314037323
2026-05-14 16:16:49.585745+02:00,1.4069955796003342e-05
2026-05-14 16:16:49.601370+02:00,0.002098417142406106
2026-05-14 16:16:49.616995+02:00,0.004254769068211317
2026-05-14 16:16:49.632620+02:00,0.0066376845352351665
2026-05-14 16:16:49.648245+02:00,0.009340127930045128
2026-05-14 16:16:49.663870+02:00,0.012385616078972816
2026-05-14 16:16:49.679495+02:00,0.015732398256659508
2026-05-14 16:16:49.695120+02:00,0.019287321716547012
2026-05-14 16:16:49.710745+02:00,0.022924231365323067
2026-05-14 16:16:49.726370+02:00,0.026503954082727432
2026-05-14 16:16:49.741995+02:00,0.02989349327981472
2026-05-14 16:16:49.757620+02:00,0.032978355884552
2026-05-14 16:16:49.773245+02:00,0.035657238215208054
2026-05-14 16:16:49.788870+02:00,0.03781230375170708
2026-05-14 16:16:49.804495+02:00,0.03926704078912735
2026-05-14 16:16:49.820120+02:00,0.03976236283779144
2026-05-14 16:16:49.835745+02:00,0.03897610679268837
2026-05-14 16:16:49.851370+02:00,0.036585673689842224
2026-05-14 16:16:49.866995+02:00,0.03235435113310814
2026-05-14 16:16:49.882620+02:00,0.026215331628918648
2026-05-14 16:16:49.898245+02:00,0.018325915560126305
2026-05-14 16:16:49.913870+02:00,0.009074107743799686
2026-05-14 16:16:49.929495+02:00,-0.000961431534960866
2026-05-14 16:16:49.945120+02:00,-0.01108633354306221
2026-05-14 16:16:49.960745+02:00,-0.020583048462867737
2026-05-14 16:16:49.976370+02:00,-0.028799794614315033
2026-05-14 16:16:49.991995+02:00,-0.03522114083170891
2026-05-14 16:16:50.007620+02:00,-0.03951505571603775
2026-05-14 16:16:50.023245+02:00,-0.04155636578798294
2026-05-14 16:16:50.038870+02:00,-0.04142645373940468
2026-05-14 16:16:50.054495+02:00,-0.039387937635183334
2026-05-14 16:16:50.070120+02:00,-0.035839345306158066
2026-05-14 16:16:50.085745+02:00,-0.031259290874004364
2026-05-14 16:16:50.101370+02:00,-0.026146380230784416
2026-05-14 16:16:50.116995+02:00,-0.020960303023457527
2026-05-14 16:16:50.132620+02:00,-0.016073308885097504
2026-05-14 16:16:50.148245+02:00,-0.011738741770386696
2026-05-14 16:16:50.163870+02:00,-0.00807773508131504
2026-05-14 16:16:50.179495+02:00,-0.00508510647341609
2026-05-14 16:16:50.195120+02:00,-0.002652907744050026
2026-05-14 16:16:50.210745+02:00,-0.000604984350502491
2026-05-14 16:16:50.226370+02:00,0.0012656687758862972
2026-05-14 16:16:50.241995+02:00,0.003163357265293598
2026-05-14 16:16:50.257620+02:00,0.005261759273707867
2026-05-14 16:16:50.273245+02:00,0.007682102266699076
2026-05-14 16:16:50.288870+02:00,0.010480164550244808
2026-05-14 16:16:50.304495+02:00,0.01364506222307682
2026-05-14 16:16:50.320120+02:00,0.017110422253608704
2026-05-14 16:16:50.335745+02:00,0.020772237330675125
2026-05-14 16:16:50.351370+02:00,0.024505596607923508
2026-05-14 16:16:50.366995+02:00,0.02817920595407486
2026-05-14 16:16:50.382620+02:00,0.03166695684194565
2026-05-14 16:16:50.398245+02:00,0.03484901413321495
2026-05-14 16:16:50.413870+02:00,0.03759470582008362
2026-05-14 16:16:50.429495+02:00,0.039728231728076935
2026-05-14 16:16:50.445120+02:00,0.04099664092063904
2026-05-14 16:16:50.460745+02:00,0.04107201471924782
2026-05-14 16:16:50.476370+02:00,0.03960157185792923
2026-05-14 16:16:50.491995+02:00,0.03629063814878464
2026-05-14 16:16:50.507620+02:00,0.030991418287158012
2026-05-14 16:16:50.523245+02:00,0.023770272731781006
2026-05-14 16:16:50.538870+02:00,0.014933282509446144
2026-05-14 16:16:50.554495+02:00,0.00500465277582407
2026-05-14 16:16:50.570120+02:00,-0.005335728172212839
2026-05-14 16:16:50.585745+02:00,-0.015342221595346928
2026-05-14 16:16:50.601370+02:00,-0.02430138736963272
2026-05-14 16:16:50.616995+02:00,-0.03161745145916939
2026-05-14 16:16:50.632620+02:00,-0.036872684955596924
2026-05-14 16:16:50.648245+02:00,-0.03986009955406189
2026-05-14 16:16:50.663870+02:00,-0.040588703006505966
2026-05-14 16:16:50.679495+02:00,-0.0392623096704483
2026-05-14 16:16:50.695120+02:00,-0.03623738884925842
2026-05-14 16:16:50.710745+02:00,-0.031968556344509125
2026-05-14 16:16:50.726370+02:00,-0.026949895545840263
2026-05-14 16:16:50.741995+02:00,-0.021658040583133698
2026-05-14 16:16:50.757620+02:00,-0.016502097249031067
2026-05-14 16:16:50.773245+02:00,-0.011785714887082577
2026-05-14 16:16:50.788870+02:00,-0.00768652930855751
2026-05-14 16:16:50.804495+02:00,-0.004255108535289764
2026-05-14 16:16:50.820120+02:00,-0.0014314120635390282
2026-05-14 16:16:50.835745+02:00,0.0009252100717276335
2026-05-14 16:16:50.851370+02:00,0.0029994791839271784
2026-05-14 16:16:50.866995+02:00,0.004985241685062647
2026-05-14 16:16:50.882620+02:00,0.0070567661896348
2026-05-14 16:16:50.898245+02:00,0.009347115643322468
2026-05-14 16:16:50.913870+02:00,0.011933320201933384
2026-05-14 16:16:50.929495+02:00,0.014831175096333027
2026-05-14 16:16:50.945120+02:00,0.018002357333898544
2026-05-14 16:16:50.960745+02:00,0.021368857473134995
2026-05-14 16:16:50.976370+02:00,0.02482724003493786
2026-05-14 16:16:50.991995+02:00,0.028261486440896988
2026-05-14 16:16:51.007620+02:00,0.03155576437711716
2026-05-14 16:16:51.023245+02:00,0.034601688385009766
2026-05-14 16:16:51.038870+02:00,0.03728971257805824
2026-05-14 16:16:51.054495+02:00,0.03948143124580383
2026-05-14 16:16:51.070120+02:00,0.040973350405693054
2026-05-14 16:16:51.085745+02:00,0.0414767749607563
2026-05-14 16:16:51.101370+02:00,0.04063966125249863
2026-05-14 16:16:51.116995+02:00,0.0381150022149086
2026-05-14 16:16:51.132620+02:00,0.033653050661087036
2026-05-14 16:16:51.148245+02:00,0.027184948325157166
2026-05-14 16:16:51.163870+02:00,0.01887381821870804
2026-05-14 16:16:51.179495+02:00,0.00912129133939743
2026-05-14 16:16:51.195120+02:00,-0.001472904346883297
2026-05-14 16:16:51.210745+02:00,-0.012188699096441269
2026-05-14 16:16:51.226370+02:00,-0.022281048819422722
2026-05-14 16:16:51.241995+02:00,-0.03107297420501709
2026-05-14 16:16:51.257620+02:00,-0.038031384348869324
2026-05-14 16:16:51.273245+02:00,-0.04281692951917648
2026-05-14 16:16:51.288870+02:00,-0.0453055165708065
2026-05-14 16:16:51.304495+02:00,-0.04558220133185387
2026-05-14 16:16:51.320120+02:00,-0.043910663574934006
2026-05-14 16:16:51.335745+02:00,-0.040685348212718964
2026-05-14 16:16:51.351370+02:00,-0.036374978721141815
2026-05-14 16:16:51.366995+02:00,-0.031465377658605576
2026-05-14 16:16:51.382620+02:00,-0.026407526805996895
2026-05-14 16:16:51.398245+02:00,-0.02157483994960785
2026-05-14 16:16:51.413870+02:00,-0.017233598977327347
2026-05-14 16:16:51.429495+02:00,-0.013528666459023952
2026-05-14 16:16:51.445120+02:00,-0.010484250262379646
2026-05-14 16:16:51.460745+02:00,-0.00801937934011221
2026-05-14 16:16:51.476370+02:00,-0.005976566579192877
2026-05-14 16:16:51.491995+02:00,-0.004159340634942055
2026-05-14 16:16:51.507620+02:00,-0.0023701703175902367
2026-05-14 16:16:51.523245+02:00,-0.00043998099863529205
2026-05-14 16:16:51.538870+02:00,0.0017530233599245548
2026-05-14 16:16:51.554495+02:00,0.004273655358701944
2026-05-14 16:16:51.570120+02:00,0.007129169534891844
2026-05-14 16:16:51.585745+02:00,0.010277355089783669
2026-05-14 16:16:51.601370+02:00,0.013639379292726517
2026-05-14 16:16:51.616995+02:00,0.01711317151784897
2026-05-14 16:16:51.632620+02:00,0.020585518330335617
2026-05-14 16:16:51.648245+02:00,0.023941535502672195
2026-05-14 16:16:51.663870+02:00,0.02706853300333023
2026-05-14 16:16:51.679495+02:00,0.029846813529729843
2026-05-14 16:16:51.695120+02:00,0.032121844589710236
2026-05-14 16:16:51.710745+02:00,0.03367072716355324
2026-05-14 16:16:51.726370+02:00,0.03419117629528046
2026-05-14 16:16:51.741995+02:00,0.03333255276083946
2026-05-14 16:16:51.757620+02:00,0.030765322968363762
2026-05-14 16:16:51.773245+02:00,0.026266951113939285
2026-05-14 16:16:51.788870+02:00,0.01979971118271351
2026-05-14 16:16:51.804495+02:00,0.01156061701476574
2026-05-14 16:16:51.820120+02:00,0.001986602321267128
2026-05-14 16:16:51.835745+02:00,-0.008292765356600285
2026-05-14 16:16:51.851370+02:00,-0.01854260079562664
2026-05-14 16:16:51.866995+02:00,-0.02802244946360588
2026-05-14 16:16:51.882620+02:00,-0.036076292395591736
2026-05-14 16:16:51.898245+02:00,-0.04220251739025116
2026-05-14 16:16:51.913870+02:00,-0.04609838128089905
2026-05-14 16:16:51.929495+02:00,-0.04767719656229019
2026-05-14 16:16:51.945120+02:00,-0.04705929756164551
2026-05-14 16:16:51.960745+02:00,-0.04453946650028229
2026-05-14 16:16:51.976370+02:00,-0.04053773358464241
2026-05-14 16:16:51.991995+02:00,-0.035542286932468414
2026-05-14 16:16:52.007620+02:00,-0.03005244955420494
2026-05-14 16:16:52.023245+02:00,-0.024526800960302353
2026-05-14 16:16:52.038870+02:00,-0.01933847740292549
2026-05-14 16:16:52.054495+02:00,-0.01474333368241787
2026-05-14 16:16:52.070120+02:00,-0.01086718775331974
2026-05-14 16:16:52.085745+02:00,-0.00771157955750823
2026-05-14 16:16:52.101370+02:00,-0.005173788405954838
2026-05-14 16:16:52.116995+02:00,-0.0030773940961807966
2026-05-14 16:16:52.132620+02:00,-0.0012095014099031687
2026-05-14 16:16:52.148245+02:00,0.0006409646011888981
2026-05-14 16:16:52.163870+02:00,0.0026508918963372707
2026-05-14 16:16:52.179495+02:00,0.004942466504871845
2026-05-14 16:16:52.195120+02:00,0.007575292140245438
2026-05-14 16:16:52.210745+02:00,0.010546926409006119
2026-05-14 16:16:52.226370+02:00,0.013799278996884823
2026-05-14 16:16:52.241995+02:00,0.017231673002243042
2026-05-14 16:16:52.257620+02:00,0.0207194983959198
2026-05-14 16:16:52.273245+02:00,0.024133333936333656
2026-05-14 16:16:52.288870+02:00,0.02735205367207527
2026-05-14 16:16:52.304495+02:00,0.03026609867811203
2026-05-14 16:16:52.320120+02:00,0.03276935964822769
2026-05-14 16:16:52.335745+02:00,0.034736160188913345
2026-05-14 16:16:52.351370+02:00,0.03598693013191223
2026-05-14 16:16:52.366995+02:00,0.03626691922545433
2026-05-14 16:16:52.382620+02:00,0.03526560217142105
2026-05-14 16:16:52.398245+02:00,0.032678961753845215
2026-05-14 16:16:52.413870+02:00,0.02829369343817234
2026-05-14 16:16:52.429495+02:00,0.02206588163971901
2026-05-14 16:16:52.445120+02:00,0.014169842936098576
2026-05-14 16:16:52.460745+02:00,0.005003235302865505
2026-05-14 16:16:52.476370+02:00,-0.0048517221584916115
2026-05-14 16:16:52.491995+02:00,-0.014701200649142265
2026-05-14 16:16:52.507620+02:00,-0.02383197471499443
2026-05-14 16:16:52.523245+02:00,-0.03160346299409866
2026-05-14 16:16:52.538870+02:00,-0.037521760910749435
2026-05-14 16:16:52.554495+02:00,-0.041287459433078766
2026-05-14 16:16:52.570120+02:00,-0.04281589016318321
2026-05-14 16:16:52.585745+02:00,-0.04223082587122917
2026-05-14 16:16:52.601370+02:00,-0.039833322167396545
2026-05-14 16:16:52.616995+02:00,-0.03605005517601967
2026-05-14 16:16:52.632620+02:00,-0.03137310594320297
2026-05-14 16:16:52.648245+02:00,-0.026302943006157875
2026-05-14 16:16:52.663870+02:00,-0.021296245977282524
2026-05-14 16:16:52.679495+02:00,-0.01671893335878849
2026-05-14 16:16:52.695120+02:00,-0.012813813984394073
2026-05-14 16:16:52.710745+02:00,-0.009690452367067337
2026-05-14 16:16:52.726370+02:00,-0.007333181798458099
2026-05-14 16:16:52.741995+02:00,-0.005620765034109354
2026-05-14 16:16:52.757620+02:00,-0.004355993587523699
2026-05-14 16:16:52.773245+02:00,-0.0033035259693861008
2026-05-14 16:16:52.788870+02:00,-0.0022296977695077658
2026-05-14 16:16:52.804495+02:00,-0.0009355696383863688
2026-05-14 16:16:52.820120+02:00,0.0007215588120743632
2026-05-14 16:16:52.835745+02:00,0.002818184904754162
2026-05-14 16:16:52.851370+02:00,0.005364925134927034
2026-05-14 16:16:52.866995+02:00,0.008314765058457851
2026-05-14 16:16:52.882620+02:00,0.011575913056731224
2026-05-14 16:16:52.898245+02:00,0.015026971697807312
2026-05-14 16:16:52.913870+02:00,0.018532996997237206
2026-05-14 16:16:52.929495+02:00,0.021956849843263626
2026-05-14 16:16:52.945120+02:00,0.025156287476420403
2026-05-14 16:16:52.960745+02:00,0.027963658794760704
2026-05-14 16:16:52.976370+02:00,0.03015907295048237
2026-05-14 16:16:52.991995+02:00,0.031458061188459396
2026-05-14 16:16:53.007620+02:00,0.03153160586953163
2026-05-14 16:16:53.023245+02:00,0.03006124310195446
2026-05-14 16:16:53.038870+02:00,0.02681651897728443
2026-05-14 16:16:53.054495+02:00,0.021731872111558914
2026-05-14 16:16:53.070120+02:00,0.014957303181290627
2026-05-14 16:16:53.085745+02:00,0.0068659125827252865
2026-05-14 16:16:53.101370+02:00,-0.0019841091707348824
2026-05-14 16:16:53.116995+02:00,-0.010923071764409542
2026-05-14 16:16:53.132620+02:00,-0.019260607659816742
2026-05-14 16:16:53.148245+02:00,-0.026374459266662598
2026-05-14 16:16:53.163870+02:00,-0.03178330138325691
2026-05-14 16:16:53.179495+02:00,-0.03519364446401596
2026-05-14 16:16:53.195120+02:00,-0.03651726618409157
2026-05-14 16:16:53.210745+02:00,-0.03586210310459137
2026-05-14 16:16:53.226370+02:00,-0.033500075340270996
2026-05-14 16:16:53.241995+02:00,-0.029818691313266754
2026-05-14 16:16:53.257620+02:00,-0.025266218930482864
2026-05-14 16:16:53.273245+02:00,-0.02029784582555294
2026-05-14 16:16:53.288870+02:00,-0.015328433364629745
2026-05-14 16:16:53.304495+02:00,-0.0106936264783144
2026-05-14 16:16:53.320120+02:00,-0.00662073353305459
2026-05-14 16:16:53.335745+02:00,-0.0032160221599042416
2026-05-14 16:16:53.351370+02:00,-0.00047188159078359604
2026-05-14 16:16:53.366995+02:00,0.0017119981348514557
2026-05-14 16:16:53.382620+02:00,0.0034994015004485846
2026-05-14 16:16:53.398245+02:00,0.005082815419882536
2026-05-14 16:16:53.413870+02:00,0.00664899218827486
2026-05-14 16:16:53.429495+02:00,0.00835167896002531
2026-05-14 16:16:53.445120+02:00,0.010293826460838318
2026-05-14 16:16:53.460745+02:00,0.012521123513579369
2026-05-14 16:16:53.476370+02:00,0.015026634559035301
2026-05-14 16:16:53.491995+02:00,0.017761602997779846
2026-05-14 16:16:53.507620+02:00,0.020648306235671043
2026-05-14 16:16:53.523245+02:00,0.023591885343194008
2026-05-14 16:16:53.538870+02:00,0.026487311348319054
2026-05-14 16:16:53.554495+02:00,0.029215680435299873
2026-05-14 16:16:53.570120+02:00,0.03162452578544617
2026-05-14 16:16:53.585745+02:00,0.03350112959742546
2026-05-14 16:16:53.601370+02:00,0.0345614068210125
2026-05-14 16:16:53.616995+02:00,0.03447096794843674
2026-05-14 16:16:53.632620+02:00,0.03290088102221489
2026-05-14 16:16:53.648245+02:00,0.029607348144054413
2026-05-14 16:16:53.663870+02:00,0.02451111003756523
2026-05-14 16:16:53.679495+02:00,0.017748355865478516
2026-05-14 16:16:53.695120+02:00,0.009676015004515648
2026-05-14 16:16:53.710745+02:00,0.0008323476649820805
2026-05-14 16:16:53.726370+02:00,-0.008133999072015285
2026-05-14 16:16:53.741995+02:00,-0.016549814492464066
2026-05-14 16:16:53.757620+02:00,-0.023802196606993675
2026-05-14 16:16:53.773245+02:00,-0.029409075155854225
2026-05-14 16:16:53.788870+02:00,-0.03306667134165764
2026-05-14 16:16:53.804495+02:00,-0.03467041626572609
2026-05-14 16:16:53.820120+02:00,-0.034308385103940964
2026-05-14 16:16:53.835745+02:00,-0.03223157301545143
2026-05-14 16:16:53.851370+02:00,-0.02881072647869587
2026-05-14 16:16:53.866995+02:00,-0.024485429748892784
2026-05-14 16:16:53.882620+02:00,-0.019709037616848946
2026-05-14 16:16:53.898245+02:00,-0.014898473396897316
2026-05-14 16:16:53.913870+02:00,-0.010395500808954239
2026-05-14 16:16:53.929495+02:00,-0.00643954798579216
2026-05-14 16:16:53.945120+02:00,-0.0031534212175756693
2026-05-14 16:16:53.960745+02:00,-0.0005448011215776205
2026-05-14 16:16:53.976370+02:00,0.001477458979934454
2026-05-14 16:16:53.991995+02:00,0.0030756790656596422
2026-05-14 16:16:54.007620+02:00,0.004447805695235729
2026-05-14 16:16:54.023245+02:00,0.005790241993963718
2026-05-14 16:16:54.038870+02:00,0.007267921231687069
2026-05-14 16:16:54.054495+02:00,0.008995641954243183
2026-05-14 16:16:54.070120+02:00,0.011030305176973343
2026-05-14 16:16:54.085745+02:00,0.013373374938964844
2026-05-14 16:16:54.101370+02:00,0.015979746356606483
2026-05-14 16:16:54.116995+02:00,0.018769359216094017
2026-05-14 16:16:54.132620+02:00,0.021640783175826073
2026-05-14 16:16:54.148245+02:00,0.02448244020342827
2026-05-14 16:16:54.163870+02:00,0.027175065129995346
2026-05-14 16:16:54.179495+02:00,0.029581785202026367
2026-05-14 16:16:54.195120+02:00,0.03152524307370186
2026-05-14 16:16:54.210745+02:00,0.03276357054710388
2026-05-14 16:16:54.226370+02:00,0.032990992069244385
2026-05-14 16:16:54.241995+02:00,0.031878456473350525
2026-05-14 16:16:54.257620+02:00,0.029144275933504105
2026-05-14 16:16:54.273245+02:00,0.024633025750517845
2026-05-14 16:16:54.288870+02:00,0.018381141126155853
2026-05-14 16:16:54.304495+02:00,0.010647349990904331
2026-05-14 16:16:54.320120+02:00,0.0018958467990159988
2026-05-14 16:16:54.335745+02:00,-0.0072606694884598255
2026-05-14 16:16:54.351370+02:00,-0.016142969951033592
2026-05-14 16:16:54.366995+02:00,-0.02409704588353634
2026-05-14 16:16:54.382620+02:00,-0.03057783469557762
2026-05-14 16:16:54.398245+02:00,-0.03520892187952995
2026-05-14 16:16:54.413870+02:00,-0.03781165927648544
2026-05-14 16:16:54.429495+02:00,-0.03840605914592743
2026-05-14 16:16:54.445120+02:00,-0.03718847036361694
2026-05-14 16:16:54.460745+02:00,-0.034491632133722305
2026-05-14 16:16:54.476370+02:00,-0.030734386295080185
2026-05-14 16:16:54.491995+02:00,-0.02636766992509365
2026-05-14 16:16:54.507620+02:00,-0.021822763606905937
2026-05-14 16:16:54.523245+02:00,-0.017467143014073372
2026-05-14 16:16:54.538870+02:00,-0.013572288677096367
2026-05-14 16:16:54.554495+02:00,-0.010296446271240711
2026-05-14 16:16:54.570120+02:00,-0.007683854550123215
2026-05-14 16:16:54.585745+02:00,-0.005678229033946991
2026-05-14 16:16:54.601370+02:00,-0.004145055543631315
2026-05-14 16:16:54.616995+02:00,-0.0028994164895266294
2026-05-14 16:16:54.632620+02:00,-0.0017386903055012226
2026-05-14 16:16:54.648245+02:00,-0.00047599567915312946
2026-05-14 16:16:54.663870+02:00,0.0010342883178964257
2026-05-14 16:16:54.679495+02:00,0.0028834182303398848
2026-05-14 16:16:54.695120+02:00,0.005105274263769388
2026-05-14 16:16:54.710745+02:00,0.0076806130819022655
2026-05-14 16:16:54.726370+02:00,0.01054565329104662
2026-05-14 16:16:54.741995+02:00,0.013602028600871563
2026-05-14 16:16:54.757620+02:00,0.01672539860010147
2026-05-14 16:16:54.773245+02:00,0.01976529136300087
2026-05-14 16:16:54.788870+02:00,0.0225298460572958
2026-05-14 16:16:54.804495+02:00,0.024764694273471832
2026-05-14 16:16:54.820120+02:00,0.026148587465286255
2026-05-14 16:16:54.835745+02:00,0.026324527338147163
2026-05-14 16:16:54.851370+02:00,0.024966875091195107
2026-05-14 16:16:54.866995+02:00,0.021864159032702446
2026-05-14 16:16:54.882620+02:00,0.01698940247297287
2026-05-14 16:16:54.898245+02:00,0.01053580641746521
2026-05-14 16:16:54.913870+02:00,0.0029085101559758186
2026-05-14 16:16:54.929495+02:00,-0.005323601420968771
2026-05-14 16:16:54.945120+02:00,-0.013504750095307827
2026-05-14 16:16:54.960745+02:00,-0.020981047302484512
2026-05-14 16:16:54.976370+02:00,-0.02718205191195011
2026-05-14 16:16:54.991995+02:00,-0.03168348968029022
2026-05-14 16:16:55.007620+02:00,-0.03424743190407753
2026-05-14 16:16:55.023245+02:00,-0.03483669459819794
2026-05-14 16:16:55.038870+02:00,-0.03360158950090408
2026-05-14 16:16:55.054495+02:00,-0.03084363415837288
2026-05-14 16:16:55.070120+02:00,-0.026965845376253128
2026-05-14 16:16:55.085745+02:00,-0.022418474778532982
2026-05-14 16:16:55.101370+02:00,-0.0176460612565279
2026-05-14 16:16:55.116995+02:00,-0.013039469718933105
2026-05-14 16:16:55.132620+02:00,-0.00889690313488245
2026-05-14 16:16:55.148245+02:00,-0.005400899797677994
2026-05-14 16:16:55.163870+02:00,-0.0026148376055061817
2026-05-14 16:16:55.179495+02:00,-0.0004947478882968426
2026-05-14 16:16:55.195120+02:00,0.0010879160836338997
2026-05-14 16:16:55.210745+02:00,0.002314720768481493
2026-05-14 16:16:55.226370+02:00,0.00338585302233696
2026-05-14 16:16:55.241995+02:00,0.004490481689572334
2026-05-14 16:16:55.257620+02:00,0.00578441983088851
2026-05-14 16:16:55.273245+02:00,0.007374852430075407
2026-05-14 16:16:55.288870+02:00,0.009312187321484089
2026-05-14 16:16:55.304495+02:00,0.011589151807129383
2026-05-14 16:16:55.320120+02:00,0.014148442074656487
2026-05-14 16:16:55.335745+02:00,0.016897529363632202
2026-05-14 16:16:55.351370+02:00,0.019722726196050644
2026-05-14 16:16:55.366995+02:00,0.022492947056889534
2026-05-14 16:16:55.382620+02:00,0.02504735067486763
2026-05-14 16:16:55.398245+02:00,0.027171265333890915
2026-05-14 16:16:55.413870+02:00,0.028581328690052032
2026-05-14 16:16:55.429495+02:00,0.028942452743649483
2026-05-14 16:16:55.445120+02:00,0.0279200728982687
2026-05-14 16:16:55.460745+02:00,0.025255125015974045
2026-05-14 16:16:55.476370+02:00,0.020841330289840698
2026-05-14 16:16:55.491995+02:00,0.014778442680835724
2026-05-14 16:16:55.507620+02:00,0.007382081355899572
2026-05-14 16:16:55.523245+02:00,-0.0008484233403578401
2026-05-14 16:16:55.538870+02:00,-0.009292230941355228
2026-05-14 16:16:55.554495+02:00,-0.017289912328124046
2026-05-14 16:16:55.570120+02:00,-0.02423243783414364
2026-05-14 16:16:55.585745+02:00,-0.029636051505804062
2026-05-14 16:16:55.601370+02:00,-0.03319057822227478
2026-05-14 16:16:55.616995+02:00,-0.03477856516838074
2026-05-14 16:16:55.632620+02:00,-0.03446897491812706
2026-05-14 16:16:55.648245+02:00,-0.032493285834789276
2026-05-14 16:16:55.663870+02:00,-0.0292085949331522
2026-05-14 16:16:55.679495+02:00,-0.025048572570085526
2026-05-14 16:16:55.695120+02:00,-0.020467333495616913
2026-05-14 16:16:55.710745+02:00,-0.01588543877005577
2026-05-14 16:16:55.726370+02:00,-0.011645154096186161
2026-05-14 16:16:55.741995+02:00,-0.007979143410921097
2026-05-14 16:16:55.757620+02:00,-0.0049960436299443245
2026-05-14 16:16:55.773245+02:00,-0.002685108222067356
2026-05-14 16:16:55.788870+02:00,-0.0009382404386997223
2026-05-14 16:16:55.804495+02:00,0.00041713938117027283
2026-05-14 16:16:55.820120+02:00,0.001582631841301918
2026-05-14 16:16:55.835745+02:00,0.002755529247224331
2026-05-14 16:16:55.851370+02:00,0.004101516678929329
2026-05-14 16:16:55.866995+02:00,0.005738542415201664
2026-05-14 16:16:55.882620+02:00,0.007730100303888321
2026-05-14 16:16:55.898245+02:00,0.010083147324621677
2026-05-14 16:16:55.913870+02:00,0.012752186506986618
2026-05-14 16:16:55.929495+02:00,0.015650581568479538
2026-05-14 16:16:55.945120+02:00,0.018662992864847183
2026-05-14 16:16:55.960745+02:00,0.02164650522172451
2026-05-14 16:16:55.976370+02:00,0.024412134662270546
2026-05-14 16:16:55.991995+02:00,0.026700260117650032
2026-05-14 16:16:56.007620+02:00,0.028178267180919647
2026-05-14 16:16:56.023245+02:00,0.028476091101765633
2026-05-14 16:16:56.038870+02:00,0.027253910899162292
2026-05-14 16:16:56.054495+02:00,0.024281902238726616
2026-05-14 16:16:56.070120+02:00,0.019508760422468185
2026-05-14 16:16:56.085745+02:00,0.013101242482662201
2026-05-14 16:16:56.101370+02:00,0.005443012807518244
2026-05-14 16:16:56.116995+02:00,-0.0029090968891978264
2026-05-14 16:16:56.132620+02:00,-0.01129981316626072
2026-05-14 16:16:56.148245+02:00,-0.019064899533987045
2026-05-14 16:16:56.163870+02:00,-0.025618024170398712
2026-05-14 16:16:56.179495+02:00,-0.030516881495714188
2026-05-14 16:16:56.195120+02:00,-0.03350070118904114
2026-05-14 16:16:56.210745+02:00,-0.0345027819275856
2026-05-14 16:16:56.226370+02:00,-0.033640626817941666
2026-05-14 16:16:56.241995+02:00,-0.03118421882390976
2026-05-14 16:16:56.257620+02:00,-0.02750897780060768
2026-05-14 16:16:56.273245+02:00,-0.023044005036354065
2026-05-14 16:16:56.288870+02:00,-0.01822221279144287
2026-05-14 16:16:56.304495+02:00,-0.013434657827019691
2026-05-14 16:16:56.320120+02:00,-0.008991620503365993
2026-05-14 16:16:56.335745+02:00,-0.005095482803881168
2026-05-14 16:16:56.351370+02:00,-0.0018312064930796623
2026-05-14 16:16:56.366995+02:00,0.0008245976641774178
2026-05-14 16:16:56.382620+02:00,0.002980761229991913
2026-05-14 16:16:56.398245+02:00,0.004799883812665939
2026-05-14 16:16:56.413870+02:00,0.006464110687375069
2026-05-14 16:16:56.429495+02:00,0.008146388456225395
2026-05-14 16:16:56.445120+02:00,0.009989525191485882
2026-05-14 16:16:56.460745+02:00,0.012091018259525299
2026-05-14 16:16:56.476370+02:00,0.014495785348117352
2026-05-14 16:16:56.491995+02:00,0.017198266461491585
2026-05-14 16:16:56.507620+02:00,0.0201497171074152
2026-05-14 16:16:56.523245+02:00,0.023266252130270004
2026-05-14 16:16:56.538870+02:00,0.02643287181854248
2026-05-14 16:16:56.554495+02:00,0.029494963586330414
2026-05-14 16:16:56.570120+02:00,0.03223584219813347
2026-05-14 16:16:56.585745+02:00,0.0343584306538105
2026-05-14 16:16:56.601370+02:00,0.035496778786182404
2026-05-14 16:16:56.616995+02:00,0.035266440361738205
2026-05-14 16:16:56.632620+02:00,0.03334075212478638
2026-05-14 16:16:56.648245+02:00,0.02953118085861206
2026-05-14 16:16:56.663870+02:00,0.023850830271840096
2026-05-14 16:16:56.679495+02:00,0.016543574631214142
2026-05-14 16:16:56.695120+02:00,0.008068586699664593
2026-05-14 16:16:56.710745+02:00,-0.0009584743529558182
2026-05-14 16:16:56.726370+02:00,-0.009853668510913849
2026-05-14 16:16:56.741995+02:00,-0.017958857119083405
2026-05-14 16:16:56.757620+02:00,-0.024719728156924248
2026-05-14 16:16:56.773245+02:00,-0.02973792515695095
2026-05-14 16:16:56.788870+02:00,-0.03279806673526764
2026-05-14 16:16:56.804495+02:00,-0.03387295827269554
2026-05-14 16:16:56.820120+02:00,-0.03310808911919594
2026-05-14 16:16:56.835745+02:00,-0.030788179486989975
2026-05-14 16:16:56.851370+02:00,-0.027292374521493912
2026-05-14 16:16:56.866995+02:00,-0.023043755441904068
2026-05-14 16:16:56.882620+02:00,-0.01845831610262394
2026-05-14 16:16:56.898245+02:00,-0.013901238329708576
2026-05-14 16:16:56.913870+02:00,-0.009655365720391273
2026-05-14 16:16:56.929495+02:00,-0.0059014903381466866
2026-05-14 16:16:56.945120+02:00,-0.0027121268212795258
2026-05-14 16:16:56.960745+02:00,-6.117764860391617e-05
2026-05-14 16:16:56.976370+02:00,0.002154214307665825
2026-05-14 16:16:56.991995+02:00,0.00408523716032505
2026-05-14 16:16:57.007620+02:00,0.00590002816170454
2026-05-14 16:16:57.023245+02:00,0.007753778714686632
2026-05-14 16:16:57.038870+02:00,0.009766390547156334
2026-05-14 16:16:57.054495+02:00,0.012011358514428139
2026-05-14 16:16:57.070120+02:00,0.014514265581965446
2026-05-14 16:16:57.085745+02:00,0.017256787046790123
2026-05-14 16:16:57.101370+02:00,0.020183773711323738
2026-05-14 16:16:57.116995+02:00,0.023213107138872147
2026-05-14 16:16:57.132620+02:00,0.02624383568763733
2026-05-14 16:16:57.148245+02:00,0.02915239706635475
2026-05-14 16:16:57.163870+02:00,0.03177259862422943
2026-05-14 16:16:57.179495+02:00,0.03386944532394409
2026-05-14 16:16:57.195120+02:00,0.035128042101860046
2026-05-14 16:16:57.210745+02:00,0.03517749160528183
2026-05-14 16:16:57.226370+02:00,0.033653922379016876
2026-05-14 16:16:57.241995+02:00,0.0302876066416502
2026-05-14 16:16:57.257620+02:00,0.02498653158545494
2026-05-14 16:16:57.273245+02:00,0.017887549474835396
2026-05-14 16:16:57.288870+02:00,0.009359548799693584
2026-05-14 16:16:57.304495+02:00,-3.932858817279339e-05
2026-05-14 16:16:57.320120+02:00,-0.009637828916311264
2026-05-14 16:16:57.335745+02:00,-0.018743667751550674
2026-05-14 16:16:57.351370+02:00,-0.026731444522738457
2026-05-14 16:16:57.366995+02:00,-0.033108972012996674
2026-05-14 16:16:57.382620+02:00,-0.037556614726781845
2026-05-14 16:16:57.398245+02:00,-0.03994392231106758
2026-05-14 16:16:57.413870+02:00,-0.04032627120614052
2026-05-14 16:16:57.429495+02:00,-0.03892199695110321
2026-05-14 16:16:57.445120+02:00,-0.036073312163352966
2026-05-14 16:16:57.460745+02:00,-0.03219645097851753
2026-05-14 16:16:57.476370+02:00,-0.027727292850613594
2026-05-14 16:16:57.491995+02:00,-0.023070145398378372
2026-05-14 16:16:57.507620+02:00,-0.018557198345661163
2026-05-14 16:16:57.523245+02:00,-0.014422731474041939
2026-05-14 16:16:57.538870+02:00,-0.010792192071676254
2026-05-14 16:16:57.554495+02:00,-0.007685753516852856
2026-05-14 16:16:57.570120+02:00,-0.005035934038460255
2026-05-14 16:16:57.585745+02:00,-0.0027153585106134415
2026-05-14 16:16:57.601370+02:00,-0.0005667181685566902
2026-05-14 16:16:57.616995+02:00,0.0015703355893492699
2026-05-14 16:16:57.632620+02:00,0.0038353074342012405
2026-05-14 16:16:57.648245+02:00,0.006327240262180567
2026-05-14 16:16:57.663870+02:00,0.009093784727156162
2026-05-14 16:16:57.679495+02:00,0.012130637653172016
2026-05-14 16:16:57.695120+02:00,0.015387817285954952
2026-05-14 16:16:57.710745+02:00,0.01877979189157486
2026-05-14 16:16:57.726370+02:00,0.02219981700181961
2026-05-14 16:16:57.741995+02:00,0.025535859167575836
2026-05-14 16:16:57.757620+02:00,0.02867998369038105
2026-05-14 16:16:57.773245+02:00,0.031521230936050415
2026-05-14 16:16:57.788870+02:00,0.03391620144248009
2026-05-14 16:16:57.804495+02:00,0.035650383681058884
2026-05-14 16:16:57.820120+02:00,0.0364227332174778
2026-05-14 16:16:57.835745+02:00,0.03587692975997925
2026-05-14 16:16:57.851370+02:00,0.033673837780952454
2026-05-14 16:16:57.866995+02:00,0.02958178147673607
2026-05-14 16:16:57.882620+02:00,0.023556463420391083
2026-05-14 16:16:57.898245+02:00,0.015784865245223045
2026-05-14 16:16:57.913870+02:00,0.006680999882519245
2026-05-14 16:16:57.929495+02:00,-0.0031627898570150137
2026-05-14 16:16:57.945120+02:00,-0.013055475428700447
2026-05-14 16:16:57.960745+02:00,-0.022298380732536316
2026-05-14 16:16:57.976370+02:00,-0.030269036069512367
2026-05-14 16:16:57.991995+02:00,-0.03648630529642105
2026-05-14 16:16:58.007620+02:00,-0.04065050929784775
2026-05-14 16:16:58.023245+02:00,-0.04265851154923439
2026-05-14 16:16:58.038870+02:00,-0.042597219347953796
2026-05-14 16:16:58.054495+02:00,-0.040716324001550674
2026-05-14 16:16:58.070120+02:00,-0.03738413751125336
2026-05-14 16:16:58.085745+02:00,-0.03303594887256622
2026-05-14 16:16:58.101370+02:00,-0.028121471405029297
2026-05-14 16:16:58.116995+02:00,-0.023054365068674088
2026-05-14 16:16:58.132620+02:00,-0.018169935792684555
2026-05-14 16:16:58.148245+02:00,-0.013699594885110855
2026-05-14 16:16:58.163870+02:00,-0.009763814508914948
2026-05-14 16:16:58.179495+02:00,-0.0063779898919165134
2026-05-14 16:16:58.195120+02:00,-0.003467692993581295
2026-05-14 16:16:58.210745+02:00,-0.0008938112296164036
2026-05-14 16:16:58.226370+02:00,0.0015139635652303696
2026-05-14 16:16:58.241995+02:00,0.003923388198018074
2026-05-14 16:16:58.257620+02:00,0.0064744362607598305
2026-05-14 16:16:58.273245+02:00,0.00926375575363636
2026-05-14 16:16:58.288870+02:00,0.01233740895986557
2026-05-14 16:16:58.304495+02:00,0.01569121517241001
2026-05-14 16:16:58.320120+02:00,0.019275959581136703
2026-05-14 16:16:58.335745+02:00,0.023006604984402657
2026-05-14 16:16:58.351370+02:00,0.026775049045681953
2026-05-14 16:16:58.366995+02:00,0.03046415187418461
2026-05-14 16:16:58.382620+02:00,0.03396123647689819
2026-05-14 16:16:58.398245+02:00,0.037162743508815765
2026-05-14 16:16:58.413870+02:00,0.03995862603187561
2026-05-14 16:16:58.429495+02:00,0.04219825193285942
2026-05-14 16:16:58.445120+02:00,0.04365644231438637
2026-05-14 16:16:58.460745+02:00,0.04402599483728409
2026-05-14 16:16:58.476370+02:00,0.04295501112937927
2026-05-14 16:16:58.491995+02:00,0.04012417048215866
2026-05-14 16:16:58.507620+02:00,0.035337477922439575
2026-05-14 16:16:58.523245+02:00,0.028596319258213043
2026-05-14 16:16:58.538870+02:00,0.020136451348662376
2026-05-14 16:16:58.554495+02:00,0.010418951511383057
2026-05-14 16:16:58.570120+02:00,7.682293653488159e-05
2026-05-14 16:16:58.585745+02:00,-0.010170185007154942
2026-05-14 16:16:58.601370+02:00,-0.019610974937677383
2026-05-14 16:16:58.616995+02:00,-0.027627523988485336
2026-05-14 16:16:58.632620+02:00,-0.033758632838726044
2026-05-14 16:16:58.648245+02:00,-0.037740983068943024
2026-05-14 16:16:58.663870+02:00,-0.039524149149656296
2026-05-14 16:16:58.679495+02:00,-0.039258137345314026
2026-05-14 16:16:58.695120+02:00,-0.03725703805685043
2026-05-14 16:16:58.710745+02:00,-0.03394538536667824
2026-05-14 16:16:58.726370+02:00,-0.029798120260238647
2026-05-14 16:16:58.741995+02:00,-0.025284454226493835
2026-05-14 16:16:58.757620+02:00,-0.020818350836634636
2026-05-14 16:16:58.773245+02:00,-0.016718119382858276
2026-05-14 16:16:58.788870+02:00,-0.01318193320184946
2026-05-14 16:16:58.804495+02:00,-0.010282333940267563
2026-05-14 16:16:58.820120+02:00,-0.007977720350027084
2026-05-14 16:16:58.835745+02:00,-0.006138106342405081
2026-05-14 16:16:58.851370+02:00,-0.0045807575806975365
2026-05-14 16:16:58.866995+02:00,-0.0031068187672644854
2026-05-14 16:16:58.882620+02:00,-0.0015316258650273085
2026-05-14 16:16:58.898245+02:00,0.000291415024548769
2026-05-14 16:16:58.913870+02:00,0.002453635912388563
2026-05-14 16:16:58.929495+02:00,0.004984695464372635
2026-05-14 16:16:58.945120+02:00,0.007857626304030418
2026-05-14 16:16:58.960745+02:00,0.011000535450875759
2026-05-14 16:16:58.976370+02:00,0.014310754835605621
2026-05-14 16:16:58.991995+02:00,0.017669828608632088
2026-05-14 16:16:59.007620+02:00,0.020956549793481827
2026-05-14 16:16:59.023245+02:00,0.024055790156126022
2026-05-14 16:16:59.038870+02:00,0.0268605537712574
2026-05-14 16:16:59.054495+02:00,0.029255814850330353
2026-05-14 16:16:59.070120+02:00,0.031079351902008057
2026-05-14 16:16:59.085745+02:00,0.03208627924323082
2026-05-14 16:16:59.101370+02:00,0.031952619552612305
2026-05-14 16:16:59.116995+02:00,0.030326232314109802
2026-05-14 16:16:59.132620+02:00,0.026909254491329193
2026-05-14 16:16:59.148245+02:00,0.021547503769397736
2026-05-14 16:16:59.163870+02:00,0.014300061389803886
2026-05-14 16:16:59.179495+02:00,0.00546705536544323
2026-05-14 16:16:59.195120+02:00,-0.004432988353073597
2026-05-14 16:16:59.210745+02:00,-0.014728551730513573
2026-05-14 16:16:59.226370+02:00,-0.024686280637979507
2026-05-14 16:16:59.241995+02:00,-0.033607691526412964
2026-05-14 16:16:59.257620+02:00,-0.04091157019138336
2026-05-14 16:16:59.273245+02:00,-0.046191174536943436
2026-05-14 16:16:59.288870+02:00,-0.049244221299886703
2026-05-14 16:16:59.304495+02:00,-0.05007637292146683
2026-05-14 16:16:59.320120+02:00,-0.04888180270791054
2026-05-14 16:16:59.335745+02:00,-0.046005573123693466
2026-05-14 16:16:59.351370+02:00,-0.04189249128103256
2026-05-14 16:16:59.366995+02:00,-0.03702861815690994
2026-05-14 16:16:59.382620+02:00,-0.03188310191035271
2026-05-14 16:16:59.398245+02:00,-0.026859242469072342
2026-05-14 16:16:59.413870+02:00,-0.0222599059343338
2026-05-14 16:16:59.429495+02:00,-0.01826697215437889
2026-05-14 16:16:59.445120+02:00,-0.014936191961169243
2026-05-14 16:16:59.460745+02:00,-0.012210069224238396
2026-05-14 16:16:59.476370+02:00,-0.009945908561348915
2026-05-14 16:16:59.491995+02:00,-0.007951289415359497
2026-05-14 16:16:59.507620+02:00,-0.006020913366228342
2026-05-14 16:16:59.523245+02:00,-0.003970917779952288
2026-05-14 16:16:59.538870+02:00,-0.001663861097767949
2026-05-14 16:16:59.554495+02:00,0.0009799066465348005
2026-05-14 16:16:59.570120+02:00,0.003981194458901882
2026-05-14 16:16:59.585745+02:00,0.007307461462914944
2026-05-14 16:16:59.601370+02:00,0.010883316397666931
2026-05-14 16:16:59.616995+02:00,0.014604154042899609
2026-05-14 16:16:59.632620+02:00,0.01834920234978199
2026-05-14 16:16:59.648245+02:00,0.02198651246726513
2026-05-14 16:16:59.663870+02:00,0.025362147018313408
2026-05-14 16:16:59.679495+02:00,0.028274506330490112
2026-05-14 16:16:59.695120+02:00,0.030449552461504936
2026-05-14 16:16:59.710745+02:00,0.03154124319553375
2026-05-14 16:16:59.726370+02:00,0.03117242455482483
2026-05-14 16:16:59.741995+02:00,0.029011070728302002
2026-05-14 16:16:59.757620+02:00,0.024858521297574043
2026-05-14 16:16:59.773245+02:00,0.018720954656600952
2026-05-14 16:16:59.788870+02:00,0.0108437929302454
2026-05-14 16:16:59.804495+02:00,0.0016998164355754852
2026-05-14 16:16:59.820120+02:00,-0.008067218586802483
2026-05-14 16:16:59.835745+02:00,-0.01772880367934704
2026-05-14 16:16:59.851370+02:00,-0.026567094027996063
2026-05-14 16:16:59.866995+02:00,-0.03396030515432358
2026-05-14 16:16:59.882620+02:00,-0.039445530623197556
2026-05-14 16:16:59.898245+02:00,-0.042756762355566025
2026-05-14 16:16:59.913870+02:00,-0.04383806511759758
2026-05-14 16:16:59.929495+02:00,-0.04283016175031662
2026-05-14 16:16:59.945120+02:00,-0.040034644305706024
2026-05-14 16:16:59.960745+02:00,-0.03586407005786896
2026-05-14 16:16:59.976370+02:00,-0.03078601323068142
2026-05-14 16:16:59.991995+02:00,-0.02526838518679142
2026-05-14 16:17:00.007620+02:00,-0.01972970739006996
2026-05-14 16:17:00.023245+02:00,-0.014499718323349953
2026-05-14 16:17:00.038870+02:00,-0.009796999394893646
2026-05-14 16:17:00.054495+02:00,-0.005723291076719761
2026-05-14 16:17:00.070120+02:00,-0.0022708456963300705
2026-05-14 16:17:00.085745+02:00,0.0006580473855137825
2026-05-14 16:17:00.101370+02:00,0.003221409860998392
2026-05-14 16:17:00.116995+02:00,0.00560371670871973
2026-05-14 16:17:00.132620+02:00,0.007983636111021042
2026-05-14 16:17:00.148245+02:00,0.010506833903491497
2026-05-14 16:17:00.163870+02:00,0.013268313370645046
2026-05-14 16:17:00.179495+02:00,0.016307257115840912
2026-05-14 16:17:00.195120+02:00,0.019610542804002762
2026-05-14 16:17:00.210745+02:00,0.023120352998375893
2026-05-14 16:17:00.226370+02:00,0.026746215298771858
2026-05-14 16:17:00.241995+02:00,0.030379939824342728
2026-05-14 16:17:00.257620+02:00,0.03390561789274216
2026-05-14 16:17:00.273245+02:00,0.0371941514313221
2026-05-14 16:17:00.288870+02:00,0.04007703810930252
2026-05-14 16:17:00.304495+02:00,0.042312681674957275
2026-05-14 16:17:00.320120+02:00,0.04357502982020378
2026-05-14 16:17:00.335745+02:00,0.0434846393764019
2026-05-14 16:17:00.351370+02:00,0.04167783260345459
2026-05-14 16:17:00.366995+02:00,0.03789500892162323
2026-05-14 16:17:00.382620+02:00,0.032063890248537064
2026-05-14 16:17:00.398245+02:00,0.02435091696679592
2026-05-14 16:17:00.413870+02:00,0.015163442119956017
2026-05-14 16:17:00.429495+02:00,0.005104394163936377
2026-05-14 16:17:00.445120+02:00,-0.00510728545486927
2026-05-14 16:17:00.460745+02:00,-0.014733105897903442
2026-05-14 16:17:00.476370+02:00,-0.02310800924897194
2026-05-14 16:17:00.491995+02:00,-0.029712529852986336
2026-05-14 16:17:00.507620+02:00,-0.03421607241034508
2026-05-14 16:17:00.523245+02:00,-0.03649264946579933
2026-05-14 16:17:00.538870+02:00,-0.036614250391721725
2026-05-14 16:17:00.554495+02:00,-0.03482437506318092
2026-05-14 16:17:00.570120+02:00,-0.03149460628628731
2026-05-14 16:17:00.585745+02:00,-0.027071906253695488
2026-05-14 16:17:00.601370+02:00,-0.022025439888238907
2026-05-14 16:17:00.616995+02:00,-0.016797300428152084
2026-05-14 16:17:00.632620+02:00,-0.011758746579289436
2026-05-14 16:17:00.648245+02:00,-0.007178051397204399
2026-05-14 16:17:00.663870+02:00,-0.003207135945558548
2026-05-14 16:17:00.679495+02:00,0.00011476175859570503
2026-05-14 16:17:00.695120+02:00,0.0028467834927141666
2026-05-14 16:17:00.710745+02:00,0.005123283248394728
2026-05-14 16:17:00.726370+02:00,0.007121747359633446
2026-05-14 16:17:00.741995+02:00,0.009027001447975636
2026-05-14 16:17:00.757620+02:00,0.011000864207744598
2026-05-14 16:17:00.773245+02:00,0.01316329836845398
2026-05-14 16:17:00.788870+02:00,0.015583956614136696
2026-05-14 16:17:00.804495+02:00,0.018280047923326492
2026-05-14 16:17:00.820120+02:00,0.021219270303845406
2026-05-14 16:17:00.835745+02:00,0.024328824132680893
2026-05-14 16:17:00.851370+02:00,0.02751033939421177
2026-05-14 16:17:00.866995+02:00,0.030656155198812485
2026-05-14 16:17:00.882620+02:00,0.033659178763628006
2026-05-14 16:17:00.898245+02:00,0.036407750099897385
2026-05-14 16:17:00.913870+02:00,0.038760051131248474
2026-05-14 16:17:00.929495+02:00,0.04050803184509277
2026-05-14 16:17:00.945120+02:00,0.041358061134815216
2026-05-14 16:17:00.960745+02:00,0.04095176234841347
2026-05-14 16:17:00.976370+02:00,0.03892926499247551
2026-05-14 16:17:00.991995+02:00,0.03501689434051514
2026-05-14 16:17:01.007620+02:00,0.029111290350556374
2026-05-14 16:17:01.023245+02:00,0.02133587747812271
2026-05-14 16:17:01.038870+02:00,0.012055007740855217
2026-05-14 16:17:01.054495+02:00,0.0018393304198980331
2026-05-14 16:17:01.070120+02:00,-0.008609739132225513
2026-05-14 16:17:01.085745+02:00,-0.01855567656457424
2026-05-14 16:17:01.101370+02:00,-0.02732059545814991
2026-05-14 16:17:01.116995+02:00,-0.034360405057668686
2026-05-14 16:17:01.132620+02:00,-0.03931402415037155
2026-05-14 16:17:01.148245+02:00,-0.042027074843645096
2026-05-14 16:17:01.163870+02:00,-0.04255065694451332
2026-05-14 16:17:01.179495+02:00,-0.04111582413315773
2026-05-14 16:17:01.195120+02:00,-0.03808945044875145
2026-05-14 16:17:01.210745+02:00,-0.0339207723736763
2026-05-14 16:17:01.226370+02:00,-0.02908577024936676
2026-05-14 16:17:01.241995+02:00,-0.024033652618527412
2026-05-14 16:17:01.257620+02:00,-0.01914110593497753
2026-05-14 16:17:01.273245+02:00,-0.014681121334433556
2026-05-14 16:17:01.288870+02:00,-0.010809413157403469
2026-05-14 16:17:01.304495+02:00,-0.007566612213850021
2026-05-14 16:17:01.320120+02:00,-0.004893348552286625
2026-05-14 16:17:01.335745+02:00,-0.002655437681823969
2026-05-14 16:17:01.351370+02:00,-0.0006757131777703762
2026-05-14 16:17:01.366995+02:00,0.0012321006506681442
2026-05-14 16:17:01.382620+02:00,0.0032332674600183964
2026-05-14 16:17:01.398245+02:00,0.005450635217130184
2026-05-14 16:17:01.413870+02:00,0.007953567430377007
2026-05-14 16:17:01.429495+02:00,0.010755477473139763
2026-05-14 16:17:01.445120+02:00,0.013817908242344856
2026-05-14 16:17:01.460745+02:00,0.017060482874512672
2026-05-14 16:17:01.476370+02:00,0.020375557243824005
2026-05-14 16:17:01.491995+02:00,0.023644406348466873
2026-05-14 16:17:01.507620+02:00,0.026750395074486732
2026-05-14 16:17:01.523245+02:00,0.029584262520074844
2026-05-14 16:17:01.538870+02:00,0.03203491494059563
2026-05-14 16:17:01.554495+02:00,0.033961858600378036
2026-05-14 16:17:01.570120+02:00,0.035160839557647705
2026-05-14 16:17:01.585745+02:00,0.03535009175539017
2026-05-14 16:17:01.601370+02:00,0.034199751913547516
2026-05-14 16:17:01.616995+02:00,0.03140273317694664
2026-05-14 16:17:01.632620+02:00,0.026762573048472404
2026-05-14 16:17:01.648245+02:00,0.02026798576116562
2026-05-14 16:17:01.663870+02:00,0.012132588773965836
2026-05-14 16:17:01.679495+02:00,0.0027895327657461166
2026-05-14 16:17:01.695120+02:00,-0.00715805497020483
2026-05-14 16:17:01.710745+02:00,-0.017017336562275887
2026-05-14 16:17:01.726370+02:00,-0.0260974932461977
2026-05-14 16:17:01.741995+02:00,-0.03379567340016365
2026-05-14 16:17:01.757620+02:00,-0.03966240584850311
2026-05-14 16:17:01.773245+02:00,-0.04343841224908829
2026-05-14 16:17:01.788870+02:00,-0.04506446421146393
2026-05-14 16:17:01.804495+02:00,-0.04466947168111801
2026-05-14 16:17:01.820120+02:00,-0.04254047945141792
2026-05-14 16:17:01.835745+02:00,-0.039078231900930405
2026-05-14 16:17:01.851370+02:00,-0.034744732081890106
2026-05-14 16:17:01.866995+02:00,-0.03000832349061966
2026-05-14 16:17:01.882620+02:00,-0.02529090642929077
2026-05-14 16:17:01.898245+02:00,-0.020925398916006088
2026-05-14 16:17:01.913870+02:00,-0.01712951250374317
2026-05-14 16:17:01.929495+02:00,-0.013997083529829979
2026-05-14 16:17:01.945120+02:00,-0.011506720446050167
2026-05-14 16:17:01.960745+02:00,-0.009544694796204567
2026-05-14 16:17:01.976370+02:00,-0.007937276735901833
2026-05-14 16:17:01.991995+02:00,-0.006487268954515457
2026-05-14 16:17:02.007620+02:00,-0.005006628111004829
2026-05-14 16:17:02.023245+02:00,-0.003339617047458887
2026-05-14 16:17:02.038870+02:00,-0.001378689892590046
2026-05-14 16:17:02.054495+02:00,0.0009253425523638725
2026-05-14 16:17:02.070120+02:00,0.0035629980266094208
2026-05-14 16:17:02.085745+02:00,0.006476028822362423
2026-05-14 16:17:02.101370+02:00,0.009571505710482597
2026-05-14 16:17:02.116995+02:00,0.012736435979604721
2026-05-14 16:17:02.132620+02:00,0.015851501375436783
2026-05-14 16:17:02.148245+02:00,0.018796391785144806
2026-05-14 16:17:02.163870+02:00,0.021435517817735672
2026-05-14 16:17:02.179495+02:00,0.023586811497807503
2026-05-14 16:17:02.195120+02:00,0.024997534230351448
2026-05-14 16:17:02.210745+02:00,0.02535264566540718
2026-05-14 16:17:02.226370+02:00,0.024322394281625748
2026-05-14 16:17:02.241995+02:00,0.02163732796907425
2026-05-14 16:17:02.257620+02:00,0.017168253660202026
2026-05-14 16:17:02.273245+02:00,0.010985969565808773
2026-05-14 16:17:02.288870+02:00,0.003383474424481392
2026-05-14 16:17:02.304495+02:00,-0.00514617282897234
2026-05-14 16:17:02.320120+02:00,-0.013972930610179901
2026-05-14 16:17:02.335745+02:00,-0.022416643798351288
2026-05-14 16:17:02.351370+02:00,-0.029834965243935585
2026-05-14 16:17:02.366995+02:00,-0.03569739684462547
2026-05-14 16:17:02.382620+02:00,-0.03963926434516907
2026-05-14 16:17:02.398245+02:00,-0.041492659598588943
2026-05-14 16:17:02.413870+02:00,-0.04129143804311752
2026-05-14 16:17:02.429495+02:00,-0.03925110399723053
2026-05-14 16:17:02.445120+02:00,-0.03573046252131462
2026-05-14 16:17:02.460745+02:00,-0.031181998550891876
2026-05-14 16:17:02.476370+02:00,-0.02609374187886715
2026-05-14 16:17:02.491995+02:00,-0.020926333963871002
2026-05-14 16:17:02.507620+02:00,-0.016057012602686882
2026-05-14 16:17:02.523245+02:00,-0.011745216324925423
2026-05-14 16:17:02.538870+02:00,-0.008122190833091736
2026-05-14 16:17:02.554495+02:00,-0.005197553429752588
2026-05-14 16:17:02.570120+02:00,-0.002879138570278883
2026-05-14 16:17:02.585745+02:00,-0.0010036388412117958
2026-05-14 16:17:02.601370+02:00,0.0006275199120864272
2026-05-14 16:17:02.616995+02:00,0.0022127435076981783
2026-05-14 16:17:02.632620+02:00,0.003920699469745159
2026-05-14 16:17:02.648245+02:00,0.005871037486940622
2026-05-14 16:17:02.663870+02:00,0.00812678411602974
2026-05-14 16:17:02.679495+02:00,0.01069664116948843
2026-05-14 16:17:02.695120+02:00,0.01354288961738348
2026-05-14 16:17:02.710745+02:00,0.016591543331742287
2026-05-14 16:17:02.726370+02:00,0.019742902368307114
2026-05-14 16:17:02.741995+02:00,0.022876381874084473
2026-05-14 16:17:02.757620+02:00,0.025840621441602707
2026-05-14 16:17:02.773245+02:00,0.028429120779037476
2026-05-14 16:17:02.788870+02:00,0.030359866097569466
2026-05-14 16:17:02.804495+02:00,0.031285155564546585
2026-05-14 16:17:02.820120+02:00,0.030841799452900887
2026-05-14 16:17:02.835745+02:00,0.028729207813739777
2026-05-14 16:17:02.851370+02:00,0.02479192242026329
2026-05-14 16:17:02.866995+02:00,0.019081205129623413
2026-05-14 16:17:02.882620+02:00,0.011876950971782207
2026-05-14 16:17:02.898245+02:00,0.0036637482699006796
2026-05-14 16:17:02.913870+02:00,-0.004932825453579426
2026-05-14 16:17:02.929495+02:00,-0.01323290541768074
2026-05-14 16:17:02.945120+02:00,-0.020592402666807175
2026-05-14 16:17:02.960745+02:00,-0.026480291038751602
2026-05-14 16:17:02.976370+02:00,-0.03053157404065132
2026-05-14 16:17:02.991995+02:00,-0.03257360681891441
2026-05-14 16:17:03.007620+02:00,-0.032629452645778656
2026-05-14 16:17:03.023245+02:00,-0.03089999407529831
2026-05-14 16:17:03.038870+02:00,-0.02772657200694084
2026-05-14 16:17:03.054495+02:00,-0.023538688197731972
2026-05-14 16:17:03.070120+02:00,-0.01879483088850975
2026-05-14 16:17:03.085745+02:00,-0.013928007334470749
2026-05-14 16:17:03.101370+02:00,-0.0093021709471941
2026-05-14 16:17:03.116995+02:00,-0.005179885309189558
2026-05-14 16:17:03.132620+02:00,-0.001705830916762352
2026-05-14 16:17:03.148245+02:00,0.0010906173847615719
2026-05-14 16:17:03.163870+02:00,0.003278148826211691
2026-05-14 16:17:03.179495+02:00,0.004997021984308958
2026-05-14 16:17:03.195120+02:00,0.006427243817597628
2026-05-14 16:17:03.210745+02:00,0.007757196202874184
2026-05-14 16:17:03.226370+02:00,0.009158501401543617
2026-05-14 16:17:03.241995+02:00,0.010767370462417603
2026-05-14 16:17:03.257620+02:00,0.012671107426285744
2026-05-14 16:17:03.273245+02:00,0.014902064576745033
2026-05-14 16:17:03.288870+02:00,0.01743924990296364
2026-05-14 16:17:03.304495+02:00,0.020214863121509552
2026-05-14 16:17:03.320120+02:00,0.023124579340219498
2026-05-14 16:17:03.335745+02:00,0.026035800576210022
2026-05-14 16:17:03.351370+02:00,0.028781328350305557
2026-05-14 16:17:03.366995+02:00,0.03113679587841034
2026-05-14 16:17:03.382620+02:00,0.032803572714328766
2026-05-14 16:17:03.398245+02:00,0.03342358395457268
2026-05-14 16:17:03.413870+02:00,0.03263262286782265
2026-05-14 16:17:03.429495+02:00,0.030138561502099037
2026-05-14 16:17:03.445120+02:00,0.025800935924053192
2026-05-14 16:17:03.460745+02:00,0.019687263295054436
2026-05-14 16:17:03.476370+02:00,0.012090439908206463
2026-05-14 16:17:03.491995+02:00,0.0035039596259593964
2026-05-14 16:17:03.507620+02:00,-0.005440317094326019
2026-05-14 16:17:03.523245+02:00,-0.014059738256037235
2026-05-14 16:17:03.538870+02:00,-0.021713444963097572
2026-05-14 16:17:03.554495+02:00,-0.027879346162080765
2026-05-14 16:17:03.570120+02:00,-0.032204534858465195
2026-05-14 16:17:03.585745+02:00,-0.034527264535427094
2026-05-14 16:17:03.601370+02:00,-0.03487483784556389
2026-05-14 16:17:03.616995+02:00,-0.03344419226050377
2026-05-14 16:17:03.632620+02:00,-0.03056757152080536
2026-05-14 16:17:03.648245+02:00,-0.026664506644010544
2026-05-14 16:17:03.663870+02:00,-0.022186120972037315
2026-05-14 16:17:03.679495+02:00,-0.017560742795467377
2026-05-14 16:17:03.695120+02:00,-0.013149363920092583
2026-05-14 16:17:03.710745+02:00,-0.00921428669244051
2026-05-14 16:17:03.726370+02:00,-0.00590184610337019
2026-05-14 16:17:03.741995+02:00,-0.0032421965152025223
2026-05-14 16:17:03.757620+02:00,-0.0011650072410702705
2026-05-14 16:17:03.773245+02:00,0.0004747724160552025
2026-05-14 16:17:03.788870+02:00,0.0018649706616997719
2026-05-14 16:17:03.804495+02:00,0.003201688639819622
2026-05-14 16:17:03.820120+02:00,0.004658878315240145
2026-05-14 16:17:03.835745+02:00,0.0063673630356788635
2026-05-14 16:17:03.851370+02:00,0.008403468877077103
2026-05-14 16:17:03.866995+02:00,0.010786404833197594
2026-05-14 16:17:03.882620+02:00,0.013483768329024315
2026-05-14 16:17:03.898245+02:00,0.01642151176929474
2026-05-14 16:17:03.913870+02:00,0.019494744017720222
2026-05-14 16:17:03.929495+02:00,0.022573314607143402
2026-05-14 16:17:03.945120+02:00,0.025492094457149506
2026-05-14 16:17:03.960745+02:00,0.028026970103383064
2026-05-14 16:17:03.976370+02:00,0.02987680584192276
2026-05-14 16:17:03.991995+02:00,0.030677083879709244
2026-05-14 16:17:04.007620+02:00,0.030054716393351555
2026-05-14 16:17:04.023245+02:00,0.027708783745765686
2026-05-14 16:17:04.038870+02:00,0.02349245920777321
2026-05-14 16:17:04.054495+02:00,0.017474297434091568
2026-05-14 16:17:04.070120+02:00,0.009958541020751
2026-05-14 16:17:04.085745+02:00,0.0014543680008500814
2026-05-14 16:17:04.101370+02:00,-0.0073946574702858925
2026-05-14 16:17:04.116995+02:00,-0.01589987240731716
2026-05-14 16:17:04.132620+02:00,-0.02341802977025509
2026-05-14 16:17:04.148245+02:00,-0.02942661941051483
2026-05-14 16:17:04.163870+02:00,-0.03357318043708801
2026-05-14 16:17:04.179495+02:00,-0.03569904714822769
2026-05-14 16:17:04.195120+02:00,-0.03583960235118866
2026-05-14 16:17:04.210745+02:00,-0.03420126438140869
2026-05-14 16:17:04.226370+02:00,-0.03112030401825905
2026-05-14 16:17:04.241995+02:00,-0.027012396603822708
2026-05-14 16:17:04.257620+02:00,-0.02232079766690731
2026-05-14 16:17:04.273245+02:00,-0.017467375844717026
2026-05-14 16:17:04.288870+02:00,-0.012808752246201038
2026-05-14 16:17:04.304495+02:00,-0.008602921850979328
2026-05-14 16:17:04.320120+02:00,-0.004992984235286713
2026-05-14 16:17:04.335745+02:00,-0.002009160816669464
2026-05-14 16:17:04.351370+02:00,0.00041548535227775574
2026-05-14 16:17:04.366995+02:00,0.0024202223867177963
2026-05-14 16:17:04.382620+02:00,0.004184514284133911
2026-05-14 16:17:04.398245+02:00,0.005892271175980568
2026-05-14 16:17:04.413870+02:00,0.0077011133544147015
2026-05-14 16:17:04.429495+02:00,0.009723011404275894
2026-05-14 16:17:04.445120+02:00,0.012017188593745232
2026-05-14 16:17:04.460745+02:00,0.014592701569199562
2026-05-14 16:17:04.476370+02:00,0.01741473190486431
2026-05-14 16:17:04.491995+02:00,0.020411815494298935
2026-05-14 16:17:04.507620+02:00,0.02348603680729866
2026-05-14 16:17:04.523245+02:00,0.026522193104028702
2026-05-14 16:17:04.538870+02:00,0.029384028166532516
2026-05-14 16:17:04.554495+02:00,0.031891509890556335
2026-05-14 16:17:04.570120+02:00,0.03379347175359726
2026-05-14 16:17:04.585745+02:00,0.03476426750421524
2026-05-14 16:17:04.601370+02:00,0.03444216400384903
2026-05-14 16:17:04.616995+02:00,0.03250205144286156
2026-05-14 16:17:04.632620+02:00,0.028739083558321
2026-05-14 16:17:04.648245+02:00,0.023138662800192833
2026-05-14 16:17:04.663870+02:00,0.015911944210529327
2026-05-14 16:17:04.679495+02:00,0.007484728470444679
2026-05-14 16:17:04.695120+02:00,-0.0015544206835329533
2026-05-14 16:17:04.710745+02:00,-0.01053087878972292
2026-05-14 16:17:04.726370+02:00,-0.018771758303046227
2026-05-14 16:17:04.741995+02:00,-0.025688890367746353
2026-05-14 16:17:04.757620+02:00,-0.030842028558254242
2026-05-14 16:17:04.773245+02:00,-0.03397820144891739
2026-05-14 16:17:04.788870+02:00,-0.03504707291722298
2026-05-14 16:17:04.804495+02:00,-0.03419053554534912
2026-05-14 16:17:04.820120+02:00,-0.03170957416296005
2026-05-14 16:17:04.835745+02:00,-0.028015930205583572
2026-05-14 16:17:04.851370+02:00,-0.02357558161020279
2026-05-14 16:17:04.866995+02:00,-0.018850088119506836
2026-05-14 16:17:04.882620+02:00,-0.014242574572563171
2026-05-14 16:17:04.898245+02:00,-0.01005671825259924
2026-05-14 16:17:04.913870+02:00,-0.006475146859884262
2026-05-14 16:17:04.929495+02:00,-0.0035576894879341125
2026-05-14 16:17:04.945120+02:00,-0.0012550223618745804
2026-05-14 16:17:04.960745+02:00,0.0005670245736837387
2026-05-14 16:17:04.976370+02:00,0.0020953668281435966
2026-05-14 16:17:04.991995+02:00,0.0035335225984454155
2026-05-14 16:17:05.007620+02:00,0.0050680083222687244
2026-05-14 16:17:05.023245+02:00,0.006842621602118015
2026-05-14 16:17:05.038870+02:00,0.008942547254264355
2026-05-14 16:17:05.054495+02:00,0.011390475556254387
2026-05-14 16:17:05.070120+02:00,0.014154425822198391
2026-05-14 16:17:05.085745+02:00,0.017160646617412567
2026-05-14 16:17:05.101370+02:00,0.020305946469306946
2026-05-14 16:17:05.116995+02:00,0.0234660767018795
2026-05-14 16:17:05.132620+02:00,0.026491625234484673
2026-05-14 16:17:05.148245+02:00,0.029185952618718147
2026-05-14 16:17:05.163870+02:00,0.03127916902303696
2026-05-14 16:17:05.179495+02:00,0.032425764948129654
2026-05-14 16:17:05.195120+02:00,0.032243650406599045
2026-05-14 16:17:05.210745+02:00,0.030388856306672096
2026-05-14 16:17:05.226370+02:00,0.02664172649383545
2026-05-14 16:17:05.241995+02:00,0.020977765321731567
2026-05-14 16:17:05.257620+02:00,0.013604563660919666
2026-05-14 16:17:05.273245+02:00,0.004954153671860695
2026-05-14 16:17:05.288870+02:00,-0.004368816502392292
2026-05-14 16:17:05.304495+02:00,-0.013669263571500778
2026-05-14 16:17:05.320120+02:00,-0.02225472405552864
2026-05-14 16:17:05.335745+02:00,-0.029519785195589066
2026-05-14 16:17:05.351370+02:00,-0.03500749170780182
2026-05-14 16:17:05.366995+02:00,-0.038445450365543365
2026-05-14 16:17:05.382620+02:00,-0.03975973650813103
2026-05-14 16:17:05.398245+02:00,-0.03906763717532158
2026-05-14 16:17:05.413870+02:00,-0.03664998710155487
2026-05-14 16:17:05.429495+02:00,-0.032905615866184235
2026-05-14 16:17:05.445120+02:00,-0.028294038027524948
2026-05-14 16:17:05.460745+02:00,-0.02327640727162361
2026-05-14 16:17:05.476370+02:00,-0.018263516947627068
2026-05-14 16:17:05.491995+02:00,-0.013575732707977295
2026-05-14 16:17:05.507620+02:00,-0.009418481029570103
2026-05-14 16:17:05.523245+02:00,-0.005875741131603718
2026-05-14 16:17:05.538870+02:00,-0.002920985221862793
2026-05-14 16:17:05.554495+02:00,-0.0004423949867486954
2026-05-14 16:17:05.570120+02:00,0.0017242757603526115
2026-05-14 16:17:05.585745+02:00,0.0037620998919010162
2026-05-14 16:17:05.601370+02:00,0.0058428701013326645
2026-05-14 16:17:05.616995+02:00,0.008104132488369942
2026-05-14 16:17:05.632620+02:00,0.010634435340762138
2026-05-14 16:17:05.648245+02:00,0.013465975411236286
2026-05-14 16:17:05.663870+02:00,0.016576113179326057
2026-05-14 16:17:05.679495+02:00,0.019898010417819023
2026-05-14 16:17:05.695120+02:00,0.023335974663496017
2026-05-14 16:17:05.710745+02:00,0.026779145002365112
2026-05-14 16:17:05.726370+02:00,0.03010733425617218
2026-05-14 16:17:05.741995+02:00,0.03318236023187637
2026-05-14 16:17:05.757620+02:00,0.0358218289911747
2026-05-14 16:17:05.773245+02:00,0.037768661975860596
2026-05-14 16:17:05.788870+02:00,0.03868488967418671
2026-05-14 16:17:05.804495+02:00,0.038187988102436066
2026-05-14 16:17:05.820120+02:00,0.035923853516578674
2026-05-14 16:17:05.835745+02:00,0.03165725991129875
2026-05-14 16:17:05.851370+02:00,0.02535327337682247
2026-05-14 16:17:05.866995+02:00,0.01722249761223793
2026-05-14 16:17:05.882620+02:00,0.007715968880802393
2026-05-14 16:17:05.898245+02:00,-0.0025305456947535276
2026-05-14 16:17:05.913870+02:00,-0.012787334620952606
2026-05-14 16:17:05.929495+02:00,-0.02232884056866169
2026-05-14 16:17:05.945120+02:00,-0.03051874041557312
2026-05-14 16:17:05.960745+02:00,-0.036873966455459595
2026-05-14 16:17:05.976370+02:00,-0.041103217750787735
2026-05-14 16:17:05.991995+02:00,-0.04311954602599144
2026-05-14 16:17:06.007620+02:00,-0.04303021728992462
2026-05-14 16:17:06.023245+02:00,-0.04110739007592201
2026-05-14 16:17:06.038870+02:00,-0.03774343803524971
2026-05-14 16:17:06.054495+02:00,-0.03339617699384689
2026-05-14 16:17:06.070120+02:00,-0.02853141725063324
2026-05-14 16:17:06.085745+02:00,-0.023569801822304726
2026-05-14 16:17:06.101370+02:00,-0.018843695521354675
2026-05-14 16:17:06.116995+02:00,-0.014570670202374458
2026-05-14 16:17:06.132620+02:00,-0.010847561061382294
2026-05-14 16:17:06.148245+02:00,-0.007662544492632151
2026-05-14 16:17:06.163870+02:00,-0.0049187615513801575
2026-05-14 16:17:06.179495+02:00,-0.002463473007082939
2026-05-14 16:17:06.195120+02:00,-0.0001196572557091713
2026-05-14 16:17:06.210745+02:00,0.002282517496496439
2026-05-14 16:17:06.226370+02:00,0.004878946114331484
2026-05-14 16:17:06.241995+02:00,0.007754334714263678
2026-05-14 16:17:06.257620+02:00,0.010936314240098
2026-05-14 16:17:06.273245+02:00,0.014399881474673748
2026-05-14 16:17:06.288870+02:00,0.018079077824950218
2026-05-14 16:17:06.304495+02:00,0.021880142390727997
2026-05-14 16:17:06.320120+02:00,0.02569274976849556
2026-05-14 16:17:06.335745+02:00,0.029399996623396873
2026-05-14 16:17:06.351370+02:00,0.03288273513317108
2026-05-14 16:17:06.366995+02:00,0.03600844740867615
2026-05-14 16:17:06.382620+02:00,0.03860268369317055
2026-05-14 16:17:06.398245+02:00,0.04041862487792969
2026-05-14 16:17:06.413870+02:00,0.04113108664751053
2026-05-14 16:17:06.429495+02:00,0.04037206992506981
2026-05-14 16:17:06.445120+02:00,0.03780391067266464
2026-05-14 16:17:06.460745+02:00,0.03320924937725067
2026-05-14 16:17:06.476370+02:00,0.026569334790110588
2026-05-14 16:17:06.491995+02:00,0.01810656487941742
2026-05-14 16:17:06.507620+02:00,0.00828030239790678
2026-05-14 16:17:06.523245+02:00,-0.0022650049068033695
2026-05-14 16:17:06.538870+02:00,-0.012788791209459305
2026-05-14 16:17:06.554495+02:00,-0.022555502131581306
2026-05-14 16:17:06.570120+02:00,-0.030923163518309593
2026-05-14 16:17:06.585745+02:00,-0.037407077848911285
2026-05-14 16:17:06.601370+02:00,-0.041716258972883224
2026-05-14 16:17:06.616995+02:00,-0.04376545920968056
2026-05-14 16:17:06.632620+02:00,-0.04366631060838699
2026-05-14 16:17:06.648245+02:00,-0.041699644178152084
2026-05-14 16:17:06.663870+02:00,-0.03827086091041565
2026-05-14 16:17:06.679495+02:00,-0.03385266289114952
2026-05-14 16:17:06.695120+02:00,-0.028924735262989998
2026-05-14 16:17:06.710745+02:00,-0.02391987480223179
2026-05-14 16:17:06.726370+02:00,-0.01918184943497181
2026-05-14 16:17:06.741995+02:00,-0.01493882667273283
2026-05-14 16:17:06.757620+02:00,-0.011295058764517307
2026-05-14 16:17:06.773245+02:00,-0.008239643648266792
2026-05-14 16:17:06.788870+02:00,-0.005667748395353556
2026-05-14 16:17:06.804495+02:00,-0.003410837845876813
2026-05-14 16:17:06.820120+02:00,-0.001273981761187315
2026-05-14 16:17:06.835745+02:00,0.0009250855073332787
2026-05-14 16:17:06.851370+02:00,0.003325209952890873
2026-05-14 16:17:06.866995+02:00,0.006007371004670858
2026-05-14 16:17:06.882620+02:00,0.008994685485959053
2026-05-14 16:17:06.898245+02:00,0.012258893810212612
2026-05-14 16:17:06.913870+02:00,0.01572873815894127
2026-05-14 16:17:06.929495+02:00,0.019301781430840492
2026-05-14 16:17:06.945120+02:00,0.02286137267947197
2026-05-14 16:17:06.960745+02:00,0.02629394456744194
2026-05-14 16:17:06.976370+02:00,0.029497291892766953
2026-05-14 16:17:06.991995+02:00,0.03237082064151764
2026-05-14 16:17:07.007620+02:00,0.03478424996137619
2026-05-14 16:17:07.023245+02:00,0.0365368090569973
2026-05-14 16:17:07.038870+02:00,0.0373358279466629
2026-05-14 16:17:07.054495+02:00,0.03681902587413788
2026-05-14 16:17:07.070120+02:00,0.03462037816643715
2026-05-14 16:17:07.085745+02:00,0.030460525304079056
2026-05-14 16:17:07.101370+02:00,0.024236299097537994
2026-05-14 16:17:07.116995+02:00,0.016082728281617165
2026-05-14 16:17:07.132620+02:00,0.006386851891875267
2026-05-14 16:17:07.148245+02:00,-0.0042522503063082695
2026-05-14 16:17:07.163870+02:00,-0.015104670077562332
2026-05-14 16:17:07.179495+02:00,-0.025409258902072906
2026-05-14 16:17:07.195120+02:00,-0.034468695521354675
2026-05-14 16:17:07.210745+02:00,-0.04172408580780029
2026-05-14 16:17:07.226370+02:00,-0.046803757548332214
2026-05-14 16:17:07.241995+02:00,-0.04954686388373375
2026-05-14 16:17:07.257620+02:00,-0.05000224709510803
2026-05-14 16:17:07.273245+02:00,-0.04840431734919548
2026-05-14 16:17:07.288870+02:00,-0.04513052850961685
2026-05-14 16:17:07.304495+02:00,-0.040646787732839584
2026-05-14 16:17:07.320120+02:00,-0.03544814512133598
2026-05-14 16:17:07.335745+02:00,-0.030002411454916
2026-05-14 16:17:07.351370+02:00,-0.02470332570374012
2026-05-14 16:17:07.366995+02:00,-0.019837163388729095
2026-05-14 16:17:07.382620+02:00,-0.01556434016674757
2026-05-14 16:17:07.398245+02:00,-0.011918049305677414
2026-05-14 16:17:07.413870+02:00,-0.0088201854377985
2026-05-14 16:17:07.429495+02:00,-0.006111524999141693
2026-05-14 16:17:07.445120+02:00,-0.0035909712314605713
2026-05-14 16:17:07.460745+02:00,-0.0010558022186160088
2026-05-14 16:17:07.476370+02:00,0.00166477938182652
2026-05-14 16:17:07.491995+02:00,0.004687287379056215
2026-05-14 16:17:07.507620+02:00,0.0080642681568861
2026-05-14 16:17:07.523245+02:00,0.011784564703702927
2026-05-14 16:17:07.538870+02:00,0.015780705958604813
2026-05-14 16:17:07.554495+02:00,0.019943363964557648
2026-05-14 16:17:07.570120+02:00,0.024139922112226486
2026-05-14 16:17:07.585745+02:00,0.028232716023921967
2026-05-14 16:17:07.601370+02:00,0.03209453821182251
2026-05-14 16:17:07.616995+02:00,0.0356144905090332
2026-05-14 16:17:07.632620+02:00,0.03868236765265465
2026-05-14 16:17:07.648245+02:00,0.041149552911520004
2026-05-14 16:17:07.663870+02:00,0.042787522077560425
2026-05-14 16:17:07.679495+02:00,0.04327661171555519
2026-05-14 16:17:07.695120+02:00,0.042243070900440216
2026-05-14 16:17:07.710745+02:00,0.03933800756931305
2026-05-14 16:17:07.726370+02:00,0.0343332402408123
2026-05-14 16:17:07.741995+02:00,0.027203332632780075
2026-05-14 16:17:07.757620+02:00,0.018171709030866623
2026-05-14 16:17:07.773245+02:00,0.007708784192800522
2026-05-14 16:17:07.788870+02:00,-0.0035202177241444588
2026-05-14 16:17:07.804495+02:00,-0.014744939282536507
2026-05-14 16:17:07.820120+02:00,-0.025192465633153915
2026-05-14 16:17:07.835745+02:00,-0.034179676324129105
2026-05-14 16:17:07.851370+02:00,-0.04118236526846886
2026-05-14 16:17:07.866995+02:00,-0.04587683826684952
2026-05-14 16:17:07.882620+02:00,-0.048155732452869415
2026-05-14 16:17:07.898245+02:00,-0.04812094196677208
2026-05-14 16:17:07.913870+02:00,-0.04605437070131302
2026-05-14 16:17:07.929495+02:00,-0.04237043857574463
2026-05-14 16:17:07.945120+02:00,-0.037558212876319885
2026-05-14 16:17:07.960745+02:00,-0.032121580094099045
2026-05-14 16:17:07.976370+02:00,-0.026523657143115997
2026-05-14 16:17:07.991995+02:00,-0.02113923989236355
2026-05-14 16:17:08.007620+02:00,-0.01622151955962181
2026-05-14 16:17:08.023245+02:00,-0.011890565045177937
2026-05-14 16:17:08.038870+02:00,-0.008143298327922821
2026-05-14 16:17:08.054495+02:00,-0.00487854378297925
2026-05-14 16:17:08.070120+02:00,-0.0019310242496430874
2026-05-14 16:17:08.085745+02:00,0.0008904365822672844
2026-05-14 16:17:08.101370+02:00,0.003766487119719386
2026-05-14 16:17:08.116995+02:00,0.006839265581220388
2026-05-14 16:17:08.132620+02:00,0.010195192880928516
2026-05-14 16:17:08.148245+02:00,0.013857420533895493
2026-05-14 16:17:08.163870+02:00,0.017788369208574295
2026-05-14 16:17:08.179495+02:00,0.021902337670326233
2026-05-14 16:17:08.195120+02:00,0.02608412690460682
2026-05-14 16:17:08.210745+02:00,0.030208770185709
2026-05-14 16:17:08.226370+02:00,0.03415866196155548
2026-05-14 16:17:08.241995+02:00,0.037833064794540405
2026-05-14 16:17:08.257620+02:00,0.041144032031297684
2026-05-14 16:17:08.273245+02:00,0.043992701917886734
2026-05-14 16:17:08.288870+02:00,0.04622733220458031
2026-05-14 16:17:08.304495+02:00,0.047604259103536606
2026-05-14 16:17:08.320120+02:00,0.047781966626644135
2026-05-14 16:17:08.335745+02:00,0.04636313393712044
2026-05-14 16:17:08.351370+02:00,0.04297984018921852
2026-05-14 16:17:08.366995+02:00,0.03739914298057556
2026-05-14 16:17:08.382620+02:00,0.029612194746732712
2026-05-14 16:17:08.398245+02:00,0.019876258447766304
2026-05-14 16:17:08.413870+02:00,0.008702598512172699
2026-05-14 16:17:08.429495+02:00,-0.0032021482475101948
2026-05-14 16:17:08.445120+02:00,-0.015029646456241608
2026-05-14 16:17:08.460745+02:00,-0.025976622477173805
2026-05-14 16:17:08.476370+02:00,-0.035339388996362686
2026-05-14 16:17:08.491995+02:00,-0.04258463531732559
2026-05-14 16:17:08.507620+02:00,-0.04739387705922127
2026-05-14 16:17:08.523245+02:00,-0.04967885836958885
2026-05-14 16:17:08.538870+02:00,-0.04956918954849243
2026-05-14 16:17:08.554495+02:00,-0.047378070652484894
2026-05-14 16:17:08.570120+02:00,-0.04355163127183914
2026-05-14 16:17:08.585745+02:00,-0.03860701993107796
2026-05-14 16:17:08.601370+02:00,-0.03306768089532852
2026-05-14 16:17:08.616995+02:00,-0.027406591922044754
2026-05-14 16:17:08.632620+02:00,-0.022002683952450752
2026-05-14 16:17:08.648245+02:00,-0.017112119123339653
2026-05-14 16:17:08.663870+02:00,-0.012858551926910877
2026-05-14 16:17:08.679495+02:00,-0.009241322986781597
2026-05-14 16:17:08.695120+02:00,-0.006156756542623043
2026-05-14 16:17:08.710745+02:00,-0.0034304652363061905
2026-05-14 16:17:08.726370+02:00,-0.0008551049395464361
2026-05-14 16:17:08.741995+02:00,0.0017727159429341555
2026-05-14 16:17:08.757620+02:00,0.004618945997208357
2026-05-14 16:17:08.773245+02:00,0.007787277922034264
2026-05-14 16:17:08.788870+02:00,0.011308470740914345
2026-05-14 16:17:08.804495+02:00,0.015145203098654747
2026-05-14 16:17:08.820120+02:00,0.019209232181310654
2026-05-14 16:17:08.835745+02:00,0.023381423205137253
2026-05-14 16:17:08.851370+02:00,0.027529161423444748
2026-05-14 16:17:08.866995+02:00,0.0315232090651989
2026-05-14 16:17:08.882620+02:00,0.035250820219516754
2026-05-14 16:17:08.898245+02:00,0.038616012781858444
2026-05-14 16:17:08.913870+02:00,0.04151933267712593
2026-05-14 16:17:08.929495+02:00,0.04381698742508888
2026-05-14 16:17:08.945120+02:00,0.0452786386013031
2026-05-14 16:17:08.960745+02:00,0.04557688534259796
2026-05-14 16:17:08.976370+02:00,0.04432576522231102
2026-05-14 16:17:08.991995+02:00,0.04115922003984451
2026-05-14 16:17:09.007620+02:00,0.03582905977964401
2026-05-14 16:17:09.023245+02:00,0.028295770287513733
2026-05-14 16:17:09.038870+02:00,0.018782205879688263
2026-05-14 16:17:09.054495+02:00,0.0077733248472213745
2026-05-14 16:17:09.070120+02:00,-0.0040360791608691216
2026-05-14 16:17:09.085745+02:00,-0.015831978991627693
2026-05-14 16:17:09.101370+02:00,-0.026788923889398575
2026-05-14 16:17:09.116995+02:00,-0.03617250919342041
2026-05-14 16:17:09.132620+02:00,-0.04342089965939522
2026-05-14 16:17:09.148245+02:00,-0.04819633066654205
2026-05-14 16:17:09.163870+02:00,-0.05040254071354866
2026-05-14 16:17:09.179495+02:00,-0.050171852111816406
2026-05-14 16:17:09.195120+02:00,-0.047829560935497284
2026-05-14 16:17:09.210745+02:00,-0.04384109750390053
2026-05-14 16:17:09.226370+02:00,-0.038747791200876236
2026-05-14 16:17:09.241995+02:00,-0.033099979162216187
2026-05-14 16:17:09.257620+02:00,-0.02739620953798294
2026-05-14 16:17:09.273245+02:00,-0.022035352885723114
2026-05-14 16:17:09.288870+02:00,-0.017285916954278946
2026-05-14 16:17:09.304495+02:00,-0.01327467616647482
2026-05-14 16:17:09.320120+02:00,-0.009994170628488064
2026-05-14 16:17:09.335745+02:00,-0.007325895596295595
2026-05-14 16:17:09.351370+02:00,-0.005075170658528805
2026-05-14 16:17:09.366995+02:00,-0.0030124785844236612
2026-05-14 16:17:09.382620+02:00,-0.0009141364134848118
2026-05-14 16:17:09.398245+02:00,0.0014044195413589478
2026-05-14 16:17:09.413870+02:00,0.004066333174705505
2026-05-14 16:17:09.429495+02:00,0.007123081479221582
2026-05-14 16:17:09.445120+02:00,0.010555649176239967
2026-05-14 16:17:09.460745+02:00,0.014285124838352203
2026-05-14 16:17:09.476370+02:00,0.01819053664803505
2026-05-14 16:17:09.491995+02:00,0.02212962694466114
2026-05-14 16:17:09.507620+02:00,0.025957884266972542
2026-05-14 16:17:09.523245+02:00,0.029543690383434296
2026-05-14 16:17:09.538870+02:00,0.032774511724710464
2026-05-14 16:17:09.554495+02:00,0.035545796155929565
2026-05-14 16:17:09.570120+02:00,0.03772812336683273
2026-05-14 16:17:09.585745+02:00,0.03912397474050522
2026-05-14 16:17:09.601370+02:00,0.0394446924328804
2026-05-14 16:17:09.616995+02:00,0.03833423927426338
2026-05-14 16:17:09.632620+02:00,0.03543846309185028
2026-05-14 16:17:09.648245+02:00,0.030498264357447624
2026-05-14 16:17:09.663870+02:00,0.023440198972821236
2026-05-14 16:17:09.679495+02:00,0.014437854290008545
2026-05-14 16:17:09.695120+02:00,0.003923961892724037
2026-05-14 16:17:09.710745+02:00,-0.007451903074979782
2026-05-14 16:17:09.726370+02:00,-0.018908482044935226
2026-05-14 16:17:09.741995+02:00,-0.02963736467063427
2026-05-14 16:17:09.757620+02:00,-0.03890303522348404
2026-05-14 16:17:09.773245+02:00,-0.046123992651700974
2026-05-14 16:17:09.788870+02:00,-0.05092843994498253
2026-05-14 16:17:09.804495+02:00,-0.05318143218755722
2026-05-14 16:17:09.820120+02:00,-0.0529835969209671
2026-05-14 16:17:09.835745+02:00,-0.050642386078834534
2026-05-14 16:17:09.851370+02:00,-0.04661886766552925
2026-05-14 16:17:09.866995+02:00,-0.04145989194512367
2026-05-14 16:17:09.882620+02:00,-0.03572753071784973
2026-05-14 16:17:09.898245+02:00,-0.029934857040643692
2026-05-14 16:17:09.913870+02:00,-0.02449573576450348
2026-05-14 16:17:09.929495+02:00,-0.019692085683345795
2026-05-14 16:17:09.945120+02:00,-0.01565966010093689
2026-05-14 16:17:09.960745+02:00,-0.012393981218338013
2026-05-14 16:17:09.976370+02:00,-0.00977427326142788
2026-05-14 16:17:09.991995+02:00,-0.007599741220474243
2026-05-14 16:17:10.007620+02:00,-0.005632166285067797
2026-05-14 16:17:10.023245+02:00,-0.0036378370132297277
2026-05-14 16:17:10.038870+02:00,-0.0014222804456949234
2026-05-14 16:17:10.054495+02:00,0.0011465030256658792
2026-05-14 16:17:10.070120+02:00,0.004128892906010151
2026-05-14 16:17:10.085745+02:00,0.007516106590628624
2026-05-14 16:17:10.101370+02:00,0.011240598745644093
2026-05-14 16:17:10.116995+02:00,0.015194188803434372
2026-05-14 16:17:10.132620+02:00,0.01924818567931652
2026-05-14 16:17:10.148245+02:00,0.023264454677700996
2026-05-14 16:17:10.163870+02:00,0.027089903131127357
2026-05-14 16:17:10.179495+02:00,0.030531495809555054
2026-05-14 16:17:10.195120+02:00,0.03332279250025749
2026-05-14 16:17:10.210745+02:00,0.035112131386995316
2026-05-14 16:17:10.226370+02:00,0.03549712896347046
2026-05-14 16:17:10.241995+02:00,0.03410160541534424
2026-05-14 16:17:10.257620+02:00,0.030669907107949257
2026-05-14 16:17:10.273245+02:00,0.025149913504719734
2026-05-14 16:17:10.288870+02:00,0.01774068921804428
2026-05-14 16:17:10.304495+02:00,0.008890076540410519
2026-05-14 16:17:10.320120+02:00,-0.0007552811875939369
2026-05-14 16:17:10.335745+02:00,-0.010432949289679527
2026-05-14 16:17:10.351370+02:00,-0.019365284591913223
2026-05-14 16:17:10.366995+02:00,-0.026858653873205185
2026-05-14 16:17:10.382620+02:00,-0.03238137811422348
2026-05-14 16:17:10.398245+02:00,-0.0356127992272377
2026-05-14 16:17:10.413870+02:00,-0.03646457567811012
2026-05-14 16:17:10.429495+02:00,-0.035073257982730865
2026-05-14 16:17:10.445120+02:00,-0.03176618739962578
2026-05-14 16:17:10.460745+02:00,-0.02700948156416416
2026-05-14 16:17:10.476370+02:00,-0.021345263347029686
2026-05-14 16:17:10.491995+02:00,-0.015322953462600708
2026-05-14 16:17:10.507620+02:00,-0.009434674866497517
2026-05-14 16:17:10.523245+02:00,-0.004066281486302614
2026-05-14 16:17:10.538870+02:00,0.0005325505626387894
2026-05-14 16:17:10.554495+02:00,0.004259639885276556
2026-05-14 16:17:10.570120+02:00,0.007150109391659498
2026-05-14 16:17:10.585745+02:00,0.009345678612589836
2026-05-14 16:17:10.601370+02:00,0.011054150760173798
2026-05-14 16:17:10.616995+02:00,0.012508930638432503
2026-05-14 16:17:10.632620+02:00,0.013931977562606335
2026-05-14 16:17:10.648245+02:00,0.015503082424402237
2026-05-14 16:17:10.663870+02:00,0.017339950427412987
2026-05-14 16:17:10.679495+02:00,0.019492270424962044
2026-05-14 16:17:10.695120+02:00,0.021947847679257393
2026-05-14 16:17:10.710745+02:00,0.024644648656249046
2026-05-14 16:17:10.726370+02:00,0.027484161779284477
2026-05-14 16:17:10.741995+02:00,0.030343931168317795
2026-05-14 16:17:10.757620+02:00,0.033083725720644
2026-05-14 16:17:10.773245+02:00,0.035535626113414764
2026-05-14 16:17:10.788870+02:00,0.03747636079788208
2026-05-14 16:17:10.804495+02:00,0.03860066831111908
2026-05-14 16:17:10.820120+02:00,0.038526203483343124
2026-05-14 16:17:10.835745+02:00,0.03684583678841591
2026-05-14 16:17:10.851370+02:00,0.03321649134159088
2026-05-14 16:17:10.866995+02:00,0.02745651826262474
2026-05-14 16:17:10.882620+02:00,0.019619576632976532
2026-05-14 16:17:10.898245+02:00,0.01002186257392168
2026-05-14 16:17:10.913870+02:00,-0.0007835133001208305
2026-05-14 16:17:10.929495+02:00,-0.012076410464942455
2026-05-14 16:17:10.945120+02:00,-0.023065753281116486
2026-05-14 16:17:10.960745+02:00,-0.03299076110124588
2026-05-14 16:17:10.976370+02:00,-0.04120901599526405
2026-05-14 16:17:10.991995+02:00,-0.04725953936576843
2026-05-14 16:17:11.007620+02:00,-0.05089843273162842
2026-05-14 16:17:11.023245+02:00,-0.052108846604824066
2026-05-14 16:17:11.038870+02:00,-0.05108470097184181
2026-05-14 16:17:11.054495+02:00,-0.048190802335739136
2026-05-14 16:17:11.070120+02:00,-0.04390797019004822
2026-05-14 16:17:11.085745+02:00,-0.03877056762576103
2026-05-14 16:17:11.101370+02:00,-0.03330153226852417
2026-05-14 16:17:11.116995+02:00,-0.027952857315540314
2026-05-14 16:17:11.132620+02:00,-0.023061305284500122
2026-05-14 16:17:11.148245+02:00,-0.018825659528374672
2026-05-14 16:17:11.163870+02:00,-0.015306090004742146
2026-05-14 16:17:11.179495+02:00,-0.012441975064575672
2026-05-14 16:17:11.195120+02:00,-0.010082640685141087
2026-05-14 16:17:11.210745+02:00,-0.008025000803172588
2026-05-14 16:17:11.226370+02:00,-0.0060519990511238575
2026-05-14 16:17:11.241995+02:00,-0.00396559527143836
2026-05-14 16:17:11.257620+02:00,-0.0016105298418551683
2026-05-14 16:17:11.273245+02:00,0.0011109404731541872
2026-05-14 16:17:11.288870+02:00,0.004233300220221281
2026-05-14 16:17:11.304495+02:00,0.007731427438557148
2026-05-14 16:17:11.320120+02:00,0.011530645191669464
2026-05-14 16:17:11.335745+02:00,0.015520253218710423
2026-05-14 16:17:11.351370+02:00,0.01956789754331112
2026-05-14 16:17:11.366995+02:00,0.023524612188339233
2026-05-14 16:17:11.382620+02:00,0.027206402271986008
2026-05-14 16:17:11.398245+02:00,0.03035755455493927
2026-05-14 16:17:11.413870+02:00,0.032629452645778656
2026-05-14 16:17:11.429495+02:00,0.0336042158305645
2026-05-14 16:17:11.445120+02:00,0.03286216780543327
2026-05-14 16:17:11.460745+02:00,0.03007395565509796
2026-05-14 16:17:11.476370+02:00,0.025092316791415215
2026-05-14 16:17:11.491995+02:00,0.01801641844213009
2026-05-14 16:17:11.507620+02:00,0.0092109190300107
2026-05-14 16:17:11.523245+02:00,-0.000724608195014298
2026-05-14 16:17:11.538870+02:00,-0.01103227585554123
2026-05-14 16:17:11.554495+02:00,-0.0209013894200325
2026-05-14 16:17:11.570120+02:00,-0.029573434963822365
2026-05-14 16:17:11.585745+02:00,-0.03642747923731804
2026-05-14 16:17:11.601370+02:00,-0.04104134812951088
2026-05-14 16:17:11.616995+02:00,-0.04322459176182747
2026-05-14 16:17:11.632620+02:00,-0.04302080348134041
2026-05-14 16:17:11.648245+02:00,-0.040682610124349594
2026-05-14 16:17:11.663870+02:00,-0.03662557154893875
2026-05-14 16:17:11.679495+02:00,-0.03136802092194557
2026-05-14 16:17:11.695120+02:00,-0.02546343393623829
2026-05-14 16:17:11.710745+02:00,-0.019433269277215004
2026-05-14 16:17:11.726370+02:00,-0.01370993722230196
2026-05-14 16:17:11.741995+02:00,-0.008597850799560547
2026-05-14 16:17:11.757620+02:00,-0.004256881773471832
2026-05-14 16:17:11.773245+02:00,-0.0007075611501932144
2026-05-14 16:17:11.788870+02:00,0.002148129977285862
2026-05-14 16:17:11.804495+02:00,0.0044945646077394485
2026-05-14 16:17:11.820120+02:00,0.0065612588077783585
2026-05-14 16:17:11.835745+02:00,0.008580954745411873
2026-05-14 16:17:11.851370+02:00,0.010755158960819244
2026-05-14 16:17:11.866995+02:00,0.013229728676378727
2026-05-14 16:17:11.882620+02:00,0.016083115711808205
2026-05-14 16:17:11.898245+02:00,0.019327400252223015
2026-05-14 16:17:11.913870+02:00,0.022916147485375404
2026-05-14 16:17:11.929495+02:00,0.026754701510071754
2026-05-14 16:17:11.945120+02:00,0.03071245551109314
2026-05-14 16:17:11.960745+02:00,0.034631431102752686
2026-05-14 16:17:11.976370+02:00,0.03831886872649193
2026-05-14 16:17:11.991995+02:00,0.04152173176407814
2026-05-14 16:17:12.007620+02:00,0.04390363395214081
2026-05-14 16:17:12.023245+02:00,0.0450533889234066
2026-05-14 16:17:12.038870+02:00,0.044540438801050186
2026-05-14 16:17:12.054495+02:00,0.04200667142868042
2026-05-14 16:17:12.070120+02:00,0.037263818085193634
2026-05-14 16:17:12.085745+02:00,0.03036554902791977
2026-05-14 16:17:12.101370+02:00,0.021634865552186966
2026-05-14 16:17:12.116995+02:00,0.011639140546321869
2026-05-14 16:17:12.132620+02:00,0.0011186311021447182
2026-05-14 16:17:12.148245+02:00,-0.009114615619182587
2026-05-14 16:17:12.163870+02:00,-0.018284989520907402
2026-05-14 16:17:12.179495+02:00,-0.02574707567691803
2026-05-14 16:17:12.195120+02:00,-0.031051553785800934
2026-05-14 16:17:12.210745+02:00,-0.033979516476392746
2026-05-14 16:17:12.226370+02:00,-0.03454635664820671
2026-05-14 16:17:12.241995+02:00,-0.03297809511423111
2026-05-14 16:17:12.257620+02:00,-0.02966662496328354
2026-05-14 16:17:12.273245+02:00,-0.025111962109804153
2026-05-14 16:17:12.288870+02:00,-0.019857555627822876
2026-05-14 16:17:12.304495+02:00,-0.014424583874642849
2026-05-14 16:17:12.320120+02:00,-0.009253749623894691
2026-05-14 16:17:12.335745+02:00,-0.004663719795644283
2026-05-14 16:17:12.351370+02:00,-0.0008311215788125992
2026-05-14 16:17:12.366995+02:00,0.0022089816629886627
2026-05-14 16:17:12.382620+02:00,0.00454484298825264
2026-05-14 16:17:12.398245+02:00,0.006354564800858498
2026-05-14 16:17:12.413870+02:00,0.007864126935601234
2026-05-14 16:17:12.429495+02:00,0.00930577702820301
2026-05-14 16:17:12.445120+02:00,0.010882728733122349
2026-05-14 16:17:12.460745+02:00,0.012744731269776821
2026-05-14 16:17:12.476370+02:00,0.014976900070905685
2026-05-14 16:17:12.491995+02:00,0.017598532140254974
2026-05-14 16:17:12.507620+02:00,0.020568087697029114
2026-05-14 16:17:12.523245+02:00,0.023794008418917656
2026-05-14 16:17:12.538870+02:00,0.02714756317436695
2026-05-14 16:17:12.554495+02:00,0.030467640608549118
2026-05-14 16:17:12.570120+02:00,0.03354763984680176
2026-05-14 16:17:12.585745+02:00,0.036108262836933136
2026-05-14 16:17:12.601370+02:00,0.037781983613967896
2026-05-14 16:17:12.616995+02:00,0.03813721239566803
2026-05-14 16:17:12.632620+02:00,0.036746736615896225
2026-05-14 16:17:12.648245+02:00,0.03328219801187515
2026-05-14 16:17:12.663870+02:00,0.0276060551404953
2026-05-14 16:17:12.679495+02:00,0.01983434520661831
2026-05-14 16:17:12.695120+02:00,0.010352952405810356
2026-05-14 16:17:12.710745+02:00,-0.00021923205349594355
2026-05-14 16:17:12.726370+02:00,-0.011112542822957039
2026-05-14 16:17:12.741995+02:00,-0.02151242457330227
2026-05-14 16:17:12.757620+02:00,-0.030664317309856415
2026-05-14 16:17:12.773245+02:00,-0.03795994073152542
2026-05-14 16:17:12.788870+02:00,-0.042995840311050415
2026-05-14 16:17:12.804495+02:00,-0.045601051300764084
2026-05-14 16:17:12.820120+02:00,-0.045834943652153015
2026-05-14 16:17:12.835745+02:00,-0.04395919665694237
2026-05-14 16:17:12.851370+02:00,-0.040389228612184525
2026-05-14 16:17:12.866995+02:00,-0.03563206270337105
2026-05-14 16:17:12.882620+02:00,-0.03022087551653385
2026-05-14 16:17:12.898245+02:00,-0.024655353277921677
2026-05-14 16:17:12.913870+02:00,-0.0193508118391037
2026-05-14 16:17:12.929495+02:00,-0.014599794521927834
2026-05-14 16:17:12.945120+02:00,-0.010553987696766853
2026-05-14 16:17:12.960745+02:00,-0.00722934165969491
2026-05-14 16:17:12.976370+02:00,-0.004529362078756094
2026-05-14 16:17:12.991995+02:00,-0.002279754262417555
2026-05-14 16:17:13.007620+02:00,-0.000268405769020319
2026-05-14 16:17:13.023245+02:00,0.0017163935117423534
2026-05-14 16:17:13.038870+02:00,0.0038552233017981052
2026-05-14 16:17:13.054495+02:00,0.006276238244026899
2026-05-14 16:17:13.070120+02:00,0.009045829996466637
2026-05-14 16:17:13.085745+02:00,0.012172078713774681
2026-05-14 16:17:13.101370+02:00,0.015614609234035015
2026-05-14 16:17:13.116995+02:00,0.01929389126598835
2026-05-14 16:17:13.132620+02:00,0.02309650555253029
2026-05-14 16:17:13.148245+02:00,0.026867765933275223
2026-05-14 16:17:13.163870+02:00,0.03038456104695797
2026-05-14 16:17:13.179495+02:00,0.03332480043172836
2026-05-14 16:17:13.195120+02:00,0.035266660153865814
2026-05-14 16:17:13.210745+02:00,0.0357370525598526
2026-05-14 16:17:13.226370+02:00,0.03430123254656792
2026-05-14 16:17:13.241995+02:00,0.030666617676615715
2026-05-14 16:17:13.257620+02:00,0.02476993203163147
2026-05-14 16:17:13.273245+02:00,0.016821784898638725
2026-05-14 16:17:13.288870+02:00,0.00729654636234045
2026-05-14 16:17:13.304495+02:00,-0.0031264994759112597
2026-05-14 16:17:13.320120+02:00,-0.013655864633619785
2026-05-14 16:17:13.335745+02:00,-0.02349378913640976
2026-05-14 16:17:13.351370+02:00,-0.03193148225545883
2026-05-14 16:17:13.366995+02:00,-0.03841989487409592
2026-05-14 16:17:13.382620+02:00,-0.04261443018913269
2026-05-14 16:17:13.398245+02:00,-0.04439441114664078
2026-05-14 16:17:13.413870+02:00,-0.04385679215192795
2026-05-14 16:17:13.429495+02:00,-0.04128613695502281
2026-05-14 16:17:13.445120+02:00,-0.03710705414414406
2026-05-14 16:17:13.460745+02:00,-0.03182539343833923
2026-05-14 16:17:13.476370+02:00,-0.025964844971895218
2026-05-14 16:17:13.491995+02:00,-0.020007193088531494
2026-05-14 16:17:13.507620+02:00,-0.014343412593007088
2026-05-14 16:17:13.523245+02:00,-0.00924045592546463
2026-05-14 16:17:13.538870+02:00,-0.004827592056244612
2026-05-14 16:17:13.554495+02:00,-0.0011047571897506714
2026-05-14 16:17:13.570120+02:00,0.00203060545027256
2026-05-14 16:17:13.585745+02:00,0.004748004488646984
2026-05-14 16:17:13.601370+02:00,0.00724722258746624
2026-05-14 16:17:13.616995+02:00,0.009724091738462448
2026-05-14 16:17:13.632620+02:00,0.012341885827481747
2026-05-14 16:17:13.648245+02:00,0.015210296958684921
2026-05-14 16:17:13.663870+02:00,0.018373969942331314
2026-05-14 16:17:13.679495+02:00,0.021813377737998962
2026-05-14 16:17:13.695120+02:00,0.025457946583628654
2026-05-14 16:17:13.710745+02:00,0.0292050838470459
2026-05-14 16:17:13.726370+02:00,0.032936710864305496
2026-05-14 16:17:13.741995+02:00,0.03652946650981903
2026-05-14 16:17:13.757620+02:00,0.039854202419519424
2026-05-14 16:17:13.773245+02:00,0.042756952345371246
2026-05-14 16:17:13.788870+02:00,0.04502350464463234
2026-05-14 16:17:13.804495+02:00,0.04635137319564819
2026-05-14 16:17:13.820120+02:00,0.04636001959443092
2026-05-14 16:17:13.835745+02:00,0.044649768620729446
2026-05-14 16:17:13.851370+02:00,0.04089287668466568
2026-05-14 16:17:13.866995+02:00,0.034928690642118454
2026-05-14 16:17:13.882620+02:00,0.02683582529425621
2026-05-14 16:17:13.898245+02:00,0.01695999689400196
2026-05-14 16:17:13.913870+02:00,0.005887545645236969
2026-05-14 16:17:13.929495+02:00,-0.005630059167742729
2026-05-14 16:17:13.945120+02:00,-0.01678161509335041
2026-05-14 16:17:13.960745+02:00,-0.026804236695170403
2026-05-14 16:17:13.976370+02:00,-0.03507016599178314
2026-05-14 16:17:13.991995+02:00,-0.04114276543259621
2026-05-14 16:17:14.007620+02:00,-0.044803932309150696
2026-05-14 16:17:14.023245+02:00,-0.04605632275342941
2026-05-14 16:17:14.038870+02:00,-0.04510139673948288
2026-05-14 16:17:14.054495+02:00,-0.04229755327105522
2026-05-14 16:17:14.070120+02:00,-0.038106855005025864
2026-05-14 16:17:14.085745+02:00,-0.03303671255707741
2026-05-14 16:17:14.101370+02:00,-0.02758093550801277
2026-05-14 16:17:14.116995+02:00,-0.022167140617966652
2026-05-14 16:17:14.132620+02:00,-0.017118731513619423
2026-05-14 16:17:14.148245+02:00,-0.01263593789190054
2026-05-14 16:17:14.163870+02:00,-0.00879509188234806
2026-05-14 16:17:14.179495+02:00,-0.005562039092183113
2026-05-14 16:17:14.195120+02:00,-0.0028165860567241907
2026-05-14 16:17:14.210745+02:00,-0.00038501201197504997
2026-05-14 16:17:14.226370+02:00,0.0019250072073191404
2026-05-14 16:17:14.241995+02:00,0.00429312651976943
2026-05-14 16:17:14.257620+02:00,0.006861494854092598
2026-05-14 16:17:14.273245+02:00,0.009716939181089401
2026-05-14 16:17:14.288870+02:00,0.01288292370736599
2026-05-14 16:17:14.304495+02:00,0.016323082149028778
2026-05-14 16:17:14.320120+02:00,0.019953398033976555
2026-05-14 16:17:14.335745+02:00,0.02365916408598423
2026-05-14 16:17:14.351370+02:00,0.02731235697865486
2026-05-14 16:17:14.366995+02:00,0.03078348934650421
2026-05-14 16:17:14.382620+02:00,0.03393971920013428
2026-05-14 16:17:14.398245+02:00,0.03662135824561119
2026-05-14 16:17:14.413870+02:00,0.03860529139637947
2026-05-14 16:17:14.429495+02:00,0.03958512097597122
2026-05-14 16:17:14.445120+02:00,0.03919412940740585
2026-05-14 16:17:14.460745+02:00,0.03707202151417732
2026-05-14 16:17:14.476370+02:00,0.03295481950044632
2026-05-14 16:17:14.491995+02:00,0.026760203763842583
2026-05-14 16:17:14.507620+02:00,0.018644101917743683
2026-05-14 16:17:14.523245+02:00,0.009010663256049156
2026-05-14 16:17:14.538870+02:00,-0.0015298258513212204
2026-05-14 16:17:14.554495+02:00,-0.012242845259606838
2026-05-14 16:17:14.570120+02:00,-0.022368548437952995
2026-05-14 16:17:14.585745+02:00,-0.031215691938996315
2026-05-14 16:17:14.601370+02:00,-0.038235753774642944
2026-05-14 16:17:14.616995+02:00,-0.04307202994823456
2026-05-14 16:17:14.632620+02:00,-0.04558340832591057
2026-05-14 16:17:14.648245+02:00,-0.04584229737520218
2026-05-14 16:17:14.663870+02:00,-0.04410829395055771
2026-05-14 16:17:14.679495+02:00,-0.04078282415866852
2026-05-14 16:17:14.695120+02:00,-0.03635261580348015
2026-05-14 16:17:14.710745+02:00,-0.03132958710193634
2026-05-14 16:17:14.726370+02:00,-0.026193391531705856
2026-05-14 16:17:14.741995+02:00,-0.021341955289244652
2026-05-14 16:17:14.757620+02:00,-0.017054229974746704
2026-05-14 16:17:14.773245+02:00,-0.013470960780978203
2026-05-14 16:17:14.788870+02:00,-0.010598165914416313
2026-05-14 16:17:14.804495+02:00,-0.008330432698130608
2026-05-14 16:17:14.820120+02:00,-0.006487149279564619
2026-05-14 16:17:14.835745+02:00,-0.004854409955441952
2026-05-14 16:17:14.851370+02:00,-0.0032235560938715935
2026-05-14 16:17:14.866995+02:00,-0.0014196652919054031
2026-05-14 16:17:14.882620+02:00,0.0006808778271079063
2026-05-14 16:17:14.898245+02:00,0.003141428343951702
2026-05-14 16:17:14.913870+02:00,0.005963240750133991
2026-05-14 16:17:14.929495+02:00,0.009091965854167938
2026-05-14 16:17:14.945120+02:00,0.012432054616510868
2026-05-14 16:17:14.960745+02:00,0.015862969681620598
2026-05-14 16:17:14.976370+02:00,0.019246703013777733
2026-05-14 16:17:14.991995+02:00,0.022416062653064728
2026-05-14 16:17:15.007620+02:00,0.025146063417196274
2026-05-14 16:17:15.023245+02:00,0.027130842208862305
2026-05-14 16:17:15.038870+02:00,0.027992870658636093
2026-05-14 16:17:15.054495+02:00,0.02733568102121353
2026-05-14 16:17:15.070120+02:00,0.02482917159795761
2026-05-14 16:17:15.085745+02:00,0.0203003641217947
2026-05-14 16:17:15.101370+02:00,0.013800708577036858
2026-05-14 16:17:15.116995+02:00,0.005630712956190109
2026-05-14 16:17:15.132620+02:00,-0.003685133531689644
2026-05-14 16:17:15.148245+02:00,-0.01346736028790474
2026-05-14 16:17:15.163870+02:00,-0.02297530137002468
2026-05-14 16:17:15.179495+02:00,-0.03150167316198349
2026-05-14 16:17:15.195120+02:00,-0.03845202177762985
2026-05-14 16:17:15.210745+02:00,-0.04340299218893051
2026-05-14 16:17:15.226370+02:00,-0.04613717645406723
2026-05-14 16:17:15.241995+02:00,-0.04665236547589302
2026-05-14 16:17:15.257620+02:00,-0.045144014060497284
2026-05-14 16:17:15.273245+02:00,-0.04196431487798691
2026-05-14 16:17:15.288870+02:00,-0.03756632283329964
2026-05-14 16:17:15.304495+02:00,-0.03244249150156975
2026-05-14 16:17:15.320120+02:00,-0.027065180242061615
2026-05-14 16:17:15.335745+02:00,-0.021835610270500183
2026-05-14 16:17:15.351370+02:00,-0.017047541216015816
2026-05-14 16:17:15.366995+02:00,-0.01286966074258089
2026-05-14 16:17:15.382620+02:00,-0.009346566163003445
2026-05-14 16:17:15.398245+02:00,-0.006415374577045441
2026-05-14 16:17:15.413870+02:00,-0.003934105858206749
2026-05-14 16:17:15.429495+02:00,-0.0017169768689200282
2026-05-14 16:17:15.445120+02:00,0.000429838546551764
2026-05-14 16:17:15.460745+02:00,0.0026781228370964527
2026-05-14 16:17:15.476370+02:00,0.00515708327293396
2026-05-14 16:17:15.491995+02:00,0.00794226210564375
2026-05-14 16:17:15.507620+02:00,0.011051916517317295
2026-05-14 16:17:15.523245+02:00,0.014451086521148682
2026-05-14 16:17:15.538870+02:00,0.018062544986605644
2026-05-14 16:17:15.554495+02:00,0.021781085059046745
2026-05-14 16:17:15.570120+02:00,0.025486383587121964
2026-05-14 16:17:15.585745+02:00,0.029044130817055702
2026-05-14 16:17:15.601370+02:00,0.03228480741381645
2026-05-14 16:17:15.616995+02:00,0.03496970608830452
2026-05-14 16:17:15.632620+02:00,0.03677503764629364
2026-05-14 16:17:15.648245+02:00,0.03731737658381462
2026-05-14 16:17:15.663870+02:00,0.0362190343439579
2026-05-14 16:17:15.679495+02:00,0.03319627046585083
2026-05-14 16:17:15.695120+02:00,0.0281455609947443
2026-05-14 16:17:15.710745+02:00,0.02120027132332325
2026-05-14 16:17:15.726370+02:00,0.012739145196974277
2026-05-14 16:17:15.741995+02:00,0.003344736061990261
2026-05-14 16:17:15.757620+02:00,-0.0062763807363808155
2026-05-14 16:17:15.773245+02:00,-0.015391613356769085
2026-05-14 16:17:15.788870+02:00,-0.02333643101155758
2026-05-14 16:17:15.804495+02:00,-0.02958741784095764
2026-05-14 16:17:15.820120+02:00,-0.033808156847953796
2026-05-14 16:17:15.835745+02:00,-0.035869255661964417
2026-05-14 16:17:15.851370+02:00,-0.03584371507167816
2026-05-14 16:17:15.866995+02:00,-0.03397905454039574
2026-05-14 16:17:15.882620+02:00,-0.030651329085230827
2026-05-14 16:17:15.898245+02:00,-0.026309693232178688
2026-05-14 16:17:15.913870+02:00,-0.021419435739517212
2026-05-14 16:17:15.929495+02:00,-0.016410233452916145
2026-05-14 16:17:15.945120+02:00,-0.011634843423962593
2026-05-14 16:17:15.960745+02:00,-0.007340624928474426
2026-05-14 16:17:15.976370+02:00,-0.0036561074666678905
2026-05-14 16:17:15.991995+02:00,-0.0005941782146692276
2026-05-14 16:17:16.007620+02:00,0.001929313875734806
2026-05-14 16:17:16.023245+02:00,0.004065139219164848
2026-05-14 16:17:16.038870+02:00,0.005995633080601692
2026-05-14 16:17:16.054495+02:00,0.007902194745838642
2026-05-14 16:17:16.070120+02:00,0.00993806216865778
2026-05-14 16:17:16.085745+02:00,0.012209400534629822
2026-05-14 16:17:16.101370+02:00,0.014767454005777836
2026-05-14 16:17:16.116995+02:00,0.01760942116379738
2026-05-14 16:17:16.132620+02:00,0.020685719326138496
2026-05-14 16:17:16.148245+02:00,0.023912180215120316
2026-05-14 16:17:16.163870+02:00,0.027183007448911667
2026-05-14 16:17:16.179495+02:00,0.030378583818674088
2026-05-14 16:17:16.195120+02:00,0.03335919231176376
2026-05-14 16:17:16.210745+02:00,0.03593946993350983
2026-05-14 16:17:16.226370+02:00,0.037859369069337845
2026-05-14 16:17:16.241995+02:00,0.03878169134259224
2026-05-14 16:17:16.257620+02:00,0.03833254426717758
2026-05-14 16:17:16.273245+02:00,0.03617597371339798
2026-05-14 16:17:16.288870+02:00,0.03210039064288139
2026-05-14 16:17:16.304495+02:00,0.026092667132616043
2026-05-14 16:17:16.320120+02:00,0.01837688498198986
2026-05-14 16:17:16.335745+02:00,0.009404268115758896
2026-05-14 16:17:16.351370+02:00,-0.00020162295550107956
2026-05-14 16:17:16.366995+02:00,-0.009730078279972076
2026-05-14 16:17:16.382620+02:00,-0.018480580300092697
2026-05-14 16:17:16.398245+02:00,-0.02585097774863243
2026-05-14 16:17:16.413870+02:00,-0.031400393694639206
2026-05-14 16:17:16.429495+02:00,-0.034882597625255585
2026-05-14 16:17:16.445120+02:00,-0.03625324368476868
2026-05-14 16:17:16.460745+02:00,-0.03565451502799988
2026-05-14 16:17:16.476370+02:00,-0.03338044136762619
2026-05-14 16:17:16.491995+02:00,-0.029829779639840126
2026-05-14 16:17:16.507620+02:00,-0.025453390553593636
2026-05-14 16:17:16.523245+02:00,-0.02070004865527153
2026-05-14 16:17:16.538870+02:00,-0.015966910868883133
2026-05-14 16:17:16.554495+02:00,-0.011562853120267391
2026-05-14 16:17:16.570120+02:00,-0.00768816564232111
2026-05-14 16:17:16.585745+02:00,-0.004429927095770836
2026-05-14 16:17:16.601370+02:00,-0.0017712798435240984
2026-05-14 16:17:16.616995+02:00,0.00038769067032262683
2026-05-14 16:17:16.632620+02:00,0.0022009676322340965
2026-05-14 16:17:16.648245+02:00,0.003844957333058119
2026-05-14 16:17:16.663870+02:00,0.0054892487823963165
2026-05-14 16:17:16.679495+02:00,0.007273033261299133
2026-05-14 16:17:16.695120+02:00,0.009289896115660667
2026-05-14 16:17:16.710745+02:00,0.011581677943468094
2026-05-14 16:17:16.726370+02:00,0.014139794744551182
2026-05-14 16:17:16.741995+02:00,0.016912372782826424
2026-05-14 16:17:16.757620+02:00,0.01981581375002861
2026-05-14 16:17:16.773245+02:00,0.022748127579689026
2026-05-14 16:17:16.788870+02:00,0.025596952065825462
2026-05-14 16:17:16.804495+02:00,0.02823050320148468
2026-05-14 16:17:16.820120+02:00,0.03046811930835247
2026-05-14 16:17:16.835745+02:00,0.03205128759145737
2026-05-14 16:17:16.851370+02:00,0.032647084444761276
2026-05-14 16:17:16.866995+02:00,0.03189469128847122
2026-05-14 16:17:16.882620+02:00,0.0294809490442276
2026-05-14 16:17:16.898245+02:00,0.025223275646567345
2026-05-14 16:17:16.913870+02:00,0.019136792048811913
2026-05-14 16:17:16.929495+02:00,0.011465729214251041
2026-05-14 16:17:16.945120+02:00,0.002669190987944603
2026-05-14 16:17:16.960745+02:00,-0.006636072415858507
2026-05-14 16:17:16.976370+02:00,-0.01576177217066288
2026-05-14 16:17:16.991995+02:00,-0.024041805416345596
2026-05-14 16:17:17.007620+02:00,-0.03091280162334442
2026-05-14 16:17:17.023245+02:00,-0.03597084432840347
2026-05-14 16:17:17.038870+02:00,-0.03900350630283356
2026-05-14 16:17:17.054495+02:00,-0.03999628126621246
2026-05-14 16:17:17.070120+02:00,-0.03911447152495384
2026-05-14 16:17:17.085745+02:00,-0.03666653484106064
2026-05-14 16:17:17.101370+02:00,-0.03305508941411972
2026-05-14 16:17:17.116995+02:00,-0.028722582384943962
2026-05-14 16:17:17.132620+02:00,-0.024099374189972878
2026-05-14 16:17:17.148245+02:00,-0.01956026256084442
2026-05-14 16:17:17.163870+02:00,-0.015392840839922428
2026-05-14 16:17:17.179495+02:00,-0.011778789572417736
2026-05-14 16:17:17.195120+02:00,-0.00878853164613247
2026-05-14 16:17:17.210745+02:00,-0.00638914667069912
2026-05-14 16:17:17.226370+02:00,-0.004464264493435621
2026-05-14 16:17:17.241995+02:00,-0.0028444710187613964
2026-05-14 16:17:17.257620+02:00,-0.0013424282660707831
2026-05-14 16:17:17.273245+02:00,0.00021658008336089551
2026-05-14 16:17:17.288870+02:00,0.0019720420241355896
2026-05-14 16:17:17.304495+02:00,0.004012629389762878
2026-05-14 16:17:17.320120+02:00,0.006369268987327814
2026-05-14 16:17:17.335745+02:00,0.009019161574542522
2026-05-14 16:17:17.351370+02:00,0.011898716911673546
2026-05-14 16:17:17.366995+02:00,0.014917639084160328
2026-05-14 16:17:17.382620+02:00,0.017967138439416885
2026-05-14 16:17:17.398245+02:00,0.020918147638440132
2026-05-14 16:17:17.413870+02:00,0.023604728281497955
2026-05-14 16:17:17.429495+02:00,0.025797603651881218
2026-05-14 16:17:17.445120+02:00,0.027190331369638443
2026-05-14 16:17:17.460745+02:00,0.027421578764915466
2026-05-14 16:17:17.476370+02:00,0.026137813925743103
2026-05-14 16:17:17.491995+02:00,0.023078516125679016
2026-05-14 16:17:17.507620+02:00,0.018155356869101524
2026-05-14 16:17:17.523245+02:00,0.011501356959342957
2026-05-14 16:17:17.538870+02:00,0.0034774881787598133
2026-05-14 16:17:17.554495+02:00,-0.005365671124309301
2026-05-14 16:17:17.570120+02:00,-0.014362887479364872
2026-05-14 16:17:17.585745+02:00,-0.022826101630926132
2026-05-14 16:17:17.601370+02:00,-0.030132122337818146
2026-05-14 16:17:17.616995+02:00,-0.03579256683588028
2026-05-14 16:17:17.632620+02:00,-0.03949888050556183
2026-05-14 16:17:17.648245+02:00,-0.0411405935883522
2026-05-14 16:17:17.663870+02:00,-0.04079834371805191
2026-05-14 16:17:17.679495+02:00,-0.03871569037437439
2026-05-14 16:17:17.695120+02:00,-0.03525686636567116
2026-05-14 16:17:17.710745+02:00,-0.03085695579648018
2026-05-14 16:17:17.726370+02:00,-0.025968242436647415
2026-05-14 16:17:17.741995+02:00,-0.02100769802927971
2026-05-14 16:17:17.757620+02:00,-0.016312910243868828
2026-05-14 16:17:17.773245+02:00,-0.012113153003156185
2026-05-14 16:17:17.788870+02:00,-0.008519514463841915
2026-05-14 16:17:17.804495+02:00,-0.005532974377274513
2026-05-14 16:17:17.820120+02:00,-0.0030650096014142036
2026-05-14 16:17:17.835745+02:00,-0.0009657451882958412
2026-05-14 16:17:17.851370+02:00,0.0009427801705896854
2026-05-14 16:17:17.866995+02:00,0.0028334511443972588
2026-05-14 16:17:17.882620+02:00,0.004849736113101244
2026-05-14 16:17:17.898245+02:00,0.007091873325407505
2026-05-14 16:17:17.913870+02:00,0.009609230794012547
2026-05-14 16:17:17.929495+02:00,0.012400364503264427
2026-05-14 16:17:17.945120+02:00,0.015422203578054905
2026-05-14 16:17:17.960745+02:00,0.01860148459672928
2026-05-14 16:17:17.976370+02:00,0.02184196561574936
2026-05-14 16:17:17.991995+02:00,0.025024764239788055
2026-05-14 16:17:18.007620+02:00,0.02799685299396515
2026-05-14 16:17:18.023245+02:00,0.03054714947938919
2026-05-14 16:17:18.038870+02:00,0.03238862007856369
2026-05-14 16:17:18.054495+02:00,0.033172357827425
2026-05-14 16:17:18.070120+02:00,0.032540541142225266
2026-05-14 16:17:18.085745+02:00,0.03020385466516018
2026-05-14 16:17:18.101370+02:00,0.026020999997854233
2026-05-14 16:17:18.116995+02:00,0.02005813643336296
2026-05-14 16:17:18.132620+02:00,0.012610569596290588
2026-05-14 16:17:18.148245+02:00,0.004177249502390623
2026-05-14 16:17:18.163870+02:00,-0.004607268609106541
2026-05-14 16:17:18.179495+02:00,-0.01306319609284401
2026-05-14 16:17:18.195120+02:00,-0.020554140210151672
2026-05-14 16:17:18.210745+02:00,-0.026559103280305862
2026-05-14 16:17:18.226370+02:00,-0.03072245419025421
2026-05-14 16:17:18.241995+02:00,-0.0328793004155159
2026-05-14 16:17:18.257620+02:00,-0.03305547684431076
2026-05-14 16:17:18.273245+02:00,-0.03144603967666626
2026-05-14 16:17:18.288870+02:00,-0.028378456830978394
2026-05-14 16:17:18.304495+02:00,-0.02426464483141899
2026-05-14 16:17:18.320120+02:00,-0.019546862691640854
2026-05-14 16:17:18.335745+02:00,-0.014645556919276714
2026-05-14 16:17:18.351370+02:00,-0.00991686899214983
2026-05-14 16:17:18.366995+02:00,-0.005622736178338528
2026-05-14 16:17:18.382620+02:00,-0.0019134124740958214
2026-05-14 16:17:18.398245+02:00,0.0011744014918804169
2026-05-14 16:17:18.413870+02:00,0.0037023043259978294
2026-05-14 16:17:18.429495+02:00,0.005804041400551796
2026-05-14 16:17:18.445120+02:00,0.0076543898321688175
2026-05-14 16:17:18.460745+02:00,0.009436635300517082
2026-05-14 16:17:18.476370+02:00,0.011313032358884811
2026-05-14 16:17:18.491995+02:00,0.013401513919234276
2026-05-14 16:17:18.507620+02:00,0.015762580558657646
2026-05-14 16:17:18.523245+02:00,0.01839940808713436
2026-05-14 16:17:18.538870+02:00,0.021266959607601166
2026-05-14 16:17:18.554495+02:00,0.024284545332193375
2026-05-14 16:17:18.570120+02:00,0.027350684627890587
2026-05-14 16:17:18.585745+02:00,0.030357610434293747
2026-05-14 16:17:18.601370+02:00,0.033199574798345566
2026-05-14 16:17:18.616995+02:00,0.035767193883657455
2026-05-14 16:17:18.632620+02:00,0.037921350449323654
2026-05-14 16:17:18.648245+02:00,0.039456069469451904
2026-05-14 16:17:18.663870+02:00,0.04008134454488754
2026-05-14 16:17:18.679495+02:00,0.039451468735933304
2026-05-14 16:17:18.695120+02:00,0.037234678864479065
2026-05-14 16:17:18.710745+02:00,0.0332007110118866
2026-05-14 16:17:18.726370+02:00,0.027298560366034508
2026-05-14 16:17:18.741995+02:00,0.019700996577739716
2026-05-14 16:17:18.757620+02:00,0.010804152116179466
2026-05-14 16:17:18.773245+02:00,0.0011831934098154306
2026-05-14 16:17:18.788870+02:00,-0.008483725599944592
2026-05-14 16:17:18.804495+02:00,-0.0175058264285326
2026-05-14 16:17:18.820120+02:00,-0.02526724897325039
2026-05-14 16:17:18.835745+02:00,-0.03129587695002556
2026-05-14 16:17:18.851370+02:00,-0.03530465438961983
2026-05-14 16:17:18.866995+02:00,-0.03720488026738167
2026-05-14 16:17:18.882620+02:00,-0.03709541633725166
2026-05-14 16:17:18.898245+02:00,-0.03523476794362068
2026-05-14 16:17:18.913870+02:00,-0.03200126811861992
2026-05-14 16:17:18.929495+02:00,-0.027843452990055084
2026-05-14 16:17:18.945120+02:00,-0.0232241153717041
2026-05-14 16:17:18.960745+02:00,-0.01856517791748047
2026-05-14 16:17:18.976370+02:00,-0.014202995225787163
2026-05-14 16:17:18.991995+02:00,-0.010361311957240105
2026-05-14 16:17:19.007620+02:00,-0.007142805960029364
2026-05-14 16:17:19.023245+02:00,-0.00453699566423893
2026-05-14 16:17:19.038870+02:00,-0.002441879827529192
2026-05-14 16:17:19.054495+02:00,-0.0006952020339667797
2026-05-14 16:17:19.070120+02:00,0.0008903327398002148
2026-05-14 16:17:19.085745+02:00,0.0024945074692368507
2026-05-14 16:17:19.101370+02:00,0.004264832474291325
2026-05-14 16:17:19.116995+02:00,0.006299958564341068
2026-05-14 16:17:19.132620+02:00,0.008641096763312817
2026-05-14 16:17:19.148245+02:00,0.011273861862719059
2026-05-14 16:17:19.163870+02:00,0.014139301143586636
2026-05-14 16:17:19.179495+02:00,0.01714860461652279
2026-05-14 16:17:19.195120+02:00,0.02019765041768551
2026-05-14 16:17:19.210745+02:00,0.023179031908512115
2026-05-14 16:17:19.226370+02:00,0.02598721906542778
2026-05-14 16:17:19.241995+02:00,0.028509974479675293
2026-05-14 16:17:19.257620+02:00,0.030603352934122086
2026-05-14 16:17:19.273245+02:00,0.032061610370874405
2026-05-14 16:17:19.288870+02:00,0.03260518237948418
2026-05-14 16:17:19.304495+02:00,0.031905870884656906
2026-05-14 16:17:19.320120+02:00,0.029649989679455757
2026-05-14 16:17:19.335745+02:00,0.025622280314564705
2026-05-14 16:17:19.351370+02:00,0.01978370174765587
2026-05-14 16:17:19.366995+02:00,0.012316850945353508
2026-05-14 16:17:19.382620+02:00,0.003625602927058935
2026-05-14 16:17:19.398245+02:00,-0.0057099349796772
2026-05-14 16:17:19.413870+02:00,-0.015011963434517384
2026-05-14 16:17:19.429495+02:00,-0.023598670959472656
2026-05-14 16:17:19.445120+02:00,-0.030872348695993423
2026-05-14 16:17:19.460745+02:00,-0.03638562932610512
2026-05-14 16:17:19.476370+02:00,-0.03987926244735718
2026-05-14 16:17:19.491995+02:00,-0.0412924624979496
2026-05-14 16:17:19.507620+02:00,-0.04074983671307564
2026-05-14 16:17:19.523245+02:00,-0.03853002190589905
2026-05-14 16:17:19.538870+02:00,-0.0350206196308136
2026-05-14 16:17:19.554495+02:00,-0.030665123835206032
2026-05-14 16:17:19.570120+02:00,-0.02590993046760559
2026-05-14 16:17:19.585745+02:00,-0.021158071234822273
2026-05-14 16:17:19.601370+02:00,-0.016732413321733475
2026-05-14 16:17:19.616995+02:00,-0.012850454077124596
2026-05-14 16:17:19.632620+02:00,-0.009613844566047192
2026-05-14 16:17:19.648245+02:00,-0.007014154922217131
2026-05-14 16:17:19.663870+02:00,-0.004953016061335802
2026-05-14 16:17:19.679495+02:00,-0.0032709953375160694
2026-05-14 16:17:19.695120+02:00,-0.0017787325195968151
2026-05-14 16:17:19.710745+02:00,-0.0002865383867174387
2026-05-14 16:17:19.726370+02:00,0.0013686763122677803
2026-05-14 16:17:19.741995+02:00,0.003301826538518071
2026-05-14 16:17:19.757620+02:00,0.005568047519773245
2026-05-14 16:17:19.773245+02:00,0.008162077516317368
2026-05-14 16:17:19.788870+02:00,0.011026767082512379
2026-05-14 16:17:19.804495+02:00,0.014067960903048515
2026-05-14 16:17:19.820120+02:00,0.017171410843729973
2026-05-14 16:17:19.835745+02:00,0.02021840587258339
2026-05-14 16:17:19.851370+02:00,0.023096995428204536
2026-05-14 16:17:19.866995+02:00,0.025699999183416367
2026-05-14 16:17:19.882620+02:00,0.02790050022304058
2026-05-14 16:17:19.898245+02:00,0.029514195397496223
2026-05-14 16:17:19.913870+02:00,0.030277911573648453
2026-05-14 16:17:19.929495+02:00,0.029867876321077347
2026-05-14 16:17:19.945120+02:00,0.027958780527114868
2026-05-14 16:17:19.960745+02:00,0.024306023493409157
2026-05-14 16:17:19.976370+02:00,0.01882636919617653
2026-05-14 16:17:19.991995+02:00,0.011652892455458641
2026-05-14 16:17:20.007620+02:00,0.003145929891616106
2026-05-14 16:17:20.023245+02:00,-0.006142775993794203
2026-05-14 16:17:20.038870+02:00,-0.015541411936283112
2026-05-14 16:17:20.054495+02:00,-0.02434977889060974
2026-05-14 16:17:20.070120+02:00,-0.03193165361881256
2026-05-14 16:17:20.085745+02:00,-0.03778680041432381
2026-05-14 16:17:20.101370+02:00,-0.041595377027988434
2026-05-14 16:17:20.116995+02:00,-0.04324033111333847
2026-05-14 16:17:20.132620+02:00,-0.0428084172308445
2026-05-14 16:17:20.148245+02:00,-0.04056534543633461
2026-05-14 16:17:20.163870+02:00,-0.03690964728593826
2026-05-14 16:17:20.179495+02:00,-0.03231494501233101
2026-05-14 16:17:20.195120+02:00,-0.027269013226032257
2026-05-14 16:17:20.210745+02:00,-0.022218016907572746
2026-05-14 16:17:20.226370+02:00,-0.017521506175398827
2026-05-14 16:17:20.241995+02:00,-0.013421744108200073
2026-05-14 16:17:20.257620+02:00,-0.010030491277575493
2026-05-14 16:17:20.273245+02:00,-0.007334532681852579
2026-05-14 16:17:20.288870+02:00,-0.005218144040554762
2026-05-14 16:17:20.304495+02:00,-0.003496471792459488
2026-05-14 16:17:20.320120+02:00,-0.0019534174352884293
2026-05-14 16:17:20.335745+02:00,-0.0003781975246965885
2026-05-14 16:17:20.351370+02:00,0.001405560877174139
2026-05-14 16:17:20.366995+02:00,0.0035206349566578865
2026-05-14 16:17:20.382620+02:00,0.0060258773155510426
2026-05-14 16:17:20.398245+02:00,0.008914651349186897
2026-05-14 16:17:20.413870+02:00,0.012122489511966705
2026-05-14 16:17:20.429495+02:00,0.015541570261120796
2026-05-14 16:17:20.445120+02:00,0.019039306789636612
2026-05-14 16:17:20.460745+02:00,0.02247815951704979
2026-05-14 16:17:20.476370+02:00,0.025726893916726112
2026-05-14 16:17:20.491995+02:00,0.028650425374507904
2026-05-14 16:17:20.507620+02:00,0.03107784315943718
2026-05-14 16:17:20.523245+02:00,0.032770249992609024
2026-05-14 16:17:20.538870+02:00,0.03341846540570259
2026-05-14 16:17:20.554495+02:00,0.03268197923898697
2026-05-14 16:17:20.570120+02:00,0.030258657410740852
2026-05-14 16:17:20.585745+02:00,0.025967484340071678
2026-05-14 16:17:20.601370+02:00,0.019821379333734512
2026-05-14 16:17:20.616995+02:00,0.012065516784787178
2026-05-14 16:17:20.632620+02:00,0.003167120274156332
2026-05-14 16:17:20.648245+02:00,-0.006241229362785816
2026-05-14 16:17:20.663870+02:00,-0.015448931604623795
2026-05-14 16:17:20.679495+02:00,-0.023762697353959084
2026-05-14 16:17:20.695120+02:00,-0.03059033304452896
2026-05-14 16:17:20.710745+02:00,-0.0355023555457592
2026-05-14 16:17:20.726370+02:00,-0.038267672061920166
2026-05-14 16:17:20.741995+02:00,-0.038863521069288254
2026-05-14 16:17:20.757620+02:00,-0.03746100142598152
2026-05-14 16:17:20.773245+02:00,-0.03438837081193924
2026-05-14 16:17:20.788870+02:00,-0.030079897493124008
2026-05-14 16:17:20.804495+02:00,-0.02501966804265976
2026-05-14 16:17:20.820120+02:00,-0.01968533545732498
2026-05-14 16:17:20.835745+02:00,-0.014496115036308765
2026-05-14 16:17:20.851370+02:00,-0.009771637618541718
2026-05-14 16:17:20.866995+02:00,-0.005707620643079281
2026-05-14 16:17:20.882620+02:00,-0.00237127672880888
2026-05-14 16:17:20.898245+02:00,0.0002858489751815796
2026-05-14 16:17:20.913870+02:00,0.002402413636445999
2026-05-14 16:17:20.929495+02:00,0.004172614775598049
2026-05-14 16:17:20.945120+02:00,0.005807163659483194
2026-05-14 16:17:20.960745+02:00,0.007498258724808693
2026-05-14 16:17:20.976370+02:00,0.009395696222782135
2026-05-14 16:17:20.991995+02:00,0.011595625430345535
2026-05-14 16:17:21.007620+02:00,0.014137918129563332
2026-05-14 16:17:21.023245+02:00,0.017007775604724884
2026-05-14 16:17:21.038870+02:00,0.020141351968050003
2026-05-14 16:17:21.054495+02:00,0.023437637835741043
2026-05-14 16:17:21.070120+02:00,0.02677539736032486
2026-05-14 16:17:21.085745+02:00,0.030026178807020187
2026-05-14 16:17:21.101370+02:00,0.033051058650016785
2026-05-14 16:17:21.116995+02:00,0.035676680505275726
2026-05-14 16:17:21.132620+02:00,0.037662994116544724
2026-05-14 16:17:21.148245+02:00,0.03868987038731575
2026-05-14 16:17:21.163870+02:00,0.03838683292269707
2026-05-14 16:17:21.179495+02:00,0.03640597686171532
2026-05-14 16:17:21.195120+02:00,0.03251293674111366
2026-05-14 16:17:21.210745+02:00,0.02666599117219448
2026-05-14 16:17:21.226370+02:00,0.01906077191233635
2026-05-14 16:17:21.241995+02:00,0.010126471519470215
2026-05-14 16:17:21.257620+02:00,0.00047435564920306206
2026-05-14 16:17:21.273245+02:00,-0.009185765869915485
2026-05-14 16:17:21.288870+02:00,-0.018139472231268883
2026-05-14 16:17:21.304495+02:00,-0.02575349621474743
2026-05-14 16:17:21.320120+02:00,-0.03154360130429268
2026-05-14 16:17:21.335745+02:00,-0.03521958366036415
2026-05-14 16:17:21.351370+02:00,-0.03670244663953781
2026-05-14 16:17:21.366995+02:00,-0.036113444715738297
2026-05-14 16:17:21.382620+02:00,-0.03374180570244789
2026-05-14 16:17:21.398245+02:00,-0.02999906614422798
2026-05-14 16:17:21.413870+02:00,-0.025364244356751442
2026-05-14 16:17:21.429495+02:00,-0.0203239768743515
2026-05-14 16:17:21.445120+02:00,-0.015316741541028023
2026-05-14 16:17:21.460745+02:00,-0.010690104216337204
2026-05-14 16:17:21.476370+02:00,-0.006675262935459614
2026-05-14 16:17:21.491995+02:00,-0.003380286507308483
2026-05-14 16:17:21.507620+02:00,-0.0007985755801200867
2026-05-14 16:17:21.523245+02:00,0.0011733174324035645
2026-05-14 16:17:21.538870+02:00,0.0027091610245406628
2026-05-14 16:17:21.554495+02:00,0.0040193707682192326
2026-05-14 16:17:21.570120+02:00,0.005316675174981356
2026-05-14 16:17:21.585745+02:00,0.006784629076719284
2026-05-14 16:17:21.601370+02:00,0.008552640676498413
2026-05-14 16:17:21.616995+02:00,0.010684330947697163
2026-05-14 16:17:21.632620+02:00,0.013180399313569069
2026-05-14 16:17:21.648245+02:00,0.015990009531378746
2026-05-14 16:17:21.663870+02:00,0.01902397722005844
2026-05-14 16:17:21.679495+02:00,0.02216797135770321
2026-05-14 16:17:21.695120+02:00,0.02529606968164444
2026-05-14 16:17:21.710745+02:00,0.02827749028801918
2026-05-14 16:17:21.726370+02:00,0.030963469296693802
2026-05-14 16:17:21.741995+02:00,0.03315435349941254
2026-05-14 16:17:21.757620+02:00,0.034571532160043716
2026-05-14 16:17:21.773245+02:00,0.034864068031311035
2026-05-14 16:17:21.788870+02:00,0.03365927189588547
2026-05-14 16:17:21.804495+02:00,0.030644001439213753
2026-05-14 16:17:21.820120+02:00,0.025653991848230362
2026-05-14 16:17:21.835745+02:00,0.01874482072889805
2026-05-14 16:17:21.851370+02:00,0.010219602845609188
2026-05-14 16:17:21.866995+02:00,0.0006042602472007275
2026-05-14 16:17:21.882620+02:00,-0.00942048616707325
2026-05-14 16:17:21.898245+02:00,-0.019113220274448395
2026-05-14 16:17:21.913870+02:00,-0.027769599109888077
2026-05-14 16:17:21.929495+02:00,-0.034802984446287155
2026-05-14 16:17:21.945120+02:00,-0.03979994356632233
2026-05-14 16:17:21.960745+02:00,-0.042551711201667786
2026-05-14 16:17:21.976370+02:00,-0.043062206357717514
2026-05-14 16:17:21.991995+02:00,-0.041531775146722794
2026-05-14 16:17:22.007620+02:00,-0.03831745311617851
2026-05-14 16:17:22.023245+02:00,-0.03387737274169922
2026-05-14 16:17:22.038870+02:00,-0.02871132642030716
2026-05-14 16:17:22.054495+02:00,-0.023303182795643806
2026-05-14 16:17:22.070120+02:00,-0.018069196492433548
2026-05-14 16:17:22.085745+02:00,-0.013319103978574276
2026-05-14 16:17:22.101370+02:00,-0.009233856573700905
2026-05-14 16:17:22.116995+02:00,-0.0058623747900128365
2026-05-14 16:17:22.132620+02:00,-0.0031386949121952057
2026-05-14 16:17:22.148245+02:00,-0.0009135962463915348
2026-05-14 16:17:22.163870+02:00,0.001008905004709959
2026-05-14 16:17:22.179495+02:00,0.002835680264979601
2026-05-14 16:17:22.195120+02:00,0.004752762615680695
2026-05-14 16:17:22.210745+02:00,0.0069024404510855675
2026-05-14 16:17:22.226370+02:00,0.00937039777636528
2026-05-14 16:17:22.241995+02:00,0.012181712314486504
2026-05-14 16:17:22.257620+02:00,0.015305908396840096
2026-05-14 16:17:22.273245+02:00,0.01866830140352249
2026-05-14 16:17:22.288870+02:00,0.02216341905295849
2026-05-14 16:17:22.304495+02:00,0.025667941197752953
2026-05-14 16:17:22.320120+02:00,0.029044784605503082
2026-05-14 16:17:22.335745+02:00,0.03212742507457733
2026-05-14 16:17:22.351370+02:00,0.03468887507915497
2026-05-14 16:17:22.366995+02:00,0.036420900374650955
2026-05-14 16:17:22.382620+02:00,0.03695148229598999
2026-05-14 16:17:22.398245+02:00,0.03590550646185875
2026-05-14 16:17:22.413870+02:00,0.03299061954021454
2026-05-14 16:17:22.429495+02:00,0.028083382174372673
2026-05-14 16:17:22.445120+02:00,0.021290656179189682
2026-05-14 16:17:22.460745+02:00,0.012964949011802673
2026-05-14 16:17:22.476370+02:00,0.0036673294380307198
2026-05-14 16:17:22.491995+02:00,-0.005909404717385769
2026-05-14 16:17:22.507620+02:00,-0.015035925433039665
2026-05-14 16:17:22.523245+02:00,-0.023039264604449272
2026-05-14 16:17:22.538870+02:00,-0.02937743440270424
2026-05-14 16:17:22.554495+02:00,-0.033689435571432114
2026-05-14 16:17:22.570120+02:00,-0.035821735858917236
2026-05-14 16:17:22.585745+02:00,-0.035830941051244736
2026-05-14 16:17:22.601370+02:00,-0.033961277455091476
2026-05-14 16:17:22.616995+02:00,-0.03060019575059414
2026-05-14 16:17:22.632620+02:00,-0.026220623403787613
2026-05-14 16:17:22.648245+02:00,-0.02132006362080574
2026-05-14 16:17:22.663870+02:00,-0.01636294089257717
2026-05-14 16:17:22.679495+02:00,-0.011731859296560287
2026-05-14 16:17:22.695120+02:00,-0.0076952408999204636
2026-05-14 16:17:22.710745+02:00,-0.0043928129598498344
2026-05-14 16:17:22.726370+02:00,-0.0018372752238065004
2026-05-14 16:17:22.741995+02:00,6.69931760057807e-05
2026-05-14 16:17:22.757620+02:00,0.0014919884270057082
2026-05-14 16:17:22.773245+02:00,0.002648675814270973
2026-05-14 16:17:22.788870+02:00,0.0037495624274015427
2026-05-14 16:17:22.804495+02:00,0.004977177828550339
2026-05-14 16:17:22.820120+02:00,0.006464118603616953
2026-05-14 16:17:22.835745+02:00,0.008284300565719604
2026-05-14 16:17:22.851370+02:00,0.010451707988977432
2026-05-14 16:17:22.866995+02:00,0.012926067225635052
2026-05-14 16:17:22.882620+02:00,0.015625396743416786
2026-05-14 16:17:22.898245+02:00,0.018438855186104774
2026-05-14 16:17:22.913870+02:00,0.021229274570941925
2026-05-14 16:17:22.929495+02:00,0.023819148540496826
2026-05-14 16:17:22.945120+02:00,0.025967054069042206
2026-05-14 16:17:22.960745+02:00,0.027356771752238274
2026-05-14 16:17:22.976370+02:00,0.027619298547506332
2026-05-14 16:17:22.991995+02:00,0.026388663798570633
2026-05-14 16:17:23.007620+02:00,0.02337888814508915
2026-05-14 16:17:23.023245+02:00,0.01846417970955372
2026-05-14 16:17:23.038870+02:00,0.011738620698451996
2026-05-14 16:17:23.054495+02:00,0.003533991053700447
2026-05-14 16:17:23.070120+02:00,-0.00561142573133111
2026-05-14 16:17:23.085745+02:00,-0.015024018473923206
2026-05-14 16:17:23.101370+02:00,-0.02398625761270523
2026-05-14 16:17:23.116995+02:00,-0.03182828426361084
2026-05-14 16:17:23.132620+02:00,-0.03800530731678009
2026-05-14 16:17:23.148245+02:00,-0.04215315729379654
2026-05-14 16:17:23.163870+02:00,-0.04411928728222847
2026-05-14 16:17:23.179495+02:00,-0.04396688938140869
2026-05-14 16:17:23.195120+02:00,-0.04195093736052513
2026-05-14 16:17:23.210745+02:00,-0.03847049921751022
2026-05-14 16:17:23.226370+02:00,-0.03400734066963196
2026-05-14 16:17:23.241995+02:00,-0.029062096029520035
2026-05-14 16:17:23.257620+02:00,-0.02409527450799942
2026-05-14 16:17:23.273245+02:00,-0.019477875903248787
2026-05-14 16:17:23.288870+02:00,-0.015457889065146446
2026-05-14 16:17:23.304495+02:00,-0.012147326953709126
2026-05-14 16:17:23.320120+02:00,-0.009529748931527138
2026-05-14 16:17:23.335745+02:00,-0.00748509680852294
2026-05-14 16:17:23.351370+02:00,-0.005825689062476158
2026-05-14 16:17:23.366995+02:00,-0.0043355138041079044
2026-05-14 16:17:23.382620+02:00,-0.0028064940124750137
2026-05-14 16:17:23.398245+02:00,-0.0010672677308321
2026-05-14 16:17:23.413870+02:00,0.0009984540520235896
2026-05-14 16:17:23.429495+02:00,0.003445057198405266
2026-05-14 16:17:23.445120+02:00,0.006268521770834923
2026-05-14 16:17:23.460745+02:00,0.009416474029421806
2026-05-14 16:17:23.476370+02:00,0.012800220400094986
2026-05-14 16:17:23.491995+02:00,0.016304664313793182
2026-05-14 16:17:23.507620+02:00,0.0197878610342741
2026-05-14 16:17:23.523245+02:00,0.02306249924004078
2026-05-14 16:17:23.538870+02:00,0.025869246572256088
2026-05-14 16:17:23.554495+02:00,0.02786744199693203
2026-05-14 16:17:23.570120+02:00,0.028662115335464478
2026-05-14 16:17:23.585745+02:00,0.027867531403899193
2026-05-14 16:17:23.601370+02:00,0.025192437693476677
2026-05-14 16:17:23.616995+02:00,0.020524566993117332
2026-05-14 16:17:23.632620+02:00,0.013988249935209751
2026-05-14 16:17:23.648245+02:00,0.0059541380032896996
2026-05-14 16:17:23.663870+02:00,-0.003002721117809415
2026-05-14 16:17:23.679495+02:00,-0.01218307577073574
2026-05-14 16:17:23.695120+02:00,-0.020860061049461365
2026-05-14 16:17:23.710745+02:00,-0.02836976759135723
2026-05-14 16:17:23.726370+02:00,-0.03418237715959549
2026-05-14 16:17:23.741995+02:00,-0.03795083239674568
2026-05-14 16:17:23.757620+02:00,-0.039536334574222565
2026-05-14 16:17:23.773245+02:00,-0.03900912404060364
2026-05-14 16:17:23.788870+02:00,-0.036623790860176086
2026-05-14 16:17:23.804495+02:00,-0.03277260810136795
2026-05-14 16:17:23.820120+02:00,-0.027926338836550713
2026-05-14 16:17:23.835745+02:00,-0.022572042420506477
2026-05-14 16:17:23.851370+02:00,-0.017155367881059647
2026-05-14 16:17:23.866995+02:00,-0.012034370563924313
2026-05-14 16:17:23.882620+02:00,-0.00745017733424902
2026-05-14 16:17:23.898245+02:00,-0.0035168882459402084
2026-05-14 16:17:23.913870+02:00,-0.00023076869547367096
2026-05-14 16:17:23.929495+02:00,0.002505466341972351
2026-05-14 16:17:23.945120+02:00,0.004851627163589001
2026-05-14 16:17:23.960745+02:00,0.00699783768504858
2026-05-14 16:17:23.976370+02:00,0.009132237173616886
2026-05-14 16:17:23.991995+02:00,0.011412987485527992
2026-05-14 16:17:24.007620+02:00,0.013949907384812832
2026-05-14 16:17:24.023245+02:00,0.016794396564364433
2026-05-14 16:17:24.038870+02:00,0.01993701234459877
2026-05-14 16:17:24.054495+02:00,0.02331729605793953
2026-05-14 16:17:24.070120+02:00,0.026842258870601654
2026-05-14 16:17:24.085745+02:00,0.030397430062294006
2026-05-14 16:17:24.101370+02:00,0.0338379442691803
2026-05-14 16:17:24.116995+02:00,0.03696161508560181
2026-05-14 16:17:24.132620+02:00,0.039482638239860535
2026-05-14 16:17:24.148245+02:00,0.04103299230337143
2026-05-14 16:17:24.163870+02:00,0.04120528697967529
2026-05-14 16:17:24.179495+02:00,0.039628468453884125
2026-05-14 16:17:24.195120+02:00,0.036056116223335266
2026-05-14 16:17:24.210745+02:00,0.030442669987678528
2026-05-14 16:17:24.226370+02:00,0.022984381765127182
2026-05-14 16:17:24.241995+02:00,0.014112986624240875
2026-05-14 16:17:24.257620+02:00,0.004444742109626532
2026-05-14 16:17:24.273245+02:00,-0.005302087403833866
2026-05-14 16:17:24.288870+02:00,-0.014403404667973518
2026-05-14 16:17:24.304495+02:00,-0.022219263017177582
2026-05-14 16:17:24.320120+02:00,-0.028260773047804832
2026-05-14 16:17:24.335745+02:00,-0.03222928196191788
2026-05-14 16:17:24.351370+02:00,-0.03403046354651451
2026-05-14 16:17:24.366995+02:00,-0.03376409411430359
2026-05-14 16:17:24.382620+02:00,-0.0316946767270565
2026-05-14 16:17:24.398245+02:00,-0.028210056945681572
2026-05-14 16:17:24.413870+02:00,-0.023768283426761627
2026-05-14 16:17:24.429495+02:00,-0.01883639395236969
2026-05-14 16:17:24.445120+02:00,-0.013834280893206596
2026-05-14 16:17:24.460745+02:00,-0.009094301611185074
2026-05-14 16:17:24.476370+02:00,-0.004838315770030022
2026-05-14 16:17:24.491995+02:00,-0.0011700205504894257
2026-05-14 16:17:24.507620+02:00,0.0019165454432368279
2026-05-14 16:17:24.523245+02:00,0.004512703511863947
2026-05-14 16:17:24.538870+02:00,0.006763361860066652
2026-05-14 16:17:24.554495+02:00,0.008836719207465649
2026-05-14 16:17:24.570120+02:00,0.010897573083639145
2026-05-14 16:17:24.585745+02:00,0.013084519654512405
2026-05-14 16:17:24.601370+02:00,0.015493245795369148
2026-05-14 16:17:24.616995+02:00,0.018167153000831604
2026-05-14 16:17:24.632620+02:00,0.021097443997859955
2026-05-14 16:17:24.648245+02:00,0.024233389645814896
2026-05-14 16:17:24.663870+02:00,0.027495302259922028
2026-05-14 16:17:24.679495+02:00,0.030782850459218025
2026-05-14 16:17:24.695120+02:00,0.03397545963525772
2026-05-14 16:17:24.710745+02:00,0.036918580532073975
2026-05-14 16:17:24.726370+02:00,0.039396315813064575
2026-05-14 16:17:24.741995+02:00,0.041109584271907806
2026-05-14 16:17:24.757620+02:00,0.041684746742248535
2026-05-14 16:17:24.773245+02:00,0.04072394594550133
2026-05-14 16:17:24.788870+02:00,0.03788895159959793
2026-05-14 16:17:24.804495+02:00,0.03299413248896599
2026-05-14 16:17:24.820120+02:00,0.02607787400484085
2026-05-14 16:17:24.835745+02:00,0.017429394647479057
2026-05-14 16:17:24.851370+02:00,0.007564572151750326
2026-05-14 16:17:24.866995+02:00,-0.002839727094396949
2026-05-14 16:17:24.882620+02:00,-0.013036556541919708
2026-05-14 16:17:24.898245+02:00,-0.02230709046125412
2026-05-14 16:17:24.913870+02:00,-0.030046755447983742
2026-05-14 16:17:24.929495+02:00,-0.03582508862018585
2026-05-14 16:17:24.945120+02:00,-0.03941597044467926
2026-05-14 16:17:24.960745+02:00,-0.04080097749829292
2026-05-14 16:17:24.976370+02:00,-0.040149249136447906
2026-05-14 16:17:24.991995+02:00,-0.037779469043016434
2026-05-14 16:17:25.007620+02:00,-0.03411084786057472
2026-05-14 16:17:25.023245+02:00,-0.029608439654111862
2026-05-14 16:17:25.038870+02:00,-0.024728499352931976
2026-05-14 16:17:25.054495+02:00,-0.019870176911354065
2026-05-14 16:17:25.070120+02:00,-0.015338830649852753
2026-05-14 16:17:25.085745+02:00,-0.01132481824606657
2026-05-14 16:17:25.101370+02:00,-0.0078988466411829
2026-05-14 16:17:25.116995+02:00,-0.00502349017187953
2026-05-14 16:17:25.132620+02:00,-0.0025797495618462563
2026-05-14 16:17:25.148245+02:00,-0.00040244442061521113
2026-05-14 16:17:25.163870+02:00,0.0016849678941071033
2026-05-14 16:17:25.179495+02:00,0.0038405428640544415
2026-05-14 16:17:25.195120+02:00,0.006181157194077969
2026-05-14 16:17:25.210745+02:00,0.008771947585046291
2026-05-14 16:17:25.226370+02:00,0.011626943945884705
2026-05-14 16:17:25.241995+02:00,0.01471396442502737
2026-05-14 16:17:25.257620+02:00,0.017962437123060226
2026-05-14 16:17:25.273245+02:00,0.021276092156767845
2026-05-14 16:17:25.288870+02:00,0.02454785257577896
2026-05-14 16:17:25.304495+02:00,0.027672909200191498
2026-05-14 16:17:25.320120+02:00,0.030554991215467453
2026-05-14 16:17:25.335745+02:00,0.0330948531627655
2026-05-14 16:17:25.351370+02:00,0.035156235098838806
2026-05-14 16:17:25.366995+02:00,0.0365266427397728
2026-05-14 16:17:25.382620+02:00,0.03690371289849281
2026-05-14 16:17:25.398245+02:00,0.035927705466747284
2026-05-14 16:17:25.413870+02:00,0.03325571492314339
2026-05-14 16:17:25.429495+02:00,0.028655145317316055
2026-05-14 16:17:25.445120+02:00,0.022087348625063896
2026-05-14 16:17:25.460745+02:00,0.01375342532992363
2026-05-14 16:17:25.476370+02:00,0.00408877432346344
2026-05-14 16:17:25.491995+02:00,-0.006288302130997181
2026-05-14 16:17:25.507620+02:00,-0.016659799963235855
2026-05-14 16:17:25.523245+02:00,-0.026304109022021294
2026-05-14 16:17:25.538870+02:00,-0.03458430618047714
2026-05-14 16:17:25.554495+02:00,-0.04101587459445
2026-05-14 16:17:25.570120+02:00,-0.045307815074920654
2026-05-14 16:17:25.585745+02:00,-0.04737459495663643
2026-05-14 16:17:25.601370+02:00,-0.04732507839798927
2026-05-14 16:17:25.616995+02:00,-0.04543523117899895
2026-05-14 16:17:25.632620+02:00,-0.04210378974676132
2026-05-14 16:17:25.648245+02:00,-0.037793464958667755
2026-05-14 16:17:25.663870+02:00,-0.032970231026411057
2026-05-14 16:17:25.679495+02:00,-0.028052182868123055
2026-05-14 16:17:25.695120+02:00,-0.02337183803319931
2026-05-14 16:17:25.710745+02:00,-0.01915336772799492
2026-05-14 16:17:25.726370+02:00,-0.015505919232964516
2026-05-14 16:17:25.741995+02:00,-0.012431261129677296
2026-05-14 16:17:25.757620+02:00,-0.009842920117080212
2026-05-14 16:17:25.773245+02:00,-0.007594055496156216
2026-05-14 16:17:25.788870+02:00,-0.0055098626762628555
2026-05-14 16:17:25.804495+02:00,-0.0034191315062344074
2026-05-14 16:17:25.820120+02:00,-0.001180016901344061
2026-05-14 16:17:25.835745+02:00,0.0013027498498558998
2026-05-14 16:17:25.851370+02:00,0.004070470109581947
2026-05-14 16:17:25.866995+02:00,0.007111760322004557
2026-05-14 16:17:25.882620+02:00,0.01036953553557396
2026-05-14 16:17:25.898245+02:00,0.01375300157815218
2026-05-14 16:17:25.913870+02:00,0.017154309898614883
2026-05-14 16:17:25.929495+02:00,0.020465128123760223
2026-05-14 16:17:25.945120+02:00,0.023587068542838097
2026-05-14 16:17:25.960745+02:00,0.02643514797091484
2026-05-14 16:17:25.976370+02:00,0.028932446613907814
2026-05-14 16:17:25.991995+02:00,0.030986689031124115
2026-05-14 16:17:26.007620+02:00,0.03245119750499725
2026-05-14 16:17:26.023245+02:00,0.033096857368946075
2026-05-14 16:17:26.038870+02:00,0.03262172266840935
2026-05-14 16:17:26.054495+02:00,0.030702762305736542
2026-05-14 16:17:26.070120+02:00,0.027075497433543205
2026-05-14 16:17:26.085745+02:00,0.021617736667394638
2026-05-14 16:17:26.101370+02:00,0.0144126508384943
2026-05-14 16:17:26.116995+02:00,0.005772341042757034
2026-05-14 16:17:26.132620+02:00,-0.003787791356444359
2026-05-14 16:17:26.148245+02:00,-0.01361787598580122
2026-05-14 16:17:26.163870+02:00,-0.023023542016744614
2026-05-14 16:17:26.179495+02:00,-0.03135296329855919
2026-05-14 16:17:26.195120+02:00,-0.03806939721107483
2026-05-14 16:17:26.210745+02:00,-0.04280528798699379
2026-05-14 16:17:26.226370+02:00,-0.045391716063022614
2026-05-14 16:17:26.241995+02:00,-0.045859865844249725
2026-05-14 16:17:26.257620+02:00,-0.044418975710868835
2026-05-14 16:17:26.273245+02:00,-0.04141737520694733
2026-05-14 16:17:26.288870+02:00,-0.03729236498475075
2026-05-14 16:17:26.304495+02:00,-0.032514821738004684
2026-05-14 16:17:26.320120+02:00,-0.02753438428044319
2026-05-14 16:17:26.335745+02:00,-0.02273109182715416
2026-05-14 16:17:26.351370+02:00,-0.01837923936545849
2026-05-14 16:17:26.366995+02:00,-0.014628779143095016
2026-05-14 16:17:26.382620+02:00,-0.01150722336024046
2026-05-14 16:17:26.398245+02:00,-0.008939404040575027
2026-05-14 16:17:26.413870+02:00,-0.006778682582080364
2026-05-14 16:17:26.429495+02:00,-0.0048430743627250195
2026-05-14 16:17:26.445120+02:00,-0.00294959032908082
2026-05-14 16:17:26.460745+02:00,-0.0009405058808624744
2026-05-14 16:17:26.476370+02:00,0.0012999717146158218
2026-05-14 16:17:26.491995+02:00,0.003835903014987707
2026-05-14 16:17:26.507620+02:00,0.0066757164895534515
2026-05-14 16:17:26.523245+02:00,0.00977562740445137
2026-05-14 16:17:26.538870+02:00,0.01305200345814228
2026-05-14 16:17:26.554495+02:00,0.01639946736395359
2026-05-14 16:17:26.570120+02:00,0.019705990329384804
2026-05-14 16:17:26.585745+02:00,0.02286343090236187
2026-05-14 16:17:26.601370+02:00,0.02577967196702957
2026-05-14 16:17:26.616995+02:00,0.028390277177095413
2026-05-14 16:17:26.632620+02:00,0.03065783530473709
2026-05-14 16:17:26.648245+02:00,0.03254912793636322
2026-05-14 16:17:26.663870+02:00,0.033992476761341095
2026-05-14 16:17:26.679495+02:00,0.03483539819717407
2026-05-14 16:17:26.695120+02:00,0.03483046591281891
2026-05-14 16:17:26.710745+02:00,0.033665385097265244
2026-05-14 16:17:26.726370+02:00,0.03103245422244072
2026-05-14 16:17:26.741995+02:00,0.026716504245996475
2026-05-14 16:17:26.757620+02:00,0.02067338302731514
2026-05-14 16:17:26.773245+02:00,0.013075734488666058
2026-05-14 16:17:26.788870+02:00,0.00431447010487318
2026-05-14 16:17:26.804495+02:00,-0.005045153200626373
2026-05-14 16:17:26.820120+02:00,-0.014342374168336391
2026-05-14 16:17:26.835745+02:00,-0.022911816835403442
2026-05-14 16:17:26.851370+02:00,-0.030165083706378937
2026-05-14 16:17:26.866995+02:00,-0.0356544554233551
2026-05-14 16:17:26.882620+02:00,-0.03911556303501129
2026-05-14 16:17:26.898245+02:00,-0.04048481211066246
2026-05-14 16:17:26.913870+02:00,-0.03989076986908913
2026-05-14 16:17:26.929495+02:00,-0.037624288350343704
2026-05-14 16:17:26.945120+02:00,-0.03409239277243614
2026-05-14 16:17:26.960745+02:00,-0.029760852456092834
2026-05-14 16:17:26.976370+02:00,-0.025094714015722275
2026-05-14 16:17:26.991995+02:00,-0.020505845546722412
2026-05-14 16:17:27.007620+02:00,-0.016312114894390106
2026-05-14 16:17:27.023245+02:00,-0.012712107039988041
2026-05-14 16:17:27.038870+02:00,-0.009778312407433987
2026-05-14 16:17:27.054495+02:00,-0.007468899246305227
2026-05-14 16:17:27.070120+02:00,-0.005654556676745415
2026-05-14 16:17:27.085745+02:00,-0.004152480512857437
2026-05-14 16:17:27.101370+02:00,-0.0027601500041782856
2026-05-14 16:17:27.116995+02:00,-0.0012860263232141733
2026-05-14 16:17:27.132620+02:00,0.0004248952027410269
2026-05-14 16:17:27.148245+02:00,0.0024736898485571146
2026-05-14 16:17:27.163870+02:00,0.0048994445241987705
2026-05-14 16:17:27.179495+02:00,0.007680258713662624
2026-05-14 16:17:27.195120+02:00,0.010743394494056702
2026-05-14 16:17:27.210745+02:00,0.013981292955577374
2026-05-14 16:17:27.226370+02:00,0.017267469316720963
2026-05-14 16:17:27.241995+02:00,0.020471688359975815
2026-05-14 16:17:27.257620+02:00,0.023476295173168182
2026-05-14 16:17:27.273245+02:00,0.026188865303993225
2026-05-14 16:17:27.288870+02:00,0.02854244038462639
2026-05-14 16:17:27.304495+02:00,0.030477182939648628
2026-05-14 16:17:27.320120+02:00,0.03190372511744499
2026-05-14 16:17:27.335745+02:00,0.03266426548361778
2026-05-14 16:17:27.351370+02:00,0.0325198769569397
2026-05-14 16:17:27.366995+02:00,0.031180772930383682
2026-05-14 16:17:27.382620+02:00,0.028372589498758316
2026-05-14 16:17:27.398245+02:00,0.023917095735669136
2026-05-14 16:17:27.413870+02:00,0.01780300959944725
2026-05-14 16:17:27.429495+02:00,0.010226182639598846
2026-05-14 16:17:27.445120+02:00,0.0015864381566643715
2026-05-14 16:17:27.460745+02:00,-0.007558709941804409
2026-05-14 16:17:27.476370+02:00,-0.016569549217820168
2026-05-14 16:17:27.491995+02:00,-0.024808887392282486
2026-05-14 16:17:27.507620+02:00,-0.03171909973025322
2026-05-14 16:17:27.523245+02:00,-0.03688080981373787
2026-05-14 16:17:27.538870+02:00,-0.0400497168302536
2026-05-14 16:17:27.554495+02:00,-0.041171882301568985
2026-05-14 16:17:27.570120+02:00,-0.040376629680395126
2026-05-14 16:17:27.585745+02:00,-0.03794727474451065
2026-05-14 16:17:27.601370+02:00,-0.03427443653345108
2026-05-14 16:17:27.616995+02:00,-0.029800666496157646
2026-05-14 16:17:27.632620+02:00,-0.024966521188616753
2026-05-14 16:17:27.648245+02:00,-0.020164258778095245
2026-05-14 16:17:27.663870+02:00,-0.015701353549957275
2026-05-14 16:17:27.679495+02:00,-0.011776868253946304
2026-05-14 16:17:27.695120+02:00,-0.008473983034491539
2026-05-14 16:17:27.710745+02:00,-0.005768613424152136
2026-05-14 16:17:27.726370+02:00,-0.0035513255279511213
2026-05-14 16:17:27.741995+02:00,-0.001657567685469985
2026-05-14 16:17:27.757620+02:00,9.979796595871449e-05
2026-05-14 16:17:27.773245+02:00,0.0018993252888321877
2026-05-14 16:17:27.788870+02:00,0.0038846060633659363
2026-05-14 16:17:27.804495+02:00,0.006147291976958513
2026-05-14 16:17:27.820120+02:00,0.008721517398953438
2026-05-14 16:17:27.835745+02:00,0.011587846092879772
2026-05-14 16:17:27.851370+02:00,0.014682509005069733
2026-05-14 16:17:27.866995+02:00,0.017909882590174675
2026-05-14 16:17:27.882620+02:00,0.021158291026949883
2026-05-14 16:17:27.898245+02:00,0.024315159767866135
2026-05-14 16:17:27.913870+02:00,0.02727527916431427
2026-05-14 16:17:27.929495+02:00,0.029935020953416824
2026-05-14 16:17:27.945120+02:00,0.03216702118515968
2026-05-14 16:17:27.960745+02:00,0.033786363899707794
2026-05-14 16:17:27.976370+02:00,0.03453556075692177
2026-05-14 16:17:27.991995+02:00,0.034107815474271774
2026-05-14 16:17:28.007620+02:00,0.03220563381910324
2026-05-14 16:17:28.023245+02:00,0.02861739508807659
2026-05-14 16:17:28.038870+02:00,0.023289920762181282
2026-05-14 16:17:28.054495+02:00,0.016373226419091225
2026-05-14 16:17:28.070120+02:00,0.008223609998822212
2026-05-14 16:17:28.085745+02:00,-0.0006316183134913445
2026-05-14 16:17:28.101370+02:00,-0.009559630416333675
2026-05-14 16:17:28.116995+02:00,-0.01790681481361389
2026-05-14 16:17:28.132620+02:00,-0.025084294378757477
2026-05-14 16:17:28.148245+02:00,-0.030637294054031372
2026-05-14 16:17:28.163870+02:00,-0.03428826481103897
2026-05-14 16:17:28.179495+02:00,-0.035950493067502975
2026-05-14 16:17:28.195120+02:00,-0.035717517137527466
2026-05-14 16:17:28.210745+02:00,-0.03383610025048256
2026-05-14 16:17:28.226370+02:00,-0.030666327103972435
2026-05-14 16:17:28.241995+02:00,-0.02663087472319603
2026-05-14 16:17:28.257620+02:00,-0.022159667685627937
2026-05-14 16:17:28.273245+02:00,-0.017639538273215294
2026-05-14 16:17:28.288870+02:00,-0.013377409428358078
2026-05-14 16:17:28.304495+02:00,-0.009580345824360847
2026-05-14 16:17:28.320120+02:00,-0.006349800154566765
2026-05-14 16:17:28.335745+02:00,-0.00368652306497097
2026-05-14 16:17:28.351370+02:00,-0.0015057981945574284
2026-05-14 16:17:28.366995+02:00,0.0003376919776201248
2026-05-14 16:17:28.382620+02:00,0.002018849365413189
2026-05-14 16:17:28.398245+02:00,0.0037098368629813194
2026-05-14 16:17:28.413870+02:00,0.005552488379180431
2026-05-14 16:17:28.429495+02:00,0.007640871684998274
2026-05-14 16:17:28.445120+02:00,0.01001548208296299
2026-05-14 16:17:28.460745+02:00,0.012666579335927963
2026-05-14 16:17:28.476370+02:00,0.015542939305305481
2026-05-14 16:17:28.491995+02:00,0.018563471734523773
2026-05-14 16:17:28.507620+02:00,0.02163025736808777
2026-05-14 16:17:28.523245+02:00,0.024641109630465508
2026-05-14 16:17:28.538870+02:00,0.027497824281454086
2026-05-14 16:17:28.554495+02:00,0.030104005709290504
2026-05-14 16:17:28.570120+02:00,0.032346758991479874
2026-05-14 16:17:28.585745+02:00,0.03406688570976257
2026-05-14 16:17:28.601370+02:00,0.03503825142979622
2026-05-14 16:17:28.616995+02:00,0.03497755154967308
2026-05-14 16:17:28.632620+02:00,0.03358950465917587
2026-05-14 16:17:28.648245+02:00,0.03063596785068512
2026-05-14 16:17:28.663870+02:00,0.0260080024600029
2026-05-14 16:17:28.679495+02:00,0.01978076994419098
2026-05-14 16:17:28.695120+02:00,0.012235930189490318
2026-05-14 16:17:28.710745+02:00,0.003841543570160866
2026-05-14 16:17:28.726370+02:00,-0.004808470606803894
2026-05-14 16:17:28.741995+02:00,-0.013078318908810616
2026-05-14 16:17:28.757620+02:00,-0.020374838262796402
2026-05-14 16:17:28.773245+02:00,-0.026216475293040276
2026-05-14 16:17:28.788870+02:00,-0.03028028830885887
2026-05-14 16:17:28.804495+02:00,-0.03242466598749161
2026-05-14 16:17:28.820120+02:00,-0.03268790245056152
2026-05-14 16:17:28.835745+02:00,-0.03126595914363861
2026-05-14 16:17:28.851370+02:00,-0.0284749586135149
2026-05-14 16:17:28.866995+02:00,-0.02470509335398674
2026-05-14 16:17:28.882620+02:00,-0.020371880382299423
2026-05-14 16:17:28.898245+02:00,-0.015870744362473488
2026-05-14 16:17:28.913870+02:00,-0.01154003944247961
2026-05-14 16:17:28.929495+02:00,-0.0076336669735610485
2026-05-14 16:17:28.945120+02:00,-0.00430466141551733
2026-05-14 16:17:28.960745+02:00,-0.0016019048634916544
2026-05-14 16:17:28.976370+02:00,0.0005201313178986311
2026-05-14 16:17:28.991995+02:00,0.0021800706163048744
2026-05-14 16:17:29.007620+02:00,0.003540334291756153
2026-05-14 16:17:29.023245+02:00,0.004776376765221357
2026-05-14 16:17:29.038870+02:00,0.006050313822925091
2026-05-14 16:17:29.054495+02:00,0.007491623982787132
2026-05-14 16:17:29.070120+02:00,0.009185975417494774
2026-05-14 16:17:29.085745+02:00,0.011172193102538586
2026-05-14 16:17:29.101370+02:00,0.013444372452795506
2026-05-14 16:17:29.116995+02:00,0.015956085175275803
2026-05-14 16:17:29.132620+02:00,0.018627606332302094
2026-05-14 16:17:29.148245+02:00,0.02135518193244934
2026-05-14 16:17:29.163870+02:00,0.024015279486775398
2026-05-14 16:17:29.179495+02:00,0.02645474672317505
2026-05-14 16:17:29.195120+02:00,0.028467556461691856
2026-05-14 16:17:29.210745+02:00,0.02977893315255642
2026-05-14 16:17:29.226370+02:00,0.03005964681506157
2026-05-14 16:17:29.241995+02:00,0.02897341549396515
2026-05-14 16:17:29.257620+02:00,0.02624775655567646
2026-05-14 16:17:29.273245+02:00,0.021751515567302704
2026-05-14 16:17:29.288870+02:00,0.015554453246295452
2026-05-14 16:17:29.304495+02:00,0.007947241887450218
2026-05-14 16:17:29.320120+02:00,-0.0005860403180122375
2026-05-14 16:17:29.335745+02:00,-0.009434073232114315
2026-05-14 16:17:29.351370+02:00,-0.01794283464550972
2026-05-14 16:17:29.366995+02:00,-0.025499358773231506
2026-05-14 16:17:29.382620+02:00,-0.03160202503204346
2026-05-14 16:17:29.398245+02:00,-0.035910315811634064
2026-05-14 16:17:29.413870+02:00,-0.038270868360996246
2026-05-14 16:17:29.429495+02:00,-0.03871815279126167
2026-05-14 16:17:29.445120+02:00,-0.037452250719070435
2026-05-14 16:17:29.460745+02:00,-0.03480013459920883
2026-05-14 16:17:29.476370+02:00,-0.031167397275567055
2026-05-14 16:17:29.491995+02:00,-0.02698741853237152
2026-05-14 16:17:29.507620+02:00,-0.022672291845083237
2026-05-14 16:17:29.523245+02:00,-0.01856842450797558
2026-05-14 16:17:29.538870+02:00,-0.014923504553735256
2026-05-14 16:17:29.554495+02:00,-0.011871349066495895
2026-05-14 16:17:29.570120+02:00,-0.009435327723622322
2026-05-14 16:17:29.585745+02:00,-0.007546643260866404
2026-05-14 16:17:29.601370+02:00,-0.006070554256439209
2026-05-14 16:17:29.616995+02:00,-0.004833875689655542
2026-05-14 16:17:29.632620+02:00,-0.0036524042952805758
2026-05-14 16:17:29.648245+02:00,-0.0023580954875797033
2026-05-14 16:17:29.663870+02:00,-0.0008213676046580076
2026-05-14 16:17:29.679495+02:00,0.0010353866964578629
2026-05-14 16:17:29.695120+02:00,0.0032325657084584236
2026-05-14 16:17:29.710745+02:00,0.005736752413213253
2026-05-14 16:17:29.726370+02:00,0.008473031222820282
2026-05-14 16:17:29.741995+02:00,0.01134108379483223
2026-05-14 16:17:29.757620+02:00,0.014227614738047123
2026-05-14 16:17:29.773245+02:00,0.017006389796733856
2026-05-14 16:17:29.788870+02:00,0.019519083201885223
2026-05-14 16:17:29.804495+02:00,0.02154681831598282
2026-05-14 16:17:29.820120+02:00,0.022797882556915283
2026-05-14 16:17:29.835745+02:00,0.02293074131011963
2026-05-14 16:17:29.851370+02:00,0.021613093093037605
2026-05-14 16:17:29.866995+02:00,0.018601609393954277
2026-05-14 16:17:29.882620+02:00,0.013817879371345043
2026-05-14 16:17:29.898245+02:00,0.007396485656499863
2026-05-14 16:17:29.913870+02:00,-0.0003099828027188778
2026-05-14 16:17:29.929495+02:00,-0.008770009502768517
2026-05-14 16:17:29.945120+02:00,-0.017344916239380836
2026-05-14 16:17:29.960745+02:00,-0.02537570521235466
2026-05-14 16:17:29.976370+02:00,-0.03226726874709129
2026-05-14 16:17:29.991995+02:00,-0.03755531460046768
2026-05-14 16:17:30.007620+02:00,-0.0409468412399292
2026-05-14 16:17:30.023245+02:00,-0.04233570769429207
2026-05-14 16:17:30.038870+02:00,-0.04179945960640907
2026-05-14 16:17:30.054495+02:00,-0.03957750275731087
2026-05-14 16:17:30.070120+02:00,-0.03603113815188408
2026-05-14 16:17:30.085745+02:00,-0.03159228712320328
2026-05-14 16:17:30.101370+02:00,-0.026707764714956284
2026-05-14 16:17:30.116995+02:00,-0.02178540825843811
2026-05-14 16:17:30.132620+02:00,-0.017151154577732086
2026-05-14 16:17:30.148245+02:00,-0.0130242258310318
2026-05-14 16:17:30.163870+02:00,-0.009509941563010216
2026-05-14 16:17:30.179495+02:00,-0.006606436334550381
2026-05-14 16:17:30.195120+02:00,-0.004223630763590336
2026-05-14 16:17:30.210745+02:00,-0.0022111255675554276
2026-05-14 16:17:30.226370+02:00,-0.0003896541893482208
2026-05-14 16:17:30.241995+02:00,0.0014185290783643723
2026-05-14 16:17:30.257620+02:00,0.0033655380830168724
2026-05-14 16:17:30.273245+02:00,0.005560895428061485
2026-05-14 16:17:30.288870+02:00,0.008061056956648827
2026-05-14 16:17:30.304495+02:00,0.010869263671338558
2026-05-14 16:17:30.320120+02:00,0.013945329934358597
2026-05-14 16:17:30.335745+02:00,0.017219144850969315
2026-05-14 16:17:30.351370+02:00,0.02060212753713131
2026-05-14 16:17:30.366995+02:00,0.023990146815776825
2026-05-14 16:17:30.382620+02:00,0.027250073850154877
2026-05-14 16:17:30.398245+02:00,0.03018936887383461
2026-05-14 16:17:30.413870+02:00,0.032528068870306015
2026-05-14 16:17:30.429495+02:00,0.0339035838842392
2026-05-14 16:17:30.445120+02:00,0.033921584486961365
2026-05-14 16:17:30.460745+02:00,0.03224007785320282
2026-05-14 16:17:30.476370+02:00,0.02866009995341301
2026-05-14 16:17:30.491995+02:00,0.02319473773241043
2026-05-14 16:17:30.507620+02:00,0.016097042709589005
2026-05-14 16:17:30.523245+02:00,0.007840796373784542
2026-05-14 16:17:30.538870+02:00,-0.000940343365073204
2026-05-14 16:17:30.554495+02:00,-0.00954105332493782
2026-05-14 16:17:30.570120+02:00,-0.017280213534832
2026-05-14 16:17:30.585745+02:00,-0.02358338236808777
2026-05-14 16:17:30.601370+02:00,-0.02803809568285942
2026-05-14 16:17:30.616995+02:00,-0.030422162264585495
2026-05-14 16:17:30.632620+02:00,-0.030711716040968895
2026-05-14 16:17:30.648245+02:00,-0.029070504009723663
2026-05-14 16:17:30.663870+02:00,-0.02581825479865074
2026-05-14 16:17:30.679495+02:00,-0.02138151228427887
2026-05-14 16:17:30.695120+02:00,-0.016235215589404106
2026-05-14 16:17:30.710745+02:00,-0.010843334719538689
2026-05-14 16:17:30.726370+02:00,-0.005607565864920616
2026-05-14 16:17:30.741995+02:00,-0.0008314605802297592
2026-05-14 16:17:30.757620+02:00,0.003298673778772354
2026-05-14 16:17:30.773245+02:00,0.006718313321471214
2026-05-14 16:17:30.788870+02:00,0.009475359693169594
2026-05-14 16:17:30.804495+02:00,0.01170580554753542
2026-05-14 16:17:30.820120+02:00,0.013597688637673855
2026-05-14 16:17:30.835745+02:00,0.015352463349699974
2026-05-14 16:17:30.851370+02:00,0.01715203747153282
2026-05-14 16:17:30.866995+02:00,0.019136687740683556
2026-05-14 16:17:30.882620+02:00,0.021395284682512283
2026-05-14 16:17:30.898245+02:00,0.023962590843439102
2026-05-14 16:17:30.913870+02:00,0.02681969851255417
2026-05-14 16:17:30.929495+02:00,0.02990029752254486
2026-05-14 16:17:30.945120+02:00,0.033104464411735535
2026-05-14 16:17:30.960745+02:00,0.03631631284952164
2026-05-14 16:17:30.976370+02:00,0.0394148975610733
2026-05-14 16:17:30.991995+02:00,0.04226448014378548
2026-05-14 16:17:31.007620+02:00,0.04468243569135666
2026-05-14 16:17:31.023245+02:00,0.04640518128871918
2026-05-14 16:17:31.038870+02:00,0.0470832958817482
2026-05-14 16:17:31.054495+02:00,0.046323295682668686
2026-05-14 16:17:31.070120+02:00,0.043768249452114105
2026-05-14 16:17:31.085745+02:00,0.03919301927089691
2026-05-14 16:17:31.101370+02:00,0.03258413076400757
2026-05-14 16:17:31.116995+02:00,0.024178892374038696
2026-05-14 16:17:31.132620+02:00,0.014452547766268253
2026-05-14 16:17:31.148245+02:00,0.004057923331856728
2026-05-14 16:17:31.163870+02:00,-0.006266077980399132
2026-05-14 16:17:31.179495+02:00,-0.0157927256077528
2026-05-14 16:17:31.195120+02:00,-0.023891709744930267
2026-05-14 16:17:31.210745+02:00,-0.030091416090726852
2026-05-14 16:17:31.226370+02:00,-0.034118205308914185
2026-05-14 16:17:31.241995+02:00,-0.03591075539588928
2026-05-14 16:17:31.257620+02:00,-0.03560784459114075
2026-05-14 16:17:31.273245+02:00,-0.033512845635414124
2026-05-14 16:17:31.288870+02:00,-0.030041556805372238
2026-05-14 16:17:31.304495+02:00,-0.025662874802947044
2026-05-14 16:17:31.320120+02:00,-0.020844388753175735
2026-05-14 16:17:31.335745+02:00,-0.016007624566555023
2026-05-14 16:17:31.351370+02:00,-0.011489843018352985
2026-05-14 16:17:31.366995+02:00,-0.007515515200793743
2026-05-14 16:17:31.382620+02:00,-0.004185792058706284
2026-05-14 16:17:31.398245+02:00,-0.0014874516054987907
2026-05-14 16:17:31.413870+02:00,0.0006841374561190605
2026-05-14 16:17:31.429495+02:00,0.0024947859346866608
2026-05-14 16:17:31.445120+02:00,0.004138335585594177
2026-05-14 16:17:31.460745+02:00,0.0058030178770422935
2026-05-14 16:17:31.476370+02:00,0.007642341312021017
2026-05-14 16:17:31.491995+02:00,0.009756244719028473
2026-05-14 16:17:31.507620+02:00,0.01218421384692192
2026-05-14 16:17:31.523245+02:00,0.014909083023667336
2026-05-14 16:17:31.538870+02:00,0.01786806248128414
2026-05-14 16:17:31.554495+02:00,0.020966894924640656
2026-05-14 16:17:31.570120+02:00,0.024095196276903152
2026-05-14 16:17:31.585745+02:00,0.02714044414460659
2026-05-14 16:17:31.601370+02:00,0.029995378106832504
2026-05-14 16:17:31.616995+02:00,0.032550156116485596
2026-05-14 16:17:31.632620+02:00,0.03466296195983887
2026-05-14 16:17:31.648245+02:00,0.036121271550655365
2026-05-14 16:17:31.663870+02:00,0.036623742431402206
2026-05-14 16:17:31.679495+02:00,0.03580493852496147
2026-05-14 16:17:31.695120+02:00,0.03330174833536148
2026-05-14 16:17:31.710745+02:00,0.028843997046351433
2026-05-14 16:17:31.726370+02:00,0.022344110533595085
2026-05-14 16:17:31.741995+02:00,0.01395766343921423
2026-05-14 16:17:31.757620+02:00,0.004093932919204235
2026-05-14 16:17:31.773245+02:00,-0.006627884227782488
2026-05-14 16:17:31.788870+02:00,-0.017462603747844696
2026-05-14 16:17:31.804495+02:00,-0.027639970183372498
2026-05-14 16:17:31.820120+02:00,-0.03646199405193329
2026-05-14 16:17:31.835745+02:00,-0.043380700051784515
2026-05-14 16:17:31.851370+02:00,-0.048047907650470734
2026-05-14 16:17:31.866995+02:00,-0.050336360931396484
2026-05-14 16:17:31.882620+02:00,-0.05033478885889053
2026-05-14 16:17:31.898245+02:00,-0.048321373760700226
2026-05-14 16:17:31.913870+02:00,-0.044717658311128616
2026-05-14 16:17:31.929495+02:00,-0.0400267019867897
2026-05-14 16:17:31.945120+02:00,-0.034767214208841324
2026-05-14 16:17:31.960745+02:00,-0.029414907097816467
2026-05-14 16:17:31.976370+02:00,-0.024355832487344742
2026-05-14 16:17:31.991995+02:00,-0.01985573023557663
2026-05-14 16:17:32.007620+02:00,-0.016049174591898918
2026-05-14 16:17:32.023245+02:00,-0.0129466000944376
2026-05-14 16:17:32.038870+02:00,-0.010454496368765831
2026-05-14 16:17:32.054495+02:00,-0.00840543769299984
2026-05-14 16:17:32.070120+02:00,-0.006593584083020687
2026-05-14 16:17:32.085745+02:00,-0.004810448735952377
2026-05-14 16:17:32.101370+02:00,-0.0028758905827999115
2026-05-14 16:17:32.116995+02:00,-0.000659185228869319
2026-05-14 16:17:32.132620+02:00,0.001911434344947338
2026-05-14 16:17:32.148245+02:00,0.0048479484394192696
2026-05-14 16:17:32.163870+02:00,0.008108096197247505
2026-05-14 16:17:32.179495+02:00,0.011606436222791672
2026-05-14 16:17:32.195120+02:00,0.015228675678372383
2026-05-14 16:17:32.210745+02:00,0.018842529505491257
2026-05-14 16:17:32.226370+02:00,0.022293223068118095
2026-05-14 16:17:32.241995+02:00,0.02537958323955536
2026-05-14 16:17:32.257620+02:00,0.02782634273171425
2026-05-14 16:17:32.273245+02:00,0.029277853667736053
2026-05-14 16:17:32.288870+02:00,0.029330123215913773
2026-05-14 16:17:32.304495+02:00,0.027600932866334915
2026-05-14 16:17:32.320120+02:00,0.023822085931897163
2026-05-14 16:17:32.335745+02:00,0.017927978187799454
2026-05-14 16:17:32.351370+02:00,0.010110996663570404
2026-05-14 16:17:32.366995+02:00,0.0008222758769989014
2026-05-14 16:17:32.382620+02:00,-0.009282322600483894
2026-05-14 16:17:32.398245+02:00,-0.019432879984378815
2026-05-14 16:17:32.413870+02:00,-0.02884913980960846
2026-05-14 16:17:32.429495+02:00,-0.036835603415966034
2026-05-14 16:17:32.445120+02:00,-0.04285483434796333
2026-05-14 16:17:32.460745+02:00,-0.04657553508877754
2026-05-14 16:17:32.476370+02:00,-0.047894492745399475
2026-05-14 16:17:32.491995+02:00,-0.046931568533182144
2026-05-14 16:17:32.507620+02:00,-0.04399866983294487
2026-05-14 16:17:32.523245+02:00,-0.03954843059182167
2026-05-14 16:17:32.538870+02:00,-0.03411218523979187
2026-05-14 16:17:32.554495+02:00,-0.02823355607688427
2026-05-14 16:17:32.570120+02:00,-0.022403666749596596
2026-05-14 16:17:32.585745+02:00,-0.017009589821100235
2026-05-14 16:17:32.601370+02:00,-0.012304432690143585
2026-05-14 16:17:32.616995+02:00,-0.008398706093430519
2026-05-14 16:17:32.632620+02:00,-0.005269561428576708
2026-05-14 16:17:32.648245+02:00,-0.00278573390096426
2026-05-14 16:17:32.663870+02:00,-0.0007450927514582872
2026-05-14 16:17:32.679495+02:00,0.0010830669198185205
2026-05-14 16:17:32.695120+02:00,0.0029201118741184473
2026-05-14 16:17:32.710745+02:00,0.004948468413203955
2026-05-14 16:17:32.726370+02:00,0.007292124442756176
2026-05-14 16:17:32.741995+02:00,0.010009624063968658
2026-05-14 16:17:32.757620+02:00,0.013097521848976612
2026-05-14 16:17:32.773245+02:00,0.016498439013957977
2026-05-14 16:17:32.788870+02:00,0.02011185511946678
2026-05-14 16:17:32.804495+02:00,0.023805629462003708
2026-05-14 16:17:32.820120+02:00,0.027415262535214424
2026-05-14 16:17:32.835745+02:00,0.030720986425876617
2026-05-14 16:17:32.851370+02:00,0.03341767191886902
2026-05-14 16:17:32.866995+02:00,0.0351090170443058
2026-05-14 16:17:32.882620+02:00,0.035347387194633484
2026-05-14 16:17:32.898245+02:00,0.03371546044945717
2026-05-14 16:17:32.913870+02:00,0.029925834387540817
2026-05-14 16:17:32.929495+02:00,0.02390896901488304
2026-05-14 16:17:32.945120+02:00,0.015863478183746338
2026-05-14 16:17:32.960745+02:00,0.006254471838474274
2026-05-14 16:17:32.976370+02:00,-0.0042389389127492905
2026-05-14 16:17:32.991995+02:00,-0.014813319779932499
2026-05-14 16:17:33.007620+02:00,-0.024648398160934448
2026-05-14 16:17:33.023245+02:00,-0.03301245719194412
2026-05-14 16:17:33.038870+02:00,-0.03934572637081146
2026-05-14 16:17:33.054495+02:00,-0.04330920800566673
2026-05-14 16:17:33.070120+02:00,-0.04480062052607536
2026-05-14 16:17:33.085745+02:00,-0.04394407942891121
2026-05-14 16:17:33.101370+02:00,-0.041057001799345016
2026-05-14 16:17:33.116995+02:00,-0.03659748286008835
2026-05-14 16:17:33.132620+02:00,-0.0310988612473011
2026-05-14 16:17:33.148245+02:00,-0.025101400911808014
2026-05-14 16:17:33.163870+02:00,-0.019091274589300156
2026-05-14 16:17:33.179495+02:00,-0.01345388125628233
2026-05-14 16:17:33.195120+02:00,-0.008444624952971935
2026-05-14 16:17:33.210745+02:00,-0.004178833216428757
2026-05-14 16:17:33.226370+02:00,-0.0006412602961063385
2026-05-14 16:17:33.241995+02:00,0.002288457006216049
2026-05-14 16:17:33.257620+02:00,0.004800125956535339
2026-05-14 16:17:33.273245+02:00,0.007112199906259775
2026-05-14 16:17:33.288870+02:00,0.009433023631572723
2026-05-14 16:17:33.304495+02:00,0.011932636611163616
2026-05-14 16:17:33.320120+02:00,0.01472741924226284
2026-05-14 16:17:33.335745+02:00,0.017872702330350876
2026-05-14 16:17:33.351370+02:00,0.021361228078603745
2026-05-14 16:17:33.366995+02:00,0.02513013780117035
2026-05-14 16:17:33.382620+02:00,0.029075000435113907
2026-05-14 16:17:33.398245+02:00,0.03306099772453308
2026-05-14 16:17:33.413870+02:00,0.03691677004098892
2026-05-14 16:17:33.429495+02:00,0.04040750861167908
2026-05-14 16:17:33.445120+02:00,0.04320705682039261
2026-05-14 16:17:33.460745+02:00,0.0448988601565361
2026-05-14 16:17:33.476370+02:00,0.04502270370721817
2026-05-14 16:17:33.491995+02:00,0.04316147789359093
2026-05-14 16:17:33.507620+02:00,0.03904375806450844
2026-05-14 16:17:33.523245+02:00,0.032631248235702515
2026-05-14 16:17:33.538870+02:00,0.024163950234651566
2026-05-14 16:17:33.554495+02:00,0.014148923568427563
2026-05-14 16:17:33.570120+02:00,0.0032966909930109978
2026-05-14 16:17:33.585745+02:00,-0.0075766099616885185
2026-05-14 16:17:33.601370+02:00,-0.017657607793807983
2026-05-14 16:17:33.616995+02:00,-0.026232589036226273
2026-05-14 16:17:33.632620+02:00,-0.032760027796030045
2026-05-14 16:17:33.648245+02:00,-0.036915771663188934
2026-05-14 16:17:33.663870+02:00,-0.038609426468610764
2026-05-14 16:17:33.679495+02:00,-0.03797110915184021
2026-05-14 16:17:33.695120+02:00,-0.03531419858336449
2026-05-14 16:17:33.710745+02:00,-0.031083177775144577
2026-05-14 16:17:33.726370+02:00,-0.025794368237257004
2026-05-14 16:17:33.741995+02:00,-0.01997501775622368
2026-05-14 16:17:33.757620+02:00,-0.014105535112321377
2026-05-14 16:17:33.773245+02:00,-0.00857206154614687
2026-05-14 16:17:33.788870+02:00,-0.0036364728584885597
2026-05-14 16:17:33.804495+02:00,0.0005747368559241295
2026-05-14 16:17:33.820120+02:00,0.004063405096530914
2026-05-14 16:17:33.835745+02:00,0.006935495883226395
2026-05-14 16:17:33.851370+02:00,0.009366090409457684
2026-05-14 16:17:33.866995+02:00,0.011562371626496315
2026-05-14 16:17:33.882620+02:00,0.013728909194469452
2026-05-14 16:17:33.898245+02:00,0.01603749394416809
2026-05-14 16:17:33.913870+02:00,0.018605588003993034
2026-05-14 16:17:33.929495+02:00,0.02148587442934513
2026-05-14 16:17:33.945120+02:00,0.024665536358952522
2026-05-14 16:17:33.960745+02:00,0.028074510395526886
2026-05-14 16:17:33.976370+02:00,0.0316031314432621
2026-05-14 16:17:33.991995+02:00,0.03512348607182503
2026-05-14 16:17:34.007620+02:00,0.038501400500535965
2026-05-14 16:17:34.023245+02:00,0.0415872186422348
2026-05-14 16:17:34.038870+02:00,0.04418431222438812
2026-05-14 16:17:34.054495+02:00,0.0460137240588665
2026-05-14 16:17:34.070120+02:00,0.04670713469386101
2026-05-14 16:17:34.085745+02:00,0.04584783688187599
2026-05-14 16:17:34.101370+02:00,0.043051768094301224
2026-05-14 16:17:34.116995+02:00,0.038065530359745026
2026-05-14 16:17:34.132620+02:00,0.03085346519947052
2026-05-14 16:17:34.148245+02:00,0.021646229550242424
2026-05-14 16:17:34.163870+02:00,0.010935014113783836
2026-05-14 16:17:34.179495+02:00,-0.0005860449746251106
2026-05-14 16:17:34.195120+02:00,-0.012112313881516457
2026-05-14 16:17:34.210745+02:00,-0.022834625095129013
2026-05-14 16:17:34.226370+02:00,-0.032038383185863495
2026-05-14 16:17:34.241995+02:00,-0.039178527891635895
2026-05-14 16:17:34.257620+02:00,-0.04392345994710922
2026-05-14 16:17:34.273245+02:00,-0.04617128521203995
2026-05-14 16:17:34.288870+02:00,-0.046041570603847504
2026-05-14 16:17:34.304495+02:00,-0.04384360462427139
2026-05-14 16:17:34.320120+02:00,-0.04002462327480316
2026-05-14 16:17:34.335745+02:00,-0.03510640561580658
2026-05-14 16:17:34.351370+02:00,-0.02962004393339157
2026-05-14 16:17:34.366995+02:00,-0.02404724434018135
2026-05-14 16:17:34.382620+02:00,-0.018774863332509995
2026-05-14 16:17:34.398245+02:00,-0.014066755771636963
2026-05-14 16:17:34.413870+02:00,-0.01005413755774498
2026-05-14 16:17:34.429495+02:00,-0.006742597557604313
2026-05-14 16:17:34.445120+02:00,-0.00403321348130703
2026-05-14 16:17:34.460745+02:00,-0.0017556585371494293
2026-05-14 16:17:34.476370+02:00,0.00029349885880947113
2026-05-14 16:17:34.491995+02:00,0.0023156125098466873
2026-05-14 16:17:34.507620+02:00,0.004481486976146698
2026-05-14 16:17:34.523245+02:00,0.006911089643836021
2026-05-14 16:17:34.538870+02:00,0.009662429802119732
2026-05-14 16:17:34.554495+02:00,0.012729748152196407
2026-05-14 16:17:34.570120+02:00,0.016050826758146286
2026-05-14 16:17:34.585745+02:00,0.019521862268447876
2026-05-14 16:17:34.601370+02:00,0.023016247898340225
2026-05-14 16:17:34.616995+02:00,0.026402398943901062
2026-05-14 16:17:34.632620+02:00,0.029551805928349495
2026-05-14 16:17:34.648245+02:00,0.03232520818710327
2026-05-14 16:17:34.663870+02:00,0.034537188708782196
2026-05-14 16:17:34.679495+02:00,0.035921670496463776
2026-05-14 16:17:34.695120+02:00,0.0361296683549881
2026-05-14 16:17:34.710745+02:00,0.03477641940116882
2026-05-14 16:17:34.726370+02:00,0.031528182327747345
2026-05-14 16:17:34.741995+02:00,0.026200121268630028
2026-05-14 16:17:34.757620+02:00,0.018833331763744354
2026-05-14 16:17:34.773245+02:00,0.009726567193865776
2026-05-14 16:17:34.788870+02:00,-0.0005855094641447067
2026-05-14 16:17:34.804495+02:00,-0.011398900300264359
2026-05-14 16:17:34.820120+02:00,-0.02193456143140793
2026-05-14 16:17:34.835745+02:00,-0.03143937513232231
2026-05-14 16:17:34.851370+02:00,-0.03927510976791382
2026-05-14 16:17:34.866995+02:00,-0.04498457908630371
2026-05-14 16:17:34.882620+02:00,-0.04832945764064789
2026-05-14 16:17:34.898245+02:00,-0.04929810017347336
2026-05-14 16:17:34.913870+02:00,-0.048086486756801605
2026-05-14 16:17:34.929495+02:00,-0.04505767673254013
2026-05-14 16:17:34.945120+02:00,-0.04068598523736
2026-05-14 16:17:34.960745+02:00,-0.03549326956272125
2026-05-14 16:17:34.976370+02:00,-0.0299864299595356
2026-05-14 16:17:34.991995+02:00,-0.024604391306638718
2026-05-14 16:17:35.007620+02:00,-0.019679449498653412
2026-05-14 16:17:35.023245+02:00,-0.01541504729539156
2026-05-14 16:17:35.038870+02:00,-0.011880379170179367
2026-05-14 16:17:35.054495+02:00,-0.009022262878715992
2026-05-14 16:17:35.070120+02:00,-0.006694002076983452
2026-05-14 16:17:35.085745+02:00,-0.0046960124745965
2026-05-14 16:17:35.101370+02:00,-0.0028182389214634895
2026-05-14 16:17:35.116995+02:00,-0.0008746273815631866
2026-05-14 16:17:35.132620+02:00,0.0012750755995512009
2026-05-14 16:17:35.148245+02:00,0.0037131644785404205
2026-05-14 16:17:35.163870+02:00,0.006458554416894913
2026-05-14 16:17:35.179495+02:00,0.0094719547778368
2026-05-14 16:17:35.195120+02:00,0.012671267613768578
2026-05-14 16:17:35.210745+02:00,0.015948636457324028
2026-05-14 16:17:35.226370+02:00,0.019184868782758713
2026-05-14 16:17:35.241995+02:00,0.022263141348958015
2026-05-14 16:17:35.257620+02:00,0.025079024955630302
2026-05-14 16:17:35.273245+02:00,0.027535799890756607
2026-05-14 16:17:35.288870+02:00,0.029517371207475662
2026-05-14 16:17:35.304495+02:00,0.030848871916532516
2026-05-14 16:17:35.320120+02:00,0.03127288818359375
2026-05-14 16:17:35.335745+02:00,0.030466727912425995
2026-05-14 16:17:35.351370+02:00,0.028103439137339592
2026-05-14 16:17:35.366995+02:00,0.023937981575727463
2026-05-14 16:17:35.382620+02:00,0.017891373485326767
2026-05-14 16:17:35.398245+02:00,0.010107230395078659
2026-05-14 16:17:35.413870+02:00,0.000963924452662468
2026-05-14 16:17:35.429495+02:00,-0.008961237967014313
2026-05-14 16:17:35.445120+02:00,-0.018967684358358383
2026-05-14 16:17:35.460745+02:00,-0.028329025954008102
2026-05-14 16:17:35.476370+02:00,-0.03638745844364166
2026-05-14 16:17:35.491995+02:00,-0.04262654110789299
2026-05-14 16:17:35.507620+02:00,-0.046718478202819824
2026-05-14 16:17:35.523245+02:00,-0.04854762181639671
2026-05-14 16:17:35.538870+02:00,-0.04820861667394638
2026-05-14 16:17:35.554495+02:00,-0.045978523790836334
2026-05-14 16:17:35.570120+02:00,-0.042269282042980194
2026-05-14 16:17:35.585745+02:00,-0.0375690758228302
2026-05-14 16:17:35.601370+02:00,-0.03237927332520485
2026-05-14 16:17:35.616995+02:00,-0.02715563029050827
2026-05-14 16:17:35.632620+02:00,-0.022263024002313614
2026-05-14 16:17:35.648245+02:00,-0.017948197200894356
2026-05-14 16:17:35.663870+02:00,-0.014329293742775917
2026-05-14 16:17:35.679495+02:00,-0.011400680057704449
2026-05-14 16:17:35.695120+02:00,-0.009054086171090603
2026-05-14 16:17:35.710745+02:00,-0.007113331463187933
2026-05-14 16:17:35.726370+02:00,-0.005373997148126364
2026-05-14 16:17:35.741995+02:00,-0.0036382125690579414
2026-05-14 16:17:35.757620+02:00,-0.00173922348767519
2026-05-14 16:17:35.773245+02:00,0.0004425719380378723
2026-05-14 16:17:35.788870+02:00,0.002968628890812397
2026-05-14 16:17:35.804495+02:00,0.005837707780301571
2026-05-14 16:17:35.820120+02:00,0.00899265892803669
2026-05-14 16:17:35.835745+02:00,0.012337470427155495
2026-05-14 16:17:35.851370+02:00,0.015756310895085335
2026-05-14 16:17:35.866995+02:00,0.019128937274217606
2026-05-14 16:17:35.882620+02:00,0.022339709103107452
2026-05-14 16:17:35.898245+02:00,0.025272587314248085
2026-05-14 16:17:35.913870+02:00,0.027786310762166977
2026-05-14 16:17:35.929495+02:00,0.029681330546736717
2026-05-14 16:17:35.945120+02:00,0.030684933066368103
2026-05-14 16:17:35.960745+02:00,0.030474424362182617
2026-05-14 16:17:35.976370+02:00,0.02873736247420311
2026-05-14 16:17:35.991995+02:00,0.025251787155866623
2026-05-14 16:17:36.007620+02:00,0.01996227353811264
2026-05-14 16:17:36.023245+02:00,0.013028276152908802
2026-05-14 16:17:36.038870+02:00,0.004830208607017994
2026-05-14 16:17:36.054495+02:00,-0.004069085232913494
2026-05-14 16:17:36.070120+02:00,-0.012999405153095722
2026-05-14 16:17:36.085745+02:00,-0.02127685956656933
2026-05-14 16:17:36.101370+02:00,-0.02829241007566452
2026-05-14 16:17:36.116995+02:00,-0.03357834368944168
2026-05-14 16:17:36.132620+02:00,-0.03684891760349274
2026-05-14 16:17:36.148245+02:00,-0.038016822189092636
2026-05-14 16:17:36.163870+02:00,-0.03718671202659607
2026-05-14 16:17:36.179495+02:00,-0.0346280075609684
2026-05-14 16:17:36.195120+02:00,-0.030731257051229477
2026-05-14 16:17:36.210745+02:00,-0.02595507726073265
2026-05-14 16:17:36.226370+02:00,-0.02077093906700611
2026-05-14 16:17:36.241995+02:00,-0.015610063448548317
2026-05-14 16:17:36.257620+02:00,-0.010818088427186012
2026-05-14 16:17:36.273245+02:00,-0.006626061163842678
2026-05-14 16:17:36.288870+02:00,-0.003141329623758793
2026-05-14 16:17:36.304495+02:00,-0.0003543967322912067
2026-05-14 16:17:36.320120+02:00,0.0018424817826598883
2026-05-14 16:17:36.335745+02:00,0.0036257654428482056
2026-05-14 16:17:36.351370+02:00,0.005202689208090305
2026-05-14 16:17:36.366995+02:00,0.006772987544536591
2026-05-14 16:17:36.382620+02:00,0.00849904678761959
2026-05-14 16:17:36.398245+02:00,0.010488896630704403
2026-05-14 16:17:36.413870+02:00,0.012791955843567848
2026-05-14 16:17:36.429495+02:00,0.015403691679239273
2026-05-14 16:17:36.445120+02:00,0.018274005502462387
2026-05-14 16:17:36.460745+02:00,0.021317439153790474
2026-05-14 16:17:36.476370+02:00,0.024425897747278214
2026-05-14 16:17:36.491995+02:00,0.027480468153953552
2026-05-14 16:17:36.507620+02:00,0.03035314567387104
2026-05-14 16:17:36.523245+02:00,0.0328906886279583
2026-05-14 16:17:36.538870+02:00,0.0348869226872921
2026-05-14 16:17:36.554495+02:00,0.03606788441538811
2026-05-14 16:17:36.570120+02:00,0.03611166775226593
2026-05-14 16:17:36.585745+02:00,0.03470464423298836
2026-05-14 16:17:36.601370+02:00,0.0316186361014843
2026-05-14 16:17:36.616995+02:00,0.026784762740135193
2026-05-14 16:17:36.632620+02:00,0.020339958369731903
2026-05-14 16:17:36.648245+02:00,0.012630755081772804
2026-05-14 16:17:36.663870+02:00,0.004173805005848408
2026-05-14 16:17:36.679495+02:00,-0.004413262475281954
2026-05-14 16:17:36.695120+02:00,-0.01249413751065731
2026-05-14 16:17:36.710745+02:00,-0.019493065774440765
2026-05-14 16:17:36.726370+02:00,-0.024956509470939636
2026-05-14 16:17:36.741995+02:00,-0.028592795133590698
2026-05-14 16:17:36.757620+02:00,-0.030291583389043808
2026-05-14 16:17:36.773245+02:00,-0.030121568590402603
2026-05-14 16:17:36.788870+02:00,-0.02830667234957218
2026-05-14 16:17:36.804495+02:00,-0.025188304483890533
2026-05-14 16:17:36.820120+02:00,-0.021179668605327606
2026-05-14 16:17:36.835745+02:00,-0.01671416312456131
2026-05-14 16:17:36.851370+02:00,-0.012194273993372917
2026-05-14 16:17:36.866995+02:00,-0.007950285449624062
2026-05-14 16:17:36.882620+02:00,-0.004213511943817139
2026-05-14 16:17:36.898245+02:00,-0.0011046211002394557
2026-05-14 16:17:36.913870+02:00,0.0013629122404381633
2026-05-14 16:17:36.929495+02:00,0.003265820909291506
2026-05-14 16:17:36.945120+02:00,0.004744980484247208
2026-05-14 16:17:36.960745+02:00,0.005976006388664246
2026-05-14 16:17:36.976370+02:00,0.0071405889466404915
2026-05-14 16:17:36.991995+02:00,0.008400462567806244
2026-05-14 16:17:37.007620+02:00,0.009876780211925507
2026-05-14 16:17:37.023245+02:00,0.011638006195425987
2026-05-14 16:17:37.038870+02:00,0.013697074726223946
2026-05-14 16:17:37.054495+02:00,0.016016626730561256
2026-05-14 16:17:37.070120+02:00,0.01852019689977169
2026-05-14 16:17:37.085745+02:00,0.021106049418449402
2026-05-14 16:17:37.101370+02:00,0.023659609258174896
2026-05-14 16:17:37.116995+02:00,0.02605845034122467
2026-05-14 16:17:37.132620+02:00,0.028161847963929176
2026-05-14 16:17:37.148245+02:00,0.029786717146635056
2026-05-14 16:17:37.163870+02:00,0.030689120292663574
2026-05-14 16:17:37.179495+02:00,0.0305740088224411
2026-05-14 16:17:37.195120+02:00,0.02914220280945301
2026-05-14 16:17:37.210745+02:00,0.026163624599575996
2026-05-14 16:17:37.226370+02:00,0.021551745012402534
2026-05-14 16:17:37.241995+02:00,0.01541348360478878
2026-05-14 16:17:37.257620+02:00,0.00805842038244009
2026-05-14 16:17:37.273245+02:00,-3.428757190704346e-05
2026-05-14 16:17:37.288870+02:00,-0.008281094953417778
2026-05-14 16:17:37.304495+02:00,-0.01607392728328705
2026-05-14 16:17:37.320120+02:00,-0.022856397554278374
2026-05-14 16:17:37.335745+02:00,-0.028185484930872917
2026-05-14 16:17:37.351370+02:00,-0.031774457544088364
2026-05-14 16:17:37.366995+02:00,-0.03351406380534172
2026-05-14 16:17:37.382620+02:00,-0.03347054868936539
2026-05-14 16:17:37.398245+02:00,-0.03186294436454773
2026-05-14 16:17:37.413870+02:00,-0.02902481146156788
2026-05-14 16:17:37.429495+02:00,-0.025355638936161995
2026-05-14 16:17:37.445120+02:00,-0.021268721669912338
2026-05-14 16:17:37.460745+02:00,-0.017144065350294113
2026-05-14 16:17:37.476370+02:00,-0.013291539624333382
2026-05-14 16:17:37.491995+02:00,-0.009925325401127338
2026-05-14 16:17:37.507620+02:00,-0.0071516381576657295
2026-05-14 16:17:37.523245+02:00,-0.0049725910648703575
2026-05-14 16:17:37.538870+02:00,-0.0033048081677407026
2026-05-14 16:17:37.554495+02:00,-0.002005976624786854
2026-05-14 16:17:37.570120+02:00,-0.0009036419214680791
2026-05-14 16:17:37.585745+02:00,0.00017553346697241068
2026-05-14 16:17:37.601370+02:00,0.0013801930472254753
2026-05-14 16:17:37.616995+02:00,0.0028169855941087008
2026-05-14 16:17:37.632620+02:00,0.004541957285255194
2026-05-14 16:17:37.648245+02:00,0.006559711880981922
2026-05-14 16:17:37.663870+02:00,0.008828723803162575
2026-05-14 16:17:37.679495+02:00,0.011271282099187374
2026-05-14 16:17:37.695120+02:00,0.013787251897156239
2026-05-14 16:17:37.710745+02:00,0.01626727543771267
2026-05-14 16:17:37.726370+02:00,0.018595784902572632
2026-05-14 16:17:37.741995+02:00,0.02063673734664917
2026-05-14 16:17:37.757620+02:00,0.022209040820598602
2026-05-14 16:17:37.773245+02:00,0.023073291406035423
2026-05-14 16:17:37.788870+02:00,0.022950148209929466
2026-05-14 16:17:37.804495+02:00,0.021571436896920204
2026-05-14 16:17:37.820120+02:00,0.0187479630112648
2026-05-14 16:17:37.835745+02:00,0.014433762058615685
2026-05-14 16:17:37.851370+02:00,0.008767224848270416
2026-05-14 16:17:37.866995+02:00,0.002074092160910368
2026-05-14 16:17:37.882620+02:00,-0.005169723182916641
2026-05-14 16:17:37.898245+02:00,-0.012404421344399452
2026-05-14 16:17:37.913870+02:00,-0.01906430721282959
2026-05-14 16:17:37.929495+02:00,-0.02465086430311203
2026-05-14 16:17:37.945120+02:00,-0.028790103271603584
2026-05-14 16:17:37.960745+02:00,-0.031267158687114716
2026-05-14 16:17:37.976370+02:00,-0.0320357009768486
2026-05-14 16:17:37.991995+02:00,-0.031206874176859856
2026-05-14 16:17:38.007620+02:00,-0.029023386538028717
2026-05-14 16:17:38.023245+02:00,-0.025821678340435028
2026-05-14 16:17:38.038870+02:00,-0.021986480802297592
2026-05-14 16:17:38.054495+02:00,-0.017904629930853844
2026-05-14 16:17:38.070120+02:00,-0.013922211714088917
2026-05-14 16:17:38.085745+02:00,-0.010308315977454185
2026-05-14 16:17:38.101370+02:00,-0.007233254611492157
2026-05-14 16:17:38.116995+02:00,-0.004763777367770672
2026-05-14 16:17:38.132620+02:00,-0.002870396710932255
2026-05-14 16:17:38.148245+02:00,-0.0014467710861936212
2026-05-14 16:17:38.163870+02:00,-0.0003397968830540776
2026-05-14 16:17:38.179495+02:00,0.0006198558257892728
2026-05-14 16:17:38.195120+02:00,0.0015925740590319037
2026-05-14 16:17:38.210745+02:00,0.002709022955968976
2026-05-14 16:17:38.226370+02:00,0.004056050442159176
2026-05-14 16:17:38.241995+02:00,0.005672101862728596
2026-05-14 16:17:38.257620+02:00,0.007551800459623337
2026-05-14 16:17:38.273245+02:00,0.00965619832277298
2026-05-14 16:17:38.288870+02:00,0.011921904981136322
2026-05-14 16:17:38.304495+02:00,0.014262089505791664
2026-05-14 16:17:38.320120+02:00,0.016554296016693115
2026-05-14 16:17:38.335745+02:00,0.018618693575263023
2026-05-14 16:17:38.351370+02:00,0.020204970613121986
2026-05-14 16:17:38.366995+02:00,0.021007850766181946
2026-05-14 16:17:38.382620+02:00,0.020714515820145607
2026-05-14 16:17:38.398245+02:00,0.019070936366915703
2026-05-14 16:17:38.413870+02:00,0.015949467197060585
2026-05-14 16:17:38.429495+02:00,0.011398487724363804
2026-05-14 16:17:38.445120+02:00,0.005657401867210865
2026-05-14 16:17:38.460745+02:00,-0.0008672130643390119
2026-05-14 16:17:38.476370+02:00,-0.007655891124159098
2026-05-14 16:17:38.491995+02:00,-0.014146959409117699
2026-05-14 16:17:38.507620+02:00,-0.019810199737548828
2026-05-14 16:17:38.523245+02:00,-0.024212367832660675
2026-05-14 16:17:38.538870+02:00,-0.02706466056406498
2026-05-14 16:17:38.554495+02:00,-0.02824719250202179
2026-05-14 16:17:38.570120+02:00,-0.02781018242239952
2026-05-14 16:17:38.585745+02:00,-0.02595374546945095
2026-05-14 16:17:38.601370+02:00,-0.022991960868239403
2026-05-14 16:17:38.616995+02:00,-0.01930677890777588
2026-05-14 16:17:38.632620+02:00,-0.015295719727873802
2026-05-14 16:17:38.648245+02:00,-0.011321716010570526
2026-05-14 16:17:38.663870+02:00,-0.0076751685701310635
2026-05-14 16:17:38.679495+02:00,-0.004551867954432964
2026-05-14 16:17:38.695120+02:00,-0.002045736648142338
2026-05-14 16:17:38.710745+02:00,-0.00015424471348524094
2026-05-14 16:17:38.726370+02:00,0.0012067174538969994
2026-05-14 16:17:38.741995+02:00,0.002180596347898245
2026-05-14 16:17:38.757620+02:00,0.002942376770079136
2026-05-14 16:17:38.773245+02:00,0.0036693504080176353
2026-05-14 16:17:38.788870+02:00,0.0045156716369092464
2026-05-14 16:17:38.804495+02:00,0.005594927817583084
2026-05-14 16:17:38.820120+02:00,0.006972272880375385
2026-05-14 16:17:38.835745+02:00,0.00866477470844984
2026-05-14 16:17:38.851370+02:00,0.010646607726812363
2026-05-14 16:17:38.866995+02:00,0.012853807769715786
2026-05-14 16:17:38.882620+02:00,0.01517990417778492
2026-05-14 16:17:38.898245+02:00,0.017457060515880585
2026-05-14 16:17:38.913870+02:00,0.01943621039390564
2026-05-14 16:17:38.929495+02:00,0.020792370662093163
2026-05-14 16:17:38.945120+02:00,0.021167203783988953
2026-05-14 16:17:38.960745+02:00,0.020237982273101807
2026-05-14 16:17:38.976370+02:00,0.017792638391256332
2026-05-14 16:17:38.991995+02:00,0.013791363686323166
2026-05-14 16:17:39.007620+02:00,0.008396798744797707
2026-05-14 16:17:39.023245+02:00,0.0019626766443252563
2026-05-14 16:17:39.038870+02:00,-0.005014232359826565
2026-05-14 16:17:39.054495+02:00,-0.011963996104896069
2026-05-14 16:17:39.070120+02:00,-0.018319426104426384
2026-05-14 16:17:39.085745+02:00,-0.02358473464846611
2026-05-14 16:17:39.101370+02:00,-0.027388209477066994
2026-05-14 16:17:39.116995+02:00,-0.02951618656516075
2026-05-14 16:17:39.132620+02:00,-0.02992752380669117
2026-05-14 16:17:39.148245+02:00,-0.028746258467435837
2026-05-14 16:17:39.163870+02:00,-0.026232872158288956
2026-05-14 16:17:39.179495+02:00,-0.022741563618183136
2026-05-14 16:17:39.195120+02:00,-0.01867244951426983
2026-05-14 16:17:39.210745+02:00,-0.014421958476305008
2026-05-14 16:17:39.226370+02:00,-0.010335167869925499
2026-05-14 16:17:39.241995+02:00,-0.00666932575404644
2026-05-14 16:17:39.257620+02:00,-0.003575799986720085
2026-05-14 16:17:39.273245+02:00,-0.0010992232710123062
2026-05-14 16:17:39.288870+02:00,0.0008115526288747787
2026-05-14 16:17:39.304495+02:00,0.0022830627858638763
2026-05-14 16:17:39.320120+02:00,0.0034881364554166794
2026-05-14 16:17:39.335745+02:00,0.004613080993294716
2026-05-14 16:17:39.351370+02:00,0.005828036926686764
2026-05-14 16:17:39.366995+02:00,0.007265202701091766
2026-05-14 16:17:39.382620+02:00,0.009007143788039684
2026-05-14 16:17:39.398245+02:00,0.011082838289439678
2026-05-14 16:17:39.413870+02:00,0.013467374257743359
2026-05-14 16:17:39.429495+02:00,0.016081353649497032
2026-05-14 16:17:39.445120+02:00,0.018784239888191223
2026-05-14 16:17:39.460745+02:00,0.0213602427393198
2026-05-14 16:17:39.476370+02:00,0.023508209735155106
2026-05-14 16:17:39.491995+02:00,0.024857059121131897
2026-05-14 16:17:39.507620+02:00,0.025019491091370583
2026-05-14 16:17:39.523245+02:00,0.023671282455325127
2026-05-14 16:17:39.538870+02:00,0.02062961645424366
2026-05-14 16:17:39.554495+02:00,0.015909038484096527
2026-05-14 16:17:39.570120+02:00,0.009741263464093208
2026-05-14 16:17:39.585745+02:00,0.002553081139922142
2026-05-14 16:17:39.601370+02:00,-0.00509258359670639
2026-05-14 16:17:39.616995+02:00,-0.01257685199379921
2026-05-14 16:17:39.632620+02:00,-0.019305087625980377
2026-05-14 16:17:39.648245+02:00,-0.02477423846721649
2026-05-14 16:17:39.663870+02:00,-0.028624577447772026
2026-05-14 16:17:39.679495+02:00,-0.030670834705233574
2026-05-14 16:17:39.695120+02:00,-0.03090832196176052
2026-05-14 16:17:39.710745+02:00,-0.029496606439352036
2026-05-14 16:17:39.726370+02:00,-0.02672581933438778
2026-05-14 16:17:39.741995+02:00,-0.0229707732796669
2026-05-14 16:17:39.757620+02:00,-0.018639177083969116
2026-05-14 16:17:39.773245+02:00,-0.014121372252702713
2026-05-14 16:17:39.788870+02:00,-0.009747298434376717
2026-05-14 16:17:39.804495+02:00,-0.0057554226368665695
2026-05-14 16:17:39.820120+02:00,-0.002279156818985939
2026-05-14 16:17:39.835745+02:00,0.0006491933017969131
2026-05-14 16:17:39.851370+02:00,0.0030835308134555817
2026-05-14 16:17:39.866995+02:00,0.00514349527657032
2026-05-14 16:17:39.882620+02:00,0.006989555433392525
2026-05-14 16:17:39.898245+02:00,0.008793884888291359
2026-05-14 16:17:39.913870+02:00,0.010711362585425377
2026-05-14 16:17:39.929495+02:00,0.012857634574174881
2026-05-14 16:17:39.945120+02:00,0.015296798199415207
2026-05-14 16:17:39.960745+02:00,0.0180373378098011
2026-05-14 16:17:39.976370+02:00,0.021032918244600296
2026-05-14 16:17:39.991995+02:00,0.02417861670255661
2026-05-14 16:17:40.007620+02:00,0.027294283732771873
2026-05-14 16:17:40.023245+02:00,0.03010515309870243
2026-05-14 16:17:40.038870+02:00,0.032243214547634125
2026-05-14 16:17:40.054495+02:00,0.03328479826450348
2026-05-14 16:17:40.070120+02:00,0.03282380849123001
2026-05-14 16:17:40.085745+02:00,0.030563395470380783
2026-05-14 16:17:40.101370+02:00,0.02639687992632389
2026-05-14 16:17:40.116995+02:00,0.020452775061130524
2026-05-14 16:17:40.132620+02:00,0.013092403300106525
2026-05-14 16:17:40.148245+02:00,0.00486256368458271
2026-05-14 16:17:40.163870+02:00,-0.003582276403903961
2026-05-14 16:17:40.179495+02:00,-0.011569235473871231
2026-05-14 16:17:40.195120+02:00,-0.018490027636289597
2026-05-14 16:17:40.210745+02:00,-0.02386477403342724
2026-05-14 16:17:40.226370+02:00,-0.027382975444197655
2026-05-14 16:17:40.241995+02:00,-0.02892277017235756
2026-05-14 16:17:40.257620+02:00,-0.028547752648591995
2026-05-14 16:17:40.273245+02:00,-0.026481634005904198
2026-05-14 16:17:40.288870+02:00,-0.02306613139808178
2026-05-14 16:17:40.304495+02:00,-0.018710767850279808
2026-05-14 16:17:40.320120+02:00,-0.013841848820447922
2026-05-14 16:17:40.335745+02:00,-0.008855082094669342
2026-05-14 16:17:40.351370+02:00,-0.0040753185749053955
2026-05-14 16:17:40.366995+02:00,0.00027238577604293823
2026-05-14 16:17:40.382620+02:00,0.004074385389685631
2026-05-14 16:17:40.398245+02:00,0.007320588454604149
2026-05-14 16:17:40.413870+02:00,0.010083302855491638
2026-05-14 16:17:40.429495+02:00,0.012491213157773018
2026-05-14 16:17:40.445120+02:00,0.014702286571264267
2026-05-14 16:17:40.460745+02:00,0.016876578330993652
2026-05-14 16:17:40.476370+02:00,0.01915121078491211
2026-05-14 16:17:40.491995+02:00,0.02162163332104683
2026-05-14 16:17:40.507620+02:00,0.024333300068974495
2026-05-14 16:17:40.523245+02:00,0.027282487601041794
2026-05-14 16:17:40.538870+02:00,0.03041961044073105
2026-05-14 16:17:40.554495+02:00,0.03364763408899307
2026-05-14 16:17:40.570120+02:00,0.03680951148271561
2026-05-14 16:17:40.585745+02:00,0.03966665267944336
2026-05-14 16:17:40.601370+02:00,0.041885919868946075
2026-05-14 16:17:40.616995+02:00,0.043058983981609344
2026-05-14 16:17:40.632620+02:00,0.04276273399591446
2026-05-14 16:17:40.648245+02:00,0.04064597189426422
2026-05-14 16:17:40.663870+02:00,0.03651684522628784
2026-05-14 16:17:40.679495+02:00,0.030406855046749115
2026-05-14 16:17:40.695120+02:00,0.02259325608611107
2026-05-14 16:17:40.710745+02:00,0.013573391363024712
2026-05-14 16:17:40.726370+02:00,0.0039984481409192085
2026-05-14 16:17:40.741995+02:00,-0.005416247993707657
2026-05-14 16:17:40.757620+02:00,-0.013982982374727726
2026-05-14 16:17:40.773245+02:00,-0.021118948236107826
2026-05-14 16:17:40.788870+02:00,-0.02640189602971077
2026-05-14 16:17:40.804495+02:00,-0.029600881040096283
2026-05-14 16:17:40.820120+02:00,-0.030683256685733795
2026-05-14 16:17:40.835745+02:00,-0.029801297932863235
2026-05-14 16:17:40.851370+02:00,-0.027258582413196564
2026-05-14 16:17:40.866995+02:00,-0.02345970831811428
2026-05-14 16:17:40.882620+02:00,-0.018855219706892967
2026-05-14 16:17:40.898245+02:00,-0.013890869915485382
2026-05-14 16:17:40.913870+02:00,-0.008962063118815422
2026-05-14 16:17:40.929495+02:00,-0.004375170916318893
2026-05-14 16:17:40.945120+02:00,-0.00032211653888225555
2026-05-14 16:17:40.960745+02:00,0.0031252773478627205
2026-05-14 16:17:40.976370+02:00,0.0060002123937010765
2026-05-14 16:17:40.991995+02:00,0.008412498049438
2026-05-14 16:17:41.007620+02:00,0.010516436770558357
2026-05-14 16:17:41.023245+02:00,0.012479165568947792
2026-05-14 16:17:41.038870+02:00,0.014451402239501476
2026-05-14 16:17:41.054495+02:00,0.016546471044421196
2026-05-14 16:17:41.070120+02:00,0.01883138343691826
2026-05-14 16:17:41.085745+02:00,0.02132655680179596
2026-05-14 16:17:41.101370+02:00,0.024009957909584045
2026-05-14 16:17:41.116995+02:00,0.026824694126844406
2026-05-14 16:17:41.132620+02:00,0.029688112437725067
2026-05-14 16:17:41.148245+02:00,0.032497990876436234
2026-05-14 16:17:41.163870+02:00,0.035128213465213776
2026-05-14 16:17:41.179495+02:00,0.037405043840408325
2026-05-14 16:17:41.195120+02:00,0.03907475620508194
2026-05-14 16:17:41.210745+02:00,0.03979659080505371
2026-05-14 16:17:41.226370+02:00,0.039180319756269455
2026-05-14 16:17:41.241995+02:00,0.03685769438743591
2026-05-14 16:17:41.257620+02:00,0.032569076865911484
2026-05-14 16:17:41.273245+02:00,0.026245273649692535
2026-05-14 16:17:41.288870+02:00,0.018058326095342636
2026-05-14 16:17:41.304495+02:00,0.008422371931374073
2026-05-14 16:17:41.320120+02:00,-0.00205408688634634
2026-05-14 16:17:41.335745+02:00,-0.012650758028030396
2026-05-14 16:17:41.351370+02:00,-0.022632170468568802
2026-05-14 16:17:41.366995+02:00,-0.03133571892976761
2026-05-14 16:17:41.382620+02:00,-0.03824068605899811
2026-05-14 16:17:41.398245+02:00,-0.043015725910663605
2026-05-14 16:17:41.413870+02:00,-0.045539598912000656
2026-05-14 16:17:41.429495+02:00,-0.04589397460222244
2026-05-14 16:17:41.445120+02:00,-0.04433462768793106
2026-05-14 16:17:41.460745+02:00,-0.041246991604566574
2026-05-14 16:17:41.476370+02:00,-0.037090081721544266
2026-05-14 16:17:41.491995+02:00,-0.032336778938770294
2026-05-14 16:17:41.507620+02:00,-0.027419809252023697
2026-05-14 16:17:41.523245+02:00,-0.022689327597618103
2026-05-14 16:17:41.538870+02:00,-0.01838633604347706
2026-05-14 16:17:41.554495+02:00,-0.014633089303970337
2026-05-14 16:17:41.570120+02:00,-0.011439328081905842
2026-05-14 16:17:41.585745+02:00,-0.00872255302965641
2026-05-14 16:17:41.601370+02:00,-0.006337927654385567
2026-05-14 16:17:41.616995+02:00,-0.004113467875868082
2026-05-14 16:17:41.632620+02:00,-0.0018845126032829285
2026-05-14 16:17:41.648245+02:00,0.0004809536039829254
2026-05-14 16:17:41.663870+02:00,0.0030683139339089394
2026-05-14 16:17:41.679495+02:00,0.005910004489123821
2026-05-14 16:17:41.695120+02:00,0.008985133841633797
2026-05-14 16:17:41.710745+02:00,0.012227347120642662
2026-05-14 16:17:41.726370+02:00,0.015541077591478825
2026-05-14 16:17:41.741995+02:00,0.018819142132997513
2026-05-14 16:17:41.757620+02:00,0.021955225616693497
2026-05-14 16:17:41.773245+02:00,0.024847552180290222
2026-05-14 16:17:41.788870+02:00,0.02738587185740471
2026-05-14 16:17:41.804495+02:00,0.02941824495792389
2026-05-14 16:17:41.820120+02:00,0.03071463853120804
2026-05-14 16:17:41.835745+02:00,0.030959080904722214
2026-05-14 16:17:41.851370+02:00,0.029789401218295097
2026-05-14 16:17:41.866995+02:00,0.0268759336322546
2026-05-14 16:17:41.882620+02:00,0.02201271802186966
2026-05-14 16:17:41.898245+02:00,0.015192516148090363
2026-05-14 16:17:41.913870+02:00,0.006644727662205696
2026-05-14 16:17:41.929495+02:00,-0.0031743329018354416
2026-05-14 16:17:41.945120+02:00,-0.01363596972078085
2026-05-14 16:17:41.960745+02:00,-0.024021755903959274
2026-05-14 16:17:41.976370+02:00,-0.0336141437292099
2026-05-14 16:17:41.991995+02:00,-0.041779644787311554
2026-05-14 16:17:42.007620+02:00,-0.04803400859236717
2026-05-14 16:17:42.023245+02:00,-0.05208431929349899
2026-05-14 16:17:42.038870+02:00,-0.05384600907564163
2026-05-14 16:17:42.054495+02:00,-0.05343364179134369
2026-05-14 16:17:42.070120+02:00,-0.05112846940755844
2026-05-14 16:17:42.085745+02:00,-0.047331154346466064
2026-05-14 16:17:42.101370+02:00,-0.04250841215252876
2026-05-14 16:17:42.116995+02:00,-0.037137530744075775
2026-05-14 16:17:42.132620+02:00,-0.031652919948101044
2026-05-14 16:17:42.148245+02:00,-0.026403294876217842
2026-05-14 16:17:42.163870+02:00,-0.021625230088829994
2026-05-14 16:17:42.179495+02:00,-0.017433587461709976
2026-05-14 16:17:42.195120+02:00,-0.013828948140144348
2026-05-14 16:17:42.210745+02:00,-0.010720329359173775
2026-05-14 16:17:42.226370+02:00,-0.007957504130899906
2026-05-14 16:17:42.241995+02:00,-0.005365482531487942
2026-05-14 16:17:42.257620+02:00,-0.0027764616534113884
2026-05-14 16:17:42.273245+02:00,-5.6548044085502625e-05
2026-05-14 16:17:42.288870+02:00,0.0028770361095666885
2026-05-14 16:17:42.304495+02:00,0.006050856783986092
2026-05-14 16:17:42.320120+02:00,0.009440027177333832
2026-05-14 16:17:42.335745+02:00,0.012978047132492065
2026-05-14 16:17:42.351370+02:00,0.01656869798898697
2026-05-14 16:17:42.366995+02:00,0.02010185457766056
2026-05-14 16:17:42.382620+02:00,0.023472649976611137
2026-05-14 16:17:42.398245+02:00,0.02659468725323677
2026-05-14 16:17:42.413870+02:00,0.029400372877717018
2026-05-14 16:17:42.429495+02:00,0.03182830661535263
2026-05-14 16:17:42.445120+02:00,0.03379546105861664
2026-05-14 16:17:42.460745+02:00,0.03515852242708206
2026-05-14 16:17:42.476370+02:00,0.035687439143657684
2026-05-14 16:17:42.491995+02:00,0.03507647663354874
2026-05-14 16:17:42.507620+02:00,0.03299866244196892
2026-05-14 16:17:42.523245+02:00,0.02918964810669422
2026-05-14 16:17:42.538870+02:00,0.023533767089247704
2026-05-14 16:17:42.554495+02:00,0.016123872250318527
2026-05-14 16:17:42.570120+02:00,0.007277883589267731
2026-05-14 16:17:42.585745+02:00,-0.002491602674126625
2026-05-14 16:17:42.601370+02:00,-0.012545200064778328
2026-05-14 16:17:42.616995+02:00,-0.022203586995601654
2026-05-14 16:17:42.632620+02:00,-0.03083309531211853
2026-05-14 16:17:42.648245+02:00,-0.03791448473930359
2026-05-14 16:17:42.663870+02:00,-0.043087560683488846
2026-05-14 16:17:42.679495+02:00,-0.046170901507139206
2026-05-14 16:17:42.695120+02:00,-0.04716155678033829
2026-05-14 16:17:42.710745+02:00,-0.04622039198875427
2026-05-14 16:17:42.726370+02:00,-0.04364330321550369
2026-05-14 16:17:42.741995+02:00,-0.039818473160266876
2026-05-14 16:17:42.757620+02:00,-0.03517685458064079
2026-05-14 16:17:42.773245+02:00,-0.030142877250909805
2026-05-14 16:17:42.788870+02:00,-0.025089310482144356
2026-05-14 16:17:42.804495+02:00,-0.020302901044487953
2026-05-14 16:17:42.820120+02:00,-0.01596592366695404
2026-05-14 16:17:42.835745+02:00,-0.012153690680861473
2026-05-14 16:17:42.851370+02:00,-0.008846485987305641
2026-05-14 16:17:42.866995+02:00,-0.005951506085693836
2026-05-14 16:17:42.882620+02:00,-0.0033298740163445473
2026-05-14 16:17:42.898245+02:00,-0.0008262395858764648
2026-05-14 16:17:42.913870+02:00,0.0017026355490088463
2026-05-14 16:17:42.929495+02:00,0.004364806227385998
2026-05-14 16:17:42.945120+02:00,0.0072191255167126656
2026-05-14 16:17:42.960745+02:00,0.01027137041091919
2026-05-14 16:17:42.976370+02:00,0.013478482142090797
2026-05-14 16:17:42.991995+02:00,0.016758956015110016
2026-05-14 16:17:43.007620+02:00,0.02000805363059044
2026-05-14 16:17:43.023245+02:00,0.023115675896406174
2026-05-14 16:17:43.038870+02:00,0.025982491672039032
2026-05-14 16:17:43.054495+02:00,0.02852996252477169
2026-05-14 16:17:43.070120+02:00,0.03070414625108242
2026-05-14 16:17:43.085745+02:00,0.032472945749759674
2026-05-14 16:17:43.101370+02:00,0.03381158038973808
2026-05-14 16:17:43.116995+02:00,0.034671589732170105
2026-05-14 16:17:43.132620+02:00,0.03494233638048172
2026-05-14 16:17:43.148245+02:00,0.03442982956767082
2026-05-14 16:17:43.163870+02:00,0.032872892916202545
2026-05-14 16:17:43.179495+02:00,0.029998566955327988
2026-05-14 16:17:43.195120+02:00,0.025600764900445938
2026-05-14 16:17:43.210745+02:00,0.01961502991616726
2026-05-14 16:17:43.226370+02:00,0.012165995314717293
2026-05-14 16:17:43.241995+02:00,0.003576170653104782
2026-05-14 16:17:43.257620+02:00,-0.005666136741638184
2026-05-14 16:17:43.273245+02:00,-0.014972196891903877
2026-05-14 16:17:43.288870+02:00,-0.023733384907245636
2026-05-14 16:17:43.304495+02:00,-0.03139748051762581
2026-05-14 16:17:43.320120+02:00,-0.0375281497836113
2026-05-14 16:17:43.335745+02:00,-0.04184144735336304
2026-05-14 16:17:43.351370+02:00,-0.04421979933977127
2026-05-14 16:17:43.366995+02:00,-0.044707801192998886
2026-05-14 16:17:43.382620+02:00,-0.04349249601364136
2026-05-14 16:17:43.398245+02:00,-0.04087134078145027
2026-05-14 16:17:43.413870+02:00,-0.037212200462818146
2026-05-14 16:17:43.429495+02:00,-0.032908372581005096
2026-05-14 16:17:43.445120+02:00,-0.028333954513072968
2026-05-14 16:17:43.460745+02:00,-0.02380751445889473
2026-05-14 16:17:43.476370+02:00,-0.019566845148801804
2026-05-14 16:17:43.491995+02:00,-0.015754176303744316
2026-05-14 16:17:43.507620+02:00,-0.012414895929396152
2026-05-14 16:17:43.523245+02:00,-0.009511367417871952
2026-05-14 16:17:43.538870+02:00,-0.006945652421563864
2026-05-14 16:17:43.554495+02:00,-0.004584663547575474
2026-05-14 16:17:43.570120+02:00,-0.0022862935438752174
2026-05-14 16:17:43.585745+02:00,7.59270042181015e-05
2026-05-14 16:17:43.601370+02:00,0.0025942539796233177
2026-05-14 16:17:43.616995+02:00,0.005316520109772682
2026-05-14 16:17:43.632620+02:00,0.008243137039244175
2026-05-14 16:17:43.648245+02:00,0.011328903026878834
2026-05-14 16:17:43.663870+02:00,0.014490904286503792
2026-05-14 16:17:43.679495+02:00,0.017624732106924057
2026-05-14 16:17:43.695120+02:00,0.02062401920557022
2026-05-14 16:17:43.710745+02:00,0.023395957425236702
2026-05-14 16:17:43.726370+02:00,0.025871209800243378
2026-05-14 16:17:43.741995+02:00,0.02800825610756874
2026-05-14 16:17:43.757620+02:00,0.029791615903377533
2026-05-14 16:17:43.773245+02:00,0.031224386766552925
2026-05-14 16:17:43.788870+02:00,0.0323127806186676
2026-05-14 16:17:43.804495+02:00,0.03303874284029007
2026-05-14 16:17:43.820120+02:00,0.03332550823688507
2026-05-14 16:17:43.835745+02:00,0.03301538899540901
2026-05-14 16:17:43.851370+02:00,0.03187892213463783
2026-05-14 16:17:43.866995+02:00,0.029657837003469467
2026-05-14 16:17:43.882620+02:00,0.02613055147230625
2026-05-14 16:17:43.898245+02:00,0.021182944998145103
2026-05-14 16:17:43.913870+02:00,0.014863280579447746
2026-05-14 16:17:43.929495+02:00,0.007403619587421417
2026-05-14 16:17:43.945120+02:00,-0.0007984712719917297
2026-05-14 16:17:43.960745+02:00,-0.009232201613485813
2026-05-14 16:17:43.976370+02:00,-0.01734449341893196
2026-05-14 16:17:43.991995+02:00,-0.024611428380012512
2026-05-14 16:17:44.007620+02:00,-0.030597494915127754
2026-05-14 16:17:44.023245+02:00,-0.03499777615070343
2026-05-14 16:17:44.038870+02:00,-0.03766212612390518
2026-05-14 16:17:44.054495+02:00,-0.03859966993331909
2026-05-14 16:17:44.070120+02:00,-0.037963077425956726
2026-05-14 16:17:44.085745+02:00,-0.03601667657494545
2026-05-14 16:17:44.101370+02:00,-0.03309543430805206
2026-05-14 16:17:44.116995+02:00,-0.02956211194396019
2026-05-14 16:17:44.132620+02:00,-0.025767726823687553
2026-05-14 16:17:44.148245+02:00,-0.022016681730747223
2026-05-14 16:17:44.163870+02:00,-0.018538638949394226
2026-05-14 16:17:44.179495+02:00,-0.015472011640667915
2026-05-14 16:17:44.195120+02:00,-0.012861590832471848
2026-05-14 16:17:44.210745+02:00,-0.010668989270925522
2026-05-14 16:17:44.226370+02:00,-0.00879356637597084
2026-05-14 16:17:44.241995+02:00,-0.007099470589309931
2026-05-14 16:17:44.257620+02:00,-0.005443101283162832
2026-05-14 16:17:44.273245+02:00,-0.0036965433973819017
2026-05-14 16:17:44.288870+02:00,-0.0017639447469264269
2026-05-14 16:17:44.304495+02:00,0.00040934234857559204
2026-05-14 16:17:44.320120+02:00,0.0028333612717688084
2026-05-14 16:17:44.335745+02:00,0.0054760524071753025
2026-05-14 16:17:44.351370+02:00,0.008270623162388802
2026-05-14 16:17:44.366995+02:00,0.011125370860099792
2026-05-14 16:17:44.382620+02:00,0.013935462571680546
2026-05-14 16:17:44.398245+02:00,0.016596002504229546
2026-05-14 16:17:44.413870+02:00,0.019015543162822723
2026-05-14 16:17:44.429495+02:00,0.02112800069153309
2026-05-14 16:17:44.445120+02:00,0.022897562012076378
2026-05-14 16:17:44.460745+02:00,0.024314338341355324
2026-05-14 16:17:44.476370+02:00,0.02538207918405533
2026-05-14 16:17:44.491995+02:00,0.026093944907188416
2026-05-14 16:17:44.507620+02:00,0.026397481560707092
2026-05-14 16:17:44.523245+02:00,0.02616804838180542
2026-05-14 16:17:44.538870+02:00,0.02521088719367981
2026-05-14 16:17:44.554495+02:00,0.023296348750591278
2026-05-14 16:17:44.570120+02:00,0.020221248269081116
2026-05-14 16:17:44.585745+02:00,0.015879454091191292
2026-05-14 16:17:44.601370+02:00,0.010316510684788227
2026-05-14 16:17:44.616995+02:00,0.0037491442635655403
2026-05-14 16:17:44.632620+02:00,-0.0034540160559117794
2026-05-14 16:17:44.648245+02:00,-0.010823778808116913
2026-05-14 16:17:44.663870+02:00,-0.017859064042568207
2026-05-14 16:17:44.679495+02:00,-0.02409318834543228
2026-05-14 16:17:44.695120+02:00,-0.02914498746395111
2026-05-14 16:17:44.710745+02:00,-0.03275275230407715
2026-05-14 16:17:44.726370+02:00,-0.03479285165667534
2026-05-14 16:17:44.741995+02:00,-0.03528381139039993
2026-05-14 16:17:44.757620+02:00,-0.03437424451112747
2026-05-14 16:17:44.773245+02:00,-0.03231505677103996
2026-05-14 16:17:44.788870+02:00,-0.029421063140034676
2026-05-14 16:17:44.804495+02:00,-0.026028137654066086
2026-05-14 16:17:44.820120+02:00,-0.02245301939547062
2026-05-14 16:17:44.835745+02:00,-0.018961284309625626
2026-05-14 16:17:44.851370+02:00,-0.015743998810648918
2026-05-14 16:17:44.866995+02:00,-0.012904930859804153
2026-05-14 16:17:44.882620+02:00,-0.01046165730804205
2026-05-14 16:17:44.898245+02:00,-0.008360769599676132
2026-05-14 16:17:44.913870+02:00,-0.006502802483737469
2026-05-14 16:17:44.929495+02:00,-0.004767559934407473
2026-05-14 16:17:44.945120+02:00,-0.0030337590724229813
2026-05-14 16:17:44.960745+02:00,-0.0011946302838623524
2026-05-14 16:17:44.976370+02:00,0.0008283527567982674
2026-05-14 16:17:44.991995+02:00,0.0030748413410037756
2026-05-14 16:17:45.007620+02:00,0.0055417330004274845
2026-05-14 16:17:45.023245+02:00,0.008187378756701946
2026-05-14 16:17:45.038870+02:00,0.01094079203903675
2026-05-14 16:17:45.054495+02:00,0.013712860643863678
2026-05-14 16:17:45.070120+02:00,0.016408074647188187
2026-05-14 16:17:45.085745+02:00,0.01893659308552742
2026-05-14 16:17:45.101370+02:00,0.02122604474425316
2026-05-14 16:17:45.116995+02:00,0.023229466751217842
2026-05-14 16:17:45.132620+02:00,0.024925028905272484
2026-05-14 16:17:45.148245+02:00,0.026302721351385117
2026-05-14 16:17:45.163870+02:00,0.02733573317527771
2026-05-14 16:17:45.179495+02:00,0.027946269139647484
2026-05-14 16:17:45.195120+02:00,0.02798531949520111
2026-05-14 16:17:45.210745+02:00,0.027242474257946014
2026-05-14 16:17:45.226370+02:00,0.025488534942269325
2026-05-14 16:17:45.241995+02:00,0.02253841608762741
2026-05-14 16:17:45.257620+02:00,0.018313603475689888
2026-05-14 16:17:45.273245+02:00,0.012885905802249908
2026-05-14 16:17:45.288870+02:00,0.006491128355264664
2026-05-14 16:17:45.304495+02:00,-0.000491865910589695
2026-05-14 16:17:45.320120+02:00,-0.007591838948428631
2026-05-14 16:17:45.335745+02:00,-0.014311335049569607
2026-05-14 16:17:45.351370+02:00,-0.020192308351397514
2026-05-14 16:17:45.366995+02:00,-0.024869555607438087
2026-05-14 16:17:45.382620+02:00,-0.028105998411774635
2026-05-14 16:17:45.398245+02:00,-0.029806997627019882
2026-05-14 16:17:45.413870+02:00,-0.030014362186193466
2026-05-14 16:17:45.429495+02:00,-0.02888633869588375
2026-05-14 16:17:45.445120+02:00,-0.026669485494494438
2026-05-14 16:17:45.460745+02:00,-0.023665692657232285
2026-05-14 16:17:45.476370+02:00,-0.020196769386529922
2026-05-14 16:17:45.491995+02:00,-0.016567658632993698
2026-05-14 16:17:45.507620+02:00,-0.013033557683229446
2026-05-14 16:17:45.523245+02:00,-0.009778601117432117
2026-05-14 16:17:45.538870+02:00,-0.006906650960445404
2026-05-14 16:17:45.554495+02:00,-0.004442072473466396
2026-05-14 16:17:45.570120+02:00,-0.0023412946611642838
2026-05-14 16:17:45.585745+02:00,-0.0005121240392327309
2026-05-14 16:17:45.601370+02:00,0.0011652158573269844
2026-05-14 16:17:45.616995+02:00,0.0028165802359580994
2026-05-14 16:17:45.632620+02:00,0.004552644677460194
2026-05-14 16:17:45.648245+02:00,0.006452840752899647
2026-05-14 16:17:45.663870+02:00,0.008557448163628578
2026-05-14 16:17:45.679495+02:00,0.010866424068808556
2026-05-14 16:17:45.695120+02:00,0.013343466445803642
2026-05-14 16:17:45.710745+02:00,0.015924395993351936
2026-05-14 16:17:45.726370+02:00,0.018528420478105545
2026-05-14 16:17:45.741995+02:00,0.02107037603855133
2026-05-14 16:17:45.757620+02:00,0.02347145415842533
2026-05-14 16:17:45.773245+02:00,0.025665592402219772
2026-05-14 16:17:45.788870+02:00,0.027601536363363266
2026-05-14 16:17:45.804495+02:00,0.02924179658293724
2026-05-14 16:17:45.820120+02:00,0.03055216372013092
2026-05-14 16:17:45.835745+02:00,0.031475115567445755
2026-05-14 16:17:45.851370+02:00,0.03189871087670326
2026-05-14 16:17:45.866995+02:00,0.03164508193731308
2026-05-14 16:17:45.882620+02:00,0.03049129992723465
2026-05-14 16:17:45.898245+02:00,0.028217438608407974
2026-05-14 16:17:45.913870+02:00,0.024668395519256592
2026-05-14 16:17:45.929495+02:00,0.019811728969216347
2026-05-14 16:17:45.945120+02:00,0.013773134909570217
2026-05-14 16:17:45.960745+02:00,0.006838731933385134
2026-05-14 16:17:45.976370+02:00,-0.0005761408247053623
2026-05-14 16:17:45.991995+02:00,-0.007982899434864521
2026-05-14 16:17:46.007620+02:00,-0.014885758981108665
2026-05-14 16:17:46.023245+02:00,-0.020843487232923508
2026-05-14 16:17:46.038870+02:00,-0.0255175419151783
2026-05-14 16:17:46.054495+02:00,-0.028702184557914734
2026-05-14 16:17:46.070120+02:00,-0.030335353687405586
2026-05-14 16:17:46.085745+02:00,-0.030491404235363007
2026-05-14 16:17:46.101370+02:00,-0.029358763247728348
2026-05-14 16:17:46.116995+02:00,-0.02720671519637108
2026-05-14 16:17:46.132620+02:00,-0.02434726431965828
2026-05-14 16:17:46.148245+02:00,-0.021097984164953232
2026-05-14 16:17:46.163870+02:00,-0.01774900034070015
2026-05-14 16:17:46.179495+02:00,-0.014535426162183285
2026-05-14 16:17:46.195120+02:00,-0.011619237251579762
2026-05-14 16:17:46.210745+02:00,-0.009084063582122326
2026-05-14 16:17:46.226370+02:00,-0.006939130835235119
2026-05-14 16:17:46.241995+02:00,-0.005128736607730389
2026-05-14 16:17:46.257620+02:00,-0.003548653796315193
2026-05-14 16:17:46.273245+02:00,-0.002068661153316498
2026-05-14 16:17:46.288870+02:00,-0.0005570771172642708
2026-05-14 16:17:46.304495+02:00,0.0010969806462526321
2026-05-14 16:17:46.320120+02:00,0.0029678288847208023
2026-05-14 16:17:46.335745+02:00,0.005086798220872879
2026-05-14 16:17:46.351370+02:00,0.007443198934197426
2026-05-14 16:17:46.366995+02:00,0.00998944416642189
2026-05-14 16:17:46.382620+02:00,0.012650718912482262
2026-05-14 16:17:46.398245+02:00,0.015338468365371227
2026-05-14 16:17:46.413870+02:00,0.017964117228984833
2026-05-14 16:17:46.429495+02:00,0.02044990286231041
2026-05-14 16:17:46.445120+02:00,0.022734802216291428
2026-05-14 16:17:46.460745+02:00,0.02477216348052025
2026-05-14 16:17:46.476370+02:00,0.02651243843138218
2026-05-14 16:17:46.491995+02:00,0.027871791273355484
2026-05-14 16:17:46.507620+02:00,0.028704071417450905
2026-05-14 16:17:46.523245+02:00,0.02879726141691208
2026-05-14 16:17:46.538870+02:00,0.027902211993932724
2026-05-14 16:17:46.554495+02:00,0.025787007063627243
2026-05-14 16:17:46.570120+02:00,0.022301845252513885
2026-05-14 16:17:46.585745+02:00,0.017435483634471893
2026-05-14 16:17:46.601370+02:00,0.011345863342285156
2026-05-14 16:17:46.616995+02:00,0.004356014542281628
2026-05-14 16:17:46.632620+02:00,-0.0030828453600406647
2026-05-14 16:17:46.648245+02:00,-0.010452868416905403
2026-05-14 16:17:46.663870+02:00,-0.01724175736308098
2026-05-14 16:17:46.679495+02:00,-0.023005109280347824
2026-05-14 16:17:46.695120+02:00,-0.027408773079514503
2026-05-14 16:17:46.710745+02:00,-0.030255760997533798
2026-05-14 16:17:46.726370+02:00,-0.03149795159697533
2026-05-14 16:17:46.741995+02:00,-0.031229078769683838
2026-05-14 16:17:46.757620+02:00,-0.029662184417247772
2026-05-14 16:17:46.773245+02:00,-0.027095718309283257
2026-05-14 16:17:46.788870+02:00,-0.023871421813964844
2026-05-14 16:17:46.804495+02:00,-0.02033144049346447
2026-05-14 16:17:46.820120+02:00,-0.016782153397798538
2026-05-14 16:17:46.835745+02:00,-0.01346560101956129
2026-05-14 16:17:46.851370+02:00,-0.010539124719798565
2026-05-14 16:17:46.866995+02:00,-0.008067825809121132
2026-05-14 16:17:46.882620+02:00,-0.0060323793441057205
2026-05-14 16:17:46.898245+02:00,-0.004348995164036751
2026-05-14 16:17:46.913870+02:00,-0.002893955446779728
2026-05-14 16:17:46.929495+02:00,-0.0015265429392457008
2026-05-14 16:17:46.945120+02:00,-0.00011113286018371582
2026-05-14 16:17:46.960745+02:00,0.0014612860977649689
2026-05-14 16:17:46.976370+02:00,0.003259589895606041
2026-05-14 16:17:46.991995+02:00,0.00531102204695344
2026-05-14 16:17:47.007620+02:00,0.007605528458952904
2026-05-14 16:17:47.023245+02:00,0.010100184939801693
2026-05-14 16:17:47.038870+02:00,0.012725205160677433
2026-05-14 16:17:47.054495+02:00,0.01539471186697483
2026-05-14 16:17:47.070120+02:00,0.018020646646618843
2026-05-14 16:17:47.085745+02:00,0.020522361621260643
2026-05-14 16:17:47.101370+02:00,0.022823516279459
2026-05-14 16:17:47.116995+02:00,0.024834055453538895
2026-05-14 16:17:47.132620+02:00,0.0264228954911232
2026-05-14 16:17:47.148245+02:00,0.027396760880947113
2026-05-14 16:17:47.163870+02:00,0.02750570699572563
2026-05-14 16:17:47.179495+02:00,0.026482002809643745
2026-05-14 16:17:47.195120+02:00,0.0241004079580307
2026-05-14 16:17:47.210745+02:00,0.020242225378751755
2026-05-14 16:17:47.226370+02:00,0.014946088194847107
2026-05-14 16:17:47.241995+02:00,0.008431436493992805
2026-05-14 16:17:47.257620+02:00,0.001086528180167079
2026-05-14 16:17:47.273245+02:00,-0.006578358821570873
2026-05-14 16:17:47.288870+02:00,-0.014001231640577316
2026-05-14 16:17:47.304495+02:00,-0.020645154640078545
2026-05-14 16:17:47.320120+02:00,-0.026065044105052948
2026-05-14 16:17:47.335745+02:00,-0.029952945187687874
2026-05-14 16:17:47.351370+02:00,-0.03215936943888664
2026-05-14 16:17:47.366995+02:00,-0.032693684101104736
2026-05-14 16:17:47.382620+02:00,-0.031706802546978
2026-05-14 16:17:47.398245+02:00,-0.02946126088500023
2026-05-14 16:17:47.413870+02:00,-0.026293106377124786
2026-05-14 16:17:47.429495+02:00,-0.022569185122847557
2026-05-14 16:17:47.445120+02:00,-0.018646307289600372
2026-05-14 16:17:47.460745+02:00,-0.014835800975561142
2026-05-14 16:17:47.476370+02:00,-0.011374752037227154
2026-05-14 16:17:47.491995+02:00,-0.008408245630562305
2026-05-14 16:17:47.507620+02:00,-0.005984609015285969
2026-05-14 16:17:47.523245+02:00,-0.004062212072312832
2026-05-14 16:17:47.538870+02:00,-0.002527926117181778
2026-05-14 16:17:47.554495+02:00,-0.0012252284213900566
2026-05-14 16:17:47.570120+02:00,1.4735385775566101e-05
2026-05-14 16:17:47.585745+02:00,0.001346551813185215
2026-05-14 16:17:47.601370+02:00,0.0028927400708198547
2026-05-14 16:17:47.616995+02:00,0.004732667468488216
2026-05-14 16:17:47.632620+02:00,0.006894824560731649
2026-05-14 16:17:47.648245+02:00,0.009355446323752403
2026-05-14 16:17:47.663870+02:00,0.012046714313328266
2026-05-14 16:17:47.679495+02:00,0.014871791005134583
2026-05-14 16:17:47.695120+02:00,0.017721444368362427
2026-05-14 16:17:47.710745+02:00,0.0204877108335495
2026-05-14 16:17:47.726370+02:00,0.02306925505399704
2026-05-14 16:17:47.741995+02:00,0.025360364466905594
2026-05-14 16:17:47.757620+02:00,0.027221906930208206
2026-05-14 16:17:47.773245+02:00,0.02845200151205063
2026-05-14 16:17:47.788870+02:00,0.02878381684422493
2026-05-14 16:17:47.804495+02:00,0.027920924127101898
2026-05-14 16:17:47.820120+02:00,0.025599325075745583
2026-05-14 16:17:47.835745+02:00,0.02165931463241577
2026-05-14 16:17:47.851370+02:00,0.016107838600873947
2026-05-14 16:17:47.866995+02:00,0.009151026606559753
2026-05-14 16:17:47.882620+02:00,0.0011857356876134872
2026-05-14 16:17:47.898245+02:00,-0.007248829584568739
2026-05-14 16:17:47.913870+02:00,-0.01554619800299406
2026-05-14 16:17:47.929495+02:00,-0.023112505674362183
2026-05-14 16:17:47.945120+02:00,-0.029434898868203163
2026-05-14 16:17:47.960745+02:00,-0.03413277491927147
2026-05-14 16:17:47.976370+02:00,-0.03698953986167908
2026-05-14 16:17:47.991995+02:00,-0.037963975220918655
2026-05-14 16:17:48.007620+02:00,-0.03718153014779091
2026-05-14 16:17:48.023245+02:00,-0.034906499087810516
2026-05-14 16:17:48.038870+02:00,-0.03149939328432083
2026-05-14 16:17:48.054495+02:00,-0.027367882430553436
2026-05-14 16:17:48.070120+02:00,-0.022917360067367554
2026-05-14 16:17:48.085745+02:00,-0.018504463136196136
2026-05-14 16:17:48.101370+02:00,-0.014401797205209732
2026-05-14 16:17:48.116995+02:00,-0.010780340991914272
2026-05-14 16:17:48.132620+02:00,-0.007706142030656338
2026-05-14 16:17:48.148245+02:00,-0.005148759111762047
2026-05-14 16:17:48.163870+02:00,-0.0030016982927918434
2026-05-14 16:17:48.179495+02:00,-0.001110532321035862
2026-05-14 16:17:48.195120+02:00,0.0006964849308133125
2026-05-14 16:17:48.210745+02:00,0.0025789067149162292
2026-05-14 16:17:48.226370+02:00,0.0046614594757556915
2026-05-14 16:17:48.241995+02:00,0.007022285833954811
2026-05-14 16:17:48.257620+02:00,0.009689569473266602
2026-05-14 16:17:48.273245+02:00,0.012643279507756233
2026-05-14 16:17:48.288870+02:00,0.015822285786271095
2026-05-14 16:17:48.304495+02:00,0.01913684792816639
2026-05-14 16:17:48.320120+02:00,0.022483184933662415
2026-05-14 16:17:48.335745+02:00,0.025752393528819084
2026-05-14 16:17:48.351370+02:00,0.028823886066675186
2026-05-14 16:17:48.366995+02:00,0.031540609896183014
2026-05-14 16:17:48.382620+02:00,0.033679936081171036
2026-05-14 16:17:48.398245+02:00,0.03494536131620407
2026-05-14 16:17:48.413870+02:00,0.034994613379240036
2026-05-14 16:17:48.429495+02:00,0.0335003137588501
2026-05-14 16:17:48.445120+02:00,0.030227186158299446
2026-05-14 16:17:48.460745+02:00,0.025105364620685577
2026-05-14 16:17:48.476370+02:00,0.018278522416949272
2026-05-14 16:17:48.491995+02:00,0.010111331008374691
2026-05-14 16:17:48.507620+02:00,0.0011522271670401096
2026-05-14 16:17:48.523245+02:00,-0.007940043695271015
2026-05-14 16:17:48.538870+02:00,-0.016486970707774162
2026-05-14 16:17:48.554495+02:00,-0.023876331746578217
2026-05-14 16:17:48.570120+02:00,-0.02962946891784668
2026-05-14 16:17:48.585745+02:00,-0.03344445675611496
2026-05-14 16:17:48.601370+02:00,-0.035214148461818695
2026-05-14 16:17:48.616995+02:00,-0.03501931577920914
2026-05-14 16:17:48.632620+02:00,-0.03310040012001991
2026-05-14 16:17:48.648245+02:00,-0.029816193506121635
2026-05-14 16:17:48.663870+02:00,-0.025595491752028465
2026-05-14 16:17:48.679495+02:00,-0.020883366465568542
2026-05-14 16:17:48.695120+02:00,-0.016089104115962982
2026-05-14 16:17:48.710745+02:00,-0.011545376852154732
2026-05-14 16:17:48.726370+02:00,-0.007481261156499386
2026-05-14 16:17:48.741995+02:00,-0.004009712487459183
2026-05-14 16:17:48.757620+02:00,-0.0011318149045109749
2026-05-14 16:17:48.773245+02:00,0.0012432057410478592
2026-05-14 16:17:48.788870+02:00,0.0032673943787813187
2026-05-14 16:17:48.804495+02:00,0.005119697190821171
2026-05-14 16:17:48.820120+02:00,0.006974965333938599
2026-05-14 16:17:48.835745+02:00,0.008980068378150463
2026-05-14 16:17:48.851370+02:00,0.011236600577831268
2026-05-14 16:17:48.866995+02:00,0.01379168126732111
2026-05-14 16:17:48.882620+02:00,0.016638508066534996
2026-05-14 16:17:48.898245+02:00,0.019724132493138313
2026-05-14 16:17:48.913870+02:00,0.022961854934692383
2026-05-14 16:17:48.929495+02:00,0.02624579519033432
2026-05-14 16:17:48.945120+02:00,0.029463915154337883
2026-05-14 16:17:48.960745+02:00,0.032509323209524155
2026-05-14 16:17:48.976370+02:00,0.03529062867164612
2026-05-14 16:17:48.991995+02:00,0.03773287311196327
2026-05-14 16:17:49.007620+02:00,0.0397559255361557
2026-05-14 16:17:49.023245+02:00,0.041232891380786896
2026-05-14 16:17:49.038870+02:00,0.04195328429341316
2026-05-14 16:17:49.054495+02:00,0.04161912202835083
2026-05-14 16:17:49.070120+02:00,0.03988495096564293
2026-05-14 16:17:49.085745+02:00,0.03643256798386574
2026-05-14 16:17:49.101370+02:00,0.031059976667165756
2026-05-14 16:17:49.116995+02:00,0.02376115880906582
2026-05-14 16:17:49.132620+02:00,0.014771141111850739
2026-05-14 16:17:49.148245+02:00,0.004557162523269653
2026-05-14 16:17:49.163870+02:00,-0.0062408605590462685
2026-05-14 16:17:49.179495+02:00,-0.01689862459897995
2026-05-14 16:17:49.195120+02:00,-0.02670169062912464
2026-05-14 16:17:49.210745+02:00,-0.035029247403144836
2026-05-14 16:17:49.226370+02:00,-0.04141759127378464
2026-05-14 16:17:49.241995+02:00,-0.04559837281703949
2026-05-14 16:17:49.257620+02:00,-0.0475107841193676
2026-05-14 16:17:49.273245+02:00,-0.04729076102375984
2026-05-14 16:17:49.288870+02:00,-0.04523889720439911
2026-05-14 16:17:49.304495+02:00,-0.041769713163375854
2026-05-14 16:17:49.320120+02:00,-0.03735320270061493
2026-05-14 16:17:49.335745+02:00,-0.03245934098958969
2026-05-14 16:17:49.351370+02:00,-0.027508771046996117
2026-05-14 16:17:49.366995+02:00,-0.02283305674791336
2026-05-14 16:17:49.382620+02:00,-0.018649820238351822
2026-05-14 16:17:49.398245+02:00,-0.01505562849342823
2026-05-14 16:17:49.413870+02:00,-0.012035727500915527
2026-05-14 16:17:49.429495+02:00,-0.009485376067459583
2026-05-14 16:17:49.445120+02:00,-0.007239337079226971
2026-05-14 16:17:49.460745+02:00,-0.005106729920953512
2026-05-14 16:17:49.476370+02:00,-0.002903224900364876
2026-05-14 16:17:49.491995+02:00,-0.00047602877020835876
2026-05-14 16:17:49.507620+02:00,0.0022767004556953907
2026-05-14 16:17:49.523245+02:00,0.005394416395574808
2026-05-14 16:17:49.538870+02:00,0.008855758234858513
2026-05-14 16:17:49.554495+02:00,0.01259037759155035
2026-05-14 16:17:49.570120+02:00,0.01649397984147072
2026-05-14 16:17:49.585745+02:00,0.020443573594093323
2026-05-14 16:17:49.601370+02:00,0.024312563240528107
2026-05-14 16:17:49.616995+02:00,0.0279840137809515
2026-05-14 16:17:49.632620+02:00,0.03135518729686737
2026-05-14 16:17:49.648245+02:00,0.034322209656238556
2026-05-14 16:17:49.663870+02:00,0.0367429256439209
2026-05-14 16:17:49.679495+02:00,0.038398437201976776
2026-05-14 16:17:49.695120+02:00,0.038982994854450226
2026-05-14 16:17:49.710745+02:00,0.03813619166612625
2026-05-14 16:17:49.726370+02:00,0.03551455959677696
2026-05-14 16:17:49.741995+02:00,0.03088534250855446
2026-05-14 16:17:49.757620+02:00,0.02421168051660061
2026-05-14 16:17:49.773245+02:00,0.015700887888669968
2026-05-14 16:17:49.788870+02:00,0.005803353618830442
2026-05-14 16:17:49.804495+02:00,-0.004836478736251593
2026-05-14 16:17:49.820120+02:00,-0.01546415314078331
2026-05-14 16:17:49.835745+02:00,-0.02531398832798004
2026-05-14 16:17:49.851370+02:00,-0.03370329365134239
2026-05-14 16:17:49.866995+02:00,-0.04010836035013199
2026-05-14 16:17:49.882620+02:00,-0.0442141517996788
2026-05-14 16:17:49.898245+02:00,-0.045934513211250305
2026-05-14 16:17:49.913870+02:00,-0.045402564108371735
2026-05-14 16:17:49.929495+02:00,-0.042934123426675797
2026-05-14 16:17:49.945120+02:00,-0.0389740988612175
2026-05-14 16:17:49.960745+02:00,-0.03403758630156517
2026-05-14 16:17:49.976370+02:00,-0.028649816289544106
2026-05-14 16:17:49.991995+02:00,-0.023286568000912666
2026-05-14 16:17:50.007620+02:00,-0.01832449994981289
2026-05-14 16:17:50.023245+02:00,-0.014011362567543983
2026-05-14 16:17:50.038870+02:00,-0.010455626994371414
2026-05-14 16:17:50.054495+02:00,-0.00763301458209753
2026-05-14 16:17:50.070120+02:00,-0.005410381592810154
2026-05-14 16:17:50.085745+02:00,-0.003582676872611046
2026-05-14 16:17:50.101370+02:00,-0.0019151265732944012
2026-05-14 16:17:50.116995+02:00,-0.00018278532661497593
2026-05-14 16:17:50.132620+02:00,0.0017991674831137061
2026-05-14 16:17:50.148245+02:00,0.0041557010263204575
2026-05-14 16:17:50.163870+02:00,0.0069418963976204395
2026-05-14 16:17:50.179495+02:00,0.010144123807549477
2026-05-14 16:17:50.195120+02:00,0.013691162690520287
2026-05-14 16:17:50.210745+02:00,0.017469489946961403
2026-05-14 16:17:50.226370+02:00,0.021340472623705864
2026-05-14 16:17:50.241995+02:00,0.025159122422337532
2026-05-14 16:17:50.257620+02:00,0.028784992173314095
2026-05-14 16:17:50.273245+02:00,0.03207094222307205
2026-05-14 16:17:50.288870+02:00,0.034829672425985336
2026-05-14 16:17:50.304495+02:00,0.03679931163787842
2026-05-14 16:17:50.320120+02:00,0.037635963410139084
2026-05-14 16:17:50.335745+02:00,0.03694968298077583
2026-05-14 16:17:50.351370+02:00,0.0343797542154789
2026-05-14 16:17:50.366995+02:00,0.029688306152820587
2026-05-14 16:17:50.382620+02:00,0.022845571860671043
2026-05-14 16:17:50.398245+02:00,0.014080768451094627
2026-05-14 16:17:50.413870+02:00,0.0038801366463303566
2026-05-14 16:17:50.429495+02:00,-0.0070681096985936165
2026-05-14 16:17:50.445120+02:00,-0.017965614795684814
2026-05-14 16:17:50.460745+02:00,-0.02800954133272171
2026-05-14 16:17:50.476370+02:00,-0.03649069741368294
2026-05-14 16:17:50.491995+02:00,-0.04286978766322136
2026-05-14 16:17:50.507620+02:00,-0.04682550206780434
2026-05-14 16:17:50.523245+02:00,-0.04827406257390976
2026-05-14 16:17:50.538870+02:00,-0.047360971570014954
2026-05-14 16:17:50.554495+02:00,-0.04442613199353218
2026-05-14 16:17:50.570120+02:00,-0.03994899243116379
2026-05-14 16:17:50.585745+02:00,-0.034483689814805984
2026-05-14 16:17:50.601370+02:00,-0.028592534363269806
2026-05-14 16:17:50.616995+02:00,-0.022782621905207634
2026-05-14 16:17:50.632620+02:00,-0.01745210774242878
2026-05-14 16:17:50.648245+02:00,-0.012856513261795044
2026-05-14 16:17:50.663870+02:00,-0.009099181741476059
2026-05-14 16:17:50.679495+02:00,-0.006142096593976021
2026-05-14 16:17:50.695120+02:00,-0.0038335975259542465
2026-05-14 16:17:50.710745+02:00,-0.0019483999349176884
2026-05-14 16:17:50.726370+02:00,-0.00023238686844706535
2026-05-14 16:17:50.741995+02:00,0.0015558877494186163
2026-05-14 16:17:50.757620+02:00,0.0036135525442659855
2026-05-14 16:17:50.773245+02:00,0.006072737276554108
2026-05-14 16:17:50.788870+02:00,0.008989740163087845
2026-05-14 16:17:50.804495+02:00,0.012346800416707993
2026-05-14 16:17:50.820120+02:00,0.016065990552306175
2026-05-14 16:17:50.835745+02:00,0.020027784630656242
2026-05-14 16:17:50.851370+02:00,0.02408961020410061
2026-05-14 16:17:50.866995+02:00,0.02810121700167656
2026-05-14 16:17:50.882620+02:00,0.03190504387021065
2026-05-14 16:17:50.898245+02:00,0.03531038016080856
2026-05-14 16:17:50.913870+02:00,0.038053665310144424
2026-05-14 16:17:50.929495+02:00,0.03977824002504349
2026-05-14 16:17:50.945120+02:00,0.04005882516503334
2026-05-14 16:17:50.960745+02:00,0.038471318781375885
2026-05-14 16:17:50.976370+02:00,0.034689631313085556
2026-05-14 16:17:50.991995+02:00,0.028581753373146057
2026-05-14 16:17:51.007620+02:00,0.020277615636587143
2026-05-14 16:17:51.023245+02:00,0.010188828222453594
2026-05-14 16:17:51.038870+02:00,-0.0010286364704370499
2026-05-14 16:17:51.054495+02:00,-0.01256045326590538
2026-05-14 16:17:51.070120+02:00,-0.02354436367750168
2026-05-14 16:17:51.085745+02:00,-0.033179230988025665
2026-05-14 16:17:51.101370+02:00,-0.04081472381949425
2026-05-14 16:17:51.116995+02:00,-0.04601353779435158
2026-05-14 16:17:51.132620+02:00,-0.04858444631099701
2026-05-14 16:17:51.148245+02:00,-0.0485844612121582
2026-05-14 16:17:51.163870+02:00,-0.04629170522093773
2026-05-14 16:17:51.179495+02:00,-0.04215531423687935
2026-05-14 16:17:51.195120+02:00,-0.03672883287072182
2026-05-14 16:17:51.210745+02:00,-0.030596556141972542
2026-05-14 16:17:51.226370+02:00,-0.024304896593093872
2026-05-14 16:17:51.241995+02:00,-0.018306907266378403
2026-05-14 16:17:51.257620+02:00,-0.01292408537119627
2026-05-14 16:17:51.273245+02:00,-0.008327736519277096
2026-05-14 16:17:51.288870+02:00,-0.0045404089614748955
2026-05-14 16:17:51.304495+02:00,-0.001456347294151783
2026-05-14 16:17:51.320120+02:00,0.0011216001585125923
2026-05-14 16:17:51.335745+02:00,0.0034349076449871063
2026-05-14 16:17:51.351370+02:00,0.005723654758185148
2026-05-14 16:17:51.366995+02:00,0.00819144956767559
2026-05-14 16:17:51.382620+02:00,0.010981446132063866
2026-05-14 16:17:51.398245+02:00,0.014162318781018257
2026-05-14 16:17:51.413870+02:00,0.01772637851536274
2026-05-14 16:17:51.429495+02:00,0.021599631756544113
2026-05-14 16:17:51.445120+02:00,0.02566058188676834
2026-05-14 16:17:51.460745+02:00,0.02976488322019577
2026-05-14 16:17:51.476370+02:00,0.03376882150769234
2026-05-14 16:17:51.491995+02:00,0.037539735436439514
2026-05-14 16:17:51.507620+02:00,0.040945861488580704
2026-05-14 16:17:51.523245+02:00,0.04382485896348953
2026-05-14 16:17:51.538870+02:00,0.04594087973237038
2026-05-14 16:17:51.554495+02:00,0.046959005296230316
2026-05-14 16:17:51.570120+02:00,0.04646773636341095
2026-05-14 16:17:51.585745+02:00,0.044054146856069565
2026-05-14 16:17:51.601370+02:00,0.03940722718834877
2026-05-14 16:17:51.616995+02:00,0.03241546079516411
2026-05-14 16:17:51.632620+02:00,0.02323213219642639
2026-05-14 16:17:51.648245+02:00,0.012291332706809044
2026-05-14 16:17:51.663870+02:00,0.0002685035578906536
2026-05-14 16:17:51.679495+02:00,-0.012006459757685661
2026-05-14 16:17:51.695120+02:00,-0.02366246096789837
2026-05-14 16:17:51.710745+02:00,-0.03389874845743179
2026-05-14 16:17:51.726370+02:00,-0.042073313146829605
2026-05-14 16:17:51.741995+02:00,-0.04776136949658394
2026-05-14 16:17:51.757620+02:00,-0.05078372359275818
2026-05-14 16:17:51.773245+02:00,-0.051203787326812744
2026-05-14 16:17:51.788870+02:00,-0.04929639771580696
2026-05-14 16:17:51.804495+02:00,-0.04549844190478325
2026-05-14 16:17:51.820120+02:00,-0.04034869000315666
2026-05-14 16:17:51.835745+02:00,-0.034419916570186615
2026-05-14 16:17:51.851370+02:00,-0.02825094200670719
2026-05-14 16:17:51.866995+02:00,-0.022289790213108063
2026-05-14 16:17:51.882620+02:00,-0.016854673624038696
2026-05-14 16:17:51.898245+02:00,-0.012116020545363426
2026-05-14 16:17:51.913870+02:00,-0.008100390434265137
2026-05-14 16:17:51.929495+02:00,-0.004713109228760004
2026-05-14 16:17:51.945120+02:00,-0.0017749080434441566
2026-05-14 16:17:51.960745+02:00,0.0009345328435301781
2026-05-14 16:17:51.976370+02:00,0.0036361957900226116
2026-05-14 16:17:51.991995+02:00,0.00651946198195219
2026-05-14 16:17:52.007620+02:00,0.009717707522213459
2026-05-14 16:17:52.023245+02:00,0.013295182958245277
2026-05-14 16:17:52.038870+02:00,0.017247438430786133
2026-05-14 16:17:52.054495+02:00,0.02151004783809185
2026-05-14 16:17:52.070120+02:00,0.025970883667469025
2026-05-14 16:17:52.085745+02:00,0.030486255884170532
2026-05-14 16:17:52.101370+02:00,0.03490065038204193
2026-05-14 16:17:52.116995+02:00,0.03906150534749031
2026-05-14 16:17:52.132620+02:00,0.04281289875507355
2026-05-14 16:17:52.148245+02:00,0.045962534844875336
2026-05-14 16:17:52.163870+02:00,0.048241227865219116
2026-05-14 16:17:52.179495+02:00,0.0492878332734108
2026-05-14 16:17:52.195120+02:00,0.04868291690945625
2026-05-14 16:17:52.210745+02:00,0.04602979123592377
2026-05-14 16:17:52.226370+02:00,0.04105876013636589
2026-05-14 16:17:52.241995+02:00,0.03372158855199814
2026-05-14 16:17:52.257620+02:00,0.024247273802757263
2026-05-14 16:17:52.273245+02:00,0.013141578063368797
2026-05-14 16:17:52.288870+02:00,0.0011295545846223831
2026-05-14 16:17:52.304495+02:00,-0.010941972956061363
2026-05-14 16:17:52.320120+02:00,-0.0222161915153265
2026-05-14 16:17:52.335745+02:00,-0.03192906081676483
2026-05-14 16:17:52.351370+02:00,-0.03948885202407837
2026-05-14 16:17:52.366995+02:00,-0.04452625662088394
2026-05-14 16:17:52.382620+02:00,-0.046914950013160706
2026-05-14 16:17:52.398245+02:00,-0.046764716506004333
2026-05-14 16:17:52.413870+02:00,-0.044388547539711
2026-05-14 16:17:52.429495+02:00,-0.04024863615632057
2026-05-14 16:17:52.445120+02:00,-0.0348912812769413
2026-05-14 16:17:52.460745+02:00,-0.028880538418889046
2026-05-14 16:17:52.476370+02:00,-0.022737201303243637
2026-05-14 16:17:52.491995+02:00,-0.01688661240041256
2026-05-14 16:17:52.507620+02:00,-0.011619828641414642
2026-05-14 16:17:52.523245+02:00,-0.007077454589307308
2026-05-14 16:17:52.538870+02:00,-0.003261437639594078
2026-05-14 16:17:52.554495+02:00,-6.630155257880688e-05
2026-05-14 16:17:52.570120+02:00,0.0026831841096282005
2026-05-14 16:17:52.585745+02:00,0.005193700082600117
2026-05-14 16:17:52.601370+02:00,0.007667627185583115
2026-05-14 16:17:52.616995+02:00,0.010274025611579418
2026-05-14 16:17:52.632620+02:00,0.013128281570971012
2026-05-14 16:17:52.648245+02:00,0.016281425952911377
2026-05-14 16:17:52.663870+02:00,0.019720247015357018
2026-05-14 16:17:52.679495+02:00,0.023376815021038055
2026-05-14 16:17:52.695120+02:00,0.02714359574019909
2026-05-14 16:17:52.710745+02:00,0.030891161412000656
2026-05-14 16:17:52.726370+02:00,0.03448663651943207
2026-05-14 16:17:52.741995+02:00,0.03780628368258476
2026-05-14 16:17:52.757620+02:00,0.040730152279138565
2026-05-14 16:17:52.773245+02:00,0.0431135818362236
2026-05-14 16:17:52.788870+02:00,0.04474711790680885
2026-05-14 16:17:52.804495+02:00,0.04533130303025246
2026-05-14 16:17:52.820120+02:00,0.04449346661567688
2026-05-14 16:17:52.835745+02:00,0.041853971779346466
2026-05-14 16:17:52.851370+02:00,0.03712255507707596
2026-05-14 16:17:52.866995+02:00,0.030194295570254326
2026-05-14 16:17:52.882620+02:00,0.02121651917695999
2026-05-14 16:17:52.898245+02:00,0.010604539886116982
2026-05-14 16:17:52.913870+02:00,-0.0009998418390750885
2026-05-14 16:17:52.929495+02:00,-0.01281357929110527
2026-05-14 16:17:52.945120+02:00,-0.02401777170598507
2026-05-14 16:17:52.960745+02:00,-0.033859528601169586
2026-05-14 16:17:52.976370+02:00,-0.04173339530825615
2026-05-14 16:17:52.991995+02:00,-0.04723607376217842
2026-05-14 16:17:53.007620+02:00,-0.05019472539424896
2026-05-14 16:17:53.023245+02:00,-0.0506686195731163
2026-05-14 16:17:53.038870+02:00,-0.048923712223768234
2026-05-14 16:17:53.054495+02:00,-0.04538450390100479
2026-05-14 16:17:53.070120+02:00,-0.04057268798351288
2026-05-14 16:17:53.085745+02:00,-0.03504180908203125
2026-05-14 16:17:53.101370+02:00,-0.029314253479242325
2026-05-14 16:17:53.116995+02:00,-0.023826904594898224
2026-05-14 16:17:53.132620+02:00,-0.018891911953687668
2026-05-14 16:17:53.148245+02:00,-0.014677301049232483
2026-05-14 16:17:53.163870+02:00,-0.011209331452846527
2026-05-14 16:17:53.179495+02:00,-0.008393325842916965
2026-05-14 16:17:53.195120+02:00,-0.006047861650586128
2026-05-14 16:17:53.210745+02:00,-0.00394776463508606
2026-05-14 16:17:53.226370+02:00,-0.0018682591617107391
2026-05-14 16:17:53.241995+02:00,0.000378304161131382
2026-05-14 16:17:53.257620+02:00,0.0029180021956562996
2026-05-14 16:17:53.273245+02:00,0.0058050379157066345
2026-05-14 16:17:53.288870+02:00,0.009024033322930336
2026-05-14 16:17:53.304495+02:00,0.012501414865255356
2026-05-14 16:17:53.320120+02:00,0.01612270064651966
2026-05-14 16:17:53.335745+02:00,0.019751591607928276
2026-05-14 16:17:53.351370+02:00,0.0232484582811594
2026-05-14 16:17:53.366995+02:00,0.02648654207587242
2026-05-14 16:17:53.382620+02:00,0.029357679188251495
2026-05-14 16:17:53.398245+02:00,0.031755171716213226
2026-05-14 16:17:53.413870+02:00,0.033533863723278046
2026-05-14 16:17:53.429495+02:00,0.03447011858224869
2026-05-14 16:17:53.445120+02:00,0.03425227105617523
2026-05-14 16:17:53.460745+02:00,0.032518282532691956
2026-05-14 16:17:53.476370+02:00,0.02893591858446598
2026-05-14 16:17:53.491995+02:00,0.023304302245378494
2026-05-14 16:17:53.507620+02:00,0.015642883256077766
2026-05-14 16:17:53.523245+02:00,0.006232697516679764
2026-05-14 16:17:53.538870+02:00,-0.0044024065136909485
2026-05-14 16:17:53.554495+02:00,-0.015562175773084164
2026-05-14 16:17:53.570120+02:00,-0.02646445855498314
2026-05-14 16:17:53.585745+02:00,-0.03634722903370857
2026-05-14 16:17:53.601370+02:00,-0.044559020549058914
2026-05-14 16:17:53.616995+02:00,-0.0506252646446228
2026-05-14 16:17:53.632620+02:00,-0.054286740720272064
2026-05-14 16:17:53.648245+02:00,-0.05551057308912277
2026-05-14 16:17:53.663870+02:00,-0.054473184049129486
2026-05-14 16:17:53.679495+02:00,-0.05151916667819023
2026-05-14 16:17:53.695120+02:00,-0.04710674285888672
2026-05-14 16:17:53.710745+02:00,-0.04174703359603882
2026-05-14 16:17:53.726370+02:00,-0.03594232350587845
2026-05-14 16:17:53.741995+02:00,-0.0301327183842659
2026-05-14 16:17:53.757620+02:00,-0.024658605456352234
2026-05-14 16:17:53.773245+02:00,-0.019739992916584015
2026-05-14 16:17:53.788870+02:00,-0.015472084283828735
2026-05-14 16:17:53.804495+02:00,-0.011836562305688858
2026-05-14 16:17:53.820120+02:00,-0.008725514635443687
2026-05-14 16:17:53.835745+02:00,-0.005973516963422298
2026-05-14 16:17:53.851370+02:00,-0.003392527811229229
2026-05-14 16:17:53.866995+02:00,-0.000803481787443161
2026-05-14 16:17:53.882620+02:00,0.001938684843480587
2026-05-14 16:17:53.898245+02:00,0.004927626810967922
2026-05-14 16:17:53.913870+02:00,0.008197502233088017
2026-05-14 16:17:53.929495+02:00,0.011723967269062996
2026-05-14 16:17:53.945120+02:00,0.015433241613209248
2026-05-14 16:17:53.960745+02:00,0.01921882852911949
2026-05-14 16:17:53.976370+02:00,0.02296069636940956
2026-05-14 16:17:53.991995+02:00,0.026540113613009453
2026-05-14 16:17:54.007620+02:00,0.029847461730241776
2026-05-14 16:17:54.023245+02:00,0.03277880698442459
2026-05-14 16:17:54.038870+02:00,0.03521503508090973
2026-05-14 16:17:54.054495+02:00,0.03698671609163284
2026-05-14 16:17:54.070120+02:00,0.0378459095954895
2026-05-14 16:17:54.085745+02:00,0.03747367858886719
2026-05-14 16:17:54.101370+02:00,0.0355343259871006
2026-05-14 16:17:54.116995+02:00,0.03176148980855942
2026-05-14 16:17:54.132620+02:00,0.026047542691230774
2026-05-14 16:17:54.148245+02:00,0.0185061264783144
2026-05-14 16:17:54.163870+02:00,0.009488292038440704
2026-05-14 16:17:54.179495+02:00,-0.00045091472566127777
2026-05-14 16:17:54.195120+02:00,-0.010625707916915417
2026-05-14 16:17:54.210745+02:00,-0.020313890650868416
2026-05-14 16:17:54.226370+02:00,-0.028849605470895767
2026-05-14 16:17:54.241995+02:00,-0.03569678217172623
2026-05-14 16:17:54.257620+02:00,-0.04049656540155411
2026-05-14 16:17:54.273245+02:00,-0.04309018328785896
2026-05-14 16:17:54.288870+02:00,-0.04351797699928284
2026-05-14 16:17:54.304495+02:00,-0.041995711624622345
2026-05-14 16:17:54.320120+02:00,-0.03887417912483215
2026-05-14 16:17:54.335745+02:00,-0.03458843380212784
2026-05-14 16:17:54.351370+02:00,-0.029602088034152985
2026-05-14 16:17:54.366995+02:00,-0.024353504180908203
2026-05-14 16:17:54.382620+02:00,-0.019210752099752426
2026-05-14 16:17:54.398245+02:00,-0.01444193534553051
2026-05-14 16:17:54.413870+02:00,-0.01020346861332655
2026-05-14 16:17:54.429495+02:00,-0.006543703377246857
2026-05-14 16:17:54.445120+02:00,-0.003418540582060814
2026-05-14 16:17:54.460745+02:00,-0.0007151104509830475
2026-05-14 16:17:54.476370+02:00,0.0017207651399075985
2026-05-14 16:17:54.491995+02:00,0.004055173601955175
2026-05-14 16:17:54.507620+02:00,0.006436828523874283
2026-05-14 16:17:54.523245+02:00,0.008974380791187286
2026-05-14 16:17:54.538870+02:00,0.011726029217243195
2026-05-14 16:17:54.554495+02:00,0.01469926442950964
2026-05-14 16:17:54.570120+02:00,0.017855225130915642
2026-05-14 16:17:54.585745+02:00,0.02111673355102539
2026-05-14 16:17:54.601370+02:00,0.024381261318922043
2026-05-14 16:17:54.616995+02:00,0.027537615969777107
2026-05-14 16:17:54.632620+02:00,0.0304835457354784
2026-05-14 16:17:54.648245+02:00,0.03313823789358139
2026-05-14 16:17:54.663870+02:00,0.03544119745492935
2026-05-14 16:17:54.679495+02:00,0.0373334176838398
2026-05-14 16:17:54.695120+02:00,0.03872254118323326
2026-05-14 16:17:54.710745+02:00,0.039445362985134125
2026-05-14 16:17:54.726370+02:00,0.03925451636314392
2026-05-14 16:17:54.741995+02:00,0.037848711013793945
2026-05-14 16:17:54.757620+02:00,0.03494098037481308
2026-05-14 16:17:54.773245+02:00,0.030341656878590584
2026-05-14 16:17:54.788870+02:00,0.02403058111667633
2026-05-14 16:17:54.804495+02:00,0.016197191551327705
2026-05-14 16:17:54.820120+02:00,0.007236003875732422
2026-05-14 16:17:54.835745+02:00,-0.0023002829402685165
2026-05-14 16:17:54.851370+02:00,-0.01177601981908083
2026-05-14 16:17:54.866995+02:00,-0.020557215437293053
2026-05-14 16:17:54.882620+02:00,-0.028088167309761047
2026-05-14 16:17:54.898245+02:00,-0.03395014628767967
2026-05-14 16:17:54.913870+02:00,-0.03789736330509186
2026-05-14 16:17:54.929495+02:00,-0.039866868406534195
2026-05-14 16:17:54.945120+02:00,-0.039963796734809875
2026-05-14 16:17:54.960745+02:00,-0.0384303480386734
2026-05-14 16:17:54.976370+02:00,-0.035607218742370605
2026-05-14 16:17:54.991995+02:00,-0.03189012408256531
2026-05-14 16:17:55.007620+02:00,-0.027683308348059654
2026-05-14 16:17:55.023245+02:00,-0.02335628867149353
2026-05-14 16:17:55.038870+02:00,-0.019208678975701332
2026-05-14 16:17:55.054495+02:00,-0.015445137396454811
2026-05-14 16:17:55.070120+02:00,-0.012164844200015068
2026-05-14 16:17:55.085745+02:00,-0.009369490668177605
2026-05-14 16:17:55.101370+02:00,-0.006985412910580635
2026-05-14 16:17:55.116995+02:00,-0.00489061838015914
2026-05-14 16:17:55.132620+02:00,-0.002940727863460779
2026-05-14 16:17:55.148245+02:00,-0.0009929747320711613
2026-05-14 16:17:55.163870+02:00,0.0010720938444137573
2026-05-14 16:17:55.179495+02:00,0.003334617242217064
2026-05-14 16:17:55.195120+02:00,0.0058271633461117744
2026-05-14 16:17:55.210745+02:00,0.008533358573913574
2026-05-14 16:17:55.226370+02:00,0.01139382179826498
2026-05-14 16:17:55.241995+02:00,0.014319649897515774
2026-05-14 16:17:55.257620+02:00,0.01720864698290825
2026-05-14 16:17:55.273245+02:00,0.019957832992076874
2026-05-14 16:17:55.288870+02:00,0.02247292548418045
2026-05-14 16:17:55.304495+02:00,0.02467852272093296
2026-05-14 16:17:55.320120+02:00,0.02652575820684433
2026-05-14 16:17:55.335745+02:00,0.02799091301858425
2026-05-14 16:17:55.351370+02:00,0.029059946537017822
2026-05-14 16:17:55.366995+02:00,0.029696300625801086
2026-05-14 16:17:55.382620+02:00,0.029803374782204628
2026-05-14 16:17:55.398245+02:00,0.029207035899162292
2026-05-14 16:17:55.413870+02:00,0.027675040066242218
2026-05-14 16:17:55.429495+02:00,0.02497074380517006
2026-05-14 16:17:55.445120+02:00,0.020925132557749748
2026-05-14 16:17:55.460745+02:00,0.01550464890897274
2026-05-14 16:17:55.476370+02:00,0.008852949365973473
2026-05-14 16:17:55.491995+02:00,0.0012932941317558289
2026-05-14 16:17:55.507620+02:00,-0.006709120236337185
2026-05-14 16:17:55.523245+02:00,-0.014613987877964973
2026-05-14 16:17:55.538870+02:00,-0.0218830369412899
2026-05-14 16:17:55.554495+02:00,-0.028048429638147354
2026-05-14 16:17:55.570120+02:00,-0.03276041895151138
2026-05-14 16:17:55.585745+02:00,-0.035812798887491226
2026-05-14 16:17:55.601370+02:00,-0.037152692675590515
2026-05-14 16:17:55.616995+02:00,-0.03687737137079239
2026-05-14 16:17:55.632620+02:00,-0.035214249044656754
2026-05-14 16:17:55.648245+02:00,-0.03248497471213341
2026-05-14 16:17:55.663870+02:00,-0.029060926288366318
2026-05-14 16:17:55.679495+02:00,-0.025317294523119926
2026-05-14 16:17:55.695120+02:00,-0.02158970572054386
2026-05-14 16:17:55.710745+02:00,-0.01813744381070137
2026-05-14 16:17:55.726370+02:00,-0.015121026895940304
2026-05-14 16:17:55.741995+02:00,-0.012598710134625435
2026-05-14 16:17:55.757620+02:00,-0.010538749396800995
2026-05-14 16:17:55.773245+02:00,-0.008841456845402718
2026-05-14 16:17:55.788870+02:00,-0.007366338279098272
2026-05-14 16:17:55.804495+02:00,-0.005960861220955849
2026-05-14 16:17:55.820120+02:00,-0.004486576654016972
2026-05-14 16:17:55.835745+02:00,-0.002838368294760585
2026-05-14 16:17:55.851370+02:00,-0.0009552696719765663
2026-05-14 16:17:55.866995+02:00,0.0011772694997489452
2026-05-14 16:17:55.882620+02:00,0.003532013390213251
2026-05-14 16:17:55.898245+02:00,0.006047637667506933
2026-05-14 16:17:55.913870+02:00,0.008637804538011551
2026-05-14 16:17:55.929495+02:00,0.011202344670891762
2026-05-14 16:17:55.945120+02:00,0.013639992102980614
2026-05-14 16:17:55.960745+02:00,0.015861647203564644
2026-05-14 16:17:55.976370+02:00,0.01780240423977375
2026-05-14 16:17:55.991995+02:00,0.0194273442029953
2026-05-14 16:17:56.007620+02:00,0.020726552233099937
2026-05-14 16:17:56.023245+02:00,0.021696781739592552
2026-05-14 16:17:56.038870+02:00,0.022309724241495132
2026-05-14 16:17:56.054495+02:00,0.022478768602013588
2026-05-14 16:17:56.070120+02:00,0.022045543417334557
2026-05-14 16:17:56.085745+02:00,0.020799193531274796
2026-05-14 16:17:56.101370+02:00,0.018525604158639908
2026-05-14 16:17:56.116995+02:00,0.015073397196829319
2026-05-14 16:17:56.132620+02:00,0.010417070239782333
2026-05-14 16:17:56.148245+02:00,0.004694216884672642
2026-05-14 16:17:56.163870+02:00,-0.0017967848107218742
2026-05-14 16:17:56.179495+02:00,-0.008633363991975784
2026-05-14 16:17:56.195120+02:00,-0.015325945802032948
2026-05-14 16:17:56.210745+02:00,-0.021384939551353455
2026-05-14 16:17:56.226370+02:00,-0.02638624794781208
2026-05-14 16:17:56.241995+02:00,-0.030021987855434418
2026-05-14 16:17:56.257620+02:00,-0.0321291908621788
2026-05-14 16:17:56.273245+02:00,-0.032696306705474854
2026-05-14 16:17:56.288870+02:00,-0.031849201768636703
2026-05-14 16:17:56.304495+02:00,-0.029822252690792084
2026-05-14 16:17:56.320120+02:00,-0.026922831311821938
2026-05-14 16:17:56.335745+02:00,-0.02349264919757843
2026-05-14 16:17:56.351370+02:00,-0.019866423681378365
2026-05-14 16:17:56.366995+02:00,-0.016333382576704025
2026-05-14 16:17:56.382620+02:00,-0.013109685853123665
2026-05-14 16:17:56.398245+02:00,-0.010324058122932911
2026-05-14 16:17:56.413870+02:00,-0.008015334606170654
2026-05-14 16:17:56.429495+02:00,-0.00614180788397789
2026-05-14 16:17:56.445120+02:00,-0.004601333290338516
2026-05-14 16:17:56.460745+02:00,-0.0032576173543930054
2026-05-14 16:17:56.476370+02:00,-0.001965993084013462
2026-05-14 16:17:56.491995+02:00,-0.0005946243181824684
2026-05-14 16:17:56.507620+02:00,0.0009585651569068432
2026-05-14 16:17:56.523245+02:00,0.0027537704445421696
2026-05-14 16:17:56.538870+02:00,0.004805111326277256
2026-05-14 16:17:56.554495+02:00,0.007085110060870647
2026-05-14 16:17:56.570120+02:00,0.009534603916108608
2026-05-14 16:17:56.585745+02:00,0.012073883786797523
2026-05-14 16:17:56.601370+02:00,0.014612937346100807
2026-05-14 16:17:56.616995+02:00,0.017061997205018997
2026-05-14 16:17:56.632620+02:00,0.019342632964253426
2026-05-14 16:17:56.648245+02:00,0.0213945172727108
2026-05-14 16:17:56.663870+02:00,0.023173674941062927
2026-05-14 16:17:56.679495+02:00,0.02464095875620842
2026-05-14 16:17:56.695120+02:00,0.025738060474395752
2026-05-14 16:17:56.710745+02:00,0.02635849080979824
2026-05-14 16:17:56.726370+02:00,0.026335833594202995
2026-05-14 16:17:56.741995+02:00,0.025463663041591644
2026-05-14 16:17:56.757620+02:00,0.023542657494544983
2026-05-14 16:17:56.773245+02:00,0.020439881831407547
2026-05-14 16:17:56.788870+02:00,0.016141554340720177
2026-05-14 16:17:56.804495+02:00,0.01078365184366703
2026-05-14 16:17:56.820120+02:00,0.004650811664760113
2026-05-14 16:17:56.835745+02:00,-0.0018557398580014706
2026-05-14 16:17:56.851370+02:00,-0.008271768689155579
2026-05-14 16:17:56.866995+02:00,-0.014134224504232407
2026-05-14 16:17:56.882620+02:00,-0.019041486084461212
2026-05-14 16:17:56.898245+02:00,-0.022697122767567635
2026-05-14 16:17:56.913870+02:00,-0.02493552677333355
2026-05-14 16:17:56.929495+02:00,-0.02573036402463913
2026-05-14 16:17:56.945120+02:00,-0.02518533729016781
2026-05-14 16:17:56.960745+02:00,-0.02350962907075882
2026-05-14 16:17:56.976370+02:00,-0.020983576774597168
2026-05-14 16:17:56.991995+02:00,-0.017921574413776398
2026-05-14 16:17:57.007620+02:00,-0.014635978266596794
2026-05-14 16:17:57.023245+02:00,-0.011403064243495464
2026-05-14 16:17:57.038870+02:00,-0.008435393683612347
2026-05-14 16:17:57.054495+02:00,-0.005866245366632938
2026-05-14 16:17:57.070120+02:00,-0.0037477128207683563
2026-05-14 16:17:57.085745+02:00,-0.0020590806379914284
2026-05-14 16:17:57.101370+02:00,-0.0007206602022051811
2026-05-14 16:17:57.116995+02:00,0.00038806721568107605
2026-05-14 16:17:57.132620+02:00,0.0014061098918318748
2026-05-14 16:17:57.148245+02:00,0.0024682823568582535
2026-05-14 16:17:57.163870+02:00,0.0036852099001407623
2026-05-14 16:17:57.179495+02:00,0.0051275501027703285
2026-05-14 16:17:57.195120+02:00,0.006818451453000307
2026-05-14 16:17:57.210745+02:00,0.008736521936953068
2026-05-14 16:17:57.226370+02:00,0.010826577432453632
2026-05-14 16:17:57.241995+02:00,0.013012940995395184
2026-05-14 16:17:57.257620+02:00,0.015211477875709534
2026-05-14 16:17:57.273245+02:00,0.017340127378702164
2026-05-14 16:17:57.288870+02:00,0.01932782493531704
2026-05-14 16:17:57.304495+02:00,0.021119743585586548
2026-05-14 16:17:57.320120+02:00,0.02267610840499401
2026-05-14 16:17:57.335745+02:00,0.023959824815392494
2026-05-14 16:17:57.351370+02:00,0.024910736829042435
2026-05-14 16:17:57.366995+02:00,0.025417611002922058
2026-05-14 16:17:57.382620+02:00,0.025307992473244667
2026-05-14 16:17:57.398245+02:00,0.024367395788431168
2026-05-14 16:17:57.413870+02:00,0.02238483540713787
2026-05-14 16:17:57.429495+02:00,0.019212771207094193
2026-05-14 16:17:57.445120+02:00,0.014823861420154572
2026-05-14 16:17:57.460745+02:00,0.009345538914203644
2026-05-14 16:17:57.476370+02:00,0.003062179312109947
2026-05-14 16:17:57.491995+02:00,-0.0036152824759483337
2026-05-14 16:17:57.507620+02:00,-0.010207490995526314
2026-05-14 16:17:57.523245+02:00,-0.016238147392868996
2026-05-14 16:17:57.538870+02:00,-0.02129780314862728
2026-05-14 16:17:57.554495+02:00,-0.025087080895900726
2026-05-14 16:17:57.570120+02:00,-0.027437645941972733
2026-05-14 16:17:57.585745+02:00,-0.02831672504544258
2026-05-14 16:17:57.601370+02:00,-0.0278204083442688
2026-05-14 16:17:57.616995+02:00,-0.026153940707445145
2026-05-14 16:17:57.632620+02:00,-0.02359945699572563
2026-05-14 16:17:57.648245+02:00,-0.020477430894970894
2026-05-14 16:17:57.663870+02:00,-0.017107371240854263
2026-05-14 16:17:57.679495+02:00,-0.013772742822766304
2026-05-14 16:17:57.695120+02:00,-0.01069391518831253
2026-05-14 16:17:57.710745+02:00,-0.008011538535356522
2026-05-14 16:17:57.726370+02:00,-0.00578362587839365
2026-05-14 16:17:57.741995+02:00,-0.00399512704461813
2026-05-14 16:17:57.757620+02:00,-0.002572254277765751
2026-05-14 16:17:57.773245+02:00,-0.0013981033116579056
2026-05-14 16:17:57.788870+02:00,-0.0003326078876852989
2026-05-14 16:17:57.804495+02:00,0.0007636398077011108
2026-05-14 16:17:57.820120+02:00,0.0020077573135495186
2026-05-14 16:17:57.835745+02:00,0.0034802304580807686
2026-05-14 16:17:57.851370+02:00,0.005218827165663242
2026-05-14 16:17:57.866995+02:00,0.0072188666090369225
2026-05-14 16:17:57.882620+02:00,0.009437519125640392
2026-05-14 16:17:57.898245+02:00,0.011801543645560741
2026-05-14 16:17:57.913870+02:00,0.014219486154615879
2026-05-14 16:17:57.929495+02:00,0.016596192494034767
2026-05-14 16:17:57.945120+02:00,0.018844831734895706
2026-05-14 16:17:57.960745+02:00,0.02089306339621544
2026-05-14 16:17:57.976370+02:00,0.022677630186080933
2026-05-14 16:17:57.991995+02:00,0.024122238159179688
2026-05-14 16:17:58.007620+02:00,0.02510710060596466
2026-05-14 16:17:58.023245+02:00,0.025451183319091797
2026-05-14 16:17:58.038870+02:00,0.024925239384174347
2026-05-14 16:17:58.054495+02:00,0.02329736389219761
2026-05-14 16:17:58.070120+02:00,0.020396921783685684
2026-05-14 16:17:58.085745+02:00,0.016176138073205948
2026-05-14 16:17:58.101370+02:00,0.01074944343417883
2026-05-14 16:17:58.116995+02:00,0.004398491699248552
2026-05-14 16:17:58.132620+02:00,-0.002457544207572937
2026-05-14 16:17:58.148245+02:00,-0.009318400174379349
2026-05-14 16:17:58.163870+02:00,-0.015672286972403526
2026-05-14 16:17:58.179495+02:00,-0.02106279507279396
2026-05-14 16:17:58.195120+02:00,-0.025141241028904915
2026-05-14 16:17:58.210745+02:00,-0.027699783444404602
2026-05-14 16:17:58.226370+02:00,-0.028684549033641815
2026-05-14 16:17:58.241995+02:00,-0.028188081458210945
2026-05-14 16:17:58.257620+02:00,-0.026424717158079147
2026-05-14 16:17:58.273245+02:00,-0.023695753887295723
2026-05-14 16:17:58.288870+02:00,-0.02034844644367695
2026-05-14 16:17:58.304495+02:00,-0.016732554882764816
2026-05-14 16:17:58.320120+02:00,-0.013160612434148788
2026-05-14 16:17:58.335745+02:00,-0.009877614676952362
2026-05-14 16:17:58.351370+02:00,-0.007042495533823967
2026-05-14 16:17:58.366995+02:00,-0.004721382632851601
2026-05-14 16:17:58.382620+02:00,-0.002893347293138504
2026-05-14 16:17:58.398245+02:00,-0.001467989757657051
2026-05-14 16:17:58.413870+02:00,-0.00030998140573501587
2026-05-14 16:17:58.429495+02:00,0.0007344000041484833
2026-05-14 16:17:58.445120+02:00,0.0018121618777513504
2026-05-14 16:17:58.460745+02:00,0.00304392259567976
2026-05-14 16:17:58.476370+02:00,0.004512438550591469
2026-05-14 16:17:58.491995+02:00,0.006258090026676655
2026-05-14 16:17:58.507620+02:00,0.008277404122054577
2026-05-14 16:17:58.523245+02:00,0.010525668039917946
2026-05-14 16:17:58.538870+02:00,0.012928159907460213
2026-05-14 16:17:58.554495+02:00,0.015396589413285255
2026-05-14 16:17:58.570120+02:00,0.017842112109065056
2026-05-14 16:17:58.585745+02:00,0.02018081583082676
2026-05-14 16:17:58.601370+02:00,0.022328391671180725
2026-05-14 16:17:58.616995+02:00,0.0241781584918499
2026-05-14 16:17:58.632620+02:00,0.025569790974259377
2026-05-14 16:17:58.648245+02:00,0.026274587959051132
2026-05-14 16:17:58.663870+02:00,0.026016276329755783
2026-05-14 16:17:58.679495+02:00,0.02452383190393448
2026-05-14 16:17:58.695120+02:00,0.02160121500492096
2026-05-14 16:17:58.710745+02:00,0.017193211242556572
2026-05-14 16:17:58.726370+02:00,0.011425145901739597
2026-05-14 16:17:58.741995+02:00,0.004605067428201437
2026-05-14 16:17:58.757620+02:00,-0.002810083329677582
2026-05-14 16:17:58.773245+02:00,-0.010275473818182945
2026-05-14 16:17:58.788870+02:00,-0.01723225601017475
2026-05-14 16:17:58.804495+02:00,-0.0231787022203207
2026-05-14 16:17:58.820120+02:00,-0.027726685628294945
2026-05-14 16:17:58.835745+02:00,-0.03063749521970749
2026-05-14 16:17:58.851370+02:00,-0.031836848706007004
2026-05-14 16:17:58.866995+02:00,-0.031409479677677155
2026-05-14 16:17:58.882620+02:00,-0.029575098305940628
2026-05-14 16:17:58.898245+02:00,-0.026651721447706223
2026-05-14 16:17:58.913870+02:00,-0.02301187254488468
2026-05-14 16:17:58.929495+02:00,-0.01903618685901165
2026-05-14 16:17:58.945120+02:00,-0.015070777386426926
2026-05-14 16:17:58.960745+02:00,-0.011393025517463684
2026-05-14 16:17:58.976370+02:00,-0.008189184591174126
2026-05-14 16:17:58.991995+02:00,-0.005547069013118744
2026-05-14 16:17:59.007620+02:00,-0.0034614000469446182
2026-05-14 16:17:59.023245+02:00,-0.0018477048724889755
2026-05-14 16:17:59.038870+02:00,-0.0005653724074363708
2026-05-14 16:17:59.054495+02:00,0.0005524400621652603
2026-05-14 16:17:59.070120+02:00,0.0016706623136997223
2026-05-14 16:17:59.085745+02:00,0.002931050956249237
2026-05-14 16:17:59.101370+02:00,0.004437070339918137
2026-05-14 16:17:59.116995+02:00,0.006245506927371025
2026-05-14 16:17:59.132620+02:00,0.00836659874767065
2026-05-14 16:17:59.148245+02:00,0.010769853368401527
2026-05-14 16:17:59.163870+02:00,0.013391521759331226
2026-05-14 16:17:59.179495+02:00,0.016143856570124626
2026-05-14 16:17:59.195120+02:00,0.01892545260488987
2026-05-14 16:17:59.210745+02:00,0.02162441797554493
2026-05-14 16:17:59.226370+02:00,0.024103136733174324
2026-05-14 16:17:59.241995+02:00,0.02616839110851288
2026-05-14 16:17:59.257620+02:00,0.027552809566259384
2026-05-14 16:17:59.273245+02:00,0.027931418269872665
2026-05-14 16:17:59.288870+02:00,0.02697432041168213
2026-05-14 16:17:59.304495+02:00,0.02442041039466858
2026-05-14 16:17:59.320120+02:00,0.020150400698184967
2026-05-14 16:17:59.335745+02:00,0.014238040894269943
2026-05-14 16:17:59.351370+02:00,0.00696583092212677
2026-05-14 16:17:59.366995+02:00,-0.0011986689642071724
2026-05-14 16:17:59.382620+02:00,-0.009661151096224785
2026-05-14 16:17:59.398245+02:00,-0.017782365903258324
2026-05-14 16:17:59.413870+02:00,-0.024964049458503723
2026-05-14 16:17:59.429495+02:00,-0.030718788504600525
2026-05-14 16:17:59.445120+02:00,-0.03471587225794792
2026-05-14 16:17:59.460745+02:00,-0.03680309280753136
2026-05-14 16:17:59.476370+02:00,-0.03700592368841171
2026-05-14 16:17:59.491995+02:00,-0.035508446395397186
2026-05-14 16:17:59.507620+02:00,-0.032619625329971313
2026-05-14 16:17:59.523245+02:00,-0.028728198260068893
2026-05-14 16:17:59.538870+02:00,-0.02425246685743332
2026-05-14 16:17:59.554495+02:00,-0.019591739401221275
2026-05-14 16:17:59.570120+02:00,-0.015085110440850258
2026-05-14 16:17:59.585745+02:00,-0.010981107130646706
2026-05-14 16:17:59.601370+02:00,-0.00741962157189846
2026-05-14 16:17:59.616995+02:00,-0.004429532214999199
2026-05-14 16:17:59.632620+02:00,-0.0019440986216068268
2026-05-14 16:17:59.648245+02:00,0.00017100386321544647
2026-05-14 16:17:59.663870+02:00,0.002085413783788681
2026-05-14 16:17:59.679495+02:00,0.0039736609905958176
2026-05-14 16:17:59.695120+02:00,0.005989372730255127
2026-05-14 16:17:59.710745+02:00,0.008245555683970451
2026-05-14 16:17:59.726370+02:00,0.010803131386637688
2026-05-14 16:17:59.741995+02:00,0.013669644482433796
2026-05-14 16:17:59.757620+02:00,0.016807109117507935
2026-05-14 16:17:59.773245+02:00,0.02014395035803318
2026-05-14 16:17:59.788870+02:00,0.023586727678775787
2026-05-14 16:17:59.804495+02:00,0.02702978253364563
2026-05-14 16:17:59.820120+02:00,0.03035503439605236
2026-05-14 16:17:59.835745+02:00,0.033412788063287735
2026-05-14 16:17:59.851370+02:00,0.03599023073911667
2026-05-14 16:17:59.866995+02:00,0.03779040277004242
2026-05-14 16:17:59.882620+02:00,0.03844515606760979
2026-05-14 16:17:59.898245+02:00,0.037570271641016006
2026-05-14 16:17:59.913870+02:00,0.03484927862882614
2026-05-14 16:17:59.929495+02:00,0.030120927840471268
2026-05-14 16:17:59.945120+02:00,0.02344445511698723
2026-05-14 16:17:59.960745+02:00,0.015122849494218826
2026-05-14 16:17:59.976370+02:00,0.005678331479430199
2026-05-14 16:17:59.991995+02:00,-0.0042129941284656525
2026-05-14 16:18:00.007620+02:00,-0.013813182711601257
2026-05-14 16:18:00.023245+02:00,-0.022420426830649376
2026-05-14 16:18:00.038870+02:00,-0.029452290385961533
2026-05-14 16:18:00.054495+02:00,-0.03450266644358635
2026-05-14 16:18:00.070120+02:00,-0.037369824945926666
2026-05-14 16:18:00.085745+02:00,-0.03805839270353317
2026-05-14 16:18:00.101370+02:00,-0.03675965219736099
2026-05-14 16:18:00.116995+02:00,-0.03381185978651047
2026-05-14 16:18:00.132620+02:00,-0.02964506857097149
2026-05-14 16:18:00.148245+02:00,-0.024723323062062263
2026-05-14 16:18:00.163870+02:00,-0.019493160769343376
2026-05-14 16:18:00.179495+02:00,-0.014339519664645195
2026-05-14 16:18:00.195120+02:00,-0.009553154930472374
2026-05-14 16:18:00.210745+02:00,-0.0053131356835365295
2026-05-14 16:18:00.226370+02:00,-0.001682765781879425
2026-05-14 16:18:00.241995+02:00,0.0013801511377096176
2026-05-14 16:18:00.257620+02:00,0.00399741530418396
2026-05-14 16:18:00.273245+02:00,0.006336178630590439
2026-05-14 16:18:00.288870+02:00,0.00857694260776043
2026-05-14 16:18:00.304495+02:00,0.01088691409677267
2026-05-14 16:18:00.320120+02:00,0.013397475704550743
2026-05-14 16:18:00.335745+02:00,0.016188517212867737
2026-05-14 16:18:00.351370+02:00,0.01928308792412281
2026-05-14 16:18:00.366995+02:00,0.022652020677924156
2026-05-14 16:18:00.382620+02:00,0.026225585490465164
2026-05-14 16:18:00.398245+02:00,0.029907792806625366
2026-05-14 16:18:00.413870+02:00,0.03358924761414528
2026-05-14 16:18:00.429495+02:00,0.03715381771326065
2026-05-14 16:18:00.445120+02:00,0.04047226905822754
2026-05-14 16:18:00.460745+02:00,0.043377261608839035
2026-05-14 16:18:00.476370+02:00,0.04562753811478615
2026-05-14 16:18:00.491995+02:00,0.046889644116163254
2026-05-14 16:18:00.507620+02:00,0.046762995421886444
2026-05-14 16:18:00.523245+02:00,0.044847749173641205
2026-05-14 16:18:00.538870+02:00,0.040836773812770844
2026-05-14 16:18:00.554495+02:00,0.03460679575800896
2026-05-14 16:18:00.570120+02:00,0.026281945407390594
2026-05-14 16:18:00.585745+02:00,0.016249898821115494
2026-05-14 16:18:00.601370+02:00,0.005126181524246931
2026-05-14 16:18:00.616995+02:00,-0.0063247159123420715
2026-05-14 16:18:00.632620+02:00,-0.017293687909841537
2026-05-14 16:18:00.648245+02:00,-0.027031991630792618
2026-05-14 16:18:00.663870+02:00,-0.03493518382310867
2026-05-14 16:18:00.679495+02:00,-0.04059741646051407
2026-05-14 16:18:00.695120+02:00,-0.04383687302470207
2026-05-14 16:18:00.710745+02:00,-0.04469422996044159
2026-05-14 16:18:00.726370+02:00,-0.04340643808245659
2026-05-14 16:18:00.741995+02:00,-0.04036198556423187
2026-05-14 16:18:00.757620+02:00,-0.03604498505592346
2026-05-14 16:18:00.773245+02:00,-0.030972808599472046
2026-05-14 16:18:00.788870+02:00,-0.025634819641709328
2026-05-14 16:18:00.804495+02:00,-0.02044246904551983
2026-05-14 16:18:00.820120+02:00,-0.015694893896579742
2026-05-14 16:18:00.835745+02:00,-0.011561268009245396
2026-05-14 16:18:00.851370+02:00,-0.008082276210188866
2026-05-14 16:18:00.866995+02:00,-0.005187947303056717
2026-05-14 16:18:00.882620+02:00,-0.0027263127267360687
2026-05-14 16:18:00.898245+02:00,-0.0005003632977604866
2026-05-14 16:18:00.913870+02:00,0.0016922345384955406
2026-05-14 16:18:00.929495+02:00,0.0040262723341584206
2026-05-14 16:18:00.945120+02:00,0.0066278125159442425
2026-05-14 16:18:00.960745+02:00,0.009564905427396297
2026-05-14 16:18:00.976370+02:00,0.012848174199461937
2026-05-14 16:18:00.991995+02:00,0.01643722876906395
2026-05-14 16:18:01.007620+02:00,0.02025085687637329
2026-05-14 16:18:01.023245+02:00,0.024178937077522278
2026-05-14 16:18:01.038870+02:00,0.028092151507735252
2026-05-14 16:18:01.054495+02:00,0.031845491379499435
2026-05-14 16:18:01.070120+02:00,0.03526599705219269
2026-05-14 16:18:01.085745+02:00,0.038118861615657806
2026-05-14 16:18:01.101370+02:00,0.040075451135635376
2026-05-14 16:18:01.116995+02:00,0.040721844881772995
2026-05-14 16:18:01.132620+02:00,0.039619557559490204
2026-05-14 16:18:01.148245+02:00,0.036399535834789276
2026-05-14 16:18:01.163870+02:00,0.030862558633089066
2026-05-14 16:18:01.179495+02:00,0.023058852180838585
2026-05-14 16:18:01.195120+02:00,0.013322118669748306
2026-05-14 16:18:01.210745+02:00,0.002245747484266758
2026-05-14 16:18:01.226370+02:00,-0.009391983970999718
2026-05-14 16:18:01.241995+02:00,-0.020733121782541275
2026-05-14 16:18:01.257620+02:00,-0.030951470136642456
2026-05-14 16:18:01.273245+02:00,-0.03935053572058678
2026-05-14 16:18:01.288870+02:00,-0.045434728264808655
2026-05-14 16:18:01.304495+02:00,-0.04894745722413063
2026-05-14 16:18:01.320120+02:00,-0.04987677186727524
2026-05-14 16:18:01.335745+02:00,-0.04843316599726677
2026-05-14 16:18:01.351370+02:00,-0.04500623792409897
2026-05-14 16:18:01.366995+02:00,-0.0401068739593029
2026-05-14 16:18:01.382620+02:00,-0.0343012697994709
2026-05-14 16:18:01.398245+02:00,-0.02814391255378723
2026-05-14 16:18:01.413870+02:00,-0.02211664244532585
2026-05-14 16:18:01.429495+02:00,-0.016581835225224495
2026-05-14 16:18:01.445120+02:00,-0.01175786554813385
2026-05-14 16:18:01.460745+02:00,-0.007718674372881651
2026-05-14 16:18:01.476370+02:00,-0.004412572365254164
2026-05-14 16:18:01.491995+02:00,-0.0016937145264819264
2026-05-14 16:18:01.507620+02:00,0.00063996238168329
2026-05-14 16:18:01.523245+02:00,0.002808802295476198
2026-05-14 16:18:01.538870+02:00,0.00501768896356225
2026-05-14 16:18:01.554495+02:00,0.007426441181451082
2026-05-14 16:18:01.570120+02:00,0.010127191431820393
2026-05-14 16:18:01.585745+02:00,0.013135142624378204
2026-05-14 16:18:01.601370+02:00,0.01639353483915329
2026-05-14 16:18:01.616995+02:00,0.019787605851888657
2026-05-14 16:18:01.632620+02:00,0.023162228986620903
2026-05-14 16:18:01.648245+02:00,0.02633873000741005
2026-05-14 16:18:01.663870+02:00,0.02912037819623947
2026-05-14 16:18:01.679495+02:00,0.031274162232875824
2026-05-14 16:18:01.695120+02:00,0.032495588064193726
2026-05-14 16:18:01.710745+02:00,0.032388195395469666
2026-05-14 16:18:01.726370+02:00,0.030491340905427933
2026-05-14 16:18:01.741995+02:00,0.026364006102085114
2026-05-14 16:18:01.757620+02:00,0.019701801240444183
2026-05-14 16:18:01.773245+02:00,0.010447562672197819
2026-05-14 16:18:01.788870+02:00,-0.0011413171887397766
2026-05-14 16:18:01.804495+02:00,-0.014487560838460922
2026-05-14 16:18:01.820120+02:00,-0.028752166777849197
2026-05-14 16:18:01.835745+02:00,-0.04294370487332344
2026-05-14 16:18:01.851370+02:00,-0.056050509214401245
2026-05-14 16:18:01.866995+02:00,-0.06716319173574448
2026-05-14 16:18:01.882620+02:00,-0.07556845992803574
2026-05-14 16:18:01.898245+02:00,-0.0808110460639
2026-05-14 16:18:01.913870+02:00,-0.08272422850131989
2026-05-14 16:18:01.929495+02:00,-0.08142627030611038
2026-05-14 16:18:01.945120+02:00,-0.07728301733732224
2026-05-14 16:18:01.960745+02:00,-0.07084550708532333
2026-05-14 16:18:01.976370+02:00,-0.06277449429035187
2026-05-14 16:18:01.991995+02:00,-0.05376068130135536
2026-05-14 16:18:02.007620+02:00,-0.04444713145494461
2026-05-14 16:18:02.023245+02:00,-0.03536365181207657
2026-05-14 16:18:02.038870+02:00,-0.02688421681523323
2026-05-14 16:18:02.054495+02:00,-0.019211843609809875
2026-05-14 16:18:02.070120+02:00,-0.01238824613392353
2026-05-14 16:18:02.085745+02:00,-0.006322829052805901
2026-05-14 16:18:02.101370+02:00,-0.0008334405720233917
2026-05-14 16:18:02.116995+02:00,0.004308020696043968
2026-05-14 16:18:02.132620+02:00,0.009331118315458298
2026-05-14 16:18:02.148245+02:00,0.014429839327931404
2026-05-14 16:18:02.163870+02:00,0.01973700523376465
2026-05-14 16:18:02.179495+02:00,0.02531229518353939
2026-05-14 16:18:02.195120+02:00,0.03114401549100876
2026-05-14 16:18:02.210745+02:00,0.037161216139793396
2026-05-14 16:18:02.226370+02:00,0.04325030371546745
2026-05-14 16:18:02.241995+02:00,0.04926683381199837
2026-05-14 16:18:02.257620+02:00,0.055031657218933105
2026-05-14 16:18:02.273245+02:00,0.06030804663896561
2026-05-14 16:18:02.288870+02:00,0.06477382034063339
2026-05-14 16:18:02.304495+02:00,0.06801622360944748
2026-05-14 16:18:02.320120+02:00,0.0695706456899643
2026-05-14 16:18:02.335745+02:00,0.06900061666965485
2026-05-14 16:18:02.351370+02:00,0.06599664688110352
2026-05-14 16:18:02.366995+02:00,0.06046747788786888
2026-05-14 16:18:02.382620+02:00,0.05259888619184494
2026-05-14 16:18:02.398245+02:00,0.042858224362134933
2026-05-14 16:18:02.413870+02:00,0.03194011375308037
2026-05-14 16:18:02.429495+02:00,0.020671945065259933
2026-05-14 16:18:02.445120+02:00,0.009904135018587112
2026-05-14 16:18:02.460745+02:00,0.00040394486859440804
2026-05-14 16:18:02.476370+02:00,-0.00723141897469759
2026-05-14 16:18:02.491995+02:00,-0.012630532495677471
2026-05-14 16:18:02.507620+02:00,-0.01566844992339611
2026-05-14 16:18:02.523245+02:00,-0.016454774886369705
2026-05-14 16:18:02.538870+02:00,-0.01529591716825962
2026-05-14 16:18:02.554495+02:00,-0.012639578431844711
2026-05-14 16:18:02.570120+02:00,-0.00900733657181263
2026-05-14 16:18:02.585745+02:00,-0.004923383239656687
2026-05-14 16:18:02.601370+02:00,-0.0008503827266395092
2026-05-14 16:18:02.616995+02:00,0.002859280677512288
2026-05-14 16:18:02.632620+02:00,0.005991148762404919
2026-05-14 16:18:02.648245+02:00,0.008471914567053318
2026-05-14 16:18:02.663870+02:00,0.010350094176828861
2026-05-14 16:18:02.679495+02:00,0.011762473732233047
2026-05-14 16:18:02.695120+02:00,0.012896625325083733
2026-05-14 16:18:02.710745+02:00,0.013954399153590202
2026-05-14 16:18:02.726370+02:00,0.015118086710572243
2026-05-14 16:18:02.741995+02:00,0.016523437574505806
2026-05-14 16:18:02.757620+02:00,0.01824418269097805
2026-05-14 16:18:02.773245+02:00,0.02028992772102356
2026-05-14 16:18:02.788870+02:00,0.022615596652030945
2026-05-14 16:18:02.804495+02:00,0.025136204436421394
2026-05-14 16:18:02.820120+02:00,0.02774100750684738
2026-05-14 16:18:02.835745+02:00,0.03030301257967949
2026-05-14 16:18:02.851370+02:00,0.032673876732587814
2026-05-14 16:18:02.866995+02:00,0.0346560962498188
2026-05-14 16:18:02.882620+02:00,0.0359676256775856
2026-05-14 16:18:02.898245+02:00,0.03623166307806969
2026-05-14 16:18:02.913870+02:00,0.03501417487859726
2026-05-14 16:18:02.929495+02:00,0.03190656006336212
2026-05-14 16:18:02.945120+02:00,0.02662997506558895
2026-05-14 16:18:02.960745+02:00,0.019129173830151558
2026-05-14 16:18:02.976370+02:00,0.009626472368836403
2026-05-14 16:18:02.991995+02:00,-0.0013807360082864761
2026-05-14 16:18:03.007620+02:00,-0.01317757461220026
2026-05-14 16:18:03.023245+02:00,-0.024928448721766472
2026-05-14 16:18:03.038870+02:00,-0.03578834608197212
2026-05-14 16:18:03.054495+02:00,-0.04500493034720421
2026-05-14 16:18:03.070120+02:00,-0.05199848860502243
2026-05-14 16:18:03.085745+02:00,-0.05641382932662964
2026-05-14 16:18:03.101370+02:00,-0.05814044922590256
2026-05-14 16:18:03.116995+02:00,-0.0573025718331337
2026-05-14 16:18:03.132620+02:00,-0.054225265979766846
2026-05-14 16:18:03.148245+02:00,-0.0493830144405365
2026-05-14 16:18:03.163870+02:00,-0.04333658516407013
2026-05-14 16:18:03.179495+02:00,-0.03666514530777931
2026-05-14 16:18:03.195120+02:00,-0.029901856556534767
2026-05-14 16:18:03.210745+02:00,-0.02348041906952858
2026-05-14 16:18:03.226370+02:00,-0.01769944280385971
2026-05-14 16:18:03.241995+02:00,-0.012709255330264568
2026-05-14 16:18:03.257620+02:00,-0.008520370349287987
2026-05-14 16:18:03.273245+02:00,-0.00503007136285305
2026-05-14 16:18:03.288870+02:00,-0.0020621679723262787
2026-05-14 16:18:03.304495+02:00,0.0005899108946323395
2026-05-14 16:18:03.320120+02:00,0.0031273476779460907
2026-05-14 16:18:03.335745+02:00,0.0057201385498046875
2026-05-14 16:18:03.351370+02:00,0.008489426225423813
2026-05-14 16:18:03.366995+02:00,0.011498210951685905
2026-05-14 16:18:03.382620+02:00,0.014748267829418182
2026-05-14 16:18:03.398245+02:00,0.01817552000284195
2026-05-14 16:18:03.413870+02:00,0.021635524928569794
2026-05-14 16:18:03.429495+02:00,0.02488003671169281
2026-05-14 16:18:03.445120+02:00,0.02754298970103264
2026-05-14 16:18:03.460745+02:00,0.02916080504655838
2026-05-14 16:18:03.476370+02:00,0.02923651970922947
2026-05-14 16:18:03.491995+02:00,0.02733485773205757
2026-05-14 16:18:03.507620+02:00,0.023183703422546387
2026-05-14 16:18:03.523245+02:00,0.016755828633904457
2026-05-14 16:18:03.538870+02:00,0.008307844400405884
2026-05-14 16:18:03.554495+02:00,-0.0016358699649572372
2026-05-14 16:18:03.570120+02:00,-0.012349404394626617
2026-05-14 16:18:03.585745+02:00,-0.023003961890935898
2026-05-14 16:18:03.601370+02:00,-0.03277604654431343
2026-05-14 16:18:03.616995+02:00,-0.04094464331865311
2026-05-14 16:18:03.632620+02:00,-0.046965181827545166
2026-05-14 16:18:03.648245+02:00,-0.05051736533641815
2026-05-14 16:18:03.663870+02:00,-0.05152475833892822
2026-05-14 16:18:03.679495+02:00,-0.05014237016439438
2026-05-14 16:18:03.695120+02:00,-0.0467161163687706
2026-05-14 16:18:03.710745+02:00,-0.04172482341527939
2026-05-14 16:18:03.726370+02:00,-0.03571387752890587
2026-05-14 16:18:03.741995+02:00,-0.02922765538096428
2026-05-14 16:18:03.757620+02:00,-0.02274990640580654
2026-05-14 16:18:03.773245+02:00,-0.016661569476127625
2026-05-14 16:18:03.788870+02:00,-0.011218404397368431
2026-05-14 16:18:03.804495+02:00,-0.006545598618686199
2026-05-14 16:18:03.820120+02:00,-0.002647900953888893
2026-05-14 16:18:03.835745+02:00,0.0005668755620718002
2026-05-14 16:18:03.851370+02:00,0.0032570715993642807
2026-05-14 16:18:03.866995+02:00,0.005614981055259705
2026-05-14 16:18:03.882620+02:00,0.00783565267920494
2026-05-14 16:18:03.898245+02:00,0.010088814422488213
2026-05-14 16:18:03.913870+02:00,0.012497982010245323
2026-05-14 16:18:03.929495+02:00,0.015128592029213905
2026-05-14 16:18:03.945120+02:00,0.01798071898519993
2026-05-14 16:18:03.960745+02:00,0.020974881947040558
2026-05-14 16:18:03.976370+02:00,0.023926101624965668
2026-05-14 16:18:03.991995+02:00,0.026525789871811867
2026-05-14 16:18:04.007620+02:00,0.02835923805832863
2026-05-14 16:18:04.023245+02:00,0.02896585687994957
2026-05-14 16:18:04.038870+02:00,0.027929773554205894
2026-05-14 16:18:04.054495+02:00,0.024979060515761375
2026-05-14 16:18:04.070120+02:00,0.020065495744347572
2026-05-14 16:18:04.085745+02:00,0.013400154188275337
2026-05-14 16:18:04.101370+02:00,0.005436690524220467
2026-05-14 16:18:04.116995+02:00,-0.0031896140426397324
2026-05-14 16:18:04.132620+02:00,-0.01175111997872591
2026-05-14 16:18:04.148245+02:00,-0.019526368007063866
2026-05-14 16:18:04.163870+02:00,-0.0258895605802536
2026-05-14 16:18:04.179495+02:00,-0.03037838637828827
2026-05-14 16:18:04.195120+02:00,-0.032735347747802734
2026-05-14 16:18:04.210745+02:00,-0.032921627163887024
2026-05-14 16:18:04.226370+02:00,-0.03110315278172493
2026-05-14 16:18:04.241995+02:00,-0.027612410485744476
2026-05-14 16:18:04.257620+02:00,-0.022895103320479393
2026-05-14 16:18:04.273245+02:00,-0.017450792714953423
2026-05-14 16:18:04.288870+02:00,-0.011772038415074348
2026-05-14 16:18:04.304495+02:00,-0.006287255324423313
2026-05-14 16:18:04.320120+02:00,-0.0013176333159208298
2026-05-14 16:18:04.335745+02:00,0.002943906933069229
2026-05-14 16:18:04.351370+02:00,0.006431877613067627
2026-05-14 16:18:04.366995+02:00,0.00919087789952755
2026-05-14 16:18:04.382620+02:00,0.011348467320203781
2026-05-14 16:18:04.398245+02:00,0.013083666563034058
2026-05-14 16:18:04.413870+02:00,0.014594828709959984
2026-05-14 16:18:04.429495+02:00,0.016069956123828888
2026-05-14 16:18:04.445120+02:00,0.017661375924944878
2026-05-14 16:18:04.460745+02:00,0.01946818083524704
2026-05-14 16:18:04.476370+02:00,0.021530551835894585
2026-05-14 16:18:04.491995+02:00,0.023832181468605995
2026-05-14 16:18:04.507620+02:00,0.02629893831908703
2026-05-14 16:18:04.523245+02:00,0.028784826397895813
2026-05-14 16:18:04.538870+02:00,0.03105059638619423
2026-05-14 16:18:04.554495+02:00,0.03275652229785919
2026-05-14 16:18:04.570120+02:00,0.03349115699529648
2026-05-14 16:18:04.585745+02:00,0.03283882886171341
2026-05-14 16:18:04.601370+02:00,0.030467892065644264
2026-05-14 16:18:04.616995+02:00,0.026214879006147385
2026-05-14 16:18:04.632620+02:00,0.020143095403909683
2026-05-14 16:18:04.648245+02:00,0.012557987123727798
2026-05-14 16:18:04.663870+02:00,0.00397292897105217
2026-05-14 16:18:04.679495+02:00,-0.004963358864188194
2026-05-14 16:18:04.695120+02:00,-0.01355787180364132
2026-05-14 16:18:04.710745+02:00,-0.02116246521472931
2026-05-14 16:18:04.726370+02:00,-0.02724636346101761
2026-05-14 16:18:04.741995+02:00,-0.031446680426597595
2026-05-14 16:18:04.757620+02:00,-0.03359682112932205
2026-05-14 16:18:04.773245+02:00,-0.03373179957270622
2026-05-14 16:18:04.788870+02:00,-0.03206891193985939
2026-05-14 16:18:04.804495+02:00,-0.02896711602807045
2026-05-14 16:18:04.820120+02:00,-0.024872541427612305
2026-05-14 16:18:04.835745+02:00,-0.0202578604221344
2026-05-14 16:18:04.851370+02:00,-0.015564121305942535
2026-05-14 16:18:04.866995+02:00,-0.011152966879308224
2026-05-14 16:18:04.882620+02:00,-0.0072740670293569565
2026-05-14 16:18:04.898245+02:00,-0.004051916301250458
2026-05-14 16:18:04.913870+02:00,-0.0014936495572328568
2026-05-14 16:18:04.929495+02:00,0.00048756226897239685
2026-05-14 16:18:04.945120+02:00,0.0020404737442731857
2026-05-14 16:18:04.960745+02:00,0.003340158611536026
2026-05-14 16:18:04.976370+02:00,0.004556464031338692
2026-05-14 16:18:04.991995+02:00,0.005832720547914505
2026-05-14 16:18:05.007620+02:00,0.0072729941457509995
2026-05-14 16:18:05.023245+02:00,0.00893387384712696
2026-05-14 16:18:05.038870+02:00,0.010821541771292686
2026-05-14 16:18:05.054495+02:00,0.012895962223410606
2026-05-14 16:18:05.070120+02:00,0.015080126002430916
2026-05-14 16:18:05.085745+02:00,0.017265671864151955
2026-05-14 16:18:05.101370+02:00,0.019304148852825165
2026-05-14 16:18:05.116995+02:00,0.02098705992102623
2026-05-14 16:18:05.132620+02:00,0.022035017609596252
2026-05-14 16:18:05.148245+02:00,0.02211572416126728
2026-05-14 16:18:05.163870+02:00,0.020897312089800835
2026-05-14 16:18:05.179495+02:00,0.01812601089477539
2026-05-14 16:18:05.195120+02:00,0.013701196759939194
2026-05-14 16:18:05.210745+02:00,0.007722379639744759
2026-05-14 16:18:05.226370+02:00,0.000496959313750267
2026-05-14 16:18:05.241995+02:00,-0.007492274045944214
2026-05-14 16:18:05.257620+02:00,-0.01565287448465824
2026-05-14 16:18:05.273245+02:00,-0.023364685475826263
2026-05-14 16:18:05.288870+02:00,-0.030058765783905983
2026-05-14 16:18:05.304495+02:00,-0.03528089076280594
2026-05-14 16:18:05.320120+02:00,-0.03873475641012192
2026-05-14 16:18:05.335745+02:00,-0.04030393436551094
2026-05-14 16:18:05.351370+02:00,-0.040050309151411057
2026-05-14 16:18:05.366995+02:00,-0.03818917274475098
2026-05-14 16:18:05.382620+02:00,-0.03504940867424011
2026-05-14 16:18:05.398245+02:00,-0.031026968732476234
2026-05-14 16:18:05.413870+02:00,-0.02653501182794571
2026-05-14 16:18:05.429495+02:00,-0.0219555851072073
2026-05-14 16:18:05.445120+02:00,-0.017600009217858315
2026-05-14 16:18:05.460745+02:00,-0.013683543540537357
2026-05-14 16:18:05.476370+02:00,-0.010316310450434685
2026-05-14 16:18:05.491995+02:00,-0.007509654387831688
2026-05-14 16:18:05.507620+02:00,-0.005194529891014099
2026-05-14 16:18:05.523245+02:00,-0.0032467665150761604
2026-05-14 16:18:05.538870+02:00,-0.0015154341235756874
2026-05-14 16:18:05.554495+02:00,0.00014961324632167816
2026-05-14 16:18:05.570120+02:00,0.001875331625342369
2026-05-14 16:18:05.585745+02:00,0.003750719130039215
2026-05-14 16:18:05.601370+02:00,0.005821516737341881
2026-05-14 16:18:05.616995+02:00,0.008092409931123257
2026-05-14 16:18:05.632620+02:00,0.010531465522944927
2026-05-14 16:18:05.648245+02:00,0.013074840418994427
2026-05-14 16:18:05.663870+02:00,0.015631534159183502
2026-05-14 16:18:05.679495+02:00,0.01808205246925354
2026-05-14 16:18:05.695120+02:00,0.02026497945189476
2026-05-14 16:18:05.710745+02:00,0.021961748600006104
2026-05-14 16:18:05.726370+02:00,0.022899581119418144
2026-05-14 16:18:05.741995+02:00,0.022783096879720688
2026-05-14 16:18:05.757620+02:00,0.0213517677038908
2026-05-14 16:18:05.773245+02:00,0.018448147922754288
2026-05-14 16:18:05.788870+02:00,0.014073362573981285
2026-05-14 16:18:05.804495+02:00,0.00841258279979229
2026-05-14 16:18:05.820120+02:00,0.0018255915492773056
2026-05-14 16:18:05.835745+02:00,-0.00519611407071352
2026-05-14 16:18:05.851370+02:00,-0.012097012251615524
2026-05-14 16:18:05.866995+02:00,-0.018333032727241516
2026-05-14 16:18:05.882620+02:00,-0.02343875542283058
2026-05-14 16:18:05.898245+02:00,-0.027078192681074142
2026-05-14 16:18:05.913870+02:00,-0.02907462790608406
2026-05-14 16:18:05.929495+02:00,-0.029417265206575394
2026-05-14 16:18:05.945120+02:00,-0.028247158974409103
2026-05-14 16:18:05.960745+02:00,-0.025826221331954002
2026-05-14 16:18:05.976370+02:00,-0.022494547069072723
2026-05-14 16:18:05.991995+02:00,-0.018623879179358482
