Timestamp,Raw,Notch_50Hz,Butterworth,Final_Result,Artifact,SNR
466655,429,428.76,89.25,89.25,0,10.62
466660,434,433.14,106.93,106.93,0,10.62
466665,442,442.25,124.59,124.59,0,10.62
466670,452,452.86,142.15,142.15,0,10.62
466675,467,466.75,159.53,159.53,0,10.62
466680,489,488.15,176.66,176.66,0,10.62
466685,506,506.27,193.45,193.45,0,10.62
466690,529,529.85,209.79,209.79,0,10.62
466695,558,557.73,225.59,225.59,0,10.62
466700,593,592.18,240.75,240.75,0,10.62
466705,616,616.28,255.15,255.15,0,10.62
466710,642,642.8,268.7,268.7,0,10.62
466715,669,668.7,281.29,281.29,0,10.62
466720,695,694.23,292.81,292.81,0,10.62
466725,715,715.31,303.19,303.19,0,10.62
466730,734,734.73,312.33,312.33,0,10.62
466735,749,748.68,320.17,320.17,0,10.62
466740,762,761.3,326.64,326.64,0,10.62
466745,771,771.34,331.71,331.71,0,10.62
466750,777,777.67,335.34,335.34,0,10.62
466755,802,801.66,337.51,335.4,0,10.62
466760,779,778.35,338.23,335.4,0,10.62
466765,776,776.31,337.52,335.4,0,10.62
466770,770,770.62,335.4,335.4,0,10.62
466775,760,759.73,331.92,331.92,0,10.62
466780,751,750.4,327.14,327.14,0,10.62
466785,741,741.24,321.14,321.14,0,10.62
466790,727,727.57,313.98,313.98,0,10.62
466795,687,686.78,305.76,305.76,0,10.62
466800,700,699.44,296.57,296.57,0,10.62
466805,685,685.24,286.51,286.51,0,10.62
466810,675,675.54,275.66,275.66,0,10.62
466815,661,660.72,264.14,264.14,0,10.62
466820,648,647.47,252.05,252.05,0,10.62
466825,636,636.32,239.48,239.48,0,10.62
466830,625,625.52,226.53,226.53,0,10.62
466835,621,620.65,213.31,213.31,0,10.62
466840,602,601.49,199.91,199.91,0,10.62
466845,589,589.37,186.43,186.43,0,10.62
466850,576,576.5,172.95,172.95,0,10.62
466855,569,568.61,159.56,159.56,0,10.62
466860,555,554.51,146.35,146.35,0,10.62
466865,544,544.4,133.39,133.39,0,10.62
466870,533,533.48,120.75,120.75,0,10.62
466875,520,519.59,108.51,108.51,0,10.62
466880,510,509.52,96.72,96.72,0,10.62
466885,495,495.42,85.45,85.45,0,10.62
466890,485,485.47,74.73,74.73,0,10.62
466895,475,474.57,64.61,64.61,0,10.62
466900,471,470.54,55.12,55.12,0,10.62
466905,454,454.44,46.29,46.29,0,10.62
466910,452,452.44,38.14,38.14,0,10.62
466915,453,452.56,30.66,30.66,0,10.62
466920,443,442.58,23.87,23.87,0,10.62
466925,441,441.44,17.76,17.76,0,10.62
466930,440,440.4,12.3,12.3,0,10.62
466935,442,441.58,7.47,7.47,0,10.62
466940,439,438.61,3.26,3.26,0,10.62
466945,440,440.4,-0.39,-0.39,0,10.62
466950,445,445.38,-3.51,-3.51,0,10.62
466955,450,449.62,-6.14,-6.14,0,10.62
466960,449,448.63,-8.34,-8.34,0,10.62
466965,454,454.35,-10.15,-10.15,0,10.62
466970,451,451.36,-11.63,-11.63,0,10.62
466975,459,458.67,-12.83,-12.83,0,10.62
466980,466,465.66,-13.81,-13.81,0,10.62
466985,467,467.3,-14.61,-14.61,0,10.62
466990,471,471.32,-15.29,-15.29,0,10.62
466995,470,469.72,-15.9,-15.9,0,10.62
467000,471,470.7,-16.48,-16.48,0,10.62
467005,472,472.26,-17.07,-17.07,0,10.62
467010,475,475.29,-17.7,-17.7,0,10.62
467015,472,471.75,-18.42,-18.42,0,10.62
467020,471,470.72,-19.25,-19.25,0,10.62
467025,469,469.23,-20.21,-20.21,0,10.62
467030,468,468.27,-21.32,-21.32,0,10.62
467035,466,465.79,-22.6,-22.6,0,10.62
467040,465,464.73,-24.06,-24.06,0,10.62
467045,464,464.19,-25.71,-25.71,0,10.62
467050,461,461.26,-27.55,-27.55,0,10.62
467055,456,455.82,-29.58,-29.58,0,10.62
467060,453,452.74,-31.8,-31.8,0,10.62
467065,451,451.17,-34.21,-34.21,0,10.62
467070,449,449.26,-36.79,-36.79,0,10.62
467075,445,444.84,-39.53,-39.53,0,10.62
467080,441,440.74,-42.43,-42.43,0,10.62
467085,440,440.16,-45.47,-45.47,0,10.62
467090,436,436.27,-48.64,-48.64,0,10.62
467095,433,432.85,-51.91,-51.91,0,10.62
467100,434,433.72,-55.27,-55.27,0,10.62
467105,432,432.15,-58.7,-58.7,0,10.62
467110,429,429.28,-62.19,-62.19,0,10.62
467115,427,426.85,-65.71,-65.71,0,10.62
467120,426,425.71,-69.24,-69.24,0,10.62
467125,425,425.16,-72.76,-72.76,0,10.62
467130,423,423.29,-76.25,-76.25,0,10.62
467135,423,422.84,-79.68,-79.68,0,10.62
467140,421,420.7,-83.02,-83.02,0,10.62
467145,420,420.17,-86.26,-86.26,0,10.62
467150,423,423.3,-89.36,-89.36,0,10.62
467155,421,420.83,-92.3,-92.3,0,10.62
467160,419,418.68,-95.04,-95.04,0,10.62
467165,419,419.17,-97.55,-97.55,0,10.62
467170,416,416.33,-99.81,-99.81,0,10.62
467175,419,418.83,-101.76,-101.76,0,10.62
467180,419,418.66,-103.39,-103.39,0,10.62
467185,419,419.17,-104.65,-104.65,0,10.62
467190,413,413.35,-105.5,-105.21,0,10.62
467195,421,420.83,-105.9,-105.21,0,10.62
467200,423,422.65,-105.82,-105.21,0,10.62
467205,421,421.17,-105.21,-105.21,0,10.62
467210,419,419.34,-104.03,-104.03,0,10.62
467215,420,419.83,-102.25,-102.25,0,10.62
467220,421,420.68,-99.82,-99.82,0,10.62
467225,419,419.17,-96.71,-96.71,0,10.62
467230,421,421.3,-92.88,-92.88,0,10.62
467235,421,420.83,-88.3,-88.3,0,10.62
467240,421,420.71,-82.94,-82.94,0,10.62
467245,420,420.17,-76.77,-76.77,0,10.62
467250,421,421.28,-69.79,-69.79,0,10.62
467255,421,420.84,-61.99,-61.99,0,10.62
467260,423,422.74,-53.36,-53.36,0,10.62
467265,423,423.16,-43.91,-43.91,0,10.62
467270,425,425.25,-33.67,-33.67,0,10.62
467275,430,429.84,-22.67,-22.67,0,10.62
467280,438,437.77,-10.95,-10.95,0,10.62
467285,449,449.16,1.41,1.41,0,10.62
467290,466,466.22,14.34,14.34,0,10.62
467295,482,481.85,27.75,27.75,0,10.62
467300,506,505.8,41.53,41.53,0,10.62
467305,530,530.16,55.57,55.57,0,10.62
467310,559,559.19,69.73,69.73,0,10.62
467315,589,588.84,83.88,83.88,0,10.62
467320,619,618.82,97.88,97.88,0,10.62
467325,649,649.16,111.57,111.57,0,10.62
467330,675,675.16,124.81,124.81,0,10.62
467335,701,700.84,137.46,137.46,0,10.62
467340,725,724.85,149.39,149.39,0,10.62
467345,743,743.16,160.46,160.46,0,10.62
467350,759,759.13,170.56,170.56,0,10.62
467355,774,773.84,179.59,179.59,0,10.62
467360,785,784.88,187.46,187.46,0,10.62
467365,791,791.16,194.1,194.1,0,10.62
467370,796,796.09,199.45,199.45,0,10.62
467375,794,793.83,203.48,203.48,0,10.62
467380,793,792.92,206.16,206.13,0,10.62
467385,789,789.17,207.48,206.13,0,10.62
467390,782,782.06,207.47,206.13,0,10.62
467395,774,773.82,206.13,206.13,0,10.62
467400,763,762.96,203.52,203.52,0,10.62
467405,752,752.19,199.68,199.68,0,10.62
467410,741,741.03,194.67,194.67,0,10.62
467415,729,728.81,188.56,188.56,0,10.62
467420,716,715.99,181.44,181.44,0,10.62
467425,704,704.2,173.38,173.38,0,10.62
467430,690,690.0,164.47,164.47,0,10.62
467435,678,677.8,154.81,154.81,0,10.62
467440,660,660.02,144.49,144.49,0,10.62
467445,655,655.21,133.61,133.61,0,10.62
467450,640,639.98,122.26,122.26,0,10.62
467455,627,626.77,110.55,110.55,0,10.62
467460,615,615.02,98.56,98.56,0,10.62
467465,598,598.24,86.4,86.4,0,10.62
467470,594,593.98,74.14,74.14,0,10.62
467475,583,582.75,61.88,61.88,0,10.62
467480,570,570.02,49.71,49.71,0,10.62
467485,558,558.24,37.7,37.7,0,10.62
467490,545,544.98,25.93,25.93,0,10.62
467495,534,533.76,14.48,14.48,0,10.62
467500,521,521.02,3.4,3.4,0,10.62
467505,504,504.24,-7.22,-7.22,0,10.62
467510,494,493.98,-17.35,-17.35,0,10.62
467515,483,482.77,-26.92,-26.92,0,10.62
467520,472,472.02,-35.9,-35.9,0,10.62
467525,463,463.22,-44.25,-44.25,0,10.62
467530,454,453.97,-51.93,-51.93,0,10.62
467535,450,449.8,-58.95,-58.95,0,10.62
467540,440,440.03,-65.27,-65.27,0,10.62
467545,438,438.19,-70.9,-70.9,0,10.62
467550,433,432.97,-75.85,-75.85,0,10.62
467555,432,431.83,-80.12,-80.12,0,10.62
467560,432,432.04,-83.74,-83.74,0,10.62
467565,431,431.16,-86.74,-86.74,0,10.62
467570,434,433.96,-89.15,-89.15,0,10.62
467575,436,435.85,-91.02,-91.02,0,10.62
467580,438,438.04,-92.38,-92.38,0,10.62
467585,442,442.13,-93.28,-93.28,0,10.62
467590,444,443.96,-93.78,-93.38,0,10.62
467595,450,449.88,-93.93,-93.38,0,10.62
467600,451,451.05,-93.78,-93.38,0,10.62
467605,455,455.1,-93.38,-93.38,0,10.62
467610,457,456.95,-92.8,-92.8,0,10.62
467615,460,459.92,-92.07,-92.07,0,10.62
467620,462,462.05,-91.26,-91.26,0,10.62
467625,461,461.06,-90.4,-90.4,0,10.62
467630,464,463.94,-89.53,-89.53,0,10.62
467635,462,461.96,-88.7,-88.7,0,10.62
467640,465,465.07,-87.94,-87.94,0,10.62
467645,465,465.02,-87.29,-87.29,0,10.62
467650,463,462.93,-86.76,-86.76,0,10.62
467655,460,459.99,-86.38,-86.38,0,10.62
467660,459,459.08,-86.17,-86.38,0,10.62
467665,458,458.0,-86.15,-86.38,0,10.62
467670,457,456.92,-86.32,-86.38,0,10.62
467675,454,454.01,-86.68,-86.68,0,10.62
467680,452,452.09,-87.25,-87.25,0,10.62
467685,450,449.98,-88.02,-88.02,0,10.62
467690,447,446.91,-88.99,-88.99,0,10.62
467695,446,446.03,-90.14,-90.14,0,10.62
467700,442,442.1,-91.48,-91.48,0,10.62
467705,438,437.96,-92.99,-92.99,0,10.62
467710,436,435.9,-94.65,-94.65,0,10.62
467715,433,433.05,-96.45,-96.45,0,10.62
467720,431,431.11,-98.37,-98.37,0,10.62
467725,427,426.93,-100.39,-100.39,0,10.62
467730,426,425.89,-102.5,-102.5,0,10.62
467735,423,423.08,-104.66,-104.66,0,10.62
467740,423,423.12,-106.86,-106.86,0,10.62
467745,421,420.9,-109.08,-109.08,0,10.62
467750,420,419.87,-111.29,-111.29,0,10.62
467755,416,416.11,-113.46,-113.46,0,10.62
467760,417,417.14,-115.58,-115.58,0,10.62
467765,418,417.88,-117.6,-117.6,0,10.62
467770,417,416.86,-119.52,-119.52,0,10.62
467775,417,417.13,-121.29,-121.29,0,10.62
467780,418,418.15,-122.88,-122.88,0,10.62
467785,428,427.87,-124.28,-124.28,0,10.62
467790,416,415.84,-125.43,-125.43,0,10.62
467795,417,417.11,-126.32,-126.32,0,10.62
467800,415,415.17,-126.89,-126.36,0,10.62
467805,415,414.91,-127.11,-126.36,0,10.62
467810,416,415.82,-126.95,-126.36,0,10.62
467815,417,417.07,-126.36,-126.36,0,10.62
467820,416,416.19,-125.3,-125.3,0,10.62
467825,419,418.94,-123.73,-123.73,0,10.62
467830,418,417.8,-121.61,-121.61,0,10.62
467835,420,420.04,-118.91,-118.91,0,10.62
467840,418,418.21,-115.57,-115.57,0,10.62
467845,418,417.98,-111.56,-111.56,0,10.62
467850,419,418.78,-106.84,-106.84,0,10.62
467855,417,417.01,-101.4,-101.4,0,10.62
467860,419,419.23,-95.18,-95.18,0,10.62
467865,419,419.01,-88.19,-88.19,0,10.62
467870,430,429.77,-80.39,-80.39,0,10.62
467875,422,421.97,-71.77,-71.77,0,10.62
467880,418,418.22,-62.35,-62.35,0,10.62
467885,422,422.04,-52.12,-52.12,0,10.62
467890,425,424.81,-41.11,-41.11,0,10.62
467895,431,430.95,-29.34,-29.34,0,10.62
467900,437,437.17,-16.87,-16.87,0,10.62
467905,450,450.07,-3.76,-3.76,0,10.62
467910,464,463.86,9.92,9.92,0,10.62
467915,482,481.93,24.08,24.08,0,10.62
467920,505,505.11,38.61,38.61,0,10.62
467925,530,530.09,53.4,53.4,0,10.62
467930,558,557.92,68.33,68.33,0,10.62
467935,588,587.89,83.25,83.25,0,10.62
467940,618,618.06,98.03,98.03,0,10.62
467945,648,648.12,112.52,112.52,0,10.62
467950,673,672.96,126.58,126.58,0,10.62
467955,700,699.86,140.07,140.07,0,10.62
467960,723,723.01,152.86,152.86,0,10.62
467965,743,743.15,164.81,164.81,0,10.62
467970,761,761.0,175.82,175.82,0,10.62
467975,773,772.83,185.78,185.78,0,10.62
467980,785,784.97,194.61,194.61,0,10.62
467985,789,789.19,202.23,202.23,0,10.62
467990,792,792.04,208.59,208.59,0,10.62
467995,791,790.79,213.64,213.64,0,10.62
468000,791,790.94,217.38,217.38,0,10.62
468005,788,788.23,219.78,219.11,0,10.62
468010,783,783.08,220.85,219.11,0,10.62
468015,775,774.74,220.62,219.11,0,10.62
468020,765,764.9,219.11,219.11,0,10.62
468025,755,755.28,216.38,216.38,0,10.62
468030,742,742.12,212.47,212.47,0,10.62
468035,736,735.69,207.44,207.44,0,10.62
468040,725,724.86,201.37,201.37,0,10.62
468045,710,710.33,194.34,194.34,0,10.62
468050,700,700.15,186.41,186.41,0,10.62
468055,687,686.65,177.69,177.69,0,10.62
468060,677,676.84,168.25,168.25,0,10.62
468065,664,664.37,158.18,158.18,0,10.62
468070,654,654.17,147.58,147.58,0,10.62
468075,642,641.61,136.53,136.53,0,10.62
468080,631,630.82,125.13,125.13,0,10.62
468085,619,619.41,113.45,113.45,0,10.62
468090,609,609.19,101.6,101.6,0,10.62
468095,598,597.57,89.65,89.65,0,10.62
468100,586,585.8,77.68,77.68,0,10.62
468105,573,573.45,65.79,65.79,0,10.62
468110,560,560.21,54.04,54.04,0,10.62
468115,548,547.53,42.51,42.51,0,10.62
468120,537,536.78,31.27,31.27,0,10.62
468125,515,515.49,20.39,20.39,0,10.62
468130,507,507.23,9.93,9.93,0,10.62
468135,494,493.5,-0.06,-0.06,0,10.62
468140,480,479.77,-9.52,-9.52,0,10.62
468145,471,471.51,-18.41,-18.41,0,10.62
468150,462,462.24,-26.7,-26.7,0,10.62
468155,455,454.49,-34.37,-34.37,0,10.62
468160,449,448.75,-41.39,-41.39,0,10.62
468165,442,442.52,-47.74,-47.74,0,10.62
468170,439,439.26,-53.44,-53.44,0,10.62
468175,434,433.47,-58.49,-58.49,0,10.62
468180,435,434.73,-62.89,-62.89,0,10.62
468185,432,432.54,-66.67,-66.67,0,10.62
468190,431,431.28,-69.84,-69.84,0,10.62
468195,434,433.45,-72.46,-72.46,0,10.62
468200,437,436.72,-74.54,-74.54,0,10.62
468205,436,436.57,-76.13,-76.13,0,10.62
468210,439,439.28,-77.28,-77.28,0,10.62
468215,445,444.42,-78.02,-78.02,0,10.62
468220,445,444.72,-78.42,-78.02,0,10.62
468225,447,447.58,-78.51,-78.02,0,10.62
468230,449,449.27,-78.35,-78.02,0,10.62
468235,449,448.41,-77.97,-77.97,0,10.62
468240,454,453.73,-77.44,-77.44,0,10.62
468245,457,457.6,-76.78,-76.78,0,10.62
468250,457,457.27,-76.05,-76.05,0,10.62
468255,458,457.37,-75.28,-75.28,0,10.62
468260,457,456.73,-74.51,-74.51,0,10.62
468265,458,458.65,-73.76,-73.76,0,10.62
468270,457,457.27,-73.07,-73.07,0,10.62
468275,458,457.33,-72.46,-72.46,0,10.62
468280,455,454.73,-71.94,-71.94,0,10.62
468285,444,444.69,-71.54,-71.54,0,10.62
468290,451,451.27,-71.27,-71.32,0,10.62
468295,450,449.31,-71.14,-71.32,0,10.62
468300,448,447.73,-71.15,-71.32,0,10.62
468305,446,446.69,-71.32,-71.32,0,10.62
468310,448,448.28,-71.63,-71.63,0,10.62
468315,445,444.31,-72.11,-72.11,0,10.62
468320,445,444.71,-72.73,-72.73,0,10.62
468325,439,439.68,-73.49,-73.49,0,10.62
468330,438,438.29,-74.4,-74.4,0,10.62
468335,431,430.32,-75.43,-75.43,0,10.62
468340,431,430.7,-76.58,-76.58,0,10.62
468345,429,429.69,-77.84,-77.84,0,10.62
468350,425,425.31,-79.2,-79.2,0,10.62
468355,426,425.3,-80.65,-80.65,0,10.62
468360,421,420.69,-82.17,-82.17,0,10.62
468365,421,421.71,-83.75,-83.75,0,10.62
468370,418,418.32,-85.38,-85.38,0,10.62
468375,416,415.28,-87.05,-87.05,0,10.62
468380,417,416.67,-88.75,-88.75,0,10.62
468385,413,413.73,-90.46,-90.46,0,10.62
468390,411,411.34,-92.18,-92.18,0,10.62
468395,411,410.25,-93.9,-93.9,0,10.62
468400,414,413.66,-95.61,-95.61,0,10.62
468405,405,405.77,-97.3,-97.3,0,10.62
468410,406,406.33,-98.95,-98.95,0,10.62
468415,403,402.22,-100.57,-100.57,0,10.62
468420,403,402.68,-102.14,-102.14,0,10.62
468425,402,402.8,-103.65,-103.65,0,10.62
468430,403,403.32,-105.11,-105.11,0,10.62
468435,404,403.18,-106.5,-106.5,0,10.62
468440,403,402.69,-107.81,-107.81,0,10.62
468445,386,386.82,-109.04,-109.04,0,10.62
468450,405,405.31,-110.19,-110.19,0,10.62
468455,405,404.2,-111.24,-111.24,0,10.62
468460,406,405.69,-112.19,-112.19,0,10.62
468465,407,407.78,-113.03,-113.03,0,10.62
468470,407,407.31,-113.75,-113.75,0,10.62
468475,410,409.25,-114.35,-114.35,0,10.62
468480,411,410.69,-114.81,-114.81,0,10.62
468485,412,412.73,-115.11,-114.9,0,10.62
468490,411,411.3,-115.24,-114.9,0,10.62
468495,417,416.29,-115.18,-114.9,0,10.62
468500,416,415.7,-114.9,-114.9,0,10.62
468505,414,414.68,-114.38,-114.38,0,10.62
468510,422,422.3,-113.6,-113.6,0,10.62
468515,419,418.35,-112.52,-112.52,0,10.62
468520,422,421.7,-111.12,-111.12,0,10.62
468525,424,424.62,-109.34,-109.34,0,10.62
468530,424,424.3,-107.17,-107.17,0,10.62
468535,428,427.41,-104.56,-104.56,0,10.62
468540,428,427.7,-101.47,-101.47,0,10.62
468545,429,429.56,-97.86,-97.86,0,10.62
468550,430,430.3,-93.69,-93.69,0,10.62
468555,427,426.46,-88.91,-88.91,0,10.62
468560,428,427.69,-83.5,-83.5,0,10.62
468565,429,429.52,-77.4,-77.4,0,10.62
468570,424,424.31,-70.59,-70.59,0,10.62
468575,431,430.5,-63.04,-63.04,0,10.62
468580,430,429.69,-54.72,-54.72,0,10.62
468585,428,428.48,-45.63,-45.63,0,10.62
468590,430,430.31,-35.75,-35.75,0,10.62
468595,430,429.54,-25.09,-25.09,0,10.62
468600,429,428.7,-13.67,-13.67,0,10.62
468605,438,438.44,-1.52,-1.52,0,10.62
468610,445,445.31,11.33,11.33,0,10.62
468615,459,458.58,24.8,24.8,0,10.62
468620,475,474.69,38.83,38.83,0,10.62
468625,492,492.41,53.33,53.33,0,10.62
468630,524,524.33,68.18,68.18,0,10.62
468635,550,549.63,83.27,83.27,0,10.62
468640,576,575.66,98.47,98.47,0,10.62
468645,610,610.35,113.65,113.65,0,10.62
468650,635,635.36,128.65,128.65,0,10.62
468655,672,671.68,143.34,143.34,0,10.62
468660,700,699.62,157.57,157.57,0,10.62
468665,725,725.28,171.2,171.2,0,10.62
468670,747,747.38,184.09,184.09,0,10.62
468675,768,767.74,196.12,196.12,0,10.62
468680,783,782.6,207.18,207.18,0,10.62
468685,796,796.22,217.17,217.17,0,10.62
468690,804,804.4,225.99,225.99,0,10.62
468695,810,809.81,233.59,233.59,0,10.62
468700,813,812.59,239.9,239.9,0,10.62
468705,814,814.16,244.9,244.9,0,10.62
468710,799,799.41,248.56,248.56,0,10.62
468715,808,807.86,250.87,249.84,0,10.62
468720,799,798.6,251.83,249.84,0,10.62
468725,814,814.12,251.48,249.84,0,10.62
468730,785,785.39,249.84,249.84,0,10.62
468735,773,772.86,246.95,246.95,0,10.62
468740,764,763.63,242.87,242.87,0,10.62
468745,753,753.17,237.65,237.65,0,10.62
468750,743,743.36,231.38,231.38,0,10.62
468755,734,733.8,224.13,224.13,0,10.62
468760,718,717.64,215.97,215.97,0,10.62
468765,709,709.22,206.98,206.98,0,10.62
468770,698,698.35,197.25,197.25,0,10.62
468775,687,686.75,186.87,186.87,0,10.62
468780,676,675.65,175.93,175.93,0,10.62
468785,663,663.27,164.5,164.5,0,10.62
468790,653,653.35,152.68,152.68,0,10.62
468795,643,642.7,140.56,140.56,0,10.62
468800,633,632.65,128.21,128.21,0,10.62
468805,619,619.32,115.72,115.72,0,10.62
468810,608,608.35,103.17,103.17,0,10.62
468815,598,597.66,90.64,90.64,0,10.62
468820,584,583.66,78.22,78.22,0,10.62
468825,571,571.35,65.96,65.96,0,10.62
468830,557,557.34,53.95,53.95,0,10.62
468835,542,541.63,42.26,42.26,0,10.62
468840,528,527.66,30.94,30.94,0,10.62
468845,513,513.39,20.06,20.06,0,10.62
468850,501,501.34,9.66,9.66,0,10.62
468855,489,488.59,-0.19,-0.19,0,10.62
468860,479,478.67,-9.47,-9.47,0,10.62
468865,468,468.43,-18.14,-18.14,0,10.62
468870,459,459.33,-26.17,-26.17,0,10.62
468875,453,452.55,-33.55,-33.55,0,10.62
468880,445,444.67,-40.27,-40.27,0,10.62
468885,444,444.47,-46.32,-46.32,0,10.62
468890,438,438.33,-51.72,-51.72,0,10.62
468895,438,437.5,-56.47,-56.47,0,10.62
468900,440,439.67,-60.6,-60.6,0,10.62
468905,438,438.52,-64.14,-64.14,0,10.62
468910,439,439.32,-67.11,-67.11,0,10.62
468915,439,438.45,-69.56,-69.56,0,10.62
468920,436,435.68,-71.52,-71.52,0,10.62
468925,440,440.58,-73.04,-73.04,0,10.62
468930,444,444.33,-74.16,-74.16,0,10.62
468935,443,442.39,-74.94,-74.94,0,10.62
468940,446,445.66,-75.43,-75.43,0,10.62
468945,454,454.65,-75.67,-75.43,0,10.62
468950,448,448.35,-75.71,-75.43,0,10.62
468955,472,471.31,-75.6,-75.43,0,10.62
468960,450,449.63,-75.39,-75.39,0,10.62
468965,453,453.7,-75.12,-75.12,0,10.62
468970,453,453.38,-74.82,-74.82,0,10.62
468975,453,452.3,-74.53,-74.53,0,10.62
468980,452,451.6,-74.28,-74.28,0,10.62
468985,455,455.7,-74.1,-74.24,0,10.62
468990,448,448.42,-74.02,-74.24,0,10.62
468995,450,449.29,-74.06,-74.24,0,10.62
469000,449,448.57,-74.24,-74.24,0,10.62
469005,447,447.72,-74.57,-74.57,0,10.62
469010,444,444.45,-75.06,-75.06,0,10.62
469015,466,465.28,-75.73,-75.73,0,10.62
469020,442,441.54,-76.58,-76.58,0,10.62
469025,440,440.69,-77.6,-77.6,0,10.62
469030,437,437.47,-78.8,-78.8,0,10.62
469035,436,435.35,-80.17,-80.17,0,10.62
469040,434,433.52,-81.7,-81.7,0,10.62
469045,430,430.61,-83.39,-83.39,0,10.62
469050,429,429.49,-85.21,-85.21,0,10.62
469055,424,423.43,-87.15,-87.15,0,10.62
469060,426,425.5,-89.2,-89.2,0,10.62
469065,423,423.54,-91.34,-91.34,0,10.62
469070,417,417.51,-93.54,-93.54,0,10.62
469075,419,418.49,-95.8,-95.8,0,10.62
469080,418,417.49,-98.08,-98.08,0,10.62
469085,415,415.48,-100.36,-100.36,0,10.62
469090,417,417.51,-102.61,-102.61,0,10.62
469095,412,411.55,-104.82,-104.82,0,10.62
469100,413,412.48,-106.95,-106.95,0,10.62
469105,412,412.42,-108.97,-108.97,0,10.62
469110,412,412.53,-110.86,-110.86,0,10.62
469115,412,411.6,-112.57,-112.57,0,10.62
469120,410,409.46,-114.09,-114.09,0,10.62
469125,411,411.37,-115.36,-115.36,0,10.62
469130,414,414.56,-116.36,-116.36,0,10.62
469135,404,403.65,-117.06,-116.88,0,10.62
469140,410,409.42,-117.4,-116.88,0,10.62
469145,411,411.34,-117.35,-116.88,0,10.62
469150,413,413.61,-116.88,-116.88,0,10.62
469155,413,412.66,-115.94,-115.94,0,10.62
469160,415,414.35,-114.49,-114.49,0,10.62
469165,413,413.33,-112.49,-112.49,0,10.62
469170,406,406.68,-109.9,-109.9,0,10.62
469175,412,411.67,-106.68,-106.68,0,10.62
469180,412,411.31,-102.8,-102.8,0,10.62
469185,412,412.33,-98.22,-98.22,0,10.62
469190,412,412.71,-92.91,-92.91,0,10.62
469195,411,410.67,-86.85,-86.85,0,10.62
469200,411,410.27,-80.01,-80.01,0,10.62
469205,411,411.33,-72.39,-72.39,0,10.62
469210,414,414.75,-63.98,-63.98,0,10.62
469215,415,414.67,-54.78,-54.78,0,10.62
469220,417,416.22,-44.8,-44.8,0,10.62
469225,415,415.33,-34.08,-34.08,0,10.62
469230,429,429.82,-22.66,-22.66,0,10.62
469235,437,436.69,-10.57,-10.57,0,10.62
469240,450,449.15,2.1,2.1,0,10.62
469245,465,465.3,15.28,15.28,0,10.62
469250,459,459.87,28.88,28.88,0,10.62
469255,506,505.72,42.78,42.78,0,10.62
469260,533,532.15,56.88,56.88,0,10.62
469265,563,563.27,71.04,71.04,0,10.62
469270,588,588.83,85.12,85.12,0,10.62
469275,623,622.73,98.99,98.99,0,10.62
469280,646,645.2,112.51,112.51,0,10.62
469285,668,668.25,125.53,125.53,0,10.62
469290,691,691.76,137.93,137.93,0,10.62
469295,708,707.77,149.58,149.58,0,10.62
469300,730,729.27,160.36,160.36,0,10.62
469305,744,744.22,170.17,170.17,0,10.62
469310,755,755.7,178.91,178.91,0,10.62
469315,764,763.79,186.51,186.51,0,10.62
469320,770,769.33,192.9,192.9,0,10.62
469325,770,770.2,198.04,198.04,0,10.62
469330,770,770.63,201.89,201.89,0,10.62
469335,769,768.81,204.45,204.37,0,10.62
469340,764,763.4,205.7,204.37,0,10.62
469345,757,757.17,205.67,204.37,0,10.62
469350,752,752.57,204.37,204.37,0,10.62
469355,740,739.84,201.85,201.85,0,10.62
469360,729,728.45,198.17,198.17,0,10.62
469365,721,721.15,193.36,193.36,0,10.62
469370,702,702.52,187.52,187.52,0,10.62
469375,696,695.86,180.71,180.71,0,10.62
469380,683,682.5,173.01,173.01,0,10.62
469385,675,675.14,164.5,164.5,0,10.62
469390,660,660.47,155.28,155.28,0,10.62
469395,648,647.86,145.44,145.44,0,10.62
469400,636,635.56,135.06,135.06,0,10.62
469405,625,625.14,124.25,124.25,0,10.62
469410,613,613.41,113.09,113.09,0,10.62
469415,600,599.86,101.67,101.67,0,10.62
469420,590,589.61,90.1,90.1,0,10.62
469425,580,580.15,78.44,78.44,0,10.62
469430,567,567.36,66.8,66.8,0,10.62
469435,555,554.84,55.25,55.25,0,10.62
469440,541,540.66,43.87,43.87,0,10.62
469445,529,529.18,32.74,32.74,0,10.62
469450,515,515.32,21.94,21.94,0,10.62
469455,504,503.81,11.52,11.52,0,10.62
469460,489,488.7,1.55,1.55,0,10.62
469465,477,477.2,-7.91,-7.91,0,10.62
469470,466,466.29,-16.83,-16.83,0,10.62
469475,457,456.8,-25.15,-25.15,0,10.62
469480,450,449.73,-32.85,-32.85,0,10.62
469485,441,441.21,-39.91,-39.91,0,10.62
469490,436,436.25,-46.31,-46.31,0,10.62
469495,432,431.78,-52.04,-52.04,0,10.62
469500,428,427.77,-57.11,-57.11,0,10.62
469505,427,427.23,-61.53,-61.53,0,10.62
469510,426,426.21,-65.31,-65.31,0,10.62
469515,424,423.76,-68.48,-68.48,0,10.62
469520,428,427.81,-71.08,-71.08,0,10.62
469525,430,430.25,-73.13,-73.13,0,10.62
469530,431,431.17,-74.69,-74.69,0,10.62
469535,435,434.73,-75.79,-75.79,0,10.62
469540,437,436.84,-76.49,-76.49,0,10.62
469545,439,439.28,-76.84,-76.49,0,10.62
469550,441,441.13,-76.89,-76.49,0,10.62
469555,445,444.7,-76.7,-76.49,0,10.62
469560,445,444.88,-76.3,-76.3,0,10.62
469565,451,451.32,-75.77,-75.77,0,10.62
469570,451,451.1,-75.14,-75.14,0,10.62
469575,456,455.66,-74.46,-74.46,0,10.62
469580,456,455.92,-73.78,-73.78,0,10.62
469585,456,456.35,-73.13,-73.13,0,10.62
469590,457,457.06,-72.56,-72.56,0,10.62
469595,455,454.63,-72.1,-72.1,0,10.62
469600,454,453.96,-71.76,-71.76,0,10.62
469605,455,455.39,-71.58,-71.76,0,10.62
469610,456,456.03,-71.57,-71.76,0,10.62
469615,450,449.59,-71.75,-71.76,0,10.62
469620,448,447.98,-72.13,-72.13,0,10.62
469625,447,447.44,-72.72,-72.72,0,10.62
469630,445,445.02,-73.5,-73.5,0,10.62
469635,442,441.53,-74.49,-74.49,0,10.62
469640,443,442.98,-75.67,-75.67,0,10.62
469645,440,440.5,-77.05,-77.05,0,10.62
469650,438,438.01,-78.59,-78.59,0,10.62
469655,436,435.47,-80.29,-80.29,0,10.62
469660,435,434.99,-82.14,-82.14,0,10.62
469665,433,433.57,-84.09,-84.09,0,10.62
469670,431,431.0,-86.14,-86.14,0,10.62
469675,431,430.39,-88.25,-88.25,0,10.62
469680,428,428.01,-90.4,-90.4,0,10.62
469685,425,425.64,-92.54,-92.54,0,10.62
469690,424,423.98,-94.64,-94.64,0,10.62
469695,429,428.32,-96.67,-96.67,0,10.62
469700,420,420.03,-98.58,-98.58,0,10.62
469705,419,419.7,-100.33,-100.33,0,10.62
469710,419,418.96,-101.88,-101.88,0,10.62
469715,417,416.28,-103.18,-103.18,0,10.62
469720,416,416.04,-104.17,-104.17,0,10.62
469725,414,414.74,-104.83,-104.23,0,10.62
469730,415,414.95,-105.09,-104.23,0,10.62
469735,414,413.24,-104.9,-104.23,0,10.62
469740,412,412.05,-104.23,-104.23,0,10.62
469745,413,413.79,-103.01,-103.01,0,10.62
469750,411,410.95,-101.2,-101.2,0,10.62
469755,410,409.19,-98.77,-98.77,0,10.62
469760,409,409.05,-95.66,-95.66,0,10.62
469765,408,408.84,-91.83,-91.83,0,10.62
469770,407,406.95,-87.26,-87.26,0,10.62
469775,406,405.13,-81.91,-81.91,0,10.62
469780,406,406.06,-75.77,-75.77,0,10.62
469785,406,406.91,-68.81,-68.81,0,10.62
469790,408,407.94,-61.04,-61.04,0,10.62
469795,408,407.05,-52.45,-52.45,0,10.62
469800,408,408.06,-43.06,-43.06,0,10.62
469805,416,416.99,-32.9,-32.9,0,10.62
469810,420,419.95,-22.01,-22.01,0,10.62
469815,427,425.97,-10.43,-10.43,0,10.62
469820,442,442.04,1.75,1.75,0,10.62
469825,456,457.09,14.45,14.45,0,10.62
469830,475,474.96,27.59,27.59,0,10.62
469835,521,519.87,41.05,41.05,0,10.62
469840,521,521.03,54.72,54.72,0,10.62
469845,549,550.14,68.46,68.46,0,10.62
469850,577,576.97,82.15,82.15,0,10.62
469855,604,602.86,95.64,95.64,0,10.62
469860,632,632.02,108.79,108.79,0,10.62
469865,657,658.15,121.48,121.48,0,10.62
469870,679,678.98,133.56,133.56,0,10.62
469875,700,698.84,144.91,144.91,0,10.62
469880,718,718.01,155.41,155.41,0,10.62
469885,731,732.16,164.95,164.95,0,10.62
469890,743,742.99,173.45,173.45,0,10.62
469895,751,749.82,180.82,180.82,0,10.62
469900,756,756.01,187.0,187.0,0,10.62
469905,758,759.19,191.95,191.95,0,10.62
469910,757,756.99,195.62,195.62,0,10.62
469915,777,775.8,198.0,197.48,0,10.62
469920,748,748.0,199.09,197.48,0,10.62
469925,742,743.17,198.91,197.48,0,10.62
469930,735,735.0,197.48,197.48,0,10.62
469935,727,725.87,194.84,194.84,0,10.62
469940,716,716.0,191.04,191.04,0,10.62
469945,706,707.1,186.15,186.15,0,10.62
469950,693,693.01,180.23,180.23,0,10.62
469955,682,680.94,173.36,173.36,0,10.62
469960,673,672.99,165.62,165.62,0,10.62
469965,661,662.03,157.09,157.09,0,10.62
469970,646,646.01,147.87,147.87,0,10.62
469975,637,635.99,138.05,138.05,0,10.62
469980,618,618.0,127.72,127.72,0,10.62
469985,610,610.99,116.98,116.98,0,10.62
469990,600,600.01,105.92,105.92,0,10.62
469995,587,586.04,94.63,94.63,0,10.62
470000,576,575.99,83.2,83.2,0,10.62
470005,564,564.94,71.73,71.73,0,10.62
470010,552,552.02,60.3,60.3,0,10.62
470015,538,537.07,49.0,49.0,0,10.62
470020,528,527.97,37.9,37.9,0,10.62
470025,513,513.92,27.07,27.07,0,10.62
470030,501,501.04,16.6,16.6,0,10.62
470035,490,489.1,6.54,6.54,0,10.62
470040,475,474.96,-3.05,-3.05,0,10.62
470045,463,463.89,-12.12,-12.12,0,10.62
470050,453,453.05,-20.61,-20.61,0,10.62
470055,451,450.13,-28.51,-28.51,0,10.62
470060,439,438.94,-35.77,-35.77,0,10.62
470065,427,427.85,-42.39,-42.39,0,10.62
470070,429,429.06,-48.34,-48.34,0,10.62
470075,425,424.19,-53.64,-53.64,0,10.62
470080,425,424.94,-58.28,-58.28,0,10.62
470085,424,424.77,-62.28,-62.28,0,10.62
470090,424,424.07,-65.67,-65.67,0,10.62
470095,424,423.26,-68.46,-68.46,0,10.62
470100,427,426.93,-70.7,-70.7,0,10.62
470105,428,428.71,-72.43,-72.43,0,10.62
470110,430,430.07,-73.68,-73.68,0,10.62
470115,436,435.32,-74.5,-74.5,0,10.62
470120,437,436.93,-74.94,-74.5,0,10.62
470125,439,439.65,-75.05,-74.5,0,10.62
470130,441,441.07,-74.88,-74.5,0,10.62
470135,443,442.38,-74.47,-74.47,0,10.62
470140,446,445.93,-73.88,-73.88,0,10.62
470145,448,448.59,-73.15,-73.15,0,10.62
470150,450,450.06,-72.33,-72.33,0,10.62
470155,451,450.43,-71.45,-71.45,0,10.62
470160,453,452.94,-70.56,-70.56,0,10.62
470165,453,453.54,-69.69,-69.69,0,10.62
470170,451,451.06,-68.87,-68.87,0,10.62
470175,451,450.48,-68.13,-68.13,0,10.62
470180,451,450.95,-67.5,-67.5,0,10.62
470185,450,450.51,-66.99,-66.99,0,10.62
470190,448,448.04,-66.63,-66.63,0,10.62
470195,447,446.51,-66.41,-66.63,0,10.62
470200,445,444.97,-66.37,-66.63,0,10.62
470205,445,445.48,-66.49,-66.63,0,10.62
470210,441,441.02,-66.78,-66.78,0,10.62
470215,439,438.53,-67.25,-67.25,0,10.62
470220,437,436.99,-67.89,-67.89,0,10.62
470225,435,435.46,-68.7,-68.7,0,10.62
470230,431,431.0,-69.67,-69.67,0,10.62
470235,431,430.54,-70.8,-70.8,0,10.62
470240,428,428.01,-72.06,-72.06,0,10.62
470245,426,426.45,-73.46,-73.46,0,10.62
470250,424,423.98,-74.99,-74.99,0,10.62
470255,424,423.55,-76.62,-76.62,0,10.62
470260,421,421.04,-78.34,-78.34,0,10.62
470265,419,419.44,-80.14,-80.14,0,10.62
470270,419,418.95,-82.01,-82.01,0,10.62
470275,417,416.56,-83.93,-83.93,0,10.62
470280,418,418.07,-85.88,-85.88,0,10.62
470285,416,416.43,-87.84,-87.84,0,10.62
470290,418,417.92,-89.79,-89.79,0,10.62
470295,414,413.57,-91.72,-91.72,0,10.62
470300,414,414.09,-93.61,-93.61,0,10.62
470305,412,412.43,-95.42,-95.42,0,10.62
470310,416,415.9,-97.14,-97.14,0,10.62
470315,415,414.58,-98.75,-98.75,0,10.62
470320,413,413.1,-100.21,-100.21,0,10.62
470325,412,412.42,-101.5,-101.5,0,10.62
470330,414,413.89,-102.59,-102.59,0,10.62
470335,413,412.59,-103.44,-103.44,0,10.62
470340,415,415.11,-104.03,-103.87,0,10.62
470345,413,413.4,-104.33,-103.87,0,10.62
470350,415,414.89,-104.28,-103.87,0,10.62
470355,415,414.61,-103.87,-103.87,0,10.62
470360,416,416.12,-103.05,-103.05,0,10.62
470365,417,417.38,-101.78,-101.78,0,10.62
470370,416,415.88,-100.02,-100.02,0,10.62
470375,420,419.62,-97.74,-97.74,0,10.62
470380,416,416.13,-94.89,-94.89,0,10.62
470385,416,416.37,-91.44,-91.44,0,10.62
470390,416,415.87,-87.36,-87.36,0,10.62
470395,415,414.65,-82.6,-82.6,0,10.62
470400,416,416.14,-77.14,-77.14,0,10.62
470405,416,416.34,-70.95,-70.95,0,10.62
470410,414,413.85,-64.01,-64.01,0,10.62
470415,414,413.66,-56.32,-56.32,0,10.62
470420,416,416.16,-47.86,-47.86,0,10.62
470425,416,416.33,-38.64,-38.64,0,10.62
470430,420,419.83,-28.68,-28.68,0,10.62
470435,423,422.67,-18.0,-18.0,0,10.62
470440,429,429.18,-6.64,-6.64,0,10.62
470445,438,438.33,5.34,5.34,0,10.62
470450,451,450.81,17.87,17.87,0,10.62
470455,468,467.68,30.88,30.88,0,10.62
470460,488,488.2,44.27,44.27,0,10.62
470465,511,511.32,57.93,57.93,0,10.62
470470,536,535.79,71.74,71.74,0,10.62
470475,565,564.68,85.57,85.57,0,10.62
470480,591,591.23,99.3,99.3,0,10.62
470485,617,617.31,112.78,112.78,0,10.62
470490,647,646.76,125.88,125.88,0,10.62
470495,671,670.69,138.46,138.46,0,10.62
470500,692,692.25,150.38,150.38,0,10.62
470505,714,714.29,161.52,161.52,0,10.62
470510,733,732.74,171.78,171.78,0,10.62
470515,746,745.71,181.03,181.03,0,10.62
470520,755,755.26,189.21,189.21,0,10.62
470525,763,763.27,196.22,196.22,0,10.62
470530,768,767.73,202.02,202.02,0,10.62
470535,770,769.73,206.55,206.55,0,10.62
470540,770,770.27,209.8,209.8,0,10.62
470545,767,767.26,211.74,209.89,0,10.62
470550,762,761.73,212.39,209.89,0,10.62
470555,754,753.75,211.77,209.89,0,10.62
470560,744,744.27,209.89,209.89,0,10.62
470565,737,737.24,206.82,206.82,0,10.62
470570,724,723.72,202.6,202.6,0,10.62
470575,712,711.76,197.3,197.3,0,10.62
470580,699,699.28,191.0,191.0,0,10.62
470585,686,686.24,183.77,183.77,0,10.62
470590,674,673.72,175.71,175.71,0,10.62
470595,660,659.76,166.89,166.89,0,10.62
470600,652,652.28,157.42,157.42,0,10.62
470605,638,638.24,147.38,147.38,0,10.62
470610,625,624.71,136.88,136.88,0,10.62
470615,615,614.75,126.0,126.0,0,10.62
470620,595,595.3,114.85,114.85,0,10.62
470625,590,590.25,103.52,103.52,0,10.62
470630,578,577.71,92.09,92.09,0,10.62
470635,568,567.75,80.66,80.66,0,10.62
470640,556,556.29,69.31,69.31,0,10.62
470645,545,545.26,58.11,58.11,0,10.62
470650,536,535.72,47.15,47.15,0,10.62
470655,523,522.74,36.5,36.5,0,10.62
470660,504,504.27,26.22,26.22,0,10.62
470665,494,494.26,16.39,16.39,0,10.62
470670,484,483.75,7.04,7.04,0,10.62
470675,477,476.75,-1.77,-1.77,0,10.62
470680,468,468.24,-9.99,-9.99,0,10.62
470685,451,451.23,-17.6,-17.6,0,10.62
470690,448,447.78,-24.57,-24.57,0,10.62
470695,443,442.79,-30.87,-30.87,0,10.62
470700,439,439.22,-36.52,-36.52,0,10.62
470705,436,436.18,-41.49,-41.49,0,10.62
470710,435,434.79,-45.81,-45.81,0,10.62
470715,432,431.84,-49.48,-49.48,0,10.62
470720,433,433.21,-52.53,-52.53,0,10.62
470725,437,437.14,-54.98,-54.98,0,10.62
470730,437,436.8,-56.88,-56.88,0,10.62
470735,439,438.88,-58.25,-58.25,0,10.62
470740,440,440.19,-59.15,-59.15,0,10.62
470745,445,445.1,-59.62,-59.15,0,10.62
470750,446,445.82,-59.71,-59.15,0,10.62
470755,451,450.91,-59.46,-59.15,0,10.62
470760,454,454.17,-58.94,-58.94,0,10.62
470765,457,457.08,-58.18,-58.18,0,10.62
470770,461,460.84,-57.25,-57.25,0,10.62
470775,464,463.94,-56.18,-56.18,0,10.62
470780,466,466.15,-55.02,-55.02,0,10.62
470785,466,466.04,-53.83,-53.83,0,10.62
470790,468,467.85,-52.63,-52.63,0,10.62
470795,469,468.98,-51.47,-51.47,0,10.62
470800,467,467.14,-50.37,-50.37,0,10.62
470805,472,472.01,-49.37,-49.37,0,10.62
470810,471,470.87,-48.49,-48.49,0,10.62
470815,469,469.01,-47.76,-47.76,0,10.62
470820,469,469.11,-47.18,-47.18,0,10.62
470825,465,464.98,-46.78,-46.78,0,10.62
470830,465,464.9,-46.55,-46.78,0,10.62
470835,463,463.04,-46.52,-46.78,0,10.62
470840,460,460.09,-46.67,-46.78,0,10.62
470845,458,457.94,-47.01,-47.01,0,10.62
470850,455,454.93,-47.54,-47.54,0,10.62
470855,450,450.07,-48.24,-48.24,0,10.62
470860,452,452.06,-49.13,-49.13,0,10.62
470865,448,447.91,-50.17,-50.17,0,10.62
470870,446,445.95,-51.37,-51.37,0,10.62
470875,443,443.1,-52.72,-52.72,0,10.62
470880,440,440.04,-54.19,-54.19,0,10.62
470885,439,438.89,-55.79,-55.79,0,10.62
470890,436,435.97,-57.49,-57.49,0,10.62
470895,434,434.12,-59.29,-59.29,0,10.62
470900,430,430.02,-61.18,-61.18,0,10.62
470905,429,428.87,-63.13,-63.13,0,10.62
470910,428,428.0,-65.14,-65.14,0,10.62
470915,426,426.14,-67.19,-67.19,0,10.62
470920,424,423.99,-69.29,-69.29,0,10.62
470925,430,429.85,-71.4,-71.4,0,10.62
470930,421,421.03,-73.53,-73.53,0,10.62
470935,418,418.15,-75.67,-75.67,0,10.62
470940,420,419.96,-77.79,-77.79,0,10.62
470945,418,417.87,-79.9,-79.9,0,10.62
470950,417,417.06,-81.98,-81.98,0,10.62
470955,416,416.12,-84.01,-84.01,0,10.62
470960,416,415.93,-86.0,-86.0,0,10.62
470965,416,415.89,-87.93,-87.93,0,10.62
470970,415,415.08,-89.79,-89.79,0,10.62
470975,414,414.1,-91.55,-91.55,0,10.62
470980,415,414.9,-93.22,-93.22,0,10.62
470985,414,413.92,-94.78,-94.78,0,10.62
470990,413,413.11,-96.21,-96.21,0,10.62
470995,415,415.07,-97.49,-97.49,0,10.62
471000,416,415.88,-98.6,-98.6,0,10.62
471005,411,410.94,-99.53,-99.53,0,10.62
471010,416,416.12,-100.26,-100.26,0,10.62
471015,416,416.05,-100.75,-100.6,0,10.62
471020,417,416.87,-100.99,-100.6,0,10.62
471025,417,416.95,-100.95,-100.6,0,10.62
471030,417,417.13,-100.6,-100.6,0,10.62
471035,420,420.05,-99.9,-99.9,0,10.62
471040,420,419.86,-98.84,-98.84,0,10.62
471045,411,410.94,-97.37,-97.37,0,10.62
471050,423,423.14,-95.46,-95.46,0,10.62
471055,424,424.08,-93.08,-93.08,0,10.62
471060,424,423.85,-90.19,-90.19,0,10.62
471065,423,422.88,-86.76,-86.76,0,10.62
471070,423,423.16,-82.76,-82.76,0,10.62
471075,421,421.15,-78.16,-78.16,0,10.62
471080,421,420.84,-72.93,-72.93,0,10.62
471085,422,421.82,-67.03,-67.03,0,10.62
471090,420,420.17,-60.46,-60.46,0,10.62
471095,430,430.22,-53.2,-53.2,0,10.62
471100,416,415.82,-45.24,-45.24,0,10.62
471105,420,419.73,-36.58,-36.58,0,10.62
471110,412,412.19,-27.23,-27.23,0,10.62
471115,426,426.33,-17.21,-17.21,0,10.62
471120,430,429.81,-6.56,-6.56,0,10.62
471125,458,457.62,4.68,4.68,0,10.62
471130,446,446.18,16.45,16.45,0,10.62
471135,461,461.4,28.67,28.67,0,10.62
471140,480,479.83,41.27,41.27,0,10.62
471145,499,498.59,54.13,54.13,0,10.62
471150,526,526.16,67.16,67.16,0,10.62
471155,549,549.42,80.24,80.24,0,10.62
471160,577,576.85,93.24,93.24,0,10.62
471165,624,623.59,106.02,106.02,0,10.62
471170,628,628.14,118.46,118.46,0,10.62
471175,653,653.38,130.43,130.43,0,10.62
471180,677,676.87,141.79,141.79,0,10.62
471185,696,695.66,152.43,152.43,0,10.62
471190,718,718.11,162.24,162.24,0,10.62
471195,732,732.29,171.12,171.12,0,10.62
471200,743,742.89,178.98,178.98,0,10.62
471205,750,749.74,185.73,185.73,0,10.62
471210,757,757.1,191.33,191.33,0,10.62
471215,760,760.22,195.73,195.73,0,10.62
471220,760,759.9,198.9,198.9,0,10.62
471225,753,752.81,200.83,199.27,0,10.62
471230,750,750.09,201.52,199.27,0,10.62
471235,743,743.17,200.99,199.27,0,10.62
471240,737,736.92,199.27,199.27,0,10.62
471245,725,724.86,196.4,196.4,0,10.62
471250,715,715.07,192.44,192.44,0,10.62
471255,702,702.12,187.45,187.45,0,10.62
471260,689,688.95,181.49,181.49,0,10.62
471265,677,676.9,174.66,174.66,0,10.62
471270,666,666.05,167.03,167.03,0,10.62
471275,651,651.07,158.7,158.7,0,10.62
471280,639,638.96,149.75,149.75,0,10.62
471285,627,626.95,140.27,140.27,0,10.62
471290,614,614.03,130.36,130.36,0,10.62
471295,602,602.02,120.12,120.12,0,10.62
471300,593,592.97,109.62,109.62,0,10.62
471305,581,581.0,98.96,98.96,0,10.62
471310,571,571.02,88.23,88.23,0,10.62
471315,559,558.97,77.51,77.51,0,10.62
471320,550,549.99,66.87,66.87,0,10.62
471325,541,541.06,56.39,56.39,0,10.62
471330,528,528.0,46.14,46.14,0,10.62
471335,516,515.9,36.19,36.19,0,10.62
471340,506,506.01,26.59,26.59,0,10.62
471345,495,495.14,17.4,17.4,0,10.62
471350,486,485.98,8.67,8.67,0,10.62
471355,498,497.84,0.43,0.43,0,10.62
471360,467,467.03,-7.27,-7.27,0,10.62
471365,459,459.16,-14.41,-14.41,0,10.62
471370,454,453.97,-20.96,-20.96,0,10.62
471375,448,447.87,-26.92,-26.92,0,10.62
471380,444,444.04,-32.28,-32.28,0,10.62
471385,442,442.11,-37.03,-37.03,0,10.62
471390,440,439.96,-41.19,-41.19,0,10.62
471395,439,438.91,-44.77,-44.77,0,10.62
471400,438,438.04,-47.79,-47.79,0,10.62
471405,441,441.07,-50.27,-50.27,0,10.62
471410,441,440.96,-52.26,-52.26,0,10.62
471415,442,441.95,-53.79,-53.79,0,10.62
471420,444,444.05,-54.9,-54.9,0,10.62
471425,447,447.04,-55.63,-55.63,0,10.62
471430,449,448.95,-56.02,-55.69,0,10.62
471435,452,451.98,-56.13,-55.69,0,10.62
471440,456,456.05,-56.01,-55.69,0,10.62
471445,459,459.01,-55.69,-55.69,0,10.62
471450,462,461.95,-55.23,-55.23,0,10.62
471455,463,463.0,-54.66,-54.66,0,10.62
471460,465,465.05,-54.04,-54.04,0,10.62
471465,466,465.99,-53.4,-53.4,0,10.62
471470,467,466.95,-52.78,-52.78,0,10.62
471475,467,467.02,-52.21,-52.21,0,10.62
471480,468,468.05,-51.72,-51.72,0,10.62
471485,467,466.97,-51.33,-51.33,0,10.62
471490,464,463.94,-51.06,-51.17,0,10.62
471495,463,463.04,-50.94,-51.17,0,10.62
471500,462,462.06,-50.97,-51.17,0,10.62
471505,459,458.95,-51.17,-51.17,0,10.62
471510,458,457.93,-51.53,-51.53,0,10.62
471515,455,455.06,-52.07,-52.07,0,10.62
471520,453,453.07,-52.78,-52.78,0,10.62
471525,449,448.93,-53.67,-53.67,0,10.62
471530,446,445.92,-54.71,-54.71,0,10.62
471535,435,435.07,-55.92,-55.92,0,10.62
471540,441,441.09,-57.27,-57.27,0,10.62
471545,439,438.93,-58.77,-58.77,0,10.62
471550,435,434.9,-60.39,-60.39,0,10.62
471555,433,433.05,-62.14,-62.14,0,10.62
471560,430,430.12,-63.99,-63.99,0,10.62
471565,430,429.96,-65.94,-65.94,0,10.62
471570,428,427.87,-67.98,-67.98,0,10.62
471575,426,426.02,-70.08,-70.08,0,10.62
471580,421,421.13,-72.25,-72.25,0,10.62
471585,423,423.0,-74.45,-74.45,0,10.62
471590,422,421.87,-76.69,-76.69,0,10.62
471595,423,422.99,-78.95,-78.95,0,10.62
471600,418,418.13,-81.21,-81.21,0,10.62
471605,418,418.02,-83.45,-83.45,0,10.62
471610,424,423.87,-85.67,-85.67,0,10.62
471615,416,415.97,-87.84,-87.84,0,10.62
471620,412,412.11,-89.95,-89.95,0,10.62
471625,414,414.04,-91.98,-91.98,0,10.62
471630,410,409.92,-93.9,-93.9,0,10.62
471635,415,414.95,-95.7,-95.7,0,10.62
471640,413,413.06,-97.35,-97.35,0,10.62
471645,414,414.05,-98.84,-98.84,0,10.62
471650,414,413.96,-100.14,-100.14,0,10.62
471656,412,411.94,-101.21,-101.21,0,10.62
471660,413,413.01,-102.04,-102.04,0,10.62
471665,414,414.07,-102.6,-102.32,0,10.62
471670,414,414.01,-102.85,-102.32,0,10.62
471675,414,413.92,-102.77,-102.32,0,10.62
471680,415,414.97,-102.32,-102.32,0,10.62
471685,416,416.1,-101.46,-101.46,0,10.62
471690,413,413.06,-100.17,-100.17,0,10.62
471695,416,415.89,-98.41,-98.41,0,10.62
471700,415,414.92,-96.14,-96.14,0,10.62
471705,410,410.12,-93.33,-93.33,0,10.62
471710,417,417.09,-89.95,-89.95,0,10.62
471715,418,417.88,-85.96,-85.96,0,10.62
471720,418,417.88,-81.35,-81.35,0,10.62
471725,418,418.12,-76.08,-76.08,0,10.62
471730,418,418.14,-70.13,-70.13,0,10.62
471735,417,416.88,-63.49,-63.49,0,10.62
471740,417,416.84,-56.15,-56.15,0,10.62
471745,416,416.12,-48.1,-48.1,0,10.62
471750,421,421.18,-39.36,-39.36,0,10.62
471755,423,422.89,-29.93,-29.93,0,10.62
471760,424,423.79,-19.85,-19.85,0,10.62
471765,429,429.1,-9.15,-9.15,0,10.62
471770,438,438.24,2.11,2.11,0,10.62
471775,446,445.91,13.88,13.88,0,10.62
471780,462,461.73,26.07,26.07,0,10.62
471785,482,482.09,38.59,38.59,0,10.62
471790,503,503.31,51.35,51.35,0,10.62
471795,525,524.92,64.22,64.22,0,10.62
471800,553,552.65,77.09,77.09,0,10.62
471805,578,578.08,89.83,89.83,0,10.62
471810,605,605.38,102.31,102.31,0,10.62
471815,631,630.92,114.38,114.38,0,10.62
471820,677,676.59,125.93,125.93,0,10.62
471825,677,677.08,136.81,136.81,0,10.62
471830,697,697.4,146.93,146.93,0,10.62
471835,715,714.92,156.16,156.16,0,10.62
471840,727,726.62,164.41,164.41,0,10.62
471845,737,737.07,171.6,171.6,0,10.62
471850,745,745.36,177.66,177.66,0,10.62
471855,750,749.93,182.54,182.54,0,10.62
471860,750,749.65,186.19,186.19,0,10.62
471865,749,749.06,188.61,188.42,0,10.62
471870,746,746.33,189.78,188.42,0,10.62
471875,738,737.94,189.71,188.42,0,10.62
471880,732,731.68,188.42,188.42,0,10.62
471885,722,722.05,185.97,185.97,0,10.62
471890,712,712.3,182.38,182.38,0,10.62
471895,698,697.95,177.73,177.73,0,10.62
471900,687,686.7,172.09,172.09,0,10.62
471905,673,673.04,165.53,165.53,0,10.62
471910,661,661.29,158.13,158.13,0,10.62
471915,647,646.96,149.99,149.99,0,10.62
471920,635,634.72,141.2,141.2,0,10.62
471925,621,621.04,131.85,131.85,0,10.62
471930,610,610.27,122.04,122.04,0,10.62
471935,599,598.96,111.86,111.86,0,10.62
471940,588,587.74,101.41,101.41,0,10.62
471945,576,576.03,90.78,90.78,0,10.62
471950,566,566.26,80.06,80.06,0,10.62
471955,556,555.98,69.34,69.34,0,10.62
471960,543,542.75,58.7,58.7,0,10.62
471965,532,532.02,48.23,48.23,0,10.62
471970,518,518.24,38.0,38.0,0,10.62
471975,509,509.0,28.08,28.08,0,10.62
471980,499,498.77,18.53,18.53,0,10.62
471985,489,489.0,9.42,9.42,0,10.62
471990,479,479.22,0.79,0.79,0,10.62
471995,469,469.01,-7.3,-7.3,0,10.62
472000,461,460.79,-14.83,-14.83,0,10.62
472005,456,455.99,-21.75,-21.75,0,10.62
472010,447,447.2,-28.06,-28.06,0,10.62
472015,443,443.02,-33.73,-33.73,0,10.62
472020,438,437.81,-38.76,-38.76,0,10.62
472025,436,435.98,-43.14,-43.14,0,10.62
472030,431,431.18,-46.9,-46.9,0,10.62
472035,434,434.02,-50.05,-50.05,0,10.62
472040,434,433.83,-52.61,-52.61,0,10.62
472045,437,436.98,-54.61,-54.61,0,10.62
472050,437,437.15,-56.1,-56.1,0,10.62
472055,443,443.02,-57.1,-57.1,0,10.62
472060,443,442.86,-57.67,-57.25,0,10.62
472065,448,447.98,-57.85,-57.25,0,10.62
472070,451,451.12,-57.69,-57.25,0,10.62
472075,457,457.03,-57.25,-57.25,0,10.62
472080,459,458.89,-56.58,-56.58,0,10.62
472085,463,462.96,-55.73,-55.73,0,10.62
472090,464,464.09,-54.74,-54.74,0,10.62
472095,468,468.04,-53.68,-53.68,0,10.62
472100,470,469.92,-52.58,-52.58,0,10.62
472105,471,470.95,-51.48,-51.48,0,10.62
472110,474,474.06,-50.43,-50.43,0,10.62
472115,473,473.06,-49.45,-49.45,0,10.62
472120,474,473.96,-48.59,-48.59,0,10.62
472125,475,474.93,-47.87,-47.87,0,10.62
472130,473,473.03,-47.31,-47.31,0,10.62
472135,472,472.07,-46.93,-46.99,0,10.62
472140,468,467.98,-46.75,-46.99,0,10.62
472145,467,466.92,-46.76,-46.99,0,10.62
472150,465,465.01,-46.99,-46.99,0,10.62
472155,465,465.08,-47.43,-47.43,0,10.62
472160,454,454.0,-48.09,-48.09,0,10.62
472165,459,458.9,-48.95,-48.95,0,10.62
472170,457,457.0,-50.02,-50.02,0,10.62
472175,454,454.11,-51.28,-51.28,0,10.62
472180,450,449.99,-52.74,-52.74,0,10.62
472185,447,446.88,-54.36,-54.36,0,10.62
472190,444,444.03,-56.15,-56.15,0,10.62
472195,438,438.13,-58.08,-58.08,0,10.62
472200,438,437.96,-60.14,-60.14,0,10.62
472205,437,436.86,-62.32,-62.32,0,10.62
472210,434,434.05,-64.6,-64.6,0,10.62
472215,432,432.15,-66.96,-66.96,0,10.62
472220,430,429.93,-69.38,-69.38,0,10.62
472225,428,427.85,-71.84,-71.84,0,10.62
472230,426,426.08,-74.33,-74.33,0,10.62
472235,424,424.16,-76.83,-76.83,0,10.62
472240,422,421.91,-79.33,-79.33,0,10.62
472245,424,423.84,-81.79,-81.79,0,10.62
472250,420,420.11,-84.2,-84.2,0,10.62
472255,418,418.16,-86.55,-86.55,0,10.62
472260,419,418.88,-88.8,-88.8,0,10.62
472265,419,418.84,-90.95,-90.95,0,10.62
472270,418,418.14,-92.97,-92.97,0,10.62
472275,419,419.15,-94.84,-94.84,0,10.62
472280,417,416.85,-96.52,-96.52,0,10.62
472285,419,418.85,-98.01,-98.01,0,10.62
472290,416,416.17,-99.27,-99.27,0,10.62
472295,416,416.14,-100.27,-100.27,0,10.62
472300,421,420.82,-101.0,-101.0,0,10.62
472305,420,419.87,-101.41,-101.0,0,10.62
472310,417,417.19,-101.47,-101.0,0,10.62
472315,419,419.11,-101.17,-101.0,0,10.62
472320,420,419.81,-100.45,-100.45,0,10.62
472325,421,420.9,-99.29,-99.29,0,10.62
472330,417,417.19,-97.66,-97.66,0,10.62
472335,423,423.08,-95.52,-95.52,0,10.62
472340,423,422.82,-92.84,-92.84,0,10.62
472345,423,422.93,-89.58,-89.58,0,10.62
472350,424,424.18,-85.71,-85.71,0,10.62
472355,424,424.06,-81.21,-81.21,0,10.62
472360,424,423.83,-76.04,-76.04,0,10.62
472365,424,423.95,-70.19,-70.19,0,10.62
472370,425,425.16,-63.63,-63.63,0,10.62
472375,427,427.04,-56.35,-56.35,0,10.62
472380,426,425.85,-48.36,-48.36,0,10.62
472385,428,427.97,-39.64,-39.64,0,10.62
472390,428,428.15,-30.21,-30.21,0,10.62
472395,431,431.02,-20.1,-20.1,0,10.62
472400,435,434.86,-9.32,-9.32,0,10.62
472405,442,441.99,2.06,2.06,0,10.62
472410,451,451.14,14.0,14.0,0,10.62
472415,464,464.0,26.42,26.42,0,10.62
472420,480,479.87,39.24,39.24,0,10.62
472425,503,503.01,52.36,52.36,0,10.62
472430,526,526.13,65.66,65.66,0,10.62
472435,552,551.98,79.04,79.04,0,10.62
472440,584,583.88,92.36,92.36,0,10.62
472445,608,608.04,105.49,105.49,0,10.62
472450,637,637.11,118.3,118.3,0,10.62
472455,660,659.95,130.65,130.65,0,10.62
472460,683,682.89,142.41,142.41,0,10.62
472465,705,705.07,153.46,153.46,0,10.62
472470,727,727.1,163.68,163.68,0,10.62
472475,739,738.91,172.97,172.97,0,10.62
472480,751,750.89,181.23,181.23,0,10.62
472485,760,760.1,188.4,188.4,0,10.62
472490,765,765.11,194.39,194.39,0,10.62
472495,768,767.88,199.18,199.18,0,10.62
472500,766,765.88,202.73,202.73,0,10.62
472505,767,767.14,205.01,204.38,0,10.62
472510,755,755.12,206.04,204.38,0,10.62
472515,755,754.84,205.82,204.38,0,10.62
472520,747,746.87,204.38,204.38,0,10.62
472525,736,736.18,201.77,201.77,0,10.62
472530,725,725.12,198.03,198.03,0,10.62
472535,712,711.8,193.22,193.22,0,10.62
472540,702,701.89,187.42,187.42,0,10.62
472545,689,689.22,180.69,180.69,0,10.62
472550,677,677.1,173.13,173.13,0,10.62
472555,664,663.75,164.81,164.81,0,10.62
472560,653,652.91,155.83,155.83,0,10.62
472565,641,641.28,146.27,146.27,0,10.62
472570,630,630.09,136.23,136.23,0,10.62
472575,615,614.69,125.79,125.79,0,10.62
472580,602,601.92,115.06,115.06,0,10.62
472585,593,593.34,104.11,104.11,0,10.62
472590,585,585.09,93.03,93.03,0,10.62
472595,585,584.63,81.91,81.91,0,10.62
472600,560,559.9,70.83,70.83,0,10.62
472605,550,550.37,59.87,59.87,0,10.62
472610,538,538.11,49.09,49.09,0,10.62
472615,527,526.62,38.57,38.57,0,10.62
472620,517,516.88,28.38,28.38,0,10.62
472625,506,506.38,18.57,18.57,0,10.62
472630,496,496.13,9.19,9.19,0,10.62
472635,486,485.62,0.3,0.3,0,10.62
472640,476,475.86,-8.07,-8.07,0,10.62
472645,470,470.39,-15.88,-15.88,0,10.62
472650,459,459.16,-23.1,-23.1,0,10.62
472655,454,453.6,-29.72,-29.72,0,10.62
472660,448,447.83,-35.73,-35.73,0,10.62
472665,444,444.41,-41.11,-41.11,0,10.62
472671,440,440.18,-45.88,-45.88,0,10.62
472675,439,438.58,-50.03,-50.03,0,10.62
472680,437,436.81,-53.6,-53.6,0,10.62
472685,438,438.44,-56.6,-56.6,0,10.62
472690,438,438.21,-59.05,-59.05,0,10.62
472695,440,439.55,-61.0,-61.0,0,10.62
472700,441,440.78,-62.48,-62.48,0,10.62
472705,444,444.47,-63.53,-63.53,0,10.62
472710,446,446.23,-64.2,-64.2,0,10.62
472715,449,448.51,-64.53,-64.2,0,10.62
472720,452,451.75,-64.58,-64.2,0,10.62
472725,454,454.51,-64.38,-64.2,0,10.62
472730,458,458.26,-63.99,-63.99,0,10.62
472735,459,458.47,-63.45,-63.45,0,10.62
472740,461,460.72,-62.81,-62.81,0,10.62
472745,463,463.55,-62.11,-62.11,0,10.62
472750,466,466.3,-61.39,-61.39,0,10.62
472755,465,464.43,-60.68,-60.68,0,10.62
472760,474,473.68,-60.03,-60.03,0,10.62
472765,467,467.6,-59.45,-59.45,0,10.62
472770,467,467.33,-58.99,-58.99,0,10.62
472775,462,461.37,-58.64,-58.64,0,10.62
472780,462,461.66,-58.44,-58.64,0,10.62
472785,461,461.67,-58.4,-58.64,0,10.62
472790,459,459.35,-58.52,-58.64,0,10.62
472795,480,479.31,-58.81,-58.81,0,10.62
472800,455,454.64,-59.28,-59.28,0,10.62
472805,451,451.68,-59.91,-59.91,0,10.62
472810,449,449.37,-60.72,-60.72,0,10.62
472815,447,446.34,-61.68,-61.68,0,10.62
472820,444,443.61,-62.79,-62.79,0,10.62
472825,442,442.64,-64.05,-64.05,0,10.62
472830,437,437.4,-65.43,-65.43,0,10.62
472835,436,435.38,-66.92,-66.92,0,10.62
472840,434,433.59,-68.51,-68.51,0,10.62
472845,429,429.61,-70.19,-70.19,0,10.62
472850,426,426.42,-71.95,-71.95,0,10.62
472855,427,426.41,-73.76,-73.76,0,10.62
472860,423,422.58,-75.62,-75.62,0,10.62
472865,420,420.57,-77.51,-77.51,0,10.62
472870,421,421.43,-79.42,-79.42,0,10.62
472875,416,415.46,-81.34,-81.34,0,10.62
472880,417,416.56,-83.26,-83.26,0,10.62
472885,415,415.53,-85.17,-85.17,0,10.62
472890,415,415.46,-87.06,-87.06,0,10.62
472895,415,414.49,-88.93,-88.93,0,10.62
472900,414,413.53,-90.76,-90.76,0,10.62
472905,412,412.49,-92.54,-92.54,0,10.62
472910,412,412.48,-94.27,-94.27,0,10.62
472915,413,412.53,-95.95,-95.95,0,10.62
472920,434,433.52,-97.56,-97.56,0,10.62
472925,413,413.45,-99.1,-99.1,0,10.62
472930,415,415.46,-100.54,-100.54,0,10.62
472935,417,416.56,-101.9,-101.9,0,10.62
472940,415,414.58,-103.13,-103.13,0,10.62
472945,416,416.41,-104.24,-104.24,0,10.62
472950,416,416.38,-105.21,-105.21,0,10.62
472955,416,415.61,-106.01,-106.01,0,10.62
472960,418,417.66,-106.62,-106.62,0,10.62
472965,419,419.37,-107.03,-106.73,0,10.62
472970,424,424.31,-107.2,-106.73,0,10.62
472975,420,419.64,-107.11,-106.73,0,10.62
472980,423,422.72,-106.73,-106.73,0,10.62
472985,421,421.34,-106.04,-106.04,0,10.62
472990,422,422.25,-104.98,-104.98,0,10.62
472995,422,421.67,-103.54,-103.54,0,10.62
473000,426,425.78,-101.68,-101.68,0,10.62
473005,425,425.32,-99.35,-99.35,0,10.62
473010,425,425.19,-96.52,-96.52,0,10.62
473015,426,425.69,-93.16,-93.16,0,10.62
473020,426,425.84,-89.23,-89.23,0,10.62
473025,426,426.3,-84.68,-84.68,0,10.62
473030,426,426.13,-79.5,-79.5,0,10.62
473035,427,426.71,-73.65,-73.65,0,10.62
473040,429,428.91,-67.11,-67.11,0,10.62
473045,428,428.28,-59.85,-59.85,0,10.62
473050,427,427.05,-51.87,-51.87,0,10.62
473055,427,426.73,-43.16,-43.16,0,10.62
473060,429,428.99,-33.72,-33.72,0,10.62
473065,431,431.27,-23.57,-23.57,0,10.62
473070,435,434.97,-12.74,-12.74,0,10.62
473075,440,439.74,-1.25,-1.25,0,10.62
473080,448,448.07,10.83,10.83,0,10.62
473085,462,462.27,23.44,23.44,0,10.62
473090,477,476.9,36.5,36.5,0,10.62
473095,501,500.74,49.91,49.91,0,10.62
473100,521,521.15,63.57,63.57,0,10.62
473105,551,551.26,77.35,77.35,0,10.62
473110,579,578.82,91.14,91.14,0,10.62
473115,610,609.74,104.8,104.8,0,10.62
473120,635,635.21,118.18,118.18,0,10.62
473125,662,662.25,131.16,131.16,0,10.62
473130,687,686.75,143.59,143.59,0,10.62
473135,713,712.75,155.36,155.36,0,10.62
473140,731,731.28,166.33,166.33,0,10.62
473145,747,747.23,176.4,176.4,0,10.62
473150,760,759.68,185.47,185.47,0,10.62
473155,772,771.78,193.46,193.46,0,10.62
473160,777,777.36,200.29,200.29,0,10.62
473165,785,785.2,205.91,205.91,0,10.62
473170,784,783.6,210.29,210.29,0,10.62
473175,783,782.81,213.41,213.41,0,10.62
473180,779,779.44,215.25,213.41,0,10.62
473185,771,771.18,215.84,213.41,0,10.62
473190,763,762.52,215.19,213.41,0,10.62
473195,754,753.83,213.34,213.34,0,10.62
473200,742,742.53,210.35,210.35,0,10.62
473205,735,735.16,206.27,206.27,0,10.62
473210,719,718.43,201.17,201.17,0,10.62
473215,705,704.84,195.13,195.13,0,10.62
473220,683,683.61,188.22,188.22,0,10.62
473225,681,681.16,180.54,180.54,0,10.62
473230,669,668.37,172.16,172.16,0,10.62
473235,656,655.84,163.19,163.19,0,10.62
473240,646,646.65,153.7,153.7,0,10.62
473245,635,635.17,143.78,143.78,0,10.62
473250,646,645.34,133.52,133.52,0,10.62
473255,613,612.82,123.01,123.01,0,10.62
473260,602,602.64,112.32,112.32,0,10.62
473265,594,594.19,101.54,101.54,0,10.62
473270,584,583.4,90.75,90.75,0,10.62
473275,575,574.8,80.02,80.02,0,10.62
473280,565,565.56,69.43,69.43,0,10.62
473285,555,555.21,59.03,59.03,0,10.62
473290,547,546.47,48.89,48.89,0,10.62
473295,534,533.78,39.07,39.07,0,10.62
473300,522,522.49,29.62,29.62,0,10.62
473305,512,512.23,20.58,20.58,0,10.62
473310,504,503.56,12.0,12.0,0,10.62
473315,493,492.76,3.92,3.92,0,10.62
473320,487,487.4,-3.64,-3.64,0,10.62
473325,479,479.26,-10.65,-10.65,0,10.62
473330,472,471.64,-17.11,-17.11,0,10.62
473335,467,466.73,-22.99,-22.99,0,10.62
473340,462,462.32,-28.31,-28.31,0,10.62
473345,459,459.29,-33.05,-33.05,0,10.62
473350,457,456.72,-37.24,-37.24,0,10.62
473355,457,456.7,-40.89,-40.89,0,10.62
473360,457,457.25,-44.03,-44.03,0,10.62
473365,458,458.32,-46.67,-46.67,0,10.62
473370,456,455.79,-48.86,-48.86,0,10.62
473375,459,458.67,-50.63,-50.63,0,10.62
473380,461,461.18,-52.01,-52.01,0,10.62
473385,462,462.35,-53.06,-53.06,0,10.62
473390,465,464.84,-53.8,-53.8,0,10.62
473395,466,465.63,-54.28,-54.28,0,10.62
473400,469,469.13,-54.55,-54.46,0,10.62
473405,470,470.39,-54.64,-54.46,0,10.62
473410,472,471.9,-54.59,-54.46,0,10.62
473415,472,471.58,-54.46,-54.46,0,10.62
473420,477,477.08,-54.26,-54.26,0,10.62
473425,473,473.44,-54.04,-54.04,0,10.62
473430,475,474.94,-53.82,-53.82,0,10.62
473435,474,473.53,-53.64,-53.64,0,10.62
473440,474,474.04,-53.51,-53.62,0,10.62
473445,471,471.49,-53.45,-53.62,0,10.62
473450,472,471.98,-53.48,-53.62,0,10.62
473455,470,469.49,-53.62,-53.62,0,10.62
473460,465,465.0,-53.88,-53.88,0,10.62
473465,447,447.52,-54.25,-54.25,0,10.62
473470,461,461.03,-54.75,-54.75,0,10.62
473475,460,459.49,-55.38,-55.38,0,10.62
473480,458,457.95,-56.13,-56.13,0,10.62
473485,456,456.49,-57.02,-57.02,0,10.62
473490,451,451.07,-58.03,-58.03,0,10.62
473495,451,450.53,-59.16,-59.16,0,10.62
473500,448,447.91,-60.41,-60.41,0,10.62
473505,445,445.45,-61.76,-61.76,0,10.62
473510,443,443.11,-63.22,-63.22,0,10.62
473515,442,441.58,-64.77,-64.77,0,10.62
473520,439,438.88,-66.4,-66.4,0,10.62
473525,436,436.4,-68.11,-68.11,0,10.62
473530,435,435.14,-69.89,-69.89,0,10.62
473535,434,433.62,-71.72,-71.72,0,10.62
473540,432,431.84,-73.59,-73.59,0,10.62
473545,428,428.35,-75.5,-75.5,0,10.62
473550,428,428.18,-77.43,-77.43,0,10.62
473555,427,426.68,-79.38,-79.38,0,10.62
473560,425,424.81,-81.33,-81.33,0,10.62
473565,424,424.29,-83.27,-83.27,0,10.62
473570,423,423.21,-85.19,-85.19,0,10.62
473575,421,420.74,-87.09,-87.09,0,10.62
473580,420,419.77,-88.94,-88.94,0,10.62
473585,420,420.24,-90.75,-90.75,0,10.62
473590,419,419.25,-92.49,-92.49,0,10.62
473595,419,418.79,-94.16,-94.16,0,10.62
473600,420,419.73,-95.74,-95.74,0,10.62
473605,420,420.19,-97.21,-97.21,0,10.62
473610,420,420.29,-98.57,-98.57,0,10.62
473615,421,420.83,-99.8,-99.8,0,10.62
473620,422,421.69,-100.88,-100.88,0,10.62
473625,421,421.14,-101.79,-101.79,0,10.62
473630,422,422.33,-102.5,-102.5,0,10.62
473635,414,413.87,-103.01,-102.99,0,10.62
473640,425,424.65,-103.27,-102.99,0,10.62
473645,424,424.12,-103.28,-102.99,0,10.62
473650,425,425.36,-102.99,-102.99,0,10.62
473655,427,426.88,-102.38,-102.38,0,10.62
473660,427,426.62,-101.43,-101.43,0,10.62
473665,427,427.12,-100.09,-100.09,0,10.62
473670,428,428.4,-98.34,-98.34,0,10.62
473675,431,430.89,-96.14,-96.14,0,10.62
473680,429,428.59,-93.45,-93.45,0,10.62
473685,430,430.1,-90.24,-90.24,0,10.62
473690,430,430.43,-86.48,-86.48,0,10.62
473695,429,428.9,-82.13,-82.13,0,10.62
473700,429,428.55,-77.17,-77.17,0,10.62
473705,429,429.09,-71.56,-71.56,0,10.62
473710,428,428.48,-65.28,-65.28,0,10.62
473715,427,426.92,-58.32,-58.32,0,10.62
473720,426,425.5,-50.65,-50.65,0,10.62
473725,427,427.08,-42.29,-42.29,0,10.62
473730,428,428.53,-33.23,-33.23,0,10.62
473735,430,429.93,-23.49,-23.49,0,10.62
473740,435,434.44,-13.1,-13.1,0,10.62
473745,437,437.07,-2.1,-2.1,0,10.62
473750,449,449.59,9.46,9.46,0,10.62
473755,462,461.94,21.51,21.51,0,10.62
473760,486,485.39,33.97,33.97,0,10.62
473765,498,498.05,46.74,46.74,0,10.62
473770,522,522.63,59.72,59.72,0,10.62
473775,548,547.97,72.79,72.79,0,10.62
473780,575,574.36,85.82,85.82,0,10.62
473785,601,601.02,98.7,98.7,0,10.62
473790,629,629.65,111.28,111.28,0,10.62
473795,655,654.99,123.43,123.43,0,10.62
473800,679,678.33,135.02,135.02,0,10.62
473805,701,700.98,145.92,145.92,0,10.62
473810,715,715.68,156.03,156.03,0,10.62
473815,736,736.03,165.23,165.23,0,10.62
473820,746,745.31,173.43,173.43,0,10.62
473825,765,764.96,180.55,180.55,0,10.62
473830,761,761.7,186.53,186.53,0,10.62
473835,765,765.04,191.32,191.32,0,10.62
473840,767,766.29,194.89,194.89,0,10.62
473845,763,762.96,197.21,196.82,0,10.62
473850,756,756.72,198.3,196.82,0,10.62
473855,751,751.03,198.16,196.82,0,10.62
473860,743,742.28,196.82,196.82,0,10.62
473865,733,732.97,194.33,194.33,0,10.62
473870,721,721.73,190.73,190.73,0,10.62
473875,710,710.02,186.09,186.09,0,10.62
473880,696,695.27,180.48,180.48,0,10.62
473885,685,684.98,173.97,173.97,0,10.62
473890,673,673.75,166.66,166.66,0,10.62
473895,660,660.01,158.61,158.61,0,10.62
473900,650,649.24,149.94,149.94,0,10.62
473905,636,636.0,140.71,140.71,0,10.62
473910,624,624.77,131.04,131.04,0,10.62
473915,613,613.0,121.01,121.01,0,10.62
473920,602,601.22,110.7,110.7,0,10.62
473925,591,591.01,100.21,100.21,0,10.62
473930,582,582.8,89.63,89.63,0,10.62
473935,571,570.99,79.04,79.04,0,10.62
473940,561,560.18,68.51,68.51,0,10.62
473945,552,552.02,58.12,58.12,0,10.62
473950,541,541.84,47.95,47.95,0,10.62
473955,532,531.98,38.05,38.05,0,10.62
473960,521,520.14,28.5,28.5,0,10.62
473965,512,512.03,19.34,19.34,0,10.62
473970,500,500.89,10.64,10.64,0,10.62
473975,474,473.95,2.43,2.43,0,10.62
473980,482,481.09,-5.25,-5.25,0,10.62
473985,475,475.1,-12.36,-12.36,0,10.62
473990,449,449.93,-18.88,-18.88,0,10.62
473995,463,462.85,-24.8,-24.8,0,10.62
474000,456,455.08,-30.11,-30.11,0,10.62
474005,456,456.21,-34.81,-34.81,0,10.62
474010,449,449.91,-38.92,-38.92,0,10.62
474015,449,448.73,-42.43,-42.43,0,10.62
474020,448,447.11,-45.39,-45.39,0,10.62
474025,447,447.33,-47.8,-47.8,0,10.62
474030,451,451.88,-49.72,-49.72,0,10.62
474035,451,450.61,-51.16,-51.16,0,10.62
474040,454,453.13,-52.18,-52.18,0,10.62
474045,457,457.46,-52.82,-52.82,0,10.62
474050,458,458.87,-53.13,-52.82,0,10.62
474055,462,461.48,-53.15,-52.82,0,10.62
474060,465,464.14,-52.93,-52.82,0,10.62
474065,467,467.59,-52.53,-52.53,0,10.62
474070,470,470.86,-52.0,-52.0,0,10.62
474075,476,475.35,-51.37,-51.37,0,10.62
474080,499,498.16,-50.69,-50.69,0,10.62
474085,476,476.71,-50.02,-50.02,0,10.62
474090,477,477.79,-49.37,-49.37,0,10.62
474095,499,498.24,-48.8,-48.8,0,10.62
474100,476,475.27,-48.31,-48.31,0,10.62
474105,476,476.78,-47.95,-47.95,0,10.62
474110,477,477.67,-47.71,-47.95,0,10.62
474115,474,473.22,-47.63,-47.95,0,10.62
474120,472,471.38,-47.7,-47.95,0,10.62
474125,471,471.79,-47.95,-47.95,0,10.62
474130,469,469.57,-48.36,-48.36,0,10.62
474135,465,464.2,-48.94,-48.94,0,10.62
474140,465,464.48,-49.7,-49.7,0,10.62
474145,456,456.81,-50.61,-50.61,0,10.62
474150,460,460.47,-51.68,-51.68,0,10.62
474155,455,454.18,-52.9,-52.9,0,10.62
474160,451,450.57,-54.26,-54.26,0,10.62
474165,449,449.82,-55.75,-55.75,0,10.62
474170,446,446.39,-57.34,-57.34,0,10.62
474175,444,443.17,-59.04,-59.04,0,10.62
474180,442,441.65,-60.82,-60.82,0,10.62
474185,440,440.84,-62.68,-62.68,0,10.62
474190,438,438.31,-64.6,-64.6,0,10.62
474195,437,436.14,-66.56,-66.56,0,10.62
474200,433,432.72,-68.55,-68.55,0,10.62
474205,432,432.87,-70.56,-70.56,0,10.62
474210,429,429.24,-72.57,-72.57,0,10.62
474215,430,429.12,-74.58,-74.58,0,10.62
474220,427,426.79,-76.56,-76.56,0,10.62
474225,402,402.88,-78.51,-78.51,0,10.62
474230,427,427.17,-80.41,-80.41,0,10.62
474235,425,424.15,-82.26,-82.26,0,10.62
474240,425,424.86,-84.05,-84.05,0,10.62
474245,422,422.8,-85.76,-85.76,0,10.62
474250,427,427.11,-87.39,-87.39,0,10.62
474255,424,423.25,-88.93,-88.93,0,10.62
474260,426,425.92,-90.38,-90.38,0,10.62
474265,421,421.69,-91.71,-91.71,0,10.62
474270,424,424.06,-92.92,-92.92,0,10.62
474275,426,425.36,-93.99,-93.99,0,10.62
474280,424,423.97,-94.91,-94.91,0,10.62
474285,426,426.58,-95.66,-95.66,0,10.62
474290,424,424.0,-96.24,-96.24,0,10.62
474295,427,426.48,-96.61,-96.3,0,10.62
474300,427,427.03,-96.76,-96.3,0,10.62
474305,430,430.47,-96.66,-96.3,0,10.62
474310,428,427.94,-96.3,-96.3,0,10.62
474315,429,428.58,-95.65,-95.65,0,10.62
474320,432,432.09,-94.68,-94.68,0,10.62
474325,433,433.38,-93.36,-93.36,0,10.62
474330,432,431.87,-91.67,-91.67,0,10.62
474335,434,433.67,-89.58,-89.58,0,10.62
474340,434,434.17,-87.05,-87.05,0,10.62
474345,433,433.29,-84.05,-84.05,0,10.62
474350,434,433.79,-80.56,-80.56,0,10.62
474355,434,433.75,-76.55,-76.55,0,10.62
474360,435,435.25,-71.98,-71.98,0,10.62
474365,435,435.21,-66.85,-66.85,0,10.62
474370,457,456.72,-61.12,-61.12,0,10.62
474375,436,435.84,-54.78,-54.78,0,10.62
474380,439,439.28,-47.82,-47.82,0,10.62
474385,436,436.12,-40.24,-40.24,0,10.62
474390,436,435.73,-32.02,-32.02,0,10.62
474395,437,436.92,-23.19,-23.19,0,10.62
474400,439,439.27,-13.77,-13.77,0,10.62
474405,446,446.04,-3.78,-3.78,0,10.62
474410,450,449.74,6.72,6.72,0,10.62
474415,462,462.0,17.7,17.7,0,10.62
474420,475,475.26,29.06,29.06,0,10.62
474425,490,489.97,40.74,40.74,0,10.62
474430,512,511.74,52.64,52.64,0,10.62
474435,535,535.08,64.64,64.64,0,10.62
474440,560,560.26,76.65,76.65,0,10.62
474445,585,584.88,88.54,88.54,0,10.62
474450,611,610.74,100.19,100.19,0,10.62
474455,638,638.16,111.46,111.46,0,10.62
474460,654,654.26,122.25,122.25,0,10.62
474465,682,681.79,132.41,132.41,0,10.62
474470,701,700.75,141.85,141.85,0,10.62
474475,717,717.26,150.46,150.46,0,10.62
474480,730,730.24,158.15,158.15,0,10.62
474485,739,738.69,164.83,164.83,0,10.62
474490,747,746.77,170.44,170.44,0,10.62
474495,750,750.36,174.93,174.93,0,10.62
474500,753,753.21,178.26,178.26,0,10.62
474505,751,750.58,180.41,179.85,0,10.62
474510,746,745.79,181.39,179.85,0,10.62
474515,738,738.46,181.19,179.85,0,10.62
474520,733,733.2,179.85,179.85,0,10.62
474525,724,723.49,177.4,177.4,0,10.62
474530,711,710.8,173.9,173.9,0,10.62
474535,673,673.54,169.4,169.4,0,10.62
474540,688,688.19,163.97,163.97,0,10.62
474545,678,677.47,157.68,157.68,0,10.62
474550,664,663.81,150.62,150.62,0,10.62
474555,651,651.5,142.87,142.87,0,10.62
474560,638,638.19,134.52,134.52,0,10.62
474565,625,624.54,125.65,125.65,0,10.62
474570,615,614.81,116.36,116.36,0,10.62
474575,604,604.44,106.73,106.73,0,10.62
474580,592,592.18,96.87,96.87,0,10.62
474585,581,580.59,86.85,86.85,0,10.62
474590,572,571.82,76.76,76.76,0,10.62
474595,563,563.39,66.68,66.68,0,10.62
474600,551,551.17,56.7,56.7,0,10.62
474605,538,537.62,46.89,46.89,0,10.62
474610,530,529.83,37.31,37.31,0,10.62
474615,521,521.37,28.05,28.05,0,10.62
474620,511,511.17,19.14,19.14,0,10.62
474625,503,502.63,10.66,10.66,0,10.62
474630,493,492.84,2.65,2.65,0,10.62
474635,481,481.36,-4.85,-4.85,0,10.62
474640,474,474.16,-11.81,-11.81,0,10.62
474645,465,464.65,-18.19,-18.19,0,10.62
474650,462,461.85,-23.98,-23.98,0,10.62
474655,458,458.35,-29.17,-29.17,0,10.62
474660,453,453.15,-33.74,-33.74,0,10.62
474665,451,450.66,-37.71,-37.71,0,10.62
474670,450,449.86,-41.09,-41.09,0,10.62
474675,446,446.34,-43.89,-43.89,0,10.62
474680,450,450.13,-46.14,-46.14,0,10.62
474685,453,452.66,-47.88,-47.88,0,10.62
474690,457,456.88,-49.13,-49.13,0,10.62
474695,458,458.33,-49.94,-49.94,0,10.62
474700,460,460.11,-50.36,-49.94,0,10.62
474705,466,465.68,-50.43,-49.94,0,10.62
474710,469,468.91,-50.2,-49.94,0,10.62
474715,472,472.31,-49.73,-49.73,0,10.62
474720,479,479.08,-49.07,-49.07,0,10.62
474725,484,483.7,-48.26,-48.26,0,10.62
474730,485,484.94,-47.36,-47.36,0,10.62
474735,487,487.28,-46.42,-46.42,0,10.62
474740,487,487.05,-45.47,-45.47,0,10.62
474745,489,488.73,-44.55,-44.55,0,10.62
474750,490,489.97,-43.7,-43.7,0,10.62
474755,489,489.25,-42.96,-42.96,0,10.62
474760,489,489.01,-42.35,-42.35,0,10.62
474765,488,487.77,-41.9,-41.9,0,10.62
474770,486,486.0,-41.62,-41.9,0,10.62
474775,485,485.22,-41.54,-41.9,0,10.62
474780,485,484.98,-41.65,-41.9,0,10.62
474785,481,480.8,-41.98,-41.98,0,10.62
474790,477,477.03,-42.52,-42.52,0,10.62
474795,476,476.19,-43.27,-43.27,0,10.62
474800,471,470.96,-44.24,-44.24,0,10.62
474805,472,471.83,-45.42,-45.42,0,10.62
474810,471,471.05,-46.8,-46.8,0,10.62
474815,465,465.15,-48.38,-48.38,0,10.62
474820,464,463.93,-50.14,-50.14,0,10.62
474825,461,460.87,-52.07,-52.07,0,10.62
474830,455,455.09,-54.15,-54.15,0,10.62
474835,455,455.11,-56.37,-56.37,0,10.62
474840,453,452.9,-58.71,-58.71,0,10.62
474845,452,451.91,-61.16,-61.16,0,10.62
474850,448,448.12,-63.7,-63.7,0,10.62
474855,446,446.07,-66.3,-66.3,0,10.62
474860,442,441.87,-68.96,-68.96,0,10.62
474865,441,440.95,-71.63,-71.63,0,10.62
474870,438,438.14,-74.32,-74.32,0,10.62
474875,437,437.02,-76.99,-76.99,0,10.62
474880,437,436.84,-79.62,-79.62,0,10.62
474885,436,436.0,-82.19,-82.19,0,10.62
474890,435,435.17,-84.68,-84.68,0,10.62
474895,434,433.97,-87.07,-87.07,0,10.62
474900,436,435.82,-89.32,-89.32,0,10.62
474905,434,434.05,-91.42,-91.42,0,10.62
474910,430,430.18,-93.34,-93.34,0,10.62
474915,442,441.92,-95.04,-95.04,0,10.62
474920,434,433.82,-96.51,-96.51,0,10.62
474925,432,432.09,-97.71,-97.71,0,10.62
474930,432,432.18,-98.61,-98.61,0,10.62
474935,432,431.91,-99.17,-98.61,0,10.62
474940,430,429.82,-99.36,-98.61,0,10.62
474945,431,431.09,-99.14,-98.61,0,10.62
474950,432,432.18,-98.48,-98.48,0,10.62
474955,428,427.91,-97.34,-97.34,0,10.62
474960,431,430.82,-95.69,-95.69,0,10.62
474965,428,428.1,-93.49,-93.49,0,10.62
474970,429,429.18,-90.7,-90.7,0,10.62
474975,429,428.89,-87.3,-87.3,0,10.62
474980,430,429.82,-83.26,-83.26,0,10.62
474985,432,432.11,-78.56,-78.56,0,10.62
474990,430,430.19,-73.16,-73.16,0,10.62
474995,430,429.87,-67.07,-67.07,0,10.62
475000,427,426.81,-60.25,-60.25,0,10.62
475005,431,431.14,-52.73,-52.73,0,10.62
475010,429,429.2,-44.49,-44.49,0,10.62
475015,434,433.85,-35.57,-35.57,0,10.62
475020,436,435.8,-25.97,-25.97,0,10.62
475025,438,438.17,-15.75,-15.75,0,10.62
475030,447,447.21,-4.96,-4.96,0,10.62
475035,462,461.83,6.35,6.35,0,10.62
475040,474,473.79,18.1,18.1,0,10.62
475045,491,491.17,30.19,30.19,0,10.62
475050,514,514.21,42.53,42.53,0,10.62
475055,538,537.84,55.01,55.01,0,10.62
475060,564,563.79,67.5,67.5,0,10.62
475065,591,591.16,79.89,79.89,0,10.62
475070,616,616.22,92.03,92.03,0,10.62
475075,642,641.84,103.82,103.82,0,10.62
475080,665,664.78,115.11,115.11,0,10.62
475085,683,683.15,125.78,125.78,0,10.62
475090,703,703.22,135.73,135.73,0,10.62
475095,722,721.85,144.85,144.85,0,10.62
475100,732,731.78,153.04,153.04,0,10.62
475105,741,741.13,160.23,160.23,0,10.62
475110,748,748.22,166.35,166.35,0,10.62
475115,753,752.88,171.35,171.35,0,10.62
475120,755,754.78,175.19,175.19,0,10.62
475125,748,748.09,177.86,177.86,0,10.62
475130,748,748.22,179.35,177.86,0,10.62
475135,740,739.93,179.66,177.86,0,10.62
475140,734,733.78,178.82,177.86,0,10.62
475145,726,726.04,176.87,176.87,0,10.62
475150,715,715.22,173.84,173.84,0,10.62
475155,704,703.98,169.8,169.8,0,10.62
475160,695,694.79,164.81,164.81,0,10.62
475165,683,683.0,158.94,158.94,0,10.62
475170,670,670.21,152.27,152.27,0,10.62
475175,658,658.02,144.87,144.87,0,10.62
475180,649,648.8,136.83,136.83,0,10.62
475185,638,637.97,128.24,128.24,0,10.62
475190,626,626.2,119.19,119.19,0,10.62
475195,613,613.04,109.76,109.76,0,10.62
475200,605,604.81,100.04,100.04,0,10.62
475205,595,594.95,90.11,90.11,0,10.62
475210,587,587.18,80.07,80.07,0,10.62
475215,575,575.05,69.98,69.98,0,10.62
475220,564,563.82,59.93,59.93,0,10.62
475225,554,553.94,49.99,49.99,0,10.62
475230,546,546.18,40.24,40.24,0,10.62
475235,533,533.07,30.73,30.73,0,10.62
475240,523,522.81,21.54,21.54,0,10.62
475245,512,511.93,12.72,12.72,0,10.62
475250,501,501.2,4.32,4.32,0,10.62
475255,492,492.08,-3.62,-3.62,0,10.62
475260,485,484.8,-11.05,-11.05,0,10.62
475265,476,475.92,-17.96,-17.96,0,10.62
475270,469,469.2,-24.3,-24.3,0,10.62
475275,464,464.09,-30.07,-30.07,0,10.62
475280,459,458.8,-35.26,-35.26,0,10.62
475285,458,457.9,-39.87,-39.87,0,10.62
475290,453,453.21,-43.9,-43.9,0,10.62
475295,454,454.1,-47.37,-47.37,0,10.62
475300,454,453.79,-50.31,-50.31,0,10.62
475305,456,455.9,-52.73,-52.73,0,10.62
475310,455,455.21,-54.67,-54.67,0,10.62
475315,464,464.11,-56.17,-56.17,0,10.62
475320,462,461.8,-57.27,-57.27,0,10.62
475325,465,464.88,-58.01,-58.01,0,10.62
475330,467,467.2,-58.43,-58.31,0,10.62
475335,470,470.13,-58.59,-58.31,0,10.62
475340,474,473.8,-58.54,-58.31,0,10.62
475345,476,475.85,-58.31,-58.31,0,10.62
475350,476,476.19,-57.96,-57.96,0,10.62
475355,480,480.16,-57.53,-57.53,0,10.62
475360,484,483.82,-57.06,-57.06,0,10.62
475365,483,482.83,-56.59,-56.59,0,10.62
475370,482,482.16,-56.16,-56.16,0,10.62
475375,484,484.19,-55.8,-55.8,0,10.62
475380,482,481.86,-55.53,-55.57,0,10.62
475385,483,482.8,-55.4,-55.57,0,10.62
475390,480,480.12,-55.4,-55.57,0,10.62
475395,480,480.22,-55.57,-55.57,0,10.62
475400,475,474.9,-55.92,-55.92,0,10.62
475405,475,474.77,-56.45,-56.45,0,10.62
475410,472,472.09,-57.17,-57.17,0,10.62
475415,470,470.25,-58.08,-58.08,0,10.62
475420,468,467.93,-59.19,-59.19,0,10.62
475425,464,463.73,-60.48,-60.48,0,10.62
475430,460,460.06,-61.96,-61.96,0,10.62
475435,457,457.28,-63.61,-63.61,0,10.62
475440,455,454.96,-65.43,-65.43,0,10.62
475445,453,452.7,-67.4,-67.4,0,10.62
475450,450,450.02,-69.51,-69.51,0,10.62
475455,447,447.32,-71.75,-71.75,0,10.62
475460,447,447.0,-74.09,-74.09,0,10.62
475465,443,442.67,-76.52,-76.52,0,10.62
475470,441,440.97,-79.03,-79.03,0,10.62
475475,440,440.35,-81.58,-81.58,0,10.62
475480,436,436.05,-84.17,-84.17,0,10.62
475485,438,437.63,-86.77,-86.77,0,10.62
475490,436,435.93,-89.36,-89.36,0,10.62
475495,432,432.38,-91.91,-91.91,0,10.62
475500,433,433.09,-94.4,-94.4,0,10.62
475505,434,433.61,-96.8,-96.8,0,10.62
475510,431,430.9,-99.09,-99.09,0,10.62
475515,431,431.4,-101.23,-101.23,0,10.62
475520,429,429.12,-103.2,-103.2,0,10.62
475525,430,429.59,-104.97,-104.97,0,10.62
475530,427,426.86,-106.5,-106.5,0,10.62
475535,427,427.42,-107.75,-107.75,0,10.62
475540,428,428.16,-108.7,-108.7,0,10.62
475545,430,429.57,-109.3,-108.7,0,10.62
475550,428,427.82,-109.51,-108.7,0,10.62
475555,427,427.43,-109.3,-108.7,0,10.62
475560,430,430.21,-108.63,-108.63,0,10.62
475565,428,427.57,-107.46,-107.46,0,10.62
475570,428,427.77,-105.75,-105.75,0,10.62
475575,429,429.43,-103.45,-103.45,0,10.62
475580,428,428.26,-100.53,-100.53,0,10.62
475585,431,430.57,-96.95,-96.95,0,10.62
475590,428,427.71,-92.67,-92.67,0,10.62
475595,427,427.43,-87.67,-87.67,0,10.62
475600,426,426.32,-81.92,-81.92,0,10.62
475605,429,428.57,-75.4,-75.4,0,10.62
475610,427,426.65,-68.08,-68.08,0,10.62
475615,429,429.43,-59.96,-59.96,0,10.62
475620,428,428.38,-51.04,-51.04,0,10.62
475625,431,430.58,-41.34,-41.34,0,10.62
475630,433,432.6,-30.86,-30.86,0,10.62
475635,440,440.43,-19.65,-19.65,0,10.62
475640,446,446.44,-7.76,-7.76,0,10.62
475645,457,456.58,4.76,4.76,0,10.62
475650,471,470.53,17.84,17.84,0,10.62
475655,499,499.44,31.37,31.37,0,10.62
475660,512,512.5,45.26,45.26,0,10.62
475665,538,537.54,59.41,59.41,0,10.62
475670,564,563.46,73.67,73.67,0,10.62
475675,593,593.49,87.92,87.92,0,10.62
475680,621,621.57,102.03,102.03,0,10.62
475685,649,648.47,115.86,115.86,0,10.62
475690,676,675.38,129.26,129.26,0,10.62
475695,699,699.56,142.11,142.11,0,10.62
475700,722,722.65,154.27,154.27,0,10.62
475705,764,763.42,165.62,165.62,0,10.62
475710,757,756.3,176.05,176.05,0,10.62
475715,770,770.56,185.47,185.47,0,10.62
475720,753,753.72,193.79,193.79,0,10.62
475725,786,785.46,200.95,200.95,0,10.62
475730,789,788.29,206.89,206.89,0,10.62
475735,789,789.51,211.58,211.58,0,10.62
475740,787,787.68,215.0,215.0,0,10.62
475745,785,784.52,217.12,215.89,0,10.62
475750,778,777.34,217.96,215.89,0,10.62
475755,771,771.45,217.54,215.89,0,10.62
475760,764,764.64,215.89,215.89,0,10.62
475765,758,757.58,213.04,213.04,0,10.62
475770,742,741.38,209.05,209.05,0,10.62
475775,736,736.39,203.99,203.99,0,10.62
475780,723,723.61,197.91,197.91,0,10.62
475785,709,708.64,190.9,190.9,0,10.62
475790,699,698.4,183.03,183.03,0,10.62
475795,688,688.33,174.38,174.38,0,10.62
475800,678,678.6,165.04,165.04,0,10.62
475805,663,662.69,155.09,155.09,0,10.62
475810,662,661.41,144.63,144.63,0,10.62
475815,643,643.3,133.74,133.74,0,10.62
475820,630,630.58,122.51,122.51,0,10.62
475825,622,621.72,111.03,111.03,0,10.62
475830,609,608.45,99.38,99.38,0,10.62
475835,601,601.27,87.65,87.65,0,10.62
475840,587,587.53,75.93,75.93,0,10.62
475845,575,574.74,64.28,64.28,0,10.62
475850,562,561.48,52.8,52.8,0,10.62
475855,547,547.24,41.55,41.55,0,10.62
475860,537,537.5,30.6,30.6,0,10.62
475865,522,521.77,20.02,20.02,0,10.62
475870,510,509.51,9.87,9.87,0,10.62
475875,498,498.22,0.21,0.21,0,10.62
475880,488,488.48,-8.93,-8.93,0,10.62
475885,476,475.79,-17.49,-17.49,0,10.62
475890,468,467.53,-25.44,-25.44,0,10.62
475895,459,459.2,-32.77,-32.77,0,10.62
475900,453,453.47,-39.45,-39.45,0,10.62
475905,443,442.81,-45.46,-45.46,0,10.62
475910,443,442.53,-50.82,-50.82,0,10.62
475915,441,441.2,-55.53,-55.53,0,10.62
475920,440,440.47,-59.6,-59.6,0,10.62
475925,439,438.8,-63.06,-63.06,0,10.62
475930,439,438.53,-65.93,-65.93,0,10.62
475935,441,441.2,-68.25,-68.25,0,10.62
475940,442,442.47,-70.06,-70.06,0,10.62
475945,444,443.79,-71.4,-71.4,0,10.62
475950,447,446.52,-72.33,-72.33,0,10.62
475955,452,452.22,-72.88,-72.86,0,10.62
475960,453,453.48,-73.12,-72.86,0,10.62
475965,459,458.77,-73.09,-72.86,0,10.62
475970,468,467.52,-72.86,-72.86,0,10.62
475975,462,462.24,-72.46,-72.46,0,10.62
475980,465,465.48,-71.95,-71.95,0,10.62
475985,466,465.75,-71.37,-71.37,0,10.62
475991,468,467.54,-70.76,-70.76,0,10.62
475995,467,467.26,-70.17,-70.17,0,10.62
476000,467,467.45,-69.63,-69.63,0,10.62
476005,469,468.74,-69.18,-69.18,0,10.62
476010,467,466.56,-68.83,-68.83,0,10.62
476015,466,466.27,-68.61,-68.83,0,10.62
476020,465,465.42,-68.54,-68.83,0,10.62
476025,463,462.72,-68.64,-68.83,0,10.62
476030,460,459.59,-68.91,-68.91,0,10.62
476035,457,457.28,-69.36,-69.36,0,10.62
476040,455,455.41,-70.0,-70.0,0,10.62
476045,452,451.72,-70.81,-70.81,0,10.62
476050,449,448.6,-71.81,-71.81,0,10.62
476055,438,438.28,-72.98,-72.98,0,10.62
476060,439,439.39,-74.31,-74.31,0,10.62
476065,440,439.73,-75.79,-75.79,0,10.62
476070,437,436.62,-77.42,-77.42,0,10.62
476075,438,438.26,-79.17,-79.17,0,10.62
476080,432,432.36,-81.04,-81.04,0,10.62
476085,431,430.75,-83.01,-83.01,0,10.62
476090,429,428.65,-85.06,-85.06,0,10.62
476095,428,428.24,-87.17,-87.17,0,10.62
476100,424,424.33,-89.33,-89.33,0,10.62
476105,426,425.76,-91.52,-91.52,0,10.62
476110,423,422.68,-93.71,-93.71,0,10.62
476115,417,417.23,-95.88,-95.88,0,10.62
476120,420,420.3,-98.02,-98.02,0,10.62
476125,420,419.79,-100.1,-100.1,0,10.62
476130,419,418.72,-102.09,-102.09,0,10.62
476135,418,418.19,-103.97,-103.97,0,10.62
476140,419,419.26,-105.71,-105.71,0,10.62
476145,420,419.83,-107.29,-107.29,0,10.62
476150,417,416.75,-108.68,-108.68,0,10.62
476155,418,418.14,-109.84,-109.84,0,10.62
476160,418,418.24,-110.75,-110.75,0,10.62
476165,421,420.88,-111.38,-111.18,0,10.62
476170,418,417.77,-111.68,-111.18,0,10.62
476175,420,420.09,-111.63,-111.18,0,10.62
476180,419,419.22,-111.18,-111.18,0,10.62
476185,421,420.94,-110.31,-110.31,0,10.62
476190,420,419.79,-108.96,-108.96,0,10.62
476195,421,421.02,-107.11,-107.11,0,10.62
476200,422,422.21,-104.71,-104.71,0,10.62
476205,419,419.01,-101.73,-101.73,0,10.62
476210,420,419.8,-98.12,-98.12,0,10.62
476215,421,420.97,-93.86,-93.86,0,10.62
476220,421,421.2,-88.91,-88.91,0,10.62
476225,420,420.06,-83.25,-83.25,0,10.62
476230,422,421.8,-76.85,-76.85,0,10.62
476235,422,421.92,-69.69,-69.69,0,10.62
476240,421,421.2,-61.76,-61.76,0,10.62
476245,422,422.11,-53.06,-53.06,0,10.62
476250,423,422.8,-43.6,-43.6,0,10.62
476255,425,424.87,-33.39,-33.39,0,10.62
476260,429,429.2,-22.46,-22.46,0,10.62
476265,434,434.15,-10.85,-10.85,0,10.62
476270,444,443.81,1.37,1.37,0,10.62
476275,459,458.83,14.15,14.15,0,10.62
476280,480,480.2,27.4,27.4,0,10.62
476285,495,495.19,41.02,41.02,0,10.62
476290,520,519.79,54.91,54.91,0,10.62
476295,542,541.8,68.94,68.94,0,10.62
476300,572,572.23,82.99,82.99,0,10.62
476305,599,599.23,96.92,96.92,0,10.62
476310,631,630.76,110.59,110.59,0,10.62
476315,657,656.75,123.86,123.86,0,10.62
476320,680,680.24,136.61,136.61,0,10.62
476325,705,705.27,148.69,148.69,0,10.62
476330,724,723.75,159.98,159.98,0,10.62
476335,743,742.71,170.37,170.37,0,10.62
476340,755,755.26,179.76,179.76,0,10.62
476345,764,764.31,188.06,188.06,0,10.62
476350,774,773.73,195.2,195.2,0,10.62
476355,776,775.67,201.12,201.12,0,10.62
476360,777,777.27,205.78,205.78,0,10.62
476365,777,777.34,209.16,209.16,0,10.62
476370,771,770.73,211.24,209.86,0,10.62
476375,766,765.64,212.04,209.86,0,10.62
476380,756,756.28,211.57,209.86,0,10.62
476385,750,750.38,209.86,209.86,0,10.62
476390,739,738.72,206.96,206.96,0,10.62
476395,729,728.59,202.92,202.92,0,10.62
476400,718,718.28,197.8,197.8,0,10.62
476405,707,707.44,191.68,191.68,0,10.62
476410,694,693.71,184.63,184.63,0,10.62
476415,682,681.54,176.73,176.73,0,10.62
476420,672,672.29,168.07,168.07,0,10.62
476425,660,660.5,158.73,158.73,0,10.62
476430,647,646.7,148.82,148.82,0,10.62
476435,636,635.47,138.41,138.41,0,10.62
476440,624,624.32,127.6,127.6,0,10.62
476445,612,612.57,116.47,116.47,0,10.62
476450,604,603.67,105.13,105.13,0,10.62
476455,592,591.4,93.65,93.65,0,10.62
476460,580,580.34,82.13,82.13,0,10.62
476465,568,568.64,70.63,70.63,0,10.62
476470,561,560.66,59.26,59.26,0,10.62
476475,545,544.33,48.07,48.07,0,10.62
476480,527,527.34,37.15,37.15,0,10.62
476485,495,495.69,26.56,26.56,0,10.62
476490,508,507.67,16.37,16.37,0,10.62
476495,495,494.32,6.63,6.63,0,10.62
476500,483,483.31,-2.6,-2.6,0,10.62
476505,474,474.65,-11.3,-11.3,0,10.62
476510,464,463.7,-19.41,-19.41,0,10.62
476515,455,454.37,-26.92,-26.92,0,10.62
476520,448,448.28,-33.8,-33.8,0,10.62
476525,444,444.61,-40.05,-40.05,0,10.62
476530,441,440.74,-45.65,-45.65,0,10.62
476535,436,435.41,-50.61,-50.61,0,10.62
476540,434,434.24,-54.95,-54.95,0,10.62
476545,432,432.57,-58.67,-58.67,0,10.62
476550,433,432.78,-61.81,-61.81,0,10.62
476555,435,434.45,-64.39,-64.39,0,10.62
476560,436,436.2,-66.45,-66.45,0,10.62
476565,436,436.54,-68.02,-68.02,0,10.62
476570,439,438.82,-69.16,-69.16,0,10.62
476575,443,442.48,-69.89,-69.89,0,10.62
476580,446,446.16,-70.28,-69.89,0,10.62
476585,448,448.5,-70.36,-69.89,0,10.62
476590,445,444.85,-70.19,-69.89,0,10.62
476595,454,453.52,-69.81,-69.81,0,10.62
476600,453,453.14,-69.27,-69.27,0,10.62
476605,454,454.45,-68.62,-68.62,0,10.62
476610,459,458.86,-67.88,-67.88,0,10.62
476615,460,459.57,-67.12,-67.12,0,10.62
476620,461,461.14,-66.35,-66.35,0,10.62
476625,461,461.4,-65.62,-65.62,0,10.62
476630,459,458.86,-64.94,-64.94,0,10.62
476635,459,458.63,-64.35,-64.35,0,10.62
476640,456,456.13,-63.87,-63.87,0,10.62
476645,458,458.35,-63.51,-63.51,0,10.62
476650,455,454.87,-63.28,-63.49,0,10.62
476655,452,451.67,-63.2,-63.49,0,10.62
476660,451,451.13,-63.27,-63.49,0,10.62
476665,447,447.32,-63.49,-63.49,0,10.62
476670,445,444.88,-63.87,-63.87,0,10.62
476675,443,442.7,-64.39,-64.39,0,10.62
476680,440,440.12,-65.07,-65.07,0,10.62
476685,439,439.28,-65.88,-65.88,0,10.62
476690,436,435.88,-66.83,-66.83,0,10.62
476695,434,433.73,-67.9,-67.9,0,10.62
476700,430,430.12,-69.09,-69.09,0,10.62
476705,429,429.26,-70.38,-70.38,0,10.62
476710,427,426.89,-71.77,-71.77,0,10.62
476715,425,424.76,-73.23,-73.23,0,10.62
476720,424,424.11,-74.77,-74.77,0,10.62
476725,425,425.23,-76.38,-76.38,0,10.62
476730,419,418.9,-78.03,-78.03,0,10.62
476735,417,416.77,-79.71,-79.71,0,10.62
476740,417,417.1,-81.43,-81.43,0,10.62
476745,413,413.23,-83.15,-83.15,0,10.62
476750,417,416.9,-84.89,-84.89,0,10.62
476755,407,406.77,-86.62,-86.62,0,10.62
476760,412,412.1,-88.33,-88.33,0,10.62
476765,410,410.24,-90.01,-90.01,0,10.62
476770,412,411.91,-91.67,-91.67,0,10.62
476775,411,410.75,-93.27,-93.27,0,10.62
476780,411,411.08,-94.83,-94.83,0,10.62
476785,411,411.26,-96.32,-96.32,0,10.62
476790,411,410.93,-97.73,-97.73,0,10.62
476795,411,410.73,-99.06,-99.06,0,10.62
476800,410,410.06,-100.29,-100.29,0,10.62
476805,412,412.28,-101.4,-101.4,0,10.62
476810,413,412.95,-102.39,-102.39,0,10.62
476815,414,413.71,-103.23,-103.23,0,10.62
476820,414,414.04,-103.91,-103.91,0,10.62
476825,413,413.3,-104.4,-104.4,0,10.62
476830,415,414.98,-104.68,-104.4,0,10.62
476835,422,421.69,-104.74,-104.4,0,10.62
476840,419,419.01,-104.53,-104.4,0,10.62
476845,420,420.3,-104.04,-104.04,0,10.62
476850,419,419.0,-103.23,-103.23,0,10.62
476855,422,421.7,-102.07,-102.07,0,10.62
476860,422,422.0,-100.53,-100.53,0,10.62
476865,423,423.3,-98.56,-98.56,0,10.62
476870,423,423.01,-96.13,-96.13,0,10.62
476875,424,423.71,-93.21,-93.21,0,10.62
476880,425,424.99,-89.75,-89.75,0,10.62
476885,426,426.29,-85.72,-85.72,0,10.62
476890,421,421.01,-81.08,-81.08,0,10.62
476895,424,423.7,-75.8,-75.8,0,10.62
476900,424,423.99,-69.85,-69.85,0,10.62
476905,424,424.3,-63.19,-63.19,0,10.62
476910,423,423.0,-55.82,-55.82,0,10.62
476915,424,423.69,-47.72,-47.72,0,10.62
476920,422,422.01,-38.88,-38.88,0,10.62
476925,427,427.31,-29.31,-29.31,0,10.62
476930,428,427.99,-19.01,-19.01,0,10.62
476935,432,431.68,-8.03,-8.03,0,10.62
476940,439,439.02,3.61,3.61,0,10.62
476945,443,443.33,15.85,15.85,0,10.62
476950,461,460.99,28.62,28.62,0,10.62
476955,479,478.67,41.84,41.84,0,10.62
476960,497,497.02,55.42,55.42,0,10.62
476965,521,521.33,69.24,69.24,0,10.62
476970,547,546.98,83.19,83.19,0,10.62
476975,576,575.67,97.14,97.14,0,10.62
476980,608,608.03,110.96,110.96,0,10.62
476985,634,634.32,124.49,124.49,0,10.62
476990,660,659.96,137.61,137.61,0,10.62
476995,689,688.68,150.18,150.18,0,10.62
477000,711,711.05,162.07,162.07,0,10.62
477005,731,731.31,173.15,173.15,0,10.62
477010,747,746.93,183.32,183.32,0,10.62
477015,760,759.69,192.47,192.47,0,10.62
477020,771,771.09,200.51,200.51,0,10.62
477025,776,776.31,207.38,207.38,0,10.62
477030,781,780.89,213.02,213.02,0,10.62
477035,783,782.69,217.39,217.39,0,10.62
477040,781,781.13,220.47,220.47,0,10.62
477045,775,775.3,222.26,220.47,0,10.62
477050,770,769.84,222.76,220.47,0,10.62
477055,763,762.71,221.99,220.47,0,10.62
477060,751,751.18,220.0,220.0,0,10.62
477065,742,742.28,216.82,216.82,0,10.62
477070,730,729.8,212.52,212.52,0,10.62
477075,718,717.73,207.17,207.17,0,10.62
477080,704,704.22,200.83,200.83,0,10.62
477085,693,693.26,193.59,193.59,0,10.62
477090,685,684.77,185.53,185.53,0,10.62
477095,669,668.74,176.74,176.74,0,10.62
477100,656,656.24,167.31,167.31,0,10.62
477105,645,645.25,157.34,157.34,0,10.62
477110,635,634.75,146.91,146.91,0,10.62
477115,623,622.76,136.11,136.11,0,10.62
477120,612,612.25,125.04,125.04,0,10.62
477125,600,600.23,113.77,113.77,0,10.62
477130,592,591.75,102.41,102.41,0,10.62
477135,580,579.78,91.03,91.03,0,10.62
477140,569,569.25,79.71,79.71,0,10.62
477145,557,557.21,68.53,68.53,0,10.62
477150,546,545.75,57.55,57.55,0,10.62
477155,534,533.8,46.86,46.86,0,10.62
477160,520,520.25,36.51,36.51,0,10.62
477165,510,510.19,26.56,26.56,0,10.62
477170,504,503.75,17.07,17.07,0,10.62
477175,487,486.82,8.08,8.08,0,10.62
477180,474,474.23,-0.37,-0.37,0,10.62
477185,463,463.17,-8.24,-8.24,0,10.62
477190,460,459.79,-15.51,-15.51,0,10.62
477195,451,450.85,-22.16,-22.16,0,10.62
477200,450,450.19,-28.18,-28.18,0,10.62
477205,445,445.13,-33.57,-33.57,0,10.62
477210,443,442.84,-38.34,-38.34,0,10.62
477215,441,440.88,-42.5,-42.5,0,10.62
477220,441,441.14,-46.07,-46.07,0,10.62
477225,433,433.1,-49.08,-49.08,0,10.62
477230,442,441.88,-51.56,-51.56,0,10.62
477235,447,446.93,-53.55,-53.55,0,10.62
477240,451,451.11,-55.09,-55.09,0,10.62
477245,453,453.03,-56.23,-56.23,0,10.62
477250,450,449.9,-57.01,-57.01,0,10.62
477255,456,456.01,-57.48,-57.48,0,10.62
477260,457,457.1,-57.69,-57.48,0,10.62
477265,461,460.96,-57.68,-57.48,0,10.62
477270,462,461.91,-57.5,-57.48,0,10.62
477275,465,465.07,-57.2,-57.2,0,10.62
477280,467,467.09,-56.82,-56.82,0,10.62
477285,468,467.89,-56.4,-56.4,0,10.62
477290,469,468.9,-55.96,-55.96,0,10.62
477295,468,468.14,-55.55,-55.55,0,10.62
477300,470,470.1,-55.2,-55.2,0,10.62
477305,467,466.82,-54.91,-54.91,0,10.62
477310,466,465.9,-54.72,-54.82,0,10.62
477315,463,463.21,-54.63,-54.82,0,10.62
477320,462,462.11,-54.66,-54.82,0,10.62
477325,460,459.76,-54.82,-54.82,0,10.62
477330,458,457.89,-55.1,-55.1,0,10.62
477335,456,456.27,-55.51,-55.51,0,10.62
477340,453,453.12,-56.05,-56.05,0,10.62
477345,450,449.69,-56.71,-56.71,0,10.62
477350,447,446.88,-57.48,-57.48,0,10.62
477355,440,440.34,-58.35,-58.35,0,10.62
477360,442,442.13,-59.31,-59.31,0,10.62
477365,438,437.63,-60.36,-60.36,0,10.62
477370,436,435.86,-61.47,-61.47,0,10.62
477375,434,434.4,-62.64,-62.64,0,10.62
477380,431,431.15,-63.85,-63.85,0,10.62
477385,432,431.58,-65.1,-65.1,0,10.62
477390,428,427.84,-66.36,-66.36,0,10.62
477395,425,425.45,-67.63,-67.63,0,10.62
477400,425,425.16,-68.89,-68.89,0,10.62
477405,419,418.53,-70.15,-70.15,0,10.62
477410,424,423.83,-71.38,-71.38,0,10.62
477415,421,421.51,-72.59,-72.59,0,10.62
477420,412,412.17,-73.76,-73.76,0,10.62
477425,419,418.46,-74.89,-74.89,0,10.62
477430,418,417.84,-75.98,-75.98,0,10.62
477435,417,417.58,-77.04,-77.04,0,10.62
477440,418,418.15,-78.04,-78.04,0,10.62
477445,416,415.38,-79.01,-79.01,0,10.62
477450,416,415.87,-79.93,-79.93,0,10.62
477455,416,416.66,-80.82,-80.82,0,10.62
477460,417,417.12,-81.68,-81.68,0,10.62
477465,427,426.3,-82.5,-82.5,0,10.62
477470,417,416.89,-83.3,-83.3,0,10.62
477475,416,416.72,-84.08,-84.08,0,10.62
477480,417,417.1,-84.84,-84.84,0,10.62
477485,416,415.26,-85.57,-85.57,0,10.62
477490,417,416.91,-86.3,-86.3,0,10.62
477495,417,417.76,-87.01,-87.01,0,10.62
477500,418,418.09,-87.71,-87.71,0,10.62
477505,420,419.22,-88.39,-88.39,0,10.62
477510,424,423.92,-89.07,-89.07,0,10.62
477515,423,423.8,-89.73,-89.73,0,10.62
477520,427,427.06,-90.37,-90.37,0,10.62
477525,426,425.18,-90.98,-90.98,0,10.62
477530,424,423.95,-91.56,-91.56,0,10.62
477535,425,425.85,-92.09,-92.09,0,10.62
477540,427,427.05,-92.55,-92.55,0,10.62
477545,427,426.13,-92.94,-92.94,0,10.62
477550,428,427.95,-93.22,-93.22,0,10.62
477555,430,430.9,-93.38,-93.22,0,10.62
477560,431,431.04,-93.4,-93.22,0,10.62
477565,430,429.07,-93.23,-93.22,0,10.62
477570,431,430.96,-92.85,-92.85,0,10.62
477575,431,431.97,-92.23,-92.23,0,10.62
477580,433,433.05,-91.33,-91.33,0,10.62
477585,433,432.0,-90.11,-90.11,0,10.62
477590,433,432.95,-88.52,-88.52,0,10.62
477595,406,407.02,-86.54,-86.54,0,10.62
477600,432,432.05,-84.11,-84.11,0,10.62
477605,437,435.99,-81.19,-81.19,0,10.62
477610,434,433.95,-77.75,-77.75,0,10.62
477615,433,433.97,-73.75,-73.75,0,10.62
477620,433,433.05,-69.14,-69.14,0,10.62
477625,432,431.07,-63.91,-63.91,0,10.62
477630,432,431.95,-58.01,-58.01,0,10.62
477635,431,431.9,-51.43,-51.43,0,10.62
477640,431,431.05,-44.14,-44.14,0,10.62
477645,431,430.14,-36.14,-36.14,0,10.62
477650,430,429.95,-27.42,-27.42,0,10.62
477655,433,433.83,-17.99,-17.99,0,10.62
477660,433,433.05,-7.87,-7.87,0,10.62
477665,435,434.19,2.9,2.9,0,10.62
477670,448,447.95,14.29,14.29,0,10.62
477675,455,455.8,26.23,26.23,0,10.62
477680,474,474.05,38.64,38.64,0,10.62
477685,494,493.23,51.43,51.43,0,10.62
477690,515,514.96,64.51,64.51,0,10.62
477695,539,539.75,77.76,77.76,0,10.62
477700,569,569.04,91.05,91.05,0,10.62
477705,598,597.27,104.25,104.25,0,10.62
477710,624,623.96,117.23,117.23,0,10.62
477715,650,650.7,129.85,129.85,0,10.62
477720,676,676.04,141.98,141.98,0,10.62
477725,701,700.32,153.48,153.48,0,10.62
477730,722,721.95,164.24,164.24,0,10.62
477735,740,740.65,174.13,174.13,0,10.62
477740,753,753.04,183.06,183.06,0,10.62
477745,764,763.37,190.93,190.93,0,10.62
477750,771,770.96,197.68,197.68,0,10.62
477755,775,775.6,203.25,203.25,0,10.62
477760,775,775.03,207.6,207.6,0,10.62
477765,775,774.42,210.69,210.69,0,10.62
477770,770,769.97,212.53,210.69,0,10.62
477775,764,764.56,213.13,210.69,0,10.62
477780,757,757.02,212.49,210.69,0,10.62
477785,747,746.46,210.65,210.65,0,10.62
477790,736,735.98,207.67,207.67,0,10.62
477795,724,724.52,203.59,203.59,0,10.62
477800,713,713.02,198.48,198.48,0,10.62
477805,703,702.5,192.42,192.42,0,10.62
477810,688,687.98,185.49,185.49,0,10.62
477815,676,676.48,177.76,177.76,0,10.62
477820,666,666.02,169.32,169.32,0,10.62
477825,654,653.55,160.27,160.27,0,10.62
477830,640,639.98,150.7,150.7,0,10.62
477835,630,630.43,140.68,140.68,0,10.62
477840,619,619.03,130.33,130.33,0,10.62
477845,608,607.6,119.71,119.71,0,10.62
477850,598,597.96,108.93,108.93,0,10.62
477855,589,589.38,98.06,98.06,0,10.62
477860,578,578.04,87.19,87.19,0,10.62
477865,570,569.64,76.39,76.39,0,10.62
477870,555,554.95,65.73,65.73,0,10.62
477875,546,546.34,55.3,55.3,0,10.62
477880,535,535.07,45.15,45.15,0,10.62
477885,524,523.69,35.35,35.35,0,10.62
477890,507,506.91,25.95,25.95,0,10.62
477895,502,502.29,17.01,17.01,0,10.62
477900,492,492.11,8.57,8.57,0,10.62
477905,482,481.73,0.66,0.66,0,10.62
477910,475,474.86,-6.69,-6.69,0,10.62
477915,464,464.24,-13.44,-13.44,0,10.62
477920,461,461.17,-19.59,-19.59,0,10.62
477925,456,455.78,-25.13,-25.13,0,10.62
477930,454,453.8,-30.05,-30.05,0,10.62
477935,452,452.19,-34.37,-34.37,0,10.62
477940,450,450.23,-38.1,-38.1,0,10.62
477945,450,449.83,-41.26,-41.26,0,10.62
477950,451,450.74,-43.88,-43.88,0,10.62
477955,453,453.15,-45.98,-45.98,0,10.62
477960,451,451.28,-47.61,-47.61,0,10.62
477965,456,455.87,-48.81,-48.81,0,10.62
477970,459,458.7,-49.61,-49.61,0,10.62
477975,461,461.11,-50.07,-49.83,0,10.62
477980,463,463.32,-50.22,-49.83,0,10.62
477985,468,467.91,-50.13,-49.83,0,10.62
477990,468,467.65,-49.83,-49.83,0,10.62
477995,475,475.07,-49.38,-49.38,0,10.62
478000,477,477.37,-48.81,-48.81,0,10.62
478005,474,473.95,-48.18,-48.18,0,10.62
478010,479,478.6,-47.51,-47.51,0,10.62
478015,483,483.04,-46.85,-46.85,0,10.62
478020,478,478.43,-46.23,-46.23,0,10.62
478025,481,480.96,-45.68,-45.68,0,10.62
478030,480,479.54,-45.22,-45.22,0,10.62
478035,479,479.04,-44.87,-44.87,0,10.62
478040,478,478.48,-44.65,-44.87,0,10.62
478045,476,475.95,-44.57,-44.87,0,10.62
478050,473,472.49,-44.65,-44.87,0,10.62
478055,471,471.05,-44.88,-44.88,0,10.62
478060,469,469.54,-45.27,-45.27,0,10.62
478065,465,464.95,-45.81,-45.81,0,10.62
478070,462,461.42,-46.51,-46.51,0,10.62
478075,459,459.05,-47.35,-47.35,0,10.62
478080,457,457.62,-48.33,-48.33,0,10.62
478085,454,453.95,-49.44,-49.44,0,10.62
478090,452,451.34,-50.66,-50.66,0,10.62
478095,448,448.05,-52.0,-52.0,0,10.62
478100,445,445.7,-53.42,-53.42,0,10.62
478105,444,443.95,-54.94,-54.94,0,10.62
478110,443,442.26,-56.52,-56.52,0,10.62
478115,441,441.05,-58.17,-58.17,0,10.62
478120,438,438.78,-59.86,-59.86,0,10.62
478125,436,435.95,-61.59,-61.59,0,10.62
478130,435,434.18,-63.35,-63.35,0,10.62
478135,430,430.05,-65.13,-65.13,0,10.62
478140,429,429.86,-66.92,-66.92,0,10.62
478145,429,428.96,-68.71,-68.71,0,10.62
478150,427,426.1,-70.49,-70.49,0,10.62
478155,427,427.04,-72.26,-72.26,0,10.62
478160,428,428.94,-74.01,-74.01,0,10.62
478165,425,424.96,-75.74,-75.74,0,10.62
478170,450,449.03,-77.45,-77.45,0,10.62
478175,423,423.03,-79.12,-79.12,0,10.62
478180,421,421.97,-80.76,-80.76,0,10.62
478185,424,423.97,-82.35,-82.35,0,10.62
478190,423,422.05,-83.88,-83.88,0,10.62
478195,423,423.02,-85.36,-85.36,0,10.62
478200,423,423.94,-86.77,-86.77,0,10.62
478205,423,422.99,-88.11,-88.11,0,10.62
478210,423,422.08,-89.36,-89.36,0,10.62
478215,426,426.01,-90.51,-90.51,0,10.62
478220,425,425.91,-91.55,-91.55,0,10.62
478225,425,424.99,-92.48,-92.48,0,10.62
478230,427,426.1,-93.27,-93.27,0,10.62
478235,428,428.01,-93.91,-93.91,0,10.62
478240,429,429.9,-94.38,-94.38,0,10.62
478245,429,428.99,-94.66,-94.38,0,10.62
478250,438,437.11,-94.73,-94.38,0,10.62
478255,429,429.01,-94.56,-94.38,0,10.62
478260,430,430.87,-94.12,-94.12,0,10.62
478265,430,429.99,-93.39,-93.39,0,10.62
478270,438,437.15,-92.34,-92.34,0,10.62
478275,432,432.01,-90.93,-90.93,0,10.62
478280,433,433.81,-89.12,-89.12,0,10.62
478285,427,426.98,-86.88,-86.88,0,10.62
478290,432,431.22,-84.19,-84.19,0,10.62
478295,432,432.03,-80.99,-80.99,0,10.62
478300,433,433.75,-77.27,-77.27,0,10.62
478305,434,433.96,-72.98,-72.98,0,10.62
478310,433,432.28,-68.1,-68.1,0,10.62
478315,435,435.06,-62.61,-62.61,0,10.62
478320,432,432.7,-56.48,-56.48,0,10.62
478325,433,432.92,-49.7,-49.7,0,10.62
478330,433,432.33,-42.26,-42.26,0,10.62
478335,433,433.09,-34.16,-34.16,0,10.62
478340,432,432.65,-25.41,-25.41,0,10.62
478345,435,434.89,-16.03,-16.03,0,10.62
478350,439,438.38,-6.04,-6.04,0,10.62
478355,449,449.14,4.51,4.51,0,10.62
478360,457,457.6,15.57,15.57,0,10.62
478365,470,469.84,27.06,27.06,0,10.62
478370,487,486.42,38.91,38.91,0,10.62
478375,505,505.19,51.02,51.02,0,10.62
478380,526,526.56,63.3,63.3,0,10.62
478385,554,553.79,75.61,75.61,0,10.62
478390,579,578.47,87.86,87.86,0,10.62
478395,604,604.23,99.89,99.89,0,10.62
478400,630,630.51,111.6,111.6,0,10.62
478405,654,653.74,122.85,122.85,0,10.62
478410,677,676.52,133.52,133.52,0,10.62
478415,696,696.28,143.49,143.49,0,10.62
478420,714,714.46,152.64,152.64,0,10.62
478425,725,724.69,160.89,160.89,0,10.62
478430,738,737.56,168.15,168.15,0,10.62
478435,746,746.33,174.34,174.34,0,10.62
478440,752,752.42,179.4,179.4,0,10.62
478445,754,753.64,183.29,183.29,0,10.62
478450,752,751.59,185.99,185.99,0,10.62
478455,751,751.39,187.47,185.99,0,10.62
478460,742,742.39,187.76,185.99,0,10.62
478465,736,735.57,186.85,185.99,0,10.62
478470,728,727.63,184.79,184.79,0,10.62
478475,721,721.47,181.62,181.62,0,10.62
478480,705,705.36,177.39,177.39,0,10.62
478485,692,691.48,172.16,172.16,0,10.62
478490,683,682.66,166.01,166.01,0,10.62
478495,669,669.57,159.01,159.01,0,10.62
478500,656,656.32,151.25,151.25,0,10.62
478505,667,666.39,142.82,142.82,0,10.62
478510,631,630.71,133.8,133.8,0,10.62
478515,618,618.62,124.3,124.3,0,10.62
478520,607,607.27,114.4,114.4,0,10.62
478525,595,594.38,104.21,104.21,0,10.62
478530,587,586.75,93.8,93.8,0,10.62
478535,572,572.62,83.29,83.29,0,10.62
478540,563,563.23,72.75,72.75,0,10.62
478545,553,552.39,62.26,62.26,0,10.62
478550,541,540.8,51.92,51.92,0,10.62
478555,530,530.61,41.79,41.79,0,10.62
478560,519,519.18,31.95,31.95,0,10.62
478565,511,510.4,22.46,22.46,0,10.62
478570,489,488.84,13.39,13.39,0,10.62
478575,488,488.59,4.78,4.78,0,10.62
478580,481,481.16,-3.32,-3.32,0,10.62
478585,471,470.42,-10.86,-10.86,0,10.62
478590,465,464.84,-17.82,-17.82,0,10.62
478595,458,458.58,-24.18,-24.18,0,10.62
478600,450,450.16,-29.92,-29.92,0,10.62
478605,450,449.43,-35.03,-35.03,0,10.62
478610,446,445.84,-39.52,-39.52,0,10.62
478615,445,445.56,-43.39,-43.39,0,10.62
478620,438,438.15,-46.66,-46.66,0,10.62
478625,444,443.44,-49.35,-49.35,0,10.62
478630,443,442.86,-51.49,-51.49,0,10.62
478635,445,445.56,-53.11,-53.11,0,10.62
478640,450,450.13,-54.26,-54.26,0,10.62
478645,458,457.45,-54.97,-54.97,0,10.62
478650,458,457.88,-55.31,-54.97,0,10.62
478655,461,461.53,-55.3,-54.97,0,10.62
478660,464,464.1,-55.01,-54.97,0,10.62
478665,468,467.48,-54.49,-54.49,0,10.62
478670,469,468.91,-53.77,-53.77,0,10.62
478675,476,476.5,-52.92,-52.92,0,10.62
478680,475,475.08,-51.98,-51.98,0,10.62
478685,478,477.51,-50.99,-50.99,0,10.62
478690,479,478.93,-49.98,-49.98,0,10.62
478695,479,479.49,-49.01,-49.01,0,10.62
478700,484,484.06,-48.1,-48.1,0,10.62
478705,481,480.52,-47.28,-47.28,0,10.62
478710,480,479.94,-46.57,-46.57,0,10.62
478715,480,480.47,-46.01,-46.01,0,10.62
478720,479,479.06,-45.59,-45.59,0,10.62
478725,476,475.53,-45.35,-45.59,0,10.62
478730,474,473.94,-45.28,-45.59,0,10.62
478735,473,473.47,-45.39,-45.59,0,10.62
478740,471,471.06,-45.69,-45.69,0,10.62
478745,468,467.53,-46.18,-46.18,0,10.62
478750,466,465.93,-46.84,-46.84,0,10.62
478755,462,462.47,-47.68,-47.68,0,10.62
478760,460,460.07,-48.69,-48.69,0,10.62
478765,457,456.53,-49.85,-49.85,0,10.62
478770,457,456.93,-51.17,-51.17,0,10.62
478775,450,450.47,-52.62,-52.62,0,10.62
478780,449,449.07,-54.2,-54.2,0,10.62
478785,445,444.53,-55.88,-55.88,0,10.62
478790,443,442.93,-57.67,-57.67,0,10.62
478795,441,441.48,-59.53,-59.53,0,10.62
478800,442,442.08,-61.48,-61.48,0,10.62
478805,438,437.52,-63.48,-63.48,0,10.62
478810,440,439.92,-65.53,-65.53,0,10.62
478815,435,435.49,-67.61,-67.61,0,10.62
478820,433,433.08,-69.73,-69.73,0,10.62
478825,434,433.51,-71.85,-71.85,0,10.62
478830,435,434.93,-73.97,-73.97,0,10.62
478835,430,430.5,-76.09,-76.09,0,10.62
478840,431,431.06,-78.18,-78.18,0,10.62
478845,428,427.5,-80.25,-80.25,0,10.62
478850,428,427.95,-82.26,-82.26,0,10.62
478855,426,426.51,-84.22,-84.22,0,10.62
478860,427,427.04,-86.12,-86.12,0,10.62
478865,428,427.49,-87.92,-87.92,0,10.62
478870,427,426.97,-89.64,-89.64,0,10.62
478875,429,429.52,-91.24,-91.24,0,10.62
478880,427,427.02,-92.72,-92.72,0,10.62
478885,426,425.47,-94.05,-94.05,0,10.62
478890,429,428.99,-95.21,-95.21,0,10.62
478895,428,428.54,-96.2,-96.2,0,10.62
478900,430,430.0,-96.98,-96.98,0,10.62
478905,430,429.44,-97.53,-97.53,0,10.62
478910,431,431.01,-97.82,-97.53,0,10.62
478915,432,432.57,-97.83,-97.53,0,10.62
478920,432,431.98,-97.53,-97.53,0,10.62
478925,432,431.4,-96.89,-96.89,0,10.62
478930,427,427.03,-95.87,-95.87,0,10.62
478935,429,429.62,-94.43,-94.43,0,10.62
478940,432,431.97,-92.56,-92.56,0,10.62
478945,433,432.37,-90.2,-90.2,0,10.62
478950,432,432.03,-87.33,-87.33,0,10.62
478955,433,433.65,-83.92,-83.92,0,10.62
478960,431,430.98,-79.93,-79.93,0,10.62
478965,456,455.35,-75.33,-75.33,0,10.62
478970,431,431.02,-70.1,-70.1,0,10.62
478975,435,435.62,-64.21,-64.21,0,10.62
478980,432,431.98,-57.64,-57.64,0,10.62
478985,431,430.41,-50.38,-50.38,0,10.62
478990,433,433.02,-42.42,-42.42,0,10.62
478995,431,431.55,-33.76,-33.76,0,10.62
479000,433,432.98,-24.42,-24.42,0,10.62
479005,433,432.48,-14.41,-14.41,0,10.62
479010,442,442.02,-3.78,-3.78,0,10.62
479015,451,451.5,7.43,7.43,0,10.62
479020,463,462.98,19.15,19.15,0,10.62
479025,477,476.52,31.31,31.31,0,10.62
479030,497,497.03,43.82,43.82,0,10.62
479035,519,519.47,56.58,56.58,0,10.62
479040,545,544.98,69.47,69.47,0,10.62
479045,571,570.55,82.38,82.38,0,10.62
479050,599,599.02,95.17,95.17,0,10.62
479055,625,625.44,107.72,107.72,0,10.62
479060,650,649.97,119.89,119.89,0,10.62
479065,674,673.57,131.55,131.55,0,10.62
479070,696,696.03,142.58,142.58,0,10.62
479075,716,716.41,152.87,152.87,0,10.62
479080,732,731.97,162.3,162.3,0,10.62
479085,744,743.59,170.78,170.78,0,10.62
479090,754,754.03,178.22,178.22,0,10.62
479095,762,762.4,184.56,184.56,0,10.62
479100,765,764.97,189.75,189.75,0,10.62
479105,766,765.59,193.74,193.74,0,10.62
479110,766,766.03,196.52,196.52,0,10.62
479115,762,762.4,198.07,196.52,0,10.62
479120,757,756.97,198.41,196.52,0,10.62
479125,748,747.59,197.56,196.52,0,10.62
479130,738,738.03,195.55,195.55,0,10.62
479135,728,728.41,192.43,192.43,0,10.62
479140,719,718.97,188.26,188.26,0,10.62
479145,706,705.58,183.09,183.09,0,10.62
479150,692,692.02,177.01,177.01,0,10.62
479155,681,681.42,170.09,170.09,0,10.62
479160,669,668.99,162.42,162.42,0,10.62
479165,657,656.57,154.08,154.08,0,10.62
479170,648,648.0,145.16,145.16,0,10.62
479175,636,636.44,135.74,135.74,0,10.62
479180,623,623.0,125.93,125.93,0,10.62
479185,612,611.55,115.8,115.8,0,10.62
479190,601,600.99,105.45,105.45,0,10.62
479195,591,591.46,94.96,94.96,0,10.62
479200,581,581.01,84.41,84.41,0,10.62
479205,573,572.52,73.88,73.88,0,10.62
479210,561,560.98,63.45,63.45,0,10.62
479215,551,551.49,53.19,53.19,0,10.62
479220,540,540.02,43.17,43.17,0,10.62
479225,529,528.5,33.46,33.46,0,10.62
479230,517,516.97,24.1,24.1,0,10.62
479235,504,504.52,15.16,15.16,0,10.62
479240,498,498.04,6.68,6.68,0,10.62
479245,487,486.47,-1.31,-1.31,0,10.62
479250,479,478.95,-8.75,-8.75,0,10.62
479255,470,470.54,-15.64,-15.64,0,10.62
479260,465,465.06,-21.96,-21.96,0,10.62
479265,471,470.46,-27.68,-27.68,0,10.62
479270,457,456.93,-32.82,-32.82,0,10.62
479275,455,455.53,-37.36,-37.36,0,10.62
479280,453,453.08,-41.33,-41.33,0,10.62
479285,452,451.49,-44.74,-44.74,0,10.62
479290,459,458.92,-47.62,-47.62,0,10.62
479295,454,454.49,-49.98,-49.98,0,10.62
479300,454,454.08,-51.87,-51.87,0,10.62
479305,458,457.52,-53.32,-53.32,0,10.62
479310,460,459.93,-54.38,-54.38,0,10.62
479315,462,462.47,-55.08,-55.08,0,10.62
479320,466,466.06,-55.47,-55.22,0,10.62
479325,470,469.54,-55.59,-55.22,0,10.62
479330,461,460.94,-55.49,-55.22,0,10.62
479335,476,476.44,-55.22,-55.22,0,10.62
479340,471,471.07,-54.82,-54.82,0,10.62
479345,478,477.57,-54.33,-54.33,0,10.62
479350,480,479.92,-53.8,-53.8,0,10.62
479355,480,480.43,-53.25,-53.25,0,10.62
479360,481,481.08,-52.73,-52.73,0,10.62
479365,480,479.58,-52.26,-52.26,0,10.62
479370,481,480.91,-51.87,-51.87,0,10.62
479375,480,480.42,-51.59,-51.59,0,10.62
479380,480,480.09,-51.42,-51.59,0,10.62
479385,474,473.58,-51.4,-51.59,0,10.62
479390,474,473.9,-51.52,-51.59,0,10.62
479395,471,471.42,-51.8,-51.8,0,10.62
479400,465,465.11,-52.23,-52.23,0,10.62
479405,466,465.57,-52.83,-52.83,0,10.62
479410,464,463.89,-53.58,-53.58,0,10.62
479415,461,461.43,-54.49,-54.49,0,10.62
479420,458,458.11,-55.55,-55.55,0,10.62
479425,455,454.56,-56.75,-56.75,0,10.62
479430,454,453.89,-58.08,-58.08,0,10.62
479435,451,451.46,-59.55,-59.55,0,10.62
479440,449,449.1,-61.12,-61.12,0,10.62
479445,445,444.53,-62.8,-62.8,0,10.62
479450,441,440.9,-64.57,-64.57,0,10.62
479455,439,439.49,-66.41,-66.41,0,10.62
479460,435,435.11,-68.33,-68.33,0,10.62
479465,439,438.5,-70.3,-70.3,0,10.62
479470,434,433.9,-72.31,-72.31,0,10.62
479475,432,432.51,-74.36,-74.36,0,10.62
479480,434,434.1,-76.42,-76.42,0,10.62
479485,431,430.48,-78.5,-78.5,0,10.62
479490,429,428.9,-80.58,-80.58,0,10.62
479495,426,426.52,-82.64,-82.64,0,10.62
479500,427,427.11,-84.69,-84.69,0,10.62
479505,427,426.47,-86.7,-86.7,0,10.62
479510,425,424.89,-88.67,-88.67,0,10.62
479515,421,421.53,-90.58,-90.58,0,10.62
479520,424,424.12,-92.43,-92.43,0,10.62
479525,426,425.48,-94.2,-94.2,0,10.62
479530,424,423.87,-95.88,-95.88,0,10.62
479535,424,424.51,-97.46,-97.46,0,10.62
479540,424,424.13,-98.91,-98.91,0,10.62
479545,424,423.5,-100.23,-100.23,0,10.62
479550,421,420.86,-101.39,-101.39,0,10.62
479555,427,427.49,-102.38,-102.38,0,10.62
479560,426,426.16,-103.18,-103.18,0,10.62
479565,426,425.51,-103.75,-103.75,0,10.62
479570,426,425.83,-104.09,-103.75,0,10.62
479575,426,426.49,-104.16,-103.75,0,10.62
479580,427,427.19,-103.93,-103.75,0,10.62
479585,434,433.51,-103.38,-103.38,0,10.62
479590,430,429.79,-102.47,-102.47,0,10.62
479595,430,430.48,-101.16,-101.16,0,10.62
479600,431,431.23,-99.44,-99.44,0,10.62
479605,433,432.54,-97.25,-97.25,0,10.62
479610,432,431.75,-94.56,-94.56,0,10.62
479615,434,434.45,-91.35,-91.35,0,10.62
479620,433,433.27,-87.56,-87.56,0,10.62
479625,431,430.56,-83.18,-83.18,0,10.62
479630,434,433.71,-78.16,-78.16,0,10.62
479635,433,433.43,-72.48,-72.48,0,10.62
479640,431,431.31,-66.11,-66.11,0,10.62
479645,432,431.57,-59.05,-59.05,0,10.62
479650,432,431.68,-51.26,-51.26,0,10.62
479655,437,437.43,-42.76,-42.76,0,10.62
479660,436,436.34,-33.54,-33.54,0,10.62
479665,438,437.56,-23.61,-23.61,0,10.62
479670,441,440.64,-13.01,-13.01,0,10.62
479675,446,446.45,-1.78,-1.78,0,10.62
479680,451,451.38,10.05,10.05,0,10.62
479685,469,468.55,22.4,22.4,0,10.62
479690,487,486.61,35.19,35.19,0,10.62
479695,496,496.46,48.33,48.33,0,10.62
479700,527,527.4,61.72,61.72,0,10.62
479705,553,552.55,75.24,75.24,0,10.62
479710,583,582.6,88.77,88.77,0,10.62
479715,611,611.44,102.17,102.17,0,10.62
479720,638,638.4,115.32,115.32,0,10.62
479725,664,663.57,128.08,128.08,0,10.62
479730,689,688.59,140.31,140.31,0,10.62
479735,708,708.42,151.89,151.89,0,10.62
479740,728,728.41,162.71,162.71,0,10.62
479745,746,745.59,172.65,172.65,0,10.62
479750,764,763.59,181.62,181.62,0,10.62
479755,769,769.4,189.53,189.53,0,10.62
479760,772,772.39,196.32,196.32,0,10.62
479765,780,779.61,201.94,201.94,0,10.62
479770,782,781.62,206.35,206.35,0,10.62
479775,778,778.38,209.53,209.53,0,10.62
479780,775,775.35,211.47,210.0,0,10.62
479785,769,768.63,212.17,210.0,0,10.62
479790,761,760.67,211.68,210.0,0,10.62
479795,748,748.36,210.0,210.0,0,10.62
479800,742,742.3,207.21,207.21,0,10.62
479805,732,731.66,203.34,203.34,0,10.62
479810,717,716.72,198.46,198.46,0,10.62
479815,709,709.32,192.64,192.64,0,10.62
479820,698,698.27,185.96,185.96,0,10.62
479825,685,684.7,178.49,178.49,0,10.62
479830,673,672.74,170.33,170.33,0,10.62
479835,660,660.28,161.54,161.54,0,10.62
479840,651,651.25,152.23,152.23,0,10.62
479845,640,639.74,142.48,142.48,0,10.62
479850,632,631.76,132.36,132.36,0,10.62
479855,621,621.24,121.96,121.96,0,10.62
479860,609,609.23,111.37,111.37,0,10.62
479865,600,599.78,100.66,100.66,0,10.62
479870,590,589.78,89.91,89.91,0,10.62
479875,580,580.21,79.19,79.19,0,10.62
479880,572,572.21,68.58,68.58,0,10.62
479885,559,558.81,58.13,58.13,0,10.62
479890,550,549.8,47.92,47.92,0,10.62
479895,537,537.18,38.0,38.0,0,10.62
479900,524,524.19,28.42,28.42,0,10.62
479905,516,515.84,19.24,19.24,0,10.62
479910,507,506.83,10.5,10.5,0,10.62
479915,496,496.15,2.23,2.23,0,10.62
479920,487,487.15,-5.53,-5.53,0,10.62
479925,481,480.87,-12.75,-12.75,0,10.62
479930,473,472.87,-19.41,-19.41,0,10.62
479935,465,465.11,-25.52,-25.52,0,10.62
479940,463,463.11,-31.05,-31.05,0,10.62
479945,456,455.91,-36.01,-36.01,0,10.62
479950,457,456.91,-40.41,-40.41,0,10.62
479955,456,456.07,-44.26,-44.26,0,10.62
479960,454,454.08,-47.59,-47.59,0,10.62
479965,457,456.95,-50.42,-50.42,0,10.62
479970,452,451.94,-52.77,-52.77,0,10.62
479975,460,460.04,-54.69,-54.69,0,10.62
479980,456,456.04,-56.2,-56.2,0,10.62
479985,456,455.97,-57.36,-57.36,0,10.62
479990,463,462.97,-58.19,-58.19,0,10.62
479995,466,466.03,-58.75,-58.75,0,10.62
480000,467,467.01,-59.07,-59.05,0,10.62
480005,469,468.97,-59.2,-59.05,0,10.62
480010,470,470.01,-59.18,-59.05,0,10.62
480015,472,472.04,-59.05,-59.05,0,10.62
480020,473,472.97,-58.85,-58.85,0,10.62
480025,473,472.96,-58.61,-58.61,0,10.62
480030,470,470.04,-58.35,-58.35,0,10.62
480035,472,472.05,-58.12,-58.12,0,10.62
480040,472,471.95,-57.93,-57.93,0,10.62
480045,472,471.95,-57.81,-57.93,0,10.62
480050,470,470.06,-57.77,-57.93,0,10.62
480055,469,469.05,-57.83,-57.93,0,10.62
480060,467,466.93,-58.01,-58.01,0,10.62
480065,465,464.94,-58.3,-58.3,0,10.62
480070,463,463.08,-58.72,-58.72,0,10.62
480075,459,459.06,-59.26,-59.26,0,10.62
480080,456,455.91,-59.94,-59.94,0,10.62
480085,456,455.94,-60.73,-60.73,0,10.62
480090,452,452.1,-61.65,-61.65,0,10.62
480095,450,450.05,-62.68,-62.68,0,10.62
480100,447,446.89,-63.82,-63.82,0,10.62
480105,446,445.95,-65.06,-65.06,0,10.62
480110,443,443.13,-66.39,-66.39,0,10.62
480115,442,442.05,-67.8,-67.8,0,10.62
480120,438,437.86,-69.28,-69.28,0,10.62
480125,436,435.95,-70.83,-70.83,0,10.62
480130,434,434.16,-72.42,-72.42,0,10.62
480135,430,430.04,-74.05,-74.05,0,10.62
480140,430,429.82,-75.71,-75.71,0,10.62
480145,427,426.96,-77.39,-77.39,0,10.62
480150,427,427.19,-79.09,-79.09,0,10.62
480155,426,426.04,-80.79,-80.79,0,10.62
480160,422,421.79,-82.48,-82.48,0,10.62
480165,421,420.96,-84.16,-84.16,0,10.62
480170,422,422.24,-85.82,-85.82,0,10.62
480175,421,421.04,-87.46,-87.46,0,10.62
480180,421,420.74,-89.07,-89.07,0,10.62
480185,421,420.95,-90.64,-90.64,0,10.62
480190,416,416.29,-92.17,-92.17,0,10.62
480195,418,418.05,-93.66,-93.66,0,10.62
480200,419,418.69,-95.09,-95.09,0,10.62
480205,419,418.95,-96.47,-96.47,0,10.62
480210,418,418.32,-97.78,-97.78,0,10.62
480215,417,417.05,-99.03,-99.03,0,10.62
480220,418,417.66,-100.19,-100.19,0,10.62
480225,420,419.96,-101.27,-101.27,0,10.62
480230,420,420.36,-102.26,-102.26,0,10.62
480235,421,421.04,-103.13,-103.13,0,10.62
480240,432,431.63,-103.89,-103.89,0,10.62
480245,421,420.97,-104.51,-104.51,0,10.62
480250,422,422.37,-104.97,-104.97,0,10.62
480255,424,424.03,-105.26,-104.97,0,10.62
480260,425,424.63,-105.36,-104.97,0,10.62
480265,427,426.98,-105.23,-104.97,0,10.62
480270,426,426.36,-104.86,-104.86,0,10.62
480275,428,428.02,-104.21,-104.21,0,10.62
480280,427,426.65,-103.25,-103.25,0,10.62
480285,429,428.99,-101.95,-101.95,0,10.62
480290,428,428.34,-100.28,-100.28,0,10.62
480295,430,430.01,-98.2,-98.2,0,10.62
480300,431,430.67,-95.67,-95.67,0,10.62
480305,433,433.0,-92.66,-92.66,0,10.62
480310,433,433.33,-89.14,-89.14,0,10.62
480315,434,434.0,-85.06,-85.06,0,10.62
480320,435,434.68,-80.4,-80.4,0,10.62
480325,434,434.01,-75.12,-75.12,0,10.62
480330,434,434.31,-69.19,-69.19,0,10.62
480335,434,433.98,-62.59,-62.59,0,10.62
480340,433,432.69,-55.31,-55.31,0,10.62
480345,432,432.02,-47.33,-47.33,0,10.62
480350,432,432.3,-38.64,-38.64,0,10.62
480355,434,433.97,-29.26,-29.26,0,10.62
480360,436,435.71,-19.19,-19.19,0,10.62
480365,440,440.03,-8.47,-8.47,0,10.62
480370,447,447.29,2.86,2.86,0,10.62
480375,458,457.97,14.75,14.75,0,10.62
480380,473,472.72,27.12,27.12,0,10.62
480385,491,491.04,39.91,39.91,0,10.62
480390,512,512.28,53.0,53.0,0,10.62
480395,535,534.96,66.3,66.3,0,10.62
480400,561,560.73,79.68,79.68,0,10.62
480405,590,590.05,93.02,93.02,0,10.62
480410,617,617.27,106.2,106.2,0,10.62
480415,647,646.95,119.07,119.07,0,10.62
480420,672,671.74,131.51,131.51,0,10.62
480425,694,694.05,143.39,143.39,0,10.62
480430,712,712.25,154.59,154.59,0,10.62
480435,732,731.94,165.0,165.0,0,10.62
480440,747,746.75,174.5,174.5,0,10.62
480445,759,759.06,183.02,183.02,0,10.62
480450,771,771.23,190.47,190.47,0,10.62
480455,777,776.94,196.8,196.8,0,10.62
480460,775,774.77,201.96,201.96,0,10.62
480465,776,776.06,205.91,205.91,0,10.62
480470,772,772.23,208.65,208.65,0,10.62
480475,769,768.95,210.16,208.65,0,10.62
480480,760,759.77,210.47,208.65,0,10.62
480485,753,753.04,209.6,208.65,0,10.62
480490,745,745.23,207.59,207.59,0,10.62
480495,734,733.96,204.48,204.48,0,10.62
480500,724,723.76,200.34,200.34,0,10.62
480505,713,713.03,195.22,195.22,0,10.62
480510,702,702.25,189.2,189.2,0,10.62
480515,686,685.98,182.34,182.34,0,10.62
480520,680,679.75,174.74,174.74,0,10.62
480525,669,669.03,166.47,166.47,0,10.62
480530,654,654.26,157.62,157.62,0,10.62
480535,647,646.97,148.26,148.26,0,10.62
480540,635,634.74,138.48,138.48,0,10.62
480545,623,623.04,128.37,128.37,0,10.62
480550,617,617.26,117.99,117.99,0,10.62
480555,608,607.96,107.44,107.44,0,10.62
480560,598,597.73,96.79,96.79,0,10.62
480565,590,590.04,86.11,86.11,0,10.62
480570,577,577.27,75.47,75.47,0,10.62
480575,568,567.97,64.94,64.94,0,10.62
480580,557,556.73,54.58,54.58,0,10.62
480585,545,545.03,44.47,44.47,0,10.62
480590,533,533.27,34.65,34.65,0,10.62
480595,523,522.97,25.18,25.18,0,10.62
480600,516,515.73,16.12,16.12,0,10.62
480605,502,502.03,7.49,7.49,0,10.62
480610,493,493.27,-0.65,-0.65,0,10.62
480615,483,482.97,-8.28,-8.28,0,10.62
480620,475,474.74,-15.36,-15.36,0,10.62
480625,470,470.03,-21.89,-21.89,0,10.62
480630,461,461.25,-27.85,-27.85,0,10.62
480635,459,458.97,-33.22,-33.22,0,10.62
480640,456,455.76,-38.02,-38.02,0,10.62
480645,453,453.04,-42.25,-42.25,0,10.62
480650,449,449.23,-45.93,-45.93,0,10.62
480655,451,450.96,-49.07,-49.07,0,10.62
480660,451,450.79,-51.69,-51.69,0,10.62
480665,453,453.05,-53.84,-53.84,0,10.62
480670,457,457.2,-55.55,-55.55,0,10.62
480675,447,446.94,-56.84,-56.84,0,10.62
480680,457,456.81,-57.77,-57.77,0,10.62
480685,462,462.08,-58.37,-58.37,0,10.62
480690,462,462.18,-58.69,-58.41,0,10.62
480695,465,464.89,-58.78,-58.41,0,10.62
480700,468,467.82,-58.67,-58.41,0,10.62
480705,470,470.15,-58.41,-58.41,0,10.62
480710,473,473.17,-58.04,-58.04,0,10.62
480715,476,475.82,-57.6,-57.6,0,10.62
480720,470,469.83,-57.12,-57.12,0,10.62
480725,474,474.21,-56.64,-56.64,0,10.62
480730,474,474.18,-56.19,-56.19,0,10.62
480735,473,472.76,-55.79,-55.79,0,10.62
480740,473,472.81,-55.47,-55.47,0,10.62
480745,470,470.27,-55.23,-55.24,0,10.62
480750,469,469.2,-55.11,-55.24,0,10.62
480755,467,466.7,-55.11,-55.24,0,10.62
480760,465,464.8,-55.24,-55.24,0,10.62
480765,463,463.33,-55.5,-55.5,0,10.62
480770,461,461.21,-55.9,-55.9,0,10.62
480775,483,482.65,-56.44,-56.44,0,10.62
480780,456,455.78,-57.12,-57.12,0,10.62
480785,454,454.33,-57.93,-57.93,0,10.62
480790,450,450.23,-58.86,-58.86,0,10.62
480795,448,447.7,-59.9,-59.9,0,10.62
480800,446,445.76,-61.05,-61.05,0,10.62
480805,444,444.27,-62.29,-62.29,0,10.62
480810,442,442.25,-63.61,-63.61,0,10.62
480815,440,439.76,-64.99,-64.99,0,10.62
480820,439,438.74,-66.43,-66.43,0,10.62
480825,435,435.21,-67.92,-67.92,0,10.62
480830,436,436.27,-69.44,-69.44,0,10.62
480835,426,425.82,-70.99,-70.99,0,10.62
480840,433,432.71,-72.55,-72.55,0,10.62
480845,431,431.16,-74.11,-74.11,0,10.62
480850,429,429.3,-75.66,-75.66,0,10.62
480855,428,427.85,-77.2,-77.2,0,10.62
480860,428,427.69,-78.72,-78.72,0,10.62
480865,427,427.14,-80.21,-80.21,0,10.62
480870,423,423.32,-81.67,-81.67,0,10.62
480875,422,421.86,-83.08,-83.08,0,10.62
480880,428,427.68,-84.45,-84.45,0,10.62
480885,425,425.14,-85.76,-85.76,0,10.62
480890,426,426.32,-87.01,-87.01,0,10.62
480895,426,425.86,-88.19,-88.19,0,10.62
480900,428,427.68,-89.3,-89.3,0,10.62
480905,427,427.14,-90.32,-90.32,0,10.62
480910,427,427.31,-91.26,-91.26,0,10.62
480915,428,427.86,-92.09,-92.09,0,10.62
480920,434,433.7,-92.81,-92.81,0,10.62
480925,430,430.15,-93.4,-93.4,0,10.62
480930,432,432.29,-93.85,-93.85,0,10.62
480935,432,431.85,-94.14,-93.85,0,10.62
480940,429,428.72,-94.24,-93.85,0,10.62
480945,433,433.15,-94.15,-93.85,0,10.62
480950,435,435.27,-93.84,-93.84,0,10.62
480955,438,437.85,-93.28,-93.28,0,10.62
480960,438,437.73,-92.44,-92.44,0,10.62
480965,437,437.15,-91.29,-91.29,0,10.62
480970,430,430.26,-89.81,-89.81,0,10.62
480975,441,440.85,-87.96,-87.96,0,10.62
480980,442,441.77,-85.71,-85.71,0,10.62
480985,443,443.14,-83.03,-83.03,0,10.62
480990,446,446.21,-79.88,-79.88,0,10.62
480995,441,440.86,-76.23,-76.23,0,10.62
481000,443,442.82,-72.04,-72.04,0,10.62
481005,444,444.14,-67.29,-67.29,0,10.62
481010,445,445.16,-61.94,-61.94,0,10.62
481015,442,441.86,-55.98,-55.98,0,10.62
481020,443,442.85,-49.37,-49.37,0,10.62
481025,440,440.15,-42.11,-42.11,0,10.62
481030,442,442.14,-34.18,-34.18,0,10.62
481035,442,441.85,-25.59,-25.59,0,10.62
481040,449,448.88,-16.34,-16.34,0,10.62
481045,447,447.15,-6.45,-6.45,0,10.62
481050,452,452.09,4.04,4.04,0,10.62
481055,458,457.85,15.09,15.09,0,10.62
481060,469,468.94,26.65,26.65,0,10.62
481065,483,483.17,38.65,38.65,0,10.62
481070,501,501.04,50.99,50.99,0,10.62
481075,522,521.83,63.6,63.6,0,10.62
481080,547,546.99,76.35,76.35,0,10.62
481085,570,570.18,89.14,89.14,0,10.62
481090,597,596.99,101.84,101.84,0,10.62
481095,628,627.82,114.33,114.33,0,10.62
481100,650,650.04,126.46,126.46,0,10.62
481105,672,672.17,138.12,138.12,0,10.62
481110,694,693.92,149.19,149.19,0,10.62
481115,715,714.83,159.54,159.54,0,10.62
481120,732,732.11,169.06,169.06,0,10.62
481125,748,748.15,177.66,177.66,0,10.62
481130,757,756.85,185.25,185.25,0,10.62
481135,765,764.85,191.75,191.75,0,10.62
481140,769,769.19,197.12,197.12,0,10.62
481145,770,770.14,201.3,201.3,0,10.62
481150,774,773.78,204.27,204.27,0,10.62
481155,768,767.86,206.01,204.27,0,10.62
481160,763,763.25,206.54,204.27,0,10.62
481165,756,756.13,205.86,204.27,0,10.62
481170,747,746.72,204.0,204.0,0,10.62
481175,735,734.87,201.01,201.01,0,10.62
481180,726,726.31,196.95,196.95,0,10.62
481185,712,712.12,191.86,191.86,0,10.62
481190,704,703.66,185.82,185.82,0,10.62
481195,688,687.88,178.92,178.92,0,10.62
481200,677,677.37,171.21,171.21,0,10.62
481205,665,665.12,162.81,162.81,0,10.62
481210,653,652.6,153.78,153.78,0,10.62
481215,641,640.88,144.22,144.22,0,10.62
481220,629,629.42,134.21,134.21,0,10.62
481225,618,618.12,123.86,123.86,0,10.62
481230,607,606.55,113.24,113.24,0,10.62
481235,596,595.88,102.44,102.44,0,10.62
481240,583,583.48,91.55,91.55,0,10.62
481245,575,575.12,80.64,80.64,0,10.62
481250,564,563.49,69.8,69.8,0,10.62
481255,554,553.88,59.1,59.1,0,10.62
481260,533,533.52,48.61,48.61,0,10.62
481265,531,531.12,38.4,38.4,0,10.62
481270,521,520.47,28.52,28.52,0,10.62
481275,509,508.88,19.04,19.04,0,10.62
481280,499,499.53,10.0,10.0,0,10.62
481285,488,488.12,1.44,1.44,0,10.62
481290,479,478.46,-6.59,-6.59,0,10.62
481295,469,468.88,-14.07,-14.07,0,10.62
481300,464,464.54,-20.98,-20.98,0,10.62
481305,456,456.12,-27.29,-27.29,0,10.62
481310,452,451.45,-33.0,-33.0,0,10.62
481315,448,447.88,-38.11,-38.11,0,10.62
481320,444,444.56,-42.62,-42.62,0,10.62
481325,443,443.12,-46.55,-46.55,0,10.62
481330,444,443.44,-49.92,-49.92,0,10.62
481335,445,444.88,-52.75,-52.75,0,10.62
481340,446,446.57,-55.07,-55.07,0,10.62
481345,449,449.12,-56.92,-56.92,0,10.62
481350,449,448.42,-58.34,-58.34,0,10.62
481355,453,452.88,-59.37,-59.37,0,10.62
481360,454,454.6,-60.05,-60.05,0,10.62
481365,456,456.12,-60.42,-60.19,0,10.62
481370,459,458.39,-60.54,-60.19,0,10.62
481375,461,460.88,-60.45,-60.19,0,10.62
481380,464,464.63,-60.19,-60.19,0,10.62
481385,466,466.12,-59.81,-59.81,0,10.62
481390,469,468.35,-59.33,-59.33,0,10.62
481395,470,469.88,-58.81,-58.81,0,10.62
481400,445,445.65,-58.27,-58.27,0,10.62
481405,474,474.12,-57.76,-57.76,0,10.62
481410,470,469.38,-57.28,-57.28,0,10.62
481415,468,467.87,-56.88,-56.88,0,10.62
481420,468,468.57,-56.57,-56.57,0,10.62
481425,467,467.14,-56.37,-56.56,0,10.62
481430,465,464.48,-56.3,-56.56,0,10.62
481435,474,473.85,-56.36,-56.56,0,10.62
481440,460,460.47,-56.56,-56.56,0,10.62
481445,460,460.14,-56.91,-56.91,0,10.62
481450,457,456.57,-57.4,-57.4,0,10.62
481455,451,450.87,-58.03,-58.03,0,10.62
481460,449,449.38,-58.79,-58.79,0,10.62
481465,445,445.13,-59.67,-59.67,0,10.62
481470,440,439.67,-60.67,-60.67,0,10.62
481475,441,440.88,-61.77,-61.77,0,10.62
481480,439,439.29,-62.97,-62.97,0,10.62
481485,436,436.11,-64.25,-64.25,0,10.62
481490,432,431.74,-65.6,-65.6,0,10.62
481495,431,430.9,-67.01,-67.01,0,10.62
481500,429,429.23,-68.46,-68.46,0,10.62
481505,425,425.09,-69.96,-69.96,0,10.62
481510,426,425.81,-71.48,-71.48,0,10.62
481515,423,422.92,-73.03,-73.03,0,10.62
481520,425,425.16,-74.58,-74.58,0,10.62
481525,423,423.07,-76.14,-76.14,0,10.62
481530,421,420.86,-77.7,-77.7,0,10.62
481535,421,420.94,-79.25,-79.25,0,10.62
481540,421,421.11,-80.79,-80.79,0,10.62
481545,419,419.05,-82.31,-82.31,0,10.62
481550,421,420.91,-83.81,-83.81,0,10.62
481555,417,416.96,-85.28,-85.28,0,10.62
481560,418,418.06,-86.71,-86.71,0,10.62
481565,417,417.04,-88.12,-88.12,0,10.62
481570,418,417.96,-89.48,-89.48,0,10.62
481575,418,417.97,-90.79,-90.79,0,10.62
481580,418,418.01,-92.05,-92.05,0,10.62
481585,419,419.02,-93.25,-93.25,0,10.62
481590,419,419.02,-94.39,-94.39,0,10.62
481595,420,419.98,-95.45,-95.45,0,10.62
481600,419,418.95,-96.42,-96.42,0,10.62
481605,420,420.01,-97.29,-97.29,0,10.62
481610,422,422.08,-98.05,-98.05,0,10.62
481615,421,421.0,-98.68,-98.68,0,10.62
481620,422,421.89,-99.16,-99.16,0,10.62
481625,423,422.99,-99.47,-99.17,0,10.62
481630,423,423.14,-99.6,-99.17,0,10.62
481635,424,424.02,-99.51,-99.17,0,10.62
481640,425,424.82,-99.17,-99.17,0,10.62
481645,425,424.98,-98.57,-98.57,0,10.62
481650,426,426.21,-97.66,-97.66,0,10.62
481655,427,427.03,-96.42,-96.42,0,10.62
481660,428,427.76,-94.82,-94.82,0,10.62
481665,429,428.96,-92.8,-92.8,0,10.62
481670,428,428.28,-90.35,-90.35,0,10.62
481675,428,428.05,-87.43,-87.43,0,10.62
481680,428,427.69,-83.99,-83.99,0,10.62
481685,428,427.95,-80.0,-80.0,0,10.62
481690,429,429.35,-75.44,-75.44,0,10.62
481695,429,429.06,-70.27,-70.27,0,10.62
481700,429,428.62,-64.46,-64.46,0,10.62
481705,428,427.94,-58.0,-58.0,0,10.62
481710,429,429.42,-50.87,-50.87,0,10.62
481715,429,429.07,-43.05,-43.05,0,10.62
481720,428,427.54,-34.55,-34.55,0,10.62
481725,430,429.92,-25.38,-25.38,0,10.62
481730,433,433.5,-15.55,-15.55,0,10.62
481735,436,436.1,-5.09,-5.09,0,10.62
481740,469,468.47,5.94,5.94,0,10.62
481745,456,455.9,17.5,17.5,0,10.62
481750,467,467.53,29.51,29.51,0,10.62
481755,484,484.11,41.9,41.9,0,10.62
481760,504,503.49,54.58,54.58,0,10.62
481765,529,528.89,67.43,67.43,0,10.62
481770,554,554.49,80.35,80.35,0,10.62
481775,581,581.11,93.21,93.21,0,10.62
481780,613,612.53,105.88,105.88,0,10.62
481785,631,630.88,118.24,118.24,0,10.62
481790,660,660.45,130.15,130.15,0,10.62
481795,682,682.12,141.5,141.5,0,10.62
481800,704,703.58,152.16,152.16,0,10.62
481805,723,722.86,162.02,162.02,0,10.62
481810,734,734.39,170.98,170.98,0,10.62
481815,747,747.14,178.95,178.95,0,10.62
481820,757,756.64,185.85,185.85,0,10.62
481825,762,761.85,191.64,191.64,0,10.62
481830,761,761.33,196.26,196.26,0,10.62
481835,765,765.15,199.68,199.68,0,10.62
481840,761,760.71,201.9,201.38,0,10.62
481845,755,754.84,202.91,201.38,0,10.62
481850,748,748.25,202.72,201.38,0,10.62
481855,741,741.17,201.38,201.38,0,10.62
481860,722,721.78,198.91,198.91,0,10.62
481865,721,720.82,195.36,195.36,0,10.62
481870,712,712.2,190.81,190.81,0,10.62
481875,697,697.19,185.31,185.31,0,10.62
481880,686,685.81,178.94,178.94,0,10.62
481885,673,672.8,171.79,171.79,0,10.62
481890,662,662.18,163.92,163.92,0,10.62
481895,648,648.21,155.43,155.43,0,10.62
481900,637,636.83,146.41,146.41,0,10.62
481905,625,624.78,136.94,136.94,0,10.62
481910,614,614.17,127.11,127.11,0,10.62
481915,605,605.23,117.01,117.01,0,10.62
481920,591,590.83,106.71,106.71,0,10.62
481925,584,583.75,96.31,96.31,0,10.62
481930,574,574.17,85.87,85.87,0,10.62
481935,568,568.26,75.47,75.47,0,10.62
481940,557,556.83,65.19,65.19,0,10.62
481945,546,545.71,55.08,55.08,0,10.62
481950,538,538.17,45.22,45.22,0,10.62
481955,527,527.31,35.66,35.66,0,10.62
481960,517,516.83,26.45,26.45,0,10.62
481965,508,507.66,17.65,17.65,0,10.62
481970,496,496.17,9.3,9.3,0,10.62
481975,485,485.36,1.43,1.43,0,10.62
481980,477,476.83,-5.92,-5.92,0,10.62
481985,467,466.62,-12.72,-12.72,0,10.62
481990,463,463.18,-18.96,-18.96,0,10.62
481995,459,459.41,-24.63,-24.63,0,10.62
482000,454,453.82,-29.71,-29.71,0,10.62
482005,452,451.55,-34.22,-34.22,0,10.62
482010,442,442.18,-38.16,-38.16,0,10.62
482015,449,449.48,-41.54,-41.54,0,10.62
482020,448,447.83,-44.4,-44.4,0,10.62
482025,450,449.49,-46.75,-46.75,0,10.62
482030,449,449.16,-48.64,-48.64,0,10.62
482035,453,453.55,-50.09,-50.09,0,10.62
482040,455,454.86,-51.14,-51.14,0,10.62
482045,457,456.42,-51.85,-51.85,0,10.62
482050,460,460.12,-52.24,-52.02,0,10.62
482055,463,463.62,-52.37,-52.02,0,10.62
482060,466,465.9,-52.28,-52.02,0,10.62
482065,470,469.33,-52.02,-52.02,0,10.62
482070,471,471.09,-51.62,-51.62,0,10.62
482075,470,470.7,-51.13,-51.13,0,10.62
482080,470,469.93,-50.59,-50.59,0,10.62
482085,472,471.26,-50.03,-50.03,0,10.62
482090,474,474.06,-49.48,-49.48,0,10.62
482095,463,463.77,-48.98,-48.98,0,10.62
482100,475,474.95,-48.54,-48.54,0,10.62
482105,474,473.21,-48.2,-48.2,0,10.62
482110,473,473.05,-47.97,-48.08,0,10.62
482115,470,470.81,-47.86,-48.08,0,10.62
482120,470,469.96,-47.9,-48.08,0,10.62
482125,468,467.18,-48.08,-48.08,0,10.62
482130,467,467.03,-48.42,-48.42,0,10.62
482135,438,438.82,-48.92,-48.92,0,10.62
482140,462,461.98,-49.57,-49.57,0,10.62
482145,460,459.22,-50.38,-50.38,0,10.62
482150,456,456.01,-51.35,-51.35,0,10.62
482155,455,455.73,-52.46,-52.46,0,10.62
482160,450,450.0,-53.72,-53.72,0,10.62
482165,450,449.32,-55.12,-55.12,0,10.62
482170,447,447.0,-56.64,-56.64,0,10.62
482175,444,444.63,-58.28,-58.28,0,10.62
482180,442,442.01,-60.02,-60.02,0,10.62
482185,439,438.42,-61.86,-61.86,0,10.62
482190,437,436.99,-63.78,-63.78,0,10.62
482195,434,434.53,-65.76,-65.76,0,10.62
482200,433,433.02,-67.79,-67.79,0,10.62
482205,428,427.51,-69.87,-69.87,0,10.62
482210,429,428.98,-71.97,-71.97,0,10.62
482215,422,422.44,-74.09,-74.09,0,10.62
482220,423,423.03,-76.2,-76.2,0,10.62
482225,425,424.61,-78.3,-78.3,0,10.62
482230,423,422.97,-80.37,-80.37,0,10.62
482235,419,419.34,-82.4,-82.4,0,10.62
482240,422,422.02,-84.38,-84.38,0,10.62
482245,422,421.72,-86.29,-86.29,0,10.62
482250,422,421.98,-88.12,-88.12,0,10.62
482255,419,419.22,-89.87,-89.87,0,10.62
482260,418,418.02,-91.5,-91.5,0,10.62
482265,397,396.83,-93.01,-93.01,0,10.62
482270,422,421.99,-94.38,-94.38,0,10.62
482275,421,421.15,-95.6,-95.6,0,10.62
482280,422,422.0,-96.65,-96.65,0,10.62
482285,422,421.85,-97.51,-97.51,0,10.62
482290,422,422.01,-98.16,-98.16,0,10.62
482295,424,424.15,-98.59,-98.28,0,10.62
482300,425,424.98,-98.77,-98.28,0,10.62
482305,425,424.84,-98.68,-98.28,0,10.62
482310,424,424.03,-98.28,-98.28,0,10.62
482315,425,425.16,-97.57,-97.57,0,10.62
482320,423,422.96,-96.49,-96.49,0,10.62
482325,427,426.84,-95.03,-95.03,0,10.62
482330,427,427.05,-93.16,-93.16,0,10.62
482335,428,428.16,-90.83,-90.83,0,10.62
482340,426,425.94,-88.03,-88.03,0,10.62
482345,429,428.84,-84.72,-84.72,0,10.62
482350,428,428.08,-80.87,-80.87,0,10.62
482355,429,429.16,-76.45,-76.45,0,10.62
482360,420,419.89,-71.44,-71.44,0,10.62
482365,429,428.84,-65.82,-65.82,0,10.62
482370,429,429.14,-59.57,-59.57,0,10.62
482375,427,427.16,-52.68,-52.68,0,10.62
482380,429,428.82,-45.14,-45.14,0,10.62
482385,429,428.84,-36.96,-36.96,0,10.62
482390,429,429.23,-28.16,-28.16,0,10.62
482395,434,434.16,-18.75,-18.75,0,10.62
482400,439,438.74,-8.76,-8.76,0,10.62
482405,445,444.85,1.75,1.75,0,10.62
482410,456,456.31,12.72,12.72,0,10.62
482415,470,470.16,24.1,24.1,0,10.62
482420,486,485.66,35.79,35.79,0,10.62
482425,508,507.84,47.7,47.7,0,10.62
482430,530,530.38,59.73,59.73,0,10.62
482435,556,556.16,71.77,71.77,0,10.62
482440,581,580.57,83.7,83.7,0,10.62
482445,607,606.83,95.39,95.39,0,10.62
482450,605,605.45,106.72,106.72,0,10.62
482455,654,654.17,117.59,117.59,0,10.62
482460,674,673.56,127.85,127.85,0,10.62
482465,692,691.82,137.41,137.41,0,10.62
482470,705,705.41,146.16,146.16,0,10.62
482475,721,721.18,154.01,154.01,0,10.62
482480,734,733.62,160.88,160.88,0,10.62
482485,735,734.81,166.71,166.71,0,10.62
482490,738,738.34,171.44,171.44,0,10.62
482495,739,739.2,175.03,175.03,0,10.62
482500,739,738.7,177.48,177.48,0,10.62
482505,737,736.79,178.77,177.48,0,10.62
482510,730,730.25,178.9,177.48,0,10.62
482515,723,723.22,177.91,177.48,0,10.62
482520,714,713.79,175.82,175.82,0,10.62
482525,704,703.78,172.69,172.69,0,10.62
482530,694,694.16,168.56,168.56,0,10.62
482535,680,680.23,163.5,163.5,0,10.62
482540,671,670.88,157.59,157.59,0,10.62
482545,657,656.77,150.89,150.89,0,10.62
482550,646,646.08,143.5,143.5,0,10.62
482555,634,634.24,135.49,135.49,0,10.62
482560,619,618.96,126.95,126.95,0,10.62
482565,613,612.76,117.98,117.98,0,10.62
482570,598,598.0,108.65,108.65,0,10.62
482575,591,591.25,99.06,99.06,0,10.62
482580,581,581.04,89.29,89.29,0,10.62
482585,572,571.75,79.42,79.42,0,10.62
482590,562,561.92,69.53,69.53,0,10.62
482595,551,551.26,59.71,59.71,0,10.62
482600,542,542.12,50.01,50.01,0,10.62
482605,531,530.74,40.52,40.52,0,10.62
482610,523,522.84,31.29,31.29,0,10.62
482615,511,511.26,22.4,22.4,0,10.62
482620,502,502.2,13.88,13.88,0,10.62
482625,493,492.73,5.8,5.8,0,10.62
482630,482,481.76,-1.8,-1.8,0,10.62
482635,474,474.27,-8.89,-8.89,0,10.62
482640,467,467.28,-15.44,-15.44,0,10.62
482645,461,460.73,-21.42,-21.42,0,10.62
482650,454,453.67,-26.82,-26.82,0,10.62
482655,447,447.27,-31.63,-31.63,0,10.62
482660,447,447.37,-35.85,-35.85,0,10.62
482665,447,446.74,-39.49,-39.49,0,10.62
482670,445,444.58,-42.56,-42.56,0,10.62
482675,446,446.25,-45.09,-45.09,0,10.62
482680,447,447.47,-47.1,-47.1,0,10.62
482685,446,445.76,-48.63,-48.63,0,10.62
482690,451,450.48,-49.72,-49.72,0,10.62
482695,454,454.24,-50.4,-50.4,0,10.62
482700,458,458.57,-50.72,-50.4,0,10.62
482705,459,458.76,-50.74,-50.4,0,10.62
482710,482,481.39,-50.5,-50.4,0,10.62
482715,469,469.24,-50.05,-50.05,0,10.62
482720,469,469.63,-49.44,-49.44,0,10.62
482725,473,472.75,-48.72,-48.72,0,10.62
482730,482,481.37,-47.93,-47.93,0,10.62
482735,478,478.26,-47.11,-47.11,0,10.62
482740,474,474.62,-46.31,-46.31,0,10.62
482745,481,480.73,-45.56,-45.56,0,10.62
482750,479,478.39,-44.9,-44.9,0,10.62
482755,478,478.28,-44.35,-44.35,0,10.62
482760,480,480.59,-43.94,-43.94,0,10.62
482765,479,478.71,-43.69,-43.94,0,10.62
482770,477,476.43,-43.63,-43.94,0,10.62
482775,476,476.29,-43.76,-43.94,0,10.62
482780,477,477.56,-44.1,-44.1,0,10.62
482785,474,473.7,-44.66,-44.66,0,10.62
482790,493,492.46,-45.43,-45.43,0,10.62
482795,464,464.3,-46.42,-46.42,0,10.62
482800,464,464.5,-47.62,-47.62,0,10.62
482805,464,463.71,-49.03,-49.03,0,10.62
482810,451,450.56,-50.62,-50.62,0,10.62
482815,457,457.28,-52.39,-52.39,0,10.62
482820,452,452.39,-54.33,-54.33,0,10.62
482825,450,449.73,-56.41,-56.41,0,10.62
482830,447,446.65,-58.62,-58.62,0,10.62
482835,443,443.26,-60.95,-60.95,0,10.62
482840,442,442.3,-63.36,-63.36,0,10.62
482845,439,438.75,-65.84,-65.84,0,10.62
482850,436,435.74,-68.38,-68.38,0,10.62
482855,435,435.25,-70.94,-70.94,0,10.62
482860,435,435.23,-73.51,-73.51,0,10.62
482865,432,431.76,-76.06,-76.06,0,10.62
482870,432,431.81,-78.57,-78.57,0,10.62
482875,431,431.23,-81.02,-81.02,0,10.62
482880,431,431.16,-83.39,-83.39,0,10.62
482885,429,428.78,-85.64,-85.64,0,10.62
482890,429,428.87,-87.75,-87.75,0,10.62
482895,429,429.22,-89.71,-89.71,0,10.62
482900,428,428.1,-91.47,-91.47,0,10.62
482905,428,427.78,-93.01,-93.01,0,10.62
482910,429,428.93,-94.3,-94.3,0,10.62
482915,427,427.22,-95.3,-95.3,0,10.62
482920,428,428.04,-96.0,-95.86,0,10.62
482925,428,427.79,-96.35,-95.86,0,10.62
482930,427,427.0,-96.31,-95.86,0,10.62
482935,428,428.21,-95.86,-95.86,0,10.62
482940,426,425.97,-94.96,-94.96,0,10.62
482945,427,426.79,-93.58,-93.58,0,10.62
482950,426,426.06,-91.67,-91.67,0,10.62
482955,428,428.21,-89.21,-89.21,0,10.62
482960,427,426.91,-86.16,-86.16,0,10.62
482965,426,425.79,-82.49,-82.49,0,10.62
482970,425,425.12,-78.18,-78.18,0,10.62
482975,426,426.22,-73.2,-73.2,0,10.62
482980,425,424.85,-67.53,-67.53,0,10.62
482985,422,421.77,-61.17,-61.17,0,10.62
482990,426,426.18,-54.09,-54.09,0,10.62
482995,425,425.24,-46.32,-46.32,0,10.62
483000,426,425.78,-37.84,-37.84,0,10.62
483005,429,428.75,-28.7,-28.7,0,10.62
483010,426,426.25,-18.91,-18.91,0,10.62
483015,439,439.27,-8.52,-8.52,0,10.62
483020,451,450.74,2.41,2.41,0,10.62
483025,465,464.72,13.81,13.81,0,10.62
483030,480,480.28,25.6,25.6,0,10.62
483035,497,497.3,37.69,37.69,0,10.62
483040,520,519.7,49.96,49.96,0,10.62
483045,545,544.7,62.32,62.32,0,10.62
483050,566,566.31,74.63,74.63,0,10.62
483055,597,597.31,86.77,86.77,0,10.62
483060,623,622.68,98.62,98.62,0,10.62
483065,644,643.68,110.04,110.04,0,10.62
483070,666,666.33,120.92,120.92,0,10.62
483075,685,685.32,131.14,131.14,0,10.62
483080,702,701.67,140.59,140.59,0,10.62
483085,716,715.66,149.17,149.17,0,10.62
483090,727,727.34,156.8,156.8,0,10.62
483095,736,736.35,163.4,163.4,0,10.62
483100,741,740.65,168.91,168.91,0,10.62
483105,743,742.63,173.29,173.29,0,10.62
483110,741,741.35,176.51,176.51,0,10.62
483115,742,742.38,178.56,177.72,0,10.62
483120,736,735.65,179.43,177.72,0,10.62
483125,729,728.59,179.14,177.72,0,10.62
483130,723,723.35,177.72,177.72,0,10.62
483135,712,712.43,175.2,175.2,0,10.62
483140,708,707.64,171.63,171.63,0,10.62
483145,693,692.55,167.08,167.08,0,10.62
483150,680,680.35,161.6,161.6,0,10.62
483155,668,668.47,155.28,155.28,0,10.62
483160,656,655.65,148.18,148.18,0,10.62
483165,646,645.51,140.4,140.4,0,10.62
483170,632,632.34,132.02,132.02,0,10.62
483175,623,623.52,123.13,123.13,0,10.62
483180,611,610.67,113.81,113.81,0,10.62
483185,598,597.46,104.15,104.15,0,10.62
483190,590,590.33,94.25,94.25,0,10.62
483195,580,580.57,84.17,84.17,0,10.62
483200,570,569.68,74.01,74.01,0,10.62
483205,583,582.41,63.85,63.85,0,10.62
483210,548,548.32,53.75,53.75,0,10.62
483215,539,539.58,43.81,43.81,0,10.62
483220,518,517.68,34.09,34.09,0,10.62
483225,518,517.45,24.65,24.65,0,10.62
483230,506,506.33,15.57,15.57,0,10.62
483235,495,495.52,6.88,6.88,0,10.62
483240,487,486.65,-1.35,-1.35,0,10.62
483245,477,476.51,-9.08,-9.08,0,10.62
483250,470,470.37,-16.29,-16.29,0,10.62
483255,463,463.47,-22.93,-22.93,0,10.62
483260,455,454.61,-28.99,-28.99,0,10.62
483265,450,449.56,-34.47,-34.47,0,10.62
483270,447,447.42,-39.34,-39.34,0,10.62
483275,444,444.43,-43.62,-43.62,0,10.62
483280,441,440.55,-47.31,-47.31,0,10.62
483285,442,441.59,-50.44,-50.44,0,10.62
483290,446,446.48,-53.02,-53.02,0,10.62
483295,444,444.39,-55.09,-55.09,0,10.62
483300,470,469.49,-56.68,-56.68,0,10.62
483305,448,447.63,-57.83,-57.83,0,10.62
483310,450,450.5,-58.58,-58.58,0,10.62
483315,455,455.36,-58.98,-58.58,0,10.62
483320,458,457.52,-59.06,-58.58,0,10.62
483325,462,461.65,-58.88,-58.58,0,10.62
483330,466,466.46,-58.49,-58.49,0,10.62
483335,467,467.34,-57.93,-57.93,0,10.62
483340,470,469.56,-57.24,-57.24,0,10.62
483345,472,471.67,-56.47,-56.47,0,10.62
483350,472,472.42,-55.66,-55.66,0,10.62
483355,476,476.31,-54.85,-54.85,0,10.62
483360,476,475.6,-54.07,-54.07,0,10.62
483365,475,474.69,-53.36,-53.36,0,10.62
483370,475,475.38,-52.74,-52.74,0,10.62
483375,479,479.3,-52.25,-52.25,0,10.62
483380,475,474.64,-51.89,-51.89,0,10.62
483385,475,474.69,-51.69,-51.89,0,10.62
483390,472,472.34,-51.66,-51.89,0,10.62
483395,470,470.31,-51.81,-51.89,0,10.62
483400,467,466.67,-52.15,-52.15,0,10.62
483405,465,464.68,-52.67,-52.67,0,10.62
483410,462,462.31,-53.38,-53.38,0,10.62
483415,460,460.32,-54.28,-54.28,0,10.62
483420,459,458.71,-55.36,-55.36,0,10.62
483425,457,456.67,-56.61,-56.61,0,10.62
483430,454,454.27,-58.02,-58.02,0,10.62
483435,447,447.33,-59.59,-59.59,0,10.62
483440,449,448.75,-61.3,-61.3,0,10.62
483445,446,445.68,-63.14,-63.14,0,10.62
483450,441,441.23,-65.09,-65.09,0,10.62
483455,439,439.32,-67.15,-67.15,0,10.62
483460,438,437.79,-69.28,-69.28,0,10.62
483465,437,436.69,-71.49,-71.49,0,10.62
483470,434,434.19,-73.75,-73.75,0,10.62
483475,439,439.3,-76.04,-76.04,0,10.62
483480,432,431.83,-78.36,-78.36,0,10.62
483485,430,429.7,-80.67,-80.67,0,10.62
483490,430,430.14,-82.98,-82.98,0,10.62
483495,428,428.31,-85.24,-85.24,0,10.62
483500,428,427.88,-87.45,-87.45,0,10.62
483505,430,429.69,-89.59,-89.59,0,10.62
483510,427,427.1,-91.64,-91.64,0,10.62
483515,418,418.31,-93.56,-93.56,0,10.62
483520,425,424.92,-95.35,-95.35,0,10.62
483525,428,427.71,-96.97,-96.97,0,10.62
483530,428,428.06,-98.41,-98.41,0,10.62
483535,427,427.27,-99.64,-99.64,0,10.62
483540,426,425.95,-100.62,-100.62,0,10.62
483545,426,425.75,-101.34,-101.34,0,10.62
483550,426,426.04,-101.75,-101.34,0,10.62
483555,431,431.23,-101.84,-101.34,0,10.62
483560,428,427.97,-101.56,-101.34,0,10.62
483565,427,426.79,-100.88,-100.88,0,10.62
483570,429,429.01,-99.78,-99.78,0,10.62
483575,428,428.21,-98.2,-98.2,0,10.62
483580,430,430.0,-96.12,-96.12,0,10.62
483585,430,429.8,-93.5,-93.5,0,10.62
483590,430,429.99,-90.31,-90.31,0,10.62
483595,430,430.19,-86.51,-86.51,0,10.62
483600,428,428.03,-82.08,-82.08,0,10.62
483605,430,429.82,-76.98,-76.98,0,10.62
483610,430,429.96,-71.19,-71.19,0,10.62
483615,431,431.18,-64.69,-64.69,0,10.62
483620,429,429.04,-57.47,-57.47,0,10.62
483625,431,430.83,-49.52,-49.52,0,10.62
483630,431,430.95,-40.84,-40.84,0,10.62
483635,432,432.16,-31.46,-31.46,0,10.62
483640,436,436.06,-21.38,-21.38,0,10.62
483645,440,439.84,-10.65,-10.65,0,10.62
483650,447,446.94,0.7,0.7,0,10.62
483655,459,459.15,12.59,12.59,0,10.62
483660,473,473.08,24.96,24.96,0,10.62
483665,489,488.85,37.71,37.71,0,10.62
483670,516,515.92,50.76,50.76,0,10.62
483675,539,539.15,63.98,63.98,0,10.62
483680,566,566.09,77.25,77.25,0,10.62
483685,593,592.84,90.46,90.46,0,10.62
483690,620,619.91,103.47,103.47,0,10.62
483695,647,647.16,116.15,116.15,0,10.62
483700,670,670.1,128.36,128.36,0,10.62
483705,693,692.83,139.99,139.99,0,10.62
483710,712,711.89,150.9,150.9,0,10.62
483715,730,730.17,161.0,161.0,0,10.62
483720,743,743.11,170.18,170.18,0,10.62
483725,753,752.81,178.36,178.36,0,10.62
483730,762,761.88,185.46,185.46,0,10.62
483735,768,768.2,191.42,191.42,0,10.62
483740,770,770.12,196.21,196.21,0,10.62
483745,768,767.78,199.79,199.79,0,10.62
483750,768,767.87,202.15,202.01,0,10.62
483755,761,761.23,203.3,202.01,0,10.62
483760,755,755.13,203.24,202.01,0,10.62
483765,748,747.75,202.01,202.01,0,10.62
483770,736,735.86,199.64,199.64,0,10.62
483775,726,726.27,196.2,196.2,0,10.62
483780,716,716.15,191.72,191.72,0,10.62
483785,703,702.71,186.29,186.29,0,10.62
483790,694,693.84,179.97,179.97,0,10.62
483795,682,682.31,172.84,172.84,0,10.62
483800,670,670.17,164.98,164.98,0,10.62
483805,659,658.67,156.48,156.48,0,10.62
483810,650,649.83,147.42,147.42,0,10.62
483815,640,640.35,137.88,137.88,0,10.62
483820,627,627.18,127.95,127.95,0,10.62
483825,619,618.62,117.72,117.72,0,10.62
483830,608,607.82,107.26,107.26,0,10.62
483835,594,594.4,96.66,96.66,0,10.62
483840,587,587.18,86.0,86.0,0,10.62
483845,577,576.58,75.35,75.35,0,10.62
483850,566,565.82,64.79,64.79,0,10.62
483855,554,554.44,54.38,54.38,0,10.62
483860,546,546.18,44.2,44.2,0,10.62
483865,533,532.54,34.3,34.3,0,10.62
483870,523,522.81,24.74,24.74,0,10.62
483875,513,513.48,15.57,15.57,0,10.62
483880,503,503.2,6.84,6.84,0,10.62
483885,492,491.5,-1.4,-1.4,0,10.62
483890,483,482.8,-9.13,-9.13,0,10.62
483895,475,475.53,-16.31,-16.31,0,10.62
483900,465,465.21,-22.93,-22.93,0,10.62
483905,462,461.45,-28.97,-28.97,0,10.62
483910,457,456.78,-34.43,-34.43,0,10.62
483915,455,455.58,-39.29,-39.29,0,10.62
483920,453,453.23,-43.58,-43.58,0,10.62
483925,449,448.39,-47.3,-47.3,0,10.62
483930,450,449.77,-50.48,-50.48,0,10.62
483935,450,450.65,-53.14,-53.14,0,10.62
483940,449,449.24,-55.31,-55.31,0,10.62
483945,452,451.31,-57.02,-57.02,0,10.62
483950,455,454.75,-58.33,-58.33,0,10.62
483955,455,455.73,-59.26,-59.26,0,10.62
483960,458,458.25,-59.86,-59.86,0,10.62
483965,485,484.24,-60.18,-59.88,0,10.62
483970,464,463.75,-60.26,-59.88,0,10.62
483975,467,467.75,-60.14,-59.88,0,10.62
483980,469,469.26,-59.88,-59.88,0,10.62
483985,472,471.27,-59.51,-59.51,0,10.62
483990,473,472.74,-59.06,-59.06,0,10.62
483995,473,473.71,-58.57,-58.57,0,10.62
484000,473,473.26,-58.09,-58.09,0,10.62
484005,475,474.31,-57.62,-57.62,0,10.62
484010,472,471.74,-57.21,-57.21,0,10.62
484015,475,475.67,-56.88,-56.88,0,10.62
484020,470,470.27,-56.64,-56.64,0,10.62
484025,470,469.34,-56.51,-56.64,0,10.62
484030,472,471.73,-56.5,-56.64,0,10.62
484035,467,467.65,-56.62,-56.64,0,10.62
484040,463,463.26,-56.88,-56.88,0,10.62
484045,462,461.36,-57.27,-57.27,0,10.62
484050,459,458.74,-57.81,-57.81,0,10.62
484055,458,458.64,-58.49,-58.49,0,10.62
484060,456,456.25,-59.31,-59.31,0,10.62
484065,453,452.37,-60.25,-60.25,0,10.62
484070,450,449.76,-61.32,-61.32,0,10.62
484075,448,448.63,-62.51,-62.51,0,10.62
484080,445,445.24,-63.8,-63.8,0,10.62
484085,443,442.37,-65.19,-65.19,0,10.62
484090,440,439.76,-66.68,-66.68,0,10.62
484095,437,437.64,-68.24,-68.24,0,10.62
484100,436,436.24,-69.87,-69.87,0,10.62
484105,434,433.36,-71.56,-71.56,0,10.62
484110,435,434.76,-73.31,-73.31,0,10.62
484115,431,431.64,-75.09,-75.09,0,10.62
484120,427,427.23,-76.91,-76.91,0,10.62
484125,446,445.37,-78.76,-78.76,0,10.62
484130,426,425.78,-80.62,-80.62,0,10.62
484135,427,427.61,-82.5,-82.5,0,10.62
484140,424,424.21,-84.37,-84.37,0,10.62
484145,423,422.43,-86.23,-86.23,0,10.62
484150,423,422.8,-88.07,-88.07,0,10.62
484155,422,422.54,-89.89,-89.89,0,10.62
484160,423,423.19,-91.66,-91.66,0,10.62
484165,420,419.5,-93.39,-93.39,0,10.62
484170,421,420.82,-95.06,-95.06,0,10.62
484175,421,421.48,-96.67,-96.67,0,10.62
484180,422,422.18,-98.19,-98.19,0,10.62
484185,423,422.55,-99.62,-99.62,0,10.62
484190,423,422.83,-100.95,-100.95,0,10.62
484195,423,423.42,-102.15,-102.15,0,10.62
484200,423,423.17,-103.22,-103.22,0,10.62
484205,427,426.61,-104.13,-104.13,0,10.62
484210,425,424.84,-104.87,-104.87,0,10.62
484215,426,426.36,-105.4,-105.4,0,10.62
484220,425,425.15,-105.71,-105.4,0,10.62
484225,427,426.67,-105.76,-105.4,0,10.62
484230,427,426.85,-105.54,-105.4,0,10.62
484235,429,429.3,-104.99,-104.99,0,10.62
484240,429,429.14,-104.1,-104.1,0,10.62
484245,430,429.73,-102.83,-102.83,0,10.62
484250,429,428.87,-101.14,-101.14,0,10.62
484255,431,431.24,-98.99,-98.99,0,10.62
484260,431,431.13,-96.34,-96.34,0,10.62
484265,431,430.78,-93.16,-93.16,0,10.62
484270,431,430.87,-89.41,-89.41,0,10.62
484275,431,431.19,-85.06,-85.06,0,10.62
484280,430,430.13,-80.06,-80.06,0,10.62
484285,430,429.83,-74.38,-74.38,0,10.62
484290,430,429.88,-68.01,-68.01,0,10.62
484295,433,433.14,-60.92,-60.92,0,10.62
484300,430,430.12,-53.1,-53.1,0,10.62
484305,430,429.87,-44.53,-44.53,0,10.62
484310,432,431.88,-35.23,-35.23,0,10.62
484315,436,436.12,-25.19,-25.19,0,10.62
484320,437,437.12,-14.46,-14.46,0,10.62
484325,443,442.89,-3.06,-3.06,0,10.62
484330,451,450.89,8.96,8.96,0,10.62
484335,464,464.1,21.53,21.53,0,10.62
484340,481,481.12,34.57,34.57,0,10.62
484345,498,497.9,47.99,47.99,0,10.62
484350,527,526.89,61.69,61.69,0,10.62
484355,552,552.1,75.55,75.55,0,10.62
484360,579,579.11,89.43,89.43,0,10.62
484365,610,609.9,103.22,103.22,0,10.62
484370,636,635.9,116.77,116.77,0,10.62
484375,664,664.1,129.95,129.95,0,10.62
484380,688,688.09,142.63,142.63,0,10.62
484385,712,711.9,154.66,154.66,0,10.62
484390,727,726.9,165.94,165.94,0,10.62
484395,748,748.1,176.35,176.35,0,10.62
484400,761,761.09,185.79,185.79,0,10.62
484405,773,772.9,194.18,194.18,0,10.62
484410,780,779.9,201.43,201.43,0,10.62
484415,785,785.1,207.49,207.49,0,10.62
484420,786,786.1,212.33,212.33,0,10.62
484425,785,784.9,215.91,215.91,0,10.62
484430,782,781.89,218.23,217.7,0,10.62
484435,775,775.1,219.29,217.7,0,10.62
484440,770,770.11,219.1,217.7,0,10.62
484445,761,760.9,217.7,217.7,0,10.62
484450,748,747.88,215.14,215.14,0,10.62
484455,739,739.1,211.45,211.45,0,10.62
484460,729,729.13,206.71,206.71,0,10.62
484465,718,717.91,200.99,200.99,0,10.62
484470,706,705.85,194.35,194.35,0,10.62
484475,694,694.08,186.88,186.88,0,10.62
484480,683,683.16,178.66,178.66,0,10.62
484485,672,671.93,169.77,169.77,0,10.62
484490,659,658.82,160.31,160.31,0,10.62
484495,650,650.07,150.36,150.36,0,10.62
484500,638,638.2,140.01,140.01,0,10.62
484505,627,626.94,129.34,129.34,0,10.62
484510,612,611.78,118.44,118.44,0,10.62
484515,607,607.05,107.39,107.39,0,10.62
484520,596,596.25,96.27,96.27,0,10.62
484525,584,583.95,85.17,85.17,0,10.62
484530,579,578.72,74.14,74.14,0,10.62
484535,564,564.05,63.27,63.27,0,10.62
484540,553,553.31,52.62,52.62,0,10.62
484545,541,540.95,42.26,42.26,0,10.62
484550,529,528.67,32.24,32.24,0,10.62
484555,517,517.05,22.62,22.62,0,10.62
484560,508,508.36,13.45,13.45,0,10.62
484565,496,495.95,4.77,4.77,0,10.62
484570,487,486.61,-3.38,-3.38,0,10.62
484575,479,479.05,-10.97,-10.97,0,10.62
484580,455,455.41,-17.98,-17.98,0,10.62
484585,467,466.95,-24.4,-24.4,0,10.62
484590,458,457.59,-30.21,-30.21,0,10.62
484595,456,456.05,-35.42,-35.42,0,10.62
484600,452,452.41,-40.03,-40.03,0,10.62
484605,451,450.96,-44.06,-44.06,0,10.62
484610,450,449.6,-47.53,-47.53,0,10.62
484615,451,451.04,-50.47,-50.47,0,10.62
484620,453,453.4,-52.9,-52.9,0,10.62
484625,455,454.96,-54.87,-54.87,0,10.62
484630,456,455.6,-56.41,-56.41,0,10.62
484635,459,459.04,-57.57,-57.57,0,10.62
484640,462,462.4,-58.39,-58.39,0,10.62
484645,464,463.97,-58.91,-58.91,0,10.62
484650,472,471.6,-59.19,-58.95,0,10.62
484655,465,465.02,-59.26,-58.95,0,10.62
484660,469,469.39,-59.16,-58.95,0,10.62
484665,472,471.99,-58.95,-58.95,0,10.62
484670,472,471.62,-58.64,-58.64,0,10.62
484675,473,473.0,-58.29,-58.29,0,10.62
484680,473,473.37,-57.93,-57.93,0,10.62
484685,473,473.02,-57.58,-57.58,0,10.62
484690,471,470.64,-57.26,-57.26,0,10.62
484695,473,472.97,-57.01,-57.01,0,10.62
484700,470,470.36,-56.83,-56.9,0,10.62
484705,467,467.04,-56.75,-56.9,0,10.62
484710,466,465.65,-56.77,-56.9,0,10.62
484715,463,462.95,-56.9,-56.9,0,10.62
484720,462,462.35,-57.15,-57.15,0,10.62
484725,458,458.06,-57.51,-57.51,0,10.62
484730,458,457.65,-57.99,-57.99,0,10.62
484735,456,455.93,-58.59,-58.59,0,10.62
484740,452,452.35,-59.3,-59.3,0,10.62
484745,448,448.07,-60.11,-60.11,0,10.62
484750,449,448.65,-61.02,-61.02,0,10.62
484755,448,447.93,-62.01,-62.01,0,10.62
484760,441,441.34,-63.09,-63.09,0,10.62
484765,440,440.06,-64.24,-64.24,0,10.62
484770,438,437.66,-65.45,-65.45,0,10.62
484775,435,434.95,-66.71,-66.71,0,10.62
484780,435,435.33,-68.01,-68.01,0,10.62
484785,434,434.04,-69.35,-69.35,0,10.62
484790,430,429.68,-70.71,-70.71,0,10.62
484795,429,428.96,-72.09,-72.09,0,10.62
484800,429,429.32,-73.48,-73.48,0,10.62
484805,430,430.04,-74.88,-74.88,0,10.62
484810,426,425.67,-76.27,-76.27,0,10.62
484815,425,424.96,-77.67,-77.67,0,10.62
484820,423,423.33,-79.05,-79.05,0,10.62
484825,423,423.05,-80.42,-80.42,0,10.62
484830,423,422.67,-81.77,-81.77,0,10.62
484835,423,422.95,-83.11,-83.11,0,10.62
484840,422,422.33,-84.43,-84.43,0,10.62
484845,422,422.06,-85.73,-85.73,0,10.62
484850,426,425.67,-87.0,-87.0,0,10.62
484855,422,421.94,-88.25,-88.25,0,10.62
484860,423,423.33,-89.47,-89.47,0,10.62
484865,425,425.07,-90.66,-90.66,0,10.62
484870,425,424.68,-91.81,-91.81,0,10.62
484875,427,426.92,-92.92,-92.92,0,10.62
484880,425,425.31,-93.98,-93.98,0,10.62
484885,426,426.08,-94.98,-94.98,0,10.62
484890,427,426.7,-95.92,-95.92,0,10.62
484895,428,427.91,-96.76,-96.76,0,10.62
484900,430,430.3,-97.51,-97.51,0,10.62
484905,429,429.09,-98.13,-98.13,0,10.62
484910,430,429.71,-98.62,-98.62,0,10.62
484915,430,429.91,-98.94,-98.64,0,10.62
484920,427,427.29,-99.07,-98.64,0,10.62
484925,430,430.1,-98.98,-98.64,0,10.62
484930,429,428.72,-98.64,-98.64,0,10.62
484935,431,430.9,-98.01,-98.01,0,10.62
484940,431,431.27,-97.07,-97.07,0,10.62
484945,433,433.1,-95.76,-95.76,0,10.62
484950,431,430.73,-94.06,-94.06,0,10.62
484955,430,429.89,-91.92,-91.92,0,10.62
484960,431,431.26,-89.31,-89.31,0,10.62
484965,431,431.12,-86.18,-86.18,0,10.62
484970,431,430.74,-82.5,-82.5,0,10.62
484975,431,430.87,-78.23,-78.23,0,10.62
484980,429,429.25,-73.33,-73.33,0,10.62
484985,428,428.14,-67.77,-67.77,0,10.62
484990,431,430.75,-61.53,-61.53,0,10.62
484995,427,426.85,-54.6,-54.6,0,10.62
485000,427,427.24,-46.94,-46.94,0,10.62
485005,429,429.16,-38.57,-38.57,0,10.62
485010,429,428.77,-29.49,-29.49,0,10.62
485015,431,430.83,-19.71,-19.71,0,10.62
485020,435,435.22,-9.26,-9.26,0,10.62
485025,444,444.19,1.82,1.82,0,10.62
485030,452,451.8,13.47,13.47,0,10.62
485035,465,464.79,25.63,25.63,0,10.62
485040,484,484.19,38.2,38.2,0,10.62
485045,505,505.24,51.1,51.1,0,10.62
485050,529,528.82,64.22,64.22,0,10.62
485055,554,553.74,77.43,77.43,0,10.62
485060,582,582.17,90.62,90.62,0,10.62
485065,609,609.29,103.65,103.65,0,10.62
485070,637,636.84,116.38,116.38,0,10.62
485075,662,661.68,128.68,128.68,0,10.62
485080,686,686.15,140.43,140.43,0,10.62
485085,707,707.34,151.5,151.5,0,10.62
485090,724,723.86,161.76,161.76,0,10.62
485095,740,739.62,171.13,171.13,0,10.62
485100,749,749.13,179.5,179.5,0,10.62
485105,760,760.4,186.8,186.8,0,10.62
485110,767,766.88,192.96,192.96,0,10.62
485115,769,768.56,197.93,197.93,0,10.62
485120,771,771.1,201.68,201.68,0,10.62
485125,765,765.47,204.19,204.19,0,10.62
485130,762,761.9,205.47,204.19,0,10.62
485135,755,754.5,205.52,204.19,0,10.62
485140,747,747.08,204.36,204.19,0,10.62
485145,737,737.53,202.04,202.04,0,10.62
485150,729,728.93,198.61,198.61,0,10.62
485155,732,731.45,194.11,194.11,0,10.62
485160,703,703.06,188.63,188.63,0,10.62
485165,689,689.54,182.24,182.24,0,10.62
485170,680,679.96,175.01,175.01,0,10.62
485175,667,666.47,167.04,167.04,0,10.62
485180,654,654.02,158.41,158.41,0,10.62
485185,645,645.51,149.21,149.21,0,10.62
485190,632,632.0,139.53,139.53,0,10.62
485195,620,619.5,129.46,129.46,0,10.62
485200,612,611.98,119.09,119.09,0,10.62
485205,600,600.5,108.5,108.5,0,10.62
485210,590,590.04,97.79,97.79,0,10.62
485215,579,578.51,87.04,87.04,0,10.62
485220,570,569.94,76.32,76.32,0,10.62
485225,560,560.49,65.7,65.7,0,10.62
485230,549,549.08,55.27,55.27,0,10.62
485235,536,535.51,45.1,45.1,0,10.62
485240,527,526.91,35.23,35.23,0,10.62
485245,515,515.5,25.74,25.74,0,10.62
485250,505,505.11,16.67,16.67,0,10.62
485255,496,495.49,8.07,8.07,0,10.62
485260,486,485.87,-0.01,-0.01,0,10.62
485265,476,476.51,-7.54,-7.54,0,10.62
485270,469,469.15,-14.5,-14.5,0,10.62
485275,465,464.49,-20.86,-20.86,0,10.62
485280,455,454.84,-26.61,-26.61,0,10.62
485285,447,447.51,-31.75,-31.75,0,10.62
485290,447,447.19,-36.28,-36.28,0,10.62
485295,446,445.5,-40.21,-40.21,0,10.62
485300,446,445.8,-43.55,-43.55,0,10.62
485305,444,444.49,-46.33,-46.33,0,10.62
485310,447,447.22,-48.58,-48.58,0,10.62
485315,449,448.52,-50.34,-50.34,0,10.62
485320,458,457.77,-51.65,-51.65,0,10.62
485325,455,455.47,-52.54,-52.54,0,10.62
485330,457,457.24,-53.07,-52.94,0,10.62
485335,462,461.55,-53.28,-52.94,0,10.62
485340,467,466.76,-53.22,-52.94,0,10.62
485345,468,468.44,-52.94,-52.94,0,10.62
485350,471,471.23,-52.48,-52.48,0,10.62
485355,472,471.57,-51.9,-51.9,0,10.62
485360,475,474.77,-51.23,-51.23,0,10.62
485365,477,477.43,-50.52,-50.52,0,10.62
485370,477,477.22,-49.81,-49.81,0,10.62
485375,479,478.58,-49.12,-49.12,0,10.62
485380,480,479.78,-48.49,-48.49,0,10.62
485385,478,478.42,-47.96,-47.96,0,10.62
485390,477,477.21,-47.53,-47.53,0,10.62
485395,476,475.58,-47.23,-47.23,0,10.62
485400,477,476.8,-47.07,-47.23,0,10.62
485405,472,472.42,-47.06,-47.23,0,10.62
485410,471,471.18,-47.21,-47.23,0,10.62
485415,468,467.59,-47.52,-47.52,0,10.62
485420,463,462.83,-47.99,-47.99,0,10.62
485425,464,464.41,-48.62,-48.62,0,10.62
485430,460,460.16,-49.41,-49.41,0,10.62
485435,456,455.58,-50.33,-50.33,0,10.62
485440,453,452.84,-51.4,-51.4,0,10.62
485445,451,451.42,-52.58,-52.58,0,10.62
485450,447,447.15,-53.89,-53.89,0,10.62
485455,450,449.57,-55.29,-55.29,0,10.62
485460,442,441.85,-56.78,-56.78,0,10.62
485465,440,440.43,-58.34,-58.34,0,10.62
485470,437,437.15,-59.97,-59.97,0,10.62
485475,437,436.57,-61.64,-61.64,0,10.62
485480,431,430.86,-63.36,-63.36,0,10.62
485485,430,430.42,-65.1,-65.1,0,10.62
485490,431,431.15,-66.85,-66.85,0,10.62
485495,431,430.59,-68.61,-68.61,0,10.62
485500,428,427.85,-70.36,-70.36,0,10.62
485505,427,427.4,-72.1,-72.1,0,10.62
485510,425,425.15,-73.83,-73.83,0,10.62
485515,423,422.61,-75.53,-75.53,0,10.62
485520,424,423.84,-77.2,-77.2,0,10.62
485525,420,420.38,-78.83,-78.83,0,10.62
485530,425,425.16,-80.42,-80.42,0,10.62
485535,425,424.63,-81.96,-81.96,0,10.62
485540,426,425.83,-83.46,-83.46,0,10.62
485545,425,425.35,-84.89,-84.89,0,10.62
485550,427,427.18,-86.27,-86.27,0,10.62
485555,425,424.66,-87.58,-87.58,0,10.62
485560,427,426.82,-88.81,-88.81,0,10.62
485565,427,427.33,-89.96,-89.96,0,10.62
485570,428,428.19,-91.01,-91.01,0,10.62
485575,428,427.68,-91.95,-91.95,0,10.62
485580,429,428.8,-92.76,-92.76,0,10.62
485585,429,429.31,-93.43,-93.43,0,10.62
485590,429,429.21,-93.94,-93.94,0,10.62
485595,431,430.7,-94.27,-93.94,0,10.62
485600,430,429.78,-94.39,-93.94,0,10.62
485605,430,430.29,-94.27,-93.94,0,10.62
485610,432,432.23,-93.89,-93.89,0,10.62
485615,432,431.73,-93.21,-93.21,0,10.62
485620,434,433.76,-92.21,-92.21,0,10.62
485625,433,433.26,-90.85,-90.85,0,10.62
485630,429,429.25,-89.09,-89.09,0,10.62
485635,434,433.75,-86.89,-86.89,0,10.62
485640,432,431.75,-84.23,-84.23,0,10.62
485645,432,432.24,-81.06,-81.06,0,10.62
485650,432,432.25,-77.34,-77.34,0,10.62
485655,433,432.78,-73.06,-73.06,0,10.62
485660,432,431.75,-68.17,-68.17,0,10.62
485665,432,432.21,-62.65,-62.65,0,10.62
485670,430,430.25,-56.47,-56.47,0,10.62
485675,429,428.8,-49.62,-49.62,0,10.62
485680,429,428.75,-42.09,-42.09,0,10.62
485685,429,429.18,-33.88,-33.88,0,10.62
485690,429,429.26,-25.0,-25.0,0,10.62
485695,430,429.83,-15.46,-15.46,0,10.62
485700,437,436.75,-5.3,-5.3,0,10.62
485705,442,442.17,5.44,5.44,0,10.62
485710,454,454.26,16.7,16.7,0,10.62
485715,470,469.84,28.41,28.41,0,10.62
485720,486,485.75,40.48,40.48,0,10.62
485725,509,509.15,52.82,52.82,0,10.62
485730,532,532.26,65.31,65.31,0,10.62
485735,558,557.86,77.84,77.84,0,10.62
485740,585,584.74,90.29,90.29,0,10.62
485745,611,611.13,102.53,102.53,0,10.62
485750,635,635.26,114.42,114.42,0,10.62
485755,660,659.87,125.84,125.84,0,10.62
485760,683,682.74,136.66,136.66,0,10.62
485765,701,701.12,146.76,146.76,0,10.62
485770,717,717.25,156.05,156.05,0,10.62
485775,728,727.88,164.41,164.41,0,10.62
485780,743,742.75,171.76,171.76,0,10.62
485785,749,749.11,178.04,178.04,0,10.62
485790,752,752.24,183.18,183.18,0,10.62
485795,756,755.88,187.15,187.15,0,10.62
485800,752,751.77,189.92,189.92,0,10.62
485805,750,750.12,191.48,189.92,0,10.62
485810,745,745.23,191.84,189.92,0,10.62
485815,744,743.89,191.01,189.92,0,10.62
485820,728,727.78,189.02,189.02,0,10.62
485825,718,718.1,185.93,185.93,0,10.62
485830,707,707.22,181.77,181.77,0,10.62
485835,693,692.92,176.63,176.63,0,10.62
485840,684,683.78,170.57,170.57,0,10.62
485845,672,672.07,163.66,163.66,0,10.62
485850,660,660.22,155.99,155.99,0,10.62
485855,648,647.94,147.66,147.66,0,10.62
485860,634,633.79,138.73,138.73,0,10.62
485865,626,626.05,129.32,129.32,0,10.62
485870,612,612.22,119.5,119.5,0,10.62
485875,601,600.96,109.38,109.38,0,10.62
485880,592,591.78,99.03,99.03,0,10.62
485885,577,577.03,88.55,88.55,0,10.62
485890,570,570.22,78.01,78.01,0,10.62
485895,559,558.98,67.52,67.52,0,10.62
485900,548,547.78,57.13,57.13,0,10.62
485905,538,538.01,46.94,46.94,0,10.62
485910,517,517.22,37.0,37.0,0,10.62
485915,516,516.0,27.38,27.38,0,10.62
485920,505,504.8,18.15,18.15,0,10.62
485925,499,498.99,9.35,9.35,0,10.62
485930,486,486.18,1.04,1.04,0,10.62
485935,476,476.02,-6.75,-6.75,0,10.62
485940,467,466.83,-13.98,-13.98,0,10.62
485945,461,460.98,-20.62,-20.62,0,10.62
485950,453,453.15,-26.66,-26.66,0,10.62
485955,448,448.02,-32.08,-32.08,0,10.62
485960,444,443.87,-36.88,-36.88,0,10.62
485965,441,440.99,-41.07,-41.07,0,10.62
485970,442,442.12,-44.65,-44.65,0,10.62
485975,441,441.01,-47.65,-47.65,0,10.62
485980,443,442.9,-50.1,-50.1,0,10.62
485985,446,445.99,-52.02,-52.02,0,10.62
485990,448,448.09,-53.45,-53.45,0,10.62
485995,448,448.01,-54.43,-54.43,0,10.62
486000,455,454.92,-55.02,-54.83,0,10.62
486005,457,457.0,-55.24,-54.83,0,10.62
486010,460,460.06,-55.17,-54.83,0,10.62
486015,462,461.99,-54.83,-54.83,0,10.62
486020,468,467.95,-54.3,-54.3,0,10.62
486025,471,471.03,-53.6,-53.6,0,10.62
486030,476,476.03,-52.79,-52.79,0,10.62
486035,476,475.96,-51.92,-51.92,0,10.62
486040,477,476.98,-51.03,-51.03,0,10.62
486045,476,476.06,-50.15,-50.15,0,10.62
486050,479,479.01,-49.32,-49.32,0,10.62
486055,480,479.93,-48.57,-48.57,0,10.62
486060,478,478.0,-47.93,-47.93,0,10.62
486065,476,476.07,-47.41,-47.41,0,10.62
486070,479,478.99,-47.05,-47.05,0,10.62
486075,476,475.92,-46.84,-47.05,0,10.62
486080,473,473.01,-46.81,-47.05,0,10.62
486085,471,471.08,-46.96,-47.05,0,10.62
486090,470,469.99,-47.29,-47.29,0,10.62
486095,466,465.92,-47.8,-47.8,0,10.62
486100,465,465.01,-48.48,-48.48,0,10.62
486105,461,461.08,-49.34,-49.34,0,10.62
486110,459,458.99,-50.36,-50.36,0,10.62
486115,455,454.92,-51.53,-51.53,0,10.62
486120,453,453.01,-52.85,-52.85,0,10.62
486125,450,450.08,-54.29,-54.29,0,10.62
486130,446,445.99,-55.84,-55.84,0,10.62
486135,444,443.91,-57.5,-57.5,0,10.62
486140,441,441.01,-59.24,-59.24,0,10.62
486145,437,437.09,-61.04,-61.04,0,10.62
486150,434,433.99,-62.91,-62.91,0,10.62
486155,434,433.91,-64.81,-64.81,0,10.62
486160,430,430.02,-66.75,-66.75,0,10.62
486165,428,428.09,-68.7,-68.7,0,10.62
486170,429,428.98,-70.65,-70.65,0,10.62
486175,425,424.91,-72.6,-72.6,0,10.62
486180,425,425.02,-74.54,-74.54,0,10.62
486185,425,425.09,-76.45,-76.45,0,10.62
486190,424,423.98,-78.33,-78.33,0,10.62
486195,423,422.91,-80.18,-80.18,0,10.62
486200,423,423.02,-81.98,-81.98,0,10.62
486205,423,423.09,-83.73,-83.73,0,10.62
486210,422,421.98,-85.43,-85.43,0,10.62
486215,423,422.91,-87.07,-87.07,0,10.62
486220,421,421.02,-88.64,-88.64,0,10.62
486225,422,422.09,-90.14,-90.14,0,10.62
486230,422,421.98,-91.55,-91.55,0,10.62
486235,423,422.91,-92.88,-92.88,0,10.62
486240,424,424.02,-94.1,-94.1,0,10.62
486245,424,424.1,-95.21,-95.21,0,10.62
486250,426,425.98,-96.21,-96.21,0,10.62
486255,424,423.9,-97.06,-97.06,0,10.62
486260,425,425.02,-97.76,-97.76,0,10.62
486265,428,428.1,-98.29,-98.29,0,10.62
486270,429,428.99,-98.63,-98.29,0,10.62
486275,430,429.89,-98.75,-98.29,0,10.62
486280,427,427.0,-98.63,-98.29,0,10.62
486285,430,430.12,-98.24,-98.24,0,10.62
486290,431,431.01,-97.55,-97.55,0,10.62
486295,434,433.88,-96.54,-96.54,0,10.62
486300,432,431.97,-95.16,-95.16,0,10.62
486305,436,436.12,-93.39,-93.39,0,10.62
486310,430,430.05,-91.18,-91.18,0,10.62
486315,434,433.87,-88.49,-88.49,0,10.62
486320,434,433.94,-85.3,-85.3,0,10.62
486325,430,430.13,-81.57,-81.57,0,10.62
486330,434,434.06,-77.25,-77.25,0,10.62
486335,431,430.87,-72.32,-72.32,0,10.62
486340,434,433.93,-66.75,-66.75,0,10.62
486345,422,422.13,-60.51,-60.51,0,10.62
486350,434,434.08,-53.59,-53.59,0,10.62
486355,432,431.89,-45.96,-45.96,0,10.62
486360,433,432.91,-37.63,-37.63,0,10.62
486365,433,433.09,-28.6,-28.6,0,10.62
486370,442,442.11,-18.89,-18.89,0,10.62
486375,450,449.95,-8.52,-8.52,0,10.62
486380,445,444.87,2.47,2.47,0,10.62
486385,457,457.01,14.03,14.03,0,10.62
486390,457,457.16,26.1,26.1,0,10.62
486395,484,484.04,38.59,38.59,0,10.62
486400,505,504.84,51.43,51.43,0,10.62
486405,529,528.91,64.5,64.5,0,10.62
486410,552,552.16,77.69,77.69,0,10.62
486415,577,577.13,90.88,90.88,0,10.62
486420,607,606.84,103.94,103.94,0,10.62
486425,634,633.83,116.74,116.74,0,10.62
486430,659,659.16,129.15,129.15,0,10.62
486435,683,683.21,141.04,141.04,0,10.62
486440,704,703.84,152.29,152.29,0,10.62
486445,723,722.75,162.77,162.77,0,10.62
486450,738,738.15,172.39,172.39,0,10.62
486455,755,755.28,181.05,181.05,0,10.62
486460,761,760.85,188.66,188.66,0,10.62
486465,786,785.68,195.16,195.16,0,10.62
486470,771,771.15,200.5,200.5,0,10.62
486475,773,773.33,204.65,204.65,0,10.62
486480,770,769.85,207.58,207.58,0,10.62
486485,766,765.67,209.28,207.58,0,10.62
486490,760,760.15,209.78,207.58,0,10.62
486495,751,751.33,209.09,207.58,0,10.62
486500,743,742.85,207.25,207.25,0,10.62
486505,736,735.66,204.3,204.3,0,10.62
486510,725,725.15,200.3,200.3,0,10.62
486515,711,711.33,195.31,195.31,0,10.62
486520,702,701.85,189.4,189.4,0,10.62
486525,690,689.68,182.65,182.65,0,10.62
486530,678,678.16,175.14,175.14,0,10.62
486535,665,665.32,166.95,166.95,0,10.62
486540,655,654.84,158.17,158.17,0,10.62
486545,640,639.69,148.87,148.87,0,10.62
486550,634,634.17,139.15,139.15,0,10.62
486555,621,621.31,129.09,129.09,0,10.62
486560,612,611.83,118.77,118.77,0,10.62
486565,606,605.7,108.27,108.27,0,10.62
486570,593,593.18,97.68,97.68,0,10.62
486575,583,583.29,87.06,87.06,0,10.62
486580,573,572.81,76.48,76.48,0,10.62
486585,564,563.72,66.02,66.02,0,10.62
486590,554,554.21,55.75,55.75,0,10.62
486595,543,543.27,45.72,45.72,0,10.62
486600,536,535.78,35.98,35.98,0,10.62
486605,523,522.74,26.61,26.61,0,10.62
486610,506,506.22,17.63,17.63,0,10.62
486615,501,501.25,9.1,9.1,0,10.62
486620,492,491.78,1.05,1.05,0,10.62
486625,483,482.77,-6.48,-6.48,0,10.62
486630,475,475.21,-13.48,-13.48,0,10.62
486635,469,469.22,-19.92,-19.92,0,10.62
486640,463,462.8,-25.79,-25.79,0,10.62
486645,460,459.79,-31.09,-31.09,0,10.62
486650,455,455.19,-35.82,-35.82,0,10.62
486655,454,454.2,-39.99,-39.99,0,10.62
486660,450,449.82,-43.62,-43.62,0,10.62
486665,451,450.82,-46.72,-46.72,0,10.62
486670,451,451.18,-49.32,-49.32,0,10.62
486675,453,453.17,-51.45,-51.45,0,10.62
486680,455,454.83,-53.15,-53.15,0,10.62
486685,457,456.83,-54.46,-54.46,0,10.62
486690,465,465.17,-55.41,-55.41,0,10.62
486695,459,459.15,-56.05,-56.05,0,10.62
486700,462,461.82,-56.41,-56.31,0,10.62
486705,464,463.86,-56.55,-56.31,0,10.62
486710,468,468.2,-56.5,-56.31,0,10.62
486715,470,470.13,-56.31,-56.31,0,10.62
486720,471,470.78,-56.02,-56.02,0,10.62
486725,471,470.88,-55.65,-55.65,0,10.62
486730,471,471.23,-55.26,-55.26,0,10.62
486735,473,473.12,-54.86,-54.86,0,10.62
486740,474,473.75,-54.49,-54.49,0,10.62
486745,473,472.89,-54.17,-54.17,0,10.62
486750,473,473.26,-53.93,-53.93,0,10.62
486755,471,471.11,-53.78,-53.93,0,10.62
486760,481,480.73,-53.74,-53.93,0,10.62
486765,468,467.9,-53.81,-53.93,0,10.62
486770,466,466.26,-54.02,-54.02,0,10.62
486775,464,464.1,-54.35,-54.35,0,10.62
486780,460,459.75,-54.81,-54.81,0,10.62
486785,457,456.9,-55.4,-55.4,0,10.62
486790,457,457.24,-56.11,-56.11,0,10.62
486795,454,454.1,-56.94,-56.94,0,10.62
486800,453,452.77,-57.88,-57.88,0,10.62
486805,449,448.9,-58.91,-58.91,0,10.62
486810,446,446.22,-60.05,-60.05,0,10.62
486815,439,439.1,-61.26,-61.26,0,10.62
486820,442,441.8,-62.54,-62.54,0,10.62
486825,438,437.91,-63.88,-63.88,0,10.62
486830,434,434.19,-65.28,-65.28,0,10.62
486835,435,435.08,-66.71,-66.71,0,10.62
486840,434,433.83,-68.17,-68.17,0,10.62
486845,430,429.93,-69.66,-69.66,0,10.62
486850,430,430.15,-71.16,-71.16,0,10.62
486855,429,429.07,-72.67,-72.67,0,10.62
486860,428,427.87,-74.18,-74.18,0,10.62
486865,427,426.93,-75.69,-75.69,0,10.62
486870,427,427.1,-77.2,-77.2,0,10.62
486875,426,426.07,-78.69,-78.69,0,10.62
486880,424,423.91,-80.16,-80.16,0,10.62
486885,424,423.93,-81.62,-81.62,0,10.62
486890,424,424.07,-83.06,-83.06,0,10.62
486895,423,423.07,-84.47,-84.47,0,10.62
486900,423,422.95,-85.86,-85.86,0,10.62
486905,423,422.94,-87.22,-87.22,0,10.62
486910,424,424.04,-88.55,-88.55,0,10.62
486915,422,422.06,-89.84,-89.84,0,10.62
486920,424,423.98,-91.1,-91.1,0,10.62
486925,424,423.94,-92.3,-92.3,0,10.62
486930,425,425.01,-93.45,-93.45,0,10.62
486935,425,425.06,-94.54,-94.54,0,10.62
486940,425,425.0,-95.56,-95.56,0,10.62
486945,428,427.95,-96.5,-96.5,0,10.62
486950,427,426.98,-97.34,-97.34,0,10.62
486955,428,428.04,-98.06,-98.06,0,10.62
486960,426,426.03,-98.65,-98.65,0,10.62
486965,430,429.96,-99.08,-99.08,0,10.62
486970,430,429.97,-99.33,-99.08,0,10.62
486975,432,432.03,-99.38,-99.08,0,10.62
486980,429,429.03,-99.2,-99.08,0,10.62
486985,430,429.98,-98.74,-98.74,0,10.62
486990,431,430.97,-97.99,-97.99,0,10.62
486995,431,431.02,-96.9,-96.9,0,10.62
487000,430,430.03,-95.44,-95.44,0,10.62
487005,431,430.98,-93.56,-93.56,0,10.62
487010,431,430.97,-91.24,-91.24,0,10.62
487015,432,432.02,-88.42,-88.42,0,10.62
487020,430,430.03,-85.08,-85.08,0,10.62
487025,431,430.98,-81.16,-81.16,0,10.62
487030,429,428.98,-76.65,-76.65,0,10.62
487035,430,430.02,-71.5,-71.5,0,10.62
487040,430,430.02,-65.69,-65.69,0,10.62
487045,432,431.98,-59.19,-59.19,0,10.62
487050,430,429.98,-51.99,-51.99,0,10.62
487055,430,430.01,-44.07,-44.07,0,10.62
487060,431,431.02,-35.44,-35.44,0,10.62
487065,432,432.0,-26.1,-26.1,0,10.62
487070,433,432.98,-16.08,-16.08,0,10.62
487075,440,440.0,-5.39,-5.39,0,10.62
487080,446,446.02,5.9,5.9,0,10.62
487085,458,458.01,17.75,17.75,0,10.62
487090,472,471.98,30.08,30.08,0,10.62
487095,492,491.99,42.81,42.81,0,10.62
487100,516,516.03,55.83,55.83,0,10.62
487105,540,540.02,69.04,69.04,0,10.62
487110,565,564.96,82.32,82.32,0,10.62
487115,591,590.97,95.54,95.54,0,10.62
487120,621,621.05,108.57,108.57,0,10.62
487125,647,647.04,121.28,121.28,0,10.62
487130,672,671.94,133.54,133.54,0,10.62
487135,693,692.95,145.22,145.22,0,10.62
487140,713,713.07,156.2,156.2,0,10.62
487145,732,732.07,166.38,166.38,0,10.62
487150,745,744.91,175.65,175.65,0,10.62
487155,755,754.91,183.92,183.92,0,10.62
487160,764,764.09,191.12,191.12,0,10.62
487165,768,768.11,197.2,197.2,0,10.62
487170,771,770.89,202.1,202.1,0,10.62
487175,771,770.87,205.8,205.8,0,10.62
487180,768,768.11,208.29,208.29,0,10.62
487185,763,763.15,209.57,208.29,0,10.62
487190,757,756.87,209.66,208.29,0,10.62
487195,748,747.83,208.57,208.29,0,10.62
487200,740,740.14,206.35,206.35,0,10.62
487205,730,730.19,203.05,203.05,0,10.62
487210,718,717.85,198.73,198.73,0,10.62
487215,706,705.78,193.45,193.45,0,10.62
487220,697,697.17,187.28,187.28,0,10.62
487225,683,683.24,180.31,180.31,0,10.62
487230,673,672.82,172.61,172.61,0,10.62
487235,659,658.73,164.26,164.26,0,10.62
487240,650,650.2,155.35,155.35,0,10.62
487245,639,639.3,145.97,145.97,0,10.62
487250,629,628.78,136.19,136.19,0,10.62
487255,617,616.66,126.1,126.1,0,10.62
487260,609,609.24,115.79,115.79,0,10.62
487265,597,597.37,105.32,105.32,0,10.62
487270,602,601.75,94.78,94.78,0,10.62
487275,578,577.59,84.24,84.24,0,10.62
487280,568,568.24,73.77,73.77,0,10.62
487285,558,558.45,63.44,63.44,0,10.62
487290,547,546.77,53.32,53.32,0,10.62
487295,536,535.51,43.46,43.46,0,10.62
487300,527,527.21,33.92,33.92,0,10.62
487305,517,517.53,24.75,24.75,0,10.62
487310,508,507.8,16.0,16.0,0,10.62
487315,495,494.42,7.7,7.7,0,10.62
487320,491,491.19,-0.1,-0.1,0,10.62
487325,479,479.63,-7.39,-7.39,0,10.62
487330,471,470.82,-14.14,-14.14,0,10.62
487335,468,467.32,-20.33,-20.33,0,10.62
487340,461,461.17,-25.96,-25.96,0,10.62
487345,455,455.73,-31.03,-31.03,0,10.62
487350,454,453.83,-35.54,-35.54,0,10.62
487355,474,473.24,-39.5,-39.5,0,10.62
487360,448,448.17,-42.93,-42.93,0,10.62
487365,450,450.76,-45.85,-45.85,0,10.62
487370,451,450.84,-48.29,-48.29,0,10.62
487375,451,450.25,-50.28,-50.28,0,10.62
487380,453,453.15,-51.85,-51.85,0,10.62
487385,455,455.74,-53.04,-53.04,0,10.62
487390,457,456.86,-53.89,-53.89,0,10.62
487395,459,458.26,-54.45,-54.45,0,10.62
487400,462,462.13,-54.74,-54.51,0,10.62
487405,465,465.74,-54.82,-54.51,0,10.62
487410,468,467.88,-54.73,-54.51,0,10.62
487415,469,468.26,-54.51,-54.51,0,10.62
487420,470,470.11,-54.2,-54.2,0,10.62
487425,472,472.74,-53.83,-53.83,0,10.62
487430,472,471.9,-53.45,-53.45,0,10.62
487435,474,473.25,-53.07,-53.07,0,10.62
487440,473,473.09,-52.73,-52.73,0,10.62
487445,471,471.75,-52.46,-52.46,0,10.62
487450,472,471.92,-52.27,-52.34,0,10.62
487455,475,474.25,-52.17,-52.34,0,10.62
487460,468,468.07,-52.19,-52.34,0,10.62
487465,468,468.75,-52.34,-52.34,0,10.62
487470,466,465.95,-52.61,-52.61,0,10.62
487475,464,463.26,-53.01,-53.01,0,10.62
487480,461,461.04,-53.54,-53.54,0,10.62
487485,457,457.74,-54.2,-54.2,0,10.62
487490,456,455.98,-54.98,-54.98,0,10.62
487495,453,452.27,-55.87,-55.87,0,10.62
487500,450,450.01,-56.87,-56.87,0,10.62
487505,444,444.73,-57.97,-57.97,0,10.62
487510,445,445.01,-59.15,-59.15,0,10.62
487515,434,433.27,-60.4,-60.4,0,10.62
487520,439,438.97,-61.72,-61.72,0,10.62
487525,437,437.73,-63.09,-63.09,0,10.62
487530,435,435.04,-64.49,-64.49,0,10.62
487535,432,431.25,-65.93,-65.93,0,10.62
487540,433,432.94,-67.39,-67.39,0,10.62
487545,429,429.77,-68.86,-68.86,0,10.62
487550,428,428.08,-70.33,-70.33,0,10.62
487555,427,426.21,-71.8,-71.8,0,10.62
487560,432,431.92,-73.26,-73.26,0,10.62
487565,424,424.81,-74.7,-74.7,0,10.62
487570,423,423.09,-76.12,-76.12,0,10.62
487575,423,422.17,-77.52,-77.52,0,10.62
487580,423,422.92,-78.88,-78.88,0,10.62
487585,421,421.86,-80.21,-80.21,0,10.62
487590,421,421.07,-81.51,-81.51,0,10.62
487595,421,420.12,-82.77,-82.77,0,10.62
487600,420,419.93,-83.99,-83.99,0,10.62
487605,417,417.91,-85.16,-85.16,0,10.62
487610,422,422.06,-86.3,-86.3,0,10.62
487615,421,420.07,-87.38,-87.38,0,10.62
487620,422,421.94,-88.42,-88.42,0,10.62
487625,420,420.95,-89.41,-89.41,0,10.62
487630,423,423.06,-90.34,-90.34,0,10.62
487635,420,419.03,-91.22,-91.22,0,10.62
487640,423,422.95,-92.02,-92.02,0,10.62
487645,424,425.0,-92.76,-92.76,0,10.62
487650,425,425.05,-93.42,-93.42,0,10.62
487655,425,423.97,-93.98,-93.98,0,10.62
487660,427,426.95,-94.44,-94.44,0,10.62
487665,429,430.07,-94.77,-94.77,0,10.62
487670,427,427.05,-94.98,-94.77,0,10.62
487675,428,426.89,-95.02,-94.77,0,10.62
487680,429,428.95,-94.89,-94.77,0,10.62
487685,429,430.16,-94.55,-94.55,0,10.62
487690,428,428.05,-93.98,-93.98,0,10.62
487695,432,430.79,-93.16,-93.16,0,10.62
487700,433,432.96,-92.05,-92.05,0,10.62
487705,432,433.27,-90.62,-90.62,0,10.62
487710,432,432.02,-88.84,-88.84,0,10.62
487715,433,431.68,-86.67,-86.67,0,10.62
487720,434,433.99,-84.07,-84.07,0,10.62
487725,435,436.38,-81.03,-81.03,0,10.62
487730,435,435.0,-77.49,-77.49,0,10.62
487735,459,457.57,-73.42,-73.42,0,10.62
487740,433,433.02,-68.8,-68.8,0,10.62
487745,435,436.45,-63.6,-63.6,0,10.62
487750,435,434.97,-57.78,-57.78,0,10.62
487755,435,433.55,-51.32,-51.32,0,10.62
487760,433,433.04,-44.2,-44.2,0,10.62
487765,434,435.46,-36.42,-36.42,0,10.62
487770,435,434.96,-27.98,-27.98,0,10.62
487775,435,433.53,-18.88,-18.88,0,10.62
487780,440,440.05,-9.13,-9.13,0,10.62
487785,421,422.48,1.22,1.22,0,10.62
487790,451,450.95,12.13,12.13,0,10.62
487795,464,462.55,23.55,23.55,0,10.62
487800,478,478.07,35.4,35.4,0,10.62
487805,496,497.42,47.59,47.59,0,10.62
487810,518,517.93,60.03,60.03,0,10.62
487815,542,540.62,72.61,72.61,0,10.62
487820,566,566.08,85.2,85.2,0,10.62
487825,594,595.35,97.69,97.69,0,10.62
487830,621,620.91,109.94,109.94,0,10.62
487835,647,645.68,121.82,121.82,0,10.62
487840,671,671.09,133.21,133.21,0,10.62
487845,691,692.29,143.99,143.99,0,10.62
487850,715,714.9,154.04,154.04,0,10.62
487855,726,724.73,163.26,163.26,0,10.62
487860,739,739.09,171.54,171.54,0,10.62
487865,749,750.24,178.82,178.82,0,10.62
487870,755,754.91,185.02,185.02,0,10.62
487875,761,759.77,190.09,190.09,0,10.62
487880,761,761.09,194.0,194.0,0,10.62
487885,759,760.21,196.73,196.73,0,10.62
487890,754,753.91,198.26,196.73,0,10.62
487895,749,747.8,198.62,196.73,0,10.62
487900,740,740.09,197.81,196.73,0,10.62
487905,733,734.19,195.88,195.88,0,10.62
487910,723,722.91,192.87,192.87,0,10.62
487915,711,709.82,188.84,188.84,0,10.62
487920,699,699.08,183.85,183.85,0,10.62
487925,688,689.18,177.98,177.98,0,10.62
487930,674,673.92,171.29,171.29,0,10.62
487935,666,664.82,163.88,163.88,0,10.62
487940,651,651.08,155.82,155.82,0,10.62
487945,638,639.18,147.21,147.21,0,10.62
487950,627,626.92,138.13,138.13,0,10.62
487955,616,614.83,128.66,128.66,0,10.62
487960,605,605.08,118.9,118.9,0,10.62
487965,595,596.18,108.92,108.92,0,10.62
487970,586,585.92,98.8,98.8,0,10.62
487975,577,575.82,88.63,88.63,0,10.62
487980,570,570.08,78.48,78.48,0,10.62
487985,556,557.18,68.41,68.41,0,10.62
487990,549,548.91,58.5,58.5,0,10.62
487995,563,561.83,48.8,48.8,0,10.62
488000,530,530.09,39.38,39.38,0,10.62
488005,520,521.13,30.28,30.28,0,10.62
488010,511,510.9,21.57,21.57,0,10.62
488015,501,499.93,13.29,13.29,0,10.62
488020,493,493.11,5.47,5.47,0,10.62
488025,483,484.02,-1.85,-1.85,0,10.62
488030,475,474.89,-8.63,-8.63,0,10.62
488035,469,468.03,-14.86,-14.86,0,10.62
488040,463,463.13,-20.53,-20.53,0,10.62
488045,460,460.92,-25.62,-25.62,0,10.62
488050,456,455.86,-30.14,-30.14,0,10.62
488055,454,453.12,-34.09,-34.09,0,10.62
488060,448,448.15,-37.49,-37.49,0,10.62
488065,451,451.84,-40.35,-40.35,0,10.62
488070,451,450.85,-42.69,-42.69,0,10.62
488075,450,449.2,-44.55,-44.55,0,10.62
488080,454,454.15,-45.97,-45.97,0,10.62
488085,456,456.76,-46.97,-46.97,0,10.62
488090,459,458.85,-47.6,-47.6,0,10.62
488095,463,462.27,-47.91,-47.6,0,10.62
488100,464,464.15,-47.94,-47.6,0,10.62
488105,466,466.7,-47.74,-47.6,0,10.62
488110,472,471.85,-47.36,-47.36,0,10.62
488115,477,476.34,-46.83,-46.83,0,10.62
488120,476,476.15,-46.2,-46.2,0,10.62
488125,480,480.62,-45.52,-45.52,0,10.62
488130,481,480.85,-44.83,-44.83,0,10.62
488135,482,481.42,-44.16,-44.16,0,10.62
488140,483,483.14,-43.53,-43.53,0,10.62
488145,483,483.55,-42.99,-42.99,0,10.62
488150,484,483.86,-42.55,-42.55,0,10.62
488155,483,482.49,-42.24,-42.24,0,10.62
488160,480,480.14,-42.07,-42.24,0,10.62
488165,478,478.48,-42.05,-42.24,0,10.62
488170,476,475.87,-42.18,-42.24,0,10.62
488175,473,472.56,-42.49,-42.49,0,10.62
488180,471,471.12,-42.95,-42.95,0,10.62
488185,468,468.41,-43.58,-43.58,0,10.62
488190,464,463.88,-44.36,-44.36,0,10.62
488195,461,460.62,-45.29,-45.29,0,10.62
488200,458,458.12,-46.37,-46.37,0,10.62
488205,455,455.35,-47.57,-47.57,0,10.62
488210,453,452.89,-48.9,-48.9,0,10.62
488215,451,450.68,-50.33,-50.33,0,10.62
488220,448,448.11,-51.85,-51.85,0,10.62
488225,446,446.29,-53.45,-53.45,0,10.62
488230,444,443.89,-55.13,-55.13,0,10.62
488235,439,438.74,-56.86,-56.86,0,10.62
488240,440,440.1,-58.63,-58.63,0,10.62
488245,437,437.23,-60.44,-60.44,0,10.62
488250,434,433.9,-62.26,-62.26,0,10.62
488255,434,433.79,-64.1,-64.1,0,10.62
488260,431,431.1,-65.93,-65.93,0,10.62
488265,430,430.19,-67.76,-67.76,0,10.62
488270,430,429.9,-69.57,-69.57,0,10.62
488275,429,428.83,-71.36,-71.36,0,10.62
488280,429,429.1,-73.12,-73.12,0,10.62
488285,427,427.14,-74.84,-74.84,0,10.62
488290,427,426.9,-76.52,-76.52,0,10.62
488295,425,424.88,-78.16,-78.16,0,10.62
488300,427,427.1,-79.74,-79.74,0,10.62
488305,428,428.1,-81.26,-81.26,0,10.62
488310,426,425.89,-82.72,-82.72,0,10.62
488315,426,425.92,-84.11,-84.11,0,10.62
488320,426,426.11,-85.43,-85.43,0,10.62
488325,427,427.07,-86.65,-86.65,0,10.62
488330,427,426.89,-87.78,-87.78,0,10.62
488335,426,425.95,-88.81,-88.81,0,10.62
488340,429,429.12,-89.72,-89.72,0,10.62
488345,428,428.04,-90.5,-90.5,0,10.62
488350,431,430.87,-91.13,-91.13,0,10.62
488355,428,427.96,-91.6,-91.6,0,10.62
488360,431,431.13,-91.89,-91.6,0,10.62
488365,433,433.03,-91.97,-91.6,0,10.62
488370,431,430.87,-91.83,-91.6,0,10.62
488375,433,432.97,-91.44,-91.44,0,10.62
488380,434,434.14,-90.77,-90.77,0,10.62
488385,432,432.03,-89.79,-89.79,0,10.62
488390,435,434.85,-88.48,-88.48,0,10.62
488395,435,434.98,-86.8,-86.8,0,10.62
488400,432,432.16,-84.71,-84.71,0,10.62
488405,437,437.02,-82.2,-82.2,0,10.62
488410,436,435.84,-79.21,-79.21,0,10.62
488415,434,433.99,-75.73,-75.73,0,10.62
488420,436,436.16,-71.73,-71.73,0,10.62
488425,435,435.01,-67.17,-67.17,0,10.62
488430,438,437.84,-62.02,-62.02,0,10.62
488435,437,436.99,-56.28,-56.28,0,10.62
488440,436,436.15,-49.92,-49.92,0,10.62
488445,433,433.01,-42.93,-42.93,0,10.62
488450,437,436.85,-35.3,-35.3,0,10.62
488455,436,436.0,-27.05,-27.05,0,10.62
488460,437,437.14,-18.19,-18.19,0,10.62
488465,440,439.99,-8.74,-8.74,0,10.62
488470,447,446.87,1.26,1.26,0,10.62
488475,456,456.02,11.76,11.76,0,10.62
488480,465,465.12,22.7,22.7,0,10.62
488485,480,479.96,34.01,34.01,0,10.62
488490,498,497.89,45.6,45.6,0,10.62
488495,518,518.06,57.38,57.38,0,10.62
488500,543,543.1,69.23,69.23,0,10.62
488505,569,568.93,81.05,81.05,0,10.62
488510,590,589.91,92.7,92.7,0,10.62
488515,617,617.08,104.07,104.07,0,10.62
488520,642,642.09,115.04,115.04,0,10.62
488525,663,662.91,125.48,125.48,0,10.62
488530,685,684.91,135.28,135.28,0,10.62
488535,703,703.1,144.32,144.32,0,10.62
488540,716,716.08,152.51,152.51,0,10.62
488545,727,726.88,159.77,159.77,0,10.62
488550,736,735.92,166.01,166.01,0,10.62
488555,739,739.13,171.18,171.18,0,10.62
488560,744,744.08,175.23,175.23,0,10.62
488565,745,744.86,178.14,178.14,0,10.62
488570,743,742.92,179.88,178.18,0,10.62
488575,738,738.15,180.45,178.18,0,10.62
488580,733,733.07,179.88,178.18,0,10.62
488585,724,723.84,178.18,178.18,0,10.62
488590,713,712.93,175.4,175.4,0,10.62
488595,697,697.17,171.59,171.59,0,10.62
488600,691,691.07,166.8,166.8,0,10.62
488605,680,679.84,161.11,161.11,0,10.62
488610,667,666.93,154.59,154.59,0,10.62
488615,656,656.16,147.33,147.33,0,10.62
488620,642,642.07,139.4,139.4,0,10.62
488625,630,629.85,130.9,130.9,0,10.62
488630,618,617.93,121.91,121.91,0,10.62
488635,609,609.15,112.53,112.53,0,10.62
488640,594,594.07,102.85,102.85,0,10.62
488645,584,583.85,92.95,92.95,0,10.62
488650,574,573.93,82.93,82.93,0,10.62
488655,564,564.16,72.86,72.86,0,10.62
488660,553,553.07,62.82,62.82,0,10.62
488665,540,539.83,52.91,52.91,0,10.62
488670,535,534.94,43.18,43.18,0,10.62
488675,523,523.18,33.71,33.71,0,10.62
488680,515,515.06,24.56,24.56,0,10.62
488685,504,503.8,15.79,15.79,0,10.62
488690,494,493.95,7.46,7.46,0,10.62
488695,482,482.21,-0.41,-0.41,0,10.62
488700,476,476.05,-7.75,-7.75,0,10.62
488705,470,469.78,-14.55,-14.55,0,10.62
488710,463,462.95,-20.77,-20.77,0,10.62
488715,456,456.23,-26.4,-26.4,0,10.62
488720,454,454.04,-31.44,-31.44,0,10.62
488725,451,450.77,-35.87,-35.87,0,10.62
488730,447,446.96,-39.7,-39.7,0,10.62
488735,447,447.23,-42.96,-42.96,0,10.62
488740,446,446.04,-45.64,-45.64,0,10.62
488745,448,447.77,-47.79,-47.79,0,10.62
488750,449,448.96,-49.43,-49.43,0,10.62
488755,451,451.24,-50.6,-50.6,0,10.62
488760,453,453.03,-51.34,-51.34,0,10.62
488765,458,457.76,-51.69,-51.34,0,10.62
488770,462,461.97,-51.69,-51.34,0,10.62
488775,467,467.24,-51.41,-51.34,0,10.62
488780,468,468.02,-50.88,-50.88,0,10.62
488785,472,471.75,-50.16,-50.16,0,10.62
488790,474,473.99,-49.29,-49.29,0,10.62
488795,474,474.25,-48.32,-48.32,0,10.62
488800,481,481.01,-47.3,-47.3,0,10.62
488805,481,480.75,-46.26,-46.26,0,10.62
488810,484,484.0,-45.26,-45.26,0,10.62
488815,484,484.25,-44.31,-44.31,0,10.62
488820,486,486.0,-43.47,-43.47,0,10.62
488825,485,484.75,-42.75,-42.75,0,10.62
488830,487,487.0,-42.17,-42.17,0,10.62
488835,485,485.26,-41.77,-41.77,0,10.62
488840,484,483.99,-41.55,-41.77,0,10.62
488845,482,481.74,-41.53,-41.77,0,10.62
488850,480,480.02,-41.71,-41.77,0,10.62
488855,477,477.26,-42.1,-42.1,0,10.62
488860,472,471.98,-42.69,-42.69,0,10.62
488865,473,472.73,-43.49,-43.49,0,10.62
488870,470,470.04,-44.49,-44.49,0,10.62
488875,457,457.26,-45.68,-45.68,0,10.62
488880,465,464.95,-47.05,-47.05,0,10.62
488885,459,458.75,-48.59,-48.59,0,10.62
488890,457,457.07,-50.29,-50.29,0,10.62
488895,452,452.23,-52.12,-52.12,0,10.62
488900,450,449.92,-54.09,-54.09,0,10.62
488905,448,447.79,-56.16,-56.16,0,10.62
488910,447,447.09,-58.34,-58.34,0,10.62
488915,446,446.19,-60.59,-60.59,0,10.62
488920,440,439.89,-62.91,-62.91,0,10.62
488925,437,436.83,-65.27,-65.27,0,10.62
488930,437,437.13,-67.67,-67.67,0,10.62
488935,432,432.16,-70.08,-70.08,0,10.62
488940,432,431.84,-72.5,-72.5,0,10.62
488945,431,430.85,-74.9,-74.9,0,10.62
488950,432,432.18,-77.27,-77.27,0,10.62
488955,429,429.13,-79.61,-79.61,0,10.62
488960,429,428.79,-81.88,-81.88,0,10.62
488965,427,426.88,-84.08,-84.08,0,10.62
488970,427,427.24,-86.2,-86.2,0,10.62
488975,427,427.1,-88.22,-88.22,0,10.62
488980,428,427.73,-90.12,-90.12,0,10.62
488985,427,426.91,-91.89,-91.89,0,10.62
488990,428,428.3,-93.5,-93.5,0,10.62
488995,427,427.08,-94.95,-94.95,0,10.62
489000,429,428.67,-96.21,-96.21,0,10.62
489005,429,428.93,-97.26,-97.26,0,10.62
489010,430,430.36,-98.08,-98.08,0,10.62
489015,430,430.05,-98.64,-98.51,0,10.62
489020,431,430.6,-98.92,-98.51,0,10.62
489025,431,430.96,-98.88,-98.51,0,10.62
489030,429,429.43,-98.51,-98.51,0,10.62
489035,431,431.03,-97.76,-97.76,0,10.62
489040,433,432.55,-96.6,-96.6,0,10.62
489045,432,431.99,-95.01,-95.01,0,10.62
489050,433,433.48,-92.95,-92.95,0,10.62
489055,433,433.0,-90.39,-90.39,0,10.62
489060,435,434.49,-87.28,-87.28,0,10.62
489065,433,433.01,-83.61,-83.61,0,10.62
489070,432,432.53,-79.33,-79.33,0,10.62
489075,433,432.97,-74.42,-74.42,0,10.62
489080,434,433.45,-68.86,-68.86,0,10.62
489085,433,433.04,-62.63,-62.63,0,10.62
489090,423,423.57,-55.71,-55.71,0,10.62
489095,435,434.95,-48.09,-48.09,0,10.62
489100,435,434.43,-39.78,-39.78,0,10.62
489105,435,435.07,-30.78,-30.78,0,10.62
489110,438,438.56,-21.11,-21.11,0,10.62
489115,440,439.93,-10.82,-10.82,0,10.62
489120,448,447.44,0.07,0.07,0,10.62
489125,457,457.09,11.49,11.49,0,10.62
489130,471,471.56,23.38,23.38,0,10.62
489135,489,488.9,35.65,35.65,0,10.62
489140,507,506.44,48.2,48.2,0,10.62
489145,533,533.11,60.93,60.93,0,10.62
489150,559,559.56,73.73,73.73,0,10.62
489155,584,583.88,86.46,86.46,0,10.62
489160,614,613.43,99.01,99.01,0,10.62
489165,634,634.13,111.24,111.24,0,10.62
489170,663,663.58,123.02,123.02,0,10.62
489175,685,684.86,134.23,134.23,0,10.62
489180,708,707.41,144.74,144.74,0,10.62
489185,722,722.14,154.46,154.46,0,10.62
489190,727,727.58,163.28,163.28,0,10.62
489195,750,749.85,171.11,171.11,0,10.62
489200,757,756.43,177.88,177.88,0,10.62
489205,761,761.15,183.53,183.53,0,10.62
489210,763,763.54,188.01,188.01,0,10.62
489215,762,761.85,191.31,191.31,0,10.62
489220,762,761.48,193.4,192.52,0,10.62
489225,756,756.15,194.28,192.52,0,10.62
489230,747,747.49,193.98,192.52,0,10.62
489235,741,740.85,192.52,192.52,0,10.62
489240,728,727.54,189.95,189.95,0,10.62
489245,719,719.15,186.31,186.31,0,10.62
489250,710,710.44,181.66,181.66,0,10.62
489255,697,696.85,176.08,176.08,0,10.62
489260,685,684.58,169.64,169.64,0,10.62
489265,674,674.16,162.41,162.41,0,10.62
489270,660,660.41,154.49,154.49,0,10.62
489275,650,649.84,145.96,145.96,0,10.62
489280,638,637.61,136.9,136.9,0,10.62
489285,627,627.16,127.41,127.41,0,10.62
489290,611,611.37,117.57,117.57,0,10.62
489295,605,604.84,107.46,107.46,0,10.62
489300,595,594.66,97.18,97.18,0,10.62
489305,585,585.17,86.81,86.81,0,10.62
489310,575,575.32,76.42,76.42,0,10.62
489315,565,564.83,66.08,66.08,0,10.62
489320,555,554.71,55.87,55.87,0,10.62
489325,548,548.18,45.86,45.86,0,10.62
489330,536,536.26,36.11,36.11,0,10.62
489335,527,526.81,26.68,26.68,0,10.62
489340,515,514.76,17.62,17.62,0,10.62
489345,506,506.21,8.98,8.98,0,10.62
489350,496,496.22,0.8,0.8,0,10.62
489355,492,491.79,-6.88,-6.88,0,10.62
489360,479,478.8,-14.03,-14.03,0,10.62
489365,471,471.22,-20.62,-20.62,0,10.62
489370,463,463.18,-26.65,-26.65,0,10.62
489375,461,460.79,-32.09,-32.09,0,10.62
489380,457,456.85,-36.94,-36.94,0,10.62
489385,455,455.21,-41.22,-41.22,0,10.62
489390,453,453.12,-44.92,-44.92,0,10.62
489395,453,452.79,-48.08,-48.08,0,10.62
489400,451,450.9,-50.7,-50.7,0,10.62
489405,454,454.21,-52.83,-52.83,0,10.62
489410,455,455.07,-54.49,-54.49,0,10.62
489415,457,456.79,-55.72,-55.72,0,10.62
489420,458,457.95,-56.56,-56.56,0,10.62
489425,462,462.21,-57.05,-56.91,0,10.62
489430,466,466.03,-57.24,-56.91,0,10.62
489435,467,466.79,-57.18,-56.91,0,10.62
489440,472,471.98,-56.91,-56.91,0,10.62
489445,473,473.21,-56.48,-56.48,0,10.62
489450,477,477.0,-55.93,-55.93,0,10.62
489455,478,477.78,-55.3,-55.3,0,10.62
489460,480,480.01,-54.63,-54.63,0,10.62
489465,480,480.22,-53.96,-53.96,0,10.62
489470,482,481.97,-53.32,-53.32,0,10.62
489475,482,481.78,-52.75,-52.75,0,10.62
489480,481,481.04,-52.26,-52.26,0,10.62
489485,480,480.23,-51.89,-51.89,0,10.62
489490,480,479.94,-51.64,-51.81,0,10.62
489495,476,475.77,-51.54,-51.81,0,10.62
489500,475,475.07,-51.6,-51.81,0,10.62
489505,474,474.23,-51.81,-51.81,0,10.62
489510,471,470.92,-52.2,-52.2,0,10.62
489515,469,468.76,-52.75,-52.75,0,10.62
489520,466,466.09,-53.47,-53.47,0,10.62
489525,464,464.25,-54.36,-54.36,0,10.62
489530,462,461.9,-55.4,-55.4,0,10.62
489535,459,458.74,-56.59,-56.59,0,10.62
489540,458,458.11,-57.93,-57.93,0,10.62
489545,454,454.27,-59.39,-59.39,0,10.62
489550,449,448.87,-60.98,-60.98,0,10.62
489555,448,447.72,-62.67,-62.67,0,10.62
489560,447,447.15,-64.46,-64.46,0,10.62
489565,445,445.3,-66.33,-66.33,0,10.62
489570,442,441.83,-68.27,-68.27,0,10.62
489575,439,438.69,-70.26,-70.26,0,10.62
489580,423,423.18,-72.29,-72.29,0,10.62
489585,435,435.33,-74.35,-74.35,0,10.62
489590,432,431.82,-76.43,-76.43,0,10.62
489595,434,433.65,-78.51,-78.51,0,10.62
489600,433,433.17,-80.59,-80.59,0,10.62
489605,433,433.37,-82.65,-82.65,0,10.62
489610,431,430.84,-84.69,-84.69,0,10.62
489615,431,430.61,-86.68,-86.68,0,10.62
489620,430,430.15,-88.63,-88.63,0,10.62
489625,429,429.41,-90.52,-90.52,0,10.62
489630,429,428.86,-92.34,-92.34,0,10.62
489635,433,432.57,-94.07,-94.07,0,10.62
489640,428,428.14,-95.7,-95.7,0,10.62
489645,430,430.45,-97.21,-97.21,0,10.62
489650,428,427.87,-98.59,-98.59,0,10.62
489655,429,428.54,-99.81,-99.81,0,10.62
489660,428,428.13,-100.85,-100.85,0,10.62
489665,429,429.48,-101.7,-101.7,0,10.62
489670,432,431.88,-102.33,-102.33,0,10.62
489675,431,430.5,-102.7,-102.33,0,10.62
489680,432,432.11,-102.8,-102.33,0,10.62
489685,432,432.52,-102.59,-102.33,0,10.62
489690,434,433.91,-102.05,-102.05,0,10.62
489695,434,433.47,-101.14,-101.14,0,10.62
489700,434,434.08,-99.82,-99.82,0,10.62
489705,434,434.55,-98.06,-98.06,0,10.62
489710,436,435.93,-95.83,-95.83,0,10.62
489715,435,434.43,-93.08,-93.08,0,10.62
489720,437,437.05,-89.79,-89.79,0,10.62
489725,436,436.59,-85.91,-85.91,0,10.62
489730,433,432.96,-81.42,-81.42,0,10.62
489735,437,436.38,-76.28,-76.28,0,10.62
489740,437,437.03,-70.47,-70.47,0,10.62
489745,436,436.64,-63.96,-63.96,0,10.62
489750,436,435.97,-56.74,-56.74,0,10.62
489755,437,436.34,-48.8,-48.8,0,10.62
489760,436,436.03,-40.14,-40.14,0,10.62
489765,438,438.69,-30.76,-30.76,0,10.62
489770,441,440.97,-20.68,-20.68,0,10.62
489775,444,443.29,-9.93,-9.93,0,10.62
489780,451,451.02,1.44,1.44,0,10.62
489785,460,460.74,13.39,13.39,0,10.62
489790,476,475.99,25.83,25.83,0,10.62
489795,493,492.23,38.69,38.69,0,10.62
489800,513,513.01,51.87,51.87,0,10.62
489805,538,538.8,65.27,65.27,0,10.62
489810,564,564.0,78.75,78.75,0,10.62
489815,592,591.17,92.21,92.21,0,10.62
489820,621,620.99,105.5,105.5,0,10.62
489825,646,646.86,118.49,118.49,0,10.62
489830,673,673.02,131.05,131.05,0,10.62
489835,696,695.1,143.04,143.04,0,10.62
489840,717,716.97,154.35,154.35,0,10.62
489845,731,731.93,164.86,164.86,0,10.62
489850,750,750.03,174.46,174.46,0,10.62
489855,765,764.04,183.06,183.06,0,10.62
489860,774,773.96,190.58,190.58,0,10.62
489865,779,779.98,196.95,196.95,0,10.62
489870,778,778.04,202.12,202.12,0,10.62
489875,784,782.99,206.07,206.07,0,10.62
489880,782,781.97,208.77,208.77,0,10.62
489885,776,777.03,210.22,208.77,0,10.62
489890,770,770.02,210.43,208.77,0,10.62
489895,768,766.94,209.42,208.77,0,10.62
489900,751,750.99,207.24,207.24,0,10.62
489905,737,738.07,203.93,203.93,0,10.62
489910,728,728.0,199.56,199.56,0,10.62
489915,719,717.92,194.18,194.18,0,10.62
489920,712,712.02,187.88,187.88,0,10.62
489925,693,694.09,180.73,180.73,0,10.62
489930,685,684.95,172.81,172.81,0,10.62
489935,670,668.91,164.22,164.22,0,10.62
489940,658,658.07,155.04,155.04,0,10.62
489945,633,634.09,145.36,145.36,0,10.62
489950,637,636.91,135.27,135.27,0,10.62
489955,623,621.92,124.86,124.86,0,10.62
489960,614,614.11,114.21,114.21,0,10.62
489965,605,606.06,103.4,103.4,0,10.62
489970,596,595.87,92.51,92.51,0,10.62
489975,586,584.96,81.63,81.63,0,10.62
489980,559,559.13,70.81,70.81,0,10.62
489985,565,566.03,60.14,60.14,0,10.62
489990,556,555.88,49.68,49.68,0,10.62
489995,545,543.98,39.49,39.49,0,10.62
490000,535,535.09,29.62,29.62,0,10.62
490005,523,524.01,20.12,20.12,0,10.62
490010,507,506.94,11.06,11.06,0,10.62
490015,524,523.02,2.46,2.46,0,10.62
490020,491,491.04,-5.64,-5.64,0,10.62
490025,482,482.93,-13.2,-13.2,0,10.62
490030,473,472.97,-20.21,-20.21,0,10.62
490035,468,467.13,-26.63,-26.63,0,10.62
490040,462,462.02,-32.45,-32.45,0,10.62
490045,454,454.8,-37.68,-37.68,0,10.62
490050,454,454.0,-42.31,-42.31,0,10.62
490055,449,448.26,-46.35,-46.35,0,10.62
490060,450,449.99,-49.83,-49.83,0,10.62
490065,449,449.67,-52.75,-52.75,0,10.62
490070,451,451.02,-55.14,-55.14,0,10.62
490075,453,452.39,-57.05,-57.05,0,10.62
490080,453,452.97,-58.5,-58.5,0,10.62
490085,457,457.55,-59.55,-59.55,0,10.62
490090,458,458.05,-60.22,-60.22,0,10.62
490095,459,458.51,-60.57,-60.22,0,10.62
490100,465,464.94,-60.64,-60.22,0,10.62
490105,468,468.44,-60.48,-60.22,0,10.62
490110,470,470.08,-60.14,-60.14,0,10.62
490115,475,474.61,-59.66,-59.66,0,10.62
490120,475,474.91,-59.08,-59.08,0,10.62
490125,478,478.33,-58.45,-58.45,0,10.62
490130,477,477.1,-57.8,-57.8,0,10.62
490135,478,477.72,-57.18,-57.18,0,10.62
490140,478,477.89,-56.6,-56.6,0,10.62
490145,489,489.24,-56.1,-56.1,0,10.62
490150,475,475.12,-55.7,-55.7,0,10.62
490155,476,475.78,-55.42,-55.42,0,10.62
490160,475,474.87,-55.27,-55.42,0,10.62
490165,472,472.2,-55.26,-55.42,0,10.62
490170,472,472.14,-55.41,-55.42,0,10.62
490175,465,464.81,-55.71,-55.71,0,10.62
490180,465,464.86,-56.16,-56.16,0,10.62
490185,462,462.18,-56.77,-56.77,0,10.62
490190,459,459.15,-57.53,-57.53,0,10.62
490195,457,456.83,-58.43,-58.43,0,10.62
490200,453,452.83,-59.46,-59.46,0,10.62
490205,451,451.16,-60.63,-60.63,0,10.62
490210,449,449.18,-61.91,-61.91,0,10.62
490215,445,444.85,-63.29,-63.29,0,10.62
490220,449,448.81,-64.78,-64.78,0,10.62
490225,440,440.14,-66.35,-66.35,0,10.62
490230,439,439.19,-68.0,-68.0,0,10.62
490235,437,436.86,-69.7,-69.7,0,10.62
490240,437,436.81,-71.46,-71.46,0,10.62
490245,434,434.13,-73.27,-73.27,0,10.62
490250,433,433.19,-75.1,-75.1,0,10.62
490255,431,430.88,-76.96,-76.96,0,10.62
490260,429,428.81,-78.82,-78.82,0,10.62
490265,434,434.12,-80.7,-80.7,0,10.62
490270,428,428.19,-82.57,-82.57,0,10.62
490275,428,427.88,-84.42,-84.42,0,10.62
490280,426,425.81,-86.25,-86.25,0,10.62
490285,425,425.13,-88.05,-88.05,0,10.62
490290,426,426.2,-89.81,-89.81,0,10.62
490295,423,422.87,-91.52,-91.52,0,10.62
490300,425,424.8,-93.17,-93.17,0,10.62
490305,425,425.14,-94.75,-94.75,0,10.62
490310,425,425.21,-96.24,-96.24,0,10.62
490315,426,425.85,-97.65,-97.65,0,10.62
490320,425,424.78,-98.95,-98.95,0,10.62
490325,424,424.16,-100.12,-100.12,0,10.62
490330,425,425.22,-101.16,-101.16,0,10.62
490335,428,427.84,-102.04,-102.04,0,10.62
490340,427,426.77,-102.74,-102.74,0,10.62
490345,429,429.16,-103.25,-103.25,0,10.62
490350,429,429.24,-103.54,-103.25,0,10.62
490355,431,430.84,-103.58,-103.25,0,10.62
490360,429,428.75,-103.34,-103.25,0,10.62
490365,431,431.16,-102.8,-102.8,0,10.62
490370,430,430.26,-101.92,-101.92,0,10.62
490375,431,430.83,-100.67,-100.67,0,10.62
490380,432,431.73,-99.01,-99.01,0,10.62
490385,432,432.17,-96.92,-96.92,0,10.62
490390,432,432.28,-94.35,-94.35,0,10.62
490395,432,431.83,-91.26,-91.26,0,10.62
490400,435,434.71,-87.63,-87.63,0,10.62
490405,433,433.18,-83.41,-83.41,0,10.62
490410,431,431.3,-78.59,-78.59,0,10.62
490415,431,430.81,-73.12,-73.12,0,10.62
490420,434,433.7,-66.99,-66.99,0,10.62
490425,430,430.19,-60.17,-60.17,0,10.62
490430,433,433.3,-52.66,-52.66,0,10.62
490435,436,435.8,-44.44,-44.44,0,10.62
490440,445,444.71,-35.53,-35.53,0,10.62
490445,436,436.2,-25.93,-25.93,0,10.62
490450,440,440.27,-15.67,-15.67,0,10.62
490455,443,442.8,-4.78,-4.78,0,10.62
490460,451,450.76,6.69,6.69,0,10.62
490465,462,462.2,18.67,18.67,0,10.62
490470,478,478.22,31.1,31.1,0,10.62
490475,498,497.8,43.88,43.88,0,10.62
490480,520,519.81,56.92,56.92,0,10.62
490485,547,547.2,70.09,70.09,0,10.62
490490,571,571.17,83.28,83.28,0,10.62
490495,601,600.8,96.36,96.36,0,10.62
490500,628,627.85,109.2,109.2,0,10.62
490505,652,652.2,121.67,121.67,0,10.62
490510,679,679.12,133.62,133.62,0,10.62
490515,701,700.8,144.95,144.95,0,10.62
490520,720,719.9,155.53,155.53,0,10.62
490525,736,736.19,165.25,165.25,0,10.62
490530,751,751.07,174.01,174.01,0,10.62
490535,761,760.81,181.73,181.73,0,10.62
490540,768,767.95,188.34,188.34,0,10.62
490545,771,771.18,193.78,193.78,0,10.62
490550,773,773.03,198.03,198.03,0,10.62
490555,771,770.82,201.04,201.04,0,10.62
490560,768,767.99,202.83,201.04,0,10.62
490565,761,761.17,203.39,201.04,0,10.62
490570,755,754.98,202.74,201.04,0,10.62
490575,744,743.83,200.93,200.93,0,10.62
490580,735,735.04,197.99,197.99,0,10.62
490585,724,724.16,193.98,193.98,0,10.62
490590,712,711.94,188.96,188.96,0,10.62
490595,701,700.84,183.02,183.02,0,10.62
490600,690,690.08,176.22,176.22,0,10.62
490605,676,676.16,168.66,168.66,0,10.62
490610,664,663.89,160.4,160.4,0,10.62
490615,652,651.85,151.55,151.55,0,10.62
490620,626,626.12,142.2,142.2,0,10.62
490625,630,630.15,132.42,132.42,0,10.62
490630,618,617.88,122.32,122.32,0,10.62
490635,609,608.85,111.96,111.96,0,10.62
490640,597,597.11,101.45,101.45,0,10.62
490645,589,589.15,90.85,90.85,0,10.62
490650,578,577.9,80.25,80.25,0,10.62
490655,570,569.85,69.72,69.72,0,10.62
490660,560,560.09,59.32,59.32,0,10.62
490665,550,550.14,49.13,49.13,0,10.62
490670,540,539.92,39.22,39.22,0,10.62
490675,528,527.86,29.63,29.63,0,10.62
490680,518,518.07,20.42,20.42,0,10.62
490685,507,507.14,11.65,11.65,0,10.62
490690,494,493.94,3.35,3.35,0,10.62
490695,488,487.86,-4.43,-4.43,0,10.62
490700,479,479.06,-11.67,-11.67,0,10.62
490705,469,469.14,-18.34,-18.34,0,10.62
490710,463,462.95,-24.43,-24.43,0,10.62
490715,459,458.86,-29.92,-29.92,0,10.62
490720,454,454.06,-34.81,-34.81,0,10.62
490725,450,450.13,-39.1,-39.1,0,10.62
490730,451,450.94,-42.82,-42.82,0,10.62
490735,449,448.88,-45.97,-45.97,0,10.62
490740,451,451.06,-48.58,-48.58,0,10.62
490745,452,452.12,-50.69,-50.69,0,10.62
490750,453,452.94,-52.32,-52.32,0,10.62
490755,457,456.89,-53.52,-53.52,0,10.62
490760,458,458.06,-54.34,-54.34,0,10.62
490765,461,461.1,-54.8,-54.6,0,10.62
490770,464,463.94,-54.97,-54.6,0,10.62
490775,470,469.91,-54.89,-54.6,0,10.62
490780,468,468.06,-54.6,-54.6,0,10.62
490785,473,473.08,-54.16,-54.16,0,10.62
490790,477,476.94,-53.6,-53.6,0,10.62
490795,479,478.94,-52.98,-52.98,0,10.62
490800,481,481.05,-52.33,-52.33,0,10.62
490805,480,480.04,-51.68,-51.68,0,10.62
490810,481,480.95,-51.08,-51.08,0,10.62
490815,477,476.98,-50.54,-50.54,0,10.62
490820,480,480.05,-50.11,-50.11,0,10.62
490825,480,480.01,-49.78,-49.78,0,10.62
490830,479,478.96,-49.6,-49.78,0,10.62
490835,476,476.0,-49.55,-49.78,0,10.62
490840,472,472.04,-49.67,-49.78,0,10.62
490845,472,471.99,-49.94,-49.94,0,10.62
490850,466,465.97,-50.39,-50.39,0,10.62
490855,465,465.01,-50.99,-50.99,0,10.62
490860,462,462.02,-51.75,-51.75,0,10.62
490865,459,458.98,-52.67,-52.67,0,10.62
490870,457,456.98,-53.74,-53.74,0,10.62
490875,452,452.02,-54.95,-54.95,0,10.62
490880,448,448.01,-56.28,-56.28,0,10.62
490885,447,446.97,-57.73,-57.73,0,10.62
490890,445,445.01,-59.29,-59.29,0,10.62
490895,444,444.03,-60.95,-60.95,0,10.62
490900,441,440.98,-62.69,-62.69,0,10.62
490905,442,441.96,-64.5,-64.5,0,10.62
490910,437,437.03,-66.37,-66.37,0,10.62
490915,438,438.04,-68.29,-68.29,0,10.62
490920,436,435.96,-70.25,-70.25,0,10.62
490925,431,430.96,-72.24,-72.24,0,10.62
490930,432,432.05,-74.24,-74.24,0,10.62
490935,431,431.05,-76.24,-76.24,0,10.62
490940,430,429.94,-78.23,-78.23,0,10.62
490945,426,425.93,-80.2,-80.2,0,10.62
490950,430,430.07,-82.14,-82.14,0,10.62
490955,429,429.09,-84.03,-84.03,0,10.62
490960,429,428.92,-85.87,-85.87,0,10.62
490965,430,429.89,-87.64,-87.64,0,10.62
490970,428,428.09,-89.32,-89.32,0,10.62
490975,429,429.13,-90.91,-90.91,0,10.62
490980,429,428.9,-92.38,-92.38,0,10.62
490985,429,428.85,-93.72,-93.72,0,10.62
490990,428,428.11,-94.91,-94.91,0,10.62
490995,428,428.17,-95.92,-95.92,0,10.62
491000,429,428.88,-96.73,-96.73,0,10.62
491005,430,429.81,-97.32,-97.32,0,10.62
491010,430,430.13,-97.66,-97.32,0,10.62
491015,430,430.2,-97.73,-97.32,0,10.62
491020,430,429.86,-97.49,-97.32,0,10.62
491025,430,429.78,-96.91,-96.91,0,10.62
491030,430,430.15,-95.95,-95.95,0,10.62
491035,430,430.24,-94.6,-94.6,0,10.62
491040,431,430.84,-92.8,-92.8,0,10.62
491045,431,430.74,-90.53,-90.53,0,10.62
491050,432,432.17,-87.75,-87.75,0,10.62
491055,422,422.27,-84.43,-84.43,0,10.62
491060,432,431.82,-80.54,-80.54,0,10.62
491065,431,430.73,-76.04,-76.04,0,10.62
491070,432,432.19,-70.93,-70.93,0,10.62
491075,431,431.26,-65.16,-65.16,0,10.62
491080,434,433.8,-58.74,-58.74,0,10.62
491085,431,430.74,-51.64,-51.64,0,10.62
491090,427,427.2,-43.86,-43.86,0,10.62
491095,432,432.26,-35.42,-35.42,0,10.62
491100,434,433.8,-26.32,-26.32,0,10.62
491105,436,435.75,-16.6,-16.6,0,10.62
491110,451,451.2,-6.29,-6.29,0,10.62
491115,450,450.25,4.57,4.57,0,10.62
491120,460,459.79,15.9,15.9,0,10.62
491125,476,475.75,27.63,27.63,0,10.62
491130,490,490.23,39.69,39.69,0,10.62
491135,515,515.25,51.95,51.95,0,10.62
491140,537,536.75,64.33,64.33,0,10.62
491145,569,568.75,76.69,76.69,0,10.62
491150,589,589.26,88.91,88.91,0,10.62
491155,615,615.24,100.88,100.88,0,10.62
491160,640,639.72,112.45,112.45,0,10.62
491165,663,662.77,123.51,123.51,0,10.62
491170,683,683.3,133.93,133.93,0,10.62
491175,702,702.22,143.6,143.6,0,10.62
491180,728,727.69,152.41,152.41,0,10.62
491185,731,730.79,160.28,160.28,0,10.62
491190,740,740.3,167.12,167.12,0,10.62
491195,746,746.19,172.87,172.87,0,10.62
491200,747,746.7,177.48,177.48,0,10.62
491205,752,751.82,180.91,180.91,0,10.62
491210,749,749.29,183.15,182.73,0,10.62
491215,745,745.16,184.19,182.73,0,10.62
491220,738,737.71,184.04,182.73,0,10.62
491225,729,728.85,182.73,182.73,0,10.62
491230,719,719.29,180.29,180.29,0,10.62
491235,710,710.14,176.78,176.78,0,10.62
491240,704,703.71,172.24,172.24,0,10.62
491245,684,683.87,166.74,166.74,0,10.62
491250,677,677.28,160.36,160.36,0,10.62
491255,663,663.12,153.18,153.18,0,10.62
491260,650,649.73,145.28,145.28,0,10.62
491265,640,639.88,136.75,136.75,0,10.62
491270,626,626.26,127.68,127.68,0,10.62
491275,615,615.11,118.16,118.16,0,10.62
491280,605,604.75,108.28,108.28,0,10.62
491285,592,591.89,98.13,98.13,0,10.62
491290,582,582.24,87.79,87.79,0,10.62
491295,573,573.11,77.36,77.36,0,10.62
491300,560,559.77,66.92,66.92,0,10.62
491305,550,549.89,56.54,56.54,0,10.62
491310,542,542.22,46.31,46.31,0,10.62
491315,531,531.11,36.3,36.3,0,10.62
491320,517,516.78,26.58,26.58,0,10.62
491325,510,509.88,17.2,17.2,0,10.62
491330,499,499.23,8.23,8.23,0,10.62
491335,488,488.12,-0.28,-0.28,0,10.62
491340,478,477.76,-8.29,-8.29,0,10.62
491345,471,470.88,-15.75,-15.75,0,10.62
491350,461,461.25,-22.64,-22.64,0,10.62
491355,455,455.13,-28.93,-28.93,0,10.62
491360,448,447.75,-34.6,-34.6,0,10.62
491365,444,443.87,-39.65,-39.65,0,10.62
491370,439,439.27,-44.07,-44.07,0,10.62
491375,439,439.13,-47.87,-47.87,0,10.62
491380,439,438.73,-51.06,-51.06,0,10.62
491385,439,438.87,-53.68,-53.68,0,10.62
491390,440,440.28,-55.74,-55.74,0,10.62
491395,443,443.14,-57.28,-57.28,0,10.62
491400,446,445.71,-58.34,-58.34,0,10.62
491405,451,450.86,-58.96,-58.67,0,10.62
491410,453,453.29,-59.19,-58.67,0,10.62
491415,458,458.14,-59.08,-58.67,0,10.62
491420,460,459.7,-58.67,-58.67,0,10.62
491425,465,464.85,-58.02,-58.02,0,10.62
491430,461,461.3,-57.18,-57.18,0,10.62
491435,467,467.14,-56.2,-56.2,0,10.62
491440,471,470.7,-55.12,-55.12,0,10.62
491445,475,474.86,-53.99,-53.99,0,10.62
491450,477,477.3,-52.86,-52.86,0,10.62
491455,477,477.13,-51.76,-51.76,0,10.62
491460,481,480.7,-50.73,-50.73,0,10.62
491465,482,481.88,-49.8,-49.8,0,10.62
491470,481,481.3,-49.01,-49.01,0,10.62
491475,480,480.11,-48.37,-48.37,0,10.62
491480,478,477.7,-47.9,-47.9,0,10.62
491485,476,475.91,-47.62,-47.9,0,10.62
491490,474,474.3,-47.53,-47.9,0,10.62
491495,473,473.08,-47.66,-47.9,0,10.62
491500,470,469.7,-47.99,-47.99,0,10.62
491505,466,465.93,-48.52,-48.52,0,10.62
491510,465,465.3,-49.26,-49.26,0,10.62
491515,460,460.07,-50.2,-50.2,0,10.62
491520,459,458.7,-51.33,-51.33,0,10.62
491525,456,455.94,-52.63,-52.63,0,10.62
491530,453,453.31,-54.1,-54.1,0,10.62
491535,451,451.05,-55.73,-55.73,0,10.62
491540,448,447.69,-57.49,-57.49,0,10.62
491545,445,444.96,-59.37,-59.37,0,10.62
491550,443,443.32,-61.37,-61.37,0,10.62
491555,441,441.03,-63.45,-63.45,0,10.62
491560,435,434.68,-65.6,-65.6,0,10.62
491565,437,436.98,-67.82,-67.82,0,10.62
491570,436,436.34,-70.07,-70.07,0,10.62
491575,434,434.02,-72.34,-72.34,0,10.62
491580,430,429.64,-74.62,-74.62,0,10.62
491585,431,430.99,-76.89,-76.89,0,10.62
491590,430,430.38,-79.12,-79.12,0,10.62
491595,430,430.01,-81.31,-81.31,0,10.62
491600,428,427.59,-83.44,-83.44,0,10.62
491605,428,428.0,-85.48,-85.48,0,10.62
491610,428,428.44,-87.42,-87.42,0,10.62
491615,429,429.0,-89.24,-89.24,0,10.62
491620,433,432.53,-90.92,-90.92,0,10.62
491625,431,431.0,-92.43,-92.43,0,10.62
491630,430,430.49,-93.76,-93.76,0,10.62
491635,432,431.99,-94.87,-94.87,0,10.62
491640,431,430.48,-95.75,-95.75,0,10.62
491645,431,431.01,-96.35,-96.24,0,10.62
491650,431,431.54,-96.66,-96.24,0,10.62
491655,431,430.99,-96.63,-96.24,0,10.62
491660,431,430.44,-96.24,-96.24,0,10.62
491665,432,432.01,-95.45,-95.45,0,10.62
491670,432,432.59,-94.23,-94.23,0,10.62
491675,432,431.98,-92.53,-92.53,0,10.62
491680,432,431.38,-90.33,-90.33,0,10.62
491685,428,428.02,-87.59,-87.59,0,10.62
491690,430,430.65,-84.26,-84.26,0,10.62
491695,430,429.99,-80.33,-80.33,0,10.62
491700,430,429.32,-75.75,-75.75,0,10.62
491705,429,429.01,-70.51,-70.51,0,10.62
491710,431,431.71,-64.58,-64.58,0,10.62
491715,426,426.0,-57.94,-57.94,0,10.62
491720,430,429.25,-50.59,-50.59,0,10.62
491725,429,429.0,-42.52,-42.52,0,10.62
491730,429,429.79,-33.74,-33.74,0,10.62
491735,432,432.0,-24.27,-24.27,0,10.62
491740,437,436.18,-14.14,-14.14,0,10.62
491745,443,443.01,-3.39,-3.39,0,10.62
491750,437,437.85,7.92,7.92,0,10.62
491755,466,466.0,19.73,19.73,0,10.62
491760,483,482.15,31.96,31.96,0,10.62
491765,504,504.01,44.5,44.5,0,10.62
491770,527,527.86,57.25,57.25,0,10.62
491775,553,552.99,70.1,70.1,0,10.62
491780,581,580.15,82.92,82.92,0,10.62
491785,604,604.01,95.58,95.58,0,10.62
491790,631,631.85,107.95,107.95,0,10.62
491795,656,655.99,119.9,119.9,0,10.62
491800,677,676.15,131.3,131.3,0,10.62
491805,698,698.01,142.05,142.05,0,10.62
491810,715,715.85,152.01,152.01,0,10.62
491815,731,730.99,161.1,161.1,0,10.62
491820,741,740.14,169.22,169.22,0,10.62
491825,746,745.99,176.3,176.3,0,10.62
491830,754,754.87,182.27,182.27,0,10.62
491835,761,761.02,187.09,187.09,0,10.62
491840,761,760.12,190.72,190.72,0,10.62
491845,759,758.96,193.16,193.16,0,10.62
491850,741,741.87,194.39,193.16,0,10.62
491855,747,747.06,194.44,193.16,0,10.62
491860,740,739.15,193.31,193.16,0,10.62
491865,729,728.92,191.06,191.06,0,10.62
491870,719,719.83,187.73,187.73,0,10.62
491875,709,709.1,183.37,183.37,0,10.62
491880,698,697.2,178.06,178.06,0,10.62
491885,686,685.88,171.85,171.85,0,10.62
491890,674,674.77,164.84,164.84,0,10.62
491895,662,662.15,157.09,157.09,0,10.62
491900,650,649.25,148.71,148.71,0,10.62
491905,640,639.83,139.76,139.76,0,10.62
491910,627,627.73,130.35,130.35,0,10.62
491915,615,615.19,120.55,120.55,0,10.62
491920,606,605.29,110.45,110.45,0,10.62
491925,601,600.8,100.15,100.15,0,10.62
491930,584,584.69,89.71,89.71,0,10.62
491935,572,572.2,79.23,79.23,0,10.62
491940,565,564.33,68.78,68.78,0,10.62
491945,556,555.8,58.43,58.43,0,10.62
491950,545,545.65,48.25,48.25,0,10.62
491955,533,533.19,38.32,38.32,0,10.62
491960,524,523.36,28.69,28.69,0,10.62
491965,514,513.82,19.42,19.42,0,10.62
491970,504,504.62,10.56,10.56,0,10.62
491975,493,493.17,2.15,2.15,0,10.62
491980,486,485.39,-5.76,-5.76,0,10.62
491985,476,475.85,-13.13,-13.13,0,10.62
491990,465,465.6,-19.95,-19.95,0,10.62
491995,463,463.14,-26.2,-26.2,0,10.62
492000,455,454.42,-31.85,-31.85,0,10.62
492005,451,450.87,-36.91,-36.91,0,10.62
492010,449,449.56,-41.37,-41.37,0,10.62
492015,448,448.12,-45.25,-45.25,0,10.62
492020,446,445.45,-48.57,-48.57,0,10.62
492025,446,445.88,-51.33,-51.33,0,10.62
492030,445,445.54,-53.58,-53.58,0,10.62
492035,447,447.11,-55.34,-55.34,0,10.62
492040,451,450.48,-56.66,-56.66,0,10.62
492045,453,452.89,-57.56,-57.56,0,10.62
492050,457,457.51,-58.1,-58.0,0,10.62
492055,460,460.1,-58.32,-58.0,0,10.62
492060,459,458.5,-58.27,-58.0,0,10.62
492065,470,469.91,-58.0,-58.0,0,10.62
492070,468,468.49,-57.54,-57.54,0,10.62
492075,470,470.08,-56.96,-56.96,0,10.62
492080,474,473.51,-56.28,-56.28,0,10.62
492085,475,474.94,-55.56,-55.56,0,10.62
492090,476,476.49,-54.82,-54.82,0,10.62
492095,478,478.04,-54.11,-54.11,0,10.62
492100,479,478.51,-53.45,-53.45,0,10.62
492105,479,478.97,-52.88,-52.88,0,10.62
492110,477,477.49,-52.41,-52.41,0,10.62
492115,475,475.01,-52.06,-52.06,0,10.62
492120,474,473.52,-51.85,-52.06,0,10.62
492125,471,471.01,-51.79,-52.06,0,10.62
492130,469,469.48,-51.88,-52.06,0,10.62
492135,468,467.97,-52.13,-52.13,0,10.62
492140,465,464.52,-52.54,-52.54,0,10.62
492145,462,462.05,-53.11,-53.11,0,10.62
492150,460,460.48,-53.84,-53.84,0,10.62
492155,457,456.93,-54.71,-54.71,0,10.62
492160,453,452.51,-55.72,-55.72,0,10.62
492165,451,451.09,-56.87,-56.87,0,10.62
492170,448,448.49,-58.13,-58.13,0,10.62
492175,445,444.9,-59.5,-59.5,0,10.62
492180,445,444.5,-60.97,-60.97,0,10.62
492185,441,441.12,-62.53,-62.53,0,10.62
492190,438,438.5,-64.16,-64.16,0,10.62
492195,437,436.86,-65.85,-65.85,0,10.62
492200,435,434.5,-67.59,-67.59,0,10.62
492205,425,425.15,-69.38,-69.38,0,10.62
492210,433,433.51,-71.2,-71.2,0,10.62
492215,431,430.84,-73.04,-73.04,0,10.62
492220,429,428.49,-74.89,-74.89,0,10.62
492225,430,430.15,-76.75,-76.75,0,10.62
492230,428,428.52,-78.61,-78.61,0,10.62
492235,426,425.85,-80.47,-80.47,0,10.62
492240,426,425.46,-82.31,-82.31,0,10.62
492245,428,428.16,-84.13,-84.13,0,10.62
492250,427,427.55,-85.93,-85.93,0,10.62
492255,425,424.83,-87.69,-87.69,0,10.62
492260,424,423.42,-89.41,-89.41,0,10.62
492265,424,424.18,-91.08,-91.08,0,10.62
492270,428,428.6,-92.68,-92.68,0,10.62
492275,423,422.81,-94.22,-94.22,0,10.62
492280,425,424.36,-95.66,-95.66,0,10.62
492285,428,428.2,-97.01,-97.01,0,10.62
492290,425,425.67,-98.25,-98.25,0,10.62
492295,425,424.78,-99.35,-99.35,0,10.62
492300,426,425.29,-100.3,-100.3,0,10.62
492305,426,426.25,-101.07,-101.07,0,10.62
492310,426,426.75,-101.65,-101.65,0,10.62
492315,426,425.73,-102.0,-101.65,0,10.62
492320,427,426.21,-102.1,-101.65,0,10.62
492325,428,428.3,-101.92,-101.65,0,10.62
492330,429,429.84,-101.42,-101.42,0,10.62
492335,429,428.67,-100.57,-100.57,0,10.62
492340,432,431.12,-99.34,-99.34,0,10.62
492345,430,430.36,-97.69,-97.69,0,10.62
492350,431,431.93,-95.58,-95.58,0,10.62
492355,432,431.61,-92.97,-92.97,0,10.62
492360,432,431.03,-89.83,-89.83,0,10.62
492365,430,430.42,-86.12,-86.12,0,10.62
492370,407,408.01,-81.8,-81.8,0,10.62
492375,433,432.55,-76.84,-76.84,0,10.62
492380,431,429.99,-71.21,-71.21,0,10.62
492385,430,430.47,-64.89,-64.89,0,10.62
492390,431,431.99,-57.87,-57.87,0,10.62
492395,434,433.51,-50.12,-50.12,0,10.62
492400,434,433.02,-41.65,-41.65,0,10.62
492405,435,435.51,-32.47,-32.47,0,10.62
492410,436,436.97,-22.58,-22.58,0,10.62
492415,441,440.47,-12.03,-12.03,0,10.62
492420,445,444.04,-0.83,-0.83,0,10.62
492425,454,454.56,10.95,10.95,0,10.62
492430,468,468.96,23.25,23.25,0,10.62
492435,483,482.43,35.99,35.99,0,10.62
492440,503,502.05,49.08,49.08,0,10.62
492445,528,528.6,62.41,62.41,0,10.62
492450,553,553.96,75.88,75.88,0,10.62
492455,581,580.38,89.35,89.35,0,10.62
492460,610,609.04,102.7,102.7,0,10.62
492465,620,620.64,115.8,115.8,0,10.62
492470,662,662.97,128.52,128.52,0,10.62
492475,686,685.37,140.72,140.72,0,10.62
492480,708,707.02,152.29,152.29,0,10.62
492485,726,726.62,163.1,163.1,0,10.62
492490,742,742.98,173.04,173.04,0,10.62
492495,758,757.39,182.02,182.02,0,10.62
492500,766,765.0,189.96,189.96,0,10.62
492505,774,774.59,196.79,196.79,0,10.62
492510,778,779.01,202.46,202.46,0,10.62
492515,780,779.42,206.94,206.94,0,10.62
492520,779,777.97,210.19,210.19,0,10.62
492525,774,774.56,212.22,211.1,0,10.62
492530,744,745.02,213.03,211.1,0,10.62
492535,759,758.45,212.65,211.1,0,10.62
492540,752,751.01,211.1,211.1,0,10.62
492545,742,742.54,208.45,208.45,0,10.62
492550,731,731.95,204.72,204.72,0,10.62
492555,718,717.47,200.0,200.0,0,10.62
492560,707,706.09,194.34,194.34,0,10.62
492565,696,696.53,187.83,187.83,0,10.62
492570,685,685.87,180.53,180.53,0,10.62
492575,675,674.47,172.54,172.54,0,10.62
492580,660,659.17,163.94,163.94,0,10.62
492585,650,650.53,154.8,154.8,0,10.62
492590,639,639.81,145.22,145.22,0,10.62
492595,629,628.47,135.28,135.28,0,10.62
492600,618,617.22,125.06,125.06,0,10.62
492605,610,610.53,114.64,114.64,0,10.62
492610,597,597.76,104.1,104.1,0,10.62
492615,593,592.47,93.52,93.52,0,10.62
492620,581,580.27,82.96,82.96,0,10.62
492625,572,572.53,72.51,72.51,0,10.62
492630,560,560.7,62.21,62.21,0,10.62
492635,551,550.47,52.13,52.13,0,10.62
492640,539,538.32,42.34,42.34,0,10.62
492645,530,530.53,32.88,32.88,0,10.62
492650,519,519.66,23.81,23.81,0,10.62
492655,509,508.46,15.17,15.17,0,10.62
492660,497,496.36,6.99,6.99,0,10.62
492665,490,490.54,-0.69,-0.69,0,10.62
492670,481,481.62,-7.85,-7.85,0,10.62
492675,475,474.45,-14.46,-14.46,0,10.62
492680,469,468.39,-20.51,-20.51,0,10.62
492685,465,465.56,-26.0,-26.0,0,10.62
492690,455,455.6,-30.93,-30.93,0,10.62
492695,458,457.43,-35.3,-35.3,0,10.62
492700,454,453.42,-39.12,-39.12,0,10.62
492705,454,454.58,-42.43,-42.43,0,10.62
492710,456,456.56,-45.23,-45.23,0,10.62
492715,454,453.41,-47.56,-47.56,0,10.62
492720,457,456.46,-49.46,-49.46,0,10.62
492725,459,459.61,-50.97,-50.97,0,10.62
492730,460,460.53,-52.11,-52.11,0,10.62
492735,464,463.37,-52.94,-52.94,0,10.62
492740,466,465.48,-53.5,-53.5,0,10.62
492745,466,466.64,-53.83,-53.83,0,10.62
492750,470,470.5,-53.97,-53.83,0,10.62
492755,472,471.34,-53.97,-53.83,0,10.62
492760,474,473.51,-53.87,-53.83,0,10.62
492765,474,474.68,-53.7,-53.7,0,10.62
492770,470,470.48,-53.5,-53.5,0,10.62
492775,477,476.3,-53.31,-53.31,0,10.62
492780,477,476.55,-53.14,-53.14,0,10.62
492785,480,480.71,-53.04,-53.14,0,10.62
492790,476,476.43,-53.01,-53.14,0,10.62
492795,474,473.26,-53.08,-53.14,0,10.62
492800,473,472.6,-53.25,-53.25,0,10.62
492805,469,469.77,-53.55,-53.55,0,10.62
492810,469,469.38,-53.97,-53.97,0,10.62
492815,467,466.2,-54.51,-54.51,0,10.62
492820,465,464.64,-55.18,-55.18,0,10.62
492825,459,459.83,-55.97,-55.97,0,10.62
492830,458,458.34,-56.87,-56.87,0,10.62
492835,454,453.14,-57.88,-57.88,0,10.62
492840,450,449.69,-58.98,-58.98,0,10.62
492845,446,446.89,-60.16,-60.16,0,10.62
492850,446,446.3,-61.41,-61.41,0,10.62
492855,447,446.09,-62.71,-62.71,0,10.62
492860,440,439.72,-64.05,-64.05,0,10.62
492865,432,432.93,-65.42,-65.42,0,10.62
492870,435,435.27,-66.79,-66.79,0,10.62
492875,434,433.06,-68.16,-68.16,0,10.62
492880,430,429.75,-69.51,-69.51,0,10.62
492885,405,405.93,-70.83,-70.83,0,10.62
492890,427,427.24,-72.11,-72.11,0,10.62
492895,425,424.11,-73.35,-73.35,0,10.62
492900,425,424.77,-74.54,-74.54,0,10.62
492905,425,425.83,-75.67,-75.67,0,10.62
492910,424,424.22,-76.74,-76.74,0,10.62
492915,424,423.22,-77.76,-77.76,0,10.62
492920,423,422.79,-78.72,-78.72,0,10.62
492925,422,422.73,-79.62,-79.62,0,10.62
492930,421,421.2,-80.48,-80.48,0,10.62
492935,424,423.32,-81.28,-81.28,0,10.62
492940,423,422.81,-82.03,-82.03,0,10.62
492945,423,423.63,-82.75,-82.75,0,10.62
492950,423,423.17,-83.42,-83.42,0,10.62
492955,424,423.42,-84.07,-84.07,0,10.62
492960,422,421.84,-84.68,-84.68,0,10.62
492965,425,425.53,-85.27,-85.27,0,10.62
492970,424,424.15,-85.84,-85.84,0,10.62
492975,424,423.51,-86.4,-86.4,0,10.62
492980,426,425.86,-86.94,-86.94,0,10.62
492985,426,426.45,-87.47,-87.47,0,10.62
492990,427,427.13,-87.98,-87.98,0,10.62
492995,426,425.59,-88.48,-88.48,0,10.62
493000,427,426.87,-88.96,-88.96,0,10.62
493005,429,429.37,-89.42,-89.42,0,10.62
493010,429,429.12,-89.85,-89.85,0,10.62
493015,429,428.66,-90.24,-90.24,0,10.62
493020,432,431.89,-90.58,-90.58,0,10.62
493025,434,434.31,-90.85,-90.85,0,10.62
493030,433,433.1,-91.05,-90.95,0,10.62
493035,433,432.71,-91.14,-90.95,0,10.62
493040,434,433.9,-91.12,-90.95,0,10.62
493045,434,434.27,-90.95,-90.95,0,10.62
493050,438,438.09,-90.6,-90.6,0,10.62
493055,437,436.76,-90.06,-90.06,0,10.62
493060,437,436.91,-89.28,-89.28,0,10.62
493065,437,437.22,-88.23,-88.23,0,10.62
493070,439,439.09,-86.87,-86.87,0,10.62
493075,439,438.8,-85.17,-85.17,0,10.62
493080,440,439.91,-83.09,-83.09,0,10.62
493085,443,443.17,-80.58,-80.58,0,10.62
493090,440,440.09,-77.61,-77.61,0,10.62
493095,439,438.84,-74.13,-74.13,0,10.62
493100,439,438.9,-70.11,-70.11,0,10.62
493105,438,438.14,-65.51,-65.51,0,10.62
493110,440,440.1,-60.29,-60.29,0,10.62
493115,439,438.87,-54.43,-54.43,0,10.62
493120,439,438.89,-47.89,-47.89,0,10.62
493125,438,438.11,-40.66,-40.66,0,10.62
493130,438,438.11,-32.73,-32.73,0,10.62
493135,439,438.9,-24.09,-24.09,0,10.62
493140,439,438.88,-14.76,-14.76,0,10.62
493145,441,441.08,-4.74,-4.74,0,10.62
493150,446,446.13,5.93,5.93,0,10.62
493155,453,452.94,17.21,17.21,0,10.62
493160,465,464.87,29.04,29.04,0,10.62
493165,480,480.05,41.34,41.34,0,10.62
493170,500,500.14,54.04,54.04,0,10.62
493175,517,516.97,67.03,67.03,0,10.62
493180,545,544.85,80.19,80.19,0,10.62
493185,573,573.02,93.42,93.42,0,10.62
493190,599,599.16,106.58,106.58,0,10.62
493195,629,628.98,119.54,119.54,0,10.62
493200,655,654.83,132.16,132.16,0,10.62
493205,680,680.01,144.31,144.31,0,10.62
493210,702,702.18,155.87,155.87,0,10.62
493215,722,722.0,166.7,166.7,0,10.62
493220,740,739.81,176.71,176.71,0,10.62
493225,755,755.0,185.77,185.77,0,10.62
493230,771,771.2,193.82,193.82,0,10.62
493235,772,772.0,200.76,200.76,0,10.62
493240,777,776.78,206.55,206.55,0,10.62
493245,779,778.99,211.13,211.13,0,10.62
493250,780,780.25,214.49,214.49,0,10.62
493255,776,776.01,216.61,215.64,0,10.62
493260,770,769.72,217.5,215.64,0,10.62
493265,761,760.99,217.16,215.64,0,10.62
493270,754,754.31,215.64,215.64,0,10.62
493275,745,745.02,212.97,212.97,0,10.62
493280,733,732.65,209.2,209.2,0,10.62
493285,721,720.97,204.4,204.4,0,10.62
493290,709,709.38,198.65,198.65,0,10.62
493295,696,696.04,192.0,192.0,0,10.62
493300,686,685.58,184.55,184.55,0,10.62
493305,673,672.95,176.38,176.38,0,10.62
493310,661,661.45,167.57,167.57,0,10.62
493315,649,649.06,158.21,158.21,0,10.62
493320,639,638.52,148.39,148.39,0,10.62
493325,627,626.93,138.2,138.2,0,10.62
493330,616,616.52,127.73,127.73,0,10.62
493335,605,605.07,117.05,117.05,0,10.62
493340,595,594.45,106.25,106.25,0,10.62
493345,586,585.92,95.42,95.42,0,10.62
493350,575,575.59,84.61,84.61,0,10.62
493355,567,567.09,73.91,73.91,0,10.62
493360,556,555.37,63.39,63.39,0,10.62
493365,548,547.91,53.11,53.11,0,10.62
493370,513,513.65,43.13,43.13,0,10.62
493375,526,526.1,33.5,33.5,0,10.62
493380,515,514.36,24.28,24.28,0,10.62
493385,505,504.9,15.51,15.51,0,10.62
493390,496,496.62,7.22,7.22,0,10.62
493395,485,485.11,-0.56,-0.56,0,10.62
493400,478,477.4,-7.79,-7.79,0,10.62
493405,471,470.89,-14.45,-14.45,0,10.62
493410,461,461.59,-20.54,-20.54,0,10.62
493415,459,459.11,-26.05,-26.05,0,10.62
493420,456,455.43,-30.98,-30.98,0,10.62
493425,453,452.89,-35.34,-35.34,0,10.62
493430,452,452.55,-39.14,-39.14,0,10.62
493435,451,451.11,-42.39,-42.39,0,10.62
493440,450,449.47,-45.13,-45.13,0,10.62
493445,452,451.89,-47.38,-47.38,0,10.62
493450,453,453.51,-49.18,-49.18,0,10.62
493455,454,454.11,-50.56,-50.56,0,10.62
493460,455,454.5,-51.57,-51.57,0,10.62
493465,459,458.89,-52.23,-52.23,0,10.62
493470,460,460.49,-52.61,-52.39,0,10.62
493475,461,461.11,-52.73,-52.39,0,10.62
493480,464,463.52,-52.64,-52.39,0,10.62
493485,465,464.89,-52.39,-52.39,0,10.62
493490,468,468.47,-52.01,-52.01,0,10.62
493495,468,468.1,-51.54,-51.54,0,10.62
493500,471,470.53,-51.03,-51.03,0,10.62
493505,472,471.9,-50.5,-50.5,0,10.62
493510,473,473.47,-49.98,-49.98,0,10.62
493515,473,473.09,-49.52,-49.52,0,10.62
493520,472,471.54,-49.12,-49.12,0,10.62
493525,477,476.91,-48.81,-48.81,0,10.62
493530,472,472.47,-48.61,-48.75,0,10.62
493535,471,471.07,-48.52,-48.75,0,10.62
493540,477,476.53,-48.57,-48.75,0,10.62
493545,465,464.94,-48.75,-48.75,0,10.62
493550,463,463.45,-49.07,-49.07,0,10.62
493555,461,461.04,-49.52,-49.52,0,10.62
493560,459,458.56,-50.1,-50.1,0,10.62
493565,456,455.97,-50.8,-50.8,0,10.62
493570,453,453.42,-51.62,-51.62,0,10.62
493575,451,451.02,-52.54,-52.54,0,10.62
493580,447,446.6,-53.56,-53.56,0,10.62
493585,444,443.99,-54.66,-54.66,0,10.62
493590,442,442.38,-55.84,-55.84,0,10.62
493595,441,441.0,-57.07,-57.07,0,10.62
493600,440,439.63,-58.35,-58.35,0,10.62
493605,436,436.0,-59.66,-59.66,0,10.62
493610,435,435.35,-61.0,-61.0,0,10.62
493615,434,433.99,-62.35,-62.35,0,10.62
493620,434,433.67,-63.71,-63.71,0,10.62
493625,431,431.01,-65.06,-65.06,0,10.62
493630,429,429.31,-66.4,-66.4,0,10.62
493635,426,425.99,-67.72,-67.72,0,10.62
493640,427,426.71,-69.01,-69.01,0,10.62
493645,429,429.02,-70.27,-70.27,0,10.62
493650,427,427.27,-71.5,-71.5,0,10.62
493655,426,425.96,-72.69,-72.69,0,10.62
493660,424,423.75,-73.84,-73.84,0,10.62
493665,423,423.05,-74.96,-74.96,0,10.62
493670,424,424.24,-76.02,-76.02,0,10.62
493675,425,424.94,-77.05,-77.05,0,10.62
493680,421,420.77,-78.04,-78.04,0,10.62
493685,421,421.07,-78.98,-78.98,0,10.62
493690,422,422.22,-79.88,-79.88,0,10.62
493695,422,421.92,-80.75,-80.75,0,10.62
493700,419,418.79,-81.57,-81.57,0,10.62
493705,423,423.08,-82.36,-82.36,0,10.62
493710,413,413.21,-83.12,-83.12,0,10.62
493715,423,422.92,-83.84,-83.84,0,10.62
493720,422,421.81,-84.53,-84.53,0,10.62
493725,421,421.09,-85.19,-85.19,0,10.62
493730,421,421.17,-85.81,-85.81,0,10.62
493735,426,425.91,-86.4,-86.4,0,10.62
493740,419,418.85,-86.96,-86.96,0,10.62
493745,426,426.08,-87.48,-87.48,0,10.62
493750,427,427.13,-87.96,-87.96,0,10.62
493755,426,425.92,-88.38,-88.38,0,10.62
493760,431,430.88,-88.75,-88.75,0,10.62
493765,429,429.08,-89.05,-89.05,0,10.62
493770,435,435.11,-89.26,-89.24,0,10.62
493775,429,428.92,-89.38,-89.24,0,10.62
493780,431,430.9,-89.38,-89.24,0,10.62
493785,433,433.08,-89.24,-89.24,0,10.62
493790,433,433.1,-88.94,-88.94,0,10.62
493795,434,433.91,-88.45,-88.45,0,10.62
493800,435,434.9,-87.75,-87.75,0,10.62
493805,433,433.1,-86.79,-86.79,0,10.62
493810,437,437.1,-85.56,-85.56,0,10.62
493815,437,436.9,-84.01,-84.01,0,10.62
493820,434,433.89,-82.11,-82.11,0,10.62
493825,436,436.1,-79.82,-79.82,0,10.62
493830,437,437.12,-77.11,-77.11,0,10.62
493835,437,436.91,-73.94,-73.94,0,10.62
493840,440,439.88,-70.27,-70.27,0,10.62
493845,436,436.09,-66.07,-66.07,0,10.62
493850,436,436.13,-61.32,-61.32,0,10.62
493855,435,434.91,-55.97,-55.97,0,10.62
493860,435,434.87,-50.02,-50.02,0,10.62
493865,436,436.09,-43.43,-43.43,0,10.62
493870,436,436.13,-36.2,-36.2,0,10.62
493875,436,435.91,-28.33,-28.33,0,10.62
493880,441,440.86,-19.82,-19.82,0,10.62
493885,438,438.09,-10.69,-10.69,0,10.62
493890,443,443.14,-0.96,-0.96,0,10.62
493895,449,448.92,9.33,9.33,0,10.62
493900,457,456.87,20.12,20.12,0,10.62
493905,469,469.08,31.35,31.35,0,10.62
493910,487,487.13,42.95,42.95,0,10.62
493915,507,506.93,54.82,54.82,0,10.62
493920,529,528.87,66.86,66.86,0,10.62
493925,554,554.07,78.96,78.96,0,10.62
493930,581,581.13,91.0,91.0,0,10.62
493935,605,604.94,102.85,102.85,0,10.62
493940,631,630.87,114.41,114.41,0,10.62
493945,655,655.05,125.52,125.52,0,10.62
493950,675,675.13,136.09,136.09,0,10.62
493955,697,696.95,145.99,145.99,0,10.62
493960,713,712.86,155.11,155.11,0,10.62
493965,727,727.04,163.36,163.36,0,10.62
493970,737,737.14,170.65,170.65,0,10.62
493975,745,744.96,176.92,176.92,0,10.62
493980,753,752.86,182.1,182.1,0,10.62
493985,750,750.03,186.16,186.16,0,10.62
493990,751,751.13,189.06,189.06,0,10.62
493995,749,748.97,190.8,189.16,0,10.62
494000,744,743.88,191.39,189.16,0,10.62
494005,738,738.01,190.83,189.16,0,10.62
494010,729,729.11,189.16,189.16,0,10.62
494015,720,720.0,186.41,186.41,0,10.62
494020,709,708.9,182.65,182.65,0,10.62
494025,696,695.99,177.94,177.94,0,10.62
494030,683,683.09,172.33,172.33,0,10.62
494035,671,671.02,165.92,165.92,0,10.62
494040,660,659.92,158.78,158.78,0,10.62
494045,648,647.97,150.99,150.99,0,10.62
494050,635,635.06,142.64,142.64,0,10.62
494055,624,624.04,133.82,133.82,0,10.62
494060,607,606.95,124.61,124.61,0,10.62
494065,604,603.95,115.11,115.11,0,10.62
494070,592,592.05,105.39,105.39,0,10.62
494075,583,583.05,95.53,95.53,0,10.62
494080,573,572.95,85.63,85.63,0,10.62
494085,564,563.94,75.74,75.74,0,10.62
494090,554,554.05,65.94,65.94,0,10.62
494095,548,548.06,56.3,56.3,0,10.62
494100,536,535.96,46.88,46.88,0,10.62
494105,527,526.92,37.75,37.75,0,10.62
494110,520,520.05,28.94,28.94,0,10.62
494115,510,510.09,20.52,20.52,0,10.62
494120,501,500.95,12.53,12.53,0,10.62
494125,495,494.9,5.0,5.0,0,10.62
494130,485,485.05,-2.03,-2.03,0,10.62
494135,477,477.11,-8.54,-8.54,0,10.62
494140,471,470.94,-14.5,-14.5,0,10.62
494145,465,464.88,-19.91,-19.91,0,10.62
494150,457,457.06,-24.76,-24.76,0,10.62
494155,457,457.13,-29.04,-29.04,0,10.62
494160,456,455.94,-32.77,-32.77,0,10.62
494165,451,450.86,-35.95,-35.95,0,10.62
494170,453,453.05,-38.62,-38.62,0,10.62
494175,453,453.15,-40.78,-40.78,0,10.62
494180,456,455.96,-42.48,-42.48,0,10.62
494185,455,454.83,-43.75,-43.75,0,10.62
494190,460,460.03,-44.62,-44.62,0,10.62
494195,463,463.19,-45.15,-45.05,0,10.62
494200,466,465.98,-45.36,-45.05,0,10.62
494205,479,478.79,-45.31,-45.05,0,10.62
494210,470,470.01,-45.05,-45.05,0,10.62
494215,476,476.21,-44.61,-44.61,0,10.62
494220,477,477.01,-44.04,-44.04,0,10.62
494225,479,478.79,-43.38,-43.38,0,10.62
494230,482,481.98,-42.67,-42.67,0,10.62
494235,480,480.21,-41.96,-41.96,0,10.62
494240,483,483.03,-41.26,-41.26,0,10.62
494245,485,484.8,-40.62,-40.62,0,10.62
494250,485,484.95,-40.06,-40.06,0,10.62
494255,482,482.19,-39.6,-39.6,0,10.62
494260,484,484.06,-39.27,-39.27,0,10.62
494265,481,480.82,-39.07,-39.27,0,10.62
494270,480,479.93,-39.03,-39.27,0,10.62
494275,478,478.17,-39.16,-39.27,0,10.62
494280,475,475.08,-39.45,-39.45,0,10.62
494285,476,475.84,-39.91,-39.91,0,10.62
494290,472,471.91,-40.55,-40.55,0,10.62
494295,479,479.15,-41.35,-41.35,0,10.62
494300,465,465.1,-42.32,-42.32,0,10.62
494305,463,462.84,-43.44,-43.44,0,10.62
494310,461,460.89,-44.71,-44.71,0,10.62
494315,457,457.17,-46.11,-46.11,0,10.62
494320,456,456.11,-47.64,-47.64,0,10.62
494325,452,451.81,-49.27,-49.27,0,10.62
494330,451,450.88,-51.0,-51.0,0,10.62
494335,452,452.21,-52.82,-52.82,0,10.62
494340,447,447.12,-54.71,-54.71,0,10.62
494345,445,444.77,-56.65,-56.65,0,10.62
494350,443,442.87,-58.63,-58.63,0,10.62
494355,428,428.25,-60.64,-60.64,0,10.62
494360,438,438.14,-62.67,-62.67,0,10.62
494365,439,438.76,-64.7,-64.7,0,10.62
494370,439,438.86,-66.73,-66.73,0,10.62
494375,435,435.23,-68.73,-68.73,0,10.62
494380,434,434.14,-70.71,-70.71,0,10.62
494385,433,432.78,-72.65,-72.65,0,10.62
494390,433,432.86,-74.53,-74.53,0,10.62
494395,431,431.21,-76.36,-76.36,0,10.62
494402,432,432.14,-78.12,-78.12,0,10.62
494405,432,431.8,-79.79,-79.79,0,10.62
494410,433,432.87,-81.37,-81.37,0,10.62
494415,435,435.18,-82.85,-82.85,0,10.62
494420,433,433.13,-84.21,-84.21,0,10.62
494425,433,432.82,-85.43,-85.43,0,10.62
494430,434,433.87,-86.51,-86.51,0,10.62
494435,432,432.17,-87.42,-87.42,0,10.62
494440,433,433.12,-88.15,-88.15,0,10.62
494445,435,434.84,-88.68,-88.68,0,10.62
494450,434,433.88,-88.98,-88.68,0,10.62
494455,435,435.15,-89.03,-88.68,0,10.62
494460,437,437.11,-88.81,-88.68,0,10.62
494465,436,435.86,-88.29,-88.29,0,10.62
494470,438,437.89,-87.45,-87.45,0,10.62
494475,435,435.13,-86.26,-86.26,0,10.62
494480,439,439.11,-84.68,-84.68,0,10.62
494485,437,436.88,-82.69,-82.69,0,10.62
494490,440,439.89,-80.26,-80.26,0,10.62
494495,442,442.11,-77.36,-77.36,0,10.62
494500,440,440.1,-73.97,-73.97,0,10.62
494505,439,438.9,-70.04,-70.04,0,10.62
494510,440,439.9,-65.57,-65.57,0,10.62
494515,439,439.1,-60.53,-60.53,0,10.62
494520,438,438.1,-54.9,-54.9,0,10.62
494525,438,437.9,-48.67,-48.67,0,10.62
494530,438,437.91,-41.83,-41.83,0,10.62
494535,438,438.1,-34.38,-34.38,0,10.62
494540,438,438.09,-26.34,-26.34,0,10.62
494545,439,438.9,-17.72,-17.72,0,10.62
494550,444,443.92,-8.55,-8.55,0,10.62
494555,448,448.1,1.14,1.14,0,10.62
494560,460,460.08,11.27,11.27,0,10.62
494565,471,470.9,21.8,21.8,0,10.62
494570,488,487.93,32.65,32.65,0,10.62
494575,506,506.1,43.72,43.72,0,10.62
494580,529,529.07,54.92,54.92,0,10.62
494585,552,551.9,66.14,66.14,0,10.62
494590,575,574.93,77.27,77.27,0,10.62
494595,599,599.1,88.2,88.2,0,10.62
494600,623,623.07,98.79,98.79,0,10.62
494605,645,644.9,108.95,108.95,0,10.62
494610,665,664.93,118.55,118.55,0,10.62
494615,681,681.09,127.49,127.49,0,10.62
494620,698,698.07,135.66,135.66,0,10.62
494625,709,708.91,143.0,143.0,0,10.62
494630,718,717.92,149.4,149.4,0,10.62
494635,724,724.08,154.82,154.82,0,10.62
494640,728,728.08,159.21,159.21,0,10.62
494645,728,727.93,162.52,162.52,0,10.62
494650,728,727.92,164.74,164.74,0,10.62
494655,725,725.07,165.86,164.74,0,10.62
494660,717,717.08,165.88,164.74,0,10.62
494665,714,713.94,164.83,164.74,0,10.62
494670,706,705.92,162.74,162.74,0,10.62
494675,696,696.06,159.64,159.64,0,10.62
494680,685,685.07,155.59,155.59,0,10.62
494685,675,674.95,150.64,150.64,0,10.62
494690,664,663.93,144.88,144.88,0,10.62
494695,652,652.05,138.36,138.36,0,10.62
494700,640,640.06,131.17,131.17,0,10.62
494705,630,629.96,123.39,123.39,0,10.62
494710,616,615.95,115.1,115.1,0,10.62
494715,607,607.04,106.39,106.39,0,10.62
494720,595,595.04,97.35,97.35,0,10.62
494725,587,586.97,88.05,88.05,0,10.62
494730,575,574.96,78.59,78.59,0,10.62
494735,566,566.02,69.04,69.04,0,10.62
494740,555,555.03,59.48,59.48,0,10.62
494745,544,543.99,49.99,49.99,0,10.62
494750,537,536.98,40.65,40.65,0,10.62
494755,526,526.0,31.51,31.51,0,10.62
494760,517,517.01,22.65,22.65,0,10.62
494765,508,508.0,14.12,14.12,0,10.62
494770,496,496.0,5.98,5.98,0,10.62
494775,488,487.99,-1.72,-1.72,0,10.62
494780,481,481.0,-8.94,-8.94,0,10.62
494785,472,472.02,-15.66,-15.66,0,10.62
494790,466,466.01,-21.83,-21.83,0,10.62
494795,459,458.97,-27.44,-27.44,0,10.62
494800,454,453.99,-32.47,-32.47,0,10.62
494805,451,451.04,-36.93,-36.93,0,10.62
494810,448,448.02,-40.8,-40.8,0,10.62
494815,447,446.95,-44.1,-44.1,0,10.62
494820,447,446.98,-46.84,-46.84,0,10.62
494825,446,446.06,-49.05,-49.05,0,10.62
494830,450,450.02,-50.75,-50.75,0,10.62
494835,455,454.94,-51.97,-51.97,0,10.62
494840,454,453.97,-52.77,-52.77,0,10.62
494845,457,457.06,-53.16,-52.77,0,10.62
494850,460,460.04,-53.21,-52.77,0,10.62
494855,464,463.94,-52.95,-52.77,0,10.62
494860,467,466.96,-52.44,-52.44,0,10.62
494865,472,472.06,-51.72,-51.72,0,10.62
494870,474,474.05,-50.83,-50.83,0,10.62
494875,476,475.94,-49.84,-49.84,0,10.62
494880,481,480.94,-48.78,-48.78,0,10.62
494885,480,480.06,-47.69,-47.69,0,10.62
494890,485,485.06,-46.63,-46.63,0,10.62
494895,487,486.95,-45.61,-45.61,0,10.62
494900,486,485.93,-44.69,-44.69,0,10.62
494905,485,485.05,-43.89,-43.89,0,10.62
494910,487,487.08,-43.23,-43.23,0,10.62
494915,485,484.96,-42.74,-42.74,0,10.62
494920,483,482.91,-42.43,-42.74,0,10.62
494925,484,484.03,-42.33,-42.74,0,10.62
494930,480,480.1,-42.44,-42.74,0,10.62
494935,480,479.98,-42.76,-42.76,0,10.62
494940,478,477.89,-43.31,-43.31,0,10.62
494945,476,476.01,-44.08,-44.08,0,10.62
494950,472,472.12,-45.07,-45.07,0,10.62
494955,471,470.99,-46.26,-46.26,0,10.62
494960,468,467.87,-47.67,-47.67,0,10.62
494965,466,466.0,-49.26,-49.26,0,10.62
494970,462,462.13,-51.04,-51.04,0,10.62
494975,460,460.01,-52.98,-52.98,0,10.62
494980,458,457.86,-55.07,-55.07,0,10.62
494985,455,454.99,-57.29,-57.29,0,10.62
494990,451,451.14,-59.62,-59.62,0,10.62
494995,451,451.02,-62.04,-62.04,0,10.62
495000,449,448.86,-64.53,-64.53,0,10.62
495005,447,446.98,-67.06,-67.06,0,10.62
495010,444,444.14,-69.62,-69.62,0,10.62
495015,445,445.03,-72.17,-72.17,0,10.62
495020,443,442.86,-74.7,-74.7,0,10.62
495025,440,439.96,-77.17,-77.17,0,10.62
495030,441,441.14,-79.57,-79.57,0,10.62
495035,440,440.05,-81.85,-81.85,0,10.62
495040,438,437.86,-84.0,-84.0,0,10.62
495045,438,437.93,-85.98,-85.98,0,10.62
495050,438,438.14,-87.76,-87.76,0,10.62
495055,435,435.08,-89.31,-89.31,0,10.62
495060,434,433.86,-90.6,-90.6,0,10.62
495065,436,435.9,-91.58,-91.58,0,10.62
495070,436,436.15,-92.24,-91.85,0,10.62
495075,429,429.1,-92.52,-91.85,0,10.62
495080,437,436.84,-92.4,-91.85,0,10.62
495085,435,434.9,-91.85,-91.85,0,10.62
495090,435,435.16,-90.82,-90.82,0,10.62
495095,436,436.09,-89.28,-89.28,0,10.62
495100,435,434.83,-87.19,-87.19,0,10.62
495105,435,434.91,-84.53,-84.53,0,10.62
495110,434,434.18,-81.27,-81.27,0,10.62
495115,435,435.09,-77.36,-77.36,0,10.62
495120,434,433.82,-72.8,-72.8,0,10.62
495125,431,430.91,-67.56,-67.56,0,10.62
495130,433,433.19,-61.62,-61.62,0,10.62
495135,432,432.09,-54.98,-54.98,0,10.62
495140,434,433.81,-47.63,-47.63,0,10.62
495145,433,432.9,-39.58,-39.58,0,10.62
495150,434,434.2,-30.85,-30.85,0,10.62
495155,436,436.1,-21.46,-21.46,0,10.62
495160,443,442.8,-11.46,-11.46,0,10.62
495165,452,451.9,-0.89,-0.89,0,10.62
495170,463,463.2,10.18,10.18,0,10.62
495175,479,479.1,21.67,21.67,0,10.62
495180,496,495.8,33.5,33.5,0,10.62
495185,518,517.9,45.56,45.56,0,10.62
495190,542,542.21,57.75,57.75,0,10.62
495195,567,567.1,69.94,69.94,0,10.62
495200,597,596.79,82.02,82.02,0,10.62
495205,618,617.89,93.85,93.85,0,10.62
495210,638,638.21,105.33,105.33,0,10.62
495215,663,663.11,116.31,116.31,0,10.62
495220,683,682.8,126.68,126.68,0,10.62
495225,701,700.89,136.34,136.34,0,10.62
495230,716,716.18,145.18,145.18,0,10.62
495235,728,728.11,153.11,153.11,0,10.62
495240,735,734.82,160.05,160.05,0,10.62
495245,747,746.89,165.95,165.95,0,10.62
495250,743,743.16,170.74,170.74,0,10.62
495255,747,747.1,174.41,174.41,0,10.62
495260,744,743.84,176.92,176.92,0,10.62
495265,742,741.9,178.28,176.92,0,10.62
495270,736,736.14,178.49,176.92,0,10.62
495275,727,727.08,177.57,176.92,0,10.62
495280,720,719.87,175.56,175.56,0,10.62
495285,710,709.93,172.49,172.49,0,10.62
495290,698,698.12,168.43,168.43,0,10.62
495295,689,689.06,163.43,163.43,0,10.62
495300,679,678.89,157.57,157.57,0,10.62
495305,667,666.95,150.91,150.91,0,10.62
495310,656,656.09,143.54,143.54,0,10.62
495315,644,644.03,135.52,135.52,0,10.62
495320,634,633.92,126.96,126.96,0,10.62
495325,623,622.98,117.93,117.93,0,10.62
495330,611,611.06,108.52,108.52,0,10.62
495335,600,600.0,98.81,98.81,0,10.62
495340,590,589.96,88.89,88.89,0,10.62
495345,581,581.02,78.83,78.83,0,10.62
495350,570,570.03,68.72,68.72,0,10.62
495355,556,555.96,58.63,58.63,0,10.62
495360,551,550.99,48.64,48.64,0,10.62
495365,542,542.07,38.8,38.8,0,10.62
495370,530,529.99,29.19,29.19,0,10.62
495375,540,539.91,19.87,19.87,0,10.62
495380,510,510.03,10.89,10.89,0,10.62
495385,499,499.09,2.31,2.31,0,10.62
495390,490,489.95,-5.83,-5.83,0,10.62
495395,482,481.93,-13.49,-13.49,0,10.62
495400,473,473.07,-20.63,-20.63,0,10.62
495405,467,467.05,-27.23,-27.23,0,10.62
495410,460,459.91,-33.26,-33.26,0,10.62
495415,455,454.97,-38.71,-38.71,0,10.62
495420,450,450.11,-43.57,-43.57,0,10.62
495425,449,449.01,-47.85,-47.85,0,10.62
495430,447,446.87,-51.55,-51.55,0,10.62
495435,445,445.0,-54.68,-54.68,0,10.62
495440,444,444.15,-57.27,-57.27,0,10.62
495445,448,447.98,-59.35,-59.35,0,10.62
495450,448,447.84,-60.94,-60.94,0,10.62
495455,450,450.03,-62.08,-62.08,0,10.62
495460,439,439.16,-62.81,-62.81,0,10.62
495465,459,458.96,-63.18,-62.81,0,10.62
495470,454,453.85,-63.23,-62.81,0,10.62
495475,465,465.04,-63.0,-62.81,0,10.62
495480,465,465.14,-62.55,-62.55,0,10.62
495485,469,468.95,-61.93,-61.93,0,10.62
495490,471,470.87,-61.18,-61.18,0,10.62
495495,473,473.06,-60.35,-60.35,0,10.62
495500,477,477.12,-59.48,-59.48,0,10.62
495505,479,478.94,-58.62,-58.62,0,10.62
495510,476,475.89,-57.79,-57.79,0,10.62
495515,478,478.06,-57.04,-57.04,0,10.62
495520,478,478.11,-56.39,-56.39,0,10.62
495525,479,478.94,-55.88,-55.88,0,10.62
495530,477,476.89,-55.51,-55.51,0,10.62
495535,478,478.06,-55.32,-55.51,0,10.62
495540,476,476.11,-55.31,-55.51,0,10.62
495545,473,472.94,-55.5,-55.51,0,10.62
495550,471,470.89,-55.89,-55.89,0,10.62
495555,466,466.06,-56.49,-56.49,0,10.62
495560,467,467.12,-57.29,-57.29,0,10.62
495565,463,462.94,-58.29,-58.29,0,10.62
495570,460,459.87,-59.49,-59.49,0,10.62
495575,460,460.06,-60.88,-60.88,0,10.62
495580,456,456.14,-62.44,-62.44,0,10.62
495585,452,451.94,-64.17,-64.17,0,10.62
495590,450,449.85,-66.05,-66.05,0,10.62
495595,448,448.07,-68.06,-68.06,0,10.62
495600,443,443.16,-70.19,-70.19,0,10.62
495605,441,440.93,-72.42,-72.42,0,10.62
495610,442,441.84,-74.74,-74.74,0,10.62
495615,439,439.08,-77.11,-77.11,0,10.62
495620,437,437.17,-79.52,-79.52,0,10.62
495625,437,436.9,-81.95,-81.95,0,10.62
495630,436,435.83,-84.38,-84.38,0,10.62
495635,433,433.11,-86.79,-86.79,0,10.62
495640,433,433.17,-89.15,-89.15,0,10.62
495645,431,430.89,-91.43,-91.43,0,10.62
495650,432,431.83,-93.62,-93.62,0,10.62
495655,430,430.12,-95.68,-95.68,0,10.62
495660,429,429.17,-97.58,-97.58,0,10.62
495665,431,430.87,-99.31,-99.31,0,10.62
495670,433,432.83,-100.82,-100.82,0,10.62
495675,429,429.14,-102.09,-102.09,0,10.62
495680,430,430.16,-103.08,-103.08,0,10.62
495685,430,429.86,-103.76,-103.59,0,10.62
495690,428,427.85,-104.1,-103.59,0,10.62
495695,429,429.15,-104.05,-103.59,0,10.62
495700,429,429.15,-103.59,-103.59,0,10.62
495705,432,431.85,-102.66,-102.66,0,10.62
495710,429,428.86,-101.24,-101.24,0,10.62
495715,428,428.15,-99.29,-99.29,0,10.62
495720,430,430.14,-96.77,-96.77,0,10.62
495725,430,429.86,-93.65,-93.65,0,10.62
495730,428,427.87,-89.89,-89.89,0,10.62
495735,430,430.14,-85.46,-85.46,0,10.62
495740,430,430.13,-80.33,-80.33,0,10.62
495745,429,428.87,-74.49,-74.49,0,10.62
495750,431,430.86,-67.91,-67.91,0,10.62
495755,430,430.12,-60.58,-60.58,0,10.62
495760,430,430.14,-52.51,-52.51,0,10.62
495765,431,430.88,-43.69,-43.69,0,10.62
495770,432,431.86,-34.14,-34.14,0,10.62
495775,434,434.12,-23.9,-23.9,0,10.62
495780,442,442.14,-12.99,-12.99,0,10.62
495785,451,450.89,-1.48,-1.48,0,10.62
495790,464,463.86,10.58,10.58,0,10.62
495795,479,479.1,23.1,23.1,0,10.62
495800,498,498.15,36.0,36.0,0,10.62
495805,522,521.91,49.16,49.16,0,10.62
495810,547,546.86,62.47,62.47,0,10.62
495815,573,573.08,75.81,75.81,0,10.62
495820,602,602.14,89.05,89.05,0,10.62
495825,627,626.93,102.06,102.06,0,10.62
495830,655,654.85,114.7,114.7,0,10.62
495835,677,677.06,126.84,126.84,0,10.62
495840,700,700.14,138.36,138.36,0,10.62
495845,718,717.95,149.15,149.15,0,10.62
495850,735,734.85,159.08,159.08,0,10.62
495855,748,748.04,168.07,168.07,0,10.62
495860,758,758.15,176.04,176.04,0,10.62
495865,763,762.96,182.9,182.9,0,10.62
495870,771,770.85,188.62,188.62,0,10.62
495875,770,770.03,193.15,193.15,0,10.62
495880,770,770.14,196.46,196.46,0,10.62
495885,767,766.97,198.55,197.6,0,10.62
495890,761,760.86,199.42,197.6,0,10.62
495895,755,755.02,199.09,197.6,0,10.62
495900,745,745.14,197.6,197.6,0,10.62
495905,735,734.98,194.99,194.99,0,10.62
495910,726,725.86,191.3,191.3,0,10.62
495915,714,714.01,186.61,186.61,0,10.62
495920,702,702.14,180.97,180.97,0,10.62
495925,690,689.99,174.47,174.47,0,10.62
495930,679,678.87,167.19,167.19,0,10.62
495935,668,668.01,159.19,159.19,0,10.62
495940,655,655.13,150.58,150.58,0,10.62
495945,646,645.98,141.43,141.43,0,10.62
495950,636,635.88,131.83,131.83,0,10.62
495955,626,626.02,121.86,121.86,0,10.62
495960,616,616.11,111.61,111.61,0,10.62
495965,604,603.98,101.16,101.16,0,10.62
495970,596,595.9,90.58,90.58,0,10.62
495975,585,585.03,79.96,79.96,0,10.62
495980,575,575.09,69.37,69.37,0,10.62
495985,565,564.97,58.88,58.88,0,10.62
495990,555,554.91,48.56,48.56,0,10.62
495995,543,543.04,38.47,38.47,0,10.62
496000,536,536.08,28.68,28.68,0,10.62
496005,523,522.96,19.23,19.23,0,10.62
496010,510,509.93,10.18,10.18,0,10.62
496015,503,503.05,1.57,1.57,0,10.62
496020,491,491.08,-6.55,-6.55,0,10.62
496025,483,482.95,-14.15,-14.15,0,10.62
496030,475,474.92,-21.21,-21.21,0,10.62
496035,469,469.06,-27.71,-27.71,0,10.62
496040,463,463.08,-33.63,-33.63,0,10.62
496045,458,457.93,-38.96,-38.96,0,10.62
496050,454,453.92,-43.71,-43.71,0,10.62
496055,453,453.08,-47.88,-47.88,0,10.62
496060,451,451.09,-51.49,-51.49,0,10.62
496065,448,447.91,-54.55,-54.55,0,10.62
496070,450,449.91,-57.1,-57.1,0,10.62
496075,450,450.1,-59.16,-59.16,0,10.62
496080,450,450.1,-60.77,-60.77,0,10.62
496085,454,453.88,-61.96,-61.96,0,10.62
496090,457,456.9,-62.77,-62.77,0,10.62
496095,457,457.13,-63.26,-63.21,0,10.62
496100,462,462.1,-63.47,-63.21,0,10.62
496105,464,463.85,-63.43,-63.21,0,10.62
496110,467,466.9,-63.21,-63.21,0,10.62
496115,469,469.16,-62.83,-62.83,0,10.62
496120,471,471.1,-62.36,-62.36,0,10.62
496125,475,474.83,-61.82,-61.82,0,10.62
496130,474,473.9,-61.26,-61.26,0,10.62
496135,474,474.18,-60.71,-60.71,0,10.62
496140,475,475.1,-60.21,-60.21,0,10.62
496145,474,473.82,-59.78,-59.78,0,10.62
496150,474,473.9,-59.45,-59.45,0,10.62
496155,472,472.19,-59.24,-59.45,0,10.62
496160,471,471.1,-59.17,-59.45,0,10.62
496165,465,464.8,-59.26,-59.45,0,10.62
496170,467,466.9,-59.5,-59.5,0,10.62
496175,461,461.21,-59.92,-59.92,0,10.62
496180,463,463.1,-60.51,-60.51,0,10.62
496185,462,461.78,-61.28,-61.28,0,10.62
496190,457,456.89,-62.22,-62.22,0,10.62
496195,454,454.22,-63.33,-63.33,0,10.62
496200,453,453.11,-64.62,-64.62,0,10.62
496205,452,451.78,-66.06,-66.06,0,10.62
496210,449,448.88,-67.66,-67.66,0,10.62
496215,447,447.22,-69.39,-69.39,0,10.62
496220,444,444.12,-71.25,-71.25,0,10.62
496225,444,443.78,-73.23,-73.23,0,10.62
496230,441,440.88,-75.3,-75.3,0,10.62
496235,441,441.22,-77.46,-77.46,0,10.62
496240,437,437.13,-79.67,-79.67,0,10.62
496245,435,434.78,-81.94,-81.94,0,10.62
496250,437,436.87,-84.22,-84.22,0,10.62
496255,430,430.22,-86.51,-86.51,0,10.62
496260,430,430.12,-88.77,-88.77,0,10.62
496265,430,429.78,-90.99,-90.99,0,10.62
496270,429,428.88,-93.14,-93.14,0,10.62
496275,430,430.22,-95.19,-95.19,0,10.62
496280,427,427.11,-97.11,-97.11,0,10.62
496285,428,427.77,-98.88,-98.88,0,10.62
496290,426,425.9,-100.47,-100.47,0,10.62
496295,426,426.23,-101.85,-101.85,0,10.62
496300,426,426.09,-102.97,-102.97,0,10.62
496305,427,426.77,-103.82,-103.82,0,10.62
496310,422,421.91,-104.35,-103.82,0,10.62
496315,426,426.23,-104.53,-103.82,0,10.62
496320,426,426.09,-104.31,-103.82,0,10.62
496325,425,424.77,-103.68,-103.68,0,10.62
496330,426,425.9,-102.58,-102.58,0,10.62
496335,422,422.24,-100.98,-100.98,0,10.62
496340,427,427.1,-98.84,-98.84,0,10.62
496345,426,425.77,-96.13,-96.13,0,10.62
496350,430,429.89,-92.81,-92.81,0,10.62
496355,425,425.23,-88.86,-88.86,0,10.62
496360,426,426.11,-84.24,-84.24,0,10.62
496365,427,426.78,-78.93,-78.93,0,10.62
496370,426,425.9,-72.9,-72.9,0,10.62
496375,427,427.21,-66.14,-66.14,0,10.62
496380,427,427.1,-58.65,-58.65,0,10.62
496385,429,428.8,-50.42,-50.42,0,10.62
496390,427,426.9,-41.47,-41.47,0,10.62
496395,431,431.19,-31.8,-31.8,0,10.62
496400,433,433.11,-21.45,-21.45,0,10.62
496405,441,440.82,-10.47,-10.47,0,10.62
496410,452,451.9,1.1,1.1,0,10.62
496415,465,465.18,13.18,13.18,0,10.62
496420,481,481.1,25.7,25.7,0,10.62
496425,502,501.84,38.55,38.55,0,10.62
496430,526,525.9,51.64,51.64,0,10.62
496435,548,548.16,64.85,64.85,0,10.62
496440,576,576.09,78.06,78.06,0,10.62
496445,602,601.85,91.13,91.13,0,10.62
496450,629,628.92,103.95,103.95,0,10.62
496455,651,651.14,116.37,116.37,0,10.62
496460,673,673.07,128.28,128.28,0,10.62
496465,697,696.88,139.55,139.55,0,10.62
496470,715,714.94,150.06,150.06,0,10.62
496475,731,731.11,159.72,159.72,0,10.62
496480,745,745.04,168.43,168.43,0,10.62
496485,752,751.9,176.12,176.12,0,10.62
496490,761,760.97,182.71,182.71,0,10.62
496495,763,763.08,188.15,188.15,0,10.62
496500,760,760.01,192.42,192.42,0,10.62
496505,765,764.93,195.48,195.48,0,10.62
496510,744,744.0,197.34,195.84,0,10.62
496515,753,753.05,198.01,195.84,0,10.62
496520,743,743.0,197.5,195.84,0,10.62
496525,737,736.96,195.84,195.84,0,10.62
496530,727,726.99,193.08,193.08,0,10.62
496535,716,716.02,189.27,189.27,0,10.62
496540,708,708.02,184.47,184.47,0,10.62
496545,695,695.0,178.75,178.75,0,10.62
496550,683,682.97,172.17,172.17,0,10.62
496555,674,673.98,164.82,164.82,0,10.62
496560,663,663.05,156.78,156.78,0,10.62
496565,652,652.04,148.13,148.13,0,10.62
496570,640,639.93,138.95,138.95,0,10.62
496575,629,628.94,129.32,129.32,0,10.62
496580,620,620.09,119.34,119.34,0,10.62
496585,607,607.08,109.08,109.08,0,10.62
496590,599,598.89,98.63,98.63,0,10.62
496595,589,588.9,88.07,88.07,0,10.62
496600,578,578.13,77.47,77.47,0,10.62
496605,565,565.11,66.92,66.92,0,10.62
496610,556,555.85,56.48,56.48,0,10.62
496615,551,550.88,46.21,46.21,0,10.62
496620,535,535.18,36.2,36.2,0,10.62
496625,522,522.12,26.49,26.49,0,10.62
496630,512,511.8,17.15,17.15,0,10.62
496635,503,502.89,8.22,8.22,0,10.62
496640,491,491.23,-0.25,-0.25,0,10.62
496645,482,482.1,-8.22,-8.22,0,10.62
496650,473,472.75,-15.66,-15.66,0,10.62
496655,462,461.91,-22.54,-22.54,0,10.62
496660,458,458.28,-28.84,-28.84,0,10.62
496665,454,454.09,-34.56,-34.56,0,10.62
496670,450,449.69,-39.69,-39.69,0,10.62
496675,446,445.91,-44.22,-44.22,0,10.62
496680,444,444.33,-48.18,-48.18,0,10.62
496685,441,441.09,-51.58,-51.58,0,10.62
496690,447,446.64,-54.45,-54.45,0,10.62
496695,445,444.92,-56.8,-56.8,0,10.62
496700,445,445.38,-58.68,-58.68,0,10.62
496705,449,449.08,-60.13,-60.13,0,10.62
496710,450,449.61,-61.18,-61.18,0,10.62
496715,454,453.93,-61.89,-61.89,0,10.62
496720,456,456.41,-62.28,-62.1,0,10.62
496725,457,457.07,-62.42,-62.1,0,10.62
496730,484,483.59,-62.35,-62.1,0,10.62
496735,461,460.94,-62.1,-62.1,0,10.62
496740,465,465.38,-61.73,-61.73,0,10.62
496745,466,466.05,-61.28,-61.28,0,10.62
496750,466,465.66,-60.78,-60.78,0,10.62
496755,469,468.95,-60.26,-60.26,0,10.62
496760,468,468.3,-59.76,-59.76,0,10.62
496765,469,469.04,-59.3,-59.3,0,10.62
496770,468,467.73,-58.92,-58.92,0,10.62
496775,467,466.96,-58.62,-58.62,0,10.62
496780,466,466.23,-58.44,-58.62,0,10.62
496785,464,464.03,-58.37,-58.62,0,10.62
496790,460,459.8,-58.44,-58.62,0,10.62
496795,460,459.97,-58.64,-58.64,0,10.62
496800,456,456.16,-58.99,-58.99,0,10.62
496805,455,455.02,-59.49,-59.49,0,10.62
496810,450,449.87,-60.13,-60.13,0,10.62
496815,448,447.98,-60.91,-60.91,0,10.62
496820,458,458.11,-61.84,-61.84,0,10.62
496825,444,444.01,-62.89,-62.89,0,10.62
496830,441,440.89,-64.07,-64.07,0,10.62
496835,440,439.99,-65.36,-65.36,0,10.62
496840,438,438.12,-66.76,-66.76,0,10.62
496845,436,436.01,-68.25,-68.25,0,10.62
496850,435,434.88,-69.83,-69.83,0,10.62
496855,433,432.99,-71.48,-71.48,0,10.62
496860,432,432.13,-73.2,-73.2,0,10.62
496865,430,430.0,-74.96,-74.96,0,10.62
496870,430,429.86,-76.76,-76.76,0,10.62
496875,428,428.0,-78.58,-78.58,0,10.62
496880,425,425.14,-80.42,-80.42,0,10.62
496885,426,426.0,-82.26,-82.26,0,10.62
496890,425,424.85,-84.09,-84.09,0,10.62
496895,424,424.01,-85.89,-85.89,0,10.62
496900,424,424.15,-87.65,-87.65,0,10.62
496905,424,423.99,-89.35,-89.35,0,10.62
496910,425,424.85,-90.99,-90.99,0,10.62
496915,425,425.01,-92.53,-92.53,0,10.62
496920,421,421.15,-93.97,-93.97,0,10.62
496925,423,422.99,-95.29,-95.29,0,10.62
496930,423,422.86,-96.47,-96.47,0,10.62
496935,425,425.02,-97.48,-97.48,0,10.62
496940,427,427.14,-98.3,-98.3,0,10.62
496945,426,425.97,-98.91,-98.91,0,10.62
496950,426,425.86,-99.28,-98.91,0,10.62
496955,422,422.04,-99.38,-98.91,0,10.62
496960,426,426.14,-99.19,-98.91,0,10.62
496965,427,426.97,-98.67,-98.67,0,10.62
496970,427,426.86,-97.79,-97.79,0,10.62
496975,428,428.03,-96.53,-96.53,0,10.62
496980,429,429.15,-94.83,-94.83,0,10.62
496985,429,428.97,-92.68,-92.68,0,10.62
496990,429,428.85,-90.03,-90.03,0,10.62
496995,428,428.02,-86.86,-86.86,0,10.62
497000,430,430.16,-83.13,-83.13,0,10.62
497005,428,427.98,-78.81,-78.81,0,10.62
497010,429,428.84,-73.87,-73.87,0,10.62
497015,429,429.01,-68.3,-68.3,0,10.62
497020,428,428.17,-62.07,-62.07,0,10.62
497025,428,427.99,-55.17,-55.17,0,10.62
497030,428,427.82,-47.6,-47.6,0,10.62
497035,428,428.0,-39.34,-39.34,0,10.62
497040,429,429.18,-30.43,-30.43,0,10.62
497045,435,435.0,-20.87,-20.87,0,10.62
497050,438,437.81,-10.71,-10.71,0,10.62
497055,444,443.99,0.02,0.02,0,10.62
497060,455,455.2,11.25,11.25,0,10.62
497065,469,469.03,22.92,22.92,0,10.62
497070,488,487.8,34.94,34.94,0,10.62
497075,506,505.96,47.21,47.21,0,10.62
497080,527,527.2,59.64,59.64,0,10.62
497085,554,554.05,72.1,72.1,0,10.62
497090,583,582.81,84.47,84.47,0,10.62
497095,609,608.94,96.62,96.62,0,10.62
497100,634,634.18,108.44,108.44,0,10.62
497105,658,658.07,119.79,119.79,0,10.62
497110,679,678.82,130.55,130.55,0,10.62
497115,699,698.91,140.61,140.61,0,10.62
497120,711,711.16,149.87,149.87,0,10.62
497125,722,722.09,158.22,158.22,0,10.62
497130,735,734.85,165.59,165.59,0,10.62
497135,742,741.91,171.91,171.91,0,10.62
497140,746,746.14,177.12,177.12,0,10.62
497145,749,749.09,181.18,181.18,0,10.62
497150,746,745.87,184.08,184.08,0,10.62
497155,744,743.91,185.8,184.08,0,10.62
497160,738,738.11,186.34,184.08,0,10.62
497165,730,730.09,185.72,184.08,0,10.62
497170,725,724.9,183.97,183.97,0,10.62
497175,714,713.91,181.14,181.14,0,10.62
497180,701,701.08,177.26,177.26,0,10.62
497185,692,692.08,172.41,172.41,0,10.62
497190,679,678.93,166.65,166.65,0,10.62
497195,669,668.92,160.06,160.06,0,10.62
497200,658,658.05,152.7,152.7,0,10.62
497205,647,647.08,144.66,144.66,0,10.62
497210,637,636.97,136.03,136.03,0,10.62
497215,627,626.93,126.89,126.89,0,10.62
497220,615,615.01,117.32,117.32,0,10.62
497225,605,605.07,107.42,107.42,0,10.62
497230,595,595.01,97.26,97.26,0,10.62
497235,584,583.94,86.93,86.93,0,10.62
497240,575,574.97,76.52,76.52,0,10.62
497245,563,563.06,66.11,66.11,0,10.62
497250,549,549.04,55.77,55.77,0,10.62
497255,542,541.95,45.57,45.57,0,10.62
497260,531,530.94,35.6,35.6,0,10.62
497265,519,519.05,25.92,25.92,0,10.62
497270,512,512.06,16.58,16.58,0,10.62
497275,496,495.96,7.65,7.65,0,10.62
497280,485,484.92,-0.82,-0.82,0,10.62
497285,476,476.04,-8.79,-8.79,0,10.62
497290,466,466.1,-16.21,-16.21,0,10.62
497295,457,456.97,-23.05,-23.05,0,10.62
497300,456,455.88,-29.3,-29.3,0,10.62
497305,442,442.03,-34.93,-34.93,0,10.62
497310,441,441.13,-39.94,-39.94,0,10.62
497315,438,437.98,-44.32,-44.32,0,10.62
497320,437,436.87,-48.09,-48.09,0,10.62
497325,437,437.02,-51.26,-51.26,0,10.62
497330,435,435.14,-53.85,-53.85,0,10.62
497335,438,437.99,-55.9,-55.9,0,10.62
497340,442,441.86,-57.44,-57.44,0,10.62
497345,443,443.0,-58.5,-58.5,0,10.62
497350,448,448.14,-59.15,-59.02,0,10.62
497355,451,451.01,-59.41,-59.02,0,10.62
497360,455,454.86,-59.35,-59.02,0,10.62
497365,459,458.99,-59.02,-59.02,0,10.62
497370,463,463.15,-58.46,-58.46,0,10.62
497375,467,467.02,-57.74,-57.74,0,10.62
497380,471,470.85,-56.89,-56.89,0,10.62
497385,473,472.97,-55.97,-55.97,0,10.62
497390,473,473.15,-55.03,-55.03,0,10.62
497395,476,476.04,-54.1,-54.1,0,10.62
497400,476,475.86,-53.23,-53.23,0,10.62
497405,476,475.95,-52.45,-52.45,0,10.62
497410,475,475.14,-51.78,-51.78,0,10.62
497415,476,476.06,-51.26,-51.26,0,10.62
497420,474,473.87,-50.91,-51.02,0,10.62
497425,472,471.93,-50.75,-51.02,0,10.62
497430,472,472.13,-50.78,-51.02,0,10.62
497435,470,470.08,-51.02,-51.02,0,10.62
497440,468,467.87,-51.47,-51.47,0,10.62
497445,466,465.9,-52.13,-52.13,0,10.62
497450,461,461.12,-53.01,-53.01,0,10.62
497455,458,458.11,-54.09,-54.09,0,10.62
497460,458,457.88,-55.37,-55.37,0,10.62
497465,453,452.88,-56.84,-56.84,0,10.62
497470,450,450.11,-58.48,-58.48,0,10.62
497475,448,448.13,-60.29,-60.29,0,10.62
497480,445,444.91,-62.24,-62.24,0,10.62
497485,444,443.85,-64.31,-64.31,0,10.62
497490,445,445.09,-66.5,-66.5,0,10.62
497495,437,437.16,-68.77,-68.77,0,10.62
497500,434,433.91,-71.1,-71.1,0,10.62
497505,432,431.84,-73.48,-73.48,0,10.62
497510,432,432.09,-75.88,-75.88,0,10.62
497515,430,430.18,-78.27,-78.27,0,10.62
497520,430,429.9,-80.64,-80.64,0,10.62
497525,430,429.81,-82.96,-82.96,0,10.62
497530,427,427.11,-85.2,-85.2,0,10.62
497535,426,426.19,-87.34,-87.34,0,10.62
497540,427,426.89,-89.36,-89.36,0,10.62
497545,427,426.8,-91.21,-91.21,0,10.62
497550,426,426.11,-92.89,-92.89,0,10.62
497555,428,428.21,-94.35,-94.35,0,10.62
497560,427,426.88,-95.58,-95.58,0,10.62
497565,428,427.79,-96.53,-96.53,0,10.62
497570,428,428.12,-97.17,-96.94,0,10.62
497575,429,429.22,-97.48,-96.94,0,10.62
497580,428,427.88,-97.41,-96.94,0,10.62
497585,427,426.77,-96.94,-96.94,0,10.62
497590,426,426.13,-96.02,-96.02,0,10.62
497595,429,429.25,-94.62,-94.62,0,10.62
497600,428,427.87,-92.71,-92.71,0,10.62
497605,426,425.74,-90.25,-90.25,0,10.62
497610,426,426.13,-87.2,-87.2,0,10.62
497615,427,427.29,-83.54,-83.54,0,10.62
497620,421,420.87,-79.23,-79.23,0,10.62
497625,426,425.69,-74.25,-74.25,0,10.62
497630,427,427.14,-68.59,-68.59,0,10.62
497635,426,426.34,-62.22,-62.22,0,10.62
497640,427,426.85,-55.14,-55.14,0,10.62
497645,426,425.64,-47.34,-47.34,0,10.62
497650,428,428.16,-38.85,-38.85,0,10.62
497655,428,428.39,-29.66,-29.66,0,10.62
497660,433,432.82,-19.83,-19.83,0,10.62
497665,439,438.59,-9.38,-9.38,0,10.62
497670,447,447.19,1.63,1.63,0,10.62
497675,461,461.45,13.14,13.14,0,10.62
497680,476,475.8,25.06,25.06,0,10.62
497685,497,496.53,37.29,37.29,0,10.62
497690,518,518.22,49.75,49.75,0,10.62
497695,535,535.5,62.31,62.31,0,10.62
497700,569,568.77,74.86,74.86,0,10.62
497705,597,596.49,87.26,87.26,0,10.62
497710,619,619.25,99.39,99.39,0,10.62
497715,643,643.51,111.12,111.12,0,10.62
497720,668,667.74,122.33,122.33,0,10.62
497725,688,687.48,132.89,132.89,0,10.62
497730,702,702.27,142.7,142.7,0,10.62
497735,720,720.51,151.64,151.64,0,10.62
497740,732,731.73,159.64,159.64,0,10.62
497745,741,740.48,166.61,166.61,0,10.62
497750,746,746.27,172.49,172.49,0,10.62
497755,743,743.51,177.23,177.23,0,10.62
497760,749,748.72,180.81,180.81,0,10.62
497765,746,745.49,183.19,183.19,0,10.62
497770,741,741.28,184.38,183.19,0,10.62
497775,738,738.5,184.39,183.19,0,10.62
497780,727,726.72,183.24,183.19,0,10.62
497785,725,724.51,180.97,180.97,0,10.62
497790,710,710.28,177.62,177.62,0,10.62
497795,698,698.47,173.24,173.24,0,10.62
497800,687,686.71,167.91,167.91,0,10.62
497805,676,675.54,161.68,161.68,0,10.62
497810,666,666.3,154.65,154.65,0,10.62
497815,664,664.45,146.89,146.89,0,10.62
497820,642,641.69,138.48,138.48,0,10.62
497825,630,629.54,129.51,129.51,0,10.62
497830,605,605.32,120.07,120.07,0,10.62
497835,609,609.47,110.25,110.25,0,10.62
497840,602,601.7,100.14,100.14,0,10.62
497845,590,589.51,89.82,89.82,0,10.62
497850,580,580.27,79.37,79.37,0,10.62
497855,571,571.51,68.88,68.88,0,10.62
497860,558,557.76,58.42,58.42,0,10.62
497865,547,546.47,48.09,48.09,0,10.62
497870,535,535.21,37.93,37.93,0,10.62
497875,515,515.55,28.04,28.04,0,10.62
497880,515,514.82,18.47,18.47,0,10.62
497885,502,501.44,9.28,9.28,0,10.62
497890,491,491.15,0.53,0.53,0,10.62
497895,480,480.56,-7.73,-7.73,0,10.62
497900,471,470.88,-15.48,-15.48,0,10.62
497905,464,463.44,-22.66,-22.66,0,10.62
497910,455,455.08,-29.25,-29.25,0,10.62
497915,444,444.56,-35.24,-35.24,0,10.62
497920,446,445.95,-40.62,-40.62,0,10.62
497925,440,439.45,-45.38,-45.38,0,10.62
497930,440,440.01,-49.52,-49.52,0,10.62
497935,438,438.55,-53.07,-53.07,0,10.62
497940,438,438.03,-56.04,-56.04,0,10.62
497945,440,439.46,-58.45,-58.45,0,10.62
497950,442,441.94,-60.35,-60.35,0,10.62
497955,444,444.53,-61.76,-61.76,0,10.62
497960,447,447.09,-62.73,-62.73,0,10.62
497965,449,448.47,-63.3,-63.13,0,10.62
497970,454,453.87,-63.53,-63.13,0,10.62
497975,457,457.53,-63.45,-63.13,0,10.62
497980,459,459.16,-63.13,-63.13,0,10.62
497985,464,463.47,-62.6,-62.6,0,10.62
497990,469,468.81,-61.92,-61.92,0,10.62
497995,467,467.53,-61.14,-61.14,0,10.62
498000,470,470.21,-60.29,-60.29,0,10.62
498005,473,472.47,-59.42,-59.42,0,10.62
498010,483,482.78,-58.57,-58.57,0,10.62
498015,474,474.53,-57.78,-57.78,0,10.62
498020,473,473.23,-57.06,-57.06,0,10.62
498025,472,471.47,-56.46,-56.46,0,10.62
498030,478,477.78,-55.98,-55.98,0,10.62
498035,469,469.53,-55.64,-55.64,0,10.62
498040,468,468.2,-55.47,-55.64,0,10.62
498045,465,464.47,-55.46,-55.64,0,10.62
498050,464,463.83,-55.63,-55.64,0,10.62
498055,459,459.54,-55.97,-55.97,0,10.62
498060,459,459.15,-56.48,-56.48,0,10.62
498065,458,457.46,-57.17,-57.17,0,10.62
498070,457,456.87,-58.03,-58.03,0,10.62
498075,452,452.54,-59.05,-59.05,0,10.62
498080,446,446.1,-60.22,-60.22,0,10.62
498085,447,446.46,-61.54,-61.54,0,10.62
498090,446,445.94,-62.98,-62.98,0,10.62
498095,427,427.53,-64.55,-64.55,0,10.62
498100,442,442.02,-66.22,-66.22,0,10.62
498105,436,435.49,-68.0,-68.0,0,10.62
498110,439,439.02,-69.85,-69.85,0,10.62
498115,436,436.47,-71.78,-71.78,0,10.62
498120,435,434.94,-73.77,-73.77,0,10.62
498125,434,433.55,-75.8,-75.8,0,10.62
498130,433,433.11,-77.87,-77.87,0,10.62
498135,431,431.42,-79.96,-79.96,0,10.62
498140,430,429.85,-82.05,-82.05,0,10.62
498145,434,433.61,-84.13,-84.13,0,10.62
498150,432,432.2,-86.19,-86.19,0,10.62
498155,430,430.35,-88.2,-88.2,0,10.62
498160,447,446.76,-90.14,-90.14,0,10.62
498165,428,427.68,-92.0,-92.0,0,10.62
498170,429,429.25,-93.74,-93.74,0,10.62
498175,428,428.28,-95.35,-95.35,0,10.62
498180,428,427.74,-96.79,-96.79,0,10.62
498185,428,427.75,-98.04,-98.04,0,10.62
498190,428,428.27,-99.06,-99.06,0,10.62
498195,427,427.22,-99.82,-99.82,0,10.62
498200,429,428.72,-100.29,-99.82,0,10.62
498205,427,426.81,-100.42,-99.82,0,10.62
498210,429,429.29,-100.19,-99.82,0,10.62
498215,429,429.16,-99.55,-99.55,0,10.62
498220,428,427.71,-98.46,-98.46,0,10.62
498225,428,427.87,-96.89,-96.89,0,10.62
498230,428,428.31,-94.79,-94.79,0,10.62
498235,427,427.1,-92.13,-92.13,0,10.62
498240,429,428.68,-88.86,-88.86,0,10.62
498245,434,433.93,-84.96,-84.96,0,10.62
498250,426,426.33,-80.38,-80.38,0,10.62
498255,427,427.03,-75.09,-75.09,0,10.62
498260,426,425.67,-69.08,-69.08,0,10.62
498265,425,425.02,-62.32,-62.32,0,10.62
498270,425,425.34,-54.8,-54.8,0,10.62
498275,426,425.94,-46.51,-46.51,0,10.62
498280,427,426.65,-37.45,-37.45,0,10.62
498285,427,427.11,-27.65,-27.65,0,10.62
498290,430,430.36,-17.13,-17.13,0,10.62
498295,438,437.86,-5.93,-5.93,0,10.62
498300,449,448.64,5.9,5.9,0,10.62
498305,464,464.19,18.28,18.28,0,10.62
498310,481,481.37,31.14,31.14,0,10.62
498315,500,499.77,44.37,44.37,0,10.62
498320,526,525.63,57.88,57.88,0,10.62
498325,552,552.29,71.55,71.55,0,10.62
498330,576,576.37,85.24,85.24,0,10.62
498335,606,605.66,98.82,98.82,0,10.62
498340,634,633.63,112.17,112.17,0,10.62
498345,661,661.39,125.14,125.14,0,10.62
498350,684,684.37,137.61,137.61,0,10.62
498355,705,704.54,149.45,149.45,0,10.62
498360,725,724.63,160.53,160.53,0,10.62
498365,741,741.51,170.75,170.75,0,10.62
498370,753,753.37,180.02,180.02,0,10.62
498375,786,785.43,188.25,188.25,0,10.62
498380,769,768.63,195.37,195.37,0,10.62
498385,772,772.58,201.32,201.32,0,10.62
498390,772,772.37,206.09,206.09,0,10.62
498395,772,771.41,209.64,209.64,0,10.62
498400,766,765.62,211.96,211.73,0,10.62
498405,753,753.59,213.07,211.73,0,10.62
498410,753,753.38,212.98,211.73,0,10.62
498415,751,750.43,211.73,211.73,0,10.62
498420,738,737.62,209.35,209.35,0,10.62
498425,728,728.54,205.9,205.9,0,10.62
498430,715,715.38,201.42,201.42,0,10.62
498435,709,708.49,196.0,196.0,0,10.62
498440,692,691.62,189.68,189.68,0,10.62
498445,687,687.48,182.56,182.56,0,10.62
498450,677,677.38,174.69,174.69,0,10.62
498455,667,666.54,166.17,166.17,0,10.62
498460,655,654.61,157.06,157.06,0,10.62
498465,646,646.43,147.46,147.46,0,10.62
498470,638,638.41,137.43,137.43,0,10.62
498475,627,626.6,127.06,127.06,0,10.62
498480,616,615.57,116.43,116.43,0,10.62
498485,609,609.37,105.61,105.61,0,10.62
498490,596,596.45,94.68,94.68,0,10.62
498495,584,583.65,83.71,83.71,0,10.62
498500,576,575.52,72.77,72.77,0,10.62
498505,565,565.33,61.94,61.94,0,10.62
498510,552,552.5,51.27,51.27,0,10.62
498515,542,541.68,40.84,40.84,0,10.62
498520,530,529.47,30.69,30.69,0,10.62
498525,518,518.31,20.9,20.9,0,10.62
498530,507,507.55,11.5,11.5,0,10.62
498535,493,492.7,2.54,2.54,0,10.62
498540,484,483.42,-5.93,-5.93,0,10.62
498545,475,475.29,-13.89,-13.89,0,10.62
498550,464,464.6,-21.3,-21.3,0,10.62
498555,459,458.72,-28.14,-28.14,0,10.62
498560,470,469.38,-34.4,-34.4,0,10.62
498565,443,443.28,-40.08,-40.08,0,10.62
498570,443,443.61,-45.17,-45.17,0,10.62
498575,439,438.73,-49.67,-49.67,0,10.62
498580,439,438.41,-53.61,-53.61,0,10.62
498585,438,438.26,-56.99,-56.99,0,10.62
498590,438,438.57,-59.85,-59.85,0,10.62
498595,438,437.75,-62.21,-62.21,0,10.62
498600,440,439.45,-64.12,-64.12,0,10.62
498605,445,445.24,-65.6,-65.6,0,10.62
498610,444,444.53,-66.7,-66.7,0,10.62
498615,449,448.76,-67.46,-67.46,0,10.62
498620,452,451.48,-67.93,-67.93,0,10.62
498625,453,453.24,-68.15,-67.93,0,10.62
498630,457,457.5,-68.17,-67.93,0,10.62
498635,458,457.76,-68.03,-67.93,0,10.62
498640,461,460.52,-67.77,-67.77,0,10.62
498645,461,461.24,-67.43,-67.43,0,10.62
498650,462,462.47,-67.06,-67.06,0,10.62
498655,463,462.76,-66.67,-66.67,0,10.62
498660,463,462.55,-66.31,-66.31,0,10.62
498665,462,462.24,-65.99,-65.99,0,10.62
498670,460,460.43,-65.75,-65.75,0,10.62
498675,460,459.77,-65.59,-65.75,0,10.62
498680,458,457.58,-65.54,-65.75,0,10.62
498685,455,455.23,-65.6,-65.75,0,10.62
498690,454,454.4,-65.79,-65.79,0,10.62
498695,451,450.77,-66.1,-66.1,0,10.62
498700,449,448.61,-66.53,-66.53,0,10.62
498705,445,445.23,-67.1,-67.1,0,10.62
498710,442,442.37,-67.78,-67.78,0,10.62
498715,441,440.78,-68.59,-68.59,0,10.62
498720,437,436.64,-69.5,-69.5,0,10.62
498725,435,435.22,-70.52,-70.52,0,10.62
498730,434,434.34,-71.63,-71.63,0,10.62
498735,430,429.78,-72.83,-72.83,0,10.62
498740,429,428.67,-74.09,-74.09,0,10.62
498745,424,424.21,-75.43,-75.43,0,10.62
498750,423,423.32,-76.81,-76.81,0,10.62
498755,423,422.79,-78.24,-78.24,0,10.62
498760,419,418.69,-79.7,-79.7,0,10.62
498765,419,419.2,-81.19,-81.19,0,10.62
498770,418,418.3,-82.69,-82.69,0,10.62
498775,417,416.81,-84.2,-84.2,0,10.62
498780,416,415.7,-85.71,-85.71,0,10.62
498785,413,413.18,-87.21,-87.21,0,10.62
498790,413,413.29,-88.71,-88.71,0,10.62
498795,411,410.83,-90.18,-90.18,0,10.62
498800,409,408.72,-91.62,-91.62,0,10.62
498805,407,407.15,-93.04,-93.04,0,10.62
498810,410,410.28,-94.42,-94.42,0,10.62
498815,411,410.86,-95.77,-95.77,0,10.62
498820,410,409.72,-97.07,-97.07,0,10.62
498825,411,411.12,-98.32,-98.32,0,10.62
498830,413,413.29,-99.53,-99.53,0,10.62
498835,410,409.9,-100.67,-100.67,0,10.62
498840,412,411.7,-101.76,-101.76,0,10.62
498845,412,412.08,-102.77,-102.77,0,10.62
498850,413,413.3,-103.7,-103.7,0,10.62
498855,413,412.93,-104.54,-104.54,0,10.62
498860,414,413.69,-105.27,-105.27,0,10.62
498865,415,415.05,-105.88,-105.88,0,10.62
498870,415,415.33,-106.36,-106.36,0,10.62
498875,418,417.96,-106.69,-106.51,0,10.62
498880,417,416.66,-106.83,-106.51,0,10.62
498885,422,422.02,-106.78,-106.51,0,10.62
498890,421,421.35,-106.51,-106.51,0,10.62
498895,423,422.99,-105.97,-105.97,0,10.62
498900,424,423.63,-105.16,-105.16,0,10.62
498905,422,422.0,-104.02,-104.02,0,10.62
498910,425,425.38,-102.52,-102.52,0,10.62
498915,428,428.02,-100.63,-100.63,0,10.62
498920,424,423.6,-98.31,-98.31,0,10.62
498925,425,424.95,-95.51,-95.51,0,10.62
498930,419,419.41,-92.2,-92.2,0,10.62
498935,425,425.07,-88.33,-88.33,0,10.62
498940,427,426.58,-83.87,-83.87,0,10.62
498945,425,424.9,-78.77,-78.77,0,10.62
498950,423,423.42,-73.01,-73.01,0,10.62
498955,426,426.13,-66.56,-66.56,0,10.62
498960,423,422.58,-59.38,-59.38,0,10.62
498965,425,424.84,-51.47,-51.47,0,10.62
498970,426,426.42,-42.81,-42.81,0,10.62
498975,427,427.19,-33.41,-33.41,0,10.62
498980,428,427.57,-23.27,-23.27,0,10.62
498985,430,429.78,-12.41,-12.41,0,10.62
498990,437,437.44,-0.86,-0.86,0,10.62
498995,445,445.26,11.31,11.31,0,10.62
499000,461,460.56,24.07,24.07,0,10.62
499005,475,474.71,37.32,37.32,0,10.62
499010,494,494.45,50.97,50.97,0,10.62
499015,519,519.34,64.93,64.93,0,10.62
499020,546,545.56,79.08,79.08,0,10.62
499025,571,570.63,93.29,93.29,0,10.62
499030,599,599.44,107.44,107.44,0,10.62
499035,631,631.42,121.38,121.38,0,10.62
499040,659,658.56,134.98,134.98,0,10.62
499045,710,709.55,148.11,148.11,0,10.62
499050,708,708.42,160.62,160.62,0,10.62
499055,729,729.44,172.42,172.42,0,10.62
499060,745,744.58,183.37,183.37,0,10.62
499065,759,758.58,193.38,193.38,0,10.62
499070,765,765.41,202.38,202.38,0,10.62
499075,781,781.41,210.27,210.27,0,10.62
499080,784,783.6,217.01,217.01,0,10.62
499085,786,785.6,222.55,222.55,0,10.62
499090,785,785.38,226.87,226.87,0,10.62
499095,781,781.39,229.94,229.94,0,10.62
499100,777,776.64,231.78,230.09,0,10.62
499105,770,769.62,232.4,230.09,0,10.62
499110,761,761.34,231.82,230.09,0,10.62
499115,754,754.37,230.09,230.09,0,10.62
499120,742,741.67,227.24,227.24,0,10.62
499125,735,734.63,223.33,223.33,0,10.62
499130,722,722.31,218.43,218.43,0,10.62
499135,713,713.36,212.6,212.6,0,10.62
499140,702,701.7,205.92,205.92,0,10.62
499145,691,690.65,198.45,198.45,0,10.62
499150,680,680.28,190.28,190.28,0,10.62
499155,671,671.35,181.48,181.48,0,10.62
499160,659,658.74,172.13,172.13,0,10.62
499165,649,648.65,162.31,162.31,0,10.62
499170,641,641.25,152.09,152.09,0,10.62
499175,632,632.35,141.56,141.56,0,10.62
499180,623,622.76,130.78,130.78,0,10.62
499185,617,616.65,119.83,119.83,0,10.62
499190,604,604.23,108.77,108.77,0,10.62
499195,595,595.35,97.69,97.69,0,10.62
499200,585,584.79,86.64,86.64,0,10.62
499205,574,573.65,75.69,75.69,0,10.62
499210,562,562.2,64.89,64.89,0,10.62
499215,551,551.35,54.33,54.33,0,10.62
499220,541,540.81,44.03,44.03,0,10.62
499225,527,526.65,34.07,34.07,0,10.62
499230,514,514.17,24.49,24.49,0,10.62
499235,502,502.35,15.34,15.34,0,10.62
499240,492,491.85,6.65,6.65,0,10.62
499245,481,480.65,-1.54,-1.54,0,10.62
499250,473,473.13,-9.2,-9.2,0,10.62
499255,464,464.35,-16.31,-16.31,0,10.62
499260,457,456.89,-22.85,-22.85,0,10.62
499265,451,450.65,-28.82,-28.82,0,10.62
499270,448,448.09,-34.22,-34.22,0,10.62
499275,444,444.36,-39.04,-39.04,0,10.62
499280,443,442.93,-43.31,-43.31,0,10.62
499285,441,440.64,-47.03,-47.03,0,10.62
499290,441,441.06,-50.24,-50.24,0,10.62
499295,442,442.37,-52.97,-52.97,0,10.62
499300,443,442.96,-55.23,-55.23,0,10.62
499305,455,454.63,-57.08,-57.08,0,10.62
499310,447,447.02,-58.55,-58.55,0,10.62
499315,449,449.36,-59.68,-59.68,0,10.62
499320,447,446.99,-60.52,-60.52,0,10.62
499325,455,454.66,-61.09,-61.09,0,10.62
499330,454,454.0,-61.45,-61.45,0,10.62
499335,451,451.31,-61.64,-61.53,0,10.62
499340,457,457.01,-61.69,-61.53,0,10.62
499345,459,458.72,-61.64,-61.53,0,10.62
499350,461,460.99,-61.53,-61.53,0,10.62
499355,462,462.25,-61.39,-61.39,0,10.62
499360,461,461.01,-61.24,-61.24,0,10.62
499365,459,458.78,-61.12,-61.12,0,10.62
499370,463,462.98,-61.04,-61.12,0,10.62
499375,458,458.19,-61.02,-61.12,0,10.62
499380,447,447.01,-61.07,-61.12,0,10.62
499385,456,455.84,-61.21,-61.21,0,10.62
499390,454,454.02,-61.44,-61.44,0,10.62
499395,452,452.13,-61.76,-61.76,0,10.62
499400,448,447.94,-62.18,-62.18,0,10.62
499405,445,444.89,-62.69,-62.69,0,10.62
499410,439,439.09,-63.29,-63.29,0,10.62
499415,441,441.09,-63.98,-63.98,0,10.62
499420,438,437.88,-64.74,-64.74,0,10.62
499425,431,430.93,-65.56,-65.56,0,10.62
499430,430,430.14,-66.45,-66.45,0,10.62
499435,431,431.06,-67.38,-67.38,0,10.62
499440,432,431.84,-68.35,-68.35,0,10.62
499445,421,420.95,-69.34,-69.34,0,10.62
499450,423,423.17,-70.36,-70.36,0,10.62
499455,424,424.06,-71.38,-71.38,0,10.62
499460,424,423.83,-72.4,-72.4,0,10.62
499465,423,422.94,-73.41,-73.41,0,10.62
499470,420,420.17,-74.4,-74.4,0,10.62
499475,420,420.07,-75.37,-75.37,0,10.62
499480,418,417.83,-76.32,-76.32,0,10.62
499485,416,415.92,-77.23,-77.23,0,10.62
499490,417,417.17,-78.1,-78.1,0,10.62
499495,416,416.09,-78.93,-78.93,0,10.62
499500,415,414.82,-79.71,-79.71,0,10.62
499505,414,413.9,-80.46,-80.46,0,10.62
499510,414,414.18,-81.15,-81.15,0,10.62
499515,414,414.11,-81.81,-81.81,0,10.62
499520,411,410.81,-82.42,-82.42,0,10.62
499525,414,413.87,-82.98,-82.98,0,10.62
499530,417,417.2,-83.51,-83.51,0,10.62
499535,414,414.14,-84.01,-84.01,0,10.62
499540,415,414.78,-84.47,-84.47,0,10.62
499545,406,405.84,-84.91,-84.91,0,10.62
499550,402,402.23,-85.33,-85.33,0,10.62
499555,417,417.19,-85.72,-85.72,0,10.62
499560,416,415.78,-86.11,-86.11,0,10.62
499565,417,416.77,-86.49,-86.49,0,10.62
499570,418,418.21,-86.86,-86.86,0,10.62
499575,404,404.27,-87.24,-87.24,0,10.62
499580,418,417.81,-87.63,-87.63,0,10.62
499585,419,418.72,-88.03,-88.03,0,10.62
499590,419,419.18,-88.44,-88.44,0,10.62
499595,422,422.29,-88.86,-88.86,0,10.62
499600,420,419.83,-89.3,-89.3,0,10.62
499605,421,420.7,-89.74,-89.74,0,10.62
499610,421,421.16,-90.19,-90.19,0,10.62
499615,424,424.31,-90.64,-90.64,0,10.62
499620,424,423.85,-91.07,-91.07,0,10.62
499625,423,422.67,-91.48,-91.48,0,10.62
499630,425,425.14,-91.85,-91.85,0,10.62
499635,431,431.36,-92.16,-92.16,0,10.62
499640,427,426.87,-92.38,-92.33,0,10.62
499645,428,427.61,-92.51,-92.33,0,10.62
499650,428,428.11,-92.5,-92.33,0,10.62
499655,425,425.42,-92.33,-92.33,0,10.62
499660,429,428.9,-91.96,-91.96,0,10.62
499665,431,430.55,-91.37,-91.37,0,10.62
499670,430,430.09,-90.5,-90.5,0,10.62
499675,429,429.48,-89.33,-89.33,0,10.62
499680,429,428.92,-87.81,-87.81,0,10.62
499685,428,427.5,-85.9,-85.9,0,10.62
499690,430,430.07,-83.56,-83.56,0,10.62
499695,429,429.53,-80.73,-80.73,0,10.62
499700,428,427.94,-77.39,-77.39,0,10.62
499705,427,426.43,-73.48,-73.48,0,10.62
499710,427,427.05,-68.98,-68.98,0,10.62
499715,429,429.6,-63.84,-63.84,0,10.62
499720,426,425.95,-58.04,-58.04,0,10.62
499725,432,431.36,-51.55,-51.55,0,10.62
499730,427,427.04,-44.34,-44.34,0,10.62
499735,425,425.67,-36.42,-36.42,0,10.62
499740,426,425.96,-27.78,-27.78,0,10.62
499745,427,426.3,-18.42,-18.42,0,10.62
499750,437,437.05,-8.37,-8.37,0,10.62
499755,436,436.73,2.34,2.34,0,10.62
499760,445,444.94,13.67,13.67,0,10.62
499765,457,456.24,25.55,25.55,0,10.62
499770,471,471.08,37.91,37.91,0,10.62
499775,489,489.8,50.67,50.67,0,10.62
499780,511,510.91,63.72,63.72,0,10.62
499785,560,559.19,76.94,76.94,0,10.62
499790,564,564.11,90.23,90.23,0,10.62
499795,593,593.8,103.44,103.44,0,10.62
499800,625,624.88,116.46,116.46,0,10.62
499805,646,645.22,129.13,129.13,0,10.62
499810,672,672.13,141.35,141.35,0,10.62
499815,694,694.76,152.97,152.97,0,10.62
499820,714,713.86,163.89,163.89,0,10.62
499825,730,729.25,173.98,173.98,0,10.62
499830,745,745.14,183.15,183.15,0,10.62
499835,757,757.73,191.32,191.32,0,10.62
499840,774,773.86,198.4,198.4,0,10.62
499845,769,768.27,204.34,204.34,0,10.62
499850,770,770.12,209.11,209.11,0,10.62
499855,769,769.71,212.67,212.67,0,10.62
499860,768,767.9,215.01,214.82,0,10.62
499865,763,762.29,216.13,214.82,0,10.62
499870,756,756.08,216.06,214.82,0,10.62
499875,746,746.7,214.82,214.82,0,10.62
499880,738,737.94,212.45,212.45,0,10.62
499885,728,727.31,209.0,209.0,0,10.62
499890,717,717.03,204.54,204.54,0,10.62
499895,702,702.68,199.13,199.13,0,10.62
499900,694,693.99,192.85,192.85,0,10.62
499905,682,681.33,185.77,185.77,0,10.62
499910,670,669.99,177.97,177.97,0,10.62
499915,659,659.65,169.53,169.53,0,10.62
499920,649,649.04,160.55,160.55,0,10.62
499925,637,636.36,151.1,151.1,0,10.62
499930,627,626.94,141.28,141.28,0,10.62
499935,618,618.63,131.16,131.16,0,10.62
499940,608,608.09,120.82,120.82,0,10.62
499945,598,597.38,110.34,110.34,0,10.62
499950,588,587.88,99.81,99.81,0,10.62
499955,579,579.62,89.29,89.29,0,10.62
499960,570,570.15,78.85,78.85,0,10.62
499965,560,559.38,68.57,68.57,0,10.62
499970,551,550.82,58.5,58.5,0,10.62
499975,540,540.62,48.71,48.71,0,10.62
499980,530,530.21,39.25,39.25,0,10.62
499985,520,519.38,30.17,30.17,0,10.62
499990,509,508.76,21.53,21.53,0,10.62
499995,476,476.6,13.35,13.35,0,10.62
500000,490,490.28,5.68,5.68,0,10.62
500005,482,481.44,-1.45,-1.45,0,10.62
500010,472,471.69,-8.03,-8.03,0,10.62
500015,468,468.5,-14.04,-14.04,0,10.62
500020,462,462.35,-19.47,-19.47,0,10.62
500025,459,458.56,-24.32,-24.32,0,10.62
500030,455,454.61,-28.61,-28.61,0,10.62
500035,455,455.38,-32.34,-32.34,0,10.62
500040,439,439.42,-35.52,-35.52,0,10.62
500045,455,454.68,-38.2,-38.2,0,10.62
500050,455,454.56,-40.39,-40.39,0,10.62
500055,456,456.26,-42.14,-42.14,0,10.62
500060,469,469.45,-43.48,-43.48,0,10.62
500065,460,459.79,-44.45,-44.45,0,10.62
500070,463,462.52,-45.1,-45.1,0,10.62
500075,466,466.15,-45.48,-45.36,0,10.62
500080,468,468.51,-45.61,-45.36,0,10.62
500085,471,470.91,-45.56,-45.36,0,10.62
500090,472,471.45,-45.36,-45.36,0,10.62
500095,475,475.04,-45.06,-45.06,0,10.62
500100,477,477.59,-44.68,-44.68,0,10.62
500105,480,480.02,-44.29,-44.29,0,10.62
500110,478,477.36,-43.89,-43.89,0,10.62
500115,479,478.92,-43.53,-43.53,0,10.62
500120,478,478.68,-43.24,-43.24,0,10.62
500125,477,477.14,-43.03,-43.07,0,10.62
500130,475,474.27,-42.92,-43.07,0,10.62
500135,476,475.8,-42.93,-43.07,0,10.62
500140,473,473.79,-43.07,-43.07,0,10.62
500145,470,470.25,-43.35,-43.35,0,10.62
500150,469,468.16,-43.77,-43.77,0,10.62
500155,464,463.69,-44.34,-44.34,0,10.62
500160,462,462.9,-45.05,-45.05,0,10.62
500165,460,460.37,-45.91,-45.91,0,10.62
500170,456,455.04,-46.9,-46.9,0,10.62
500175,455,454.57,-48.02,-48.02,0,10.62
500180,451,452.02,-49.25,-49.25,0,10.62
500185,449,449.49,-50.6,-50.6,0,10.62
500190,447,445.92,-52.06,-52.06,0,10.62
500195,466,465.46,-53.6,-53.6,0,10.62
500200,441,442.15,-55.22,-55.22,0,10.62
500205,440,440.56,-56.91,-56.91,0,10.62
500210,459,457.8,-58.65,-58.65,0,10.62
500215,434,433.43,-60.43,-60.43,0,10.62
500220,428,429.22,-62.24,-62.24,0,10.62
500225,415,415.57,-64.05,-64.05,0,10.62
500230,427,425.77,-65.85,-65.85,0,10.62
500235,426,425.45,-67.64,-67.64,0,10.62
500240,411,412.23,-69.39,-69.39,0,10.62
500245,425,425.52,-71.12,-71.12,0,10.62
500250,423,421.79,-72.8,-72.8,0,10.62
500255,422,421.5,-74.44,-74.44,0,10.62
500260,423,424.18,-76.03,-76.03,0,10.62
500265,422,422.48,-77.57,-77.57,0,10.62
500270,428,426.84,-79.05,-79.05,0,10.62
500275,423,422.54,-80.48,-80.48,0,10.62
500280,421,422.13,-81.86,-81.86,0,10.62
500285,419,419.44,-83.17,-83.17,0,10.62
500290,422,420.9,-84.42,-84.42,0,10.62
500295,422,421.58,-85.6,-85.6,0,10.62
500300,422,423.07,-86.72,-86.72,0,10.62
500305,422,422.39,-87.76,-87.76,0,10.62
500310,421,419.95,-88.72,-88.72,0,10.62
500315,423,422.64,-89.6,-89.6,0,10.62
500320,422,423.03,-90.38,-90.38,0,10.62
500325,423,423.34,-91.06,-91.06,0,10.62
500330,424,422.99,-91.62,-91.62,0,10.62
500335,425,424.69,-92.06,-92.06,0,10.62
500340,428,429.0,-92.36,-92.25,0,10.62
500345,427,427.29,-92.51,-92.25,0,10.62
500350,427,426.01,-92.48,-92.25,0,10.62
500355,429,428.73,-92.25,-92.25,0,10.62
500360,430,430.98,-91.81,-91.81,0,10.62
500365,430,430.24,-91.13,-91.13,0,10.62
500370,454,453.03,-90.18,-90.18,0,10.62
500375,430,429.78,-88.93,-88.93,0,10.62
500380,432,432.93,-87.35,-87.35,0,10.62
500385,432,432.2,-85.41,-85.41,0,10.62
500390,431,430.13,-83.07,-83.07,0,10.62
500395,430,429.82,-80.3,-80.3,0,10.62
500400,433,433.82,-77.07,-77.07,0,10.62
500405,431,431.17,-73.34,-73.34,0,10.62
500410,432,431.22,-69.08,-69.08,0,10.62
500415,433,432.85,-64.27,-64.27,0,10.62
500420,434,434.73,-58.88,-58.88,0,10.62
500425,432,432.14,-52.9,-52.9,0,10.62
500430,433,432.3,-46.3,-46.3,0,10.62
500435,431,430.88,-39.08,-39.08,0,10.62
500440,434,434.66,-31.25,-31.25,0,10.62
500445,434,434.11,-22.81,-22.81,0,10.62
500450,437,436.37,-13.78,-13.78,0,10.62
500455,440,439.91,-4.19,-4.19,0,10.62
500460,447,447.6,5.9,5.9,0,10.62
500465,457,457.08,16.46,16.46,0,10.62
500470,471,470.44,27.41,27.41,0,10.62
500475,487,486.93,38.68,38.68,0,10.62
500480,507,507.54,50.16,50.16,0,10.62
500485,530,530.06,61.76,61.76,0,10.62
500490,554,553.5,73.37,73.37,0,10.62
500495,579,578.95,84.86,84.86,0,10.62
500500,603,603.48,96.13,96.13,0,10.62
500505,629,629.04,107.05,107.05,0,10.62
500510,649,648.55,117.5,117.5,0,10.62
500515,671,670.96,127.36,127.36,0,10.62
500520,687,687.42,136.53,136.53,0,10.62
500525,702,702.03,144.9,144.9,0,10.62
500530,716,715.6,152.39,152.39,0,10.62
500535,725,724.98,158.92,158.92,0,10.62
500540,730,730.36,164.42,164.42,0,10.62
500545,734,734.01,168.85,168.85,0,10.62
500550,737,736.66,172.17,172.17,0,10.62
500555,736,736.01,174.36,174.16,0,10.62
500560,730,730.3,175.41,174.16,0,10.62
500565,725,724.98,175.34,174.16,0,10.62
500570,716,715.73,174.16,174.16,0,10.62
500575,709,709.04,171.91,171.91,0,10.62
500580,698,698.24,168.63,168.63,0,10.62
500585,688,687.94,164.38,164.38,0,10.62
500590,682,681.79,159.23,159.23,0,10.62
500595,666,666.08,153.23,153.23,0,10.62
500600,654,654.17,146.48,146.48,0,10.62
500605,642,641.9,139.04,139.04,0,10.62
500610,618,617.86,131.01,131.01,0,10.62
500615,618,618.12,122.48,122.48,0,10.62
500620,605,605.12,113.52,113.52,0,10.62
500625,595,594.86,104.23,104.23,0,10.62
500630,586,585.89,94.7,94.7,0,10.62
500635,577,577.17,85.0,85.0,0,10.62
500640,567,567.09,75.22,75.22,0,10.62
500645,557,556.81,65.43,65.43,0,10.62
500650,547,546.92,55.73,55.73,0,10.62
500655,534,534.22,46.16,46.16,0,10.62
500660,528,528.07,36.82,36.82,0,10.62
500665,517,516.76,27.76,27.76,0,10.62
500670,503,502.94,19.03,19.03,0,10.62
500675,497,497.26,10.7,10.7,0,10.62
500680,489,489.06,2.82,2.82,0,10.62
500685,479,478.72,-4.58,-4.58,0,10.62
500690,472,471.93,-11.46,-11.46,0,10.62
500695,466,466.3,-17.8,-17.8,0,10.62
500700,458,458.07,-23.56,-23.56,0,10.62
500705,454,453.67,-28.73,-28.73,0,10.62
500710,449,448.92,-33.32,-33.32,0,10.62
500715,445,445.35,-37.31,-37.31,0,10.62
500720,443,443.08,-40.72,-40.72,0,10.62
500725,446,445.63,-43.57,-43.57,0,10.62
500730,442,441.92,-45.86,-45.86,0,10.62
500735,444,444.39,-47.64,-47.64,0,10.62
500740,447,447.09,-48.93,-48.93,0,10.62
500745,450,449.59,-49.77,-49.77,0,10.62
500750,454,453.91,-50.2,-49.77,0,10.62
500755,458,458.43,-50.28,-49.77,0,10.62
500760,461,461.1,-50.04,-49.77,0,10.62
500765,465,464.55,-49.54,-49.54,0,10.62
500770,470,469.9,-48.83,-48.83,0,10.62
500775,472,472.47,-47.96,-47.96,0,10.62
500780,474,474.1,-46.97,-46.97,0,10.62
500785,480,479.51,-45.91,-45.91,0,10.62
500790,481,480.9,-44.83,-44.83,0,10.62
500795,482,482.51,-43.76,-43.76,0,10.62
500800,483,483.09,-42.76,-42.76,0,10.62
500805,485,484.47,-41.84,-41.84,0,10.62
500810,484,483.91,-41.05,-41.05,0,10.62
500815,484,484.55,-40.4,-40.4,0,10.62
500820,484,484.09,-39.92,-39.92,0,10.62
500825,482,481.43,-39.63,-39.92,0,10.62
500830,480,479.91,-39.55,-39.92,0,10.62
500835,478,478.59,-39.67,-39.92,0,10.62
500840,478,478.09,-40.01,-40.01,0,10.62
500845,476,475.39,-40.57,-40.57,0,10.62
500850,474,473.91,-41.36,-41.36,0,10.62
500855,469,469.63,-42.36,-42.36,0,10.62
500860,468,468.09,-43.56,-43.56,0,10.62
500865,465,464.36,-44.97,-44.97,0,10.62
500870,462,461.91,-46.57,-46.57,0,10.62
500875,456,456.66,-48.33,-48.33,0,10.62
500880,453,453.09,-50.26,-50.26,0,10.62
500885,452,451.32,-52.33,-52.33,0,10.62
500890,447,446.91,-54.52,-54.52,0,10.62
500895,446,446.69,-56.82,-56.82,0,10.62
500900,444,444.09,-59.2,-59.2,0,10.62
500905,443,442.29,-61.65,-61.65,0,10.62
500910,441,440.91,-64.15,-64.15,0,10.62
500915,437,437.72,-66.68,-66.68,0,10.62
500920,434,434.09,-69.22,-69.22,0,10.62
500925,436,435.26,-71.74,-71.74,0,10.62
500930,434,433.92,-74.23,-74.23,0,10.62
500935,435,435.75,-76.67,-76.67,0,10.62
500940,433,433.07,-79.03,-79.03,0,10.62
500945,433,432.23,-81.29,-81.29,0,10.62
500950,432,431.93,-83.44,-83.44,0,10.62
500955,432,432.79,-85.44,-85.44,0,10.62
500960,432,432.06,-87.27,-87.27,0,10.62
500965,432,431.18,-88.91,-88.91,0,10.62
500970,432,431.94,-90.32,-90.32,0,10.62
500975,431,431.84,-91.49,-91.49,0,10.62
500980,430,430.05,-92.38,-92.38,0,10.62
500985,431,430.13,-92.95,-92.5,0,10.62
500990,425,424.96,-93.19,-92.5,0,10.62
500995,428,428.9,-93.05,-92.5,0,10.62
501000,429,429.04,-92.5,-92.5,0,10.62
501005,447,446.09,-91.52,-91.52,0,10.62
501010,430,429.95,-90.06,-90.06,0,10.62
501015,430,430.9,-88.09,-88.09,0,10.62
501020,429,429.05,-85.58,-85.58,0,10.62
501025,428,427.11,-82.51,-82.51,0,10.62
501030,431,430.95,-78.82,-78.82,0,10.62
501035,428,428.87,-74.51,-74.51,0,10.62
501040,427,427.05,-69.55,-69.55,0,10.62
501045,427,426.14,-63.91,-63.91,0,10.62
501050,422,421.96,-57.6,-57.6,0,10.62
501055,427,427.86,-50.59,-50.59,0,10.62
501060,427,427.05,-42.89,-42.89,0,10.62
501065,431,430.15,-34.53,-34.53,0,10.62
501070,431,430.95,-25.51,-25.51,0,10.62
501075,422,422.84,-15.87,-15.87,0,10.62
501080,443,443.06,-5.65,-5.65,0,10.62
501085,453,452.2,5.07,5.07,0,10.62
501090,467,466.93,16.24,16.24,0,10.62
501095,483,483.76,27.77,27.77,0,10.62
501100,503,503.08,39.57,39.57,0,10.62
501105,525,524.28,51.52,51.52,0,10.62
501110,551,550.92,63.51,63.51,0,10.62
501115,576,576.69,75.43,75.43,0,10.62
501120,600,600.08,87.14,87.14,0,10.62
501125,625,624.34,98.53,98.53,0,10.62
501130,648,647.91,109.47,109.47,0,10.62
501135,668,668.62,119.84,119.84,0,10.62
501140,687,687.09,129.53,129.53,0,10.62
501145,702,701.4,138.44,138.44,0,10.62
501150,714,713.9,146.47,146.47,0,10.62
501155,724,724.56,153.54,153.54,0,10.62
501160,733,733.1,159.59,159.59,0,10.62
501165,734,733.46,164.56,164.56,0,10.62
501170,737,736.89,168.41,168.41,0,10.62
501175,737,737.52,171.13,171.13,0,10.62
501180,734,734.12,172.7,171.13,0,10.62
501185,729,728.5,173.12,171.13,0,10.62
501190,722,721.87,172.42,171.13,0,10.62
501195,713,713.48,170.63,170.63,0,10.62
501200,703,703.14,167.78,167.78,0,10.62
501205,693,692.54,163.94,163.94,0,10.62
501210,680,679.84,159.16,159.16,0,10.62
501215,668,668.44,153.51,153.51,0,10.62
501220,658,658.17,147.06,147.06,0,10.62
501225,648,647.58,139.9,139.9,0,10.62
501230,637,636.81,132.1,132.1,0,10.62
501235,627,627.4,123.76,123.76,0,10.62
501240,613,613.2,114.94,114.94,0,10.62
501245,604,603.62,105.75,105.75,0,10.62
501250,596,595.79,96.26,96.26,0,10.62
501255,583,583.36,86.56,86.56,0,10.62
501260,571,571.21,76.73,76.73,0,10.62
501265,564,563.65,66.86,66.86,0,10.62
501270,554,553.79,57.01,57.01,0,10.62
501275,542,542.33,47.27,47.27,0,10.62
501280,534,534.21,37.69,37.69,0,10.62
501285,528,527.69,28.36,28.36,0,10.62
501290,515,514.8,19.32,19.32,0,10.62
501295,505,505.28,10.64,10.64,0,10.62
501300,495,495.2,2.37,2.37,0,10.62
501305,488,487.75,-5.45,-5.45,0,10.62
501310,476,475.8,-12.78,-12.78,0,10.62
501315,469,469.22,-19.59,-19.59,0,10.62
501320,464,464.2,-25.84,-25.84,0,10.62
501325,453,452.81,-31.53,-31.53,0,10.62
501330,452,451.8,-36.63,-36.63,0,10.62
501335,448,448.16,-41.15,-41.15,0,10.62
501340,447,447.21,-45.08,-45.08,0,10.62
501345,445,444.87,-48.45,-48.45,0,10.62
501350,446,445.78,-51.25,-51.25,0,10.62
501355,447,447.11,-53.53,-53.53,0,10.62
501360,446,446.22,-55.3,-55.3,0,10.62
501365,450,449.91,-56.61,-56.61,0,10.62
501370,451,450.77,-57.48,-57.48,0,10.62
501375,460,460.07,-57.96,-57.49,0,10.62
501380,458,458.23,-58.09,-57.49,0,10.62
501385,460,459.94,-57.92,-57.49,0,10.62
501390,465,464.76,-57.49,-57.49,0,10.62
501395,471,471.06,-56.86,-56.86,0,10.62
501400,460,460.24,-56.05,-56.05,0,10.62
501405,473,472.94,-55.13,-55.13,0,10.62
501410,476,475.78,-54.14,-54.14,0,10.62
501415,477,477.07,-53.11,-53.11,0,10.62
501420,480,480.2,-52.08,-52.08,0,10.62
501425,482,481.93,-51.1,-51.1,0,10.62
501430,481,480.82,-50.19,-50.19,0,10.62
501435,481,481.07,-49.39,-49.39,0,10.62
501440,482,482.16,-48.71,-48.71,0,10.62
501445,481,480.93,-48.18,-48.18,0,10.62
501450,479,478.85,-47.81,-47.83,0,10.62
501455,477,477.07,-47.63,-47.83,0,10.62
501460,476,476.13,-47.63,-47.83,0,10.62
501465,473,472.93,-47.83,-47.83,0,10.62
501470,470,469.88,-48.22,-48.22,0,10.62
501475,470,470.07,-48.82,-48.82,0,10.62
501480,467,467.11,-49.6,-49.6,0,10.62
501485,465,464.93,-50.58,-50.58,0,10.62
501490,462,461.9,-51.75,-51.75,0,10.62
501495,458,458.07,-53.09,-53.09,0,10.62
501500,457,457.09,-54.59,-54.59,0,10.62
501505,455,454.93,-56.25,-56.25,0,10.62
501510,453,452.92,-58.05,-58.05,0,10.62
501515,452,452.06,-59.98,-59.98,0,10.62
501520,448,448.07,-62.02,-62.02,0,10.62
501525,446,445.94,-64.16,-64.16,0,10.62
501530,444,443.94,-66.38,-66.38,0,10.62
501535,442,442.06,-68.67,-68.67,0,10.62
501540,440,440.05,-71.0,-71.0,0,10.62
501545,438,437.94,-73.37,-73.37,0,10.62
501550,438,437.96,-75.75,-75.75,0,10.62
501555,438,438.07,-78.12,-78.12,0,10.62
501560,435,435.03,-80.48,-80.48,0,10.62
501565,436,435.93,-82.79,-82.79,0,10.62
501570,434,433.98,-85.03,-85.03,0,10.62
501575,436,436.08,-87.2,-87.2,0,10.62
501580,434,434.01,-89.25,-89.25,0,10.62
501585,436,435.91,-91.18,-91.18,0,10.62
501590,433,433.0,-92.96,-92.96,0,10.62
501595,433,433.09,-94.55,-94.55,0,10.62
501600,434,433.99,-95.93,-95.93,0,10.62
501605,433,432.9,-97.08,-97.08,0,10.62
501610,432,432.02,-97.96,-97.96,0,10.62
501615,432,432.1,-98.54,-98.12,0,10.62
501620,432,431.97,-98.78,-98.12,0,10.62
501625,432,431.9,-98.65,-98.12,0,10.62
501630,433,433.04,-98.12,-98.12,0,10.62
501635,431,431.1,-97.14,-97.14,0,10.62
501640,433,432.96,-95.69,-95.69,0,10.62
501645,435,434.9,-93.72,-93.72,0,10.62
501650,431,431.05,-91.2,-91.2,0,10.62
501655,433,433.1,-88.1,-88.1,0,10.62
501660,434,433.94,-84.38,-84.38,0,10.62
501665,432,431.91,-80.01,-80.01,0,10.62
501670,432,432.06,-74.96,-74.96,0,10.62
501675,432,432.09,-69.21,-69.21,0,10.62
501680,432,431.94,-62.75,-62.75,0,10.62
501685,431,430.91,-55.57,-55.57,0,10.62
501690,435,435.06,-47.65,-47.65,0,10.62
501695,431,431.08,-39.01,-39.01,0,10.62
501700,434,433.94,-29.66,-29.66,0,10.62
501705,436,435.92,-19.63,-19.63,0,10.62
501710,444,444.07,-8.95,-8.95,0,10.62
501715,453,453.08,2.32,2.32,0,10.62
501720,465,464.92,14.12,14.12,0,10.62
501725,481,480.92,26.37,26.37,0,10.62
501730,501,501.09,38.97,38.97,0,10.62
501735,523,523.08,51.83,51.83,0,10.62
501740,548,547.9,64.83,64.83,0,10.62
501745,574,573.92,77.86,77.86,0,10.62
501750,601,601.11,90.77,90.77,0,10.62
501755,627,627.08,103.45,103.45,0,10.62
501760,654,653.87,115.76,115.76,0,10.62
501765,677,676.91,127.58,127.58,0,10.62
501770,695,695.13,138.78,138.78,0,10.62
501775,715,715.08,149.25,149.25,0,10.62
501780,733,732.86,158.88,158.88,0,10.62
501785,746,745.92,167.58,167.58,0,10.62
501790,755,755.13,175.27,175.27,0,10.62
501795,762,762.07,181.87,181.87,0,10.62
501800,763,762.86,187.34,187.34,0,10.62
501805,767,766.93,191.64,191.64,0,10.62
501810,766,766.14,194.74,194.74,0,10.62
501815,763,763.06,196.65,195.31,0,10.62
501820,756,755.84,197.37,195.31,0,10.62
501825,748,747.94,196.91,195.31,0,10.62
501830,741,741.17,195.31,195.31,0,10.62
501835,731,731.06,192.61,192.61,0,10.62
501840,721,720.82,188.87,188.87,0,10.62
501845,709,708.93,184.15,184.15,0,10.62
501850,696,696.19,178.52,178.52,0,10.62
501855,686,686.07,172.04,172.04,0,10.62
501860,675,674.8,164.8,164.8,0,10.62
501865,663,662.93,156.88,156.88,0,10.62
501870,654,654.21,148.36,148.36,0,10.62
501875,643,643.07,139.33,139.33,0,10.62
501880,633,632.78,129.87,129.87,0,10.62
501885,623,622.92,120.05,120.05,0,10.62
501890,610,610.23,109.98,109.98,0,10.62
501895,598,598.08,99.72,99.72,0,10.62
501900,593,592.77,89.35,89.35,0,10.62
501905,583,582.93,78.95,78.95,0,10.62
501910,573,573.24,68.59,68.59,0,10.62
501915,565,565.07,58.34,58.34,0,10.62
501920,554,553.76,48.26,48.26,0,10.62
501925,545,544.94,38.42,38.42,0,10.62
501930,533,533.24,28.88,28.88,0,10.62
501935,521,521.05,19.68,19.68,0,10.62
501940,513,512.75,10.89,10.89,0,10.62
501945,501,500.96,2.53,2.53,0,10.62
501950,492,492.25,-5.35,-5.35,0,10.62
501955,483,483.03,-12.71,-12.71,0,10.62
501960,476,475.75,-19.54,-19.54,0,10.62
501965,470,469.98,-25.81,-25.81,0,10.62
501970,462,462.25,-31.52,-31.52,0,10.62
501975,460,460.01,-36.65,-36.65,0,10.62
501980,457,456.75,-41.21,-41.21,0,10.62
501985,455,455.01,-45.21,-45.21,0,10.62
501990,454,454.25,-48.66,-48.66,0,10.62
501995,456,455.98,-51.59,-51.59,0,10.62
502000,454,453.75,-54.01,-54.01,0,10.62
502005,456,456.02,-55.96,-55.96,0,10.62
502010,457,457.25,-57.48,-57.48,0,10.62
502015,458,457.97,-58.59,-58.59,0,10.62
502020,460,459.75,-59.35,-59.35,0,10.62
502025,463,463.04,-59.79,-59.63,0,10.62
502030,466,466.25,-59.95,-59.63,0,10.62
502035,466,465.95,-59.88,-59.63,0,10.62
502040,471,470.74,-59.63,-59.63,0,10.62
502045,473,473.07,-59.23,-59.23,0,10.62
502050,474,474.26,-58.73,-58.73,0,10.62
502055,477,476.91,-58.16,-58.16,0,10.62
502060,476,475.73,-57.56,-57.56,0,10.62
502065,477,477.1,-56.97,-56.97,0,10.62
502070,476,476.27,-56.41,-56.41,0,10.62
502075,477,476.89,-55.91,-55.91,0,10.62
502080,474,473.72,-55.5,-55.5,0,10.62
502085,474,474.13,-55.2,-55.2,0,10.62
502090,474,474.29,-55.02,-55.2,0,10.62
502095,471,470.86,-54.98,-55.2,0,10.62
502100,470,469.7,-55.09,-55.2,0,10.62
502105,470,470.16,-55.35,-55.35,0,10.62
502110,468,468.32,-55.78,-55.78,0,10.62
502115,465,464.83,-56.37,-56.37,0,10.62
502120,464,463.66,-57.13,-57.13,0,10.62
502125,460,460.19,-58.05,-58.05,0,10.62
502130,456,456.35,-59.14,-59.14,0,10.62
502135,457,456.79,-60.37,-60.37,0,10.62
502140,453,452.64,-61.75,-61.75,0,10.62
502145,452,452.23,-63.26,-63.26,0,10.62
502150,450,450.38,-64.91,-64.91,0,10.62
502155,447,446.76,-66.66,-66.66,0,10.62
502160,444,443.6,-68.52,-68.52,0,10.62
502165,442,442.26,-70.48,-70.48,0,10.62
502170,440,440.42,-72.5,-72.5,0,10.62
502175,456,455.73,-74.6,-74.6,0,10.62
502180,437,436.56,-76.74,-76.74,0,10.62
502185,434,434.25,-78.91,-78.91,0,10.62
502190,409,409.44,-81.1,-81.1,0,10.62
502195,432,431.78,-83.28,-83.28,0,10.62
502200,431,430.59,-85.45,-85.45,0,10.62
502205,433,433.19,-87.58,-87.58,0,10.62
502210,430,430.37,-89.67,-89.67,0,10.62
502215,431,430.84,-91.69,-91.69,0,10.62
502220,428,427.67,-93.63,-93.63,0,10.62
502225,429,429.14,-95.47,-95.47,0,10.62
502230,429,429.29,-97.18,-97.18,0,10.62
502235,430,429.89,-98.76,-98.76,0,10.62
502240,428,427.75,-100.17,-100.17,0,10.62
502245,430,430.08,-101.39,-101.39,0,10.62
502250,429,429.22,-102.4,-102.4,0,10.62
502255,429,428.94,-103.17,-103.17,0,10.62
502260,428,427.82,-103.66,-103.22,0,10.62
502265,431,431.03,-103.86,-103.22,0,10.62
502270,430,430.15,-103.72,-103.22,0,10.62
502275,432,431.99,-103.22,-103.22,0,10.62
502280,431,430.88,-102.31,-102.31,0,10.62
502285,432,431.99,-100.97,-100.97,0,10.62
502290,431,431.1,-99.16,-99.16,0,10.62
502295,431,431.04,-96.84,-96.84,0,10.62
502300,433,432.94,-93.97,-93.97,0,10.62
502305,432,431.94,-90.53,-90.53,0,10.62
502310,429,429.03,-86.46,-86.46,0,10.62
502315,420,420.07,-81.76,-81.76,0,10.62
502320,431,431.01,-76.38,-76.38,0,10.62
502325,430,429.93,-70.31,-70.31,0,10.62
502330,431,430.95,-63.53,-63.53,0,10.62
502335,431,431.06,-56.03,-56.03,0,10.62
502341,432,432.09,-47.81,-47.81,0,10.62
502345,432,431.94,-38.88,-38.88,0,10.62
502350,436,435.87,-29.24,-29.24,0,10.62
502355,438,438.05,-18.95,-18.95,0,10.62
502360,445,445.17,-8.02,-8.02,0,10.62
502365,455,454.96,3.48,3.48,0,10.62
502370,468,467.8,15.5,15.5,0,10.62
502375,483,483.04,27.94,27.94,0,10.62
502380,503,503.25,40.72,40.72,0,10.62
502385,527,526.97,53.73,53.73,0,10.62
502390,551,550.72,66.86,66.86,0,10.62
502395,578,578.02,79.99,79.99,0,10.62
502400,604,604.32,93.0,93.0,0,10.62
502405,631,630.99,105.74,105.74,0,10.62
502410,656,655.64,118.11,118.11,0,10.62
502415,680,679.99,129.96,129.96,0,10.62
502420,699,699.39,141.17,141.17,0,10.62
502425,720,720.01,151.64,151.64,0,10.62
502430,735,734.57,161.26,161.26,0,10.62
502435,749,748.97,169.94,169.94,0,10.62
502440,732,732.45,177.6,177.6,0,10.62
502445,761,761.03,184.17,184.17,0,10.62
502450,768,767.56,189.6,189.6,0,10.62
502455,766,765.96,193.86,193.86,0,10.62
502460,766,766.4,196.92,196.92,0,10.62
502465,763,763.04,198.77,197.23,0,10.62
502470,757,756.63,199.43,197.23,0,10.62
502475,760,759.95,198.9,197.23,0,10.62
502480,741,741.34,197.23,197.23,0,10.62
502485,729,729.03,194.45,194.45,0,10.62
502490,719,718.69,190.62,190.62,0,10.62
502495,707,706.99,185.8,185.8,0,10.62
502500,697,697.28,180.06,180.06,0,10.62
502505,686,685.99,173.48,173.48,0,10.62
502510,674,673.74,166.13,166.13,0,10.62
502515,664,664.03,158.09,158.09,0,10.62
502520,653,653.23,149.45,149.45,0,10.62
502525,643,642.95,140.28,140.28,0,10.62
502530,630,629.79,130.69,130.69,0,10.62
502535,619,619.07,120.74,120.74,0,10.62
502540,611,611.19,110.52,110.52,0,10.62
502545,601,600.91,100.12,100.12,0,10.62
502550,591,590.83,89.61,89.61,0,10.62
502555,582,582.1,79.06,79.06,0,10.62
502560,573,573.16,68.55,68.55,0,10.62
502565,562,561.88,58.16,58.16,0,10.62
502570,551,550.85,47.95,47.95,0,10.62
502575,540,540.13,37.97,37.97,0,10.62
502580,530,530.13,28.3,28.3,0,10.62
502585,518,517.85,18.99,18.99,0,10.62
502590,508,507.88,10.09,10.09,0,10.62
502595,497,497.16,1.63,1.63,0,10.62
502600,489,489.12,-6.33,-6.33,0,10.62
502605,480,479.83,-13.76,-13.76,0,10.62
502610,472,471.89,-20.64,-20.64,0,10.62
502615,465,465.19,-26.95,-26.95,0,10.62
502620,459,459.1,-32.67,-32.67,0,10.62
502625,456,455.8,-37.8,-37.8,0,10.62
502630,453,452.91,-42.34,-42.34,0,10.62
502635,451,451.22,-46.3,-46.3,0,10.62
502640,447,447.08,-49.68,-49.68,0,10.62
502645,447,446.77,-52.52,-52.52,0,10.62
502650,449,448.94,-54.83,-54.83,0,10.62
502655,447,447.25,-56.65,-56.65,0,10.62
502660,450,450.05,-58.01,-58.01,0,10.62
502665,454,453.74,-58.95,-58.95,0,10.62
502670,457,456.97,-59.51,-59.36,0,10.62
502675,458,458.27,-59.73,-59.36,0,10.62
502680,462,462.01,-59.67,-59.36,0,10.62
502685,465,464.71,-59.36,-59.36,0,10.62
502690,469,469.02,-58.86,-58.86,0,10.62
502695,469,469.3,-58.2,-58.2,0,10.62
502700,473,472.96,-57.44,-57.44,0,10.62
502705,475,474.69,-56.61,-56.61,0,10.62
502710,475,475.06,-55.75,-55.75,0,10.62
502715,477,477.31,-54.89,-54.89,0,10.62
502720,477,476.91,-54.08,-54.08,0,10.62
502725,474,473.68,-53.33,-53.33,0,10.62
502730,476,476.11,-52.68,-52.68,0,10.62
502735,477,477.34,-52.14,-52.14,0,10.62
502740,474,473.87,-51.73,-51.73,0,10.62
502745,485,484.64,-51.47,-51.66,0,10.62
502750,475,475.16,-51.37,-51.66,0,10.62
502755,468,468.35,-51.43,-51.66,0,10.62
502760,467,466.81,-51.66,-51.66,0,10.62
502765,465,464.66,-52.05,-52.05,0,10.62
502770,463,463.22,-52.61,-52.61,0,10.62
502775,460,460.33,-53.33,-53.33,0,10.62
502780,462,461.74,-54.2,-54.2,0,10.62
502785,455,454.68,-55.22,-55.22,0,10.62
502790,454,454.29,-56.37,-56.37,0,10.62
502795,449,449.31,-57.65,-57.65,0,10.62
502800,448,447.68,-59.03,-59.03,0,10.62
502805,446,445.7,-60.52,-60.52,0,10.62
502810,445,445.35,-62.09,-62.09,0,10.62
502816,441,441.29,-63.74,-63.74,0,10.62
502820,441,440.62,-65.44,-65.44,0,10.62
502825,438,437.72,-67.2,-67.2,0,10.62
502830,412,412.4,-68.99,-68.99,0,10.62
502835,434,434.27,-70.8,-70.8,0,10.62
502840,434,433.62,-72.63,-72.63,0,10.62
502845,433,432.75,-74.46,-74.46,0,10.62
502850,432,432.35,-76.29,-76.29,0,10.62
502855,430,430.24,-78.12,-78.12,0,10.62
502860,430,429.68,-79.92,-79.92,0,10.62
502865,429,428.78,-81.7,-81.7,0,10.62
502870,430,430.29,-83.44,-83.44,0,10.62
502875,424,424.21,-85.14,-85.14,0,10.62
502880,427,426.73,-86.8,-86.8,0,10.62
502885,427,426.82,-88.39,-88.39,0,10.62
502890,429,429.24,-89.9,-89.9,0,10.62
502895,428,428.16,-91.34,-91.34,0,10.62
502900,429,428.78,-92.68,-92.68,0,10.62
502905,426,425.86,-93.92,-93.92,0,10.62
502910,431,431.21,-95.02,-95.02,0,10.62
502915,431,431.13,-95.99,-95.99,0,10.62
502920,430,429.81,-96.79,-96.79,0,10.62
502925,429,428.88,-97.42,-97.42,0,10.62
502930,431,431.18,-97.83,-97.56,0,10.62
502935,433,433.11,-98.01,-97.56,0,10.62
502940,432,431.83,-97.93,-97.56,0,10.62
502945,434,433.89,-97.56,-97.56,0,10.62
502950,437,437.16,-96.86,-96.86,0,10.62
502955,432,432.1,-95.8,-95.8,0,10.62
502960,433,432.85,-94.36,-94.36,0,10.62
502965,431,430.9,-92.47,-92.47,0,10.62
502970,434,434.16,-90.13,-90.13,0,10.62
502975,434,434.1,-87.27,-87.27,0,10.62
502980,432,431.84,-83.87,-83.87,0,10.62
502985,433,432.9,-79.89,-79.89,0,10.62
502990,432,432.16,-75.3,-75.3,0,10.62
502995,431,431.1,-70.06,-70.06,0,10.62
503000,431,430.83,-64.16,-64.16,0,10.62
503005,431,430.9,-57.57,-57.57,0,10.62
503010,429,429.18,-50.27,-50.27,0,10.62
503015,429,429.09,-42.26,-42.26,0,10.62
503020,432,431.82,-33.54,-33.54,0,10.62
503025,435,434.91,-24.12,-24.12,0,10.62
503030,437,437.19,-14.03,-14.03,0,10.62
503035,443,443.08,-3.3,-3.3,0,10.62
503040,450,449.81,8.01,8.01,0,10.62
503045,462,461.93,19.86,19.86,0,10.62
503050,478,478.2,32.16,32.16,0,10.62
503055,495,495.07,44.82,44.82,0,10.62
503060,519,518.8,57.74,57.74,0,10.62
503065,544,543.95,70.82,70.82,0,10.62
503070,573,573.21,83.92,83.92,0,10.62
503075,596,596.04,96.93,96.93,0,10.62
503080,624,623.77,109.71,109.71,0,10.62
503085,649,648.97,122.13,122.13,0,10.62
503090,674,674.24,134.06,134.06,0,10.62
503095,696,696.01,145.38,145.38,0,10.62
503100,719,718.74,155.96,155.96,0,10.62
503105,729,728.99,165.71,165.71,0,10.62
503110,742,742.26,174.52,174.52,0,10.62
503115,754,753.99,182.3,182.3,0,10.62
503120,760,759.73,189.0,189.0,0,10.62
503125,765,765.01,194.56,194.56,0,10.62
503130,769,769.28,198.92,198.92,0,10.62
503135,767,766.98,202.08,202.08,0,10.62
503140,763,762.71,204.02,202.62,0,10.62
503145,756,756.02,204.74,202.62,0,10.62
503150,753,753.3,204.26,202.62,0,10.62
503155,742,741.98,202.62,202.62,0,10.62
503160,734,733.68,199.85,199.85,0,10.62
503165,720,720.02,196.01,196.01,0,10.62
503170,711,711.34,191.16,191.16,0,10.62
503175,699,698.99,185.37,185.37,0,10.62
503180,686,685.64,178.72,178.72,0,10.62
503185,674,674.0,171.28,171.28,0,10.62
503190,662,662.38,163.14,163.14,0,10.62
503195,651,651.0,154.38,154.38,0,10.62
503200,640,639.6,145.09,145.09,0,10.62
503205,628,627.99,135.36,135.36,0,10.62
503210,617,617.42,125.28,125.28,0,10.62
503215,606,606.02,114.92,114.92,0,10.62
503220,598,597.56,104.38,104.38,0,10.62
503225,586,585.97,93.72,93.72,0,10.62
503230,576,576.46,83.04,83.04,0,10.62
503235,565,565.04,72.4,72.4,0,10.62
503240,557,556.52,61.88,61.88,0,10.62
503245,546,545.96,51.55,51.55,0,10.62
503250,537,537.5,41.46,41.46,0,10.62
503255,526,526.05,31.69,31.69,0,10.62
503260,516,515.48,22.27,22.27,0,10.62
503265,506,505.95,13.27,13.27,0,10.62
503270,495,495.54,4.72,4.72,0,10.62
503275,483,483.05,-3.33,-3.33,0,10.62
503280,478,477.44,-10.85,-10.85,0,10.62
503285,468,467.95,-17.82,-17.82,0,10.62
503290,460,460.58,-24.21,-24.21,0,10.62
503295,455,455.05,-30.01,-30.01,0,10.62
503300,451,450.4,-35.22,-35.22,0,10.62
503305,450,449.95,-39.84,-39.84,0,10.62
503310,447,447.62,-43.88,-43.88,0,10.62
503315,445,445.04,-47.34,-47.34,0,10.62
503320,446,445.35,-50.25,-50.25,0,10.62
503325,444,443.97,-52.64,-52.64,0,10.62
503330,446,446.67,-54.54,-54.54,0,10.62
503335,448,448.03,-55.98,-55.98,0,10.62
503340,450,449.31,-57.0,-57.0,0,10.62
503345,455,454.98,-57.64,-57.64,0,10.62
503350,432,432.7,-57.94,-57.64,0,10.62
503355,459,459.01,-57.95,-57.64,0,10.62
503360,462,461.32,-57.71,-57.64,0,10.62
503365,465,465.0,-57.28,-57.28,0,10.62
503370,468,468.65,-56.7,-56.7,0,10.62
503375,470,469.99,-56.0,-56.0,0,10.62
503380,471,470.38,-55.24,-55.24,0,10.62
503385,473,473.02,-54.46,-54.46,0,10.62
503390,473,473.59,-53.68,-53.68,0,10.62
503395,475,474.97,-52.94,-52.94,0,10.62
503400,472,471.44,-52.27,-52.27,0,10.62
503405,473,473.03,-51.7,-51.7,0,10.62
503410,473,473.54,-51.23,-51.23,0,10.62
503415,472,471.96,-50.9,-50.9,0,10.62
503420,471,470.48,-50.7,-50.9,0,10.62
503425,467,467.05,-50.66,-50.9,0,10.62
503430,467,467.5,-50.77,-50.9,0,10.62
503435,464,463.95,-51.04,-51.04,0,10.62
503440,461,460.52,-51.46,-51.46,0,10.62
503445,458,458.05,-52.03,-52.03,0,10.62
503450,457,457.46,-52.75,-52.75,0,10.62
503455,455,454.95,-53.61,-53.61,0,10.62
503460,451,450.55,-54.59,-54.59,0,10.62
503465,446,446.04,-55.69,-55.69,0,10.62
503470,444,444.44,-56.89,-56.89,0,10.62
503475,442,441.96,-58.18,-58.18,0,10.62
503480,440,439.57,-59.55,-59.55,0,10.62
503485,435,435.03,-60.98,-60.98,0,10.62
503490,437,437.42,-62.46,-62.46,0,10.62
503495,434,433.99,-63.98,-63.98,0,10.62
503500,431,430.59,-65.53,-65.53,0,10.62
503505,430,430.0,-67.1,-67.1,0,10.62
503510,427,427.4,-68.67,-68.67,0,10.62
503515,425,425.02,-70.24,-70.24,0,10.62
503520,425,424.6,-71.8,-71.8,0,10.62
503525,424,423.97,-73.35,-73.35,0,10.62
503530,422,422.39,-74.87,-74.87,0,10.62
503535,424,424.05,-76.36,-76.36,0,10.62
503540,422,421.61,-77.82,-77.82,0,10.62
503545,424,423.94,-79.25,-79.25,0,10.62
503550,423,423.38,-80.65,-80.65,0,10.62
503555,423,423.07,-82.0,-82.0,0,10.62
503560,422,421.62,-83.31,-83.31,0,10.62
503565,422,421.91,-84.58,-84.58,0,10.62
503570,420,420.38,-85.8,-85.8,0,10.62
503575,421,421.1,-86.97,-86.97,0,10.62
503580,423,422.62,-88.09,-88.09,0,10.62
503585,423,422.89,-89.14,-89.14,0,10.62
503590,423,423.37,-90.13,-90.13,0,10.62
503595,423,423.12,-91.05,-91.05,0,10.62
503600,426,425.63,-91.89,-91.89,0,10.62
503605,426,425.87,-92.64,-92.64,0,10.62
503610,425,425.36,-93.28,-93.28,0,10.62
503615,426,426.14,-93.81,-93.81,0,10.62
503620,427,426.65,-94.2,-94.2,0,10.62
503625,428,427.85,-94.44,-94.2,0,10.62
503630,428,428.34,-94.51,-94.2,0,10.62
503635,429,429.15,-94.38,-94.2,0,10.62
503640,432,431.66,-94.03,-94.03,0,10.62
503645,431,430.84,-93.42,-93.42,0,10.62
503650,433,433.32,-92.54,-92.54,0,10.62
503655,431,431.16,-91.35,-91.35,0,10.62
503660,431,430.68,-89.81,-89.81,0,10.62
503665,432,431.83,-87.89,-87.89,0,10.62
503670,433,433.31,-85.55,-85.55,0,10.62
503675,432,432.17,-82.77,-82.77,0,10.62
503680,435,434.69,-79.5,-79.5,0,10.62
503685,434,433.83,-75.71,-75.71,0,10.62
503690,438,438.31,-71.36,-71.36,0,10.62
503695,434,434.18,-66.43,-66.43,0,10.62
503700,434,433.69,-60.89,-60.89,0,10.62
503705,433,432.82,-54.72,-54.72,0,10.62
503710,434,434.32,-47.89,-47.89,0,10.62
503715,434,434.19,-40.4,-40.4,0,10.62
503720,434,433.67,-32.24,-32.24,0,10.62
503725,436,435.81,-23.42,-23.42,0,10.62
503730,438,438.34,-13.95,-13.95,0,10.62
503735,440,440.2,-3.87,-3.87,0,10.62
503740,447,446.65,6.8,6.8,0,10.62
503745,457,456.8,18.0,18.0,0,10.62
503750,466,466.37,29.66,29.66,0,10.62
503755,483,483.2,41.71,41.71,0,10.62
503760,505,504.62,54.05,54.05,0,10.62
503765,526,525.8,66.59,66.59,0,10.62
503770,552,552.39,79.2,79.2,0,10.62
503775,579,579.2,91.77,91.77,0,10.62
503780,605,604.6,104.17,104.17,0,10.62
503785,632,631.8,116.28,116.28,0,10.62
503790,657,657.4,127.95,127.95,0,10.62
503795,680,680.2,139.08,139.08,0,10.62
503800,699,698.58,149.53,149.53,0,10.62
503805,716,715.79,159.2,159.2,0,10.62
503810,733,733.43,167.98,167.98,0,10.62
503815,743,743.21,175.79,175.79,0,10.62
503820,752,751.54,182.55,182.55,0,10.62
503825,760,759.77,188.2,188.2,0,10.62
503830,760,760.48,192.69,192.69,0,10.62
503835,760,760.22,195.99,195.99,0,10.62
503840,759,758.5,198.09,197.26,0,10.62
503845,757,756.77,199.0,197.26,0,10.62
503850,747,747.52,198.71,197.26,0,10.62
503855,739,739.22,197.26,197.26,0,10.62
503860,729,728.46,194.7,194.7,0,10.62
503865,719,718.79,191.07,191.07,0,10.62
503870,706,706.57,186.44,186.44,0,10.62
503875,695,695.21,180.87,180.87,0,10.62
503880,682,681.41,174.45,174.45,0,10.62
503885,669,668.8,167.25,167.25,0,10.62
503890,641,641.61,159.35,159.35,0,10.62
503895,645,645.2,150.86,150.86,0,10.62
503900,632,631.4,141.85,141.85,0,10.62
503905,620,619.81,132.41,132.41,0,10.62
503910,610,610.59,122.63,122.63,0,10.62
503915,599,599.19,112.6,112.6,0,10.62
503920,591,590.42,102.4,102.4,0,10.62
503925,584,583.81,92.1,92.1,0,10.62
503930,571,571.56,81.79,81.79,0,10.62
503935,561,561.18,71.55,71.55,0,10.62
503940,552,551.45,61.43,61.43,0,10.62
503945,543,542.83,51.52,51.52,0,10.62
503950,533,533.54,41.86,41.86,0,10.62
503955,522,522.16,32.53,32.53,0,10.62
503960,514,513.47,23.57,23.57,0,10.62
503965,502,501.85,15.03,15.03,0,10.62
503970,494,494.53,6.96,6.96,0,10.62
503975,484,484.13,-0.62,-0.62,0,10.62
503980,477,476.48,-7.66,-7.66,0,10.62
503985,468,467.88,-14.14,-14.14,0,10.62
503990,463,463.51,-20.05,-20.05,0,10.62
503995,458,458.11,-25.38,-25.38,0,10.62
504000,454,453.49,-30.12,-30.12,0,10.62
504005,451,450.89,-34.28,-34.28,0,10.62
504010,450,450.5,-37.87,-37.87,0,10.62
504015,449,449.1,-40.9,-40.9,0,10.62
504020,449,448.5,-43.4,-43.4,0,10.62
504025,447,446.91,-45.39,-45.39,0,10.62
504030,452,452.5,-46.92,-46.92,0,10.62
504035,456,456.1,-48.01,-48.01,0,10.62
504040,458,457.5,-48.71,-48.71,0,10.62
504045,460,459.9,-49.06,-48.71,0,10.62
504050,459,459.5,-49.1,-48.71,0,10.62
504055,466,466.11,-48.88,-48.71,0,10.62
504060,471,470.51,-48.45,-48.45,0,10.62
504065,467,466.88,-47.86,-47.86,0,10.62
504070,474,474.48,-47.13,-47.13,0,10.62
504075,477,477.14,-46.33,-46.33,0,10.62
504080,479,478.53,-45.49,-45.49,0,10.62
504085,479,478.84,-44.65,-44.65,0,10.62
504090,480,480.46,-43.84,-43.84,0,10.62
504095,479,479.19,-43.1,-43.1,0,10.62
504100,483,482.56,-42.44,-42.44,0,10.62
504105,480,479.79,-41.9,-41.9,0,10.62
504110,478,478.42,-41.49,-41.49,0,10.62
504115,479,479.23,-41.23,-41.43,0,10.62
504120,482,481.6,-41.12,-41.43,0,10.62
504125,474,473.74,-41.19,-41.43,0,10.62
504130,469,469.37,-41.43,-41.43,0,10.62
504135,472,472.28,-41.85,-41.85,0,10.62
504140,468,467.67,-42.43,-42.43,0,10.62
504145,465,464.68,-43.18,-43.18,0,10.62
504150,463,463.28,-44.1,-44.1,0,10.62
504155,460,460.35,-45.17,-45.17,0,10.62
504160,457,456.76,-46.37,-46.37,0,10.62
504165,455,454.61,-47.71,-47.71,0,10.62
504170,449,449.2,-49.17,-49.17,0,10.62
504175,447,447.42,-50.74,-50.74,0,10.62
504180,445,444.84,-52.39,-52.39,0,10.62
504185,444,443.55,-54.13,-54.13,0,10.62
504190,443,443.11,-55.93,-55.93,0,10.62
504195,440,440.49,-57.79,-57.79,0,10.62
504200,436,435.93,-59.69,-59.69,0,10.62
504205,437,436.48,-61.61,-61.61,0,10.62
504210,436,436.04,-63.56,-63.56,0,10.62
504215,435,435.56,-65.51,-65.51,0,10.62
504220,431,430.99,-67.45,-67.45,0,10.62
504225,431,430.41,-69.39,-69.39,0,10.62
504230,430,429.98,-71.3,-71.3,0,10.62
504235,430,430.64,-73.17,-73.17,0,10.62
504240,428,428.04,-75.01,-75.01,0,10.62
504245,427,426.32,-76.79,-76.79,0,10.62
504250,429,428.93,-78.51,-78.51,0,10.62
504255,402,402.71,-80.17,-80.17,0,10.62
504260,425,425.09,-81.74,-81.74,0,10.62
504265,426,425.29,-83.23,-83.23,0,10.62
504270,428,427.89,-84.63,-84.63,0,10.62
504275,429,429.7,-85.92,-85.92,0,10.62
504280,427,427.12,-87.11,-87.11,0,10.62
504285,428,427.3,-88.17,-88.17,0,10.62
504290,428,427.86,-89.11,-89.11,0,10.62
504295,428,428.69,-89.9,-89.9,0,10.62
504300,431,431.15,-90.52,-90.52,0,10.62
504305,430,429.31,-90.97,-90.97,0,10.62
504310,431,430.83,-91.23,-90.97,0,10.62
504315,432,432.68,-91.27,-90.97,0,10.62
504320,433,433.19,-91.07,-90.97,0,10.62
504325,433,432.32,-90.6,-90.6,0,10.62
504330,436,435.79,-89.84,-89.84,0,10.62
504335,436,436.69,-88.76,-88.76,0,10.62
504340,435,435.22,-87.33,-87.33,0,10.62
504345,436,435.3,-85.52,-85.52,0,10.62
504350,436,435.76,-83.29,-83.29,0,10.62
504355,438,438.71,-80.62,-80.62,0,10.62
504360,436,436.26,-77.47,-77.47,0,10.62
504365,438,437.28,-73.8,-73.8,0,10.62
504370,434,433.72,-69.59,-69.59,0,10.62
504375,435,435.73,-64.81,-64.81,0,10.62
504380,433,433.3,-59.43,-59.43,0,10.62
504385,433,432.25,-53.44,-53.44,0,10.62
504390,434,433.68,-46.81,-46.81,0,10.62
504395,418,418.76,-39.55,-39.55,0,10.62
504400,434,434.34,-31.65,-31.65,0,10.62
504405,437,436.25,-23.12,-23.12,0,10.62
504410,435,434.64,-13.98,-13.98,0,10.62
504415,439,439.72,-4.27,-4.27,0,10.62
504420,446,446.38,5.97,5.97,0,10.62
504425,459,458.31,16.69,16.69,0,10.62
504430,470,469.6,27.81,27.81,0,10.62
504435,485,485.66,39.24,39.24,0,10.62
504440,506,506.43,50.91,50.91,0,10.62
504445,531,530.38,62.69,62.69,0,10.62
504450,554,553.55,74.48,74.48,0,10.62
504455,581,581.59,86.15,86.15,0,10.62
504460,607,607.48,97.58,97.58,0,10.62
504465,630,629.44,108.65,108.65,0,10.62
504470,654,653.49,119.23,119.23,0,10.62
504475,675,675.52,129.2,129.2,0,10.62
504480,691,691.54,138.44,138.44,0,10.62
504485,708,707.5,146.87,146.87,0,10.62
504490,720,719.43,154.37,154.37,0,10.62
504495,732,732.47,160.88,160.88,0,10.62
504500,736,736.6,166.33,166.33,0,10.62
504505,741,740.54,170.66,170.66,0,10.62
504510,740,739.36,173.85,173.85,0,10.62
504515,739,739.43,175.86,174.93,0,10.62
504520,737,737.67,176.71,174.93,0,10.62
504525,729,728.58,176.39,174.93,0,10.62
504530,720,719.29,174.93,174.93,0,10.62
504535,711,711.4,172.36,172.36,0,10.62
504540,701,701.76,168.75,168.75,0,10.62
504545,689,688.62,164.13,164.13,0,10.62
504550,677,676.19,158.59,158.59,0,10.62
504555,664,664.36,152.2,152.2,0,10.62
504560,651,651.86,145.02,145.02,0,10.62
504565,641,640.66,137.17,137.17,0,10.62
504570,651,650.1,128.71,128.71,0,10.62
504575,615,615.32,119.74,119.74,0,10.62
504580,604,604.9,110.36,110.36,0,10.62
504585,590,589.7,100.65,100.65,0,10.62
504590,580,579.1,90.73,90.73,0,10.62
504595,569,569.29,80.67,80.67,0,10.62
504600,536,536.88,70.56,70.56,0,10.62
504605,549,548.73,60.49,60.49,0,10.62
504610,537,536.17,50.54,50.54,0,10.62
504615,529,529.26,40.79,40.79,0,10.62
504620,522,522.78,31.3,31.3,0,10.62
504625,510,509.76,22.13,22.13,0,10.62
504630,499,498.27,13.36,13.36,0,10.62
504635,489,489.23,5.02,5.02,0,10.62
504640,482,482.69,-2.83,-2.83,0,10.62
504645,471,470.79,-10.16,-10.16,0,10.62
504650,465,464.35,-16.93,-16.93,0,10.62
504655,459,459.2,-23.11,-23.11,0,10.62
504660,451,451.61,-28.69,-28.69,0,10.62
504665,451,450.81,-33.66,-33.66,0,10.62
504670,446,445.43,-38.01,-38.01,0,10.62
504675,443,443.17,-41.75,-41.75,0,10.62
504680,443,443.53,-44.9,-44.9,0,10.62
504685,442,441.85,-47.47,-47.47,0,10.62
504690,443,442.5,-49.49,-49.49,0,10.62
504695,447,447.14,-50.98,-50.98,0,10.62
504700,448,448.46,-51.99,-51.99,0,10.62
504705,451,450.87,-52.56,-52.07,0,10.62
504710,454,453.57,-52.73,-52.07,0,10.62
504715,460,460.12,-52.55,-52.07,0,10.62
504720,462,462.4,-52.07,-52.07,0,10.62
504725,466,465.89,-51.33,-51.33,0,10.62
504730,470,469.63,-50.39,-50.39,0,10.62
504735,472,472.11,-49.3,-49.3,0,10.62
504740,476,476.34,-48.1,-48.1,0,10.62
504745,480,479.9,-46.84,-46.84,0,10.62
504750,480,479.68,-45.57,-45.57,0,10.62
504755,483,483.09,-44.32,-44.32,0,10.62
504760,484,484.29,-43.13,-43.13,0,10.62
504765,484,483.92,-42.03,-42.03,0,10.62
504770,485,484.73,-41.06,-41.06,0,10.62
504775,485,485.07,-40.23,-40.23,0,10.62
504780,487,487.24,-39.57,-39.57,0,10.62
504785,484,483.93,-39.1,-39.1,0,10.62
504790,482,481.77,-38.83,-39.1,0,10.62
504795,479,479.06,-38.76,-39.1,0,10.62
504800,479,479.21,-38.9,-39.1,0,10.62
504805,477,476.96,-39.26,-39.26,0,10.62
504810,473,472.8,-39.82,-39.82,0,10.62
504815,471,471.03,-40.59,-40.59,0,10.62
504820,466,466.19,-41.55,-41.55,0,10.62
504825,464,463.98,-42.71,-42.71,0,10.62
504830,462,461.82,-44.03,-44.03,0,10.62
504835,460,460.01,-45.52,-45.52,0,10.62
504840,457,457.16,-47.17,-47.17,0,10.62
504845,451,451.0,-48.94,-48.94,0,10.62
504850,451,450.85,-50.83,-50.83,0,10.62
504855,448,448.0,-52.83,-52.83,0,10.62
504860,445,445.14,-54.91,-54.91,0,10.62
504865,444,444.01,-57.07,-57.07,0,10.62
504870,441,440.88,-59.28,-59.28,0,10.62
504875,440,439.99,-61.53,-61.53,0,10.62
504880,438,438.11,-63.81,-63.81,0,10.62
504885,437,437.01,-66.1,-66.1,0,10.62
504890,436,435.9,-68.38,-68.38,0,10.62
504895,435,434.98,-70.65,-70.65,0,10.62
504900,434,434.09,-72.89,-72.89,0,10.62
504905,432,432.02,-75.08,-75.08,0,10.62
504910,434,433.93,-77.21,-77.21,0,10.62
504915,431,430.98,-79.27,-79.27,0,10.62
504920,433,433.06,-81.23,-81.23,0,10.62
504925,431,431.02,-83.09,-83.09,0,10.62
504930,434,433.95,-84.84,-84.84,0,10.62
504935,432,431.98,-86.44,-86.44,0,10.62
504940,432,432.03,-87.88,-87.88,0,10.62
504945,432,432.02,-89.14,-89.14,0,10.62
504950,433,432.99,-90.21,-90.21,0,10.62
504955,435,434.98,-91.05,-91.05,0,10.62
504960,434,433.99,-91.64,-91.64,0,10.62
504965,435,435.02,-91.96,-91.64,0,10.62
504970,434,434.03,-91.98,-91.64,0,10.62
504975,435,434.99,-91.66,-91.64,0,10.62
504980,436,435.96,-90.97,-90.97,0,10.62
504985,435,435.01,-89.89,-89.89,0,10.62
504990,433,433.06,-88.38,-88.38,0,10.62
504995,436,435.99,-86.41,-86.41,0,10.62
505000,437,436.93,-83.93,-83.93,0,10.62
505005,437,437.0,-80.93,-80.93,0,10.62
505010,434,434.07,-77.36,-77.36,0,10.62
505015,435,435.0,-73.2,-73.2,0,10.62
505020,436,435.93,-68.42,-68.42,0,10.62
505025,438,438.0,-62.99,-62.99,0,10.62
505030,432,432.07,-56.9,-56.9,0,10.62
505035,436,435.99,-50.14,-50.14,0,10.62
505040,435,434.94,-42.68,-42.68,0,10.62
505045,436,436.01,-34.55,-34.55,0,10.62
505050,436,436.05,-25.74,-25.74,0,10.62
505055,440,439.98,-16.28,-16.28,0,10.62
505060,442,441.96,-6.19,-6.19,0,10.62
505065,448,448.02,4.47,4.47,0,10.62
505070,460,460.04,15.66,15.66,0,10.62
505075,473,472.98,27.3,27.3,0,10.62
505080,488,487.97,39.3,39.3,0,10.62
505085,510,510.02,51.59,51.59,0,10.62
505090,533,533.03,64.03,64.03,0,10.62
505095,558,557.98,76.54,76.54,0,10.62
505100,585,584.97,88.97,88.97,0,10.62
505105,611,611.02,101.2,101.2,0,10.62
505110,636,636.02,113.11,113.11,0,10.62
505115,660,659.98,124.56,124.56,0,10.62
505120,678,677.98,135.44,135.44,0,10.62
505125,701,701.01,145.62,145.62,0,10.62
505130,718,718.02,155.0,155.0,0,10.62
505135,733,732.98,163.47,163.47,0,10.62
505140,746,745.97,170.95,170.95,0,10.62
505145,752,752.01,177.36,177.36,0,10.62
505150,756,756.03,182.65,182.65,0,10.62
505155,759,758.99,186.78,186.78,0,10.62
505160,759,758.97,189.71,189.71,0,10.62
505165,756,756.01,191.44,189.71,0,10.62
505170,750,750.03,191.97,189.71,0,10.62
505175,741,740.99,191.31,189.71,0,10.62
505180,735,734.98,189.5,189.5,0,10.62
505185,725,725.01,186.58,186.58,0,10.62
505190,714,714.02,182.59,182.59,0,10.62
505195,703,702.98,177.61,177.61,0,10.62
505200,690,689.99,171.71,171.71,0,10.62
505205,678,678.02,164.95,164.95,0,10.62
505210,666,666.01,157.43,157.43,0,10.62
505215,653,652.97,149.22,149.22,0,10.62
505220,641,640.99,140.43,140.43,0,10.62
505225,628,628.03,131.13,131.13,0,10.62
505230,618,618.01,121.42,121.42,0,10.62
505235,606,605.96,111.39,111.39,0,10.62
505240,591,590.99,101.12,101.12,0,10.62
505245,582,582.04,90.71,90.71,0,10.62
505250,573,573.01,80.24,80.24,0,10.62
505255,564,563.96,69.79,69.79,0,10.62
505260,554,553.98,59.43,59.43,0,10.62
505265,544,544.03,49.24,49.24,0,10.62
505270,535,535.03,39.28,39.28,0,10.62
505275,524,523.97,29.62,29.62,0,10.62
505280,513,512.96,20.31,20.31,0,10.62
505285,504,504.03,11.41,11.41,0,10.62
505290,495,495.05,2.97,2.97,0,10.62
505295,487,486.98,-4.98,-4.98,0,10.62
505300,479,478.94,-12.4,-12.4,0,10.62
505305,470,470.02,-19.26,-19.26,0,10.62
505310,463,463.08,-25.54,-25.54,0,10.62
505315,458,457.99,-31.23,-31.23,0,10.62
505320,453,452.92,-36.32,-36.32,0,10.62
505325,450,450.0,-40.81,-40.81,0,10.62
505330,447,447.09,-44.71,-44.71,0,10.62
505335,445,445.01,-48.03,-48.03,0,10.62
505340,447,446.9,-50.8,-50.8,0,10.62
505345,448,447.99,-53.03,-53.03,0,10.62
505350,447,447.11,-54.77,-54.77,0,10.62
505355,451,451.01,-56.04,-56.04,0,10.62
505360,456,455.89,-56.9,-56.9,0,10.62
505365,457,456.99,-57.37,-56.99,0,10.62
505370,461,461.11,-57.52,-56.99,0,10.62
505375,465,465.01,-57.37,-56.99,0,10.62
505380,467,466.89,-56.99,-56.99,0,10.62
505385,469,468.98,-56.42,-56.42,0,10.62
505390,473,473.11,-55.7,-55.7,0,10.62
505395,473,473.02,-54.88,-54.88,0,10.62
505400,478,477.89,-53.99,-53.99,0,10.62
505405,479,478.97,-53.09,-53.09,0,10.62
505410,481,481.11,-52.2,-52.2,0,10.62
505415,481,481.03,-51.36,-51.36,0,10.62
505420,480,479.89,-50.59,-50.59,0,10.62
505425,480,479.97,-49.92,-49.92,0,10.62
505430,481,481.11,-49.38,-49.38,0,10.62
505435,480,480.03,-48.97,-48.97,0,10.62
505440,480,479.88,-48.71,-48.92,0,10.62
505445,477,476.96,-48.62,-48.92,0,10.62
505450,473,473.12,-48.69,-48.92,0,10.62
505455,470,470.04,-48.92,-48.92,0,10.62
505460,471,470.88,-49.32,-49.32,0,10.62
505465,467,466.96,-49.89,-49.89,0,10.62
505470,465,465.11,-50.61,-50.61,0,10.62
505475,463,463.04,-51.48,-51.48,0,10.62
505480,459,458.89,-52.49,-52.49,0,10.62
505485,456,455.96,-53.63,-53.63,0,10.62
505490,454,454.11,-54.88,-54.88,0,10.62
505495,451,451.05,-56.24,-56.24,0,10.62
505500,448,447.9,-57.69,-57.69,0,10.62
505505,446,445.95,-59.21,-59.21,0,10.62
505510,439,439.1,-60.8,-60.8,0,10.62
505515,441,441.05,-62.43,-62.43,0,10.62
505520,440,439.91,-64.11,-64.11,0,10.62
505525,439,438.94,-65.82,-65.82,0,10.62
505530,438,438.08,-67.55,-67.55,0,10.62
505535,434,434.06,-69.28,-69.28,0,10.62
505540,435,434.93,-71.02,-71.02,0,10.62
505545,432,431.95,-72.76,-72.76,0,10.62
505550,432,432.06,-74.48,-74.48,0,10.62
505555,430,430.05,-76.19,-76.19,0,10.62
505560,431,430.96,-77.88,-77.88,0,10.62
505565,429,428.95,-79.54,-79.54,0,10.62
505570,429,429.03,-81.17,-81.17,0,10.62
505575,429,429.05,-82.77,-82.77,0,10.62
505580,428,427.98,-84.32,-84.32,0,10.62
505585,428,427.95,-85.84,-85.84,0,10.62
505590,428,428.0,-87.32,-87.32,0,10.62
505595,426,426.05,-88.74,-88.74,0,10.62
505600,431,431.01,-90.11,-90.11,0,10.62
505605,429,428.96,-91.42,-91.42,0,10.62
505610,428,427.97,-92.66,-92.66,0,10.62
505615,431,431.04,-93.83,-93.83,0,10.62
505620,431,431.05,-94.91,-94.91,0,10.62
505625,431,430.97,-95.9,-95.9,0,10.62
505630,433,432.92,-96.77,-96.77,0,10.62
505635,429,429.03,-97.51,-97.51,0,10.62
505640,434,434.1,-98.11,-98.11,0,10.62
505645,433,432.98,-98.54,-98.54,0,10.62
505650,436,435.88,-98.78,-98.54,0,10.62
505655,435,435.01,-98.8,-98.54,0,10.62
505660,436,436.14,-98.58,-98.54,0,10.62
505665,435,435.0,-98.08,-98.08,0,10.62
505670,437,436.83,-97.27,-97.27,0,10.62
505675,438,437.99,-96.12,-96.12,0,10.62
505680,437,437.19,-94.6,-94.6,0,10.62
505685,436,436.01,-92.65,-92.65,0,10.62
505690,441,440.79,-90.25,-90.25,0,10.62
505695,439,438.99,-87.35,-87.35,0,10.62
505700,440,440.22,-83.93,-83.93,0,10.62
505705,439,439.01,-79.93,-79.93,0,10.62
505710,439,438.76,-75.32,-75.32,0,10.62
505715,439,438.99,-70.08,-70.08,0,10.62
505720,431,431.25,-64.16,-64.16,0,10.62
505725,438,438.0,-57.55,-57.55,0,10.62
505730,441,440.75,-50.22,-50.22,0,10.62
505735,438,438.0,-42.18,-42.18,0,10.62
505740,436,436.24,-33.4,-33.4,0,10.62
505745,440,440.0,-23.91,-23.91,0,10.62
505750,442,441.77,-13.72,-13.72,0,10.62
505755,446,446.01,-2.85,-2.85,0,10.62
505760,453,453.22,8.64,8.64,0,10.62
505765,465,465.0,20.69,20.69,0,10.62
505770,479,478.8,33.25,33.25,0,10.62
505775,498,498.01,46.21,46.21,0,10.62
505780,519,519.19,59.48,59.48,0,10.62
505785,544,543.99,72.96,72.96,0,10.62
505790,573,572.83,86.51,86.51,0,10.62
505795,601,601.01,100.0,100.0,0,10.62
505800,629,629.15,113.31,113.31,0,10.62
505805,657,656.99,126.3,126.3,0,10.62
505810,682,681.87,138.84,138.84,0,10.62
505815,704,704.01,150.78,150.78,0,10.62
505820,728,728.11,162.02,162.02,0,10.62
505825,744,743.98,172.42,172.42,0,10.62
505830,759,758.9,181.9,181.9,0,10.62
505835,772,772.01,190.35,190.35,0,10.62
505840,778,778.08,197.7,197.7,0,10.62
505845,784,783.98,203.89,203.89,0,10.62
505850,788,787.93,208.88,208.88,0,10.62
505855,787,787.02,212.63,212.63,0,10.62
505860,785,785.05,215.12,215.12,0,10.62
505865,782,781.98,216.36,215.12,0,10.62
505870,773,772.96,216.37,215.12,0,10.62
505875,766,766.02,215.17,215.12,0,10.62
505880,754,754.02,212.8,212.8,0,10.62
505885,744,743.97,209.31,209.31,0,10.62
505890,733,732.99,204.77,204.77,0,10.62
505895,722,722.03,199.25,199.25,0,10.62
505900,709,708.99,192.82,192.82,0,10.62
505905,696,695.97,185.55,185.55,0,10.62
505910,686,686.03,177.55,177.55,0,10.62
505915,671,671.04,168.89,168.89,0,10.62
505920,661,660.95,159.66,159.66,0,10.62
505925,647,646.95,149.95,149.95,0,10.62
505930,639,639.08,139.85,139.85,0,10.62
505935,628,628.05,129.45,129.45,0,10.62
505940,617,616.9,118.84,118.84,0,10.62
505945,604,603.93,108.08,108.08,0,10.62
505950,597,597.12,97.28,97.28,0,10.62
505955,588,588.09,86.49,86.49,0,10.62
505960,576,575.85,75.79,75.79,0,10.62
505965,568,567.89,65.26,65.26,0,10.62
505970,557,557.18,54.95,54.95,0,10.62
505975,549,549.13,44.93,44.93,0,10.62
505980,538,537.79,35.25,35.25,0,10.62
505985,527,526.85,25.96,25.96,0,10.62
505990,517,517.23,17.11,17.11,0,10.62
505995,508,508.18,8.74,8.74,0,10.62
506000,496,495.74,0.88,0.88,0,10.62
506005,488,487.79,-6.44,-6.44,0,10.62
506010,480,480.3,-13.19,-13.19,0,10.62
506015,476,476.24,-19.37,-19.37,0,10.62
506020,472,471.68,-24.97,-24.97,0,10.62
506025,465,464.72,-29.98,-29.98,0,10.62
506030,447,447.34,-34.41,-34.41,0,10.62
506035,460,460.32,-38.28,-38.28,0,10.62
506040,462,461.67,-41.6,-41.6,0,10.62
506045,472,471.65,-44.4,-44.4,0,10.62
506050,463,463.31,-46.72,-46.72,0,10.62
506055,462,462.36,-48.59,-48.59,0,10.62
506060,465,464.71,-50.04,-50.04,0,10.62
506065,467,466.63,-51.12,-51.12,0,10.62
506070,470,470.28,-51.88,-51.88,0,10.62
506075,471,471.37,-52.35,-52.35,0,10.62
506080,475,474.74,-52.58,-52.35,0,10.62
506085,476,475.62,-52.62,-52.35,0,10.62
506090,479,479.25,-52.51,-52.35,0,10.62
506095,481,481.38,-52.29,-52.29,0,10.62
506100,483,482.76,-52.01,-52.01,0,10.62
506105,487,486.61,-51.7,-51.7,0,10.62
506110,486,486.22,-51.4,-51.4,0,10.62
506115,486,486.4,-51.14,-51.14,0,10.62
506120,485,484.79,-50.94,-50.95,0,10.62
506125,484,483.6,-50.83,-50.95,0,10.62
506130,482,482.2,-50.83,-50.95,0,10.62
506135,481,481.41,-50.95,-50.95,0,10.62
506140,481,480.81,-51.21,-51.21,0,10.62
506145,478,477.59,-51.6,-51.6,0,10.62
506150,475,475.17,-52.14,-52.14,0,10.62
506155,472,472.42,-52.83,-52.83,0,10.62
506160,469,468.84,-53.66,-53.66,0,10.62
506165,465,464.57,-54.62,-54.62,0,10.62
506170,462,462.14,-55.72,-55.72,0,10.62
506175,456,456.43,-56.93,-56.93,0,10.62
506180,457,456.87,-58.26,-58.26,0,10.62
506185,453,452.56,-59.68,-59.68,0,10.62
506190,450,450.11,-61.18,-61.18,0,10.62
506195,446,446.44,-62.76,-62.76,0,10.62
506200,444,443.91,-64.4,-64.4,0,10.62
506205,448,447.56,-66.08,-66.08,0,10.62
506210,439,439.08,-67.8,-67.8,0,10.62
506215,436,436.43,-69.53,-69.53,0,10.62
506220,434,433.94,-71.28,-71.28,0,10.62
506225,434,433.59,-73.03,-73.03,0,10.62
506230,433,433.05,-74.77,-74.77,0,10.62
506235,431,431.4,-76.49,-76.49,0,10.62
506240,430,429.96,-78.18,-78.18,0,10.62
506245,428,427.62,-79.84,-79.84,0,10.62
506250,427,427.02,-81.46,-81.46,0,10.62
506255,424,424.37,-83.04,-83.04,0,10.62
506260,423,422.99,-84.57,-84.57,0,10.62
506265,424,423.65,-86.06,-86.06,0,10.62
506270,425,425.01,-87.49,-87.49,0,10.62
506275,425,425.34,-88.87,-88.87,0,10.62
506280,424,424.0,-90.19,-90.19,0,10.62
506285,427,426.68,-91.46,-91.46,0,10.62
506290,426,426.0,-92.68,-92.68,0,10.62
506295,426,426.31,-93.84,-93.84,0,10.62
506300,426,426.0,-94.94,-94.94,0,10.62
506305,427,426.71,-95.98,-95.98,0,10.62
506310,429,429.0,-96.95,-96.95,0,10.62
506315,431,431.28,-97.85,-97.85,0,10.62
506320,429,429.0,-98.66,-98.66,0,10.62
506325,431,430.73,-99.39,-99.39,0,10.62
506330,432,432.01,-100.01,-100.01,0,10.62
506335,431,431.26,-100.51,-100.51,0,10.62
506340,432,431.99,-100.88,-100.88,0,10.62
506345,433,432.75,-101.09,-100.88,0,10.62
506350,431,431.02,-101.12,-100.88,0,10.62
506355,436,436.25,-100.96,-100.88,0,10.62
506360,435,434.98,-100.56,-100.56,0,10.62
506365,436,435.76,-99.91,-99.91,0,10.62
506370,435,435.02,-98.97,-98.97,0,10.62
506375,435,435.24,-97.7,-97.7,0,10.62
506380,438,437.98,-96.08,-96.08,0,10.62
506385,439,438.77,-94.06,-94.06,0,10.62
506390,438,438.02,-91.62,-91.62,0,10.62
506395,439,439.22,-88.7,-88.7,0,10.62
506400,439,438.99,-85.28,-85.28,0,10.62
506405,438,437.79,-81.32,-81.32,0,10.62
506410,439,439.01,-76.78,-76.78,0,10.62
506415,438,438.2,-71.63,-71.63,0,10.62
506420,436,435.99,-65.84,-65.84,0,10.62
506425,437,436.8,-59.4,-59.4,0,10.62
506430,436,436.01,-52.27,-52.27,0,10.62
506435,437,437.19,-44.45,-44.45,0,10.62
506440,435,434.99,-35.95,-35.95,0,10.62
506445,438,437.81,-26.76,-26.76,0,10.62
506450,438,438.01,-16.9,-16.9,0,10.62
506455,446,446.19,-6.41,-6.41,0,10.62
506460,455,455.0,4.68,4.68,0,10.62
506465,464,463.82,16.3,16.3,0,10.62
506470,478,478.0,28.38,28.38,0,10.62
506475,496,496.18,40.84,40.84,0,10.62
506480,519,519.02,53.59,53.59,0,10.62
506485,544,543.82,66.51,66.51,0,10.62
506490,569,568.97,79.48,79.48,0,10.62
506495,595,595.17,92.39,92.39,0,10.62
506500,625,625.04,105.11,105.11,0,10.62
506505,650,649.83,117.5,117.5,0,10.62
506510,674,673.94,129.43,129.43,0,10.62
506515,697,697.16,140.79,140.79,0,10.62
506520,717,717.07,151.45,151.45,0,10.62
506525,733,732.85,161.31,161.31,0,10.62
506530,746,745.91,170.26,170.26,0,10.62
506535,756,756.14,178.23,178.23,0,10.62
506540,761,761.11,185.15,185.15,0,10.62
506545,769,768.86,190.94,190.94,0,10.62
506550,770,769.87,195.58,195.58,0,10.62
506555,772,772.13,199.04,199.04,0,10.62
506560,768,768.14,201.31,201.02,0,10.62
506565,761,760.88,202.38,201.02,0,10.62
506570,757,756.84,202.27,201.02,0,10.62
506575,748,748.12,201.02,201.02,0,10.62
506580,737,737.17,198.66,198.66,0,10.62
506585,729,728.88,195.24,195.24,0,10.62
506590,719,718.82,190.82,190.82,0,10.62
506595,706,706.12,185.47,185.47,0,10.62
506600,689,689.19,179.26,179.26,0,10.62
506605,683,682.88,172.26,172.26,0,10.62
506610,671,670.82,164.56,164.56,0,10.62
506615,658,658.12,156.24,156.24,0,10.62
506620,648,648.18,147.38,147.38,0,10.62
506625,637,636.88,138.07,138.07,0,10.62
506630,628,627.83,128.39,128.39,0,10.62
506635,618,618.12,118.41,118.41,0,10.62
506640,609,609.16,108.22,108.22,0,10.62
506645,601,600.88,97.9,97.9,0,10.62
506650,590,589.85,87.53,87.53,0,10.62
506655,581,581.11,77.16,77.16,0,10.62
506660,573,573.15,66.88,66.88,0,10.62
506665,560,559.89,56.75,56.75,0,10.62
506670,555,554.86,46.84,46.84,0,10.62
506675,538,538.11,37.19,37.19,0,10.62
506680,530,530.14,27.87,27.87,0,10.62
506685,518,517.9,18.94,18.94,0,10.62
506690,509,508.87,10.42,10.42,0,10.62
506695,501,501.1,2.37,2.37,0,10.62
506700,490,490.12,-5.18,-5.18,0,10.62
506705,487,486.91,-12.2,-12.2,0,10.62
506710,472,471.89,-18.68,-18.68,0,10.62
506715,468,468.09,-24.59,-24.59,0,10.62
506720,463,463.11,-29.92,-29.92,0,10.62
506725,461,460.93,-34.68,-34.68,0,10.62
506730,456,455.9,-38.87,-38.87,0,10.62
506735,453,453.06,-42.5,-42.5,0,10.62
506740,455,455.1,-45.59,-45.59,0,10.62
506745,450,449.96,-48.16,-48.16,0,10.62
506750,457,456.9,-50.24,-50.24,0,10.62
506755,459,459.03,-51.87,-51.87,0,10.62
506760,461,461.1,-53.09,-53.09,0,10.62
506765,461,460.98,-53.93,-53.93,0,10.62
506770,466,465.9,-54.44,-54.42,0,10.62
506775,467,467.02,-54.66,-54.42,0,10.62
506780,471,471.1,-54.64,-54.42,0,10.62
506785,473,472.99,-54.42,-54.42,0,10.62
506790,478,477.9,-54.06,-54.06,0,10.62
506795,477,477.01,-53.58,-53.58,0,10.62
506800,480,480.1,-53.04,-53.04,0,10.62
506805,481,480.99,-52.47,-52.47,0,10.62
506810,481,480.91,-51.9,-51.9,0,10.62
506815,483,483.0,-51.37,-51.37,0,10.62
506820,483,483.09,-50.9,-50.9,0,10.62
506825,482,482.0,-50.53,-50.53,0,10.62
506830,479,478.91,-50.27,-50.28,0,10.62
506835,478,477.99,-50.13,-50.28,0,10.62
506840,476,476.1,-50.13,-50.28,0,10.62
506845,476,476.02,-50.28,-50.28,0,10.62
506850,472,471.9,-50.59,-50.59,0,10.62
506855,472,471.97,-51.06,-51.06,0,10.62
506860,466,466.1,-51.68,-51.68,0,10.62
506865,464,464.03,-52.46,-52.46,0,10.62
506870,463,462.89,-53.4,-53.4,0,10.62
506875,458,457.96,-54.48,-54.48,0,10.62
506880,458,458.11,-55.7,-55.7,0,10.62
506885,456,456.04,-57.05,-57.05,0,10.62
506890,452,451.89,-58.51,-58.51,0,10.62
506895,449,448.95,-60.09,-60.09,0,10.62
506900,446,446.11,-61.76,-61.76,0,10.62
506905,440,440.06,-63.51,-63.51,0,10.62
506910,442,441.89,-65.34,-65.34,0,10.62
506915,441,440.93,-67.22,-67.22,0,10.62
506920,438,438.11,-69.16,-69.16,0,10.62
506925,437,437.07,-71.13,-71.13,0,10.62
506930,435,434.89,-73.12,-73.12,0,10.62
506935,435,434.94,-75.13,-75.13,0,10.62
506940,434,434.11,-77.15,-77.15,0,10.62
506945,433,433.06,-79.15,-79.15,0,10.62
506950,433,432.89,-81.14,-81.14,0,10.62
506955,433,432.94,-83.09,-83.09,0,10.62
506960,432,432.12,-85.01,-85.01,0,10.62
506965,432,432.06,-86.86,-86.86,0,10.62
506970,431,430.88,-88.65,-88.65,0,10.62
506975,430,429.94,-90.35,-90.35,0,10.62
506980,431,431.12,-91.96,-91.96,0,10.62
506985,431,431.06,-93.45,-93.45,0,10.62
506990,432,431.87,-94.8,-94.8,0,10.62
506995,430,429.94,-96.0,-96.0,0,10.62
507000,430,430.13,-97.02,-97.02,0,10.62
507005,432,432.06,-97.85,-97.85,0,10.62
507010,430,429.87,-98.45,-98.45,0,10.62
507015,432,431.93,-98.79,-98.45,0,10.62
507020,431,431.13,-98.86,-98.45,0,10.62
507025,432,432.07,-98.62,-98.45,0,10.62
507030,432,431.87,-98.03,-98.03,0,10.62
507035,433,432.92,-97.08,-97.08,0,10.62
507040,433,433.14,-95.72,-95.72,0,10.62
507045,434,434.08,-93.91,-93.91,0,10.62
507050,433,432.86,-91.64,-91.64,0,10.62
507055,433,432.91,-88.86,-88.86,0,10.62
507060,434,434.15,-85.53,-85.53,0,10.62
507065,433,433.1,-81.64,-81.64,0,10.62
507070,432,431.85,-77.14,-77.14,0,10.62
507075,435,434.9,-72.02,-72.02,0,10.62
507080,432,432.16,-66.25,-66.25,0,10.62
507085,433,433.11,-59.82,-59.82,0,10.62
507090,433,432.83,-52.71,-52.71,0,10.62
507095,434,433.89,-44.93,-44.93,0,10.62
507100,425,425.17,-36.47,-36.47,0,10.62
507105,436,436.12,-27.37,-27.37,0,10.62
507110,440,439.84,-17.63,-17.63,0,10.62
507115,445,444.89,-7.3,-7.3,0,10.62
507120,454,454.15,3.57,3.57,0,10.62
507125,466,466.12,14.91,14.91,0,10.62
507130,480,479.87,26.65,26.65,0,10.62
507135,500,499.88,38.7,38.7,0,10.62
507140,520,520.12,50.96,50.96,0,10.62
507145,547,547.13,63.33,63.33,0,10.62
507150,566,565.9,75.67,75.67,0,10.62
507155,596,595.86,87.88,87.88,0,10.62
507160,619,619.1,99.82,99.82,0,10.62
507165,645,645.14,111.37,111.37,0,10.62
507170,669,668.91,122.4,122.4,0,10.62
507175,689,688.84,132.8,132.8,0,10.62
507180,706,706.07,142.46,142.46,0,10.62
507185,721,721.16,151.27,151.27,0,10.62
507190,732,731.93,159.15,159.15,0,10.62
507195,742,741.83,166.02,166.02,0,10.62
507200,747,747.05,171.82,171.82,0,10.62
507205,751,751.17,176.49,176.49,0,10.62
507210,753,752.96,180.01,180.01,0,10.62
507215,750,749.81,182.36,182.36,0,10.62
507220,744,744.02,183.53,182.36,0,10.62
507225,732,732.19,183.54,182.36,0,10.62
507230,729,728.99,182.41,182.36,0,10.62
507235,723,722.82,180.18,180.18,0,10.62
507240,711,710.99,176.88,176.88,0,10.62
507245,702,702.17,172.59,172.59,0,10.62
507250,690,690.02,167.35,167.35,0,10.62
507255,679,678.84,161.25,161.25,0,10.62
507260,667,666.96,154.35,154.35,0,10.62
507265,656,656.14,146.75,146.75,0,10.62
507270,645,645.06,138.51,138.51,0,10.62
507275,633,632.87,129.73,129.73,0,10.62
507280,622,621.93,120.5,120.5,0,10.62
507285,611,611.12,110.89,110.89,0,10.62
507290,601,601.09,101.01,101.01,0,10.62
507295,591,590.89,90.93,90.93,0,10.62
507300,581,580.89,80.73,80.73,0,10.62
507305,573,573.1,70.51,70.51,0,10.62
507310,561,561.13,60.33,60.33,0,10.62
507315,550,549.9,50.28,50.28,0,10.62
507320,539,538.85,40.42,40.42,0,10.62
507325,530,530.1,30.82,30.82,0,10.62
507330,517,517.17,21.56,21.56,0,10.62
507335,507,506.9,12.68,12.68,0,10.62
507340,497,496.81,4.24,4.24,0,10.62
507345,482,482.09,-3.71,-3.71,0,10.62
507350,478,478.22,-11.14,-11.14,0,10.62
507355,465,464.91,-18.0,-18.0,0,10.62
507360,462,461.76,-24.27,-24.27,0,10.62
507365,456,456.09,-29.94,-29.94,0,10.62
507370,451,451.26,-35.0,-35.0,0,10.62
507375,449,448.92,-39.44,-39.44,0,10.62
507380,446,445.72,-43.27,-43.27,0,10.62
507385,445,445.08,-46.51,-46.51,0,10.62
507390,445,445.3,-49.17,-49.17,0,10.62
507395,447,446.92,-51.29,-51.29,0,10.62
507400,449,448.67,-52.89,-52.89,0,10.62
507405,453,453.08,-54.02,-54.02,0,10.62
507410,454,454.35,-54.72,-54.7,0,10.62
507415,457,456.92,-55.03,-54.7,0,10.62
507420,461,460.63,-55.01,-54.7,0,10.62
507425,466,466.08,-54.7,-54.7,0,10.62
507430,469,469.4,-54.16,-54.16,0,10.62
507435,473,472.91,-53.44,-53.44,0,10.62
507440,474,473.57,-52.58,-52.58,0,10.62
507445,480,480.09,-51.64,-51.64,0,10.62
507450,480,480.45,-50.67,-50.67,0,10.62
507455,483,482.9,-49.71,-49.71,0,10.62
507460,485,484.51,-48.8,-48.8,0,10.62
507465,485,485.11,-47.97,-47.97,0,10.62
507470,486,486.52,-47.26,-47.26,0,10.62
507475,486,485.88,-46.7,-46.7,0,10.62
507480,507,506.47,-46.3,-46.3,0,10.62
507485,482,482.13,-46.1,-46.3,0,10.62
507490,479,479.52,-46.1,-46.3,0,10.62
507495,477,476.86,-46.3,-46.3,0,10.62
507500,473,472.51,-46.72,-46.72,0,10.62
507505,472,472.14,-47.35,-47.35,0,10.62
507510,470,470.47,-48.18,-48.18,0,10.62
507515,465,464.85,-49.22,-49.22,0,10.62
507520,459,458.55,-50.45,-50.45,0,10.62
507525,460,460.16,-51.87,-51.87,0,10.62
507530,456,456.44,-53.45,-53.45,0,10.62
507535,454,453.82,-55.2,-55.2,0,10.62
507540,451,450.57,-57.08,-57.08,0,10.62
507545,447,447.19,-59.09,-59.09,0,10.62
507550,442,442.42,-61.22,-61.22,0,10.62
507555,442,441.8,-63.44,-63.44,0,10.62
507560,440,439.59,-65.73,-65.73,0,10.62
507565,436,436.21,-68.09,-68.09,0,10.62
507570,438,438.39,-70.49,-70.49,0,10.62
507575,435,434.78,-72.91,-72.91,0,10.62
507580,434,433.62,-75.35,-75.35,0,10.62
507585,434,434.23,-77.78,-77.78,0,10.62
507590,432,432.38,-80.19,-80.19,0,10.62
507595,433,432.76,-82.55,-82.55,0,10.62
507600,432,431.63,-84.86,-84.86,0,10.62
507605,431,431.25,-87.08,-87.08,0,10.62
507610,431,431.36,-89.21,-89.21,0,10.62
507615,429,428.74,-91.21,-91.21,0,10.62
507620,430,429.65,-93.08,-93.08,0,10.62
507625,425,425.27,-94.77,-94.77,0,10.62
507630,428,428.35,-96.28,-96.28,0,10.62
507635,430,429.72,-97.56,-97.56,0,10.62
507640,430,429.66,-98.6,-98.6,0,10.62
507645,425,425.27,-99.36,-99.36,0,10.62
507650,430,430.33,-99.82,-99.36,0,10.62
507655,430,429.73,-99.93,-99.36,0,10.62
507660,430,429.68,-99.68,-99.36,0,10.62
507665,430,430.26,-99.02,-99.02,0,10.62
507670,431,431.32,-97.92,-97.92,0,10.62
507675,430,429.75,-96.34,-96.34,0,10.62
507680,431,430.69,-94.25,-94.25,0,10.62
507685,430,430.24,-91.61,-91.61,0,10.62
507690,430,430.31,-88.39,-88.39,0,10.62
507695,428,427.77,-84.55,-84.55,0,10.62
507700,428,427.7,-80.06,-80.06,0,10.62
507705,430,430.23,-74.89,-74.89,0,10.62
507710,423,423.3,-69.03,-69.03,0,10.62
507715,428,427.77,-62.45,-62.45,0,10.62
507720,427,426.71,-55.14,-55.14,0,10.62
507725,422,422.22,-47.1,-47.1,0,10.62
507730,428,428.28,-38.35,-38.35,0,10.62
507735,433,432.79,-28.88,-28.88,0,10.62
507740,434,433.73,-18.74,-18.74,0,10.62
507745,441,441.19,-7.96,-7.96,0,10.62
507750,449,449.26,3.41,3.41,0,10.62
507755,464,463.83,15.29,15.29,0,10.62
507760,480,479.76,27.61,27.61,0,10.62
507765,496,496.15,40.28,40.28,0,10.62
507770,519,519.23,53.18,53.18,0,10.62
507775,545,544.88,66.22,66.22,0,10.62
507780,570,569.79,79.25,79.25,0,10.62
507785,599,599.1,92.17,92.17,0,10.62
507790,624,624.2,104.83,104.83,0,10.62
507795,649,648.93,117.1,117.1,0,10.62
507800,674,673.81,128.86,128.86,0,10.62
507805,690,690.04,139.97,139.97,0,10.62
507810,713,713.17,150.33,150.33,0,10.62
507815,729,728.98,159.83,159.83,0,10.62
507820,744,743.85,168.37,168.37,0,10.62
507825,762,761.99,175.87,175.87,0,10.62
507830,757,757.13,182.27,182.27,0,10.62
507835,762,762.02,187.5,187.5,0,10.62
507840,762,761.89,191.55,191.55,0,10.62
507845,761,760.97,194.38,194.38,0,10.62
507850,759,759.08,195.99,194.38,0,10.62
507855,751,751.03,196.39,194.38,0,10.62
507860,740,739.93,195.6,194.38,0,10.62
507865,734,733.96,193.66,193.66,0,10.62
507870,723,723.06,190.62,190.62,0,10.62
507875,705,705.04,186.53,186.53,0,10.62
507880,702,701.95,181.45,181.45,0,10.62
507885,691,690.97,175.45,175.45,0,10.62
507890,679,679.04,168.62,168.62,0,10.62
507895,668,668.02,161.02,161.02,0,10.62
507900,657,656.97,152.75,152.75,0,10.62
507905,644,644.0,143.88,143.88,0,10.62
507910,634,634.02,134.5,134.5,0,10.62
507915,624,623.99,124.71,124.71,0,10.62
507920,612,611.99,114.58,114.58,0,10.62
507925,602,602.02,104.21,104.21,0,10.62
507930,593,593.0,93.67,93.67,0,10.62
507935,582,581.97,83.04,83.04,0,10.62
507940,573,573.01,72.41,72.41,0,10.62
507945,562,562.04,61.85,61.85,0,10.62
507950,551,550.97,51.44,51.44,0,10.62
507955,541,540.95,41.24,41.24,0,10.62
507960,529,529.04,31.31,31.31,0,10.62
507965,518,518.06,21.73,21.73,0,10.62
507970,508,507.95,12.53,12.53,0,10.62
507975,497,496.93,3.79,3.79,0,10.62
507980,486,486.06,-4.47,-4.47,0,10.62
507985,478,478.08,-12.19,-12.19,0,10.62
507990,468,467.94,-19.36,-19.36,0,10.62
507995,461,460.91,-25.94,-25.94,0,10.62
508000,452,452.07,-31.92,-31.92,0,10.62
508005,440,440.1,-37.29,-37.29,0,10.62
508010,451,450.93,-42.05,-42.05,0,10.62
508015,442,441.91,-46.2,-46.2,0,10.62
508020,445,445.07,-49.76,-49.76,0,10.62
508025,444,444.08,-52.75,-52.75,0,10.62
508030,442,441.94,-55.2,-55.2,0,10.62
508035,445,444.93,-57.14,-57.14,0,10.62
508040,448,448.06,-58.6,-58.6,0,10.62
508045,450,450.07,-59.64,-59.64,0,10.62
508050,453,452.94,-60.29,-60.29,0,10.62
508055,457,456.94,-60.6,-60.29,0,10.62
508060,461,461.06,-60.63,-60.29,0,10.62
508065,465,465.06,-60.41,-60.29,0,10.62
508070,472,471.94,-60.01,-60.01,0,10.62
508075,490,489.96,-59.46,-59.46,0,10.62
508080,475,475.06,-58.81,-58.81,0,10.62
508085,475,475.0,-58.11,-58.11,0,10.62
508090,477,476.95,-57.38,-57.38,0,10.62
508095,454,454.04,-56.67,-56.67,0,10.62
508100,478,478.05,-56.0,-56.0,0,10.62
508105,478,477.95,-55.4,-55.4,0,10.62
508110,480,479.95,-54.89,-54.89,0,10.62
508115,475,475.04,-54.5,-54.5,0,10.62
508120,474,474.04,-54.23,-54.29,0,10.62
508125,472,471.97,-54.1,-54.29,0,10.62
508130,469,468.97,-54.12,-54.29,0,10.62
508135,467,467.02,-54.29,-54.29,0,10.62
508140,465,465.02,-54.62,-54.62,0,10.62
508145,462,461.99,-55.09,-55.09,0,10.62
508150,458,457.99,-55.71,-55.71,0,10.62
508155,456,456.0,-56.47,-56.47,0,10.62
508160,452,452.0,-57.35,-57.35,0,10.62
508165,453,453.01,-58.37,-58.37,0,10.62
508170,448,448.01,-59.49,-59.49,0,10.62
508175,447,446.98,-60.71,-60.71,0,10.62
508180,444,443.98,-62.02,-62.02,0,10.62
508185,442,442.04,-63.41,-63.41,0,10.62
508190,437,437.02,-64.86,-64.86,0,10.62
508195,437,436.94,-66.37,-66.37,0,10.62
508200,436,435.97,-67.92,-67.92,0,10.62
508205,431,431.07,-69.5,-69.5,0,10.62
508210,433,433.03,-71.1,-71.1,0,10.62
508215,430,429.92,-72.71,-72.71,0,10.62
508220,429,428.97,-74.34,-74.34,0,10.62
508225,429,429.1,-75.96,-75.96,0,10.62
508230,428,428.03,-77.57,-77.57,0,10.62
508235,427,426.89,-79.17,-79.17,0,10.62
508240,426,425.96,-80.76,-80.76,0,10.62
508245,424,424.12,-82.32,-82.32,0,10.62
508250,424,424.04,-83.85,-83.85,0,10.62
508255,426,425.87,-85.36,-85.36,0,10.62
508260,424,423.95,-86.83,-86.83,0,10.62
508265,421,421.14,-88.26,-88.26,0,10.62
508270,422,422.05,-89.66,-89.66,0,10.62
508275,424,423.86,-91.0,-91.0,0,10.62
508280,421,420.95,-92.3,-92.3,0,10.62
508285,423,423.14,-93.54,-93.54,0,10.62
508290,423,423.05,-94.72,-94.72,0,10.62
508295,446,445.88,-95.83,-95.83,0,10.62
508300,426,425.94,-96.86,-96.86,0,10.62
508305,432,432.08,-97.79,-97.79,0,10.62
508310,423,423.06,-98.62,-98.62,0,10.62
508315,426,425.97,-99.33,-99.33,0,10.62
508320,426,425.95,-99.89,-99.89,0,10.62
508325,429,428.98,-100.28,-100.21,0,10.62
508330,428,428.05,-100.48,-100.21,0,10.62
508335,430,430.06,-100.47,-100.21,0,10.62
508340,431,430.96,-100.21,-100.21,0,10.62
508345,432,431.9,-99.67,-99.67,0,10.62
508350,433,433.03,-98.83,-98.83,0,10.62
508355,431,431.14,-97.64,-97.64,0,10.62
508360,434,433.97,-96.07,-96.07,0,10.62
508365,435,434.83,-94.09,-94.09,0,10.62
508370,435,435.02,-91.65,-91.65,0,10.62
508375,435,435.2,-88.72,-88.72,0,10.62
508380,434,433.98,-85.26,-85.26,0,10.62
508385,434,433.76,-81.24,-81.24,0,10.62
508390,434,434.02,-76.61,-76.61,0,10.62
508395,435,435.28,-71.34,-71.34,0,10.62
508400,435,434.99,-65.41,-65.41,0,10.62
508405,451,450.7,-58.79,-58.79,0,10.62
508410,434,434.01,-51.47,-51.47,0,10.62
508415,433,433.31,-43.42,-43.42,0,10.62
508420,434,434.0,-34.65,-34.65,0,10.62
508425,436,435.7,-25.17,-25.17,0,10.62
508430,438,438.0,-14.98,-14.98,0,10.62
508435,443,443.29,-4.11,-4.11,0,10.62
508440,450,450.01,7.39,7.39,0,10.62
508445,461,460.72,19.47,19.47,0,10.62
508450,476,475.99,32.05,32.05,0,10.62
508455,494,494.28,45.06,45.06,0,10.62
508460,516,516.02,58.4,58.4,0,10.62
508465,542,541.73,71.96,71.96,0,10.62
508470,570,569.98,85.62,85.62,0,10.62
508475,597,597.26,99.26,99.26,0,10.62
508480,625,625.01,112.73,112.73,0,10.62
508485,653,652.74,125.92,125.92,0,10.62
508490,679,678.98,138.68,138.68,0,10.62
508495,702,702.25,150.89,150.89,0,10.62
508500,723,723.01,162.43,162.43,0,10.62
508505,742,741.75,173.18,173.18,0,10.62
508510,757,756.99,183.04,183.04,0,10.62
508515,767,767.23,191.91,191.91,0,10.62
508520,776,776.0,199.73,199.73,0,10.62
508525,781,780.77,206.43,206.43,0,10.62
508530,783,783.0,211.97,211.97,0,10.62
508535,783,783.22,216.3,216.3,0,10.62
508540,790,790.0,219.42,219.42,0,10.62
508545,776,775.79,221.33,219.92,0,10.62
508550,768,767.98,222.03,219.92,0,10.62
508555,760,760.2,221.55,219.92,0,10.62
508560,754,754.04,219.92,219.92,0,10.62
508565,744,743.81,217.19,217.19,0,10.62
508570,733,732.93,213.42,213.42,0,10.62
508575,724,724.18,208.66,208.66,0,10.62
508580,715,715.1,202.98,202.98,0,10.62
508585,700,699.83,196.45,196.45,0,10.62
508590,692,691.87,189.15,189.15,0,10.62
508595,681,681.17,181.15,181.15,0,10.62
508600,670,670.17,172.54,172.54,0,10.62
508605,659,658.83,163.38,163.38,0,10.62
508610,649,648.8,153.77,153.77,0,10.62
508615,640,640.17,143.78,143.78,0,10.62
508620,633,633.24,133.48,133.48,0,10.62
508625,621,620.83,122.95,122.95,0,10.62
508630,635,634.73,112.27,112.27,0,10.62
508635,600,600.17,101.5,101.5,0,10.62
508640,592,592.27,90.71,90.71,0,10.62
508645,584,583.84,79.99,79.99,0,10.62
508650,572,571.75,69.38,69.38,0,10.62
508655,561,561.16,58.96,58.96,0,10.62
508660,551,551.24,48.79,48.79,0,10.62
508665,538,537.85,38.91,38.91,0,10.62
508670,528,527.78,29.39,29.39,0,10.62
508675,517,517.14,20.27,20.27,0,10.62
508680,505,505.21,11.59,11.59,0,10.62
508685,494,493.86,3.39,3.39,0,10.62
508690,485,484.81,-4.3,-4.3,0,10.62
508695,480,480.14,-11.46,-11.46,0,10.62
508700,471,471.18,-18.06,-18.06,0,10.62
508705,465,464.85,-24.1,-24.1,0,10.62
508710,460,459.84,-29.57,-29.57,0,10.62
508715,458,458.16,-34.48,-34.48,0,10.62
508720,455,455.16,-38.83,-38.83,0,10.62
508725,455,454.84,-42.64,-42.64,0,10.62
508730,454,453.85,-45.94,-45.94,0,10.62
508735,454,454.17,-48.74,-48.74,0,10.62
508740,457,457.14,-51.09,-51.09,0,10.62
508745,457,456.82,-53.01,-53.01,0,10.62
508750,459,458.87,-54.54,-54.54,0,10.62
508755,457,457.19,-55.72,-55.72,0,10.62
508760,467,467.13,-56.6,-56.6,0,10.62
508765,464,463.81,-57.22,-57.22,0,10.62
508770,467,466.87,-57.61,-57.61,0,10.62
508775,467,467.19,-57.82,-57.76,0,10.62
508780,469,469.14,-57.89,-57.76,0,10.62
508785,468,467.81,-57.86,-57.76,0,10.62
508790,471,470.86,-57.76,-57.76,0,10.62
508795,473,473.19,-57.63,-57.63,0,10.62
508800,471,471.15,-57.5,-57.5,0,10.62
508805,471,470.8,-57.39,-57.42,0,10.62
508810,470,469.85,-57.32,-57.42,0,10.62
508815,470,470.21,-57.33,-57.42,0,10.62
508820,468,468.16,-57.42,-57.42,0,10.62
508825,477,476.78,-57.61,-57.61,0,10.62
508830,465,464.83,-57.9,-57.9,0,10.62
508835,460,460.21,-58.31,-58.31,0,10.62
508840,458,458.17,-58.83,-58.83,0,10.62
508845,457,456.81,-59.47,-59.47,0,10.62
508850,456,455.83,-60.22,-60.22,0,10.62
508855,452,452.17,-61.08,-61.08,0,10.62
508860,449,449.17,-62.03,-62.03,0,10.62
508865,446,445.85,-63.08,-63.08,0,10.62
508870,444,443.83,-64.22,-64.22,0,10.62
508875,438,438.13,-65.42,-65.42,0,10.62
508880,438,438.17,-66.69,-66.69,0,10.62
508885,438,437.89,-68.02,-68.02,0,10.62
508890,435,434.84,-69.38,-69.38,0,10.62
508895,434,434.08,-70.78,-70.78,0,10.62
508900,431,431.16,-72.2,-72.2,0,10.62
508905,428,427.95,-73.63,-73.63,0,10.62
508910,428,427.85,-75.06,-75.06,0,10.62
508915,426,426.03,-76.49,-76.49,0,10.62
508920,423,423.15,-77.91,-77.91,0,10.62
508925,423,422.99,-79.31,-79.31,0,10.62
508930,421,420.86,-80.68,-80.68,0,10.62
508935,421,420.99,-82.02,-82.02,0,10.62
508940,420,420.14,-83.32,-83.32,0,10.62
508945,423,423.03,-84.59,-84.59,0,10.62
508950,419,418.87,-85.82,-85.82,0,10.62
508955,417,416.94,-87.0,-87.0,0,10.62
508960,417,417.12,-88.13,-88.13,0,10.62
508965,418,418.1,-89.22,-89.22,0,10.62
508970,417,416.88,-90.26,-90.26,0,10.62
508975,416,415.86,-91.26,-91.26,0,10.62
508980,417,417.11,-92.2,-92.2,0,10.62
508985,417,417.17,-93.09,-93.09,0,10.62
508990,414,413.89,-93.93,-93.93,0,10.62
508995,417,416.78,-94.71,-94.71,0,10.62
509000,418,418.11,-95.44,-95.44,0,10.62
509005,416,416.26,-96.11,-96.11,0,10.62
509010,421,420.89,-96.71,-96.71,0,10.62
509015,421,420.71,-97.25,-97.25,0,10.62
509020,422,422.11,-97.72,-97.72,0,10.62
509025,421,421.33,-98.1,-98.1,0,10.62
509030,425,424.89,-98.39,-98.39,0,10.62
509035,427,426.64,-98.57,-98.39,0,10.62
509040,427,427.11,-98.64,-98.39,0,10.62
509045,428,428.39,-98.57,-98.39,0,10.62
509050,431,430.9,-98.35,-98.35,0,10.62
509055,437,436.59,-97.94,-97.94,0,10.62
509060,432,432.1,-97.34,-97.34,0,10.62
509065,433,433.43,-96.51,-96.51,0,10.62
509070,432,431.9,-95.41,-95.41,0,10.62
509075,434,433.56,-94.03,-94.03,0,10.62
509080,434,434.1,-92.31,-92.31,0,10.62
509085,436,436.46,-90.23,-90.23,0,10.62
509090,436,435.9,-87.74,-87.74,0,10.62
509095,432,431.52,-84.81,-84.81,0,10.62
509100,435,435.09,-81.41,-81.41,0,10.62
509105,436,436.51,-77.48,-77.48,0,10.62
509110,436,435.91,-73.01,-73.01,0,10.62
509115,435,434.46,-67.94,-67.94,0,10.62
509120,435,435.08,-62.26,-62.26,0,10.62
509125,434,434.57,-55.94,-55.94,0,10.62
509130,429,428.92,-48.96,-48.96,0,10.62
509135,456,455.4,-41.3,-41.3,0,10.62
509140,433,433.09,-32.95,-32.95,0,10.62
509145,435,435.59,-23.93,-23.93,0,10.62
509150,436,435.9,-14.25,-14.25,0,10.62
509155,441,440.44,-3.92,-3.92,0,10.62
509160,448,448.11,7.02,7.02,0,10.62
509165,457,457.55,18.51,18.51,0,10.62
509170,472,471.89,30.49,30.49,0,10.62
509175,491,490.48,42.89,42.89,0,10.62
509180,500,500.12,55.61,55.61,0,10.62
509185,533,533.5,68.55,68.55,0,10.62
509190,558,557.89,81.6,81.6,0,10.62
509195,587,586.53,94.63,94.63,0,10.62
509200,613,613.1,107.53,107.53,0,10.62
509205,640,640.45,120.15,120.15,0,10.62
509210,664,663.91,132.37,132.37,0,10.62
509215,688,687.57,144.07,144.07,0,10.62
509220,709,709.07,155.12,155.12,0,10.62
509225,730,730.4,165.41,165.41,0,10.62
509230,741,740.93,174.84,174.84,0,10.62
509235,752,751.61,183.33,183.33,0,10.62
509240,761,761.05,190.79,190.79,0,10.62
509245,766,766.38,197.16,197.16,0,10.62
509250,768,767.95,202.4,202.4,0,10.62
509255,769,768.63,206.47,206.47,0,10.62
509260,770,770.04,209.36,209.36,0,10.62
509265,762,762.36,211.06,209.36,0,10.62
509270,757,756.96,211.59,209.36,0,10.62
509275,749,748.65,210.96,209.36,0,10.62
509280,742,742.04,209.21,209.21,0,10.62
509285,731,731.35,206.39,206.39,0,10.62
509290,723,722.95,202.54,202.54,0,10.62
509295,710,709.66,197.73,197.73,0,10.62
509300,698,698.05,192.02,192.02,0,10.62
509305,687,687.33,185.49,185.49,0,10.62
509310,676,675.95,178.22,178.22,0,10.62
509315,668,667.67,170.28,170.28,0,10.62
509320,656,656.05,161.75,161.75,0,10.62
509325,647,647.32,152.71,152.71,0,10.62
509330,634,633.95,143.24,143.24,0,10.62
509335,625,624.69,133.43,133.43,0,10.62
509340,615,615.05,123.35,123.35,0,10.62
509345,606,606.31,113.07,113.07,0,10.62
509350,598,597.94,102.68,102.68,0,10.62
509355,588,587.7,92.24,92.24,0,10.62
509360,577,577.05,81.83,81.83,0,10.62
509365,568,568.3,71.52,71.52,0,10.62
509370,559,558.95,61.35,61.35,0,10.62
509375,549,548.71,51.41,51.41,0,10.62
509380,538,538.05,41.73,41.73,0,10.62
509385,525,525.29,32.39,32.39,0,10.62
509390,515,514.95,23.41,23.41,0,10.62
509395,504,503.72,14.86,14.86,0,10.62
509400,495,495.05,6.77,6.77,0,10.62
509405,484,484.27,-0.84,-0.84,0,10.62
509410,477,476.96,-7.92,-7.92,0,10.62
509415,471,470.74,-14.47,-14.47,0,10.62
509420,463,463.05,-20.47,-20.47,0,10.62
509425,461,461.25,-25.91,-25.91,0,10.62
509430,458,457.96,-30.79,-30.79,0,10.62
509435,454,453.75,-35.12,-35.12,0,10.62
509440,451,451.03,-38.9,-38.9,0,10.62
509445,450,450.24,-42.17,-42.17,0,10.62
509450,452,451.98,-44.94,-44.94,0,10.62
509455,451,450.77,-47.24,-47.24,0,10.62
509460,453,453.01,-49.1,-49.1,0,10.62
509465,453,453.22,-50.56,-50.56,0,10.62
509470,455,455.0,-51.66,-51.66,0,10.62
509475,459,458.79,-52.43,-52.43,0,10.62
509480,460,459.99,-52.93,-52.93,0,10.62
509485,464,464.2,-53.18,-52.96,0,10.62
509490,467,467.02,-53.25,-52.96,0,10.62
509495,468,467.81,-53.16,-52.96,0,10.62
509500,471,470.96,-52.96,-52.96,0,10.62
509505,470,470.18,-52.68,-52.68,0,10.62
509510,472,472.05,-52.36,-52.36,0,10.62
509515,478,477.83,-52.04,-52.04,0,10.62
509520,472,471.94,-51.73,-51.73,0,10.62
509525,472,472.15,-51.48,-51.48,0,10.62
509530,472,472.07,-51.29,-51.29,0,10.62
509535,468,467.88,-51.18,-51.29,0,10.62
509540,468,467.91,-51.18,-51.29,0,10.62
509545,469,469.1,-51.28,-51.29,0,10.62
509550,467,467.1,-51.5,-51.5,0,10.62
509555,464,463.91,-51.84,-51.84,0,10.62
509560,460,459.87,-52.3,-52.3,0,10.62
509565,457,457.07,-52.88,-52.88,0,10.62
509570,450,450.15,-53.58,-53.58,0,10.62
509575,453,452.95,-54.38,-54.38,0,10.62
509580,450,449.84,-55.29,-55.29,0,10.62
509585,448,448.03,-56.28,-56.28,0,10.62
509590,445,445.17,-57.37,-57.37,0,10.62
509595,444,443.99,-58.52,-58.52,0,10.62
509600,439,438.82,-59.74,-59.74,0,10.62
509605,438,437.99,-61.01,-61.01,0,10.62
509610,439,439.2,-62.32,-62.32,0,10.62
509615,423,423.02,-63.67,-63.67,0,10.62
509620,433,432.78,-65.03,-65.03,0,10.62
509625,431,430.98,-66.4,-66.4,0,10.62
509630,429,429.25,-67.78,-67.78,0,10.62
509635,427,427.01,-69.16,-69.16,0,10.62
509640,433,432.73,-70.53,-70.53,0,10.62
509645,423,423.0,-71.88,-71.88,0,10.62
509650,424,424.28,-73.22,-73.22,0,10.62
509655,424,424.0,-74.53,-74.53,0,10.62
509660,424,423.72,-75.82,-75.82,0,10.62
509665,422,422.01,-77.08,-77.08,0,10.62
509670,420,420.28,-78.31,-78.31,0,10.62
509675,421,420.99,-79.51,-79.51,0,10.62
509680,424,423.72,-80.68,-80.68,0,10.62
509685,421,421.01,-81.82,-81.82,0,10.62
509690,420,420.28,-82.92,-82.92,0,10.62
509695,420,419.98,-83.99,-83.99,0,10.62
509700,420,419.73,-85.03,-85.03,0,10.62
509705,420,420.02,-86.04,-86.04,0,10.62
509710,421,421.26,-87.0,-87.0,0,10.62
509715,422,421.97,-87.93,-87.93,0,10.62
509720,423,422.75,-88.82,-88.82,0,10.62
509725,423,423.03,-89.66,-89.66,0,10.62
509730,422,422.25,-90.46,-90.46,0,10.62
509735,424,423.97,-91.19,-91.19,0,10.62
509740,425,424.77,-91.85,-91.85,0,10.62
509745,426,426.04,-92.44,-92.44,0,10.62
509750,426,426.22,-92.93,-92.93,0,10.62
509755,428,427.96,-93.32,-93.32,0,10.62
509760,428,427.79,-93.58,-93.4,0,10.62
509765,429,429.05,-93.7,-93.4,0,10.62
509770,428,428.2,-93.64,-93.4,0,10.62
509775,430,429.95,-93.4,-93.4,0,10.62
509780,430,429.81,-92.93,-92.93,0,10.62
509785,432,432.05,-92.21,-92.21,0,10.62
509790,431,431.17,-91.21,-91.21,0,10.62
509795,431,430.94,-89.9,-89.9,0,10.62
509800,431,430.84,-88.23,-88.23,0,10.62
509805,432,432.07,-86.18,-86.18,0,10.62
509810,433,433.15,-83.71,-83.71,0,10.62
509815,433,432.92,-80.78,-80.78,0,10.62
509820,435,434.86,-77.35,-77.35,0,10.62
509825,432,432.08,-73.4,-73.4,0,10.62
509830,432,432.13,-68.88,-68.88,0,10.62
509835,432,431.91,-63.78,-63.78,0,10.62
509840,431,430.88,-58.06,-58.06,0,10.62
509845,431,431.1,-51.71,-51.71,0,10.62
509850,432,432.11,-44.71,-44.71,0,10.62
509855,432,431.9,-37.05,-37.05,0,10.62
509860,433,432.91,-28.73,-28.73,0,10.62
509865,430,430.11,-19.78,-19.78,0,10.62
509870,440,440.09,-10.2,-10.2,0,10.62
509875,442,441.9,-0.03,-0.03,0,10.62
509880,446,445.92,10.68,10.68,0,10.62
509885,461,461.1,21.86,21.86,0,10.62
509890,475,475.09,33.46,33.46,0,10.62
509895,494,493.91,45.38,45.38,0,10.62
509900,516,515.91,57.52,57.52,0,10.62
509905,539,539.09,69.78,69.78,0,10.62
509910,565,565.1,82.04,82.04,0,10.62
509915,591,590.92,94.18,94.18,0,10.62
509920,615,614.89,106.07,106.07,0,10.62
509925,644,644.08,117.59,117.59,0,10.62
509930,663,663.11,128.6,128.6,0,10.62
509935,685,684.92,139.0,139.0,0,10.62
509940,705,704.88,148.67,148.67,0,10.62
509945,718,718.08,157.51,157.51,0,10.62
509950,732,732.12,165.43,165.43,0,10.62
509955,741,740.92,172.34,172.34,0,10.62
509960,747,746.87,178.19,178.19,0,10.62
509965,753,753.08,182.92,182.92,0,10.62
509970,750,750.13,186.51,186.51,0,10.62
509975,748,747.91,188.93,188.93,0,10.62
509980,744,743.86,190.18,188.93,0,10.62
509985,739,739.1,190.27,188.93,0,10.62
509990,731,731.14,189.22,188.93,0,10.62
509995,722,721.89,187.07,187.07,0,10.62
510000,711,710.85,183.87,183.87,0,10.62
510005,701,701.12,179.68,179.68,0,10.62
510010,688,688.16,174.55,174.55,0,10.62
510015,674,673.86,168.56,168.56,0,10.62
510020,666,665.83,161.79,161.79,0,10.62
510025,652,652.16,154.31,154.31,0,10.62
510030,643,643.17,146.22,146.22,0,10.62
510035,630,629.83,137.6,137.6,0,10.62
510040,619,618.82,128.53,128.53,0,10.62
510045,609,609.19,119.11,119.11,0,10.62
510050,598,598.19,109.41,109.41,0,10.62
510055,588,587.78,99.52,99.52,0,10.62
510060,580,579.8,89.52,89.52,0,10.62
510065,569,569.24,79.49,79.49,0,10.62
510070,558,558.21,69.5,69.5,0,10.62
510075,553,552.74,59.63,59.63,0,10.62
510080,541,540.79,49.95,49.95,0,10.62
510085,531,531.28,40.52,40.52,0,10.62
510090,521,521.21,31.39,31.39,0,10.62
510095,512,511.71,22.63,22.63,0,10.62
510100,503,502.79,14.28,14.28,0,10.62
510105,493,493.31,6.39,6.39,0,10.62
510110,483,483.21,-1.0,-1.0,0,10.62
510115,473,472.67,-7.87,-7.87,0,10.62
510120,468,467.79,-14.18,-14.18,0,10.62
510125,461,461.36,-19.92,-19.92,0,10.62
510130,457,457.21,-25.07,-25.07,0,10.62
510135,454,453.62,-29.64,-29.64,0,10.62
510140,450,449.79,-33.63,-33.63,0,10.62
510145,449,449.4,-37.05,-37.05,0,10.62
510150,448,448.21,-39.9,-39.9,0,10.62
510155,451,450.57,-42.23,-42.23,0,10.62
510160,452,451.79,-44.05,-44.05,0,10.62
510165,454,454.45,-45.41,-45.41,0,10.62
510170,456,456.21,-46.33,-46.33,0,10.62
510175,459,458.53,-46.86,-46.55,0,10.62
510180,463,462.79,-47.04,-46.55,0,10.62
510185,465,465.5,-46.93,-46.55,0,10.62
510190,469,469.21,-46.55,-46.55,0,10.62
510195,472,471.47,-45.97,-45.97,0,10.62
510200,477,476.8,-45.23,-45.23,0,10.62
510205,478,478.55,-44.37,-44.37,0,10.62
510210,481,481.2,-43.43,-43.43,0,10.62
510215,482,481.42,-42.46,-42.46,0,10.62
510220,485,484.8,-41.49,-41.49,0,10.62
510225,484,484.61,-40.55,-40.55,0,10.62
510230,486,486.19,-39.68,-39.68,0,10.62
510235,484,483.36,-38.9,-38.9,0,10.62
510240,485,484.81,-38.23,-38.23,0,10.62
510245,484,484.68,-37.69,-37.69,0,10.62
510250,481,481.18,-37.29,-37.29,0,10.62
510255,479,478.28,-37.05,-37.29,0,10.62
510260,476,475.82,-36.98,-37.29,0,10.62
510265,475,475.76,-37.07,-37.29,0,10.62
510270,472,472.17,-37.33,-37.33,0,10.62
510275,469,468.19,-37.76,-37.76,0,10.62
510280,466,465.83,-38.36,-38.36,0,10.62
510285,467,467.86,-39.12,-39.12,0,10.62
510290,463,463.17,-40.03,-40.03,0,10.62
510295,482,481.1,-41.09,-41.09,0,10.62
510300,457,456.82,-42.29,-42.29,0,10.62
510305,457,457.92,-43.62,-43.62,0,10.62
510310,453,453.18,-45.07,-45.07,0,10.62
510315,451,450.07,-46.62,-46.62,0,10.62
510320,448,447.81,-48.27,-48.27,0,10.62
510325,447,447.94,-49.99,-49.99,0,10.62
510330,444,444.2,-51.79,-51.79,0,10.62
510335,446,445.05,-53.65,-53.65,0,10.62
510340,442,441.8,-55.55,-55.55,0,10.62
510345,441,441.96,-57.49,-57.49,0,10.62
510350,440,440.21,-59.46,-59.46,0,10.62
510355,437,436.03,-61.45,-61.45,0,10.62
510360,437,436.78,-63.45,-63.45,0,10.62
510365,436,436.99,-65.46,-65.46,0,10.62
510370,437,437.23,-67.46,-67.46,0,10.62
510375,459,458.01,-69.45,-69.45,0,10.62
510380,434,433.75,-71.41,-71.41,0,10.62
510385,433,433.96,-73.35,-73.35,0,10.62
510390,432,432.26,-75.24,-75.24,0,10.62
510395,433,432.08,-77.07,-77.07,0,10.62
510400,434,433.72,-78.83,-78.83,0,10.62
510405,436,436.88,-80.51,-80.51,0,10.62
510410,434,434.29,-82.08,-82.08,0,10.62
510415,437,436.15,-83.54,-83.54,0,10.62
510420,435,434.7,-84.87,-84.87,0,10.62
510425,434,434.81,-86.03,-86.03,0,10.62
510430,435,435.32,-87.02,-87.02,0,10.62
510435,435,434.22,-87.81,-87.81,0,10.62
510440,436,435.67,-88.37,-88.37,0,10.62
510445,431,431.74,-88.67,-88.37,0,10.62
510450,420,420.33,-88.68,-88.37,0,10.62
510455,434,433.3,-88.38,-88.37,0,10.62
510460,436,435.69,-87.73,-87.73,0,10.62
510465,435,435.66,-86.7,-86.7,0,10.62
510470,434,434.28,-85.26,-85.26,0,10.62
510475,435,434.37,-83.37,-83.37,0,10.62
510480,434,433.75,-81.01,-81.01,0,10.62
510485,437,437.6,-78.15,-78.15,0,10.62
510490,434,434.22,-74.74,-74.74,0,10.62
510495,434,433.43,-70.78,-70.78,0,10.62
510500,433,432.8,-66.22,-66.22,0,10.62
510505,432,432.54,-61.04,-61.04,0,10.62
510510,431,431.17,-55.24,-55.24,0,10.62
510515,431,430.48,-48.79,-48.79,0,10.62
510520,434,433.86,-41.7,-41.7,0,10.62
510525,434,434.5,-33.97,-33.97,0,10.62
510530,434,434.1,-25.6,-25.6,0,10.62
510535,436,435.52,-16.63,-16.63,0,10.62
510540,441,440.93,-7.08,-7.08,0,10.62
510545,446,446.47,3.0,3.0,0,10.62
510550,459,459.04,13.56,13.56,0,10.62
510555,470,469.55,24.51,24.51,0,10.62
510560,488,488.0,35.79,35.79,0,10.62
510565,505,505.43,47.3,47.3,0,10.62
510570,547,546.98,58.93,58.93,0,10.62
510575,552,551.58,70.58,70.58,0,10.62
510580,581,581.02,82.13,82.13,0,10.62
510585,604,604.4,93.45,93.45,0,10.62
510590,626,625.99,104.43,104.43,0,10.62
510595,649,648.61,114.96,114.96,0,10.62
510600,669,669.0,124.9,124.9,0,10.62
510605,686,686.38,134.17,134.17,0,10.62
510610,701,701.0,142.66,142.66,0,10.62
510615,714,713.62,150.28,150.28,0,10.62
510620,725,724.99,156.95,156.95,0,10.62
510625,730,730.36,162.62,162.62,0,10.62
510630,732,732.0,167.22,167.22,0,10.62
510635,733,732.64,170.74,170.74,0,10.62
510640,731,731.0,173.14,173.14,0,10.62
510645,730,730.36,174.42,173.14,0,10.62
510650,723,723.0,174.59,173.14,0,10.62
510655,717,716.64,173.67,173.14,0,10.62
510660,705,705.0,171.68,171.68,0,10.62
510665,700,700.36,168.68,168.68,0,10.62
510670,687,687.01,164.71,164.71,0,10.62
510675,678,677.64,159.83,159.83,0,10.62
510680,667,666.99,154.1,154.1,0,10.62
510685,654,654.37,147.61,147.61,0,10.62
510690,644,644.01,140.43,140.43,0,10.62
510695,631,630.63,132.63,132.63,0,10.62
510700,623,622.99,124.3,124.3,0,10.62
510705,610,610.38,115.52,115.52,0,10.62
510710,598,598.01,106.38,106.38,0,10.62
510715,588,587.61,96.95,96.95,0,10.62
510720,580,579.99,87.32,87.32,0,10.62
510725,570,570.4,77.57,77.57,0,10.62
510730,561,561.0,67.77,67.77,0,10.62
510735,569,568.59,58.0,58.0,0,10.62
510740,541,541.01,48.32,48.32,0,10.62
510745,532,532.38,38.81,38.81,0,10.62
510750,523,522.99,29.54,29.54,0,10.62
510755,513,512.65,20.55,20.55,0,10.62
510760,502,502.01,11.92,11.92,0,10.62
510765,493,493.32,3.69,3.69,0,10.62
510770,483,482.98,-4.1,-4.1,0,10.62
510775,472,471.71,-11.4,-11.4,0,10.62
510780,467,467.02,-18.18,-18.18,0,10.62
510785,458,458.26,-24.41,-24.41,0,10.62
510790,453,452.98,-30.07,-30.07,0,10.62
510795,448,447.76,-35.16,-35.16,0,10.62
510800,444,444.03,-39.66,-39.66,0,10.62
510805,445,445.21,-43.58,-43.58,0,10.62
510810,442,441.97,-46.93,-46.93,0,10.62
510815,441,440.81,-49.73,-49.73,0,10.62
510820,442,442.03,-51.99,-51.99,0,10.62
510825,444,444.18,-53.75,-53.75,0,10.62
510830,448,447.97,-55.04,-55.04,0,10.62
510835,447,446.84,-55.9,-55.9,0,10.62
510840,451,451.03,-56.36,-55.9,0,10.62
510845,454,454.15,-56.47,-55.9,0,10.62
510850,458,457.98,-56.27,-55.9,0,10.62
510855,461,460.86,-55.82,-55.82,0,10.62
510860,464,464.02,-55.15,-55.15,0,10.62
510865,467,467.13,-54.32,-54.32,0,10.62
510870,469,468.99,-53.36,-53.36,0,10.62
510875,472,471.88,-52.33,-52.33,0,10.62
510880,475,475.0,-51.27,-51.27,0,10.62
510885,476,476.11,-50.2,-50.2,0,10.62
510890,478,478.0,-49.17,-49.17,0,10.62
510895,479,478.9,-48.22,-48.22,0,10.62
510900,477,477.0,-47.36,-47.36,0,10.62
510905,476,476.09,-46.62,-46.62,0,10.62
510910,477,477.01,-46.03,-46.03,0,10.62
510915,478,477.93,-45.6,-45.6,0,10.62
510920,476,475.98,-45.35,-45.6,0,10.62
510925,474,474.05,-45.28,-45.6,0,10.62
510930,472,472.02,-45.39,-45.6,0,10.62
510935,468,467.97,-45.71,-45.71,0,10.62
510940,468,467.97,-46.21,-46.21,0,10.62
510945,467,467.02,-46.91,-46.91,0,10.62
510950,462,462.03,-47.79,-47.79,0,10.62
510955,465,465.0,-48.84,-48.84,0,10.62
510960,457,456.96,-50.07,-50.07,0,10.62
510965,457,456.98,-51.45,-51.45,0,10.62
510970,451,451.04,-52.98,-52.98,0,10.62
510975,448,448.04,-54.64,-54.64,0,10.62
510980,447,446.96,-56.41,-56.41,0,10.62
510985,444,443.95,-58.28,-58.28,0,10.62
510990,442,442.04,-60.23,-60.23,0,10.62
510995,438,438.07,-62.26,-62.26,0,10.62
511000,439,438.96,-64.33,-64.33,0,10.62
511005,435,434.92,-66.45,-66.45,0,10.62
511010,435,435.04,-68.59,-68.59,0,10.62
511015,433,433.09,-70.74,-70.74,0,10.62
511020,433,432.96,-72.88,-72.88,0,10.62
511025,432,431.9,-75.0,-75.0,0,10.62
511030,430,430.04,-77.09,-77.09,0,10.62
511035,430,430.11,-79.13,-79.13,0,10.62
511040,430,429.97,-81.11,-81.11,0,10.62
511045,431,430.88,-83.01,-83.01,0,10.62
511050,430,430.03,-84.82,-84.82,0,10.62
511055,431,431.13,-86.52,-86.52,0,10.62
511060,429,428.98,-88.09,-88.09,0,10.62
511065,432,431.86,-89.51,-89.51,0,10.62
511070,431,431.02,-90.77,-90.77,0,10.62
511075,432,432.15,-91.84,-91.84,0,10.62
511080,432,431.98,-92.71,-92.71,0,10.62
511085,433,432.84,-93.34,-93.34,0,10.62
511090,432,432.02,-93.71,-93.34,0,10.62
511095,433,433.17,-93.8,-93.34,0,10.62
511100,434,433.98,-93.57,-93.34,0,10.62
511105,435,434.82,-92.99,-92.99,0,10.62
511110,435,435.01,-92.04,-92.04,0,10.62
511115,434,434.18,-90.67,-90.67,0,10.62
511120,433,432.99,-88.85,-88.85,0,10.62
511125,434,433.81,-86.56,-86.56,0,10.62
511130,434,434.01,-83.76,-83.76,0,10.62
511135,433,433.2,-80.41,-80.41,0,10.62
511140,433,432.99,-76.48,-76.48,0,10.62
511145,432,431.8,-71.95,-71.95,0,10.62
511150,434,434.02,-66.8,-66.8,0,10.62
511155,433,433.21,-60.99,-60.99,0,10.62
511160,431,430.98,-54.53,-54.53,0,10.62
511165,432,431.78,-47.39,-47.39,0,10.62
511170,432,432.03,-39.59,-39.59,0,10.62
511175,432,432.23,-31.12,-31.12,0,10.62
511180,434,433.96,-22.01,-22.01,0,10.62
511185,440,439.76,-12.28,-12.28,0,10.62
511190,445,445.06,-1.99,-1.99,0,10.62
511195,459,459.25,8.82,8.82,0,10.62
511200,470,469.94,20.09,20.09,0,10.62
511205,485,484.73,31.73,31.73,0,10.62
511210,504,504.07,43.64,43.64,0,10.62
511215,527,527.29,55.74,55.74,0,10.62
511220,552,551.92,67.9,67.9,0,10.62
511225,578,577.69,80.01,80.01,0,10.62
511230,603,603.08,91.96,91.96,0,10.62
511235,626,626.32,103.61,103.61,0,10.62
511240,650,649.91,114.84,114.84,0,10.62
511245,671,670.66,125.53,125.53,0,10.62
511250,690,690.09,135.57,135.57,0,10.62
511255,708,708.35,144.86,144.86,0,10.62
511260,721,720.9,153.3,153.3,0,10.62
511265,732,731.62,160.8,160.8,0,10.62
511270,740,740.1,167.3,167.3,0,10.62
511275,745,745.4,172.74,172.74,0,10.62
511280,747,746.89,177.07,177.07,0,10.62
511285,747,746.58,180.28,180.28,0,10.62
511290,740,740.11,182.35,181.78,0,10.62
511295,731,731.44,183.28,181.78,0,10.62
511300,734,733.89,183.08,181.78,0,10.62
511305,726,725.55,181.78,181.78,0,10.62
511310,716,716.1,179.42,179.42,0,10.62
511315,706,706.45,176.04,176.04,0,10.62
511320,695,694.9,171.71,171.71,0,10.62
511325,686,685.55,166.48,166.48,0,10.62
511330,674,674.09,160.42,160.42,0,10.62
511335,663,663.45,153.61,153.61,0,10.62
511340,651,650.91,146.13,146.13,0,10.62
511345,640,639.55,138.07,138.07,0,10.62
511350,629,629.09,129.49,129.49,0,10.62
511355,618,618.45,120.49,120.49,0,10.62
511360,608,607.91,111.14,111.14,0,10.62
511365,598,597.54,101.54,101.54,0,10.62
511370,588,588.08,91.75,91.75,0,10.62
511375,579,579.46,81.87,81.87,0,10.62
511380,570,569.92,71.96,71.96,0,10.62
511385,559,558.53,62.09,62.09,0,10.62
511390,552,552.08,52.34,52.34,0,10.62
511395,535,535.47,42.77,42.77,0,10.62
511400,530,529.92,33.44,33.44,0,10.62
511405,523,522.53,24.41,24.41,0,10.62
511410,514,514.08,15.73,15.73,0,10.62
511415,504,504.47,7.45,7.45,0,10.62
511420,494,493.91,-0.39,-0.39,0,10.62
511425,486,485.54,-7.76,-7.76,0,10.62
511430,477,477.1,-14.63,-14.63,0,10.62
511435,471,471.46,-20.96,-20.96,0,10.62
511440,465,464.89,-26.75,-26.75,0,10.62
511445,460,459.54,-31.98,-31.98,0,10.62
511450,455,455.11,-36.65,-36.65,0,10.62
511455,453,453.46,-40.76,-40.76,0,10.62
511460,450,449.88,-44.31,-44.31,0,10.62
511465,449,448.54,-47.34,-47.34,0,10.62
511470,451,451.13,-49.84,-49.84,0,10.62
511475,451,451.47,-51.86,-51.86,0,10.62
511480,450,449.86,-53.42,-53.42,0,10.62
511485,454,453.53,-54.55,-54.55,0,10.62
511490,455,455.16,-55.3,-55.3,0,10.62
511495,456,456.48,-55.7,-55.3,0,10.62
511500,462,461.83,-55.81,-55.3,0,10.62
511505,464,463.51,-55.66,-55.3,0,10.62
511510,467,467.18,-55.29,-55.29,0,10.62
511515,470,470.49,-54.76,-54.76,0,10.62
511520,472,471.8,-54.11,-54.11,0,10.62
511525,475,474.5,-53.37,-53.37,0,10.62
511530,475,475.21,-52.6,-52.6,0,10.62
511535,477,477.5,-51.83,-51.83,0,10.62
511540,481,480.78,-51.09,-51.09,0,10.62
511545,479,478.49,-50.42,-50.42,0,10.62
511550,479,479.23,-49.84,-49.84,0,10.62
511555,480,480.52,-49.38,-49.38,0,10.62
511560,480,479.76,-49.06,-49.08,0,10.62
511565,477,476.47,-48.89,-49.08,0,10.62
511570,474,474.24,-48.9,-49.08,0,10.62
511575,472,472.54,-49.08,-49.08,0,10.62
511580,471,470.76,-49.45,-49.45,0,10.62
511585,469,468.44,-50.01,-50.01,0,10.62
511590,467,467.24,-50.75,-50.75,0,10.62
511595,463,463.57,-51.69,-51.69,0,10.62
511600,461,460.76,-52.8,-52.8,0,10.62
511605,457,456.42,-54.1,-54.1,0,10.62
511610,456,456.24,-55.56,-55.56,0,10.62
511615,453,453.6,-57.17,-57.17,0,10.62
511620,458,457.76,-58.94,-58.94,0,10.62
511625,450,449.39,-60.84,-60.84,0,10.62
511630,447,447.24,-62.85,-62.85,0,10.62
511635,444,444.63,-64.97,-64.97,0,10.62
511640,444,443.78,-67.18,-67.18,0,10.62
511645,440,439.35,-69.47,-69.47,0,10.62
511650,440,440.21,-71.8,-71.8,0,10.62
511655,438,438.67,-74.17,-74.17,0,10.62
511660,437,436.81,-76.56,-76.56,0,10.62
511665,435,434.31,-78.94,-78.94,0,10.62
511670,433,433.18,-81.31,-81.31,0,10.62
511675,432,432.72,-83.63,-83.63,0,10.62
511680,432,431.84,-85.88,-85.88,0,10.62
511685,431,430.26,-88.04,-88.04,0,10.62
511690,433,433.15,-90.1,-90.1,0,10.62
511695,430,430.77,-92.01,-92.01,0,10.62
511700,429,428.86,-93.77,-93.77,0,10.62
511705,431,430.2,-95.33,-95.33,0,10.62
511710,430,430.13,-96.68,-96.68,0,10.62
511715,419,419.82,-97.78,-97.78,0,10.62
511720,429,428.87,-98.6,-98.6,0,10.62
511725,432,431.17,-99.11,-98.6,0,10.62
511730,430,430.13,-99.28,-98.6,0,10.62
511735,429,429.82,-99.07,-98.6,0,10.62
511740,430,429.87,-98.46,-98.46,0,10.62
511745,428,427.18,-97.4,-97.4,0,10.62
511750,430,430.12,-95.86,-95.86,0,10.62
511755,429,429.82,-93.81,-93.81,0,10.62
511760,427,426.87,-91.22,-91.22,0,10.62
511765,430,429.17,-88.04,-88.04,0,10.62
511770,431,431.13,-84.26,-84.26,0,10.62
511775,427,427.83,-79.84,-79.84,0,10.62
511780,429,428.86,-74.77,-74.77,0,10.62
511785,430,429.16,-69.01,-69.01,0,10.62
511790,428,428.15,-62.56,-62.56,0,10.62
511795,430,430.84,-55.41,-55.41,0,10.62
511800,431,430.84,-47.55,-47.55,0,10.62
511805,431,430.16,-39.01,-39.01,0,10.62
511810,433,433.17,-29.79,-29.79,0,10.62
511815,437,437.85,-19.93,-19.93,0,10.62
511820,441,440.82,-9.46,-9.46,0,10.62
511825,475,474.16,1.55,1.55,0,10.62
511830,464,464.2,13.06,13.06,0,10.62
511835,480,480.81,24.97,24.97,0,10.62
511840,499,498.8,37.21,37.21,0,10.62
511845,519,518.24,49.66,49.66,0,10.62
511850,543,543.22,62.24,62.24,0,10.62
511855,570,570.72,74.81,74.81,0,10.62
511860,595,594.77,87.26,87.26,0,10.62
511865,619,618.32,99.46,99.46,0,10.62
511870,648,648.24,111.29,111.29,0,10.62
511875,667,667.65,122.63,122.63,0,10.62
511880,686,685.73,133.35,133.35,0,10.62
511885,705,704.38,143.36,143.36,0,10.62
511890,721,721.29,152.54,152.54,0,10.62
511895,732,732.59,160.81,160.81,0,10.62
511900,742,741.68,168.1,168.1,0,10.62
511905,749,748.44,174.34,174.34,0,10.62
511910,752,752.34,179.47,179.47,0,10.62
511915,753,753.53,183.48,183.48,0,10.62
511920,753,752.62,186.33,186.33,0,10.62
511925,748,747.5,188.02,186.33,0,10.62
511930,744,744.4,188.56,186.33,0,10.62
511935,733,733.47,187.97,186.33,0,10.62
511940,728,727.56,186.28,186.28,0,10.62
511945,720,719.56,183.54,183.54,0,10.62
511950,685,685.45,179.8,179.8,0,10.62
511955,699,699.41,175.11,175.11,0,10.62
511960,686,685.56,169.55,169.55,0,10.62
511965,677,676.62,163.18,163.18,0,10.62
511970,667,667.41,156.08,156.08,0,10.62
511975,656,656.34,148.32,148.32,0,10.62
511980,644,643.61,139.99,139.99,0,10.62
511985,632,631.68,131.16,131.16,0,10.62
511990,623,623.37,121.92,121.92,0,10.62
511995,614,614.29,112.34,112.34,0,10.62
512000,603,602.65,102.51,102.51,0,10.62
512005,592,591.73,92.51,92.51,0,10.62
512010,584,584.33,82.41,82.41,0,10.62
512015,573,573.26,72.29,72.29,0,10.62
512020,562,561.68,62.22,62.22,0,10.62
512025,553,552.76,52.26,52.26,0,10.62
512030,545,545.3,42.49,42.49,0,10.62
512035,533,533.23,32.96,32.96,0,10.62
512040,524,523.7,23.73,23.73,0,10.62
512045,513,512.79,14.85,14.85,0,10.62
512050,503,503.29,6.38,6.38,0,10.62
512055,494,494.2,-1.66,-1.66,0,10.62
512060,485,484.72,-9.21,-9.21,0,10.62
512065,476,475.81,-16.25,-16.25,0,10.62
512070,468,468.28,-22.76,-22.76,0,10.62
512075,463,463.18,-28.71,-28.71,0,10.62
512080,459,458.73,-34.1,-34.1,0,10.62
512085,454,453.83,-38.92,-38.92,0,10.62
512090,450,450.26,-43.18,-43.18,0,10.62
512095,450,450.16,-46.88,-46.88,0,10.62
512100,448,447.76,-50.04,-50.04,0,10.62
512105,447,446.85,-52.68,-52.68,0,10.62
512110,448,448.23,-54.83,-54.83,0,10.62
512115,450,450.15,-56.52,-56.52,0,10.62
512120,452,451.78,-57.78,-57.78,0,10.62
512125,454,453.85,-58.66,-58.66,0,10.62
512130,456,456.2,-59.18,-59.13,0,10.62
512135,461,461.15,-59.41,-59.13,0,10.62
512140,463,462.81,-59.38,-59.13,0,10.62
512145,465,464.85,-59.13,-59.13,0,10.62
512150,468,468.17,-58.71,-58.71,0,10.62
512155,470,470.15,-58.17,-58.17,0,10.62
512160,471,470.84,-57.54,-57.54,0,10.62
512165,474,473.85,-56.87,-56.87,0,10.62
512170,475,475.14,-56.18,-56.18,0,10.62
512175,475,475.16,-55.52,-55.52,0,10.62
512180,475,474.87,-54.92,-54.92,0,10.62
512185,474,473.84,-54.39,-54.39,0,10.62
512190,475,475.12,-53.96,-53.96,0,10.62
512195,474,474.17,-53.66,-53.66,0,10.62
512200,472,471.88,-53.49,-53.66,0,10.62
512205,470,469.83,-53.48,-53.66,0,10.62
512210,468,468.11,-53.62,-53.66,0,10.62
512215,465,465.18,-53.93,-53.93,0,10.62
512220,462,461.9,-54.4,-54.4,0,10.62
512225,465,464.81,-55.04,-55.04,0,10.62
512230,459,459.1,-55.85,-55.85,0,10.62
512235,457,457.19,-56.82,-56.82,0,10.62
512240,454,453.9,-57.94,-57.94,0,10.62
512245,453,452.81,-59.21,-59.21,0,10.62
512250,449,449.09,-60.61,-60.61,0,10.62
512255,448,448.18,-62.14,-62.14,0,10.62
512260,446,445.91,-63.78,-63.78,0,10.62
512265,442,441.82,-65.53,-65.53,0,10.62
512270,437,437.08,-67.36,-67.36,0,10.62
512275,437,437.18,-69.27,-69.27,0,10.62
512280,438,437.93,-71.24,-71.24,0,10.62
512285,435,434.82,-73.26,-73.26,0,10.62
512290,435,435.06,-75.31,-75.31,0,10.62
512295,432,432.18,-77.39,-77.39,0,10.62
512300,431,430.96,-79.46,-79.46,0,10.62
512305,431,430.82,-81.53,-81.53,0,10.62
512310,430,430.03,-83.57,-83.57,0,10.62
512315,428,428.17,-85.56,-85.56,0,10.62
512320,428,427.98,-87.5,-87.5,0,10.62
512325,428,427.83,-89.37,-89.37,0,10.62
512330,426,426.0,-91.14,-91.14,0,10.62
512335,427,427.16,-92.8,-92.8,0,10.62
512340,426,426.01,-94.32,-94.32,0,10.62
512345,429,428.84,-95.7,-95.7,0,10.62
512350,428,427.98,-96.89,-96.89,0,10.62
512355,428,428.15,-97.89,-97.89,0,10.62
512360,428,428.03,-98.67,-98.67,0,10.62
512365,428,427.86,-99.19,-98.97,0,10.62
512370,429,428.96,-99.44,-98.97,0,10.62
512375,428,428.13,-99.38,-98.97,0,10.62
512380,428,428.05,-98.97,-98.97,0,10.62
512385,432,431.88,-98.2,-98.2,0,10.62
512390,429,428.94,-97.02,-97.02,0,10.62
512395,430,430.11,-95.41,-95.41,0,10.62
512400,430,430.07,-93.32,-93.32,0,10.62
512405,431,430.91,-90.73,-90.73,0,10.62
512410,441,440.93,-87.61,-87.61,0,10.62
512415,431,431.07,-83.91,-83.91,0,10.62
512420,430,430.06,-79.62,-79.62,0,10.62
512425,432,431.94,-74.7,-74.7,0,10.62
512430,431,430.97,-69.12,-69.12,0,10.62
512435,430,430.04,-62.88,-62.88,0,10.62
512440,431,431.01,-55.96,-55.96,0,10.62
512445,432,431.98,-48.35,-48.35,0,10.62
512450,431,431.01,-40.05,-40.05,0,10.62
512455,434,434.0,-31.08,-31.08,0,10.62
512460,437,436.97,-21.45,-21.45,0,10.62
512465,440,440.03,-11.19,-11.19,0,10.62
512470,447,447.05,-0.36,-0.36,0,10.62
512475,460,459.96,11.0,11.0,0,10.62
512480,475,474.94,22.8,22.8,0,10.62
512485,490,490.07,34.98,34.98,0,10.62
512490,507,507.07,47.43,47.43,0,10.62
512495,534,533.92,60.04,60.04,0,10.62
512500,559,558.93,72.71,72.71,0,10.62
512505,586,586.1,85.32,85.32,0,10.62
512510,611,611.07,97.73,97.73,0,10.62
512515,637,636.88,109.82,109.82,0,10.62
512520,661,660.93,121.47,121.47,0,10.62
512525,682,682.13,132.55,132.55,0,10.62
512530,702,702.06,142.96,142.96,0,10.62
512535,719,718.85,152.57,152.57,0,10.62
512540,731,730.94,161.31,161.31,0,10.62
512545,744,744.16,169.08,169.08,0,10.62
512550,749,749.06,175.82,175.82,0,10.62
512555,754,753.81,181.46,181.46,0,10.62
512560,756,755.94,185.98,185.98,0,10.62
512565,756,756.21,189.35,189.35,0,10.62
512570,753,753.06,191.54,191.24,0,10.62
512575,748,747.77,192.58,191.24,0,10.62
512580,742,741.94,192.47,191.24,0,10.62
512585,733,733.26,191.24,191.24,0,10.62
512590,723,723.06,188.93,188.93,0,10.62
512595,713,712.72,185.6,185.6,0,10.62
512600,700,699.94,181.3,181.3,0,10.62
512605,690,690.31,176.09,176.09,0,10.62
512610,682,682.06,170.05,170.05,0,10.62
512615,671,670.67,163.25,163.25,0,10.62
512620,660,659.94,155.77,155.77,0,10.62
512625,647,647.35,147.69,147.69,0,10.62
512630,637,637.07,139.09,139.09,0,10.62
512635,626,625.63,130.06,130.06,0,10.62
512640,618,617.93,120.68,120.68,0,10.62
512645,595,595.39,111.02,111.02,0,10.62
512650,598,598.07,101.17,101.17,0,10.62
512655,589,588.62,91.2,91.2,0,10.62
512660,580,579.92,81.19,81.19,0,10.62
512665,571,571.37,71.2,71.2,0,10.62
512670,562,562.08,61.3,61.3,0,10.62
512675,550,549.63,51.55,51.55,0,10.62
512680,539,538.92,42.01,42.01,0,10.62
512685,532,532.36,32.75,32.75,0,10.62
512690,522,522.09,23.8,23.8,0,10.62
512695,511,510.64,15.23,15.23,0,10.62
512700,504,503.9,7.06,7.06,0,10.62
512705,494,494.37,-0.66,-0.66,0,10.62
512710,483,483.11,-7.9,-7.9,0,10.62
512715,480,479.63,-14.63,-14.63,0,10.62
512720,471,470.89,-20.85,-20.85,0,10.62
512725,465,465.37,-26.52,-26.52,0,10.62
512730,459,459.12,-31.65,-31.65,0,10.62
512735,455,454.63,-36.24,-36.24,0,10.62
512740,453,452.89,-40.28,-40.28,0,10.62
512745,451,451.38,-43.8,-43.8,0,10.62
512750,451,451.12,-46.81,-46.81,0,10.62
512755,450,449.62,-49.34,-49.34,0,10.62
512760,452,451.88,-51.41,-51.41,0,10.62
512765,454,454.39,-53.05,-53.05,0,10.62
512770,456,456.12,-54.3,-54.3,0,10.62
512775,462,461.6,-55.2,-55.2,0,10.62
512780,461,460.88,-55.78,-55.78,0,10.62
512785,464,464.4,-56.1,-55.85,0,10.62
512790,466,466.12,-56.19,-55.85,0,10.62
512795,469,468.59,-56.09,-55.85,0,10.62
512800,470,469.87,-55.85,-55.85,0,10.62
512805,471,471.41,-55.49,-55.49,0,10.62
512810,474,474.13,-55.07,-55.07,0,10.62
512815,474,473.59,-54.6,-54.6,0,10.62
512820,474,473.86,-54.13,-54.13,0,10.62
512825,474,474.41,-53.68,-53.68,0,10.62
512830,472,472.15,-53.28,-53.28,0,10.62
512835,476,475.59,-52.94,-52.94,0,10.62
512840,472,471.85,-52.69,-52.69,0,10.62
512845,470,470.41,-52.53,-52.69,0,10.62
512850,471,471.16,-52.49,-52.69,0,10.62
512855,469,468.59,-52.57,-52.69,0,10.62
512860,466,465.84,-52.77,-52.77,0,10.62
512865,462,462.4,-53.1,-53.1,0,10.62
512870,461,461.17,-53.56,-53.56,0,10.62
512875,457,456.61,-54.14,-54.14,0,10.62
512880,455,454.82,-54.85,-54.85,0,10.62
512885,448,448.38,-55.67,-55.67,0,10.62
512890,449,449.19,-56.6,-56.6,0,10.62
512895,447,446.63,-57.63,-57.63,0,10.62
512900,446,445.8,-58.77,-58.77,0,10.62
512905,444,444.35,-59.99,-59.99,0,10.62
512910,443,443.21,-61.29,-61.29,0,10.62
512915,441,440.66,-62.68,-62.68,0,10.62
512920,458,457.79,-64.13,-64.13,0,10.62
512925,438,438.32,-65.64,-65.64,0,10.62
512930,439,439.18,-67.2,-67.2,0,10.62
512935,432,431.69,-68.81,-68.81,0,10.62
512940,434,433.85,-70.46,-70.46,0,10.62
512945,432,432.31,-72.13,-72.13,0,10.62
512950,432,432.12,-73.81,-73.81,0,10.62
512955,430,429.69,-75.51,-75.51,0,10.62
512960,431,430.91,-77.21,-77.21,0,10.62
512965,430,430.31,-78.9,-78.9,0,10.62
512970,430,430.05,-80.58,-80.58,0,10.62
512975,428,427.69,-82.23,-82.23,0,10.62
512980,428,427.98,-83.85,-83.85,0,10.62
512985,427,427.31,-85.44,-85.44,0,10.62
512990,428,427.99,-86.97,-86.97,0,10.62
512995,428,427.69,-88.43,-88.43,0,10.62
513000,428,428.04,-89.83,-89.83,0,10.62
513005,427,427.32,-91.13,-91.13,0,10.62
513010,448,447.95,-92.34,-92.34,0,10.62
513015,429,428.68,-93.43,-93.43,0,10.62
513020,429,429.04,-94.37,-94.37,0,10.62
513025,429,429.32,-95.16,-95.16,0,10.62
513030,430,429.98,-95.77,-95.77,0,10.62
513035,429,428.68,-96.16,-95.81,0,10.62
513040,430,429.99,-96.32,-95.81,0,10.62
513045,430,430.32,-96.21,-95.81,0,10.62
513050,432,432.03,-95.81,-95.81,0,10.62
513055,431,430.68,-95.08,-95.08,0,10.62
513060,431,430.94,-93.98,-93.98,0,10.62
513065,432,432.33,-92.49,-92.49,0,10.62
513070,432,432.09,-90.57,-90.57,0,10.62
513075,435,434.67,-88.18,-88.18,0,10.62
513080,435,434.88,-85.29,-85.29,0,10.62
513085,434,434.34,-81.87,-81.87,0,10.62
513090,435,435.15,-77.89,-77.89,0,10.62
513095,435,434.66,-73.31,-73.31,0,10.62
513100,433,432.83,-68.11,-68.11,0,10.62
513105,434,434.34,-62.27,-62.27,0,10.62
513110,434,434.21,-55.76,-55.76,0,10.62
513115,431,430.66,-48.58,-48.58,0,10.62
513120,435,434.76,-40.72,-40.72,0,10.62
513125,433,433.35,-32.2,-32.2,0,10.62
513130,433,433.27,-23.01,-23.01,0,10.62
513135,440,439.64,-13.19,-13.19,0,10.62
513140,445,444.71,-2.77,-2.77,0,10.62
513145,451,451.37,8.19,8.19,0,10.62
513150,466,466.32,19.63,19.63,0,10.62
513155,479,478.63,31.48,31.48,0,10.62
513160,500,499.66,43.65,43.65,0,10.62
513165,522,522.38,56.03,56.03,0,10.62
513170,544,544.37,68.51,68.51,0,10.62
513175,575,574.62,80.98,80.98,0,10.62
513180,598,597.61,93.31,93.31,0,10.62
513185,619,619.38,105.38,105.38,0,10.62
513190,648,648.41,117.05,117.05,0,10.62
513195,672,671.63,128.21,128.21,0,10.62
513200,692,691.56,138.73,138.73,0,10.62
513205,711,711.36,148.5,148.5,0,10.62
513210,724,724.45,157.41,157.41,0,10.62
513215,739,738.65,165.38,165.38,0,10.62
513220,746,745.52,172.33,172.33,0,10.62
513225,752,752.34,178.2,178.2,0,10.62
513230,757,757.5,182.94,182.94,0,10.62
513235,755,754.67,186.51,186.51,0,10.62
513240,754,753.47,188.89,188.89,0,10.62
513245,749,749.32,190.1,188.89,0,10.62
513250,741,741.56,190.13,188.89,0,10.62
513255,733,732.69,189.0,188.89,0,10.62
513260,725,724.41,186.77,186.77,0,10.62
513265,714,714.3,183.47,183.47,0,10.62
513270,702,702.62,179.16,179.16,0,10.62
513275,698,697.7,173.9,173.9,0,10.62
513280,698,697.37,167.77,167.77,0,10.62
513285,667,667.28,160.85,160.85,0,10.62
513290,656,656.62,153.21,153.21,0,10.62
513295,642,641.74,144.95,144.95,0,10.62
513300,637,636.4,136.14,136.14,0,10.62
513305,622,622.24,126.89,126.89,0,10.62
513310,611,611.58,117.27,117.27,0,10.62
513315,602,601.77,107.38,107.38,0,10.62
513320,591,590.45,97.3,97.3,0,10.62
513325,583,583.21,87.12,87.12,0,10.62
513330,572,572.52,76.91,76.91,0,10.62
513335,564,563.8,66.75,66.75,0,10.62
513340,552,551.5,56.71,56.71,0,10.62
513345,543,543.18,46.87,46.87,0,10.62
513350,530,530.47,37.29,37.29,0,10.62
513355,522,521.83,28.03,28.03,0,10.62
513360,512,511.55,19.15,19.15,0,10.62
513365,501,501.16,10.7,10.7,0,10.62
513370,492,492.42,2.72,2.72,0,10.62
513375,483,482.86,-4.75,-4.75,0,10.62
513380,476,475.61,-11.67,-11.67,0,10.62
513385,466,466.13,-18.03,-18.03,0,10.62
513390,463,463.37,-23.8,-23.8,0,10.62
513395,457,456.89,-28.98,-28.98,0,10.62
513400,453,452.66,-33.56,-33.56,0,10.62
513405,452,452.09,-37.55,-37.55,0,10.62
513410,449,449.32,-40.96,-40.96,0,10.62
513415,447,446.93,-43.82,-43.82,0,10.62
513420,451,450.7,-46.13,-46.13,0,10.62
513425,452,452.07,-47.95,-47.95,0,10.62
513430,455,455.28,-49.29,-49.29,0,10.62
513435,456,455.94,-50.21,-50.21,0,10.62
513440,460,459.74,-50.75,-50.54,0,10.62
513445,463,463.05,-50.95,-50.54,0,10.62
513450,467,467.24,-50.87,-50.54,0,10.62
513455,471,470.95,-50.54,-50.54,0,10.62
513460,473,472.78,-50.02,-50.02,0,10.62
513465,477,477.04,-49.36,-49.36,0,10.62
513470,479,479.2,-48.6,-48.6,0,10.62
513475,481,480.97,-47.79,-47.79,0,10.62
513480,480,479.81,-46.97,-46.97,0,10.62
513485,483,483.02,-46.17,-46.17,0,10.62
513490,483,483.18,-45.44,-45.44,0,10.62
513495,484,483.98,-44.79,-44.79,0,10.62
513500,483,482.83,-44.27,-44.27,0,10.62
513505,486,486.01,-43.89,-43.89,0,10.62
513510,481,481.16,-43.68,-43.89,0,10.62
513515,482,481.99,-43.64,-43.89,0,10.62
513520,477,476.85,-43.78,-43.89,0,10.62
513525,473,473.0,-44.12,-44.12,0,10.62
513530,473,473.14,-44.66,-44.66,0,10.62
513535,473,473.01,-45.4,-45.4,0,10.62
513540,468,467.86,-46.33,-46.33,0,10.62
513545,465,464.98,-47.45,-47.45,0,10.62
513550,463,463.13,-48.76,-48.76,0,10.62
513555,459,459.04,-50.24,-50.24,0,10.62
513560,456,455.88,-51.87,-51.87,0,10.62
513565,454,453.94,-53.66,-53.66,0,10.62
513570,451,451.12,-55.57,-55.57,0,10.62
513575,448,448.08,-57.6,-57.6,0,10.62
513580,447,446.88,-59.74,-59.74,0,10.62
513585,444,443.91,-61.95,-61.95,0,10.62
513590,441,441.11,-64.24,-64.24,0,10.62
513595,440,440.11,-66.57,-66.57,0,10.62
513600,438,437.89,-68.92,-68.92,0,10.62
513605,436,435.87,-71.29,-71.29,0,10.62
513610,436,436.1,-73.65,-73.65,0,10.62
513615,436,436.15,-75.98,-75.98,0,10.62
513620,435,434.9,-78.27,-78.27,0,10.62
513625,435,434.83,-80.48,-80.48,0,10.62
513630,434,434.09,-82.61,-82.61,0,10.62
513635,434,434.19,-84.62,-84.62,0,10.62
513640,432,431.91,-86.49,-86.49,0,10.62
513645,436,435.79,-88.2,-88.2,0,10.62
513650,433,433.09,-89.73,-89.73,0,10.62
513655,430,430.22,-91.04,-91.04,0,10.62
513660,431,430.91,-92.11,-92.11,0,10.62
513665,431,430.77,-92.9,-92.9,0,10.62
513670,431,431.09,-93.39,-92.9,0,10.62
513675,428,428.24,-93.54,-92.9,0,10.62
513680,431,430.91,-93.32,-92.9,0,10.62
513685,435,434.75,-92.7,-92.7,0,10.62
513690,432,432.1,-91.64,-91.64,0,10.62
513695,431,431.24,-90.11,-90.11,0,10.62
513700,431,430.9,-88.08,-88.08,0,10.62
513705,432,431.77,-85.5,-85.5,0,10.62
513710,430,430.11,-82.36,-82.36,0,10.62
513715,430,430.23,-78.62,-78.62,0,10.62
513720,429,428.89,-74.26,-74.26,0,10.62
513725,429,428.78,-69.25,-69.25,0,10.62
513730,427,427.12,-63.58,-63.58,0,10.62
513735,429,429.21,-57.22,-57.22,0,10.62
513740,429,428.88,-50.19,-50.19,0,10.62
513745,428,427.8,-42.48,-42.48,0,10.62
513750,430,430.12,-34.1,-34.1,0,10.62
513755,432,432.2,-25.07,-25.07,0,10.62
513760,437,436.88,-15.43,-15.43,0,10.62
513765,448,447.81,-5.22,-5.22,0,10.62
513770,454,454.13,5.5,5.5,0,10.62
513775,467,467.18,16.66,16.66,0,10.62
513780,482,481.87,28.18,28.18,0,10.62
513785,503,502.83,39.97,39.97,0,10.62
513790,524,524.13,51.93,51.93,0,10.62
513795,546,546.15,63.93,63.93,0,10.62
513800,573,572.86,75.87,75.87,0,10.62
513805,597,596.87,87.62,87.62,0,10.62
513810,623,623.14,99.06,99.06,0,10.62
513815,646,646.12,110.06,110.06,0,10.62
513820,668,667.85,120.5,120.5,0,10.62
513825,685,684.9,130.27,130.27,0,10.62
513830,701,701.15,139.26,139.26,0,10.62
513835,716,716.09,147.38,147.38,0,10.62
513840,731,730.84,154.55,154.55,0,10.62
513845,733,732.92,160.69,160.69,0,10.62
513850,738,738.15,165.75,165.75,0,10.62
513855,737,737.06,169.7,169.7,0,10.62
513860,736,735.86,172.5,172.5,0,10.62
513865,734,733.95,174.15,172.5,0,10.62
513870,728,728.13,174.65,172.5,0,10.62
513875,722,722.03,174.02,172.5,0,10.62
513880,714,713.87,172.28,172.28,0,10.62
513885,703,702.98,169.47,169.47,0,10.62
513890,694,694.12,165.65,165.65,0,10.62
513895,683,683.01,160.88,160.88,0,10.62
513900,672,671.89,155.22,155.22,0,10.62
513905,662,662.0,148.73,148.73,0,10.62
513910,649,649.11,141.51,141.51,0,10.62
513915,638,637.98,133.62,133.62,0,10.62
513920,627,626.9,125.16,125.16,0,10.62
513925,615,615.03,116.21,116.21,0,10.62
513930,607,607.09,106.84,106.84,0,10.62
513935,594,593.95,97.15,97.15,0,10.62
513940,585,584.91,87.23,87.23,0,10.62
513945,576,576.06,77.15,77.15,0,10.62
513950,564,564.09,66.99,66.99,0,10.62
513955,554,553.92,56.83,56.83,0,10.62
513960,544,543.92,46.76,46.76,0,10.62
513965,534,534.1,36.83,36.83,0,10.62
513970,523,523.08,27.12,27.12,0,10.62
513975,515,514.88,17.69,17.69,0,10.62
513980,500,499.92,8.61,8.61,0,10.62
513985,491,491.14,-0.08,-0.08,0,10.62
513991,480,480.08,-8.33,-8.33,0,10.62
513995,474,473.85,-16.09,-16.09,0,10.62
514000,464,463.93,-23.33,-23.33,0,10.62
514005,455,455.16,-30.02,-30.02,0,10.62
514010,447,447.07,-36.13,-36.13,0,10.62
514015,443,442.83,-41.66,-41.66,0,10.62
514020,437,436.94,-46.6,-46.6,0,10.62
514025,438,438.18,-50.95,-50.95,0,10.62
514030,437,437.06,-54.72,-54.72,0,10.62
514035,436,435.81,-57.92,-57.92,0,10.62
514040,438,437.94,-60.58,-60.58,0,10.62
514045,439,439.21,-62.73,-62.73,0,10.62
514050,441,441.06,-64.39,-64.39,0,10.62
514055,441,440.78,-65.61,-65.61,0,10.62
514060,446,445.94,-66.44,-66.44,0,10.62
514065,447,447.24,-66.9,-66.59,0,10.62
514070,453,453.06,-67.05,-66.59,0,10.62
514075,457,456.74,-66.93,-66.59,0,10.62
514080,459,458.94,-66.59,-66.59,0,10.62
514085,447,447.27,-66.08,-66.08,0,10.62
514090,464,464.06,-65.43,-65.43,0,10.62
514095,466,465.75,-64.71,-64.71,0,10.62
514100,469,468.94,-63.93,-63.93,0,10.62
514105,468,468.23,-63.15,-63.15,0,10.62
514110,469,469.06,-62.4,-62.4,0,10.62
514115,469,468.8,-61.71,-61.71,0,10.62
514120,468,467.94,-61.1,-61.1,0,10.62
514125,470,470.18,-60.6,-60.6,0,10.62
514130,465,465.06,-60.23,-60.23,0,10.62
514135,466,465.84,-60.01,-60.23,0,10.62
514140,465,464.95,-59.94,-60.23,0,10.62
514145,464,464.14,-60.04,-60.23,0,10.62
514150,462,462.05,-60.31,-60.31,0,10.62
514155,458,457.88,-60.74,-60.74,0,10.62
514160,456,455.96,-61.34,-61.34,0,10.62
514165,451,451.11,-62.11,-62.11,0,10.62
514170,450,450.04,-63.03,-63.03,0,10.62
514175,447,446.91,-64.1,-64.1,0,10.62
514180,446,445.97,-65.31,-65.31,0,10.62
514185,439,439.07,-66.64,-66.64,0,10.62
514190,440,440.03,-68.08,-68.08,0,10.62
514195,437,436.95,-69.62,-69.62,0,10.62
514200,433,432.98,-71.25,-71.25,0,10.62
514205,434,434.02,-72.94,-72.94,0,10.62
514210,432,432.02,-74.7,-74.7,0,10.62
514215,430,430.0,-76.49,-76.49,0,10.62
514220,430,429.98,-78.32,-78.32,0,10.62
514225,427,426.98,-80.16,-80.16,0,10.62
514230,427,427.02,-81.99,-81.99,0,10.62
514235,427,427.05,-83.82,-83.82,0,10.62
514240,427,426.98,-85.61,-85.61,0,10.62
514245,429,428.93,-87.36,-87.36,0,10.62
514250,428,428.01,-89.06,-89.06,0,10.62
514255,426,426.09,-90.68,-90.68,0,10.62
514260,429,428.99,-92.2,-92.2,0,10.62
514265,430,429.89,-93.62,-93.62,0,10.62
514270,428,428.01,-94.91,-94.91,0,10.62
514275,429,429.12,-96.04,-96.04,0,10.62
514280,431,431.0,-97.01,-97.01,0,10.62
514285,431,430.87,-97.78,-97.78,0,10.62
514290,432,431.99,-98.33,-98.33,0,10.62
514295,433,433.14,-98.62,-98.33,0,10.62
514300,434,434.02,-98.64,-98.33,0,10.62
514305,434,433.85,-98.35,-98.33,0,10.62
514310,434,433.97,-97.72,-97.72,0,10.62
514315,431,431.16,-96.7,-96.7,0,10.62
514320,435,435.04,-95.28,-95.28,0,10.62
514325,435,434.83,-93.4,-93.4,0,10.62
514330,431,430.95,-91.04,-91.04,0,10.62
514335,436,436.17,-88.16,-88.16,0,10.62
514340,435,435.07,-84.71,-84.71,0,10.62
514345,436,435.82,-80.68,-80.68,0,10.62
514350,439,438.91,-76.02,-76.02,0,10.62
514355,434,434.18,-70.72,-70.72,0,10.62
514360,429,429.11,-64.74,-64.74,0,10.62
514365,435,434.81,-58.07,-58.07,0,10.62
514370,434,433.89,-50.69,-50.69,0,10.62
514375,436,436.19,-42.6,-42.6,0,10.62
514380,436,436.11,-33.81,-33.81,0,10.62
514385,440,439.81,-24.33,-24.33,0,10.62
514390,442,441.9,-14.18,-14.18,0,10.62
514395,447,447.2,-3.4,-3.4,0,10.62
514400,457,457.11,7.95,7.95,0,10.62
514405,469,468.81,19.82,19.82,0,10.62
514410,485,484.9,32.13,32.13,0,10.62
514415,505,505.2,44.79,44.79,0,10.62
514420,527,527.1,57.69,57.69,0,10.62
514425,551,550.81,70.73,70.73,0,10.62
514430,579,578.9,83.78,83.78,0,10.62
514435,605,605.2,96.72,96.72,0,10.62
514440,630,630.1,109.42,109.42,0,10.62
514445,659,658.8,121.76,121.76,0,10.62
514450,681,680.9,133.6,133.6,0,10.62
514455,705,705.2,144.82,144.82,0,10.62
514460,721,721.09,155.3,155.3,0,10.62
514465,736,735.79,164.95,164.95,0,10.62
514470,749,748.91,173.68,173.68,0,10.62
514475,758,758.22,181.39,181.39,0,10.62
514480,764,764.08,188.02,188.02,0,10.62
514485,770,769.77,193.53,193.53,0,10.62
514490,767,766.92,197.87,197.87,0,10.62
514495,770,770.24,201.02,201.02,0,10.62
514500,765,765.07,202.98,201.8,0,10.62
514505,761,760.75,203.75,201.8,0,10.62
514510,755,754.93,203.35,201.8,0,10.62
514515,746,746.26,201.8,201.8,0,10.62
514520,734,734.07,199.16,199.16,0,10.62
514525,725,724.73,195.47,195.47,0,10.62
514530,713,712.94,190.8,190.8,0,10.62
514535,702,702.28,185.2,185.2,0,10.62
514540,693,693.06,178.75,178.75,0,10.62
514545,681,680.7,171.53,171.53,0,10.62
514550,670,669.95,163.62,163.62,0,10.62
514555,659,659.31,155.09,155.09,0,10.62
514560,647,647.05,146.02,146.02,0,10.62
514565,638,637.68,136.51,136.51,0,10.62
514570,628,627.95,126.63,126.63,0,10.62
514575,620,620.34,116.46,116.46,0,10.62
514580,609,609.04,106.08,106.08,0,10.62
514585,601,600.65,95.57,95.57,0,10.62
514590,591,590.97,84.99,84.99,0,10.62
514595,582,582.37,74.44,74.44,0,10.62
514600,571,571.03,63.97,63.97,0,10.62
514605,560,559.61,53.65,53.65,0,10.62
514610,548,547.98,43.55,43.55,0,10.62
514615,538,538.41,33.72,33.72,0,10.62
514620,526,526.02,24.22,24.22,0,10.62
514625,516,515.56,15.11,15.11,0,10.62
514630,506,505.99,6.43,6.43,0,10.62
514635,494,494.46,-1.78,-1.78,0,10.62
514640,486,486.01,-9.48,-9.48,0,10.62
514645,477,476.52,-16.65,-16.65,0,10.62
514650,469,469.0,-23.26,-23.26,0,10.62
514655,463,463.51,-29.3,-29.3,0,10.62
514660,457,457.0,-34.76,-34.76,0,10.62
514665,453,452.47,-39.64,-39.64,0,10.62
514670,452,452.01,-43.95,-43.95,0,10.62
514675,450,450.56,-47.69,-47.69,0,10.62
514680,451,450.98,-50.9,-50.9,0,10.62
514685,472,471.42,-53.6,-53.6,0,10.62
514690,449,449.03,-55.81,-55.81,0,10.62
514695,452,452.57,-57.57,-57.57,0,10.62
514700,455,454.97,-58.92,-58.92,0,10.62
514705,460,459.46,-59.9,-59.9,0,10.62
514710,460,460.02,-60.55,-60.55,0,10.62
514715,462,462.51,-60.92,-60.73,0,10.62
514720,465,464.98,-61.04,-60.73,0,10.62
514725,467,466.53,-60.96,-60.73,0,10.62
514730,468,468.02,-60.73,-60.73,0,10.62
514735,472,472.44,-60.38,-60.38,0,10.62
514740,472,471.98,-59.97,-59.97,0,10.62
514745,474,473.59,-59.52,-59.52,0,10.62
514750,475,475.02,-59.07,-59.07,0,10.62
514755,477,477.38,-58.65,-58.65,0,10.62
514760,475,474.98,-58.3,-58.3,0,10.62
514765,475,474.64,-58.04,-58.04,0,10.62
514770,473,473.01,-57.88,-58.04,0,10.62
514775,472,472.34,-57.85,-58.04,0,10.62
514780,472,471.99,-57.97,-58.04,0,10.62
514785,468,467.68,-58.23,-58.23,0,10.62
514790,467,467.01,-58.65,-58.65,0,10.62
514795,464,464.3,-59.22,-59.22,0,10.62
514800,461,461.0,-59.97,-59.97,0,10.62
514805,459,458.72,-60.87,-60.87,0,10.62
514810,455,455.0,-61.93,-61.93,0,10.62
514815,452,452.26,-63.13,-63.13,0,10.62
514820,448,448.01,-64.48,-64.48,0,10.62
514825,446,445.75,-65.96,-65.96,0,10.62
514830,444,443.99,-67.56,-67.56,0,10.62
514835,442,442.23,-69.27,-69.27,0,10.62
514840,440,440.01,-71.08,-71.08,0,10.62
514845,438,437.79,-72.98,-72.98,0,10.62
514850,436,435.99,-74.96,-74.96,0,10.62
514855,433,433.2,-76.99,-76.99,0,10.62
514860,433,433.02,-79.07,-79.07,0,10.62
514865,432,431.82,-81.19,-81.19,0,10.62
514870,430,429.98,-83.32,-83.32,0,10.62
514875,429,429.16,-85.46,-85.46,0,10.62
514880,428,428.02,-87.6,-87.6,0,10.62
514885,427,426.86,-89.71,-89.71,0,10.62
514890,426,425.97,-91.78,-91.78,0,10.62
514895,426,426.12,-93.79,-93.79,0,10.62
514900,425,425.03,-95.73,-95.73,0,10.62
514905,425,424.9,-97.58,-97.58,0,10.62
514910,425,424.96,-99.32,-99.32,0,10.62
514915,427,427.09,-100.92,-100.92,0,10.62
514920,425,425.04,-102.37,-102.37,0,10.62
514925,426,425.93,-103.64,-103.64,0,10.62
514930,427,426.96,-104.71,-104.71,0,10.62
514935,426,426.06,-105.55,-105.55,0,10.62
514940,426,426.04,-106.12,-105.96,0,10.62
514945,428,427.95,-106.41,-105.96,0,10.62
514950,430,429.96,-106.36,-105.96,0,10.62
514955,428,428.03,-105.96,-105.96,0,10.62
514960,429,429.04,-105.17,-105.17,0,10.62
514965,426,425.98,-103.94,-103.94,0,10.62
514970,428,427.97,-102.24,-102.24,0,10.62
514975,429,429.01,-100.03,-100.03,0,10.62
514980,425,425.02,-97.27,-97.27,0,10.62
514985,429,429.0,-93.93,-93.93,0,10.62
514990,429,428.99,-89.97,-89.97,0,10.62
514995,428,427.99,-85.35,-85.35,0,10.62
515000,428,428.0,-80.04,-80.04,0,10.62
515005,429,429.02,-74.03,-74.03,0,10.62
515010,427,427.02,-67.28,-67.28,0,10.62
515015,428,427.97,-59.79,-59.79,0,10.62
515020,427,426.97,-51.54,-51.54,0,10.62
515025,432,432.04,-42.54,-42.54,0,10.62
515030,432,432.05,-32.8,-32.8,0,10.62
515035,433,432.94,-22.34,-22.34,0,10.62
515040,438,437.93,-11.19,-11.19,0,10.62
515045,449,449.09,0.59,0.59,0,10.62
515050,462,462.1,12.95,12.95,0,10.62
515055,479,478.9,25.81,25.81,0,10.62
515060,498,497.88,39.08,39.08,0,10.62
515065,516,516.13,52.67,52.67,0,10.62
515070,546,546.15,66.45,66.45,0,10.62
515075,572,571.86,80.31,80.31,0,10.62
515080,598,597.82,94.12,94.12,0,10.62
515085,604,604.13,107.75,107.75,0,10.62
515090,655,655.21,121.06,121.06,0,10.62
515095,680,679.9,133.93,133.93,0,10.62
515100,700,699.75,146.22,146.22,0,10.62
515105,723,723.04,157.8,157.8,0,10.62
515110,740,740.29,168.58,168.58,0,10.62
515115,752,752.01,178.43,178.43,0,10.62
515120,763,762.66,187.28,187.28,0,10.62
515125,771,770.94,195.05,195.05,0,10.62
515130,776,776.39,201.67,201.67,0,10.62
515135,778,778.11,207.1,207.1,0,10.62
515140,788,787.57,211.31,211.31,0,10.62
515145,776,775.83,214.28,214.28,0,10.62
515150,771,771.46,216.01,214.28,0,10.62
515155,764,764.21,216.51,214.28,0,10.62
515160,758,757.51,215.8,214.28,0,10.62
515165,748,747.74,213.92,213.92,0,10.62
515170,740,740.51,210.92,210.92,0,10.62
515175,731,731.31,206.84,206.84,0,10.62
515180,721,720.46,201.76,201.76,0,10.62
515185,711,710.63,195.73,195.73,0,10.62
515190,698,698.56,188.84,188.84,0,10.62
515195,688,688.42,181.15,181.15,0,10.62
515200,676,675.41,172.74,172.74,0,10.62
515205,666,665.53,163.71,163.71,0,10.62
515210,655,655.62,154.13,154.13,0,10.62
515215,645,645.53,144.08,144.08,0,10.62
515220,635,634.36,133.64,133.64,0,10.62
515225,625,624.42,122.91,122.91,0,10.62
515230,613,613.67,111.96,111.96,0,10.62
515235,606,606.64,100.86,100.86,0,10.62
515240,596,595.3,89.71,89.71,0,10.62
515245,585,584.3,78.56,78.56,0,10.62
515250,573,573.73,67.51,67.51,0,10.62
515255,538,538.75,56.61,56.61,0,10.62
515260,550,549.24,45.93,45.93,0,10.62
515265,539,538.24,35.54,35.54,0,10.62
515270,527,527.79,25.49,25.49,0,10.62
515275,515,515.76,15.84,15.84,0,10.62
515280,503,502.18,6.64,6.64,0,10.62
515285,493,492.24,-2.08,-2.08,0,10.62
515290,481,481.85,-10.28,-10.28,0,10.62
515295,473,473.76,-17.91,-17.91,0,10.62
515300,464,463.11,-24.97,-24.97,0,10.62
515305,456,455.24,-31.43,-31.43,0,10.62
515310,437,437.92,-37.28,-37.28,0,10.62
515315,445,445.77,-42.52,-42.52,0,10.62
515320,446,445.07,-47.16,-47.16,0,10.62
515325,439,438.22,-51.2,-51.2,0,10.62
515330,442,442.93,-54.68,-54.68,0,10.62
515335,443,443.8,-57.62,-57.62,0,10.62
515340,442,441.07,-60.05,-60.05,0,10.62
515345,462,461.19,-62.0,-62.0,0,10.62
515350,447,447.94,-63.52,-63.52,0,10.62
515355,450,450.8,-64.65,-64.65,0,10.62
515360,454,453.05,-65.43,-65.43,0,10.62
515365,455,454.22,-65.91,-65.91,0,10.62
515370,456,456.96,-66.13,-65.91,0,10.62
515375,459,459.76,-66.14,-65.91,0,10.62
515380,462,461.03,-65.98,-65.91,0,10.62
515385,462,461.25,-65.69,-65.69,0,10.62
515390,462,462.97,-65.32,-65.32,0,10.62
515395,466,466.73,-64.89,-64.89,0,10.62
515400,467,466.02,-64.45,-64.45,0,10.62
515405,467,466.28,-64.03,-64.03,0,10.62
515410,467,467.99,-63.65,-63.65,0,10.62
515415,466,466.72,-63.34,-63.34,0,10.62
515420,464,463.0,-63.12,-63.12,0,10.62
515425,464,463.29,-63.0,-63.12,0,10.62
515430,461,462.01,-62.99,-63.12,0,10.62
515435,457,457.7,-63.11,-63.12,0,10.62
515440,475,473.99,-63.36,-63.36,0,10.62
515445,455,454.3,-63.74,-63.74,0,10.62
515450,454,455.0,-64.25,-64.25,0,10.62
515455,439,439.68,-64.88,-64.88,0,10.62
515460,449,448.03,-65.62,-65.62,0,10.62
515465,436,435.34,-66.48,-66.48,0,10.62
515470,442,442.95,-67.43,-67.43,0,10.62
515475,439,439.64,-68.46,-68.46,0,10.62
515480,435,434.08,-69.58,-69.58,0,10.62
515485,434,433.37,-70.76,-70.76,0,10.62
515490,430,430.91,-71.99,-71.99,0,10.62
515495,429,429.62,-73.26,-73.26,0,10.62
515500,427,426.11,-74.57,-74.57,0,10.62
515505,425,424.38,-75.89,-75.89,0,10.62
515510,424,424.88,-77.23,-77.23,0,10.62
515515,423,423.61,-78.57,-78.57,0,10.62
515520,421,420.14,-79.91,-79.91,0,10.62
515525,417,416.39,-81.23,-81.23,0,10.62
515530,420,420.86,-82.54,-82.54,0,10.62
515535,415,415.62,-83.82,-83.82,0,10.62
515540,418,417.15,-85.08,-85.08,0,10.62
515545,417,416.38,-86.31,-86.31,0,10.62
515550,419,419.85,-87.51,-87.51,0,10.62
515555,414,414.62,-88.68,-88.68,0,10.62
515560,416,415.15,-89.81,-89.81,0,10.62
515565,416,415.38,-90.91,-90.91,0,10.62
515570,416,416.86,-91.98,-91.98,0,10.62
515575,417,417.63,-93.01,-93.01,0,10.62
515580,417,416.13,-94.01,-94.01,0,10.62
515585,419,418.37,-94.96,-94.96,0,10.62
515590,417,417.89,-95.89,-95.89,0,10.62
515595,420,420.63,-96.76,-96.76,0,10.62
515600,420,419.1,-97.6,-97.6,0,10.62
515605,421,420.36,-98.38,-98.38,0,10.62
515610,422,422.91,-99.1,-99.1,0,10.62
515615,422,422.64,-99.75,-99.75,0,10.62
515620,422,421.07,-100.33,-100.33,0,10.62
515625,425,424.35,-100.8,-100.8,0,10.62
515630,426,426.96,-101.17,-101.17,0,10.62
515635,421,421.66,-101.41,-101.17,0,10.62
515640,429,428.02,-101.49,-101.17,0,10.62
515645,429,428.35,-101.4,-101.17,0,10.62
515650,430,431.01,-101.11,-101.11,0,10.62
515655,416,416.64,-100.58,-100.58,0,10.62
515660,430,428.96,-99.79,-99.79,0,10.62
515665,431,430.39,-98.7,-98.7,0,10.62
515670,431,432.08,-97.28,-97.28,0,10.62
515675,432,432.57,-95.49,-95.49,0,10.62
515680,433,431.88,-93.29,-93.29,0,10.62
515685,433,432.47,-90.65,-90.65,0,10.62
515690,418,419.14,-87.52,-87.52,0,10.62
515695,432,432.49,-83.87,-83.87,0,10.62
515700,432,430.84,-79.66,-79.66,0,10.62
515705,434,433.55,-74.85,-74.85,0,10.62
515710,434,435.16,-69.42,-69.42,0,10.62
515715,432,432.41,-63.34,-63.34,0,10.62
515720,430,428.82,-56.58,-56.58,0,10.62
515725,432,431.63,-49.13,-49.13,0,10.62
515730,433,434.2,-40.97,-40.97,0,10.62
515735,433,433.33,-32.12,-32.12,0,10.62
515740,433,431.77,-22.57,-22.57,0,10.62
515745,440,439.71,-12.35,-12.35,0,10.62
515750,442,443.27,-1.49,-1.49,0,10.62
515755,451,451.25,9.96,9.96,0,10.62
515760,463,461.7,21.95,21.95,0,10.62
515765,479,478.8,34.4,34.4,0,10.62
515770,476,477.33,47.23,47.23,0,10.62
515775,523,523.16,60.34,60.34,0,10.62
515780,550,548.68,73.61,73.61,0,10.62
515785,576,575.88,86.92,86.92,0,10.62
515790,579,580.29,100.15,100.15,0,10.62
515795,631,631.07,113.17,113.17,0,10.62
515800,657,655.78,125.84,125.84,0,10.62
515805,680,679.96,138.02,138.02,0,10.62
515810,706,707.14,149.61,149.61,0,10.62
515815,722,721.99,160.46,160.46,0,10.62
515820,738,736.93,170.49,170.49,0,10.62
515825,752,752.04,179.58,179.58,0,10.62
515830,760,761.0,187.66,187.66,0,10.62
515835,769,768.91,194.65,194.65,0,10.62
515840,772,771.06,200.5,200.5,0,10.62
515845,771,771.12,205.17,205.17,0,10.62
515850,770,770.87,208.64,208.64,0,10.62
515855,767,766.84,210.9,210.52,0,10.62
515860,761,760.19,211.95,210.52,0,10.62
515865,754,754.19,211.82,210.52,0,10.62
515870,746,746.75,210.52,210.52,0,10.62
515875,738,737.78,208.11,208.11,0,10.62
515880,728,727.31,204.63,204.63,0,10.62
515885,717,717.26,200.14,200.14,0,10.62
515890,705,705.63,194.71,194.71,0,10.62
515895,694,693.71,188.41,188.41,0,10.62
515900,682,681.43,181.31,181.31,0,10.62
515905,672,672.33,173.49,173.49,0,10.62
515910,661,661.52,165.04,165.04,0,10.62
515915,650,649.64,156.03,156.03,0,10.62
515920,641,640.54,146.55,146.55,0,10.62
515925,629,629.4,136.68,136.68,0,10.62
515930,620,620.41,126.5,126.5,0,10.62
515935,612,611.56,116.1,116.1,0,10.62
515940,601,600.64,105.53,105.53,0,10.62
515945,590,590.47,94.89,94.89,0,10.62
515950,590,590.31,84.25,84.25,0,10.62
515955,590,589.51,73.67,73.67,0,10.62
515960,561,560.73,63.22,63.22,0,10.62
515965,550,550.49,52.98,52.98,0,10.62
515970,538,538.24,42.99,42.99,0,10.62
515975,527,526.53,33.34,33.34,0,10.62
515980,515,514.79,24.05,24.05,0,10.62
515985,505,505.46,15.2,15.2,0,10.62
515990,493,493.19,6.82,6.82,0,10.62
515995,482,481.56,-1.05,-1.05,0,10.62
516000,475,474.84,-8.38,-8.38,0,10.62
516005,466,466.44,-15.15,-15.15,0,10.62
516010,460,460.13,-21.33,-21.33,0,10.62
516015,456,455.57,-26.92,-26.92,0,10.62
516020,453,452.9,-31.93,-31.93,0,10.62
516025,450,450.42,-36.34,-36.34,0,10.62
516030,449,449.07,-40.19,-40.19,0,10.62
516035,449,448.58,-43.49,-43.49,0,10.62
516040,450,449.97,-46.26,-46.26,0,10.62
516045,450,450.41,-48.53,-48.53,0,10.62
516050,454,454.0,-50.35,-50.35,0,10.62
516055,455,454.59,-51.76,-51.76,0,10.62
516060,459,459.03,-52.79,-52.79,0,10.62
516065,462,462.4,-53.48,-53.48,0,10.62
516070,465,464.94,-53.9,-53.9,0,10.62
516075,468,467.6,-54.08,-53.9,0,10.62
516080,469,469.09,-54.06,-53.9,0,10.62
516085,473,473.4,-53.9,-53.9,0,10.62
516090,474,473.88,-53.64,-53.64,0,10.62
516095,475,474.6,-53.3,-53.3,0,10.62
516100,475,475.15,-52.94,-52.94,0,10.62
516105,471,471.4,-52.58,-52.58,0,10.62
516110,475,474.82,-52.26,-52.26,0,10.62
516115,472,471.61,-51.99,-51.99,0,10.62
516120,474,474.21,-51.81,-51.92,0,10.62
516125,471,471.39,-51.73,-51.92,0,10.62
516130,470,469.76,-51.76,-51.92,0,10.62
516135,468,467.61,-51.92,-51.92,0,10.62
516140,466,466.27,-52.21,-52.21,0,10.62
516145,464,464.39,-52.65,-52.65,0,10.62
516150,460,459.7,-53.22,-53.22,0,10.62
516155,458,457.61,-53.94,-53.94,0,10.62
516160,456,456.34,-54.79,-54.79,0,10.62
516165,452,452.39,-55.78,-55.78,0,10.62
516170,435,434.61,-56.88,-56.88,0,10.62
516175,448,447.61,-58.11,-58.11,0,10.62
516180,444,444.46,-59.44,-59.44,0,10.62
516185,442,442.39,-60.88,-60.88,0,10.62
516190,440,439.46,-62.4,-62.4,0,10.62
516195,441,440.61,-64.0,-64.0,0,10.62
516200,435,435.62,-65.68,-65.68,0,10.62
516205,433,433.39,-67.41,-67.41,0,10.62
516210,435,434.3,-69.19,-69.19,0,10.62
516215,431,430.62,-71.02,-71.02,0,10.62
516220,432,432.78,-72.87,-72.87,0,10.62
516225,429,429.37,-74.74,-74.74,0,10.62
516230,428,427.14,-76.62,-76.62,0,10.62
516235,428,427.63,-78.49,-78.49,0,10.62
516240,403,403.93,-80.35,-80.35,0,10.62
516245,426,426.36,-82.18,-82.18,0,10.62
516250,425,424.03,-83.98,-83.98,0,10.62
516255,423,422.64,-85.73,-85.73,0,10.62
516260,424,425.0,-87.43,-87.43,0,10.62
516265,425,425.36,-89.06,-89.06,0,10.62
516270,424,422.97,-90.61,-90.61,0,10.62
516275,429,428.64,-92.08,-92.08,0,10.62
516280,401,402.04,-93.43,-93.43,0,10.62
516285,423,423.35,-94.67,-94.67,0,10.62
516290,428,426.97,-95.77,-95.77,0,10.62
516295,426,425.66,-96.71,-96.71,0,10.62
516300,425,426.0,-97.49,-97.49,0,10.62
516305,424,424.33,-98.06,-98.06,0,10.62
516310,428,427.04,-98.42,-98.06,0,10.62
516315,426,425.69,-98.54,-98.06,0,10.62
516320,427,427.93,-98.39,-98.06,0,10.62
516325,428,428.29,-97.94,-97.94,0,10.62
516330,431,430.11,-97.16,-97.16,0,10.62
516335,427,426.72,-96.02,-96.02,0,10.62
516340,429,429.85,-94.49,-94.49,0,10.62
516345,429,429.27,-92.52,-92.52,0,10.62
516350,430,429.18,-90.09,-90.09,0,10.62
516355,429,428.73,-87.16,-87.16,0,10.62
516360,429,429.78,-83.69,-83.69,0,10.62
516365,428,428.26,-79.65,-79.65,0,10.62
516370,429,428.25,-75.02,-75.02,0,10.62
516375,428,427.75,-69.76,-69.76,0,10.62
516380,428,428.72,-63.85,-63.85,0,10.62
516385,426,426.25,-57.26,-57.26,0,10.62
516390,427,426.32,-50.0,-50.0,0,10.62
516395,427,426.76,-42.06,-42.06,0,10.62
516400,428,428.66,-33.43,-33.43,0,10.62
516405,430,430.23,-24.14,-24.14,0,10.62
516410,432,431.37,-14.2,-14.2,0,10.62
516415,440,439.78,-3.67,-3.67,0,10.62
516420,448,448.61,7.42,7.42,0,10.62
516425,462,462.22,18.99,18.99,0,10.62
516430,479,478.42,30.98,30.98,0,10.62
516435,496,495.79,43.29,43.29,0,10.62
516440,519,519.57,55.82,55.82,0,10.62
516445,542,542.2,68.46,68.46,0,10.62
516450,568,567.46,81.09,81.09,0,10.62
516455,595,594.8,93.59,93.59,0,10.62
516460,621,621.52,105.83,105.83,0,10.62
516465,646,646.19,117.68,117.68,0,10.62
516470,668,667.49,129.02,129.02,0,10.62
516475,689,688.81,139.73,139.73,0,10.62
516480,707,707.49,149.69,149.69,0,10.62
516485,723,723.19,158.82,158.82,0,10.62
516490,734,733.52,167.0,167.0,0,10.62
516495,743,742.81,174.18,174.18,0,10.62
516500,749,749.47,180.27,180.27,0,10.62
516505,753,753.19,185.25,185.25,0,10.62
516510,754,753.54,189.06,189.06,0,10.62
516515,749,748.8,191.7,191.7,0,10.62
516520,745,745.45,193.16,191.7,0,10.62
516525,740,740.2,193.44,191.7,0,10.62
516530,733,732.57,192.57,191.7,0,10.62
516535,723,722.79,190.59,190.59,0,10.62
516540,715,715.42,187.53,187.53,0,10.62
516545,703,703.22,183.46,183.46,0,10.62
516550,694,693.59,178.43,178.43,0,10.62
516555,682,681.77,172.51,172.51,0,10.62
516560,670,670.39,165.78,165.78,0,10.62
516565,661,661.25,158.3,158.3,0,10.62
516570,648,647.62,150.18,150.18,0,10.62
516575,638,637.74,141.48,141.48,0,10.62
516580,629,629.37,132.29,132.29,0,10.62
516585,618,618.28,122.7,122.7,0,10.62
516590,608,607.64,112.78,112.78,0,10.62
516595,598,597.71,102.64,102.64,0,10.62
516600,587,587.36,92.33,92.33,0,10.62
516605,577,577.31,81.96,81.96,0,10.62
516610,567,566.65,71.58,71.58,0,10.62
516615,556,555.67,61.29,61.29,0,10.62
516620,545,545.34,51.15,51.15,0,10.62
516625,532,532.35,41.22,41.22,0,10.62
516630,523,522.66,31.59,31.59,0,10.62
516635,514,513.64,22.29,22.29,0,10.62
516640,502,502.34,13.39,13.39,0,10.62
516645,490,490.37,4.95,4.95,0,10.62
516650,480,479.67,-3.01,-3.01,0,10.62
516655,472,471.62,-10.45,-10.45,0,10.62
516660,465,465.34,-17.32,-17.32,0,10.62
516665,456,456.39,-23.62,-23.62,0,10.62
516670,451,450.66,-29.33,-29.33,0,10.62
516675,446,445.6,-34.44,-34.44,0,10.62
516680,445,445.35,-38.95,-38.95,0,10.62
516685,441,441.41,-42.87,-42.87,0,10.62
516690,442,441.64,-46.21,-46.21,0,10.62
516695,441,440.58,-49.01,-49.01,0,10.62
516700,443,443.37,-51.29,-51.29,0,10.62
516705,446,446.43,-53.08,-53.08,0,10.62
516710,459,458.63,-54.42,-54.42,0,10.62
516715,452,451.55,-55.35,-55.35,0,10.62
516720,453,453.36,-55.92,-55.92,0,10.62
516725,457,457.46,-56.17,-55.92,0,10.62
516730,462,461.66,-56.16,-55.92,0,10.62
516735,466,465.53,-55.92,-55.92,0,10.62
516740,468,468.32,-55.51,-55.51,0,10.62
516745,471,471.49,-54.96,-54.96,0,10.62
516750,474,473.7,-54.33,-54.33,0,10.62
516755,474,473.5,-53.65,-53.65,0,10.62
516760,480,480.28,-52.96,-52.96,0,10.62
516765,477,477.52,-52.29,-52.29,0,10.62
516770,474,473.73,-51.67,-51.67,0,10.62
516775,477,476.46,-51.13,-51.13,0,10.62
516780,470,470.26,-50.68,-50.68,0,10.62
516785,472,472.55,-50.35,-50.35,0,10.62
516790,469,468.75,-50.14,-50.35,0,10.62
516795,469,468.43,-50.07,-50.35,0,10.62
516800,467,467.25,-50.14,-50.35,0,10.62
516805,464,464.59,-50.36,-50.36,0,10.62
516810,461,460.76,-50.72,-50.72,0,10.62
516815,459,458.39,-51.23,-51.23,0,10.62
516820,457,457.23,-51.89,-51.89,0,10.62
516825,456,456.63,-52.67,-52.67,0,10.62
516830,450,449.77,-53.59,-53.59,0,10.62
516835,472,471.36,-54.63,-54.63,0,10.62
516840,446,446.23,-55.77,-55.77,0,10.62
516845,445,445.63,-57.02,-57.02,0,10.62
516850,443,442.76,-58.35,-58.35,0,10.62
516855,443,442.41,-59.75,-59.75,0,10.62
516860,437,437.24,-61.21,-61.21,0,10.62
516865,439,439.56,-62.72,-62.72,0,10.62
516870,433,432.77,-64.26,-64.26,0,10.62
516875,430,429.47,-65.82,-65.82,0,10.62
516880,430,430.23,-67.39,-67.39,0,10.62
516885,427,427.51,-68.96,-68.96,0,10.62
516890,430,429.77,-70.53,-70.53,0,10.62
516895,426,425.51,-72.07,-72.07,0,10.62
516900,425,425.23,-73.6,-73.6,0,10.62
516905,424,424.47,-75.1,-75.1,0,10.62
516910,423,422.78,-76.56,-76.56,0,10.62
516915,421,420.55,-78.0,-78.0,0,10.62
516920,422,422.22,-79.39,-79.39,0,10.62
516925,422,422.44,-80.75,-80.75,0,10.62
516930,421,420.78,-82.06,-82.06,0,10.62
516935,420,419.57,-83.34,-83.34,0,10.62
516940,422,422.22,-84.58,-84.58,0,10.62
516945,421,421.42,-85.78,-85.78,0,10.62
516950,422,421.78,-86.94,-86.94,0,10.62
516955,421,420.59,-88.06,-88.06,0,10.62
516960,423,423.22,-89.14,-89.14,0,10.62
516965,423,423.41,-90.19,-90.19,0,10.62
516970,423,422.78,-91.19,-91.19,0,10.62
516975,423,422.59,-92.14,-92.14,0,10.62
516980,423,423.22,-93.04,-93.04,0,10.62
516985,425,425.41,-93.88,-93.88,0,10.62
516990,425,424.77,-94.65,-94.65,0,10.62
516995,421,420.58,-95.34,-95.34,0,10.62
517000,427,427.23,-95.95,-95.95,0,10.62
517005,428,428.43,-96.44,-96.44,0,10.62
517010,428,427.77,-96.81,-96.81,0,10.62
517015,429,428.55,-97.04,-96.81,0,10.62
517020,426,426.24,-97.11,-96.81,0,10.62
517025,430,430.48,-96.98,-96.81,0,10.62
517030,431,430.77,-96.64,-96.64,0,10.62
517035,433,432.5,-96.05,-96.05,0,10.62
517040,433,433.23,-95.18,-95.18,0,10.62
517045,433,433.52,-94.0,-94.0,0,10.62
517050,435,434.77,-92.47,-92.47,0,10.62
517055,436,435.46,-90.56,-90.56,0,10.62
517060,434,434.23,-88.22,-88.22,0,10.62
517065,436,436.56,-85.41,-85.41,0,10.62
517070,437,436.78,-82.11,-82.11,0,10.62
517075,437,436.42,-78.26,-78.26,0,10.62
517080,433,433.21,-73.84,-73.84,0,10.62
517085,436,436.6,-68.8,-68.8,0,10.62
517090,434,433.8,-63.11,-63.11,0,10.62
517095,435,434.38,-56.75,-56.75,0,10.62
517100,434,434.18,-49.7,-49.7,0,10.62
517105,437,437.65,-41.93,-41.93,0,10.62
517110,434,433.83,-33.45,-33.45,0,10.62
517115,438,437.32,-24.25,-24.25,0,10.62
517120,437,437.16,-14.35,-14.35,0,10.62
517125,441,441.71,-3.78,-3.78,0,10.62
517130,449,448.85,7.44,7.44,0,10.62
517135,455,454.26,19.25,19.25,0,10.62
517140,474,474.14,31.58,31.58,0,10.62
517145,488,488.78,44.36,44.36,0,10.62
517150,511,510.87,57.49,57.49,0,10.62
517155,537,536.19,70.87,70.87,0,10.62
517160,562,562.12,84.38,84.38,0,10.62
517165,565,565.83,97.91,97.91,0,10.62
517170,617,616.88,111.31,111.31,0,10.62
517175,645,644.18,124.45,124.45,0,10.62
517180,672,672.11,137.21,137.21,0,10.62
517185,694,694.79,149.45,149.45,0,10.62
517190,717,716.89,161.04,161.04,0,10.62
517195,736,735.24,171.87,171.87,0,10.62
517200,752,752.1,181.82,181.82,0,10.62
517205,765,765.73,190.81,190.81,0,10.62
517210,773,772.89,198.75,198.75,0,10.62
517215,781,780.29,205.57,205.57,0,10.62
517220,784,784.11,211.23,211.23,0,10.62
517225,781,781.68,215.69,215.69,0,10.62
517230,781,780.89,218.92,218.92,0,10.62
517235,778,777.35,220.93,219.73,0,10.62
517240,771,771.12,221.71,219.73,0,10.62
517245,763,763.62,221.3,219.73,0,10.62
517250,755,754.88,219.73,219.73,0,10.62
517255,745,744.41,217.04,217.04,0,10.62
517260,735,735.13,213.28,213.28,0,10.62
517265,723,723.56,208.52,208.52,0,10.62
517270,712,711.86,202.82,202.82,0,10.62
517275,703,702.47,196.27,196.27,0,10.62
517280,689,689.15,188.92,188.92,0,10.62
517285,679,679.5,180.88,180.88,0,10.62
517290,668,667.85,172.21,172.21,0,10.62
517295,658,657.53,163.0,163.0,0,10.62
517300,647,647.16,153.33,153.33,0,10.62
517305,638,638.44,143.29,143.29,0,10.62
517310,628,627.83,132.96,132.96,0,10.62
517315,616,615.59,122.41,122.41,0,10.62
517320,606,606.17,111.73,111.73,0,10.62
517325,599,599.39,100.98,100.98,0,10.62
517330,588,587.83,90.24,90.24,0,10.62
517335,578,577.63,79.58,79.58,0,10.62
517340,568,568.17,69.06,69.06,0,10.62
517345,558,558.36,58.75,58.75,0,10.62
517350,549,548.82,48.7,48.7,0,10.62
517355,535,534.66,38.97,38.97,0,10.62
517360,525,525.17,29.6,29.6,0,10.62
517365,514,514.33,20.66,20.66,0,10.62
517370,503,502.83,12.16,12.16,0,10.62
517375,494,493.68,4.16,4.16,0,10.62
517380,485,485.17,-3.33,-3.33,0,10.62
517385,477,477.31,-10.28,-10.28,0,10.62
517390,471,470.83,-16.67,-16.67,0,10.62
517395,466,465.7,-22.5,-22.5,0,10.62
517400,461,461.17,-27.76,-27.76,0,10.62
517405,458,458.29,-32.47,-32.47,0,10.62
517410,459,458.83,-36.62,-36.62,0,10.62
517415,461,460.73,-40.24,-40.24,0,10.62
517420,455,455.17,-43.36,-43.36,0,10.62
517425,456,456.25,-45.99,-45.99,0,10.62
517430,457,456.84,-48.17,-48.17,0,10.62
517435,460,459.77,-49.94,-49.94,0,10.62
517440,460,460.15,-51.33,-51.33,0,10.62
517445,461,461.2,-52.38,-52.38,0,10.62
517450,465,464.86,-53.13,-53.13,0,10.62
517455,464,463.83,-53.63,-53.63,0,10.62
517460,469,469.14,-53.91,-53.88,0,10.62
517465,470,470.15,-54.02,-53.88,0,10.62
517470,471,470.87,-53.99,-53.88,0,10.62
517475,473,472.88,-53.88,-53.88,0,10.62
517480,473,473.12,-53.7,-53.7,0,10.62
517485,473,473.1,-53.49,-53.49,0,10.62
517490,474,473.88,-53.29,-53.29,0,10.62
517495,475,474.93,-53.12,-53.12,0,10.62
517500,475,475.12,-53.0,-53.12,0,10.62
517505,474,474.05,-52.96,-53.12,0,10.62
517510,474,473.89,-53.0,-53.12,0,10.62
517515,471,470.98,-53.14,-53.14,0,10.62
517520,467,467.11,-53.39,-53.39,0,10.62
517525,467,466.99,-53.76,-53.76,0,10.62
517530,464,463.9,-54.24,-54.24,0,10.62
517535,461,461.03,-54.84,-54.84,0,10.62
517540,457,457.09,-55.55,-55.55,0,10.62
517545,456,455.94,-56.36,-56.36,0,10.62
517550,451,450.93,-57.28,-57.28,0,10.62
517555,449,449.08,-58.28,-58.28,0,10.62
517560,446,446.06,-59.36,-59.36,0,10.62
517565,449,448.9,-60.52,-60.52,0,10.62
517570,442,441.95,-61.73,-61.73,0,10.62
517575,439,439.11,-62.99,-62.99,0,10.62
517580,437,437.04,-64.29,-64.29,0,10.62
517585,437,436.88,-65.61,-65.61,0,10.62
517590,434,433.97,-66.95,-66.95,0,10.62
517595,432,432.13,-68.3,-68.3,0,10.62
517600,431,431.01,-69.64,-69.64,0,10.62
517605,431,430.87,-70.97,-70.97,0,10.62
517610,428,428.0,-72.29,-72.29,0,10.62
517615,428,428.13,-73.58,-73.58,0,10.62
517620,426,425.99,-74.84,-74.84,0,10.62
517625,426,425.87,-76.07,-76.07,0,10.62
517630,425,425.03,-77.26,-77.26,0,10.62
517635,425,425.14,-78.42,-78.42,0,10.62
517640,422,421.96,-79.53,-79.53,0,10.62
517645,423,422.86,-80.6,-80.6,0,10.62
517650,421,421.06,-81.63,-81.63,0,10.62
517655,421,421.15,-82.62,-82.62,0,10.62
517660,421,420.93,-83.57,-83.57,0,10.62
517665,421,420.85,-84.49,-84.49,0,10.62
517670,423,423.09,-85.36,-85.36,0,10.62
517675,420,420.15,-86.21,-86.21,0,10.62
517680,423,422.89,-87.02,-87.02,0,10.62
517685,420,419.85,-87.79,-87.79,0,10.62
517690,422,422.13,-88.54,-88.54,0,10.62
517695,422,422.16,-89.26,-89.26,0,10.62
517700,424,423.85,-89.95,-89.95,0,10.62
517705,424,423.84,-90.61,-90.61,0,10.62
517710,425,425.16,-91.24,-91.24,0,10.62
517715,428,428.17,-91.82,-91.82,0,10.62
517720,427,426.82,-92.37,-92.37,0,10.62
517725,430,429.82,-92.86,-92.86,0,10.62
517730,429,429.2,-93.28,-93.28,0,10.62
517735,429,429.19,-93.63,-93.63,0,10.62
517740,431,430.79,-93.89,-93.89,0,10.62
517745,431,430.81,-94.04,-93.89,0,10.62
517750,434,434.23,-94.06,-93.89,0,10.62
517755,434,434.2,-93.93,-93.89,0,10.62
517760,437,436.75,-93.62,-93.62,0,10.62
517765,436,435.79,-93.09,-93.09,0,10.62
517770,435,435.27,-92.33,-92.33,0,10.62
517775,436,436.22,-91.29,-91.29,0,10.62
517780,437,436.72,-89.94,-89.94,0,10.62
517785,438,437.78,-88.24,-88.24,0,10.62
517790,436,436.3,-86.14,-86.14,0,10.62
517795,437,437.23,-83.62,-83.62,0,10.62
517800,437,436.69,-80.63,-80.63,0,10.62
517805,433,432.77,-77.13,-77.13,0,10.62
517810,438,438.32,-73.08,-73.08,0,10.62
517815,436,436.25,-68.44,-68.44,0,10.62
517820,436,435.66,-63.18,-63.18,0,10.62
517825,436,435.74,-57.28,-57.28,0,10.62
517830,436,436.36,-50.7,-50.7,0,10.62
517835,438,438.28,-43.43,-43.43,0,10.62
517840,432,431.62,-35.46,-35.46,0,10.62
517845,433,432.69,-26.79,-26.79,0,10.62
517850,433,433.41,-17.42,-17.42,0,10.62
517855,428,428.33,-7.38,-7.38,0,10.62
517860,443,442.57,3.31,3.31,0,10.62
517865,452,451.66,14.58,14.58,0,10.62
517870,464,464.46,26.39,26.39,0,10.62
517875,481,481.35,38.65,38.65,0,10.62
517880,499,498.52,51.28,51.28,0,10.62
517885,524,523.65,64.17,64.17,0,10.62
517890,550,550.52,77.21,77.21,0,10.62
517895,577,577.36,90.28,90.28,0,10.62
517900,627,626.47,103.25,103.25,0,10.62
517905,629,628.63,115.98,115.98,0,10.62
517910,657,657.52,128.36,128.36,0,10.62
517915,679,679.38,140.25,140.25,0,10.62
517920,701,700.5,151.53,151.53,0,10.62
517925,720,719.61,162.09,162.09,0,10.62
517930,738,738.48,171.82,171.82,0,10.62
517935,748,748.4,180.63,180.63,0,10.62
517940,758,757.53,188.44,188.44,0,10.62
517945,765,764.58,195.19,195.19,0,10.62
517950,769,769.45,200.82,200.82,0,10.62
517955,770,770.43,205.29,205.29,0,10.62
517960,773,772.56,208.59,208.59,0,10.62
517965,765,764.55,210.71,210.11,0,10.62
517970,758,758.42,211.65,210.11,0,10.62
517975,752,752.47,211.44,210.11,0,10.62
517980,742,741.6,210.11,210.11,0,10.62
517985,724,723.51,207.69,207.69,0,10.62
517990,723,723.38,204.25,204.25,0,10.62
517995,712,712.53,199.84,199.84,0,10.62
518000,702,701.64,194.52,194.52,0,10.62
518005,692,691.42,188.37,188.37,0,10.62
518010,681,681.34,181.46,181.46,0,10.62
518015,670,670.63,173.85,173.85,0,10.62
518020,660,659.68,165.65,165.65,0,10.62
518025,649,648.33,156.91,156.91,0,10.62
518030,640,640.31,147.72,147.72,0,10.62
518035,614,614.71,138.17,138.17,0,10.62
518040,620,619.71,128.32,128.32,0,10.62
518045,611,610.27,118.25,118.25,0,10.62
518050,602,602.28,108.03,108.03,0,10.62
518055,591,591.74,97.74,97.74,0,10.62
518060,586,585.73,87.44,87.44,0,10.62
518065,578,577.25,77.18,77.18,0,10.62
518070,566,566.25,67.05,67.05,0,10.62
518075,554,554.75,57.08,57.08,0,10.62
518080,548,547.76,47.35,47.35,0,10.62
518085,535,534.25,37.9,37.9,0,10.62
518090,523,523.22,28.79,28.79,0,10.62
518095,513,513.75,20.05,20.05,0,10.62
518100,502,501.8,11.73,11.73,0,10.62
518105,492,491.25,3.86,3.86,0,10.62
518110,485,485.18,-3.52,-3.52,0,10.62
518115,475,475.76,-10.39,-10.39,0,10.62
518120,469,468.84,-16.73,-16.73,0,10.62
518125,462,461.24,-22.53,-22.53,0,10.62
518130,459,459.15,-27.79,-27.79,0,10.62
518135,454,454.77,-32.51,-32.51,0,10.62
518140,451,450.87,-36.68,-36.68,0,10.62
518145,451,450.22,-40.34,-40.34,0,10.62
518150,449,449.12,-43.49,-43.49,0,10.62
518155,447,447.8,-46.16,-46.16,0,10.62
518160,442,441.89,-48.38,-48.38,0,10.62
518165,452,451.2,-50.18,-50.18,0,10.62
518170,456,456.12,-51.6,-51.6,0,10.62
518175,458,458.81,-52.68,-52.68,0,10.62
518180,463,462.87,-53.46,-53.46,0,10.62
518185,464,463.17,-53.98,-53.98,0,10.62
518190,466,466.15,-54.29,-54.29,0,10.62
518195,469,469.84,-54.42,-54.29,0,10.62
518200,469,468.84,-54.42,-54.29,0,10.62
518205,471,470.14,-54.32,-54.29,0,10.62
518210,470,470.17,-54.16,-54.16,0,10.62
518215,473,473.88,-53.96,-53.96,0,10.62
518220,472,471.82,-53.76,-53.76,0,10.62
518225,472,471.1,-53.58,-53.58,0,10.62
518230,469,469.18,-53.43,-53.43,0,10.62
518235,446,446.91,-53.35,-53.43,0,10.62
518240,468,467.81,-53.33,-53.43,0,10.62
518245,468,467.11,-53.4,-53.43,0,10.62
518250,465,465.19,-53.57,-53.57,0,10.62
518255,463,463.86,-53.83,-53.83,0,10.62
518260,460,459.8,-54.19,-54.19,0,10.62
518265,459,458.18,-54.66,-54.66,0,10.62
518270,454,454.21,-55.23,-55.23,0,10.62
518275,452,452.79,-55.9,-55.9,0,10.62
518280,450,449.79,-56.66,-56.66,0,10.62
518285,446,445.24,-57.5,-57.5,0,10.62
518290,443,443.22,-58.41,-58.41,0,10.62
518295,442,442.73,-59.4,-59.4,0,10.62
518300,439,438.78,-60.43,-60.43,0,10.62
518305,440,439.3,-61.52,-61.52,0,10.62
518310,435,435.23,-62.64,-62.64,0,10.62
518315,435,435.67,-63.79,-63.79,0,10.62
518320,433,432.77,-64.96,-64.96,0,10.62
518325,434,433.36,-66.14,-66.14,0,10.62
518330,430,430.23,-67.33,-67.33,0,10.62
518335,430,430.61,-68.51,-68.51,0,10.62
518340,428,427.76,-69.67,-69.67,0,10.62
518345,426,425.42,-70.83,-70.83,0,10.62
518350,428,428.24,-71.96,-71.96,0,10.62
518355,427,427.56,-73.06,-73.06,0,10.62
518360,423,422.75,-74.14,-74.14,0,10.62
518365,424,423.46,-75.19,-75.19,0,10.62
518370,422,422.26,-76.2,-76.2,0,10.62
518375,421,421.52,-77.18,-77.18,0,10.62
518380,424,423.73,-78.13,-78.13,0,10.62
518385,421,420.49,-79.05,-79.05,0,10.62
518390,422,422.28,-79.93,-79.93,0,10.62
518395,419,419.49,-80.78,-80.78,0,10.62
518400,425,424.71,-81.61,-81.61,0,10.62
518405,421,420.53,-82.4,-82.4,0,10.62
518410,421,421.29,-83.17,-83.17,0,10.62
518415,421,421.45,-83.92,-83.92,0,10.62
518420,424,423.71,-84.64,-84.64,0,10.62
518425,421,420.57,-85.34,-85.34,0,10.62
518430,423,423.29,-86.01,-86.01,0,10.62
518435,422,422.41,-86.66,-86.66,0,10.62
518440,423,422.72,-87.29,-87.29,0,10.62
518445,423,422.6,-87.88,-87.88,0,10.62
518450,426,426.28,-88.44,-88.44,0,10.62
518455,427,427.39,-88.95,-88.95,0,10.62
518460,429,428.72,-89.42,-89.42,0,10.62
518465,429,428.62,-89.82,-89.82,0,10.62
518470,430,430.28,-90.16,-90.16,0,10.62
518475,431,431.37,-90.41,-90.41,0,10.62
518480,433,432.72,-90.55,-90.41,0,10.62
518485,433,432.64,-90.57,-90.41,0,10.62
518490,433,433.28,-90.44,-90.41,0,10.62
518495,435,435.35,-90.13,-90.13,0,10.62
518500,435,434.72,-89.63,-89.63,0,10.62
518505,435,434.65,-88.9,-88.9,0,10.62
518510,436,436.28,-87.9,-87.9,0,10.62
518515,436,436.35,-86.6,-86.6,0,10.62
518520,438,437.73,-84.97,-84.97,0,10.62
518525,436,435.65,-82.96,-82.96,0,10.62
518530,438,438.27,-80.55,-80.55,0,10.62
518535,438,438.35,-77.69,-77.69,0,10.62
518540,438,437.73,-74.34,-74.34,0,10.62
518545,435,434.65,-70.47,-70.47,0,10.62
518550,437,437.27,-66.04,-66.04,0,10.62
518555,435,435.36,-61.02,-61.02,0,10.62
518560,435,434.74,-55.38,-55.38,0,10.62
518565,435,434.63,-49.1,-49.1,0,10.62
518570,433,433.26,-42.17,-42.17,0,10.62
518575,434,434.38,-34.57,-34.57,0,10.62
518580,434,433.74,-26.3,-26.3,0,10.62
518585,436,435.61,-17.38,-17.38,0,10.62
518590,438,438.26,-7.82,-7.82,0,10.62
518595,443,443.41,2.35,2.35,0,10.62
518600,452,451.74,13.07,13.07,0,10.62
518605,463,462.59,24.29,24.29,0,10.62
518610,478,478.26,35.94,35.94,0,10.62
518615,494,494.43,47.92,47.92,0,10.62
518620,518,517.74,60.15,60.15,0,10.62
518625,543,542.57,72.51,72.51,0,10.62
518630,569,569.26,84.89,84.89,0,10.62
518636,599,599.44,97.16,97.16,0,10.62
518640,623,622.74,109.19,109.19,0,10.62
518645,646,645.55,120.87,120.87,0,10.62
518650,671,671.26,132.05,132.05,0,10.62
518655,691,691.47,142.63,142.63,0,10.62
518660,710,709.73,152.49,152.49,0,10.62
518665,725,724.5,161.53,161.53,0,10.62
518670,736,736.27,169.65,169.65,0,10.62
518675,745,745.51,176.78,176.78,0,10.62
518680,752,751.73,182.85,182.85,0,10.62
518685,756,755.46,187.82,187.82,0,10.62
518690,757,757.27,191.64,191.64,0,10.62
518695,755,755.56,194.3,194.3,0,10.62
518700,744,743.72,195.79,194.3,0,10.62
518705,765,764.43,196.12,194.3,0,10.62
518710,737,737.3,195.31,194.3,0,10.62
518715,725,725.55,193.39,193.39,0,10.62
518720,717,716.68,190.42,190.42,0,10.62
518725,705,704.49,186.45,186.45,0,10.62
518730,691,691.34,181.53,181.53,0,10.62
518735,682,682.48,175.75,175.75,0,10.62
518740,671,670.64,169.17,169.17,0,10.62
518745,660,659.55,161.87,161.87,0,10.62
518750,648,648.38,153.93,153.93,0,10.62
518755,638,638.42,145.43,145.43,0,10.62
518760,651,650.62,136.47,136.47,0,10.62
518765,615,614.61,127.11,127.11,0,10.62
518770,608,608.36,117.44,117.44,0,10.62
518775,598,598.36,107.54,107.54,0,10.62
518780,598,597.69,97.5,97.5,0,10.62
518785,580,579.66,87.38,87.38,0,10.62
518790,570,570.24,77.28,77.28,0,10.62
518795,562,562.32,67.25,67.25,0,10.62
518800,551,550.82,57.36,57.36,0,10.62
518805,541,540.7,47.69,47.69,0,10.62
518810,533,533.11,38.29,38.29,0,10.62
518815,521,521.28,29.22,29.22,0,10.62
518820,513,512.96,20.54,20.54,0,10.62
518825,501,500.74,12.28,12.28,0,10.62
518830,495,494.98,4.49,4.49,0,10.62
518835,484,484.25,-2.8,-2.8,0,10.62
518840,474,474.08,-9.56,-9.56,0,10.62
518845,468,467.77,-15.76,-15.76,0,10.62
518850,462,461.86,-21.38,-21.38,0,10.62
518855,459,459.22,-26.44,-26.44,0,10.62
518860,454,454.19,-30.91,-30.91,0,10.62
518865,452,451.79,-34.81,-34.81,0,10.62
518870,454,453.75,-38.15,-38.15,0,10.62
518875,452,452.21,-40.96,-40.96,0,10.62
518880,453,453.3,-43.25,-43.25,0,10.62
518885,454,453.8,-45.06,-45.06,0,10.62
518890,456,455.65,-46.42,-46.42,0,10.62
518895,455,455.2,-47.38,-47.38,0,10.62
518900,462,462.41,-47.97,-47.97,0,10.62
518905,465,464.81,-48.24,-47.97,0,10.62
518910,467,466.54,-48.24,-47.97,0,10.62
518915,473,473.18,-48.01,-47.97,0,10.62
518920,478,478.52,-47.59,-47.59,0,10.62
518925,478,477.83,-47.05,-47.05,0,10.62
518930,482,481.41,-46.41,-46.41,0,10.62
518935,482,482.16,-45.73,-45.73,0,10.62
518940,484,484.66,-45.03,-45.03,0,10.62
518945,484,483.85,-44.36,-44.36,0,10.62
518950,486,485.27,-43.74,-43.74,0,10.62
518955,488,488.15,-43.2,-43.2,0,10.62
518960,482,482.8,-42.77,-42.77,0,10.62
518965,487,486.86,-42.46,-42.46,0,10.62
518970,484,483.14,-42.29,-42.46,0,10.62
518975,479,479.14,-42.26,-42.46,0,10.62
518980,479,479.93,-42.4,-42.46,0,10.62
518985,476,475.87,-42.69,-42.69,0,10.62
518990,475,474.01,-43.14,-43.14,0,10.62
518995,472,472.12,-43.75,-43.75,0,10.62
519000,470,471.06,-44.51,-44.51,0,10.62
519005,465,464.89,-45.41,-45.41,0,10.62
519010,467,465.87,-46.44,-46.44,0,10.62
519015,460,460.11,-47.6,-47.6,0,10.62
519020,456,457.2,-48.86,-48.86,0,10.62
519025,455,454.9,-50.21,-50.21,0,10.62
519030,451,449.74,-51.64,-51.64,0,10.62
519035,449,449.09,-53.14,-53.14,0,10.62
519040,421,422.31,-54.68,-54.68,0,10.62
519045,444,443.91,-56.26,-56.26,0,10.62
519050,443,441.67,-57.87,-57.87,0,10.62
519055,441,441.08,-59.49,-59.49,0,10.62
519060,437,438.34,-61.13,-61.13,0,10.62
519065,438,437.92,-62.76,-62.76,0,10.62
519070,446,444.66,-64.39,-64.39,0,10.62
519075,435,435.08,-66.0,-66.0,0,10.62
519080,434,435.32,-67.61,-67.61,0,10.62
519085,434,433.93,-69.19,-69.19,0,10.62
519090,434,432.69,-70.75,-70.75,0,10.62
519095,431,431.06,-72.28,-72.28,0,10.62
519100,431,432.29,-73.78,-73.78,0,10.62
519105,430,429.94,-75.25,-75.25,0,10.62
519110,451,449.74,-76.69,-76.69,0,10.62
519115,435,435.05,-78.09,-78.09,0,10.62
519120,434,435.21,-79.46,-79.46,0,10.62
519125,433,432.95,-80.77,-80.77,0,10.62
519130,434,432.85,-82.04,-82.04,0,10.62
519135,436,436.06,-83.25,-83.25,0,10.62
519140,435,436.1,-84.39,-84.39,0,10.62
519145,438,437.93,-85.45,-85.45,0,10.62
519150,438,436.95,-86.42,-86.42,0,10.62
519155,436,436.07,-87.29,-87.29,0,10.62
519160,437,437.99,-88.04,-88.04,0,10.62
519165,439,438.93,-88.65,-88.65,0,10.62
519170,440,439.06,-89.1,-89.1,0,10.62
519175,439,439.07,-89.37,-89.1,0,10.62
519180,440,440.89,-89.43,-89.1,0,10.62
519185,442,441.94,-89.26,-89.1,0,10.62
519190,440,439.16,-88.81,-88.81,0,10.62
519195,443,443.06,-88.07,-88.07,0,10.62
519200,440,440.79,-87.0,-87.0,0,10.62
519205,441,440.94,-85.56,-85.56,0,10.62
519210,440,439.25,-83.72,-83.72,0,10.62
519215,441,441.06,-81.44,-81.44,0,10.62
519220,438,438.7,-78.68,-78.68,0,10.62
519225,438,437.94,-75.4,-75.4,0,10.62
519230,439,438.34,-71.58,-71.58,0,10.62
519235,440,440.06,-67.19,-67.19,0,10.62
519240,440,440.61,-62.18,-62.18,0,10.62
519245,441,440.93,-56.55,-56.55,0,10.62
519250,437,436.43,-50.27,-50.27,0,10.62
519255,435,435.07,-43.32,-43.32,0,10.62
519260,442,442.54,-35.71,-35.71,0,10.62
519265,438,437.94,-27.44,-27.44,0,10.62
519270,441,440.48,-18.52,-18.52,0,10.62
519275,445,445.06,-8.97,-8.97,0,10.62
519280,448,448.5,1.16,1.16,0,10.62
519285,458,457.94,11.83,11.83,0,10.62
519290,469,468.53,22.98,22.98,0,10.62
519295,484,484.06,34.53,34.53,0,10.62
519300,505,505.45,46.4,46.4,0,10.62
519305,523,522.95,58.48,58.48,0,10.62
519310,550,549.57,70.66,70.66,0,10.62
519315,575,575.06,82.84,82.84,0,10.62
519320,603,603.42,94.87,94.87,0,10.62
519325,627,626.94,106.65,106.65,0,10.62
519330,650,649.59,118.04,118.04,0,10.62
519335,672,672.06,128.91,128.91,0,10.62
519340,693,693.4,139.16,139.16,0,10.62
519345,710,709.94,148.67,148.67,0,10.62
519350,725,724.6,157.34,157.34,0,10.62
519355,740,740.06,165.08,165.08,0,10.62
519360,749,749.39,171.82,171.82,0,10.62
519365,753,752.93,177.48,177.48,0,10.62
519370,755,754.6,182.03,182.03,0,10.62
519375,754,754.08,185.44,185.44,0,10.62
519380,752,752.4,187.67,187.44,0,10.62
519385,748,747.92,188.74,187.44,0,10.62
519390,743,742.59,188.66,187.44,0,10.62
519395,736,736.09,187.44,187.44,0,10.62
519400,726,726.41,185.12,185.12,0,10.62
519405,717,716.91,181.76,181.76,0,10.62
519410,704,703.58,177.4,177.4,0,10.62
519415,693,693.1,172.11,172.11,0,10.62
519420,682,682.43,165.97,165.97,0,10.62
519425,672,671.9,159.04,159.04,0,10.62
519430,661,660.56,151.42,151.42,0,10.62
519435,647,647.1,143.18,143.18,0,10.62
519440,632,632.44,134.41,134.41,0,10.62
519445,626,625.9,125.2,125.2,0,10.62
519450,614,613.56,115.64,115.64,0,10.62
519455,605,605.1,105.8,105.8,0,10.62
519460,590,590.44,95.78,95.78,0,10.62
519465,582,581.9,85.66,85.66,0,10.62
519470,572,571.57,75.51,75.51,0,10.62
519475,562,562.11,65.42,65.42,0,10.62
519480,552,552.42,55.45,55.45,0,10.62
519485,544,543.89,45.67,45.67,0,10.62
519490,533,532.58,36.16,36.16,0,10.62
519495,527,527.11,26.95,26.95,0,10.62
519500,515,515.41,18.12,18.12,0,10.62
519505,504,503.88,9.71,9.71,0,10.62
519510,495,494.59,1.76,1.76,0,10.62
519515,485,485.13,-5.68,-5.68,0,10.62
519520,477,477.41,-12.6,-12.6,0,10.62
519525,472,471.86,-18.95,-18.95,0,10.62
519530,461,460.59,-24.74,-24.74,0,10.62
519535,457,457.14,-29.94,-29.94,0,10.62
519540,455,455.42,-34.55,-34.55,0,10.62
519545,453,452.86,-38.58,-38.58,0,10.62
519550,451,450.58,-42.05,-42.05,0,10.62
519555,452,452.14,-44.97,-44.97,0,10.62
519560,455,455.44,-47.36,-47.36,0,10.62
519565,455,454.86,-49.26,-49.26,0,10.62
519570,456,455.54,-50.71,-50.71,0,10.62
519575,457,457.14,-51.74,-51.74,0,10.62
519580,462,462.48,-52.39,-52.39,0,10.62
519585,463,462.87,-52.72,-52.39,0,10.62
519590,486,485.51,-52.77,-52.39,0,10.62
519595,470,470.13,-52.58,-52.39,0,10.62
519600,473,473.48,-52.2,-52.2,0,10.62
519605,477,476.87,-51.69,-51.69,0,10.62
519610,480,479.55,-51.07,-51.07,0,10.62
519615,482,482.12,-50.39,-50.39,0,10.62
519620,483,483.42,-49.7,-49.7,0,10.62
519625,484,483.88,-49.02,-49.02,0,10.62
519630,487,486.6,-48.39,-48.39,0,10.62
519635,486,486.12,-47.84,-47.84,0,10.62
519640,485,485.37,-47.39,-47.39,0,10.62
519645,482,481.88,-47.06,-47.06,0,10.62
519650,483,482.66,-46.87,-47.06,0,10.62
519655,482,482.13,-46.83,-47.06,0,10.62
519660,479,479.31,-46.95,-47.06,0,10.62
519665,477,476.86,-47.23,-47.23,0,10.62
519670,474,473.72,-47.68,-47.68,0,10.62
519675,472,472.15,-48.3,-48.3,0,10.62
519680,470,470.26,-49.07,-49.07,0,10.62
519685,467,466.84,-50.0,-50.0,0,10.62
519690,463,462.77,-51.07,-51.07,0,10.62
519695,461,461.17,-52.28,-52.28,0,10.62
519700,457,457.21,-53.61,-53.61,0,10.62
519705,455,454.81,-55.05,-55.05,0,10.62
519710,451,450.81,-56.59,-56.59,0,10.62
519715,447,447.2,-58.21,-58.21,0,10.62
519720,444,444.17,-59.9,-59.9,0,10.62
519725,445,444.8,-61.65,-61.65,0,10.62
519730,442,441.85,-63.45,-63.45,0,10.62
519735,441,441.21,-65.28,-65.28,0,10.62
519740,437,437.12,-67.12,-67.12,0,10.62
519745,436,435.78,-68.98,-68.98,0,10.62
519750,433,432.91,-70.84,-70.84,0,10.62
519755,436,436.23,-72.69,-72.69,0,10.62
519760,433,433.07,-74.52,-74.52,0,10.62
519765,430,429.76,-76.33,-76.33,0,10.62
519770,427,426.95,-78.11,-78.11,0,10.62
519775,430,430.26,-79.85,-79.85,0,10.62
519780,430,430.04,-81.55,-81.55,0,10.62
519785,429,428.71,-83.21,-83.21,0,10.62
519790,427,426.97,-84.81,-84.81,0,10.62
519795,428,428.31,-86.36,-86.36,0,10.62
519800,427,427.02,-87.85,-87.85,0,10.62
519805,428,427.67,-89.27,-89.27,0,10.62
519810,428,427.98,-90.62,-90.62,0,10.62
519815,429,429.36,-91.9,-91.9,0,10.62
519820,431,431.01,-93.09,-93.09,0,10.62
519825,430,429.62,-94.19,-94.19,0,10.62
519830,431,430.99,-95.19,-95.19,0,10.62
519835,430,430.41,-96.07,-96.07,0,10.62
519840,434,434.01,-96.82,-96.82,0,10.62
519845,442,441.57,-97.43,-97.43,0,10.62
519850,430,429.99,-97.87,-97.87,0,10.62
519855,433,433.43,-98.13,-97.87,0,10.62
519860,434,434.02,-98.18,-97.87,0,10.62
519865,435,434.57,-98.0,-97.87,0,10.62
519870,435,434.97,-97.55,-97.55,0,10.62
519875,436,436.43,-96.81,-96.81,0,10.62
519880,428,428.03,-95.75,-95.75,0,10.62
519885,440,439.57,-94.33,-94.33,0,10.62
519890,439,438.97,-92.52,-92.52,0,10.62
519895,439,439.43,-90.28,-90.28,0,10.62
519900,449,449.02,-87.58,-87.58,0,10.62
519905,439,438.57,-84.38,-84.38,0,10.62
519910,439,438.97,-80.65,-80.65,0,10.62
519915,437,437.42,-76.35,-76.35,0,10.62
519920,438,438.04,-71.46,-71.46,0,10.62
519925,436,435.58,-65.93,-65.93,0,10.62
519930,438,437.95,-59.76,-59.76,0,10.62
519935,440,440.42,-52.91,-52.91,0,10.62
519940,438,438.06,-45.38,-45.38,0,10.62
519945,451,450.58,-37.15,-37.15,0,10.62
519950,439,438.92,-28.25,-28.25,0,10.62
519955,441,441.41,-18.67,-18.67,0,10.62
519960,444,444.09,-8.45,-8.45,0,10.62
519965,448,447.62,2.38,2.38,0,10.62
519970,471,470.91,13.77,13.77,0,10.62
519975,473,473.37,25.66,25.66,0,10.62
519980,488,488.08,37.97,37.97,0,10.62
519985,510,509.65,50.62,50.62,0,10.62
519990,532,531.94,63.49,63.49,0,10.62
519995,557,557.34,76.48,76.48,0,10.62
520000,585,585.04,89.47,89.47,0,10.62
520005,609,608.67,102.33,102.33,0,10.62
520010,638,637.98,114.94,114.94,0,10.62
520015,664,664.32,127.17,127.17,0,10.62
520020,687,687.0,138.89,138.89,0,10.62
520025,712,711.69,149.97,149.97,0,10.62
520030,725,725.01,160.31,160.31,0,10.62
520035,742,742.3,169.81,169.81,0,10.62
520040,754,753.97,178.36,178.36,0,10.62
520045,763,762.71,185.9,185.9,0,10.62
520050,771,771.05,192.36,192.36,0,10.62
520055,771,771.27,197.68,197.68,0,10.62
520060,772,771.93,201.84,201.84,0,10.62
520065,772,771.74,204.81,204.81,0,10.62
520070,763,763.08,206.59,204.92,0,10.62
520075,763,763.24,207.19,204.92,0,10.62
520080,757,756.9,206.62,204.92,0,10.62
520085,747,746.77,204.92,204.92,0,10.62
520090,736,736.1,202.13,202.13,0,10.62
520095,727,727.21,198.31,198.31,0,10.62
520100,719,718.9,193.51,193.51,0,10.62
520105,704,703.8,187.81,187.81,0,10.62
520110,694,694.1,181.27,181.27,0,10.62
520115,682,682.19,173.97,173.97,0,10.62
520120,670,669.9,165.99,165.99,0,10.62
520125,659,658.82,157.42,157.42,0,10.62
520130,649,649.1,148.34,148.34,0,10.62
520135,637,637.17,138.83,138.83,0,10.62
520140,627,626.9,128.97,128.97,0,10.62
520145,617,616.84,118.84,118.84,0,10.62
520150,607,607.1,108.52,108.52,0,10.62
520155,599,599.15,98.1,98.1,0,10.62
520160,587,586.9,87.63,87.63,0,10.62
520165,580,579.85,77.19,77.19,0,10.62
520170,572,572.1,66.86,66.86,0,10.62
520175,560,560.14,56.68,56.68,0,10.62
520180,549,548.89,46.73,46.73,0,10.62
520185,540,539.87,37.06,37.06,0,10.62
520190,529,529.13,27.72,27.72,0,10.62
520195,520,520.13,18.76,18.76,0,10.62
520200,509,508.86,10.22,10.22,0,10.62
520205,499,498.88,2.15,2.15,0,10.62
520210,489,489.16,-5.43,-5.43,0,10.62
520215,482,482.12,-12.49,-12.49,0,10.62
520220,472,471.83,-19.01,-19.01,0,10.62
520225,469,468.89,-24.98,-24.98,0,10.62
520230,464,464.19,-30.39,-30.39,0,10.62
520235,460,460.11,-35.24,-35.24,0,10.62
520240,458,457.79,-39.54,-39.54,0,10.62
520245,455,454.89,-43.3,-43.3,0,10.62
520250,455,455.23,-46.53,-46.53,0,10.62
520255,455,455.11,-49.27,-49.27,0,10.62
520260,454,453.75,-51.53,-51.53,0,10.62
520265,458,457.89,-53.37,-53.37,0,10.62
520270,456,456.27,-54.8,-54.8,0,10.62
520275,461,461.1,-55.86,-55.86,0,10.62
520280,462,461.71,-56.61,-56.61,0,10.62
520285,465,464.9,-57.08,-57.08,0,10.62
520290,465,465.31,-57.32,-57.08,0,10.62
520295,470,470.1,-57.36,-57.08,0,10.62
520300,471,470.67,-57.25,-57.08,0,10.62
520305,472,471.9,-57.03,-57.03,0,10.62
520310,476,476.35,-56.74,-56.74,0,10.62
520315,476,476.11,-56.41,-56.41,0,10.62
520320,477,476.63,-56.09,-56.09,0,10.62
520325,477,476.89,-55.79,-55.79,0,10.62
520330,477,477.39,-55.54,-55.54,0,10.62
520335,474,474.11,-55.37,-55.48,0,10.62
520340,471,470.58,-55.29,-55.48,0,10.62
520345,473,472.88,-55.32,-55.48,0,10.62
520350,471,471.45,-55.48,-55.48,0,10.62
520355,467,467.11,-55.76,-55.76,0,10.62
520360,482,481.52,-56.17,-56.17,0,10.62
520365,464,463.89,-56.73,-56.73,0,10.62
520370,456,456.48,-57.41,-57.41,0,10.62
520375,457,457.11,-58.22,-58.22,0,10.62
520380,454,453.53,-59.16,-59.16,0,10.62
520385,452,451.9,-60.21,-60.21,0,10.62
520390,449,449.46,-61.36,-61.36,0,10.62
520395,445,445.09,-62.6,-62.6,0,10.62
520400,443,442.56,-63.93,-63.93,0,10.62
520405,441,440.92,-65.32,-65.32,0,10.62
520410,440,440.44,-66.78,-66.78,0,10.62
520415,437,437.07,-68.29,-68.29,0,10.62
520420,436,435.57,-69.83,-69.83,0,10.62
520425,434,433.94,-71.4,-71.4,0,10.62
520430,431,431.42,-72.98,-72.98,0,10.62
520435,430,430.05,-74.57,-74.57,0,10.62
520440,429,428.58,-76.16,-76.16,0,10.62
520445,428,427.96,-77.74,-77.74,0,10.62
520450,428,428.41,-79.3,-79.3,0,10.62
520455,427,427.03,-80.84,-80.84,0,10.62
520460,427,426.59,-82.34,-82.34,0,10.62
520465,426,425.98,-83.81,-83.81,0,10.62
520470,426,426.41,-85.23,-85.23,0,10.62
520475,425,425.01,-86.6,-86.6,0,10.62
520480,427,426.6,-87.91,-87.91,0,10.62
520485,427,427.0,-89.16,-89.16,0,10.62
520490,427,427.4,-90.33,-90.33,0,10.62
520495,429,428.98,-91.43,-91.43,0,10.62
520500,427,426.6,-92.44,-92.44,0,10.62
520505,429,429.03,-93.35,-93.35,0,10.62
520510,435,435.41,-94.14,-94.14,0,10.62
520515,431,430.96,-94.82,-94.82,0,10.62
520520,432,431.58,-95.35,-95.35,0,10.62
520525,432,432.05,-95.72,-95.68,0,10.62
520530,435,435.44,-95.92,-95.68,0,10.62
520535,434,433.94,-95.91,-95.68,0,10.62
520540,439,438.54,-95.68,-95.68,0,10.62
520545,435,435.06,-95.19,-95.19,0,10.62
520550,436,436.48,-94.42,-94.42,0,10.62
520555,436,435.93,-93.34,-93.34,0,10.62
520560,437,436.51,-91.92,-91.92,0,10.62
520565,437,437.08,-90.12,-90.12,0,10.62
520570,436,436.51,-87.9,-87.9,0,10.62
520575,438,437.91,-85.24,-85.24,0,10.62
520580,442,441.48,-82.09,-82.09,0,10.62
520585,434,434.1,-78.43,-78.43,0,10.62
520590,435,435.52,-74.22,-74.22,0,10.62
520595,434,433.9,-69.43,-69.43,0,10.62
520600,432,431.48,-64.04,-64.04,0,10.62
520605,433,433.1,-58.02,-58.02,0,10.62
520610,434,434.53,-51.36,-51.36,0,10.62
520615,429,428.89,-44.06,-44.06,0,10.62
520620,457,456.47,-36.1,-36.1,0,10.62
520625,434,434.12,-27.51,-27.51,0,10.62
520630,437,437.49,-18.3,-18.3,0,10.62
520635,443,442.87,-8.49,-8.49,0,10.62
520640,449,448.56,1.86,1.86,0,10.62
520645,460,460.14,12.72,12.72,0,10.62
520650,477,477.4,24.01,24.01,0,10.62
520655,490,489.85,35.65,35.65,0,10.62
520660,510,509.65,47.55,47.55,0,10.62
520665,532,532.16,59.61,59.61,0,10.62
520670,556,556.32,71.73,71.73,0,10.62
520675,579,578.82,83.78,83.78,0,10.62
520680,607,606.72,95.64,95.64,0,10.62
520685,632,632.19,107.2,107.2,0,10.62
520690,656,656.24,118.32,118.32,0,10.62
520695,677,676.78,128.9,128.9,0,10.62
520700,693,692.79,138.81,138.81,0,10.62
520705,711,711.23,147.95,147.95,0,10.62
520710,724,724.18,156.24,156.24,0,10.62
520715,736,735.74,163.59,163.59,0,10.62
520720,740,739.84,169.92,169.92,0,10.62
520725,747,747.27,175.19,175.19,0,10.62
520730,749,749.13,179.36,179.36,0,10.62
520735,748,747.71,182.39,182.39,0,10.62
520740,744,743.88,184.29,183.22,0,10.62
520745,740,740.31,185.05,183.22,0,10.62
520750,734,734.1,184.68,183.22,0,10.62
520755,727,726.67,183.22,183.22,0,10.62
520760,716,715.91,180.7,180.7,0,10.62
520765,705,705.34,177.18,177.18,0,10.62
520770,694,694.07,172.71,172.71,0,10.62
520775,683,682.64,167.36,167.36,0,10.62
520780,671,670.95,161.2,161.2,0,10.62
520785,663,663.38,154.31,154.31,0,10.62
520790,649,649.04,146.76,146.76,0,10.62
520795,638,637.6,138.64,138.64,0,10.62
520800,627,626.97,130.03,130.03,0,10.62
520805,616,616.42,121.02,121.02,0,10.62
520810,606,606.01,111.68,111.68,0,10.62
520815,596,595.55,102.1,102.1,0,10.62
520820,586,586.0,92.35,92.35,0,10.62
520825,576,576.48,82.52,82.52,0,10.62
520830,568,567.99,72.68,72.68,0,10.62
520835,558,557.5,62.9,62.9,0,10.62
520840,548,548.02,53.24,53.24,0,10.62
520845,541,541.53,43.78,43.78,0,10.62
520850,534,533.97,34.56,34.56,0,10.62
520855,532,531.44,25.65,25.65,0,10.62
520860,510,510.03,17.09,17.09,0,10.62
520865,500,500.57,8.93,8.93,0,10.62
520870,491,490.97,1.22,1.22,0,10.62
520875,484,483.43,-6.01,-6.01,0,10.62
520880,476,476.03,-12.73,-12.73,0,10.62
520885,469,469.57,-18.91,-18.91,0,10.62
520890,463,462.97,-24.55,-24.55,0,10.62
520895,460,459.43,-29.62,-29.62,0,10.62
520900,453,453.03,-34.14,-34.14,0,10.62
520905,450,450.58,-38.09,-38.09,0,10.62
520910,449,448.98,-41.49,-41.49,0,10.62
520915,448,447.43,-44.37,-44.37,0,10.62
520920,449,449.02,-46.73,-46.73,0,10.62
520925,450,450.58,-48.61,-48.61,0,10.62
520930,452,451.98,-50.04,-50.04,0,10.62
520935,456,455.42,-51.06,-51.06,0,10.62
520940,457,457.02,-51.7,-51.7,0,10.62
520945,460,460.58,-52.02,-51.7,0,10.62
520950,463,462.98,-52.06,-51.7,0,10.62
520955,466,465.42,-51.85,-51.7,0,10.62
520960,470,470.02,-51.46,-51.46,0,10.62
520965,473,473.58,-50.91,-50.91,0,10.62
520970,477,476.99,-50.26,-50.26,0,10.62
520975,479,478.41,-49.55,-49.55,0,10.62
520980,480,480.01,-48.81,-48.81,0,10.62
520985,480,480.59,-48.09,-48.09,0,10.62
520990,482,481.99,-47.41,-47.41,0,10.62
520995,482,481.4,-46.79,-46.79,0,10.62
521000,481,481.0,-46.28,-46.28,0,10.62
521005,480,480.6,-45.88,-45.88,0,10.62
521010,478,478.0,-45.61,-45.69,0,10.62
521015,476,475.39,-45.48,-45.69,0,10.62
521020,475,474.99,-45.51,-45.69,0,10.62
521025,472,472.62,-45.69,-45.69,0,10.62
521030,468,468.01,-46.04,-46.04,0,10.62
521035,464,463.37,-46.54,-46.54,0,10.62
521040,465,465.0,-47.19,-47.19,0,10.62
521045,459,459.65,-48.0,-48.0,0,10.62
521050,457,457.0,-48.95,-48.95,0,10.62
521055,453,452.33,-50.03,-50.03,0,10.62
521060,451,451.01,-51.23,-51.23,0,10.62
521065,449,449.69,-52.56,-52.56,0,10.62
521070,448,447.99,-53.98,-53.98,0,10.62
521075,468,467.3,-55.5,-55.5,0,10.62
521080,444,444.01,-57.11,-57.11,0,10.62
521085,443,443.68,-58.78,-58.78,0,10.62
521090,439,438.98,-60.51,-60.51,0,10.62
521095,438,437.35,-62.28,-62.28,0,10.62
521100,437,437.03,-64.08,-64.08,0,10.62
521105,436,436.62,-65.9,-65.9,0,10.62
521110,436,435.97,-67.73,-67.73,0,10.62
521115,436,435.4,-69.54,-69.54,0,10.62
521120,436,436.04,-71.34,-71.34,0,10.62
521125,435,435.57,-73.11,-73.11,0,10.62
521130,437,436.96,-74.83,-74.83,0,10.62
521135,438,437.46,-76.5,-76.5,0,10.62
521140,436,436.05,-78.09,-78.09,0,10.62
521145,435,435.51,-79.6,-79.6,0,10.62
521150,439,438.95,-81.01,-81.01,0,10.62
521155,438,437.52,-82.3,-82.3,0,10.62
521160,438,438.05,-83.45,-83.45,0,10.62
521165,438,438.45,-84.45,-84.45,0,10.62
521170,437,436.95,-85.26,-85.26,0,10.62
521175,436,435.58,-85.87,-85.87,0,10.62
521180,438,438.05,-86.24,-85.87,0,10.62
521185,439,439.39,-86.36,-85.87,0,10.62
521190,438,437.94,-86.19,-85.87,0,10.62
521195,440,439.63,-85.71,-85.71,0,10.62
521200,438,438.06,-84.87,-84.87,0,10.62
521205,440,440.34,-83.65,-83.65,0,10.62
521210,438,437.94,-82.02,-82.02,0,10.62
521215,440,439.68,-79.94,-79.94,0,10.62
521220,436,436.06,-77.38,-77.38,0,10.62
521225,438,438.3,-74.31,-74.31,0,10.62
521230,436,435.94,-70.69,-70.69,0,10.62
521235,436,435.73,-66.51,-66.51,0,10.62
521240,435,435.06,-61.72,-61.72,0,10.62
521245,434,434.25,-56.33,-56.33,0,10.62
521250,432,431.94,-50.3,-50.3,0,10.62
521255,431,430.77,-43.63,-43.63,0,10.62
521260,430,430.06,-36.33,-36.33,0,10.62
521265,432,432.22,-28.4,-28.4,0,10.62
521270,430,429.93,-19.85,-19.85,0,10.62
521275,438,437.8,-10.73,-10.73,0,10.62
521280,444,444.08,-1.08,-1.08,0,10.62
521285,454,454.18,9.06,9.06,0,10.62
521290,466,465.92,19.62,19.62,0,10.62
521295,484,483.84,30.51,30.51,0,10.62
521300,504,504.1,41.63,41.63,0,10.62
521305,526,526.15,52.9,52.9,0,10.62
521310,550,549.89,64.2,64.2,0,10.62
521315,574,573.87,75.42,75.42,0,10.62
521320,597,597.12,86.42,86.42,0,10.62
521325,625,625.12,97.11,97.11,0,10.62
521330,643,642.87,107.34,107.34,0,10.62
521335,660,659.88,117.02,117.02,0,10.62
521340,679,679.14,126.04,126.04,0,10.62
521345,689,689.11,134.28,134.28,0,10.62
521350,707,706.85,141.67,141.67,0,10.62
521355,716,715.89,148.13,148.13,0,10.62
521360,721,721.16,153.6,153.6,0,10.62
521365,726,726.09,158.01,158.01,0,10.62
521370,727,726.83,161.35,161.35,0,10.62
521375,725,724.92,163.57,163.57,0,10.62
521380,720,720.17,164.69,163.57,0,10.62
521385,718,718.07,164.7,163.57,0,10.62
521390,710,709.83,163.62,163.57,0,10.62
521395,700,699.93,161.49,161.49,0,10.62
521400,690,690.17,158.34,158.34,0,10.62
521405,681,681.06,154.24,154.24,0,10.62
521410,669,668.83,149.23,149.23,0,10.62
521415,657,656.94,143.39,143.39,0,10.62
521420,645,645.16,136.8,136.8,0,10.62
521425,634,634.06,129.52,129.52,0,10.62
521430,624,623.84,121.65,121.65,0,10.62
521435,612,611.94,113.26,113.26,0,10.62
521440,602,602.15,104.44,104.44,0,10.62
521445,591,591.06,95.28,95.28,0,10.62
521450,581,580.85,85.85,85.85,0,10.62
521455,573,572.94,76.25,76.25,0,10.62
521460,562,562.14,66.56,66.56,0,10.62
521465,552,552.05,56.85,56.85,0,10.62
521470,543,542.86,47.2,47.2,0,10.62
521475,533,532.95,37.69,37.69,0,10.62
521480,522,522.14,28.38,28.38,0,10.62
521485,512,512.04,19.35,19.35,0,10.62
521490,501,500.87,10.65,10.65,0,10.62
521495,489,488.96,2.34,2.34,0,10.62
521500,479,479.13,-5.52,-5.52,0,10.62
521505,472,472.04,-12.9,-12.9,0,10.62
521510,464,463.88,-19.76,-19.76,0,10.62
521515,455,454.96,-26.05,-26.05,0,10.62
521520,449,449.11,-31.77,-31.77,0,10.62
521525,445,445.04,-36.9,-36.9,0,10.62
521530,442,441.9,-41.43,-41.43,0,10.62
521535,436,435.96,-45.35,-45.35,0,10.62
521540,435,435.08,-48.68,-48.68,0,10.62
521545,436,436.05,-51.43,-51.43,0,10.62
521550,437,436.93,-53.63,-53.63,0,10.62
521555,440,439.94,-55.31,-55.31,0,10.62
521560,440,440.05,-56.49,-56.49,0,10.62
521565,446,446.07,-57.23,-57.18,0,10.62
521570,447,446.97,-57.56,-57.18,0,10.62
521575,451,450.92,-57.52,-57.18,0,10.62
521580,456,456.01,-57.18,-57.18,0,10.62
521585,462,462.09,-56.59,-56.59,0,10.62
521590,465,465.01,-55.78,-55.78,0,10.62
521595,470,469.89,-54.83,-54.83,0,10.62
521600,471,470.97,-53.76,-53.76,0,10.62
521605,475,475.13,-52.65,-52.65,0,10.62
521610,477,477.06,-51.52,-51.52,0,10.62
521615,480,479.86,-50.42,-50.42,0,10.62
521620,482,481.92,-49.39,-49.39,0,10.62
521625,482,482.15,-48.46,-48.46,0,10.62
521630,480,480.1,-47.67,-47.67,0,10.62
521635,483,482.83,-47.04,-47.04,0,10.62
521640,481,480.89,-46.59,-46.59,0,10.62
521645,480,480.18,-46.33,-46.59,0,10.62
521650,463,463.12,-46.29,-46.59,0,10.62
521655,475,474.81,-46.46,-46.59,0,10.62
521660,472,471.9,-46.85,-46.85,0,10.62
521665,469,469.21,-47.46,-47.46,0,10.62
521670,466,466.08,-48.29,-48.29,0,10.62
521675,465,464.78,-49.34,-49.34,0,10.62
521680,464,463.95,-50.59,-50.59,0,10.62
521685,455,455.23,-52.04,-52.04,0,10.62
521690,456,456.02,-53.68,-53.68,0,10.62
521695,454,453.76,-55.49,-55.49,0,10.62
521700,451,451.01,-57.45,-57.45,0,10.62
521705,450,450.24,-59.55,-59.55,0,10.62
521710,446,445.95,-61.76,-61.76,0,10.62
521715,445,444.76,-64.07,-64.07,0,10.62
521720,441,441.08,-66.46,-66.46,0,10.62
521725,440,440.25,-68.9,-68.9,0,10.62
521730,439,438.89,-71.37,-71.37,0,10.62
521735,437,436.75,-73.85,-73.85,0,10.62
521740,436,436.14,-76.31,-76.31,0,10.62
521745,433,433.26,-78.73,-78.73,0,10.62
521750,434,433.82,-81.08,-81.08,0,10.62
521755,432,431.74,-83.33,-83.33,0,10.62
521760,433,433.21,-85.45,-85.45,0,10.62
521765,431,431.26,-87.43,-87.43,0,10.62
521770,430,429.76,-89.21,-89.21,0,10.62
521775,430,429.73,-90.79,-90.79,0,10.62
521780,430,430.28,-92.12,-92.12,0,10.62
521785,428,428.27,-93.16,-93.16,0,10.62
521790,430,429.68,-93.9,-93.9,0,10.62
521795,428,427.73,-94.29,-93.9,0,10.62
521800,429,429.35,-94.31,-93.9,0,10.62
521805,428,428.28,-93.9,-93.9,0,10.62
521810,427,426.61,-93.05,-93.05,0,10.62
521815,427,426.72,-91.72,-91.72,0,10.62
521820,428,428.44,-89.87,-89.87,0,10.62
521825,428,428.29,-87.46,-87.46,0,10.62
521830,447,446.53,-84.48,-84.48,0,10.62
521835,429,428.7,-80.9,-80.9,0,10.62
521840,429,429.47,-76.67,-76.67,0,10.62
521845,428,428.31,-71.79,-71.79,0,10.62
521850,427,426.53,-66.23,-66.23,0,10.62
521855,428,427.68,-59.98,-59.98,0,10.62
521860,429,429.47,-53.04,-53.04,0,10.62
521865,430,430.33,-45.39,-45.39,0,10.62
521870,430,429.52,-37.06,-37.06,0,10.62
521875,433,432.66,-28.07,-28.07,0,10.62
521880,438,438.49,-18.43,-18.43,0,10.62
521885,441,441.35,-8.2,-8.2,0,10.62
521890,453,452.51,2.57,2.57,0,10.62
521895,463,462.64,13.81,13.81,0,10.62
521900,479,479.51,25.45,25.45,0,10.62
521905,498,498.38,37.4,37.4,0,10.62
521910,519,518.48,49.54,49.54,0,10.62
521915,545,544.62,61.78,61.78,0,10.62
521920,570,570.53,73.99,73.99,0,10.62
521925,597,597.4,86.04,86.04,0,10.62
521930,621,620.45,97.82,97.82,0,10.62
521935,644,643.58,109.19,109.19,0,10.62
521940,668,668.57,120.04,120.04,0,10.62
521945,690,690.43,130.25,130.25,0,10.62
521950,702,701.41,139.71,139.71,0,10.62
521955,720,719.53,148.32,148.32,0,10.62
521960,730,730.62,156.0,156.0,0,10.62
521965,739,739.49,162.68,162.68,0,10.62
521970,743,742.35,168.3,168.3,0,10.62
521975,746,745.48,172.81,172.81,0,10.62
521980,722,722.67,176.2,176.2,0,10.62
521985,743,743.55,178.43,178.31,0,10.62
521990,739,738.34,179.52,178.31,0,10.62
521995,730,729.41,179.47,178.31,0,10.62
522000,725,725.63,178.31,178.31,0,10.62
522005,713,713.63,176.07,176.07,0,10.62
522010,706,705.4,172.8,172.8,0,10.62
522015,695,694.34,168.56,168.56,0,10.62
522020,683,683.58,163.4,163.4,0,10.62
522025,671,671.7,157.4,157.4,0,10.62
522030,662,661.45,150.64,150.64,0,10.62
522035,651,650.26,143.18,143.18,0,10.62
522040,639,639.53,135.11,135.11,0,10.62
522045,627,627.77,126.51,126.51,0,10.62
522050,616,615.49,117.47,117.47,0,10.62
522055,607,606.2,108.06,108.06,0,10.62
522060,596,596.49,98.38,98.38,0,10.62
522065,584,584.84,88.5,88.5,0,10.62
522070,576,575.53,78.5,78.5,0,10.62
522075,591,590.15,68.45,68.45,0,10.62
522080,558,558.45,58.44,58.44,0,10.62
522085,546,546.84,48.53,48.53,0,10.62
522090,537,536.56,38.79,38.79,0,10.62
522095,528,527.2,29.28,29.28,0,10.62
522100,518,518.43,20.08,20.08,0,10.62
522105,508,508.77,11.22,11.22,0,10.62
522110,497,496.58,2.77,2.77,0,10.62
522115,487,486.26,-5.23,-5.23,0,10.62
522120,478,478.42,-12.74,-12.74,0,10.62
522125,471,471.71,-19.73,-19.73,0,10.62
522130,465,464.59,-26.17,-26.17,0,10.62
522135,458,457.31,-32.05,-32.05,0,10.62
522140,450,450.4,-37.35,-37.35,0,10.62
522145,447,447.67,-42.07,-42.07,0,10.62
522150,445,444.61,-46.21,-46.21,0,10.62
522155,443,442.36,-49.78,-49.78,0,10.62
522160,445,445.38,-52.8,-52.8,0,10.62
522165,448,448.63,-55.29,-55.29,0,10.62
522170,444,443.63,-57.28,-57.28,0,10.62
522175,448,447.38,-58.82,-58.82,0,10.62
522180,449,449.37,-59.92,-59.92,0,10.62
522185,453,453.61,-60.64,-60.64,0,10.62
522190,456,455.63,-61.02,-60.64,0,10.62
522195,459,458.4,-61.1,-60.64,0,10.62
522200,464,464.37,-60.94,-60.64,0,10.62
522205,464,464.6,-60.57,-60.57,0,10.62
522210,467,466.63,-60.05,-60.05,0,10.62
522215,469,468.4,-59.43,-59.43,0,10.62
522220,471,471.37,-58.73,-58.73,0,10.62
522225,474,474.6,-58.02,-58.02,0,10.62
522230,477,476.62,-57.31,-57.31,0,10.62
522235,476,475.4,-56.66,-56.66,0,10.62
522240,474,474.38,-56.09,-56.09,0,10.62
522245,476,476.6,-55.63,-55.63,0,10.62
522250,476,475.63,-55.3,-55.3,0,10.62
522255,474,473.39,-55.12,-55.3,0,10.62
522260,469,469.37,-55.11,-55.3,0,10.62
522265,470,470.61,-55.28,-55.3,0,10.62
522270,470,469.65,-55.63,-55.63,0,10.62
522275,469,468.38,-56.18,-56.18,0,10.62
522280,464,464.34,-56.93,-56.93,0,10.62
522285,463,463.62,-57.86,-57.86,0,10.62
522290,458,457.68,-58.98,-58.98,0,10.62
522295,457,456.37,-60.29,-60.29,0,10.62
522300,456,456.31,-61.76,-61.76,0,10.62
522305,453,453.64,-63.39,-63.39,0,10.62
522310,450,449.7,-65.17,-65.17,0,10.62
522315,447,446.35,-67.07,-67.07,0,10.62
522320,446,446.3,-69.08,-69.08,0,10.62
522325,442,442.66,-71.19,-71.19,0,10.62
522330,441,440.71,-73.37,-73.37,0,10.62
522335,440,439.32,-75.59,-75.59,0,10.62
522340,438,438.29,-77.84,-77.84,0,10.62
522345,426,426.69,-80.1,-80.1,0,10.62
522350,435,434.71,-82.33,-82.33,0,10.62
522355,436,435.32,-84.53,-84.53,0,10.62
522360,435,435.29,-86.65,-86.65,0,10.62
522365,434,434.67,-88.67,-88.67,0,10.62
522370,434,433.71,-90.57,-90.57,0,10.62
522375,435,434.35,-92.32,-92.32,0,10.62
522380,434,434.3,-93.89,-93.89,0,10.62
522385,432,432.64,-95.24,-95.24,0,10.62
522390,433,432.7,-96.34,-96.34,0,10.62
522395,434,433.38,-97.16,-97.16,0,10.62
522400,433,433.31,-97.67,-97.16,0,10.62
522405,432,432.61,-97.82,-97.16,0,10.62
522410,432,431.68,-97.58,-97.16,0,10.62
522415,430,429.41,-96.91,-96.91,0,10.62
522420,431,431.33,-95.76,-95.76,0,10.62
522425,431,431.58,-94.12,-94.12,0,10.62
522430,429,428.66,-91.92,-91.92,0,10.62
522435,428,427.43,-89.15,-89.15,0,10.62
522440,429,429.35,-85.76,-85.76,0,10.62
522445,430,430.57,-81.73,-81.73,0,10.62
522450,428,427.63,-77.02,-77.02,0,10.62
522455,429,428.43,-71.62,-71.62,0,10.62
522460,429,429.39,-65.5,-65.5,0,10.62
522465,426,426.57,-58.66,-58.66,0,10.62
522470,422,421.59,-51.09,-51.09,0,10.62
522475,439,438.44,-42.8,-42.8,0,10.62
522480,431,431.45,-33.81,-33.81,0,10.62
522485,433,433.54,-24.13,-24.13,0,10.62
522490,457,456.53,-13.82,-13.82,0,10.62
522495,445,444.49,-2.91,-2.91,0,10.62
522500,458,458.48,8.52,8.52,0,10.62
522505,475,475.5,20.41,20.41,0,10.62
522510,494,493.53,32.67,32.67,0,10.62
522515,514,513.52,45.2,45.2,0,10.62
522520,538,538.47,57.88,57.88,0,10.62
522525,564,564.46,70.6,70.6,0,10.62
522530,593,592.55,83.24,83.24,0,10.62
522535,618,617.55,95.67,95.67,0,10.62
522540,644,644.44,107.76,107.76,0,10.62
522545,665,665.43,119.38,119.38,0,10.62
522550,685,684.57,130.41,130.41,0,10.62
522555,705,704.58,140.75,140.75,0,10.62
522560,723,723.43,150.28,150.28,0,10.62
522565,735,735.4,158.91,158.91,0,10.62
522570,745,744.57,166.57,166.57,0,10.62
522575,749,748.6,173.17,173.17,0,10.62
522580,752,752.43,178.68,178.68,0,10.62
522585,755,755.39,183.06,183.06,0,10.62
522590,753,752.57,186.28,186.28,0,10.62
522595,750,749.61,188.33,187.58,0,10.62
522600,743,743.43,189.21,187.58,0,10.62
522605,737,737.38,188.95,187.58,0,10.62
522610,729,728.57,187.58,187.58,0,10.62
522615,722,721.62,185.13,185.13,0,10.62
522620,710,710.42,181.65,181.65,0,10.62
522625,698,698.37,177.21,177.21,0,10.62
522630,687,686.57,171.85,171.85,0,10.62
522635,684,683.64,165.66,165.66,0,10.62
522640,666,666.43,158.7,158.7,0,10.62
522645,657,657.33,151.06,151.06,0,10.62
522650,647,646.57,142.81,142.81,0,10.62
522655,638,637.69,134.02,134.02,0,10.62
522660,627,627.44,124.79,124.79,0,10.62
522665,617,617.28,115.19,115.19,0,10.62
522670,607,606.56,105.3,105.3,0,10.62
522675,598,597.75,95.19,95.19,0,10.62
522680,589,589.45,84.95,84.95,0,10.62
522685,580,580.23,74.65,74.65,0,10.62
522690,571,570.54,64.35,64.35,0,10.62
522695,558,557.8,54.14,54.14,0,10.62
522700,551,551.47,44.07,44.07,0,10.62
522705,541,541.19,34.21,34.21,0,10.62
522710,527,526.52,24.63,24.63,0,10.62
522715,517,516.83,15.36,15.36,0,10.62
522720,504,504.5,6.48,6.48,0,10.62
522725,493,493.16,-1.98,-1.98,0,10.62
522730,491,490.49,-9.97,-9.97,0,10.62
522735,474,473.86,-17.47,-17.47,0,10.62
522740,470,470.51,-24.43,-24.43,0,10.62
522745,456,456.13,-30.83,-30.83,0,10.62
522750,454,453.49,-36.67,-36.67,0,10.62
522755,448,447.89,-41.93,-41.93,0,10.62
522760,448,448.53,-46.6,-46.6,0,10.62
522765,444,444.09,-50.71,-50.71,0,10.62
522770,441,440.46,-54.25,-54.25,0,10.62
522775,443,442.93,-57.25,-57.25,0,10.62
522780,445,445.56,-59.74,-59.74,0,10.62
522785,445,445.05,-61.74,-61.74,0,10.62
522790,446,445.41,-63.28,-63.28,0,10.62
522795,448,447.97,-64.41,-64.41,0,10.62
522800,452,452.62,-65.16,-65.16,0,10.62
522805,454,454.01,-65.58,-65.29,0,10.62
522810,458,457.35,-65.71,-65.29,0,10.62
522815,460,460.0,-65.6,-65.29,0,10.62
522820,437,437.67,-65.29,-65.29,0,10.62
522825,465,464.98,-64.83,-64.83,0,10.62
522830,467,466.35,-64.25,-64.25,0,10.62
522835,467,467.03,-63.61,-63.61,0,10.62
522840,468,468.62,-62.94,-62.94,0,10.62
522845,469,468.95,-62.28,-62.28,0,10.62
522850,471,470.42,-61.67,-61.67,0,10.62
522855,470,470.06,-61.13,-61.13,0,10.62
522860,475,475.55,-60.69,-60.69,0,10.62
522865,468,467.92,-60.38,-60.38,0,10.62
522870,467,466.47,-60.22,-60.38,0,10.62
522875,465,465.1,-60.21,-60.38,0,10.62
522880,462,462.51,-60.37,-60.38,0,10.62
522885,462,461.89,-60.7,-60.7,0,10.62
522890,459,458.51,-61.22,-61.22,0,10.62
522895,456,456.13,-61.92,-61.92,0,10.62
522900,454,454.47,-62.8,-62.8,0,10.62
522905,453,452.86,-63.85,-63.85,0,10.62
522910,447,446.54,-65.07,-65.07,0,10.62
522915,449,449.15,-66.46,-66.46,0,10.62
522920,446,446.44,-67.99,-67.99,0,10.62
522925,442,441.83,-69.66,-69.66,0,10.62
522930,440,439.56,-71.46,-71.46,0,10.62
522935,437,437.19,-73.36,-73.36,0,10.62
522940,436,436.43,-75.36,-75.36,0,10.62
522945,435,434.8,-77.43,-77.43,0,10.62
522950,433,432.57,-79.55,-79.55,0,10.62
522955,434,434.22,-81.71,-81.71,0,10.62
522960,430,430.43,-83.89,-83.89,0,10.62
522965,429,428.76,-86.06,-86.06,0,10.62
522970,432,431.58,-88.2,-88.2,0,10.62
522975,429,429.26,-90.28,-90.28,0,10.62
522980,427,427.42,-92.29,-92.29,0,10.62
522985,428,427.71,-94.2,-94.2,0,10.62
522990,427,426.59,-95.97,-95.97,0,10.62
522995,425,425.32,-97.57,-97.57,0,10.62
523000,426,426.4,-98.98,-98.98,0,10.62
523005,427,426.66,-100.17,-100.17,0,10.62
523010,426,425.61,-101.09,-101.09,0,10.62
523015,426,426.36,-101.72,-101.46,0,10.62
523020,426,426.38,-102.02,-101.46,0,10.62
523025,428,427.62,-101.94,-101.46,0,10.62
523030,426,425.63,-101.46,-101.46,0,10.62
523035,425,425.4,-100.54,-100.54,0,10.62
523040,425,425.36,-99.12,-99.12,0,10.62
523045,425,424.58,-97.18,-97.18,0,10.62
523050,424,423.64,-94.68,-94.68,0,10.62
523055,424,424.43,-91.57,-91.57,0,10.62
523060,423,423.35,-87.83,-87.83,0,10.62
523065,422,421.55,-83.43,-83.43,0,10.62
523070,421,420.65,-78.32,-78.32,0,10.62
523075,420,420.47,-72.5,-72.5,0,10.62
523080,423,423.35,-65.95,-65.95,0,10.62
523085,423,422.51,-58.65,-58.65,0,10.62
523090,423,422.65,-50.6,-50.6,0,10.62
523095,417,417.5,-41.82,-41.82,0,10.62
523100,427,427.36,-32.32,-32.32,0,10.62
523105,432,431.49,-22.12,-22.12,0,10.62
523110,437,436.64,-11.28,-11.28,0,10.62
523115,447,447.51,0.15,0.15,0,10.62
523120,462,462.38,12.1,12.1,0,10.62
523125,479,478.5,24.5,24.5,0,10.62
523130,499,498.61,37.24,37.24,0,10.62
523135,522,522.5,50.22,50.22,0,10.62
523140,547,547.4,63.33,63.33,0,10.62
523145,575,574.5,76.44,76.44,0,10.62
523150,601,600.59,89.43,89.43,0,10.62
523155,623,623.49,102.17,102.17,0,10.62
523160,651,651.43,114.52,114.52,0,10.62
523165,673,672.52,126.38,126.38,0,10.62
523170,694,693.56,137.61,137.61,0,10.62
523175,705,705.46,148.1,148.1,0,10.62
523180,725,725.45,157.76,157.76,0,10.62
523185,739,738.55,166.49,166.49,0,10.62
523190,749,748.53,174.21,174.21,0,10.62
523195,751,751.41,180.86,180.86,0,10.62
523200,753,753.47,186.4,186.4,0,10.62
523205,755,754.61,190.78,190.78,0,10.62
523210,754,753.52,193.99,193.99,0,10.62
523215,750,750.36,196.02,195.17,0,10.62
523220,745,745.48,196.88,195.17,0,10.62
523225,736,735.67,196.59,195.17,0,10.62
523230,731,730.51,195.17,195.17,0,10.62
523235,721,721.31,192.67,192.67,0,10.62
523240,712,712.49,189.14,189.14,0,10.62
523245,702,701.71,184.63,184.63,0,10.62
523250,690,689.5,179.21,179.21,0,10.62
523255,681,681.27,172.94,172.94,0,10.62
523260,670,670.51,165.9,165.9,0,10.62
523265,660,659.75,158.17,158.17,0,10.62
523270,648,647.47,149.83,149.83,0,10.62
523275,640,640.24,140.94,140.94,0,10.62
523280,630,630.54,131.59,131.59,0,10.62
523285,619,618.78,121.87,121.87,0,10.62
523290,611,610.44,111.84,111.84,0,10.62
523295,601,601.2,101.59,101.59,0,10.62
523300,591,591.58,91.19,91.19,0,10.62
523305,583,582.81,80.71,80.71,0,10.62
523310,580,579.4,70.24,70.24,0,10.62
523315,561,561.18,59.83,59.83,0,10.62
523320,549,549.6,49.55,49.55,0,10.62
523325,540,539.84,39.48,39.48,0,10.62
523330,531,530.4,29.67,29.67,0,10.62
523335,515,515.14,20.17,20.17,0,10.62
523340,504,504.59,11.05,11.05,0,10.62
523345,491,490.88,2.35,2.35,0,10.62
523350,482,481.42,-5.88,-5.88,0,10.62
523355,474,474.11,-13.62,-13.62,0,10.62
523360,464,464.58,-20.82,-20.82,0,10.62
523365,458,457.9,-27.47,-27.47,0,10.62
523370,452,451.43,-33.55,-33.55,0,10.62
523375,447,447.09,-39.05,-39.05,0,10.62
523381,444,444.57,-43.97,-43.97,0,10.62
523385,442,441.93,-48.33,-48.33,0,10.62
523390,440,439.44,-52.12,-52.12,0,10.62
523395,439,439.06,-55.37,-55.37,0,10.62
523400,439,439.56,-58.11,-58.11,0,10.62
523405,443,442.96,-60.36,-60.36,0,10.62
523410,447,446.45,-62.16,-62.16,0,10.62
523415,446,446.03,-63.54,-63.54,0,10.62
523420,449,449.55,-64.55,-64.55,0,10.62
523425,448,447.99,-65.24,-65.24,0,10.62
523430,456,455.46,-65.63,-65.52,0,10.62
523435,457,457.0,-65.78,-65.52,0,10.62
523440,459,459.52,-65.73,-65.52,0,10.62
523445,461,461.01,-65.52,-65.52,0,10.62
523450,463,462.49,-65.19,-65.19,0,10.62
523455,464,463.98,-64.78,-64.78,0,10.62
523460,462,462.5,-64.33,-64.33,0,10.62
523465,464,464.03,-63.86,-63.86,0,10.62
523470,464,463.51,-63.41,-63.41,0,10.62
523475,463,462.97,-62.99,-62.99,0,10.62
523480,463,463.47,-62.64,-62.64,0,10.62
523485,462,462.04,-62.36,-62.36,0,10.62
523490,461,460.54,-62.18,-62.3,0,10.62
523495,460,459.95,-62.11,-62.3,0,10.62
523500,457,457.45,-62.14,-62.3,0,10.62
523505,455,455.06,-62.3,-62.3,0,10.62
523510,453,452.56,-62.57,-62.57,0,10.62
523515,452,451.94,-62.96,-62.96,0,10.62
523520,448,448.43,-63.47,-63.47,0,10.62
523525,444,444.06,-64.09,-64.09,0,10.62
523530,442,441.58,-64.81,-64.81,0,10.62
523535,437,436.93,-65.62,-65.62,0,10.62
523540,438,438.41,-66.53,-66.53,0,10.62
523545,434,434.07,-67.51,-67.51,0,10.62
523550,434,433.6,-68.57,-68.57,0,10.62
523555,431,430.92,-69.68,-69.68,0,10.62
523560,431,431.4,-70.85,-70.85,0,10.62
523565,428,428.08,-72.06,-72.06,0,10.62
523570,428,427.6,-73.31,-73.31,0,10.62
523575,426,425.92,-74.59,-74.59,0,10.62
523580,425,425.4,-75.89,-75.89,0,10.62
523585,425,425.09,-77.2,-77.2,0,10.62
523590,423,422.6,-78.52,-78.52,0,10.62
523595,424,423.9,-79.85,-79.85,0,10.62
523600,423,423.4,-81.17,-81.17,0,10.62
523605,422,422.1,-82.48,-82.48,0,10.62
523610,420,419.6,-83.79,-83.79,0,10.62
523615,420,419.89,-85.08,-85.08,0,10.62
523620,421,421.41,-86.34,-86.34,0,10.62
523625,419,419.11,-87.58,-87.58,0,10.62
523630,421,420.58,-88.79,-88.79,0,10.62
523635,421,420.88,-89.97,-89.97,0,10.62
523640,417,417.43,-91.1,-91.1,0,10.62
523645,423,423.12,-92.18,-92.18,0,10.62
523650,422,421.56,-93.2,-93.2,0,10.62
523655,421,420.87,-94.16,-94.16,0,10.62
523660,423,423.44,-95.05,-95.05,0,10.62
523665,419,419.14,-95.84,-95.84,0,10.62
523670,426,425.56,-96.54,-96.54,0,10.62
523675,426,425.86,-97.12,-97.12,0,10.62
523680,427,427.44,-97.56,-97.56,0,10.62
523685,427,427.14,-97.86,-97.59,0,10.62
523690,427,426.55,-97.97,-97.59,0,10.62
523695,429,428.86,-97.89,-97.59,0,10.62
523700,429,429.45,-97.59,-97.59,0,10.62
523705,430,430.14,-97.03,-97.03,0,10.62
523710,427,426.54,-96.18,-96.18,0,10.62
523715,433,432.86,-95.02,-95.02,0,10.62
523720,432,432.48,-93.5,-93.5,0,10.62
523725,434,434.13,-91.6,-91.6,0,10.62
523730,433,432.5,-89.28,-89.28,0,10.62
523735,434,433.87,-86.49,-86.49,0,10.62
523740,435,435.52,-83.21,-83.21,0,10.62
523745,435,435.13,-79.39,-79.39,0,10.62
523750,434,433.45,-75.01,-75.01,0,10.62
523755,435,434.87,-70.02,-70.02,0,10.62
523760,433,433.58,-64.4,-64.4,0,10.62
523765,435,435.13,-58.12,-58.12,0,10.62
523770,438,437.4,-51.16,-51.16,0,10.62
523775,433,432.87,-43.51,-43.51,0,10.62
523780,434,434.62,-35.16,-35.16,0,10.62
523785,435,435.14,-26.12,-26.12,0,10.62
523790,437,436.36,-16.39,-16.39,0,10.62
523795,441,440.86,-6.0,-6.0,0,10.62
523800,448,448.67,5.01,5.01,0,10.62
523805,456,456.15,16.59,16.59,0,10.62
523810,471,470.32,28.69,28.69,0,10.62
523815,488,487.85,41.22,41.22,0,10.62
523820,510,510.72,54.09,54.09,0,10.62
523825,533,533.15,67.21,67.21,0,10.62
523830,559,558.26,80.46,80.46,0,10.62
523835,585,584.84,93.73,93.73,0,10.62
523840,613,613.77,106.88,106.88,0,10.62
523845,641,641.16,119.8,119.8,0,10.62
523850,666,665.19,132.35,132.35,0,10.62
523855,688,687.83,144.41,144.41,0,10.62
523860,684,684.82,155.87,155.87,0,10.62
523865,726,726.18,166.61,166.61,0,10.62
523870,741,740.19,176.53,176.53,0,10.62
523875,755,754.8,185.53,185.53,0,10.62
523880,764,764.78,193.55,193.55,0,10.62
523885,768,768.2,200.51,200.51,0,10.62
523890,772,771.24,206.37,206.37,0,10.62
523895,774,773.79,211.08,211.08,0,10.62
523900,770,770.73,214.62,214.62,0,10.62
523905,765,765.21,216.99,216.99,0,10.62
523910,760,759.29,218.19,216.99,0,10.62
523915,755,754.79,218.23,216.99,0,10.62
523920,747,747.7,217.15,216.99,0,10.62
523925,740,740.2,214.97,214.97,0,10.62
523930,731,730.32,211.76,211.76,0,10.62
523935,720,719.8,207.55,207.55,0,10.62
523940,710,710.67,202.41,202.41,0,10.62
523945,702,702.21,196.41,196.41,0,10.62
523950,694,693.35,189.61,189.61,0,10.62
523955,682,681.79,182.08,182.08,0,10.62
523960,667,667.63,173.9,173.9,0,10.62
523965,661,661.22,165.14,165.14,0,10.62
523970,652,651.4,155.89,155.89,0,10.62
523975,642,641.78,146.21,146.21,0,10.62
523980,632,632.57,136.19,136.19,0,10.62
523985,622,622.22,125.89,125.89,0,10.62
523990,609,608.46,115.39,115.39,0,10.62
523995,604,603.77,104.76,104.76,0,10.62
524000,596,596.52,94.08,94.08,0,10.62
524005,585,585.23,83.4,83.4,0,10.62
524010,574,573.49,72.8,72.8,0,10.62
524015,561,560.76,62.34,62.34,0,10.62
524020,551,551.5,52.08,52.08,0,10.62
524025,542,542.25,42.08,42.08,0,10.62
524030,529,528.51,32.39,32.39,0,10.62
524035,516,515.73,23.06,23.06,0,10.62
524040,506,506.48,14.13,14.13,0,10.62
524045,494,494.29,5.66,5.66,0,10.62
524050,484,483.53,-2.33,-2.33,0,10.62
524055,475,474.69,-9.81,-9.81,0,10.62
524060,469,469.47,-16.76,-16.76,0,10.62
524065,462,462.33,-23.15,-23.15,0,10.62
524070,456,455.53,-28.99,-28.99,0,10.62
524075,459,458.65,-34.26,-34.26,0,10.62
524080,450,450.47,-38.97,-38.97,0,10.62
524085,440,440.36,-43.13,-43.13,0,10.62
524090,447,446.53,-46.76,-46.76,0,10.62
524095,446,445.65,-49.88,-49.88,0,10.62
524100,447,447.48,-52.52,-52.52,0,10.62
524105,447,447.34,-54.7,-54.7,0,10.62
524110,448,447.52,-56.47,-56.47,0,10.62
524115,454,453.68,-57.85,-57.85,0,10.62
524120,451,451.49,-58.9,-58.9,0,10.62
524125,455,455.31,-59.64,-59.64,0,10.62
524130,459,458.5,-60.14,-60.14,0,10.62
524135,460,459.71,-60.41,-60.36,0,10.62
524140,461,461.51,-60.52,-60.36,0,10.62
524145,463,463.27,-60.49,-60.36,0,10.62
524150,465,464.49,-60.36,-60.36,0,10.62
524155,465,464.75,-60.17,-60.17,0,10.62
524160,466,466.51,-59.96,-59.96,0,10.62
524165,466,466.23,-59.74,-59.74,0,10.62
524170,464,463.48,-59.55,-59.55,0,10.62
524175,463,462.78,-59.4,-59.41,0,10.62
524180,462,462.53,-59.32,-59.41,0,10.62
524185,459,459.2,-59.32,-59.41,0,10.62
524190,460,459.46,-59.41,-59.41,0,10.62
524195,456,455.81,-59.61,-59.61,0,10.62
524200,456,456.55,-59.91,-59.91,0,10.62
524205,455,455.17,-60.32,-60.32,0,10.62
524210,450,449.44,-60.84,-60.84,0,10.62
524215,448,447.84,-61.46,-61.46,0,10.62
524220,442,442.58,-62.2,-62.2,0,10.62
524225,445,445.16,-63.03,-63.03,0,10.62
524230,442,441.41,-63.95,-63.95,0,10.62
524235,440,439.84,-64.96,-64.96,0,10.62
524240,426,426.59,-66.04,-66.04,0,10.62
524245,435,435.15,-67.19,-67.19,0,10.62
524250,434,433.43,-68.4,-68.4,0,10.62
524255,433,432.85,-69.65,-69.65,0,10.62
524260,429,429.55,-70.95,-70.95,0,10.62
524265,427,427.14,-72.28,-72.28,0,10.62
524270,424,423.47,-73.64,-73.64,0,10.62
524275,424,423.87,-75.01,-75.01,0,10.62
524280,422,422.51,-76.39,-76.39,0,10.62
524285,423,423.12,-77.77,-77.77,0,10.62
524290,421,420.5,-79.14,-79.14,0,10.62
524295,420,419.88,-80.5,-80.5,0,10.62
524300,417,417.48,-81.85,-81.85,0,10.62
524305,417,417.11,-83.18,-83.18,0,10.62
524310,417,416.54,-84.48,-84.48,0,10.62
524315,415,414.89,-85.75,-85.75,0,10.62
524320,414,414.44,-86.98,-86.98,0,10.62
524325,415,415.11,-88.18,-88.18,0,10.62
524330,416,415.58,-89.34,-89.34,0,10.62
524335,415,414.9,-90.45,-90.45,0,10.62
524340,414,414.4,-91.52,-91.52,0,10.62
524345,417,417.1,-92.54,-92.54,0,10.62
524350,418,417.63,-93.5,-93.5,0,10.62
524355,419,418.9,-94.4,-94.4,0,10.62
524360,419,419.34,-95.24,-95.24,0,10.62
524365,419,419.1,-96.0,-96.0,0,10.62
524370,422,421.68,-96.67,-96.67,0,10.62
524375,424,423.91,-97.25,-97.25,0,10.62
524380,421,421.29,-97.72,-97.72,0,10.62
524385,425,425.08,-98.07,-98.07,0,10.62
524390,425,424.75,-98.27,-98.07,0,10.62
524395,426,425.93,-98.31,-98.07,0,10.62
524400,427,427.22,-98.15,-98.07,0,10.62
524405,427,427.07,-97.79,-97.79,0,10.62
524410,427,426.81,-97.18,-97.18,0,10.62
524415,428,427.94,-96.3,-96.3,0,10.62
524420,431,431.16,-95.12,-95.12,0,10.62
524425,429,429.05,-93.6,-93.6,0,10.62
524430,429,428.86,-91.7,-91.7,0,10.62
524435,430,429.96,-89.39,-89.39,0,10.62
524440,430,430.12,-86.64,-86.64,0,10.62
524445,430,430.04,-83.4,-83.4,0,10.62
524450,427,426.9,-79.64,-79.64,0,10.62
524455,430,429.97,-75.32,-75.32,0,10.62
524460,429,429.09,-70.42,-70.42,0,10.62
524465,429,429.02,-64.9,-64.9,0,10.62
524470,431,430.93,-58.75,-58.75,0,10.62
524475,426,425.99,-51.93,-51.93,0,10.62
524480,429,429.06,-44.45,-44.45,0,10.62
524485,429,429.01,-36.3,-36.3,0,10.62
524490,430,429.96,-27.48,-27.48,0,10.62
524495,433,432.99,-18.01,-18.01,0,10.62
524500,438,438.03,-7.92,-7.92,0,10.62
524505,443,443.01,2.76,2.76,0,10.62
524510,453,452.99,13.97,13.97,0,10.62
524515,466,466.0,25.64,25.64,0,10.62
524520,483,483.0,37.7,37.7,0,10.62
524525,506,506.0,50.05,50.05,0,10.62
524530,527,527.01,62.6,62.6,0,10.62
524535,553,553.0,75.23,75.23,0,10.62
524540,581,580.97,87.82,87.82,0,10.62
524545,606,606.0,100.25,100.25,0,10.62
524550,631,631.03,112.4,112.4,0,10.62
524555,654,653.99,124.13,124.13,0,10.62
524560,677,676.96,135.33,135.33,0,10.62
524565,695,695.01,145.88,145.88,0,10.62
524570,713,713.05,155.68,155.68,0,10.62
524575,726,725.98,164.62,164.62,0,10.62
524580,737,736.94,172.63,172.63,0,10.62
524585,743,743.02,179.63,179.63,0,10.62
524590,750,750.06,185.57,185.57,0,10.62
524595,753,752.98,190.39,190.39,0,10.62
524600,753,752.92,194.07,194.07,0,10.62
524605,753,753.02,196.59,196.59,0,10.62
524610,747,747.08,197.95,196.59,0,10.62
524615,741,740.98,198.16,196.59,0,10.62
524620,736,735.91,197.25,196.59,0,10.62
524625,724,724.03,195.25,195.25,0,10.62
524630,714,714.09,192.21,192.21,0,10.62
524635,704,703.97,188.17,188.17,0,10.62
524640,692,691.91,183.21,183.21,0,10.62
524645,686,686.04,177.39,177.39,0,10.62
524650,671,671.1,170.78,170.78,0,10.62
524655,662,661.95,163.45,163.45,0,10.62
524660,651,650.9,155.49,155.49,0,10.62
524665,641,641.06,146.98,146.98,0,10.62
524670,631,631.1,137.99,137.99,0,10.62
524675,619,618.93,128.62,128.62,0,10.62
524680,614,613.89,118.93,118.93,0,10.62
524685,599,599.08,109.0,109.0,0,10.62
524690,592,592.1,98.93,98.93,0,10.62
524695,582,581.9,88.77,88.77,0,10.62
524700,571,570.9,78.61,78.61,0,10.62
524705,563,563.11,68.51,68.51,0,10.62
524710,553,553.1,58.54,58.54,0,10.62
524715,543,542.88,48.77,48.77,0,10.62
524720,531,530.9,39.25,39.25,0,10.62
524725,521,521.13,30.04,30.04,0,10.62
524730,511,511.11,21.2,21.2,0,10.62
524735,501,500.86,12.76,12.76,0,10.62
524740,490,489.88,4.78,4.78,0,10.62
524745,482,482.15,-2.72,-2.72,0,10.62
524750,472,472.12,-9.7,-9.7,0,10.62
524755,464,463.84,-16.14,-16.14,0,10.62
524760,460,459.87,-22.02,-22.02,0,10.62
524765,454,454.18,-27.35,-27.35,0,10.62
524770,450,450.13,-32.11,-32.11,0,10.62
524775,448,447.81,-36.31,-36.31,0,10.62
524780,448,447.87,-39.96,-39.96,0,10.62
524785,447,447.21,-43.09,-43.09,0,10.62
524790,447,447.14,-45.72,-45.72,0,10.62
524795,448,447.77,-47.87,-47.87,0,10.62
524800,451,450.86,-49.58,-49.58,0,10.62
524805,454,454.25,-50.89,-50.89,0,10.62
524810,457,457.14,-51.85,-51.85,0,10.62
524815,459,458.72,-52.48,-52.48,0,10.62
524820,459,458.86,-52.84,-52.72,0,10.62
524825,464,464.3,-52.97,-52.72,0,10.62
524830,467,467.15,-52.92,-52.72,0,10.62
524835,468,467.67,-52.72,-52.72,0,10.62
524840,473,472.84,-52.42,-52.42,0,10.62
524845,472,472.35,-52.06,-52.06,0,10.62
524850,473,473.17,-51.68,-51.68,0,10.62
524855,475,474.62,-51.29,-51.29,0,10.62
524860,475,474.83,-50.95,-50.95,0,10.62
524865,472,472.4,-50.66,-50.66,0,10.62
524870,472,472.17,-50.45,-50.47,0,10.62
524875,472,471.57,-50.34,-50.47,0,10.62
524880,468,467.82,-50.35,-50.47,0,10.62
524885,467,467.45,-50.47,-50.47,0,10.62
524890,464,464.18,-50.72,-50.72,0,10.62
524895,462,461.53,-51.11,-51.11,0,10.62
524900,458,457.81,-51.63,-51.63,0,10.62
524905,457,457.5,-52.27,-52.27,0,10.62
524910,454,454.2,-53.05,-53.05,0,10.62
524915,452,451.48,-53.94,-53.94,0,10.62
524920,447,446.79,-54.95,-54.95,0,10.62
524925,447,447.55,-56.05,-56.05,0,10.62
524930,443,443.22,-57.26,-57.26,0,10.62
524935,443,442.42,-58.54,-58.54,0,10.62
524940,437,436.77,-59.9,-59.9,0,10.62
524945,438,438.61,-61.33,-61.33,0,10.62
524950,435,435.25,-62.8,-62.8,0,10.62
524955,432,431.36,-64.31,-64.31,0,10.62
524960,432,431.73,-65.86,-65.86,0,10.62
524965,432,432.68,-67.42,-67.42,0,10.62
524970,431,431.29,-69.0,-69.0,0,10.62
524975,430,429.28,-70.58,-70.58,0,10.62
524980,431,430.68,-72.15,-72.15,0,10.62
524985,405,405.74,-73.71,-73.71,0,10.62
524990,431,431.34,-75.25,-75.25,0,10.62
524995,429,428.26,-76.75,-76.75,0,10.62
525000,428,427.63,-78.23,-78.23,0,10.62
525005,428,428.72,-79.66,-79.66,0,10.62
525010,430,430.4,-81.04,-81.04,0,10.62
525015,428,427.3,-82.37,-82.37,0,10.62
525020,434,433.57,-83.63,-83.63,0,10.62
525025,427,427.68,-84.82,-84.82,0,10.62
525030,431,431.45,-85.93,-85.93,0,10.62
525035,429,428.34,-86.93,-86.93,0,10.62
525040,429,428.52,-87.82,-87.82,0,10.62
525045,431,431.65,-88.59,-88.59,0,10.62
525050,428,428.51,-89.2,-89.2,0,10.62
525055,432,431.37,-89.64,-89.64,0,10.62
525060,434,433.46,-89.89,-89.64,0,10.62
525065,432,432.62,-89.93,-89.64,0,10.62
525070,432,432.56,-89.73,-89.64,0,10.62
525075,433,432.39,-89.26,-89.26,0,10.62
525080,433,432.42,-88.49,-88.49,0,10.62
525085,437,437.6,-87.4,-87.4,0,10.62
525090,433,433.6,-85.95,-85.95,0,10.62
525095,433,432.4,-84.1,-84.1,0,10.62
525100,435,434.38,-81.84,-81.84,0,10.62
525105,433,433.6,-79.12,-79.12,0,10.62
525110,435,435.65,-75.91,-75.91,0,10.62
525115,441,440.4,-72.19,-72.19,0,10.62
525120,438,437.33,-67.92,-67.92,0,10.62
525125,434,434.6,-63.08,-63.08,0,10.62
525130,433,433.69,-57.65,-57.65,0,10.62
525135,433,432.42,-51.61,-51.61,0,10.62
525140,433,432.3,-44.94,-44.94,0,10.62
525145,431,431.57,-37.66,-37.66,0,10.62
525150,432,432.72,-29.75,-29.75,0,10.62
525155,433,432.44,-21.24,-21.24,0,10.62
525160,438,437.26,-12.15,-12.15,0,10.62
525165,439,439.56,-2.51,-2.51,0,10.62
525170,451,451.76,7.63,7.63,0,10.62
525175,465,464.46,18.2,18.2,0,10.62
525180,479,478.23,29.14,29.14,0,10.62
525185,495,495.52,40.35,40.35,0,10.62
525190,518,518.8,51.75,51.75,0,10.62
525195,542,541.5,63.22,63.22,0,10.62
525200,567,566.18,74.66,74.66,0,10.62
525205,592,592.47,85.95,85.95,0,10.62
525210,616,616.84,96.96,96.96,0,10.62
525215,638,637.54,107.58,107.58,0,10.62
525220,659,658.13,117.7,117.7,0,10.62
525225,674,674.43,127.21,127.21,0,10.62
525230,670,670.88,135.99,135.99,0,10.62
525235,706,705.59,143.97,143.97,0,10.62
525240,719,718.14,151.06,151.06,0,10.62
525245,725,725.38,157.18,157.18,0,10.62
525250,730,730.82,162.28,162.28,0,10.62
525255,732,731.63,166.31,166.31,0,10.62
525260,732,731.21,169.25,169.25,0,10.62
525265,729,729.34,171.08,169.95,0,10.62
525270,724,724.76,171.79,169.95,0,10.62
525275,717,716.67,171.41,169.95,0,10.62
525280,709,708.27,169.95,169.95,0,10.62
525285,700,700.31,167.46,167.46,0,10.62
525290,691,691.7,163.97,163.97,0,10.62
525295,678,677.71,159.55,159.55,0,10.62
525300,671,670.33,154.25,154.25,0,10.62
525305,661,661.28,148.14,148.14,0,10.62
525310,648,648.65,141.3,141.3,0,10.62
525315,638,637.73,133.81,133.81,0,10.62
525320,627,626.38,125.74,125.74,0,10.62
525325,617,617.27,117.17,117.17,0,10.62
525330,606,606.6,108.2,108.2,0,10.62
525335,596,595.73,98.9,98.9,0,10.62
525340,586,585.42,89.35,89.35,0,10.62
525345,575,575.26,79.65,79.65,0,10.62
525350,565,565.56,69.87,69.87,0,10.62
525355,555,554.74,60.08,60.08,0,10.62
525360,547,546.47,50.37,50.37,0,10.62
525365,535,535.26,40.81,40.81,0,10.62
525370,525,525.51,31.46,31.46,0,10.62
525375,515,514.74,22.39,22.39,0,10.62
525380,504,503.51,13.66,13.66,0,10.62
525385,494,494.26,5.33,5.33,0,10.62
525390,482,482.47,-2.55,-2.55,0,10.62
525395,475,474.74,-9.95,-9.95,0,10.62
525400,466,465.56,-16.83,-16.83,0,10.62
525405,460,460.26,-23.15,-23.15,0,10.62
525410,453,453.42,-28.9,-28.9,0,10.62
525415,449,448.74,-34.05,-34.05,0,10.62
525420,445,444.6,-38.61,-38.61,0,10.62
525425,437,437.26,-42.58,-42.58,0,10.62
525430,440,440.38,-45.96,-45.96,0,10.62
525435,440,439.75,-48.77,-48.77,0,10.62
525440,441,440.65,-51.03,-51.03,0,10.62
525445,444,444.24,-52.78,-52.78,0,10.62
525450,445,445.33,-54.04,-54.04,0,10.62
525455,450,449.77,-54.86,-54.86,0,10.62
525460,454,453.69,-55.29,-54.86,0,10.62
525465,456,456.22,-55.36,-54.86,0,10.62
525470,458,458.28,-55.12,-54.86,0,10.62
525475,465,464.79,-54.63,-54.63,0,10.62
525480,467,466.75,-53.94,-53.94,0,10.62
525485,471,471.2,-53.09,-53.09,0,10.62
525490,474,474.23,-52.13,-52.13,0,10.62
525495,476,475.81,-51.11,-51.11,0,10.62
525500,478,477.8,-50.07,-50.07,0,10.62
525505,481,481.18,-49.05,-49.05,0,10.62
525510,481,481.17,-48.09,-48.09,0,10.62
525515,482,481.82,-47.22,-47.22,0,10.62
525520,482,481.85,-46.47,-46.47,0,10.62
525525,481,481.17,-45.87,-45.87,0,10.62
525530,480,480.12,-45.43,-45.43,0,10.62
525535,478,477.84,-45.17,-45.43,0,10.62
525540,477,476.9,-45.11,-45.43,0,10.62
525545,476,476.16,-45.24,-45.43,0,10.62
525550,474,474.07,-45.59,-45.59,0,10.62
525555,472,471.84,-46.14,-46.14,0,10.62
525560,468,467.95,-46.9,-46.9,0,10.62
525565,465,465.15,-47.86,-47.86,0,10.62
525570,463,463.03,-49.01,-49.01,0,10.62
525575,453,452.85,-50.35,-50.35,0,10.62
525580,457,456.99,-51.85,-51.85,0,10.62
525585,453,453.16,-53.51,-53.51,0,10.62
525590,453,452.99,-55.32,-55.32,0,10.62
525595,451,450.83,-57.26,-57.26,0,10.62
525600,447,447.03,-59.31,-59.31,0,10.62
525605,444,444.18,-61.46,-61.46,0,10.62
525610,446,445.95,-63.68,-63.68,0,10.62
525615,442,441.82,-65.97,-65.97,0,10.62
525620,441,441.06,-68.3,-68.3,0,10.62
525625,437,437.19,-70.64,-70.64,0,10.62
525630,436,435.93,-72.99,-72.99,0,10.62
525635,435,434.81,-75.32,-75.32,0,10.62
525640,436,436.09,-77.62,-77.62,0,10.62
525645,434,434.19,-79.84,-79.84,0,10.62
525650,427,426.89,-81.99,-81.99,0,10.62
525655,433,432.81,-84.03,-84.03,0,10.62
525660,433,433.15,-85.94,-85.94,0,10.62
525665,434,434.2,-87.7,-87.7,0,10.62
525670,433,432.82,-89.28,-89.28,0,10.62
525675,430,429.79,-90.65,-90.65,0,10.62
525680,431,431.22,-91.79,-91.79,0,10.62
525685,432,432.22,-92.68,-92.68,0,10.62
525690,438,437.75,-93.27,-93.02,0,10.62
525695,432,431.76,-93.55,-93.02,0,10.62
525700,431,431.28,-93.47,-93.02,0,10.62
525705,441,441.26,-93.02,-93.02,0,10.62
525710,437,436.71,-92.14,-92.14,0,10.62
525715,432,431.71,-90.81,-90.81,0,10.62
525720,418,418.29,-88.99,-88.99,0,10.62
525725,432,432.34,-86.66,-86.66,0,10.62
525730,433,432.74,-83.77,-83.77,0,10.62
525735,456,455.64,-80.3,-80.3,0,10.62
525740,432,432.23,-76.22,-76.22,0,10.62
525745,436,436.36,-71.5,-71.5,0,10.62
525750,430,429.81,-66.13,-66.13,0,10.62
525755,431,430.65,-60.07,-60.07,0,10.62
525760,431,431.16,-53.33,-53.33,0,10.62
525765,437,437.35,-45.89,-45.89,0,10.62
525770,422,421.86,-37.76,-37.76,0,10.62
525775,433,432.65,-28.95,-28.95,0,10.62
525780,435,435.13,-19.49,-19.49,0,10.62
525785,443,443.37,-9.42,-9.42,0,10.62
525790,452,451.88,1.23,1.23,0,10.62
525795,463,462.62,12.38,12.38,0,10.62
525800,477,477.12,23.97,23.97,0,10.62
525805,495,495.39,35.91,35.91,0,10.62
525810,516,515.9,48.09,48.09,0,10.62
525815,545,544.6,60.42,60.42,0,10.62
525820,564,564.1,72.77,72.77,0,10.62
525825,590,590.41,85.03,85.03,0,10.62
525830,615,614.91,97.06,97.06,0,10.62
525835,639,638.59,108.76,108.76,0,10.62
525840,662,662.07,119.99,119.99,0,10.62
525845,682,682.41,130.63,130.63,0,10.62
525850,700,699.93,140.58,140.58,0,10.62
525855,715,714.58,149.73,149.73,0,10.62
525860,738,738.06,157.99,157.99,0,10.62
525865,736,736.42,165.28,165.28,0,10.62
525870,744,743.92,171.54,171.54,0,10.62
525875,748,747.57,176.71,176.71,0,10.62
525880,749,749.1,180.76,180.76,0,10.62
525885,748,748.43,183.66,183.66,0,10.62
525890,746,745.88,185.42,183.88,0,10.62
525895,740,739.56,186.02,183.88,0,10.62
525900,732,732.14,185.5,183.88,0,10.62
525905,726,726.44,183.88,183.88,0,10.62
525910,719,718.85,181.2,181.2,0,10.62
525915,705,704.54,177.51,177.51,0,10.62
525920,696,696.16,172.86,172.86,0,10.62
525925,671,671.46,167.34,167.34,0,10.62
525930,675,674.83,161.0,161.0,0,10.62
525935,664,663.55,153.91,153.91,0,10.62
525940,651,651.17,146.17,146.17,0,10.62
525945,643,643.42,137.83,137.83,0,10.62
525950,636,635.83,128.99,128.99,0,10.62
525955,623,622.6,119.73,119.73,0,10.62
525960,612,612.17,110.12,110.12,0,10.62
525965,602,602.38,100.25,100.25,0,10.62
525970,594,593.84,90.2,90.2,0,10.62
525975,584,583.64,80.04,80.04,0,10.62
525980,573,573.14,69.84,69.84,0,10.62
525985,561,561.34,59.7,59.7,0,10.62
525990,553,552.87,49.66,49.66,0,10.62
525995,542,541.69,39.81,39.81,0,10.62
526000,531,531.12,30.19,30.19,0,10.62
526005,524,524.29,20.89,20.89,0,10.62
526010,509,508.89,11.94,11.94,0,10.62
526015,499,498.73,3.4,3.4,0,10.62
526020,487,487.1,-4.68,-4.68,0,10.62
526025,479,479.25,-12.28,-12.28,0,10.62
526030,471,470.92,-19.34,-19.34,0,10.62
526035,462,461.77,-25.86,-25.86,0,10.62
526040,457,457.07,-31.81,-31.81,0,10.62
526045,453,453.22,-37.18,-37.18,0,10.62
526050,451,450.95,-41.98,-41.98,0,10.62
526055,447,446.79,-46.19,-46.19,0,10.62
526060,445,445.03,-49.85,-49.85,0,10.62
526065,445,445.2,-52.95,-52.95,0,10.62
526070,446,445.99,-55.54,-55.54,0,10.62
526075,449,448.81,-57.63,-57.63,0,10.62
526080,455,454.99,-59.27,-59.27,0,10.62
526085,452,452.18,-60.48,-60.48,0,10.62
526090,458,458.03,-61.31,-61.31,0,10.62
526095,455,454.83,-61.81,-61.73,0,10.62
526100,461,460.96,-62.02,-61.73,0,10.62
526105,463,463.16,-61.98,-61.73,0,10.62
526110,465,465.06,-61.73,-61.73,0,10.62
526115,469,468.84,-61.33,-61.33,0,10.62
526120,470,469.93,-60.81,-60.81,0,10.62
526125,475,475.15,-60.22,-60.22,0,10.62
526130,473,473.08,-59.6,-59.6,0,10.62
526135,475,474.85,-58.97,-58.97,0,10.62
526140,472,471.9,-58.37,-58.37,0,10.62
526145,473,473.15,-57.83,-57.83,0,10.62
526150,473,473.12,-57.38,-57.38,0,10.62
526155,473,472.86,-57.04,-57.04,0,10.62
526160,473,472.86,-56.81,-57.02,0,10.62
526165,471,471.14,-56.73,-57.02,0,10.62
526170,467,467.15,-56.8,-57.02,0,10.62
526175,464,463.86,-57.02,-57.02,0,10.62
526180,473,472.84,-57.41,-57.41,0,10.62
526185,461,461.14,-57.96,-57.96,0,10.62
526190,462,462.16,-58.67,-58.67,0,10.62
526195,454,453.85,-59.55,-59.55,0,10.62
526200,455,454.85,-60.57,-60.57,0,10.62
526205,451,451.16,-61.74,-61.74,0,10.62
526210,447,447.14,-63.05,-63.05,0,10.62
526215,445,444.83,-64.48,-64.48,0,10.62
526220,444,443.87,-66.02,-66.02,0,10.62
526225,443,443.19,-67.68,-67.68,0,10.62
526230,441,441.12,-69.42,-69.42,0,10.62
526235,439,438.8,-71.25,-71.25,0,10.62
526240,437,436.88,-73.14,-73.14,0,10.62
526245,435,435.22,-75.09,-75.09,0,10.62
526250,434,434.11,-77.08,-77.08,0,10.62
526255,433,432.76,-79.1,-79.1,0,10.62
526260,432,431.9,-81.14,-81.14,0,10.62
526265,430,430.26,-83.17,-83.17,0,10.62
526270,427,427.09,-85.2,-85.2,0,10.62
526275,445,444.74,-87.2,-87.2,0,10.62
526280,427,426.92,-89.16,-89.16,0,10.62
526285,428,428.25,-91.06,-91.06,0,10.62
526290,428,428.07,-92.88,-92.88,0,10.62
526295,424,423.78,-94.6,-94.6,0,10.62
526300,427,426.94,-96.21,-96.21,0,10.62
526305,426,426.2,-97.69,-97.69,0,10.62
526310,429,429.05,-99.0,-99.0,0,10.62
526315,429,428.82,-100.13,-100.13,0,10.62
526320,427,426.95,-101.05,-101.05,0,10.62
526325,431,431.16,-101.74,-101.74,0,10.62
526330,429,429.04,-102.16,-101.74,0,10.62
526335,430,429.86,-102.29,-101.74,0,10.62
526340,431,430.96,-102.1,-101.74,0,10.62
526345,437,437.13,-101.56,-101.56,0,10.62
526350,431,431.04,-100.62,-100.62,0,10.62
526355,432,431.87,-99.26,-99.26,0,10.62
526360,431,430.96,-97.43,-97.43,0,10.62
526365,430,430.13,-95.11,-95.11,0,10.62
526370,432,432.03,-92.26,-92.26,0,10.62
526375,432,431.87,-88.83,-88.83,0,10.62
526380,433,432.97,-84.8,-84.8,0,10.62
526385,432,432.12,-80.14,-80.14,0,10.62
526390,433,433.03,-74.82,-74.82,0,10.62
526395,432,431.88,-68.82,-68.82,0,10.62
526400,432,431.97,-62.11,-62.11,0,10.62
526405,433,433.12,-54.69,-54.69,0,10.62
526410,433,433.03,-46.56,-46.56,0,10.62
526415,435,434.89,-37.71,-37.71,0,10.62
526420,437,436.97,-28.16,-28.16,0,10.62
526425,440,440.11,-17.94,-17.94,0,10.62
526430,446,446.03,-7.09,-7.09,0,10.62
526435,455,454.89,4.35,4.35,0,10.62
526440,468,467.98,16.32,16.32,0,10.62
526445,481,481.11,28.73,28.73,0,10.62
526450,503,503.02,41.5,41.5,0,10.62
526455,523,522.9,54.52,54.52,0,10.62
526460,549,548.99,67.69,67.69,0,10.62
526465,577,577.1,80.88,80.88,0,10.62
526470,604,604.01,93.98,93.98,0,10.62
526475,630,629.9,106.84,106.84,0,10.62
526480,656,655.98,119.35,119.35,0,10.62
526485,680,680.09,131.38,131.38,0,10.62
526490,699,699.01,142.8,142.8,0,10.62
526495,720,719.9,153.49,153.49,0,10.62
526500,736,735.99,163.37,163.37,0,10.62
526505,749,749.1,172.32,172.32,0,10.62
526510,758,758.0,180.28,180.28,0,10.62
526515,764,763.9,187.17,187.17,0,10.62
526520,768,768.0,192.94,192.94,0,10.62
526525,768,768.1,197.56,197.56,0,10.62
526530,767,766.99,201.0,201.0,0,10.62
526535,766,765.89,203.26,203.03,0,10.62
526540,758,758.01,204.34,203.03,0,10.62
526545,751,751.1,204.25,203.03,0,10.62
526550,743,742.98,203.03,203.03,0,10.62
526555,735,734.9,200.72,200.72,0,10.62
526560,724,724.03,197.37,197.37,0,10.62
526565,715,715.09,193.03,193.03,0,10.62
526570,703,702.97,187.76,187.76,0,10.62
526575,694,693.91,181.64,181.64,0,10.62
526580,682,682.04,174.73,174.73,0,10.62
526585,672,672.08,167.12,167.12,0,10.62
526590,663,662.95,158.88,158.88,0,10.62
526595,650,649.92,150.08,150.08,0,10.62
526600,643,643.05,140.81,140.81,0,10.62
526605,632,632.08,131.15,131.15,0,10.62
526610,624,623.94,121.16,121.16,0,10.62
526615,613,612.92,110.94,110.94,0,10.62
526620,604,604.06,100.54,100.54,0,10.62
526625,596,596.08,90.05,90.05,0,10.62
526630,586,585.94,79.54,79.54,0,10.62
526635,577,576.92,69.07,69.07,0,10.62
526640,569,569.07,58.71,58.71,0,10.62
526645,556,556.08,48.51,48.51,0,10.62
526650,544,543.92,38.56,38.56,0,10.62
526655,533,532.92,28.89,28.89,0,10.62
526660,522,522.09,19.56,19.56,0,10.62
526665,509,509.09,10.62,10.62,0,10.62
526670,500,499.9,2.12,2.12,0,10.62
526675,489,488.91,-5.91,-5.91,0,10.62
526680,479,479.12,-13.44,-13.44,0,10.62
526685,472,472.09,-20.43,-20.43,0,10.62
526690,467,466.88,-26.87,-26.87,0,10.62
526695,460,459.91,-32.75,-32.75,0,10.62
526701,454,454.13,-38.05,-38.05,0,10.62
526705,451,451.09,-42.79,-42.79,0,10.62
526710,450,449.87,-46.96,-46.96,0,10.62
526715,449,448.92,-50.59,-50.59,0,10.62
526720,446,446.13,-53.68,-53.68,0,10.62
526725,446,446.08,-56.28,-56.28,0,10.62
526730,448,447.87,-58.4,-58.4,0,10.62
526735,449,448.93,-60.08,-60.08,0,10.62
526740,452,452.13,-61.35,-61.35,0,10.62
526745,455,455.07,-62.27,-62.27,0,10.62
526750,457,456.87,-62.87,-62.87,0,10.62
526755,460,459.94,-63.19,-62.96,0,10.62
526760,461,461.13,-63.29,-62.96,0,10.62
526765,463,463.06,-63.19,-62.96,0,10.62
526770,465,464.87,-62.96,-62.96,0,10.62
526775,469,468.95,-62.62,-62.62,0,10.62
526780,470,470.13,-62.21,-62.21,0,10.62
526785,473,473.04,-61.77,-61.77,0,10.62
526790,470,469.87,-61.34,-61.34,0,10.62
526795,468,467.96,-60.95,-60.95,0,10.62
526800,469,469.13,-60.61,-60.61,0,10.62
526805,469,469.04,-60.35,-60.35,0,10.62
526810,467,466.86,-60.2,-60.35,0,10.62
526815,464,463.96,-60.16,-60.35,0,10.62
526820,462,462.14,-60.25,-60.35,0,10.62
526825,456,456.05,-60.47,-60.47,0,10.62
526830,457,456.86,-60.83,-60.83,0,10.62
526835,455,454.95,-61.34,-61.34,0,10.62
526840,455,455.15,-62.0,-62.0,0,10.62
526845,451,451.04,-62.8,-62.8,0,10.62
526850,451,450.84,-63.75,-63.75,0,10.62
526855,446,445.96,-64.84,-64.84,0,10.62
526860,445,445.16,-66.06,-66.06,0,10.62
526865,442,442.04,-67.4,-67.4,0,10.62
526870,440,439.83,-68.87,-68.87,0,10.62
526875,439,438.96,-70.44,-70.44,0,10.62
526880,437,437.18,-72.1,-72.1,0,10.62
526885,436,436.04,-73.86,-73.86,0,10.62
526890,432,431.81,-75.69,-75.69,0,10.62
526895,433,432.96,-77.58,-77.58,0,10.62
526900,429,429.2,-79.52,-79.52,0,10.62
526905,429,429.03,-81.5,-81.5,0,10.62
526910,428,427.79,-83.5,-83.5,0,10.62
526915,430,429.97,-85.51,-85.51,0,10.62
526920,427,427.22,-87.5,-87.5,0,10.62
526925,424,424.02,-89.48,-89.48,0,10.62
526930,425,424.77,-91.41,-91.41,0,10.62
526935,424,424.0,-93.28,-93.28,0,10.62
526940,425,425.25,-95.06,-95.06,0,10.62
526945,423,422.99,-96.75,-96.75,0,10.62
526950,441,440.75,-98.31,-98.31,0,10.62
526955,425,425.03,-99.72,-99.72,0,10.62
526960,424,424.24,-100.96,-100.96,0,10.62
526965,423,422.95,-101.99,-101.99,0,10.62
526970,423,422.79,-102.78,-102.78,0,10.62
526975,424,424.07,-103.31,-102.92,0,10.62
526980,424,424.18,-103.53,-102.92,0,10.62
526985,422,421.9,-103.41,-102.92,0,10.62
526990,424,423.84,-102.92,-102.92,0,10.62
526995,425,425.12,-102.02,-102.02,0,10.62
527000,424,424.13,-100.67,-100.67,0,10.62
527005,425,424.85,-98.83,-98.83,0,10.62
527010,424,423.89,-96.47,-96.47,0,10.62
527015,423,423.18,-93.54,-93.54,0,10.62
527020,423,423.09,-90.02,-90.02,0,10.62
527025,423,422.79,-85.87,-85.87,0,10.62
527030,420,419.94,-81.06,-81.06,0,10.62
527035,422,422.24,-75.56,-75.56,0,10.62
527040,422,422.05,-69.36,-69.36,0,10.62
527045,422,421.73,-62.44,-62.44,0,10.62
527050,421,420.97,-54.79,-54.79,0,10.62
527055,422,422.3,-46.42,-46.42,0,10.62
527060,425,425.02,-37.33,-37.33,0,10.62
527065,427,426.67,-27.56,-27.56,0,10.62
527070,432,432.0,-17.13,-17.13,0,10.62
527075,439,439.36,-6.09,-6.09,0,10.62
527080,452,451.99,5.51,5.51,0,10.62
527085,465,464.62,17.58,17.58,0,10.62
527090,483,483.02,30.04,30.04,0,10.62
527095,503,503.41,42.79,42.79,0,10.62
527100,527,526.98,55.73,55.73,0,10.62
527105,554,553.56,68.73,68.73,0,10.62
527110,579,579.04,81.67,81.67,0,10.62
527115,607,607.47,94.43,94.43,0,10.62
527120,633,632.96,106.87,106.87,0,10.62
527125,657,656.5,118.86,118.86,0,10.62
527130,675,675.05,130.27,130.27,0,10.62
527135,697,697.52,141.0,141.0,0,10.62
527140,712,711.95,150.92,150.92,0,10.62
527145,750,749.46,159.94,159.94,0,10.62
527150,737,737.05,167.97,167.97,0,10.62
527155,745,745.52,174.95,174.95,0,10.62
527160,751,750.95,180.81,180.81,0,10.62
527165,753,752.5,185.51,185.51,0,10.62
527170,753,753.05,189.03,189.03,0,10.62
527175,750,750.46,191.35,191.21,0,10.62
527180,744,743.95,192.47,191.21,0,10.62
527185,738,737.57,192.42,191.21,0,10.62
527190,731,731.05,191.21,191.21,0,10.62
527195,724,724.41,188.9,188.9,0,10.62
527200,709,708.94,185.51,185.51,0,10.62
527205,701,700.61,181.13,181.13,0,10.62
527210,691,691.07,175.8,175.8,0,10.62
527215,679,679.37,169.6,169.6,0,10.62
527220,667,666.91,162.62,162.62,0,10.62
527225,656,655.64,154.91,154.91,0,10.62
527230,647,647.1,146.58,146.58,0,10.62
527235,636,636.34,137.7,137.7,0,10.62
527240,626,625.88,128.36,128.36,0,10.62
527245,613,612.67,118.64,118.64,0,10.62
527250,605,605.14,108.63,108.63,0,10.62
527255,580,580.32,98.41,98.41,0,10.62
527260,586,585.84,88.06,88.06,0,10.62
527265,576,575.72,77.66,77.66,0,10.62
527270,565,565.18,67.29,67.29,0,10.62
527275,554,554.24,57.0,57.0,0,10.62
527280,545,544.81,46.88,46.88,0,10.62
527285,534,533.81,36.99,36.99,0,10.62
527290,521,521.21,27.4,27.4,0,10.62
527295,511,511.14,18.14,18.14,0,10.62
527300,499,498.78,9.29,9.29,0,10.62
527305,491,490.91,0.89,0.89,0,10.62
527310,480,480.24,-7.03,-7.03,0,10.62
527315,475,475.04,-14.42,-14.42,0,10.62
527320,462,461.74,-21.26,-21.26,0,10.62
527325,457,457.0,-27.53,-27.53,0,10.62
527330,451,451.28,-33.21,-33.21,0,10.62
527335,447,446.96,-38.3,-38.3,0,10.62
527340,442,441.7,-42.8,-42.8,0,10.62
527345,443,443.09,-46.71,-46.71,0,10.62
527350,439,439.33,-50.05,-50.05,0,10.62
527355,440,439.87,-52.84,-52.84,0,10.62
527360,440,439.65,-55.1,-55.1,0,10.62
527365,442,442.18,-56.88,-56.88,0,10.62
527370,444,444.38,-58.19,-58.19,0,10.62
527375,446,445.77,-59.09,-59.09,0,10.62
527380,449,448.59,-59.62,-59.42,0,10.62
527385,452,452.27,-59.82,-59.42,0,10.62
527390,457,457.44,-59.74,-59.42,0,10.62
527395,464,463.68,-59.42,-59.42,0,10.62
527400,462,461.53,-58.93,-58.93,0,10.62
527405,464,464.36,-58.29,-58.29,0,10.62
527410,464,464.51,-57.56,-57.56,0,10.62
527415,467,466.6,-56.77,-56.77,0,10.62
527420,466,465.46,-55.97,-55.97,0,10.62
527425,467,467.43,-55.19,-55.19,0,10.62
527430,469,469.58,-54.47,-54.47,0,10.62
527435,469,468.53,-53.84,-53.84,0,10.62
527440,491,490.4,-53.32,-53.32,0,10.62
527445,467,467.5,-52.93,-52.93,0,10.62
527450,467,467.6,-52.7,-52.93,0,10.62
527455,467,466.46,-52.63,-52.93,0,10.62
527460,463,462.42,-52.74,-52.93,0,10.62
527465,460,460.57,-53.03,-53.03,0,10.62
527470,457,457.57,-53.5,-53.5,0,10.62
527475,457,456.4,-54.15,-54.15,0,10.62
527480,455,454.45,-54.99,-54.99,0,10.62
527485,451,451.63,-56.0,-56.0,0,10.62
527490,450,450.53,-57.18,-57.18,0,10.62
527495,447,446.34,-58.53,-58.53,0,10.62
527500,445,444.48,-60.03,-60.03,0,10.62
527505,443,443.69,-61.66,-61.66,0,10.62
527510,440,440.5,-63.43,-63.43,0,10.62
527515,439,438.28,-65.3,-65.3,0,10.62
527520,436,435.51,-67.28,-67.28,0,10.62
527525,433,433.76,-69.34,-69.34,0,10.62
527530,433,433.47,-71.47,-71.47,0,10.62
527535,431,430.21,-73.65,-73.65,0,10.62
527540,432,431.54,-75.86,-75.86,0,10.62
527545,428,428.83,-78.09,-78.09,0,10.62
527550,425,425.45,-80.31,-80.31,0,10.62
527555,427,426.14,-82.51,-82.51,0,10.62
527560,425,424.57,-84.67,-84.67,0,10.62
527565,398,398.88,-86.77,-86.77,0,10.62
527570,423,423.41,-88.79,-88.79,0,10.62
527575,420,419.13,-90.7,-90.7,0,10.62
527580,421,420.61,-92.48,-92.48,0,10.62
527585,421,421.84,-94.13,-94.13,0,10.62
527590,420,420.38,-95.6,-95.6,0,10.62
527595,421,420.18,-96.89,-96.89,0,10.62
527600,419,418.64,-97.97,-97.97,0,10.62
527605,421,421.8,-98.81,-98.81,0,10.62
527610,419,419.35,-99.39,-99.28,0,10.62
527615,420,419.22,-99.68,-99.28,0,10.62
527620,422,421.67,-99.66,-99.28,0,10.62
527625,424,424.77,-99.28,-99.28,0,10.62
527630,425,425.32,-98.54,-98.54,0,10.62
527635,425,424.24,-97.38,-97.38,0,10.62
527640,427,426.69,-95.79,-95.79,0,10.62
527645,423,423.75,-93.72,-93.72,0,10.62
527650,427,427.3,-91.15,-91.15,0,10.62
527655,423,422.25,-88.05,-88.05,0,10.62
527660,426,425.71,-84.39,-84.39,0,10.62
527665,427,427.75,-80.13,-80.13,0,10.62
527670,426,426.28,-75.26,-75.26,0,10.62
527675,425,424.25,-69.75,-69.75,0,10.62
527680,428,427.73,-63.58,-63.58,0,10.62
527685,428,428.76,-56.74,-56.74,0,10.62
527690,426,426.25,-49.23,-49.23,0,10.62
527695,427,426.23,-41.05,-41.05,0,10.62
527700,425,424.76,-32.21,-32.21,0,10.62
527705,431,431.79,-22.73,-22.73,0,10.62
527710,435,435.24,-12.65,-12.65,0,10.62
527715,441,440.19,-2.0,-2.0,0,10.62
527720,449,448.77,9.16,9.16,0,10.62
527725,462,462.84,20.75,20.75,0,10.62
527730,480,480.24,32.7,32.7,0,10.62
527735,500,499.14,44.91,44.91,0,10.62
527740,523,522.76,57.27,57.27,0,10.62
527745,549,549.89,69.67,69.67,0,10.62
527750,574,574.24,81.99,81.99,0,10.62
527755,600,599.09,94.1,94.1,0,10.62
527760,625,624.75,105.87,105.87,0,10.62
527765,650,650.95,117.19,117.19,0,10.62
527770,672,672.25,127.91,127.91,0,10.62
527775,696,695.02,137.94,137.94,0,10.62
527780,709,708.74,147.16,147.16,0,10.62
527785,723,724.01,155.47,155.47,0,10.62
527790,734,734.27,162.8,162.8,0,10.62
527795,744,742.96,169.07,169.07,0,10.62
527800,743,742.72,174.23,174.23,0,10.62
527805,724,725.05,178.24,178.24,0,10.62
527810,746,746.29,181.07,181.07,0,10.62
527815,739,737.96,182.73,181.07,0,10.62
527820,737,736.69,183.2,181.07,0,10.62
527825,730,731.01,182.51,181.07,0,10.62
527830,722,722.33,180.69,180.69,0,10.62
527835,710,709.01,177.78,177.78,0,10.62
527840,700,699.65,173.84,173.84,0,10.62
527845,689,689.98,168.91,168.91,0,10.62
527850,677,677.38,163.09,163.09,0,10.62
527855,664,663.03,156.43,156.43,0,10.62
527860,656,655.6,149.02,149.02,0,10.62
527865,640,640.96,140.95,140.95,0,10.62
527870,624,624.42,132.31,132.31,0,10.62
527875,617,616.04,123.17,123.17,0,10.62
527880,608,607.57,113.64,113.64,0,10.62
527885,598,598.96,103.8,103.8,0,10.62
527890,585,585.43,93.73,93.73,0,10.62
527895,577,576.03,83.53,83.53,0,10.62
527900,565,564.57,73.28,73.28,0,10.62
527905,555,555.97,63.05,63.05,0,10.62
527910,545,545.44,52.93,52.93,0,10.62
527915,534,533.02,42.98,42.98,0,10.62
527920,524,523.56,33.28,33.28,0,10.62
527925,512,512.99,23.9,23.9,0,10.62
527930,502,502.45,14.88,14.88,0,10.62
527935,492,490.99,6.3,6.3,0,10.62
527940,481,480.55,-1.81,-1.81,0,10.62
527946,469,470.02,-9.41,-9.41,0,10.62
527950,463,463.46,-16.45,-16.45,0,10.62
527955,456,454.97,-22.92,-22.92,0,10.62
527960,454,453.53,-28.79,-28.79,0,10.62
527965,446,447.04,-34.05,-34.05,0,10.62
527970,441,441.47,-38.71,-38.71,0,10.62
527975,440,438.94,-42.76,-42.76,0,10.62
527980,446,445.53,-46.22,-46.22,0,10.62
527985,438,439.08,-49.11,-49.11,0,10.62
527990,438,438.45,-51.45,-51.45,0,10.62
527995,439,437.9,-53.27,-53.27,0,10.62
528000,444,443.57,-54.62,-54.62,0,10.62
528005,445,446.13,-55.53,-55.53,0,10.62
528010,450,450.4,-56.05,-55.75,0,10.62
528015,474,472.86,-56.22,-55.75,0,10.62
528020,456,455.62,-56.11,-55.75,0,10.62
528025,459,460.13,-55.75,-55.75,0,10.62
528030,465,465.37,-55.19,-55.19,0,10.62
528035,467,465.9,-54.49,-54.49,0,10.62
528040,470,469.65,-53.69,-53.69,0,10.62
528045,470,471.08,-52.83,-52.83,0,10.62
528050,474,474.34,-51.96,-51.96,0,10.62
528055,476,474.94,-51.11,-51.11,0,10.62
528060,478,477.68,-50.32,-50.32,0,10.62
528065,476,477.03,-49.63,-49.63,0,10.62
528070,477,477.31,-49.06,-49.06,0,10.62
528075,475,473.99,-48.62,-48.62,0,10.62
528080,471,470.7,-48.35,-48.62,0,10.62
528085,470,470.99,-48.26,-48.62,0,10.62
528090,469,469.29,-48.35,-48.62,0,10.62
528095,465,464.03,-48.64,-48.64,0,10.62
528100,465,464.72,-49.12,-49.12,0,10.62
528105,463,463.95,-49.81,-49.81,0,10.62
528110,459,459.28,-50.69,-50.69,0,10.62
528115,457,456.06,-51.77,-51.77,0,10.62
528120,455,454.73,-53.04,-53.04,0,10.62
528125,456,456.94,-54.48,-54.48,0,10.62
528130,453,453.27,-56.09,-56.09,0,10.62
528135,447,446.06,-57.86,-57.86,0,10.62
528140,447,446.73,-59.77,-59.77,0,10.62
528145,445,445.95,-61.81,-61.81,0,10.62
528150,440,440.26,-63.95,-63.95,0,10.62
528155,441,440.03,-66.18,-66.18,0,10.62
528160,440,439.74,-68.49,-68.49,0,10.62
528165,437,437.99,-70.84,-70.84,0,10.62
528170,437,437.25,-73.22,-73.22,0,10.62
528175,434,432.99,-75.6,-75.6,0,10.62
528180,433,432.75,-77.97,-77.97,0,10.62
528185,432,433.03,-80.29,-80.29,0,10.62
528190,432,432.24,-82.54,-82.54,0,10.62
528195,431,429.94,-84.69,-84.69,0,10.62
528200,431,430.76,-86.71,-86.71,0,10.62
528205,428,429.09,-88.58,-88.58,0,10.62
528210,427,427.24,-90.27,-90.27,0,10.62
528215,430,428.88,-91.73,-91.73,0,10.62
528220,428,427.77,-92.94,-92.94,0,10.62
528225,429,430.15,-93.87,-93.87,0,10.62
528230,429,429.23,-94.47,-93.97,0,10.62
528235,430,428.82,-94.72,-93.97,0,10.62
528240,428,427.77,-94.56,-93.97,0,10.62
528245,429,430.21,-93.97,-93.97,0,10.62
528250,427,427.22,-92.91,-92.91,0,10.62
528255,428,426.76,-91.34,-91.34,0,10.62
528260,421,420.78,-89.21,-89.21,0,10.62
528265,426,427.28,-86.5,-86.5,0,10.62
528270,423,423.23,-83.17,-83.17,0,10.62
528275,425,423.68,-79.19,-79.19,0,10.62
528280,425,424.76,-74.53,-74.53,0,10.62
528285,424,425.37,-69.17,-69.17,0,10.62
528290,423,423.25,-63.09,-63.09,0,10.62
528295,423,421.58,-56.28,-56.28,0,10.62
528300,422,421.75,-48.74,-48.74,0,10.62
528305,425,426.47,-40.47,-40.47,0,10.62
528310,425,425.26,-31.5,-31.5,0,10.62
528315,429,427.47,-21.84,-21.84,0,10.62
528320,437,436.74,-11.53,-11.53,0,10.62
528325,420,421.58,-0.64,-0.64,0,10.62
528330,457,457.27,10.78,10.78,0,10.62
528335,473,471.41,22.64,22.64,0,10.62
528340,492,491.72,34.86,34.86,0,10.62
528345,489,490.59,47.32,47.32,0,10.62
528350,537,537.28,59.91,59.91,0,10.62
528355,564,562.46,72.5,72.5,0,10.62
528360,590,589.71,84.97,84.97,0,10.62
528365,615,616.49,97.18,97.18,0,10.62
528370,641,641.29,109.0,109.0,0,10.62
528375,664,662.56,120.29,120.29,0,10.62
528380,684,683.7,130.93,130.93,0,10.62
528385,702,703.38,140.8,140.8,0,10.62
528390,718,718.3,149.8,149.8,0,10.62
528395,732,730.66,157.83,157.83,0,10.62
528400,740,739.68,164.81,164.81,0,10.62
528405,746,747.29,170.67,170.67,0,10.62
528410,748,748.32,175.37,175.37,0,10.62
528415,749,747.75,178.87,178.87,0,10.62
528420,745,744.67,181.16,180.73,0,10.62
528425,743,744.2,182.21,180.73,0,10.62
528430,736,736.34,182.06,180.73,0,10.62
528435,728,726.83,180.73,180.73,0,10.62
528440,716,715.64,178.24,178.24,0,10.62
528445,708,709.14,174.66,174.66,0,10.62
528450,696,696.38,170.04,170.04,0,10.62
528455,679,677.89,164.46,164.46,0,10.62
528460,671,670.6,157.98,157.98,0,10.62
528465,659,660.1,150.68,150.68,0,10.62
528470,649,649.43,142.66,142.66,0,10.62
528475,637,635.91,134.0,134.0,0,10.62
528480,623,622.54,124.8,124.8,0,10.62
528485,612,613.08,115.14,115.14,0,10.62
528490,591,591.49,105.11,105.11,0,10.62
528495,592,590.93,94.82,94.82,0,10.62
528500,582,581.5,84.34,84.34,0,10.62
528505,571,572.06,73.76,73.76,0,10.62
528510,560,560.51,63.18,63.18,0,10.62
528515,548,546.95,52.66,52.66,0,10.62
528520,539,538.49,42.3,42.3,0,10.62
528525,527,528.05,32.16,32.16,0,10.62
528530,515,515.52,22.32,22.32,0,10.62
528535,505,503.94,12.84,12.84,0,10.62
528540,493,492.48,3.79,3.79,0,10.62
528545,457,458.05,-4.79,-4.79,0,10.62
528550,471,471.53,-12.85,-12.85,0,10.62
528555,463,462.0,-20.34,-20.34,0,10.62
528560,455,454.46,-27.23,-27.23,0,10.62
528565,450,450.94,-33.51,-33.51,0,10.62
528570,447,447.55,-39.17,-39.17,0,10.62
528575,440,439.11,-44.19,-44.19,0,10.62
528580,437,436.44,-48.57,-48.57,0,10.62
528585,437,437.84,-52.33,-52.33,0,10.62
528590,434,434.58,-55.49,-55.49,0,10.62
528595,437,436.21,-58.06,-58.06,0,10.62
528600,438,437.4,-60.09,-60.09,0,10.62
528605,438,438.75,-61.59,-61.59,0,10.62
528610,432,432.61,-62.62,-62.62,0,10.62
528615,446,445.3,-63.22,-62.92,0,10.62
528620,456,455.4,-63.43,-62.92,0,10.62
528625,453,453.66,-63.32,-62.92,0,10.62
528630,456,456.58,-62.92,-62.92,0,10.62
528635,462,461.39,-62.3,-62.3,0,10.62
528640,464,463.44,-61.5,-61.5,0,10.62
528645,468,468.56,-60.58,-60.58,0,10.62
528650,470,470.53,-59.58,-59.58,0,10.62
528655,472,471.48,-58.54,-58.54,0,10.62
528660,473,472.49,-57.52,-57.52,0,10.62
528665,474,474.48,-56.54,-56.54,0,10.62
528670,476,476.49,-55.65,-55.65,0,10.62
528675,476,475.56,-54.87,-54.87,0,10.62
528680,475,474.53,-54.23,-54.23,0,10.62
528685,473,473.39,-53.75,-53.75,0,10.62
528690,472,472.46,-53.45,-53.72,0,10.62
528695,472,471.65,-53.34,-53.72,0,10.62
528700,469,468.56,-53.43,-53.72,0,10.62
528705,462,462.3,-53.72,-53.72,0,10.62
528710,464,464.43,-54.22,-54.22,0,10.62
528715,461,460.76,-54.92,-54.92,0,10.62
528720,459,458.59,-55.82,-55.82,0,10.62
528725,456,456.18,-56.91,-56.91,0,10.62
528730,455,455.4,-58.19,-58.19,0,10.62
528735,449,448.87,-59.63,-59.63,0,10.62
528740,446,445.61,-61.23,-61.23,0,10.62
528745,445,445.08,-62.97,-62.97,0,10.62
528750,442,442.39,-64.83,-64.83,0,10.62
528755,439,438.97,-66.8,-66.8,0,10.62
528760,436,435.61,-68.86,-68.86,0,10.62
528765,433,432.97,-70.98,-70.98,0,10.62
528770,431,431.39,-73.16,-73.16,0,10.62
528775,433,433.08,-75.38,-75.38,0,10.62
528780,431,430.61,-77.61,-77.61,0,10.62
528785,429,428.86,-79.83,-79.83,0,10.62
528790,427,427.39,-82.03,-82.03,0,10.62
528795,403,403.18,-84.18,-84.18,0,10.62
528800,427,426.62,-86.27,-86.27,0,10.62
528805,427,426.81,-88.28,-88.28,0,10.62
528810,423,423.38,-90.19,-90.19,0,10.62
528815,426,426.19,-91.99,-91.99,0,10.62
528820,426,425.63,-93.65,-93.65,0,10.62
528825,428,427.82,-95.15,-95.15,0,10.62
528830,427,427.36,-96.47,-96.47,0,10.62
528835,428,428.17,-97.59,-97.59,0,10.62
528840,428,427.65,-98.48,-98.48,0,10.62
528845,430,429.84,-99.12,-99.12,0,10.62
528850,429,429.34,-99.49,-99.12,0,10.62
528855,431,431.15,-99.54,-99.12,0,10.62
528860,430,429.67,-99.25,-99.12,0,10.62
528865,431,430.86,-98.59,-98.59,0,10.62
528870,430,430.32,-97.52,-97.52,0,10.62
528875,430,430.13,-96.0,-96.0,0,10.62
528880,431,430.68,-94.01,-94.01,0,10.62
528885,430,429.88,-91.5,-91.5,0,10.62
528890,430,430.31,-88.45,-88.45,0,10.62
528895,433,433.11,-84.8,-84.8,0,10.62
528900,432,431.7,-80.55,-80.55,0,10.62
528905,431,430.89,-75.64,-75.64,0,10.62
528910,432,432.29,-70.07,-70.07,0,10.62
528915,432,432.11,-63.8,-63.8,0,10.62
528920,430,429.72,-56.83,-56.83,0,10.62
528925,431,430.89,-49.13,-49.13,0,10.62
528930,430,430.28,-40.72,-40.72,0,10.62
528935,432,432.11,-31.59,-31.59,0,10.62
528941,437,436.73,-21.77,-21.77,0,10.62
528945,439,438.89,-11.29,-11.29,0,10.62
528950,445,445.26,-0.18,-0.18,0,10.62
528955,455,455.11,11.49,11.49,0,10.62
528960,469,468.76,23.65,23.65,0,10.62
528965,485,484.9,36.23,36.23,0,10.62
528970,506,506.23,49.13,49.13,0,10.62
528975,530,530.11,62.24,62.24,0,10.62
528980,555,554.78,75.45,75.45,0,10.62
528985,584,583.89,88.62,88.62,0,10.62
528990,610,610.21,101.63,101.63,0,10.62
528995,637,637.11,114.35,114.35,0,10.62
529000,661,660.8,126.64,126.64,0,10.62
529005,686,685.89,138.38,138.38,0,10.62
529010,709,709.19,149.44,149.44,0,10.62
529015,726,726.11,159.71,159.71,0,10.62
529020,741,740.81,169.08,169.08,0,10.62
529025,753,752.89,177.46,177.46,0,10.62
529030,761,761.18,184.77,184.77,0,10.62
529035,766,766.11,190.96,190.96,0,10.62
529040,769,768.81,195.97,195.97,0,10.62
529045,769,768.88,199.76,199.76,0,10.62
529050,766,766.18,202.34,202.34,0,10.62
529055,763,763.11,203.68,202.34,0,10.62
529060,756,755.82,203.8,202.34,0,10.62
529065,748,747.88,202.74,202.34,0,10.62
529070,740,740.18,200.52,200.52,0,10.62
529075,729,729.12,197.19,197.19,0,10.62
529080,716,715.81,192.81,192.81,0,10.62
529085,708,707.88,187.45,187.45,0,10.62
529090,692,692.19,181.18,181.18,0,10.62
529095,685,685.13,174.07,174.07,0,10.62
529100,670,669.81,166.21,166.21,0,10.62
529105,661,660.87,157.68,157.68,0,10.62
529110,646,646.2,148.58,148.58,0,10.62
529115,635,635.13,138.97,138.97,0,10.62
529120,624,623.8,128.96,128.96,0,10.62
529125,615,614.87,118.63,118.63,0,10.62
529130,604,604.2,108.06,108.06,0,10.62
529135,595,595.13,97.34,97.34,0,10.62
529140,584,583.79,86.54,86.54,0,10.62
529145,576,575.87,75.74,75.74,0,10.62
529150,565,565.21,65.02,65.02,0,10.62
529155,553,553.13,54.44,54.44,0,10.62
529160,547,546.78,44.08,44.08,0,10.62
529165,533,532.88,34.0,34.0,0,10.62
529170,521,521.22,24.25,24.25,0,10.62
529175,511,511.11,14.9,14.9,0,10.62
529180,495,494.78,5.98,5.98,0,10.62
529185,490,489.89,-2.45,-2.45,0,10.62
529190,478,478.22,-10.36,-10.36,0,10.62
529195,471,471.1,-17.72,-17.72,0,10.62
529200,464,463.77,-24.5,-24.5,0,10.62
529205,457,456.91,-30.69,-30.69,0,10.62
529210,453,453.24,-36.29,-36.29,0,10.62
529215,449,449.09,-41.28,-41.28,0,10.62
529220,447,446.75,-45.67,-45.67,0,10.62
529225,443,442.91,-49.48,-49.48,0,10.62
529230,443,443.25,-52.73,-52.73,0,10.62
529235,445,445.09,-55.43,-55.43,0,10.62
529240,444,443.74,-57.63,-57.63,0,10.62
529245,447,446.91,-59.35,-59.35,0,10.62
529250,449,449.27,-60.63,-60.63,0,10.62
529255,450,450.09,-61.52,-61.52,0,10.62
529260,454,453.72,-62.06,-62.04,0,10.62
529265,457,456.91,-62.29,-62.04,0,10.62
529270,459,459.29,-62.27,-62.04,0,10.62
529275,463,463.09,-62.04,-62.04,0,10.62
529280,469,468.7,-61.64,-61.64,0,10.62
529285,468,467.91,-61.13,-61.13,0,10.62
529290,468,468.3,-60.53,-60.53,0,10.62
529295,468,468.09,-59.9,-59.9,0,10.62
529300,469,468.7,-59.27,-59.27,0,10.62
529305,479,478.92,-58.67,-58.67,0,10.62
529310,472,472.3,-58.13,-58.13,0,10.62
529315,477,477.06,-57.68,-57.68,0,10.62
529320,468,467.69,-57.33,-57.33,0,10.62
529325,467,466.96,-57.11,-57.3,0,10.62
529330,465,465.32,-57.02,-57.3,0,10.62
529335,465,465.03,-57.08,-57.3,0,10.62
529340,462,461.67,-57.3,-57.3,0,10.62
529345,460,459.97,-57.67,-57.67,0,10.62
529350,457,457.34,-58.2,-58.2,0,10.62
529355,456,456.02,-58.88,-58.88,0,10.62
529360,454,453.65,-59.71,-59.71,0,10.62
529365,450,449.98,-60.69,-60.69,0,10.62
529370,449,449.36,-61.8,-61.8,0,10.62
529375,445,445.02,-63.04,-63.04,0,10.62
529380,442,441.63,-64.4,-64.4,0,10.62
529385,439,438.98,-65.86,-65.86,0,10.62
529390,437,437.38,-67.41,-67.41,0,10.62
529395,434,434.01,-69.04,-69.04,0,10.62
529400,432,431.6,-70.75,-70.75,0,10.62
529405,430,429.99,-72.5,-72.5,0,10.62
529410,429,429.42,-74.3,-74.3,0,10.62
529415,427,427.01,-76.14,-76.14,0,10.62
529420,427,426.56,-77.99,-77.99,0,10.62
529425,424,423.99,-79.85,-79.85,0,10.62
529430,424,424.45,-81.71,-81.71,0,10.62
529435,423,423.01,-83.57,-83.57,0,10.62
529440,423,422.53,-85.39,-85.39,0,10.62
529445,422,421.99,-87.19,-87.19,0,10.62
529450,422,422.49,-88.95,-88.95,0,10.62
529455,423,423.01,-90.65,-90.65,0,10.62
529460,425,424.49,-92.29,-92.29,0,10.62
529465,423,422.99,-93.85,-93.85,0,10.62
529470,422,422.53,-95.32,-95.32,0,10.62
529475,426,426.02,-96.69,-96.69,0,10.62
529480,424,423.46,-97.93,-97.93,0,10.62
529485,423,422.97,-99.04,-99.04,0,10.62
529490,425,425.56,-99.99,-99.99,0,10.62
529495,426,426.04,-100.76,-100.76,0,10.62
529500,426,425.43,-101.32,-101.32,0,10.62
529505,427,426.95,-101.65,-101.32,0,10.62
529510,426,426.59,-101.73,-101.32,0,10.62
529515,426,426.07,-101.53,-101.32,0,10.62
529520,427,426.39,-101.0,-101.0,0,10.62
529525,430,429.92,-100.12,-100.12,0,10.62
529531,428,428.63,-98.86,-98.86,0,10.62
529535,430,430.08,-97.18,-97.18,0,10.62
529540,429,428.35,-95.04,-95.04,0,10.62
529545,429,428.91,-92.41,-92.41,0,10.62
529550,430,430.67,-89.25,-89.25,0,10.62
529555,429,429.1,-85.52,-85.52,0,10.62
529560,426,425.3,-81.2,-81.2,0,10.62
529565,429,428.89,-76.24,-76.24,0,10.62
529570,432,432.74,-70.63,-70.63,0,10.62
529575,429,429.12,-64.33,-64.33,0,10.62
529580,428,427.22,-57.34,-57.34,0,10.62
529585,428,427.87,-49.64,-49.64,0,10.62
529590,430,430.83,-41.23,-41.23,0,10.62
529595,433,433.14,-32.12,-32.12,0,10.62
529600,454,453.13,-22.31,-22.31,0,10.62
529605,435,434.84,-11.85,-11.85,0,10.62
529610,439,439.89,-0.76,-0.76,0,10.62
529615,451,451.19,10.9,10.9,0,10.62
529620,464,463.12,23.07,23.07,0,10.62
529625,484,483.79,35.66,35.66,0,10.62
529630,501,501.88,48.6,48.6,0,10.62
529635,522,522.23,61.76,61.76,0,10.62
529640,550,549.13,75.04,75.04,0,10.62
529645,586,585.77,88.32,88.32,0,10.62
529650,594,594.87,101.47,101.47,0,10.62
529655,633,633.22,114.34,114.34,0,10.62
529660,659,658.15,126.82,126.82,0,10.62
529665,681,680.79,138.77,138.77,0,10.62
529670,704,704.82,150.07,150.07,0,10.62
529675,724,724.2,160.6,160.6,0,10.62
529680,739,738.2,170.26,170.26,0,10.62
529685,751,750.8,178.94,178.94,0,10.62
529690,761,761.77,186.57,186.57,0,10.62
529695,767,767.2,193.09,193.09,0,10.62
529700,769,768.24,198.43,198.43,0,10.62
529705,769,768.8,202.58,202.58,0,10.62
529710,767,767.74,205.49,205.49,0,10.62
529715,764,764.2,207.18,205.49,0,10.62
529720,757,756.28,207.64,205.49,0,10.62
529725,756,755.8,206.9,205.49,0,10.62
529730,740,740.71,205.0,205.0,0,10.62
529735,730,730.19,201.97,201.97,0,10.62
529740,719,718.3,197.87,197.87,0,10.62
529745,709,708.82,192.77,192.77,0,10.62
529750,697,697.69,186.74,186.74,0,10.62
529755,685,685.17,179.85,179.85,0,10.62
529760,674,673.32,172.17,172.17,0,10.62
529765,662,661.85,163.8,163.8,0,10.62
529770,652,652.68,154.81,154.81,0,10.62
529775,640,640.14,145.29,145.29,0,10.62
529780,631,630.33,135.33,135.33,0,10.62
529785,621,620.87,125.01,125.01,0,10.62
529790,607,607.67,114.41,114.41,0,10.62
529795,598,598.11,103.62,103.62,0,10.62
529800,589,588.34,92.71,92.71,0,10.62
529805,579,578.91,81.77,81.77,0,10.62
529810,569,569.66,70.87,70.87,0,10.62
529815,557,557.07,60.08,60.08,0,10.62
529820,547,546.34,49.47,49.47,0,10.62
529825,536,535.95,39.1,39.1,0,10.62
529830,524,524.66,29.03,29.03,0,10.62
529835,514,514.02,19.33,19.33,0,10.62
529840,502,501.34,10.05,10.05,0,10.62
529845,492,492.0,1.23,1.23,0,10.62
529850,483,483.66,-7.1,-7.1,0,10.62
529855,476,475.98,-14.88,-14.88,0,10.62
529860,463,462.33,-22.1,-22.1,0,10.62
529865,457,457.03,-28.73,-28.73,0,10.62
529870,450,450.68,-34.75,-34.75,0,10.62
529875,447,446.96,-40.17,-40.17,0,10.62
529880,441,440.31,-44.97,-44.97,0,10.62
529885,439,439.05,-49.16,-49.16,0,10.62
529890,438,438.71,-52.77,-52.77,0,10.62
529895,439,438.94,-55.8,-55.8,0,10.62
529900,439,438.27,-58.28,-58.28,0,10.62
529905,441,441.07,-60.24,-60.24,0,10.62
529910,418,418.73,-61.72,-61.72,0,10.62
529915,446,445.93,-62.76,-62.76,0,10.62
529920,447,446.3,-63.4,-63.4,0,10.62
529925,449,449.08,-63.69,-63.4,0,10.62
529930,455,455.66,-63.68,-63.4,0,10.62
529935,458,457.92,-63.41,-63.4,0,10.62
529940,461,460.38,-62.94,-62.94,0,10.62
529945,463,463.08,-62.31,-62.31,0,10.62
529950,466,466.59,-61.56,-61.56,0,10.62
529955,467,466.92,-60.75,-60.75,0,10.62
529960,468,467.44,-59.9,-59.9,0,10.62
529965,469,469.08,-59.06,-59.06,0,10.62
529970,469,469.52,-58.26,-58.26,0,10.62
529975,469,468.92,-57.53,-57.53,0,10.62
529980,470,469.51,-56.88,-56.88,0,10.62
529985,468,468.07,-56.35,-56.35,0,10.62
529990,467,467.46,-55.95,-55.95,0,10.62
529995,465,464.92,-55.69,-55.84,0,10.62
530000,462,461.57,-55.59,-55.84,0,10.62
530005,461,461.08,-55.63,-55.84,0,10.62
530010,458,458.4,-55.84,-55.84,0,10.62
530015,455,454.92,-56.21,-56.21,0,10.62
530020,453,452.62,-56.73,-56.73,0,10.62
530025,450,450.08,-57.4,-57.4,0,10.62
530030,448,448.35,-58.21,-58.21,0,10.62
530035,446,445.92,-59.16,-59.16,0,10.62
530040,444,443.67,-60.24,-60.24,0,10.62
530045,441,441.08,-61.43,-61.43,0,10.62
530050,439,439.31,-62.72,-62.72,0,10.62
530055,437,436.91,-64.11,-64.11,0,10.62
530060,435,434.72,-65.57,-65.57,0,10.62
530065,432,432.09,-67.1,-67.1,0,10.62
530070,431,431.26,-68.69,-68.69,0,10.62
530075,428,427.91,-70.33,-70.33,0,10.62
530080,428,427.76,-71.99,-71.99,0,10.62
530085,425,425.09,-73.68,-73.68,0,10.62
530090,425,425.21,-75.38,-75.38,0,10.62
530095,425,424.91,-77.09,-77.09,0,10.62
530100,423,422.81,-78.78,-78.78,0,10.62
530105,420,420.08,-80.46,-80.46,0,10.62
530110,421,421.17,-82.12,-82.12,0,10.62
530115,421,420.92,-83.74,-83.74,0,10.62
530120,420,419.85,-85.32,-85.32,0,10.62
530125,420,420.07,-86.85,-86.85,0,10.62
530130,419,419.13,-88.33,-88.33,0,10.62
530135,419,418.94,-89.73,-89.73,0,10.62
530140,420,419.9,-91.06,-91.06,0,10.62
530145,420,420.05,-92.3,-92.3,0,10.62
530150,421,421.08,-93.45,-93.45,0,10.62
530155,418,417.95,-94.48,-94.48,0,10.62
530160,421,420.94,-95.4,-95.4,0,10.62
530165,422,422.05,-96.18,-96.18,0,10.62
530170,422,422.04,-96.8,-96.8,0,10.62
530175,423,422.95,-97.26,-97.26,0,10.62
530180,426,425.98,-97.53,-97.26,0,10.62
530185,425,425.05,-97.58,-97.26,0,10.62
530190,427,426.99,-97.41,-97.26,0,10.62
530195,427,426.95,-96.98,-96.98,0,10.62
530200,429,429.03,-96.27,-96.27,0,10.62
530205,429,429.06,-95.25,-95.25,0,10.62
530210,448,447.95,-93.89,-93.89,0,10.62
530215,430,429.94,-92.15,-92.15,0,10.62
530220,430,430.04,-90.01,-90.01,0,10.62
530225,430,430.06,-87.42,-87.42,0,10.62
530230,431,430.99,-84.36,-84.36,0,10.62
530235,432,431.93,-80.78,-80.78,0,10.62
530240,432,431.99,-76.66,-76.66,0,10.62
530245,434,434.07,-71.96,-71.96,0,10.62
530250,432,432.04,-66.66,-66.66,0,10.62
530255,432,431.93,-60.73,-60.73,0,10.62
530260,432,431.94,-54.15,-54.15,0,10.62
530265,430,430.08,-46.9,-46.9,0,10.62
530270,432,432.09,-38.99,-38.99,0,10.62
530275,432,431.92,-30.41,-30.41,0,10.62
530280,434,433.89,-21.17,-21.17,0,10.62
530285,436,436.09,-11.3,-11.3,0,10.62
530290,442,442.14,-0.83,-0.83,0,10.62
530295,450,449.92,10.19,10.19,0,10.62
530300,462,461.85,21.71,21.71,0,10.62
530305,476,476.09,33.64,33.64,0,10.62
530310,495,495.18,45.91,45.91,0,10.62
530315,512,511.91,58.41,58.41,0,10.62
530320,542,541.8,71.03,71.03,0,10.62
530325,567,567.1,83.66,83.66,0,10.62
530330,597,597.23,96.17,96.17,0,10.62
530335,623,622.88,108.44,108.44,0,10.62
530340,642,641.74,120.33,120.33,0,10.62
530345,662,662.12,131.72,131.72,0,10.62
530350,691,691.3,142.49,142.49,0,10.62
530355,711,710.89,152.53,152.53,0,10.62
530360,725,724.65,161.73,161.73,0,10.62
530365,739,739.09,169.99,169.99,0,10.62
530370,749,749.39,177.23,177.23,0,10.62
530375,756,755.92,183.4,183.4,0,10.62
530380,758,757.56,188.43,188.43,0,10.62
530385,757,757.06,192.3,192.3,0,10.62
530390,755,755.49,194.97,194.97,0,10.62
530395,752,751.96,196.46,194.97,0,10.62
530400,745,744.46,196.76,194.97,0,10.62
530405,738,738.01,195.9,194.97,0,10.62
530410,729,729.59,193.91,193.91,0,10.62
530415,718,718.01,190.84,190.84,0,10.62
530420,708,707.36,186.74,186.74,0,10.62
530425,696,695.97,181.68,181.68,0,10.62
530430,683,683.7,175.72,175.72,0,10.62
530435,673,673.05,168.95,168.95,0,10.62
530440,680,679.26,161.44,161.44,0,10.62
530445,649,648.93,153.28,153.28,0,10.62
530450,635,635.75,144.54,144.54,0,10.62
530455,611,611.08,135.33,135.33,0,10.62
530460,616,615.25,125.72,125.72,0,10.62
530465,603,602.93,115.81,115.81,0,10.62
530470,594,594.75,105.67,105.67,0,10.62
530475,585,585.06,95.38,95.38,0,10.62
530480,593,592.27,85.03,85.03,0,10.62
530485,568,567.96,74.68,74.68,0,10.62
530490,557,557.7,64.41,64.41,0,10.62
530495,547,547.03,54.3,54.3,0,10.62
530500,536,535.35,44.4,44.4,0,10.62
530505,526,525.99,34.77,34.77,0,10.62
530510,517,517.61,25.49,25.49,0,10.62
530515,505,504.99,16.59,16.59,0,10.62
530520,495,494.43,8.13,8.13,0,10.62
530525,486,486.03,0.15,0.15,0,10.62
530530,476,476.54,-7.31,-7.31,0,10.62
530535,469,468.95,-14.24,-14.24,0,10.62
530540,463,462.5,-20.6,-20.6,0,10.62
530545,458,458.07,-26.38,-26.38,0,10.62
530550,453,453.47,-31.57,-31.57,0,10.62
530555,449,448.91,-36.17,-36.17,0,10.62
530560,446,445.56,-40.2,-40.2,0,10.62
530565,444,444.11,-43.65,-43.65,0,10.62
530570,445,445.41,-46.56,-46.56,0,10.62
530575,445,444.87,-48.94,-48.94,0,10.62
530580,444,443.62,-50.82,-50.82,0,10.62
530585,448,448.16,-52.25,-52.25,0,10.62
530590,452,452.36,-53.25,-53.25,0,10.62
530595,455,454.82,-53.88,-53.88,0,10.62
530600,456,455.66,-54.17,-53.88,0,10.62
530605,460,460.19,-54.17,-53.88,0,10.62
530610,463,463.33,-53.93,-53.88,0,10.62
530615,466,465.79,-53.5,-53.5,0,10.62
530620,468,467.68,-52.91,-52.91,0,10.62
530625,470,470.23,-52.22,-52.22,0,10.62
530630,473,473.31,-51.46,-51.46,0,10.62
530635,475,474.75,-50.67,-50.67,0,10.62
530640,473,472.7,-49.9,-49.9,0,10.62
530645,477,477.26,-49.16,-49.16,0,10.62
530650,474,474.3,-48.5,-48.5,0,10.62
530655,475,474.72,-47.93,-47.93,0,10.62
530660,475,474.71,-47.48,-47.48,0,10.62
530665,473,473.3,-47.17,-47.17,0,10.62
530670,473,473.29,-47.0,-47.17,0,10.62
530675,471,470.67,-46.99,-47.17,0,10.62
530680,469,468.72,-47.15,-47.17,0,10.62
530685,467,467.35,-47.47,-47.47,0,10.62
530690,463,463.28,-47.97,-47.97,0,10.62
530695,461,460.63,-48.63,-48.63,0,10.62
530700,461,460.72,-49.45,-49.45,0,10.62
530705,456,456.4,-50.42,-50.42,0,10.62
530710,453,453.27,-51.54,-51.54,0,10.62
530715,452,451.58,-52.8,-52.8,0,10.62
530720,451,450.75,-54.17,-54.17,0,10.62
530725,421,421.43,-55.65,-55.65,0,10.62
530730,444,444.24,-57.23,-57.23,0,10.62
530735,444,443.6,-58.89,-58.89,0,10.62
530740,441,440.78,-60.63,-60.63,0,10.62
530745,442,442.36,-62.43,-62.43,0,10.62
530750,438,438.2,-64.27,-64.27,0,10.62
530755,435,434.68,-66.15,-66.15,0,10.62
530760,432,431.81,-68.06,-68.06,0,10.62
530765,432,432.28,-69.97,-69.97,0,10.62
530770,431,431.18,-71.89,-71.89,0,10.62
530775,427,426.75,-73.79,-73.79,0,10.62
530780,429,428.83,-75.66,-75.66,0,10.62
530785,425,425.22,-77.5,-77.5,0,10.62
530790,429,429.17,-79.28,-79.28,0,10.62
530795,428,427.82,-81.0,-81.0,0,10.62
530800,428,427.84,-82.64,-82.64,0,10.62
530805,428,428.15,-84.19,-84.19,0,10.62
530810,428,428.15,-85.64,-85.64,0,10.62
530815,424,423.89,-86.96,-86.96,0,10.62
530820,430,429.85,-88.15,-88.15,0,10.62
530825,429,429.09,-89.17,-89.17,0,10.62
530830,431,431.14,-90.03,-90.03,0,10.62
530835,430,429.93,-90.68,-90.68,0,10.62
530840,431,430.86,-91.12,-90.87,0,10.62
530845,431,431.04,-91.32,-90.87,0,10.62
530850,432,432.13,-91.24,-90.87,0,10.62
530855,429,428.98,-90.87,-90.87,0,10.62
530860,437,436.87,-90.18,-90.18,0,10.62
530865,442,442.01,-89.13,-89.13,0,10.62
530870,432,432.12,-87.69,-87.69,0,10.62
530875,433,432.98,-85.83,-85.83,0,10.62
530880,431,430.9,-83.52,-83.52,0,10.62
530885,435,435.03,-80.72,-80.72,0,10.62
530890,434,434.09,-77.41,-77.41,0,10.62
530895,432,431.95,-73.55,-73.55,0,10.62
530900,433,432.92,-69.11,-69.11,0,10.62
530905,433,433.07,-64.07,-64.07,0,10.62
530910,432,432.07,-58.41,-58.41,0,10.62
530915,432,431.91,-52.11,-52.11,0,10.62
530920,432,431.94,-45.16,-45.16,0,10.62
530925,429,429.11,-37.57,-37.57,0,10.62
530930,432,432.05,-29.34,-29.34,0,10.62
530935,432,431.88,-20.48,-20.48,0,10.62
530940,436,435.96,-11.03,-11.03,0,10.62
530945,443,443.14,-1.02,-1.02,0,10.62
530950,451,451.04,9.5,9.5,0,10.62
530955,464,463.84,20.46,20.46,0,10.62
530960,478,477.98,31.78,31.78,0,10.62
530965,493,493.18,43.37,43.37,0,10.62
530970,520,520.02,55.13,55.13,0,10.62
530975,543,542.81,66.96,66.96,0,10.62
530980,568,567.98,78.73,78.73,0,10.62
530985,593,593.19,90.32,90.32,0,10.62
530990,620,620.01,101.6,101.6,0,10.62
530995,641,640.8,112.46,112.46,0,10.62
531000,664,663.98,122.76,122.76,0,10.62
531005,683,683.21,132.4,132.4,0,10.62
531010,700,700.01,141.27,141.27,0,10.62
531015,714,713.78,149.26,149.26,0,10.62
531020,726,725.98,156.3,156.3,0,10.62
531025,732,732.23,162.31,162.31,0,10.62
531030,738,738.01,167.23,167.23,0,10.62
531035,739,738.76,171.03,171.03,0,10.62
531040,737,736.99,173.68,173.68,0,10.62
531045,734,734.25,175.16,173.68,0,10.62
531050,729,729.01,175.47,173.68,0,10.62
531055,723,722.74,174.65,173.68,0,10.62
531060,712,711.98,172.7,172.7,0,10.62
531065,704,704.26,169.68,169.68,0,10.62
531070,694,694.02,165.64,165.64,0,10.62
531075,682,681.73,160.64,160.64,0,10.62
531080,670,669.97,154.75,154.75,0,10.62
531085,660,660.28,148.04,148.04,0,10.62
531090,647,647.04,140.6,140.6,0,10.62
531095,634,633.7,132.5,132.5,0,10.62
531100,627,626.96,123.85,123.85,0,10.62
531105,604,604.31,114.73,114.73,0,10.62
531110,597,597.04,105.22,105.22,0,10.62
531115,588,587.69,95.43,95.43,0,10.62
531120,579,578.96,85.43,85.43,0,10.62
531125,565,565.31,75.32,75.32,0,10.62
531130,556,556.03,65.18,65.18,0,10.62
531135,547,546.7,55.09,55.09,0,10.62
531140,536,535.99,45.13,45.13,0,10.62
531145,528,528.3,35.37,35.37,0,10.62
531150,516,516.0,25.88,25.88,0,10.62
531155,506,505.7,16.73,16.73,0,10.62
531160,496,496.01,7.98,7.98,0,10.62
531165,484,484.3,-0.32,-0.32,0,10.62
531170,477,476.97,-8.13,-8.13,0,10.62
531175,466,465.7,-15.39,-15.39,0,10.62
531180,459,459.04,-22.09,-22.09,0,10.62
531185,451,451.3,-28.18,-28.18,0,10.62
531190,446,445.95,-33.65,-33.65,0,10.62
531195,442,441.7,-38.5,-38.5,0,10.62
531200,438,438.06,-42.72,-42.72,0,10.62
531205,437,437.3,-46.31,-46.31,0,10.62
531210,435,434.93,-49.29,-49.29,0,10.62
531215,435,434.7,-51.69,-51.69,0,10.62
531220,439,439.09,-53.52,-53.52,0,10.62
531225,437,437.3,-54.82,-54.82,0,10.62
531230,444,443.9,-55.63,-55.59,0,10.62
531235,446,445.7,-55.99,-55.59,0,10.62
531240,453,453.12,-55.96,-55.59,0,10.62
531245,457,457.3,-55.59,-55.59,0,10.62
531250,461,460.86,-54.91,-54.91,0,10.62
531255,466,465.69,-54.0,-54.0,0,10.62
531260,469,469.16,-52.9,-52.9,0,10.62
531265,471,471.31,-51.67,-51.67,0,10.62
531270,475,474.82,-50.34,-50.34,0,10.62
531275,478,477.69,-48.98,-48.98,0,10.62
531280,480,480.2,-47.63,-47.63,0,10.62
531285,483,483.31,-46.32,-46.32,0,10.62
531290,483,482.78,-45.1,-45.1,0,10.62
531295,482,481.68,-43.99,-43.99,0,10.62
531300,484,484.25,-43.04,-43.04,0,10.62
531305,484,484.32,-42.25,-42.25,0,10.62
531310,483,482.73,-41.66,-41.66,0,10.62
531315,481,480.66,-41.27,-41.46,0,10.62
531320,478,478.29,-41.11,-41.46,0,10.62
531325,477,477.35,-41.17,-41.46,0,10.62
531330,474,473.69,-41.46,-41.46,0,10.62
531335,473,472.64,-41.97,-41.97,0,10.62
531340,470,470.34,-42.72,-42.72,0,10.62
531345,467,467.38,-43.69,-43.69,0,10.62
531350,466,465.64,-44.86,-44.86,0,10.62
531355,463,462.61,-46.24,-46.24,0,10.62
531360,458,458.38,-47.8,-47.8,0,10.62
531365,456,456.41,-49.54,-49.54,0,10.62
531370,453,452.59,-51.43,-51.43,0,10.62
531375,451,450.58,-53.45,-53.45,0,10.62
531380,448,448.43,-55.6,-55.6,0,10.62
531385,442,442.43,-57.84,-57.84,0,10.62
531390,444,443.55,-60.17,-60.17,0,10.62
531395,447,446.57,-62.55,-62.55,0,10.62
531400,416,416.46,-64.97,-64.97,0,10.62
531405,439,439.43,-67.41,-67.41,0,10.62
531410,438,437.57,-69.85,-69.85,0,10.62
531415,436,435.58,-72.27,-72.27,0,10.62
531420,436,436.39,-74.65,-74.65,0,10.62
531425,434,434.41,-76.97,-76.97,0,10.62
531430,433,432.65,-79.22,-79.22,0,10.62
531435,432,431.59,-81.36,-81.36,0,10.62
531440,431,431.32,-83.39,-83.39,0,10.62
531445,432,432.4,-85.27,-85.27,0,10.62
531450,431,430.72,-86.98,-86.98,0,10.62
531455,430,429.6,-88.5,-88.5,0,10.62
531460,432,432.24,-89.8,-89.8,0,10.62
531465,423,423.4,-90.86,-90.86,0,10.62
531470,430,429.79,-91.64,-91.64,0,10.62
531475,433,432.61,-92.13,-91.64,0,10.62
531480,432,432.18,-92.29,-91.64,0,10.62
531485,429,429.37,-92.08,-91.64,0,10.62
531490,432,431.85,-91.49,-91.49,0,10.62
531495,431,430.66,-90.48,-90.48,0,10.62
531500,434,434.12,-89.01,-89.01,0,10.62
531505,433,433.32,-87.06,-87.06,0,10.62
531510,434,433.9,-84.59,-84.59,0,10.62
531515,434,433.7,-81.58,-81.58,0,10.62
531520,436,436.07,-77.99,-77.99,0,10.62
531525,436,436.28,-73.8,-73.8,0,10.62
531530,432,431.94,-68.99,-68.99,0,10.62
531535,433,432.74,-63.52,-63.52,0,10.62
531540,433,433.04,-57.4,-57.4,0,10.62
531545,434,434.25,-50.6,-50.6,0,10.62
531550,433,432.98,-43.13,-43.13,0,10.62
531555,434,433.76,-34.99,-34.99,0,10.62
531560,435,435.01,-26.19,-26.19,0,10.62
531565,437,437.23,-16.76,-16.76,0,10.62
531570,441,441.0,-6.73,-6.73,0,10.62
531575,447,446.78,3.84,3.84,0,10.62
531580,459,458.99,14.91,14.91,0,10.62
531585,473,473.22,26.39,26.39,0,10.62
531590,489,489.03,38.21,38.21,0,10.62
531595,510,509.79,50.25,50.25,0,10.62
531600,536,535.97,62.42,62.42,0,10.62
531605,559,559.21,74.59,74.59,0,10.62
531610,584,584.04,86.65,86.65,0,10.62
531615,611,610.79,98.47,98.47,0,10.62
531620,636,635.96,109.91,109.91,0,10.62
531625,659,659.21,120.86,120.86,0,10.62
531630,683,683.04,131.19,131.19,0,10.62
531635,700,699.79,140.79,140.79,0,10.62
531640,715,714.95,149.55,149.55,0,10.62
531645,723,723.2,157.38,157.38,0,10.62
531650,737,737.05,164.2,164.2,0,10.62
531655,744,743.81,169.94,169.94,0,10.62
531660,747,746.94,174.55,174.55,0,10.62
531665,746,746.17,178.0,178.0,0,10.62
531670,747,747.07,180.26,179.94,0,10.62
531675,742,741.84,181.33,179.94,0,10.62
531680,740,739.92,181.22,179.94,0,10.62
531685,730,730.14,179.94,179.94,0,10.62
531690,719,719.08,177.54,177.54,0,10.62
531695,709,708.88,174.06,174.06,0,10.62
531700,697,696.92,169.56,169.56,0,10.62
531705,684,684.11,164.11,164.11,0,10.62
531710,673,673.08,157.78,157.78,0,10.62
531715,659,658.91,150.64,150.64,0,10.62
531720,647,646.92,142.79,142.79,0,10.62
531725,635,635.08,134.32,134.32,0,10.62
531730,624,624.08,125.3,125.3,0,10.62
531735,612,611.94,115.84,115.84,0,10.62
531740,600,599.91,106.01,106.01,0,10.62
531745,590,590.05,95.92,95.92,0,10.62
531750,580,580.1,85.65,85.65,0,10.62
531755,569,568.97,75.29,75.29,0,10.62
531760,561,560.9,64.91,64.91,0,10.62
531765,550,550.02,54.6,54.6,0,10.62
531770,538,538.11,44.43,44.43,0,10.62
531775,529,529.0,34.48,34.48,0,10.62
531780,518,517.89,24.81,24.81,0,10.62
531785,508,507.99,15.48,15.48,0,10.62
531790,495,495.11,6.57,6.57,0,10.62
531795,486,486.02,-1.9,-1.9,0,10.62
531800,477,476.89,-9.86,-9.86,0,10.62
531805,469,468.97,-17.28,-17.28,0,10.62
531810,461,461.11,-24.13,-24.13,0,10.62
531815,453,453.04,-30.38,-30.38,0,10.62
531820,448,447.89,-36.03,-36.03,0,10.62
531825,446,445.96,-41.05,-41.05,0,10.62
531830,441,441.11,-45.46,-45.46,0,10.62
531835,440,440.04,-49.25,-49.25,0,10.62
531840,440,439.89,-52.44,-52.44,0,10.62
531845,438,437.96,-55.05,-55.05,0,10.62
531850,440,440.11,-57.11,-57.11,0,10.62
531855,442,442.05,-58.65,-58.65,0,10.62
531860,444,443.9,-59.71,-59.71,0,10.62
531865,448,447.95,-60.34,-60.02,0,10.62
531870,451,451.1,-60.56,-60.02,0,10.62
531875,454,454.06,-60.44,-60.02,0,10.62
531880,458,457.9,-60.02,-60.02,0,10.62
531885,462,461.94,-59.36,-59.36,0,10.62
531890,465,465.1,-58.5,-58.5,0,10.62
531895,470,470.07,-57.49,-57.49,0,10.62
531900,476,475.9,-56.37,-56.37,0,10.62
531905,476,475.93,-55.21,-55.21,0,10.62
531910,477,477.09,-54.02,-54.02,0,10.62
531915,479,479.07,-52.87,-52.87,0,10.62
531920,478,477.92,-51.77,-51.77,0,10.62
531925,479,478.92,-50.76,-50.76,0,10.62
531930,479,479.08,-49.87,-49.87,0,10.62
531935,481,481.08,-49.11,-49.11,0,10.62
531940,475,474.93,-48.52,-48.52,0,10.62
531945,475,474.9,-48.09,-48.09,0,10.62
531950,474,474.07,-47.85,-48.09,0,10.62
531955,472,472.11,-47.79,-48.09,0,10.62
531960,472,471.93,-47.92,-48.09,0,10.62
531965,467,466.87,-48.25,-48.25,0,10.62
531970,466,466.06,-48.76,-48.76,0,10.62
531975,459,459.14,-49.46,-49.46,0,10.62
531980,460,459.94,-50.34,-50.34,0,10.62
531985,457,456.85,-51.38,-51.38,0,10.62
531990,453,453.05,-52.58,-52.58,0,10.62
531995,452,452.16,-53.93,-53.93,0,10.62
532000,450,449.95,-55.41,-55.41,0,10.62
532005,447,446.83,-57.02,-57.02,0,10.62
532010,445,445.04,-58.73,-58.73,0,10.62
532015,443,443.18,-60.54,-60.54,0,10.62
532020,443,442.97,-62.43,-62.43,0,10.62
532025,443,442.81,-64.4,-64.4,0,10.62
532030,439,439.02,-66.41,-66.41,0,10.62
532035,440,440.2,-68.48,-68.48,0,10.62
532040,438,438.0,-70.56,-70.56,0,10.62
532045,438,437.79,-72.67,-72.67,0,10.62
532050,436,435.99,-74.77,-74.77,0,10.62
532055,435,435.22,-76.85,-76.85,0,10.62
532060,434,434.03,-78.9,-78.9,0,10.62
532065,438,437.78,-80.91,-80.91,0,10.62
532070,434,433.96,-82.84,-82.84,0,10.62
532075,435,435.22,-84.69,-84.69,0,10.62
532080,433,433.05,-86.44,-86.44,0,10.62
532085,432,431.78,-88.05,-88.05,0,10.62
532090,437,436.94,-89.52,-89.52,0,10.62
532095,432,432.22,-90.81,-90.81,0,10.62
532100,434,434.07,-91.91,-91.91,0,10.62
532105,435,434.78,-92.77,-92.77,0,10.62
532110,434,433.93,-93.38,-93.34,0,10.62
532115,433,433.22,-93.7,-93.34,0,10.62
532120,435,435.07,-93.7,-93.34,0,10.62
532125,434,433.78,-93.34,-93.34,0,10.62
532130,433,432.92,-92.6,-92.6,0,10.62
532135,435,435.22,-91.43,-91.43,0,10.62
532140,424,424.08,-89.81,-89.81,0,10.62
532145,435,434.78,-87.69,-87.69,0,10.62
532150,435,434.93,-85.03,-85.03,0,10.62
532155,434,434.22,-81.82,-81.82,0,10.62
532160,437,437.05,-78.01,-78.01,0,10.62
532165,437,436.79,-73.58,-73.58,0,10.62
532170,436,435.96,-68.51,-68.51,0,10.62
532175,435,435.21,-62.76,-62.76,0,10.62
532180,435,435.02,-56.32,-56.32,0,10.62
532185,435,434.8,-49.19,-49.19,0,10.62
532190,434,434.0,-41.36,-41.36,0,10.62
532195,435,435.2,-32.83,-32.83,0,10.62
532200,436,435.99,-23.63,-23.63,0,10.62
532205,439,438.81,-13.76,-13.76,0,10.62
532210,446,446.03,-3.28,-3.28,0,10.62
532215,453,453.19,7.76,7.76,0,10.62
532220,466,465.96,19.31,19.31,0,10.62
532225,479,478.82,31.29,31.29,0,10.62
532230,498,498.06,43.6,43.6,0,10.62
532235,523,523.18,56.15,56.15,0,10.62
532240,545,544.93,68.83,68.83,0,10.62
532245,570,569.81,81.5,81.5,0,10.62
532250,596,596.09,94.06,94.06,0,10.62
532255,626,626.2,106.36,106.36,0,10.62
532260,651,650.9,118.28,118.28,0,10.62
532265,673,672.79,129.69,129.69,0,10.62
532270,694,694.1,140.47,140.47,0,10.62
532275,711,711.22,150.51,150.51,0,10.62
532280,727,726.89,159.69,159.69,0,10.62
532285,741,740.76,167.93,167.93,0,10.62
532290,748,748.11,175.15,175.15,0,10.62
532295,756,756.25,181.27,181.27,0,10.62
532300,759,758.88,186.25,186.25,0,10.62
532305,761,760.74,190.06,190.06,0,10.62
532310,760,760.13,192.66,192.66,0,10.62
532315,756,756.27,194.06,192.66,0,10.62
532320,750,749.86,194.26,192.66,0,10.62
532325,742,741.71,193.28,192.66,0,10.62
532330,734,734.14,191.16,191.16,0,10.62
532335,723,723.3,187.95,187.95,0,10.62
532340,711,710.84,183.7,183.7,0,10.62
532345,701,700.69,178.48,178.48,0,10.62
532350,688,688.17,172.35,172.35,0,10.62
532355,675,675.33,165.4,165.4,0,10.62
532360,663,662.82,157.71,157.71,0,10.62
532365,654,653.66,149.36,149.36,0,10.62
532370,641,641.2,140.45,140.45,0,10.62
532375,629,629.35,131.05,131.05,0,10.62
532380,617,616.78,121.27,121.27,0,10.62
532385,602,601.64,111.18,111.18,0,10.62
532390,594,594.24,100.87,100.87,0,10.62
532395,583,583.38,90.44,90.44,0,10.62
532400,575,574.74,79.95,79.95,0,10.62
532405,564,563.6,69.49,69.49,0,10.62
532410,555,555.28,59.13,59.13,0,10.62
532415,548,548.42,48.95,48.95,0,10.62
532420,536,535.7,38.99,38.99,0,10.62
532425,525,524.55,29.34,29.34,0,10.62
532430,514,514.31,20.04,20.04,0,10.62
532435,505,505.48,11.15,11.15,0,10.62
532440,494,493.67,2.7,2.7,0,10.62
532445,485,484.49,-5.25,-5.25,0,10.62
532450,476,476.35,-12.67,-12.67,0,10.62
532455,468,468.55,-19.54,-19.54,0,10.62
532460,461,460.63,-25.84,-25.84,0,10.62
532465,473,472.43,-31.55,-31.55,0,10.62
532470,452,452.39,-36.67,-36.67,0,10.62
532475,447,447.58,-41.2,-41.2,0,10.62
532480,446,445.59,-45.14,-45.14,0,10.62
532485,448,447.44,-48.52,-48.52,0,10.62
532490,446,446.44,-51.34,-51.34,0,10.62
532495,445,445.55,-53.64,-53.64,0,10.62
532500,448,447.53,-55.44,-55.44,0,10.62
532505,450,449.47,-56.78,-56.78,0,10.62
532510,451,451.49,-57.7,-57.7,0,10.62
532515,454,454.51,-58.24,-58.03,0,10.62
532520,455,454.48,-58.45,-58.03,0,10.62
532525,461,460.51,-58.36,-58.03,0,10.62
532530,464,464.56,-58.03,-58.03,0,10.62
532535,466,466.47,-57.51,-57.51,0,10.62
532540,470,469.4,-56.83,-56.83,0,10.62
532545,472,471.54,-56.04,-56.04,0,10.62
532550,475,475.64,-55.19,-55.19,0,10.62
532555,473,473.43,-54.32,-54.32,0,10.62
532560,478,477.32,-53.45,-53.45,0,10.62
532565,476,475.59,-52.63,-52.63,0,10.62
532570,477,477.72,-51.88,-51.88,0,10.62
532575,476,476.39,-51.22,-51.22,0,10.62
532580,479,478.24,-50.69,-50.69,0,10.62
532585,474,473.63,-50.29,-50.29,0,10.62
532590,473,473.8,-50.05,-50.29,0,10.62
532595,471,471.35,-49.97,-50.29,0,10.62
532600,487,486.18,-50.05,-50.29,0,10.62
532605,465,464.66,-50.31,-50.31,0,10.62
532610,463,463.83,-50.74,-50.74,0,10.62
532615,462,462.33,-51.34,-51.34,0,10.62
532620,460,459.18,-52.1,-52.1,0,10.62
532625,455,454.68,-53.02,-53.02,0,10.62
532630,452,452.81,-54.08,-54.08,0,10.62
532635,445,445.31,-55.27,-55.27,0,10.62
532640,460,459.21,-56.59,-56.59,0,10.62
532645,446,445.71,-58.03,-58.03,0,10.62
532651,444,444.75,-59.56,-59.56,0,10.62
532655,443,443.27,-61.19,-61.19,0,10.62
532660,440,439.29,-62.89,-62.89,0,10.62
532665,438,437.75,-64.65,-64.65,0,10.62
532670,436,436.67,-66.47,-66.47,0,10.62
532675,433,433.24,-68.32,-68.32,0,10.62
532680,433,432.36,-70.21,-70.21,0,10.62
532685,432,431.78,-72.11,-72.11,0,10.62
532690,431,431.6,-74.01,-74.01,0,10.62
532695,430,430.2,-75.92,-75.92,0,10.62
532700,430,429.43,-77.81,-77.81,0,10.62
532705,429,428.82,-79.68,-79.68,0,10.62
532710,427,427.54,-81.51,-81.51,0,10.62
532715,427,427.17,-83.3,-83.3,0,10.62
532720,428,427.5,-85.04,-85.04,0,10.62
532725,427,426.85,-86.72,-86.72,0,10.62
532730,427,427.47,-88.32,-88.32,0,10.62
532735,428,428.13,-89.84,-89.84,0,10.62
532740,426,425.57,-91.26,-91.26,0,10.62
532745,427,426.89,-92.56,-92.56,0,10.62
532750,427,427.4,-93.74,-93.74,0,10.62
532755,428,428.1,-94.77,-94.77,0,10.62
532760,428,427.63,-95.64,-95.64,0,10.62
532765,427,426.92,-96.32,-96.32,0,10.62
532770,429,429.34,-96.79,-96.74,0,10.62
532775,431,431.07,-97.04,-96.74,0,10.62
532780,431,430.69,-97.03,-96.74,0,10.62
532785,431,430.93,-96.74,-96.74,0,10.62
532790,432,432.29,-96.14,-96.14,0,10.62
532795,434,434.06,-95.19,-95.19,0,10.62
532800,433,432.74,-93.87,-93.87,0,10.62
532805,433,432.94,-92.15,-92.15,0,10.62
532810,433,433.23,-89.99,-89.99,0,10.62
532815,433,433.06,-87.35,-87.35,0,10.62
532820,435,434.8,-84.2,-84.2,0,10.62
532825,435,434.94,-80.51,-80.51,0,10.62
532830,435,435.17,-76.25,-76.25,0,10.62
532835,435,435.05,-71.39,-71.39,0,10.62
532840,434,433.85,-65.9,-65.9,0,10.62
532845,436,435.95,-59.77,-59.77,0,10.62
532850,435,435.12,-52.97,-52.97,0,10.62
532855,434,434.05,-45.5,-45.5,0,10.62
532860,434,433.9,-37.36,-37.36,0,10.62
532865,436,435.96,-28.54,-28.54,0,10.62
532870,438,438.08,-19.07,-19.07,0,10.62
532875,442,442.03,-8.98,-8.98,0,10.62
532880,448,447.95,1.7,1.7,0,10.62
532885,456,455.98,12.91,12.91,0,10.62
532890,468,468.03,24.59,24.59,0,10.62
532895,485,485.02,36.65,36.65,0,10.62
532900,504,504.0,49.02,49.02,0,10.62
532905,526,525.99,61.58,61.58,0,10.62
532910,553,552.99,74.22,74.22,0,10.62
532915,579,579.01,86.83,86.83,0,10.62
532920,606,606.04,99.27,99.27,0,10.62
532925,632,631.99,111.42,111.42,0,10.62
532930,657,656.94,123.15,123.15,0,10.62
532935,677,677.01,134.34,134.34,0,10.62
532940,697,697.08,144.86,144.86,0,10.62
532945,719,719.0,154.61,154.61,0,10.62
532950,732,731.9,163.49,163.49,0,10.62
532955,740,739.98,171.4,171.4,0,10.62
532960,752,752.11,178.28,178.28,0,10.62
532965,758,758.03,184.05,184.05,0,10.62
532971,761,760.87,188.68,188.68,0,10.62
532975,756,755.94,192.14,192.14,0,10.62
532980,758,758.14,194.4,194.1,0,10.62
532985,751,751.09,195.47,194.1,0,10.62
532990,742,741.85,195.37,194.1,0,10.62
532995,740,739.88,194.1,194.1,0,10.62
533000,725,725.17,191.73,191.73,0,10.62
533005,719,719.15,188.28,188.28,0,10.62
533010,710,709.81,183.83,183.83,0,10.62
533015,695,694.82,178.43,178.43,0,10.62
533020,683,683.2,172.16,172.16,0,10.62
533025,671,671.21,165.09,165.09,0,10.62
533030,659,658.79,157.31,157.31,0,10.62
533035,647,646.76,148.9,148.9,0,10.62
533040,636,636.22,139.95,139.95,0,10.62
533045,624,624.27,130.54,130.54,0,10.62
533050,613,612.77,120.76,120.76,0,10.62
533055,605,604.71,110.7,110.7,0,10.62
533060,593,593.25,100.43,100.43,0,10.62
533065,582,582.32,90.04,90.04,0,10.62
533070,575,574.74,79.61,79.61,0,10.62
533075,563,562.65,69.2,69.2,0,10.62
533080,554,554.27,58.9,58.9,0,10.62
533085,545,545.37,48.77,48.77,0,10.62
533090,535,534.72,38.88,38.88,0,10.62
533095,526,525.6,29.28,29.28,0,10.62
533100,514,514.29,20.03,20.03,0,10.62
533105,503,503.43,11.19,11.19,0,10.62
533110,494,493.7,2.78,2.78,0,10.62
533115,488,487.55,-5.13,-5.13,0,10.62
533120,475,475.31,-12.52,-12.52,0,10.62
533125,465,465.47,-19.37,-19.37,0,10.62
533130,462,461.68,-25.64,-25.64,0,10.62
533135,456,455.52,-31.33,-31.33,0,10.62
533140,451,451.33,-36.44,-36.44,0,10.62
533145,447,447.49,-40.95,-40.95,0,10.62
533150,444,443.66,-44.88,-44.88,0,10.62
533155,442,441.5,-48.23,-48.23,0,10.62
533160,442,442.36,-51.04,-51.04,0,10.62
533165,443,443.51,-53.32,-53.32,0,10.62
533170,448,447.64,-55.11,-55.11,0,10.62
533175,464,463.48,-56.44,-56.44,0,10.62
533180,446,446.37,-57.34,-57.34,0,10.62
533185,449,449.5,-57.87,-57.59,0,10.62
533190,454,453.63,-58.06,-57.59,0,10.62
533195,456,455.54,-57.95,-57.59,0,10.62
533200,458,458.36,-57.59,-57.59,0,10.62
533205,462,462.43,-57.03,-57.03,0,10.62
533210,466,465.64,-56.31,-56.31,0,10.62
533215,468,467.6,-55.46,-55.46,0,10.62
533220,470,470.35,-54.55,-54.55,0,10.62
533225,473,473.36,-53.6,-53.6,0,10.62
533230,472,471.65,-52.64,-52.64,0,10.62
533235,473,472.66,-51.73,-51.73,0,10.62
533240,473,473.34,-50.87,-50.87,0,10.62
533245,473,473.31,-50.11,-50.11,0,10.62
533250,474,473.66,-49.46,-49.46,0,10.62
533255,474,473.72,-48.95,-48.95,0,10.62
533260,472,472.34,-48.58,-48.58,0,10.62
533265,472,472.25,-48.37,-48.58,0,10.62
533270,470,469.67,-48.34,-48.58,0,10.62
533275,468,467.77,-48.48,-48.58,0,10.62
533280,464,464.33,-48.8,-48.8,0,10.62
533285,462,462.2,-49.3,-49.3,0,10.62
533290,459,458.68,-49.97,-49.97,0,10.62
533295,455,454.82,-50.81,-50.81,0,10.62
533300,455,455.32,-51.81,-51.81,0,10.62
533305,452,452.16,-52.97,-52.97,0,10.62
533310,450,449.68,-54.27,-54.27,0,10.62
533315,447,446.87,-55.71,-55.71,0,10.62
533320,447,447.32,-57.27,-57.27,0,10.62
533325,444,444.12,-58.94,-58.94,0,10.62
533330,446,445.68,-60.71,-60.71,0,10.62
533335,437,436.9,-62.57,-62.57,0,10.62
533340,437,437.31,-64.49,-64.49,0,10.62
533345,437,437.09,-66.48,-66.48,0,10.62
533350,435,434.69,-68.51,-68.51,0,10.62
533355,434,433.92,-70.57,-70.57,0,10.62
533360,432,432.3,-72.64,-72.64,0,10.62
533365,431,431.07,-74.72,-74.72,0,10.62
533370,430,429.71,-76.79,-76.79,0,10.62
533375,429,428.93,-78.82,-78.82,0,10.62
533380,430,430.28,-80.81,-80.81,0,10.62
533385,428,428.06,-82.75,-82.75,0,10.62
533390,430,429.72,-84.6,-84.6,0,10.62
533395,429,428.95,-86.36,-86.36,0,10.62
533400,428,428.27,-88.01,-88.01,0,10.62
533405,429,429.04,-89.52,-89.52,0,10.62
533410,425,424.73,-90.88,-90.88,0,10.62
533415,426,425.97,-92.06,-92.06,0,10.62
533420,427,427.27,-93.04,-93.04,0,10.62
533425,429,429.03,-93.79,-93.79,0,10.62
533430,427,426.73,-94.29,-93.97,0,10.62
533435,425,424.97,-94.5,-93.97,0,10.62
533440,428,428.27,-94.41,-93.97,0,10.62
533445,427,427.04,-93.97,-93.97,0,10.62
533450,428,427.72,-93.16,-93.16,0,10.62
533455,430,429.95,-91.95,-91.95,0,10.62
533460,428,428.28,-90.3,-90.3,0,10.62
533465,429,429.05,-88.18,-88.18,0,10.62
533470,431,430.72,-85.57,-85.57,0,10.62
533475,430,429.95,-82.43,-82.43,0,10.62
533480,430,430.29,-78.73,-78.73,0,10.62
533485,431,431.05,-74.44,-74.44,0,10.62
533490,432,431.71,-69.55,-69.55,0,10.62
533495,434,433.95,-64.03,-64.03,0,10.62
533500,432,432.29,-57.87,-57.87,0,10.62
533505,430,430.05,-51.06,-51.06,0,10.62
533510,431,430.71,-43.58,-43.58,0,10.62
533515,431,430.96,-35.46,-35.46,0,10.62
533520,432,432.29,-26.7,-26.7,0,10.62
533525,435,435.04,-17.32,-17.32,0,10.62
533530,440,439.71,-7.37,-7.37,0,10.62
533535,447,446.97,3.12,3.12,0,10.62
533540,457,457.3,14.09,14.09,0,10.62
533545,469,469.02,25.45,25.45,0,10.62
533550,488,487.7,37.14,37.14,0,10.62
533555,507,506.99,49.04,49.04,0,10.62
533560,532,532.31,61.06,61.06,0,10.62
533565,555,555.0,73.09,73.09,0,10.62
533570,581,580.69,84.99,84.99,0,10.62
533575,608,608.01,96.65,96.65,0,10.62
533580,630,630.32,107.93,107.93,0,10.62
533585,654,653.97,118.73,118.73,0,10.62
533590,676,675.67,128.91,128.91,0,10.62
533595,693,693.04,138.37,138.37,0,10.62
533600,710,710.33,147.0,147.0,0,10.62
533605,721,720.94,154.72,154.72,0,10.62
533610,730,729.66,161.43,161.43,0,10.62
533615,736,736.07,167.09,167.09,0,10.62
533620,741,741.35,171.64,171.64,0,10.62
533625,747,746.92,175.04,175.04,0,10.62
533630,737,736.64,177.27,177.02,0,10.62
533635,734,734.07,178.34,177.02,0,10.62
533640,731,731.38,178.25,177.02,0,10.62
533645,724,723.93,177.02,177.02,0,10.62
533650,711,710.59,174.7,174.7,0,10.62
533655,702,702.06,171.32,171.32,0,10.62
533660,690,690.44,166.95,166.95,0,10.62
533665,680,679.96,161.65,161.65,0,10.62
533670,667,666.53,155.5,155.5,0,10.62
533675,656,656.03,148.57,148.57,0,10.62
533680,641,641.5,140.95,140.95,0,10.62
533685,629,628.98,132.73,132.73,0,10.62
533690,618,617.47,124.0,124.0,0,10.62
533695,606,606.01,114.83,114.83,0,10.62
533700,594,594.56,105.34,105.34,0,10.62
533705,585,585.0,95.59,95.59,0,10.62
533710,575,574.41,85.68,85.68,0,10.62
533715,565,564.99,75.69,75.69,0,10.62
533720,554,554.62,65.7,65.7,0,10.62
533725,545,545.02,55.79,55.79,0,10.62
533730,534,533.35,46.03,46.03,0,10.62
533735,527,526.97,36.49,36.49,0,10.62
533740,517,517.68,27.23,27.23,0,10.62
533745,508,508.04,18.31,18.31,0,10.62
533750,508,507.29,9.79,9.79,0,10.62
533755,488,487.95,1.72,1.72,0,10.62
533760,473,473.73,-5.87,-5.87,0,10.62
533765,471,471.06,-12.93,-12.93,0,10.62
533770,463,462.27,-19.43,-19.43,0,10.62
533775,463,462.93,-25.36,-25.36,0,10.62
533780,451,451.73,-30.7,-30.7,0,10.62
533785,447,447.07,-35.43,-35.43,0,10.62
533790,443,442.27,-39.56,-39.56,0,10.62
533795,440,439.94,-43.09,-43.09,0,10.62
533800,439,439.73,-46.03,-46.03,0,10.62
533805,440,440.06,-48.42,-48.42,0,10.62
533810,442,441.27,-50.26,-50.26,0,10.62
533815,443,442.94,-51.6,-51.6,0,10.62
533820,446,446.74,-52.46,-52.46,0,10.62
533825,449,449.06,-52.9,-52.46,0,10.62
533830,454,453.26,-52.96,-52.46,0,10.62
533835,458,457.95,-52.69,-52.46,0,10.62
533840,461,461.74,-52.13,-52.13,0,10.62
533845,465,465.05,-51.33,-51.33,0,10.62
533850,469,468.25,-50.35,-50.35,0,10.62
533855,473,472.95,-49.23,-49.23,0,10.62
533860,474,474.76,-48.02,-48.02,0,10.62
533865,476,476.04,-46.77,-46.77,0,10.62
533870,479,478.24,-45.52,-45.52,0,10.62
533875,480,479.97,-44.31,-44.31,0,10.62
533880,481,481.77,-43.17,-43.17,0,10.62
533885,481,481.02,-42.14,-42.14,0,10.62
533890,481,480.22,-41.25,-41.25,0,10.62
533895,482,481.99,-40.52,-40.52,0,10.62
533900,480,480.8,-39.96,-39.96,0,10.62
533905,479,479.0,-39.61,-39.84,0,10.62
533910,477,476.19,-39.47,-39.84,0,10.62
533915,475,475.02,-39.54,-39.84,0,10.62
533920,473,473.83,-39.84,-39.84,0,10.62
533925,471,470.97,-40.37,-40.37,0,10.62
533930,491,490.16,-41.12,-41.12,0,10.62
533935,467,467.04,-42.1,-42.1,0,10.62
533940,463,463.81,-43.28,-43.28,0,10.62
533945,462,461.95,-44.67,-44.67,0,10.62
533950,459,458.23,-46.25,-46.25,0,10.62
533955,455,455.06,-48.0,-48.0,0,10.62
533960,453,453.73,-49.91,-49.91,0,10.62
533965,449,448.92,-51.95,-51.95,0,10.62
533970,449,448.3,-54.12,-54.12,0,10.62
533975,446,446.09,-56.39,-56.39,0,10.62
533980,443,443.66,-58.73,-58.73,0,10.62
533985,443,442.9,-61.14,-61.14,0,10.62
533990,440,439.38,-63.58,-63.58,0,10.62
533995,439,439.12,-66.04,-66.04,0,10.62
534000,437,437.59,-68.5,-68.5,0,10.62
534005,437,436.87,-70.93,-70.93,0,10.62
534010,435,434.44,-73.31,-73.31,0,10.62
534015,435,435.14,-75.61,-75.61,0,10.62
534020,433,433.52,-77.82,-77.82,0,10.62
534025,433,432.84,-79.9,-79.9,0,10.62
534030,431,430.51,-81.83,-81.83,0,10.62
534035,429,429.17,-83.59,-83.59,0,10.62
534040,432,432.46,-85.15,-85.15,0,10.62
534045,431,430.82,-86.48,-86.48,0,10.62
534050,431,430.56,-87.55,-87.55,0,10.62
534055,431,431.18,-88.34,-88.34,0,10.62
534060,432,432.42,-88.81,-88.34,0,10.62
534065,430,429.81,-88.93,-88.34,0,10.62
534070,429,428.6,-88.67,-88.34,0,10.62
534075,431,431.2,-88.0,-88.0,0,10.62
534080,430,430.38,-86.89,-86.89,0,10.62
534085,431,430.78,-85.31,-85.31,0,10.62
534090,432,431.63,-83.22,-83.22,0,10.62
534095,430,430.23,-80.61,-80.61,0,10.62
534100,432,432.35,-77.43,-77.43,0,10.62
534105,430,429.76,-73.66,-73.66,0,10.62
534110,431,430.66,-69.29,-69.29,0,10.62
534115,431,431.25,-64.3,-64.3,0,10.62
534120,432,432.33,-58.66,-58.66,0,10.62
534125,431,430.73,-52.38,-52.38,0,10.62
534130,432,431.68,-45.44,-45.44,0,10.62
534135,432,432.28,-37.87,-37.87,0,10.62
534140,432,432.31,-29.66,-29.66,0,10.62
534145,436,435.7,-20.85,-20.85,0,10.62
534150,439,438.7,-11.47,-11.47,0,10.62
534155,445,445.32,-1.56,-1.56,0,10.62
534160,453,453.3,8.81,8.81,0,10.62
534165,488,487.69,19.58,19.58,0,10.62
534170,483,482.72,30.67,30.67,0,10.62
534175,498,498.29,41.98,41.98,0,10.62
534180,520,520.27,53.42,53.42,0,10.62
534185,540,539.76,64.87,64.87,0,10.62
534190,567,566.75,76.22,76.22,0,10.62
534195,592,592.2,87.35,87.35,0,10.62
534200,616,616.23,98.13,98.13,0,10.62
534205,641,640.83,108.45,108.45,0,10.62
534210,661,660.78,118.19,118.19,0,10.62
534215,686,686.13,127.23,127.23,0,10.62
534220,696,696.2,135.48,135.48,0,10.62
534225,708,707.89,142.83,142.83,0,10.62
534230,718,717.8,149.22,149.22,0,10.62
534235,724,724.08,154.57,154.57,0,10.62
534240,730,730.18,158.84,158.84,0,10.62
534245,730,729.94,161.98,161.98,0,10.62
534250,729,728.82,163.98,163.12,0,10.62
534255,726,726.04,164.83,163.12,0,10.62
534260,721,721.17,164.54,163.12,0,10.62
534265,702,701.98,163.12,163.12,0,10.62
534270,703,702.84,160.63,160.63,0,10.62
534275,692,692.02,157.09,157.09,0,10.62
534280,684,684.16,152.57,152.57,0,10.62
534285,669,668.97,147.14,147.14,0,10.62
534290,659,658.84,140.86,140.86,0,10.62
534295,645,645.03,133.81,133.81,0,10.62
534300,632,632.16,126.09,126.09,0,10.62
534305,620,619.96,117.77,117.77,0,10.62
534310,605,604.84,108.95,108.95,0,10.62
534315,596,596.05,99.72,99.72,0,10.62
534320,586,586.17,90.17,90.17,0,10.62
534325,564,563.94,80.39,80.39,0,10.62
534330,563,562.82,70.48,70.48,0,10.62
534335,553,553.09,60.51,60.51,0,10.62
534340,542,542.19,50.57,50.57,0,10.62
534345,533,532.88,40.74,40.74,0,10.62
534350,527,526.8,31.1,31.1,0,10.62
534355,513,513.16,21.71,21.71,0,10.62
534360,500,500.2,12.64,12.64,0,10.62
534365,492,491.81,3.95,3.95,0,10.62
534370,482,481.8,-4.3,-4.3,0,10.62
534375,472,472.23,-12.06,-12.06,0,10.62
534380,465,465.2,-19.29,-19.29,0,10.62
534385,456,455.73,-25.95,-25.95,0,10.62
534390,450,449.81,-32.03,-32.03,0,10.62
534395,443,443.3,-37.5,-37.5,0,10.62
534400,441,441.19,-42.34,-42.34,0,10.62
534405,438,437.66,-46.57,-46.57,0,10.62
534410,436,435.81,-50.17,-50.17,0,10.62
534415,433,433.37,-53.16,-53.16,0,10.62
534420,436,436.19,-55.57,-55.57,0,10.62
534425,438,437.6,-57.42,-57.42,0,10.62
534430,439,438.81,-58.74,-58.74,0,10.62
534435,436,436.42,-59.57,-59.56,0,10.62
534440,445,445.2,-59.95,-59.56,0,10.62
534445,453,452.57,-59.93,-59.56,0,10.62
534450,454,453.8,-59.56,-59.56,0,10.62
534455,460,460.44,-58.89,-58.89,0,10.62
534460,463,463.2,-57.97,-57.97,0,10.62
534465,468,467.55,-56.86,-56.86,0,10.62
534470,471,470.79,-55.6,-55.6,0,10.62
534475,473,473.45,-54.25,-54.25,0,10.62
534480,475,475.21,-52.85,-52.85,0,10.62
534485,480,479.54,-51.45,-51.45,0,10.62
534490,480,479.79,-50.08,-50.08,0,10.62
534495,480,480.46,-48.79,-48.79,0,10.62
534500,481,481.21,-47.61,-47.61,0,10.62
534505,481,480.53,-46.56,-46.56,0,10.62
534510,482,481.79,-45.68,-45.68,0,10.62
534515,482,482.47,-44.99,-44.99,0,10.62
534520,479,479.21,-44.5,-44.5,0,10.62
534525,478,477.52,-44.23,-44.5,0,10.62
534530,476,475.8,-44.18,-44.5,0,10.62
534535,476,476.49,-44.36,-44.5,0,10.62
534540,474,474.2,-44.77,-44.77,0,10.62
534545,474,473.49,-45.42,-45.42,0,10.62
534550,471,470.8,-46.3,-46.3,0,10.62
534555,465,465.52,-47.39,-47.39,0,10.62
534560,464,464.2,-48.7,-48.7,0,10.62
534565,460,459.47,-50.2,-50.2,0,10.62
534570,458,457.8,-51.89,-51.89,0,10.62
534575,454,454.54,-53.74,-53.74,0,10.62
534580,453,453.2,-55.75,-55.75,0,10.62
534585,451,450.46,-57.89,-57.89,0,10.62
534590,448,447.8,-60.14,-60.14,0,10.62
534595,446,446.55,-62.49,-62.49,0,10.62
534600,445,445.2,-64.91,-64.91,0,10.62
534605,450,449.44,-67.39,-67.39,0,10.62
534610,442,441.8,-69.89,-69.89,0,10.62
534615,439,439.55,-72.4,-72.4,0,10.62
534620,438,438.21,-74.9,-74.9,0,10.62
534625,437,436.46,-77.35,-77.35,0,10.62
534630,435,434.79,-79.74,-79.74,0,10.62
534635,435,435.54,-82.03,-82.03,0,10.62
534640,433,433.21,-84.21,-84.21,0,10.62
534645,433,432.47,-86.23,-86.23,0,10.62
534650,433,432.78,-88.09,-88.09,0,10.62
534655,434,434.53,-89.74,-89.74,0,10.62
534660,432,432.22,-91.16,-91.16,0,10.62
534665,433,432.47,-92.32,-92.32,0,10.62
534670,430,429.78,-93.19,-93.19,0,10.62
534675,434,434.53,-93.73,-93.19,0,10.62
534680,432,432.23,-93.91,-93.19,0,10.62
534685,433,432.46,-93.71,-93.19,0,10.62
534690,434,433.76,-93.09,-93.09,0,10.62
534695,433,433.54,-92.01,-92.01,0,10.62
534700,434,434.24,-90.44,-90.44,0,10.62
534705,445,444.45,-88.35,-88.35,0,10.62
534710,435,434.75,-85.71,-85.71,0,10.62
534715,435,435.53,-82.48,-82.48,0,10.62
534720,434,434.26,-78.65,-78.65,0,10.62
534725,435,434.48,-74.17,-74.17,0,10.62
534730,435,434.74,-69.03,-69.03,0,10.62
534735,437,437.5,-63.22,-63.22,0,10.62
534740,432,432.27,-56.71,-56.71,0,10.62
534745,436,435.51,-49.5,-49.5,0,10.62
534750,434,433.73,-41.6,-41.6,0,10.62
534755,433,433.48,-33.01,-33.01,0,10.62
534760,430,430.27,-23.76,-23.76,0,10.62
534765,442,441.54,-13.88,-13.88,0,10.62
534770,449,448.75,-3.4,-3.4,0,10.62
534775,459,459.45,7.6,7.6,0,10.62
534780,472,472.24,19.05,19.05,0,10.62
534785,489,488.57,30.89,30.89,0,10.62
534790,508,507.79,43.0,43.0,0,10.62
534795,528,528.42,55.28,55.28,0,10.62
534800,556,556.2,67.63,67.63,0,10.62
534805,583,582.61,79.91,79.91,0,10.62
534810,610,609.82,92.0,92.0,0,10.62
534815,634,634.37,103.77,103.77,0,10.62
534820,663,663.17,115.1,115.1,0,10.62
534825,680,679.65,125.86,125.86,0,10.62
534830,699,698.84,135.94,135.94,0,10.62
534835,716,716.33,145.23,145.23,0,10.62
534840,728,728.15,153.64,153.64,0,10.62
534845,738,737.69,161.08,161.08,0,10.62
534850,745,744.85,167.48,167.48,0,10.62
534855,750,750.29,172.8,172.8,0,10.62
534860,751,751.14,176.98,176.98,0,10.62
534865,754,753.72,180.01,180.01,0,10.62
534870,748,747.86,181.87,180.57,0,10.62
534875,743,743.25,182.57,180.57,0,10.62
534880,738,738.14,182.13,180.57,0,10.62
534885,727,726.77,180.57,180.57,0,10.62
534890,718,717.86,177.94,177.94,0,10.62
534895,709,709.21,174.29,174.29,0,10.62
534900,696,696.14,169.67,169.67,0,10.62
534905,687,686.8,164.16,164.16,0,10.62
534910,676,675.86,157.83,157.83,0,10.62
534915,663,663.18,150.75,150.75,0,10.62
534920,653,653.14,143.02,143.02,0,10.62
534925,643,642.84,134.7,134.7,0,10.62
534930,633,632.87,125.9,125.9,0,10.62
534935,621,621.14,116.69,116.69,0,10.62
534940,609,609.13,107.16,107.16,0,10.62
534945,601,600.89,97.39,97.39,0,10.62
534950,590,589.88,87.47,87.47,0,10.62
534955,583,583.09,77.48,77.48,0,10.62
534960,572,572.11,67.5,67.5,0,10.62
534965,561,560.92,57.6,57.6,0,10.62
534970,549,548.89,47.86,47.86,0,10.62
534975,540,540.06,38.34,38.34,0,10.62
534980,529,529.1,29.1,29.1,0,10.62
534985,519,518.96,20.21,20.21,0,10.62
534990,510,509.9,11.72,11.72,0,10.62
534995,500,500.03,3.67,3.67,0,10.62
535000,490,490.1,-3.89,-3.89,0,10.62
535005,482,481.99,-10.93,-10.93,0,10.62
535010,475,474.91,-17.43,-17.43,0,10.62
535015,469,469.0,-23.35,-23.35,0,10.62
535020,462,462.09,-28.7,-28.7,0,10.62
535025,460,460.01,-33.46,-33.46,0,10.62
535030,458,457.92,-37.64,-37.64,0,10.62
535035,456,455.98,-41.24,-41.24,0,10.62
535040,456,456.07,-44.3,-44.3,0,10.62
535045,456,456.04,-46.82,-46.82,0,10.62
535050,459,458.94,-48.85,-48.85,0,10.62
535055,462,461.95,-50.4,-50.4,0,10.62
535060,464,464.05,-51.53,-51.53,0,10.62
535065,465,465.06,-52.28,-52.28,0,10.62
535070,469,468.96,-52.69,-52.35,0,10.62
535075,473,472.94,-52.8,-52.35,0,10.62
535080,476,476.03,-52.67,-52.35,0,10.62
535085,480,480.07,-52.35,-52.35,0,10.62
535090,482,481.98,-51.87,-51.87,0,10.62
535095,485,484.93,-51.29,-51.29,0,10.62
535100,475,475.0,-50.65,-50.65,0,10.62
535105,489,489.08,-50.0,-50.0,0,10.62
535110,488,488.03,-49.36,-49.36,0,10.62
535115,490,489.91,-48.78,-48.78,0,10.62
535120,489,488.93,-48.28,-48.28,0,10.62
535125,489,489.09,-47.9,-47.9,0,10.62
535130,467,467.09,-47.66,-47.9,0,10.62
535135,487,486.9,-47.59,-47.9,0,10.62
535140,487,486.91,-47.69,-47.9,0,10.62
535145,479,479.1,-47.98,-47.98,0,10.62
535150,480,480.06,-48.48,-48.48,0,10.62
535155,480,479.9,-49.19,-49.19,0,10.62
535160,477,476.96,-50.12,-50.12,0,10.62
535165,475,475.09,-51.26,-51.26,0,10.62
535170,471,471.01,-52.61,-52.61,0,10.62
535175,469,468.91,-54.18,-54.18,0,10.62
535180,466,466.02,-55.94,-55.94,0,10.62
535185,463,463.08,-57.9,-57.9,0,10.62
535190,460,459.95,-60.03,-60.03,0,10.62
535195,455,454.92,-62.32,-62.32,0,10.62
535200,453,453.08,-64.76,-64.76,0,10.62
535205,450,450.08,-67.32,-67.32,0,10.62
535210,447,446.89,-69.99,-69.99,0,10.62
535215,444,443.92,-72.75,-72.75,0,10.62
535220,442,442.14,-75.58,-75.58,0,10.62
535225,442,442.08,-78.44,-78.44,0,10.62
535230,438,437.83,-81.33,-81.33,0,10.62
535235,437,436.91,-84.21,-84.21,0,10.62
535240,434,434.2,-87.05,-87.05,0,10.62
535245,432,432.09,-89.85,-89.85,0,10.62
535250,431,430.78,-92.55,-92.55,0,10.62
535255,430,429.9,-95.15,-95.15,0,10.62
535260,424,424.25,-97.61,-97.61,0,10.62
535265,429,429.1,-99.89,-99.89,0,10.62
535270,429,428.73,-101.98,-101.98,0,10.62
535275,427,426.89,-103.83,-103.83,0,10.62
535280,427,427.29,-105.42,-105.42,0,10.62
535285,431,431.12,-106.71,-106.71,0,10.62
535290,426,425.7,-107.66,-107.66,0,10.62
535295,429,428.87,-108.25,-107.66,0,10.62
535300,424,424.32,-108.43,-107.66,0,10.62
535305,429,429.15,-108.17,-107.66,0,10.62
535310,427,426.67,-107.42,-107.42,0,10.62
535315,426,425.83,-106.15,-106.15,0,10.62
535320,423,423.34,-104.32,-104.32,0,10.62
535325,425,425.19,-101.89,-101.89,0,10.62
535330,424,423.65,-98.83,-98.83,0,10.62
535335,424,423.79,-95.1,-95.1,0,10.62
535340,423,423.35,-90.67,-90.67,0,10.62
535345,423,423.23,-85.51,-85.51,0,10.62
535350,422,421.64,-79.6,-79.6,0,10.62
535355,424,423.75,-72.93,-72.93,0,10.62
535360,423,423.37,-65.48,-65.48,0,10.62
535365,423,423.27,-57.25,-57.25,0,10.62
535370,426,425.62,-48.26,-48.26,0,10.62
535375,427,426.71,-38.52,-38.52,0,10.62
535380,431,431.39,-28.06,-28.06,0,10.62
535385,437,437.31,-16.92,-16.92,0,10.62
535390,446,445.6,-5.16,-5.16,0,10.62
535395,460,459.67,7.15,7.15,0,10.62
535400,477,477.42,19.93,19.93,0,10.62
535405,489,489.34,33.08,33.08,0,10.62
535410,522,521.57,46.5,46.5,0,10.62
535415,546,545.65,60.06,60.06,0,10.62
535420,573,573.44,73.63,73.63,0,10.62
535425,602,602.35,87.09,87.09,0,10.62
535430,627,626.54,100.3,100.3,0,10.62
535435,654,653.65,113.11,113.11,0,10.62
535440,677,677.47,125.41,125.41,0,10.62
535445,699,699.35,137.06,137.06,0,10.62
535450,719,718.51,147.94,147.94,0,10.62
535455,735,734.64,157.94,157.94,0,10.62
535460,746,746.5,166.96,166.96,0,10.62
535465,757,757.36,174.93,174.93,0,10.62
535470,764,763.48,181.76,181.76,0,10.62
535475,778,777.64,187.41,187.41,0,10.62
535480,770,770.53,191.83,191.83,0,10.62
535485,768,768.34,195.01,195.01,0,10.62
535490,764,763.45,196.94,195.36,0,10.62
535495,757,756.67,197.62,195.36,0,10.62
535500,750,750.57,197.08,195.36,0,10.62
535505,743,743.31,195.36,195.36,0,10.62
535510,732,731.41,192.49,192.49,0,10.62
535515,723,722.71,188.53,188.53,0,10.62
535520,709,709.61,183.56,183.56,0,10.62
535525,698,698.28,177.63,177.63,0,10.62
535530,687,686.37,170.82,170.82,0,10.62
535535,676,675.74,163.23,163.23,0,10.62
535540,663,663.65,154.92,154.92,0,10.62
535545,653,653.24,146.0,146.0,0,10.62
535550,643,642.33,136.55,136.55,0,10.62
535555,632,631.77,126.66,126.66,0,10.62
535560,614,614.68,116.42,116.42,0,10.62
535565,609,609.21,105.91,105.91,0,10.62
535570,598,597.31,95.22,95.22,0,10.62
535575,588,587.81,84.44,84.44,0,10.62
535580,568,568.69,73.65,73.65,0,10.62
535585,567,567.17,62.93,62.93,0,10.62
535590,558,557.32,52.34,52.34,0,10.62
535595,546,545.85,41.96,41.96,0,10.62
535600,534,534.66,31.86,31.86,0,10.62
535605,524,524.13,22.09,22.09,0,10.62
535610,513,512.36,12.72,12.72,0,10.62
535615,503,502.89,3.79,3.79,0,10.62
535620,491,491.63,-4.65,-4.65,0,10.62
535625,482,482.09,-12.55,-12.55,0,10.62
535630,475,474.39,-19.9,-19.9,0,10.62
535635,466,465.93,-26.66,-26.66,0,10.62
535640,458,458.59,-32.8,-32.8,0,10.62
535645,454,454.05,-38.33,-38.33,0,10.62
535650,449,448.44,-43.24,-43.24,0,10.62
535655,446,445.97,-47.53,-47.53,0,10.62
535660,443,443.54,-51.21,-51.21,0,10.62
535665,445,445.01,-54.3,-54.3,0,10.62
535670,445,444.48,-56.82,-56.82,0,10.62
535675,445,445.01,-58.8,-58.8,0,10.62
535680,447,447.5,-60.29,-60.29,0,10.62
535685,448,447.98,-61.32,-61.32,0,10.62
535690,453,452.53,-61.92,-61.72,0,10.62
535695,456,456.04,-62.16,-61.72,0,10.62
535700,458,458.45,-62.08,-61.72,0,10.62
535705,462,461.94,-61.72,-61.72,0,10.62
535710,466,465.57,-61.14,-61.14,0,10.62
535715,466,466.08,-60.39,-60.39,0,10.62
535720,471,471.4,-59.51,-59.51,0,10.62
535725,473,472.9,-58.55,-58.55,0,10.62
535730,473,472.62,-57.56,-57.56,0,10.62
535735,475,475.11,-56.58,-56.58,0,10.62
535740,477,477.36,-55.64,-55.64,0,10.62
535745,478,477.87,-54.78,-54.78,0,10.62
535750,479,478.65,-54.03,-54.03,0,10.62
535755,473,473.13,-53.42,-53.42,0,10.62
535760,475,475.33,-52.96,-52.96,0,10.62
535765,473,472.86,-52.69,-52.96,0,10.62
535770,473,472.69,-52.6,-52.96,0,10.62
535775,471,471.14,-52.72,-52.96,0,10.62
535780,468,468.28,-53.05,-53.05,0,10.62
535785,467,466.85,-53.59,-53.59,0,10.62
535790,461,460.74,-54.35,-54.35,0,10.62
535795,463,463.16,-55.32,-55.32,0,10.62
535800,462,462.25,-56.5,-56.5,0,10.62
535805,455,454.83,-57.87,-57.87,0,10.62
535810,457,456.76,-59.44,-59.44,0,10.62
535815,454,454.18,-61.18,-61.18,0,10.62
535820,452,452.24,-63.08,-63.08,0,10.62
535825,452,451.8,-65.12,-65.12,0,10.62
535830,446,445.77,-67.29,-67.29,0,10.62
535835,444,444.21,-69.57,-69.57,0,10.62
535840,442,442.22,-71.92,-71.92,0,10.62
535845,440,439.78,-74.33,-74.33,0,10.62
535850,439,438.78,-76.78,-76.78,0,10.62
535855,436,436.23,-79.22,-79.22,0,10.62
535860,434,434.22,-81.64,-81.64,0,10.62
535865,431,430.75,-84.0,-84.0,0,10.62
535870,430,429.79,-86.28,-86.28,0,10.62
535875,427,427.26,-88.44,-88.44,0,10.62
535880,428,428.21,-90.45,-90.45,0,10.62
535885,426,425.73,-92.27,-92.27,0,10.62
535890,426,425.8,-93.88,-93.88,0,10.62
535895,425,425.29,-95.23,-95.23,0,10.62
535900,424,424.2,-96.3,-96.3,0,10.62
535905,435,434.71,-97.04,-96.96,0,10.62
535910,423,422.8,-97.43,-96.96,0,10.62
535915,424,424.29,-97.41,-96.96,0,10.62
535920,424,424.2,-96.96,-96.96,0,10.62
535925,424,423.73,-96.04,-96.04,0,10.62
535930,425,424.8,-94.61,-94.61,0,10.62
535935,424,424.26,-92.63,-92.63,0,10.62
535940,425,425.2,-90.08,-90.08,0,10.62
535945,425,424.75,-86.91,-86.91,0,10.62
535950,425,424.8,-83.1,-83.1,0,10.62
535955,427,427.24,-78.63,-78.63,0,10.62
535960,423,423.2,-73.47,-73.47,0,10.62
535965,425,424.77,-67.6,-67.6,0,10.62
535970,427,426.81,-61.01,-61.01,0,10.62
535975,426,426.22,-53.7,-53.7,0,10.62
535980,427,427.19,-45.66,-45.66,0,10.62
535985,428,427.78,-36.92,-36.92,0,10.62
535990,429,428.82,-27.49,-27.49,0,10.62
535995,435,435.22,-17.41,-17.41,0,10.62
536000,441,441.18,-6.71,-6.71,0,10.62
536005,450,449.79,4.53,4.53,0,10.62
536010,462,461.82,16.26,16.26,0,10.62
536015,476,476.21,28.38,28.38,0,10.62
536020,495,495.18,40.81,40.81,0,10.62
536025,517,516.8,53.44,53.44,0,10.62
536030,539,538.82,66.15,66.15,0,10.62
536035,568,568.2,78.82,78.82,0,10.62
536040,595,595.18,91.32,91.32,0,10.62
536045,619,618.8,103.51,103.51,0,10.62
536050,643,642.81,115.27,115.27,0,10.62
536055,665,665.2,126.46,126.46,0,10.62
536060,687,687.2,136.96,136.96,0,10.62
536065,704,703.8,146.67,146.67,0,10.62
536070,731,730.79,155.46,155.46,0,10.62
536075,733,733.2,163.25,163.25,0,10.62
536080,741,741.2,169.96,169.96,0,10.62
536085,747,746.79,175.53,175.53,0,10.62
536090,749,748.81,179.91,179.91,0,10.62
536095,750,750.21,183.06,183.06,0,10.62
536100,748,748.17,184.97,183.33,0,10.62
536105,745,744.79,185.64,183.33,0,10.62
536110,737,736.84,185.09,183.33,0,10.62
536115,727,727.21,183.33,183.33,0,10.62
536120,718,718.14,180.41,180.41,0,10.62
536125,708,707.79,176.39,176.39,0,10.62
536130,695,694.87,171.33,171.33,0,10.62
536135,683,683.21,165.29,165.29,0,10.62
536140,670,670.12,158.36,158.36,0,10.62
536145,657,656.8,150.63,150.63,0,10.62
536150,643,642.89,142.18,142.18,0,10.62
536155,629,629.2,133.1,133.1,0,10.62
536160,616,616.1,123.5,123.5,0,10.62
536165,603,602.81,113.47,113.47,0,10.62
536170,590,589.91,103.1,103.1,0,10.62
536175,579,579.19,92.49,92.49,0,10.62
536180,569,569.08,81.73,81.73,0,10.62
536185,558,557.81,70.92,70.92,0,10.62
536190,545,544.92,60.13,60.13,0,10.62
536195,535,535.18,49.45,49.45,0,10.62
536200,525,525.07,38.95,38.95,0,10.62
536205,514,513.82,28.72,28.72,0,10.62
536210,502,501.93,18.82,18.82,0,10.62
536215,493,493.17,9.31,9.31,0,10.62
536220,481,481.07,0.25,0.25,0,10.62
536225,474,473.84,-8.32,-8.32,0,10.62
536230,465,464.93,-16.34,-16.34,0,10.62
536235,455,455.16,-23.79,-23.79,0,10.62
536240,448,448.07,-30.64,-30.64,0,10.62
536245,441,440.85,-36.86,-36.86,0,10.62
536250,438,437.94,-42.44,-42.44,0,10.62
536255,433,433.14,-47.38,-47.38,0,10.62
536260,431,431.06,-51.67,-51.67,0,10.62
536265,429,428.86,-55.34,-55.34,0,10.62
536270,430,429.95,-58.39,-58.39,0,10.62
536275,428,428.13,-60.86,-60.86,0,10.62
536280,430,430.04,-62.76,-62.76,0,10.62
536285,432,431.88,-64.13,-64.13,0,10.62
536290,433,432.97,-65.02,-65.02,0,10.62
536295,435,435.12,-65.46,-65.02,0,10.62
536300,442,442.03,-65.5,-65.02,0,10.62
536305,440,439.89,-65.18,-65.02,0,10.62
536310,446,445.97,-64.57,-64.57,0,10.62
536315,447,447.1,-63.71,-63.71,0,10.62
536320,449,449.02,-62.64,-62.64,0,10.62
536325,453,452.91,-61.42,-61.42,0,10.62
536330,457,456.98,-60.1,-60.1,0,10.62
536335,461,461.09,-58.73,-58.73,0,10.62
536340,463,463.01,-57.34,-57.34,0,10.62
536345,464,463.91,-55.99,-55.99,0,10.62
536350,463,462.99,-54.71,-54.71,0,10.62
536355,466,466.09,-53.53,-53.53,0,10.62
536360,467,467.01,-52.48,-52.48,0,10.62
536365,466,465.91,-51.6,-51.6,0,10.62
536370,466,465.99,-50.91,-50.91,0,10.62
536375,466,466.09,-50.42,-50.42,0,10.62
536380,465,465.02,-50.15,-50.42,0,10.62
536385,463,462.91,-50.1,-50.42,0,10.62
536390,462,461.98,-50.3,-50.42,0,10.62
536395,459,459.09,-50.73,-50.73,0,10.62
536400,457,457.02,-51.4,-51.4,0,10.62
536405,455,454.91,-52.31,-52.31,0,10.62
536410,452,451.97,-53.44,-53.44,0,10.62
536415,449,449.1,-54.78,-54.78,0,10.62
536420,447,447.03,-56.34,-56.34,0,10.62
536425,445,444.9,-58.08,-58.08,0,10.62
536430,442,441.97,-59.99,-59.99,0,10.62
536435,440,440.1,-62.06,-62.06,0,10.62
536440,438,438.04,-64.26,-64.26,0,10.62
536445,435,434.9,-66.57,-66.57,0,10.62
536450,434,433.96,-68.97,-68.97,0,10.62
536455,433,433.1,-71.43,-71.43,0,10.62
536460,429,429.05,-73.92,-73.92,0,10.62
536465,427,426.9,-76.43,-76.43,0,10.62
536470,425,424.95,-78.92,-78.92,0,10.62
536475,423,423.11,-81.35,-81.35,0,10.62
536480,419,419.05,-83.71,-83.71,0,10.62
536485,420,419.88,-85.96,-85.96,0,10.62
536490,418,417.95,-88.07,-88.07,0,10.62
536495,416,416.12,-90.0,-90.0,0,10.62
536500,415,415.05,-91.73,-91.73,0,10.62
536505,414,413.87,-93.22,-93.22,0,10.62
536510,414,413.95,-94.44,-94.44,0,10.62
536515,413,413.14,-95.36,-95.36,0,10.62
536520,412,412.04,-95.94,-95.37,0,10.62
536525,413,412.86,-96.16,-95.37,0,10.62
536530,411,410.96,-95.98,-95.37,0,10.62
536535,411,411.15,-95.37,-95.37,0,10.62
536540,414,414.04,-94.29,-94.29,0,10.62
536545,413,412.85,-92.73,-92.73,0,10.62
536550,406,405.96,-90.66,-90.66,0,10.62
536555,416,416.15,-88.04,-88.04,0,10.62
536560,417,417.06,-84.86,-84.86,0,10.62
536565,421,420.84,-81.1,-81.1,0,10.62
536570,418,417.91,-76.74,-76.74,0,10.62
536575,419,419.16,-71.78,-71.78,0,10.62
536580,420,420.11,-66.19,-66.19,0,10.62
536585,422,421.85,-59.98,-59.98,0,10.62
536590,422,421.86,-53.16,-53.16,0,10.62
536595,423,423.15,-45.72,-45.72,0,10.62
536600,424,424.17,-37.7,-37.7,0,10.62
536605,428,427.86,-29.11,-29.11,0,10.62
536610,432,431.81,-19.99,-19.99,0,10.62
536615,437,437.13,-10.38,-10.38,0,10.62
536620,447,447.22,-0.35,-0.35,0,10.62
536625,457,456.88,10.04,10.04,0,10.62
536630,473,472.76,20.72,20.72,0,10.62
536635,490,490.12,31.6,31.6,0,10.62
536640,511,511.27,42.58,42.58,0,10.62
536645,532,531.89,53.55,53.55,0,10.62
536650,556,555.7,64.41,64.41,0,10.62
536655,579,579.11,75.05,75.05,0,10.62
536660,601,601.33,85.36,85.36,0,10.62
536665,623,622.9,95.21,95.21,0,10.62
536670,641,640.64,104.51,104.51,0,10.62
536675,659,659.1,113.16,113.16,0,10.62
536680,652,652.38,121.06,121.06,0,10.62
536685,684,683.9,128.13,128.13,0,10.62
536690,693,692.63,134.29,134.29,0,10.62
536695,696,696.09,139.5,139.5,0,10.62
536700,702,702.34,143.7,143.7,0,10.62
536705,704,703.92,146.85,146.85,0,10.62
536710,702,701.68,148.95,148.88,0,10.62
536715,698,698.07,149.98,148.88,0,10.62
536720,693,693.3,149.95,148.88,0,10.62
536725,685,684.94,148.88,148.88,0,10.62
536730,679,678.72,146.81,146.81,0,10.62
536735,669,669.05,143.77,143.77,0,10.62
536740,659,659.25,139.83,139.83,0,10.62
536745,648,647.96,135.03,135.03,0,10.62
536750,636,635.77,129.45,129.45,0,10.62
536755,627,627.03,123.16,123.16,0,10.62
536760,615,615.21,116.24,116.24,0,10.62
536765,603,602.98,108.77,108.77,0,10.62
536770,591,590.81,100.83,100.83,0,10.62
536775,584,584.02,92.5,92.5,0,10.62
536780,574,574.18,83.87,83.87,0,10.62
536785,564,563.98,75.03,75.03,0,10.62
536790,551,550.82,66.04,66.04,0,10.62
536795,542,542.02,57.0,57.0,0,10.62
536800,533,533.17,47.99,47.99,0,10.62
536805,525,524.99,39.06,39.06,0,10.62
536810,512,511.83,30.3,30.3,0,10.62
536815,506,506.0,21.77,21.77,0,10.62
536820,494,494.17,13.54,13.54,0,10.62
536825,485,485.0,5.65,5.65,0,10.62
536830,479,478.83,-1.84,-1.84,0,10.62
536835,473,473.0,-8.89,-8.89,0,10.62
536840,462,462.17,-15.46,-15.46,0,10.62
536845,457,457.0,-21.51,-21.51,0,10.62
536850,452,451.83,-27.03,-27.03,0,10.62
536855,448,448.01,-31.99,-31.99,0,10.62
536860,445,445.17,-36.39,-36.39,0,10.62
536865,442,441.99,-40.22,-40.22,0,10.62
536870,440,439.84,-43.48,-43.48,0,10.62
536875,440,440.02,-46.18,-46.18,0,10.62
536880,441,441.16,-48.34,-48.34,0,10.62
536885,440,439.97,-49.98,-49.98,0,10.62
536890,440,439.83,-51.12,-51.12,0,10.62
536895,443,443.03,-51.8,-51.38,0,10.62
536900,445,445.18,-52.04,-51.38,0,10.62
536905,447,446.96,-51.89,-51.38,0,10.62
536910,449,448.82,-51.38,-51.38,0,10.62
536915,452,452.05,-50.57,-50.57,0,10.62
536920,457,457.2,-49.49,-49.49,0,10.62
536925,459,458.94,-48.19,-48.19,0,10.62
536930,465,464.79,-46.72,-46.72,0,10.62
536935,466,466.07,-45.11,-45.11,0,10.62
536940,469,469.22,-43.43,-43.43,0,10.62
536945,472,471.92,-41.71,-41.71,0,10.62
536950,474,473.77,-39.99,-39.99,0,10.62
536955,476,476.08,-38.32,-38.32,0,10.62
536960,479,479.24,-36.72,-36.72,0,10.62
536965,481,480.91,-35.24,-35.24,0,10.62
536970,482,481.75,-33.9,-33.9,0,10.62
536975,484,484.1,-32.73,-32.73,0,10.62
536980,486,486.27,-31.76,-31.76,0,10.62
536985,486,485.89,-31.0,-31.0,0,10.62
536990,484,483.71,-30.47,-30.47,0,10.62
536995,486,486.11,-30.19,-30.47,0,10.62
537000,483,483.31,-30.15,-30.47,0,10.62
537005,482,481.88,-30.37,-30.47,0,10.62
537010,483,482.67,-30.84,-30.84,0,10.62
537015,481,481.13,-31.56,-31.56,0,10.62
537020,472,472.34,-32.51,-32.51,0,10.62
537025,475,474.85,-33.7,-33.7,0,10.62
537030,476,475.65,-35.09,-35.09,0,10.62
537035,473,473.17,-36.69,-36.69,0,10.62
537040,471,471.35,-38.46,-38.46,0,10.62
537045,470,469.81,-40.39,-40.39,0,10.62
537050,466,465.65,-42.45,-42.45,0,10.62
537055,464,464.2,-44.61,-44.61,0,10.62
537060,464,464.35,-46.84,-46.84,0,10.62
537065,460,459.78,-49.11,-49.11,0,10.62
537070,459,458.64,-51.38,-51.38,0,10.62
537075,456,456.24,-53.63,-53.63,0,10.62
537080,453,453.37,-55.81,-55.81,0,10.62
537085,451,450.74,-57.88,-57.88,0,10.62
537090,450,449.63,-59.8,-59.8,0,10.62
537095,451,451.28,-61.54,-61.54,0,10.62
537100,448,448.38,-63.06,-63.06,0,10.62
537105,447,446.69,-64.3,-64.3,0,10.62
537110,446,445.61,-65.24,-65.24,0,10.62
537115,444,444.34,-65.83,-65.24,0,10.62
537120,444,444.4,-66.02,-65.24,0,10.62
537125,442,441.64,-65.79,-65.24,0,10.62
537130,442,441.59,-65.08,-65.08,0,10.62
537135,440,440.39,-63.87,-63.87,0,10.62
537140,441,441.42,-62.12,-62.12,0,10.62
537145,456,455.59,-59.79,-59.79,0,10.62
537150,436,435.56,-56.86,-56.86,0,10.62
537155,435,435.41,-53.3,-53.3,0,10.62
537160,434,434.46,-49.1,-49.1,0,10.62
537165,432,431.61,-44.22,-44.22,0,10.62
537170,432,431.52,-38.67,-38.67,0,10.62
537175,431,431.37,-32.45,-32.45,0,10.62
537180,432,432.51,-25.56,-25.56,0,10.62
537185,434,433.64,-18.02,-18.02,0,10.62
537190,438,437.47,-9.87,-9.87,0,10.62
537195,441,441.35,-1.15,-1.15,0,10.62
537200,430,430.54,8.09,8.09,0,10.62
537205,464,463.68,17.78,17.78,0,10.62
537210,477,476.48,27.85,27.85,0,10.62
537215,495,495.31,38.19,38.19,0,10.62
537220,516,516.49,48.7,48.7,0,10.62
537225,535,534.72,59.28,59.28,0,10.62
537230,560,559.54,69.81,69.81,0,10.62
537235,585,585.27,80.15,80.15,0,10.62
537240,606,606.43,90.2,90.2,0,10.62
537245,630,629.74,99.82,99.82,0,10.62
537250,649,648.59,108.9,108.9,0,10.62
537255,665,665.24,117.33,117.33,0,10.62
537260,682,682.38,125.01,125.01,0,10.62
537265,692,691.77,131.83,131.83,0,10.62
537270,702,701.64,137.72,137.72,0,10.62
537275,706,706.22,142.62,142.62,0,10.62
537280,712,712.34,146.46,146.46,0,10.62
537285,713,712.8,149.22,149.22,0,10.62
537290,712,711.68,150.86,149.22,0,10.62
537295,709,709.18,151.39,149.22,0,10.62
537300,701,701.3,150.81,149.22,0,10.62
537305,695,694.83,149.13,149.13,0,10.62
537310,684,683.72,146.39,146.39,0,10.62
537315,675,675.15,142.64,142.64,0,10.62
537320,665,665.26,137.94,137.94,0,10.62
537325,654,653.86,132.34,132.34,0,10.62
537330,641,640.76,125.93,125.93,0,10.62
537335,629,629.12,118.78,118.78,0,10.62
537340,616,616.23,110.99,110.99,0,10.62
537345,602,601.89,102.63,102.63,0,10.62
537350,591,590.79,93.81,93.81,0,10.62
537355,579,579.09,84.63,84.63,0,10.62
537360,565,565.2,75.16,75.16,0,10.62
537365,554,553.92,65.52,65.52,0,10.62
537370,543,542.82,55.8,55.8,0,10.62
537375,533,533.08,46.08,46.08,0,10.62
537380,521,521.16,36.46,36.46,0,10.62
537385,509,508.93,27.02,27.02,0,10.62
537390,496,495.85,17.84,17.84,0,10.62
537395,487,487.07,9.0,9.0,0,10.62
537400,476,476.14,0.57,0.57,0,10.62
537405,466,465.94,-7.4,-7.4,0,10.62
537410,459,458.87,-14.85,-14.85,0,10.62
537415,447,447.06,-21.73,-21.73,0,10.62
537420,441,441.11,-28.0,-28.0,0,10.62
537425,434,433.95,-33.64,-33.64,0,10.62
537430,430,429.9,-38.61,-38.61,0,10.62
537435,427,427.05,-42.92,-42.92,0,10.62
537440,426,426.09,-46.57,-46.57,0,10.62
537445,424,423.96,-49.55,-49.55,0,10.62
537450,425,424.93,-51.88,-51.88,0,10.62
537455,427,427.04,-53.59,-53.59,0,10.62
537460,430,430.06,-54.72,-54.72,0,10.62
537465,432,431.96,-55.29,-54.72,0,10.62
537470,438,437.95,-55.35,-54.72,0,10.62
537475,442,442.04,-54.96,-54.72,0,10.62
537480,448,448.04,-54.16,-54.16,0,10.62
537485,453,452.96,-53.02,-53.02,0,10.62
537490,459,458.97,-51.59,-51.59,0,10.62
537495,465,465.04,-49.93,-49.93,0,10.62
537500,471,471.02,-48.09,-48.09,0,10.62
537505,474,473.95,-46.15,-46.15,0,10.62
537510,478,477.98,-44.14,-44.14,0,10.62
537515,482,482.05,-42.13,-42.13,0,10.62
537520,484,484.01,-40.16,-40.16,0,10.62
537525,487,486.95,-38.28,-38.28,0,10.62
537530,486,485.99,-36.53,-36.53,0,10.62
537535,487,487.06,-34.95,-34.95,0,10.62
537540,487,487.0,-33.56,-33.56,0,10.62
537545,488,487.94,-32.39,-32.39,0,10.62
537550,489,489.0,-31.47,-31.47,0,10.62
537555,488,488.06,-30.81,-30.81,0,10.62
537560,486,485.99,-30.43,-30.81,0,10.62
537565,485,484.94,-30.32,-30.81,0,10.62
537570,483,483.02,-30.5,-30.81,0,10.62
537575,480,480.06,-30.96,-30.96,0,10.62
537580,478,477.97,-31.7,-31.7,0,10.62
537585,475,474.94,-32.7,-32.7,0,10.62
537590,472,472.04,-33.95,-33.95,0,10.62
537595,472,472.07,-35.45,-35.45,0,10.62
537600,466,465.95,-37.16,-37.16,0,10.62
537605,464,463.93,-39.07,-39.07,0,10.62
537610,462,462.06,-41.16,-41.16,0,10.62
537615,460,460.08,-43.39,-43.39,0,10.62
537620,457,456.93,-45.75,-45.75,0,10.62
537625,457,456.91,-48.2,-48.2,0,10.62
537630,456,456.09,-50.72,-50.72,0,10.62
537635,452,452.1,-53.26,-53.26,0,10.62
537640,452,451.89,-55.8,-55.8,0,10.62
537645,450,449.89,-58.31,-58.31,0,10.62
537650,447,447.12,-60.74,-60.74,0,10.62
537655,445,445.11,-63.07,-63.07,0,10.62
537660,444,443.86,-65.24,-65.24,0,10.62
537665,444,443.88,-67.24,-67.24,0,10.62
537670,441,441.16,-69.0,-69.0,0,10.62
537675,440,440.12,-70.5,-70.5,0,10.62
537680,445,444.83,-71.7,-71.7,0,10.62
537685,439,438.88,-72.55,-72.55,0,10.62
537690,436,436.17,-73.01,-72.55,0,10.62
537695,435,435.11,-73.05,-72.55,0,10.62
537700,434,433.83,-72.62,-72.55,0,10.62
537705,432,431.89,-71.69,-71.69,0,10.62
537710,434,434.17,-70.22,-70.22,0,10.62
537715,430,430.11,-68.18,-68.18,0,10.62
537720,430,429.83,-65.53,-65.53,0,10.62
537725,429,428.89,-62.24,-62.24,0,10.62
537730,422,422.18,-58.31,-58.31,0,10.62
537735,428,428.1,-53.71,-53.71,0,10.62
537740,425,424.83,-48.43,-48.43,0,10.62
537745,428,427.9,-42.47,-42.47,0,10.62
537750,427,427.17,-35.83,-35.83,0,10.62
537755,426,426.1,-28.54,-28.54,0,10.62
537760,429,428.84,-20.61,-20.61,0,10.62
537765,433,432.91,-12.08,-12.08,0,10.62
537770,438,438.16,-3.01,-3.01,0,10.62
537775,447,447.08,6.55,6.55,0,10.62
537780,459,458.85,16.53,16.53,0,10.62
537785,475,474.93,26.84,26.84,0,10.62
537790,494,494.16,37.39,37.39,0,10.62
537795,513,513.06,48.07,48.07,0,10.62
537800,536,535.85,58.76,58.76,0,10.62
537805,558,557.95,69.36,69.36,0,10.62
537810,581,581.15,79.73,79.73,0,10.62
537815,607,607.04,89.75,89.75,0,10.62
537820,626,625.85,99.3,99.3,0,10.62
537825,648,647.96,108.26,108.26,0,10.62
537830,664,664.15,116.51,116.51,0,10.62
537835,682,682.03,123.96,123.96,0,10.62
537840,693,692.85,130.52,130.52,0,10.62
537845,702,701.96,136.1,136.1,0,10.62
537850,708,708.15,140.65,140.65,0,10.62
537855,712,712.03,144.1,144.1,0,10.62
537860,712,711.85,146.44,146.44,0,10.62
537865,710,709.97,147.63,146.44,0,10.62
537870,706,706.15,147.68,146.44,0,10.62
537875,701,701.03,146.61,146.44,0,10.62
537880,692,691.85,144.43,144.43,0,10.62
537885,681,680.96,141.2,141.2,0,10.62
537890,668,668.14,136.96,136.96,0,10.62
537895,656,656.04,131.78,131.78,0,10.62
537900,643,642.86,125.73,125.73,0,10.62
537905,632,631.95,118.9,118.9,0,10.62
537910,616,616.13,111.38,111.38,0,10.62
537915,602,602.04,103.25,103.25,0,10.62
537920,587,586.87,94.61,94.61,0,10.62
537925,573,572.96,85.57,85.57,0,10.62
537930,560,560.13,76.22,76.22,0,10.62
537935,547,547.04,66.66,66.66,0,10.62
537940,535,534.87,56.98,56.98,0,10.62
537945,523,522.96,47.28,47.28,0,10.62
537950,513,513.13,37.64,37.64,0,10.62
537955,506,506.05,28.16,28.16,0,10.62
537960,494,493.88,18.89,18.89,0,10.62
537965,487,486.95,9.93,9.93,0,10.62
537970,474,474.12,1.32,1.32,0,10.62
537975,466,466.06,-6.86,-6.86,0,10.62
537980,457,456.88,-14.58,-14.58,0,10.62
537985,450,449.94,-21.78,-21.78,0,10.62
537990,444,444.12,-28.43,-28.43,0,10.62
537995,438,438.06,-34.5,-34.5,0,10.62
538000,433,432.88,-39.98,-39.98,0,10.62
538005,431,430.94,-44.86,-44.86,0,10.62
538010,429,429.12,-49.13,-49.13,0,10.62
538015,428,428.06,-52.8,-52.8,0,10.62
538020,426,425.88,-55.88,-55.88,0,10.62
538025,428,427.93,-58.4,-58.4,0,10.62
538030,429,429.13,-60.37,-60.37,0,10.62
538035,431,431.07,-61.85,-61.85,0,10.62
538040,433,432.86,-62.85,-62.85,0,10.62
538045,436,435.93,-63.43,-63.06,0,10.62
538050,440,440.15,-63.62,-63.06,0,10.62
538055,441,441.07,-63.48,-63.06,0,10.62
538060,446,445.84,-63.06,-63.06,0,10.62
538065,448,447.92,-62.41,-62.41,0,10.62
538070,450,450.17,-61.57,-61.57,0,10.62
538075,456,456.08,-60.6,-60.6,0,10.62
538080,458,457.83,-59.55,-59.55,0,10.62
538085,459,458.91,-58.47,-58.47,0,10.62
538090,461,461.18,-57.39,-57.39,0,10.62
538095,464,464.09,-56.37,-56.37,0,10.62
538100,466,465.82,-55.45,-55.45,0,10.62
538105,466,465.9,-54.65,-54.65,0,10.62
538110,469,469.18,-54.02,-54.02,0,10.62
538115,468,468.11,-53.57,-53.58,0,10.62
538120,467,466.81,-53.34,-53.58,0,10.62
538125,467,466.87,-53.34,-53.58,0,10.62
538130,466,466.2,-53.58,-53.58,0,10.62
538135,466,466.14,-54.07,-54.07,0,10.62
538140,465,464.79,-54.83,-54.83,0,10.62
538145,462,461.84,-55.84,-55.84,0,10.62
538150,460,460.21,-57.11,-57.11,0,10.62
538155,457,457.17,-58.62,-58.62,0,10.62
538160,457,456.78,-60.37,-60.37,0,10.62
538165,454,453.82,-62.33,-62.33,0,10.62
538170,450,450.22,-64.49,-64.49,0,10.62
538175,447,447.2,-66.82,-66.82,0,10.62
538180,444,443.78,-69.3,-69.3,0,10.62
538185,441,440.79,-71.89,-71.89,0,10.62
538190,430,430.22,-74.56,-74.56,0,10.62
538195,435,435.22,-77.28,-77.28,0,10.62
538200,434,433.79,-80.0,-80.0,0,10.62
538205,431,430.77,-82.7,-82.7,0,10.62
538210,428,428.19,-85.33,-85.33,0,10.62
538215,424,424.24,-87.85,-87.85,0,10.62
538220,423,422.83,-90.22,-90.22,0,10.62
538225,422,421.75,-92.39,-92.39,0,10.62
538230,418,418.15,-94.32,-94.32,0,10.62
538235,418,418.26,-95.96,-95.96,0,10.62
538240,417,416.87,-97.28,-97.28,0,10.62
538245,416,415.74,-98.22,-98.22,0,10.62
538250,418,418.11,-98.75,-98.22,0,10.62
538255,412,412.27,-98.82,-98.22,0,10.62
538260,412,411.91,-98.38,-98.22,0,10.62
538265,414,413.73,-97.41,-97.41,0,10.62
538270,412,412.08,-95.85,-95.85,0,10.62
538275,413,413.27,-93.68,-93.68,0,10.62
538280,413,412.93,-90.87,-90.87,0,10.62
538285,413,412.73,-87.38,-87.38,0,10.62
538290,413,413.06,-83.2,-83.2,0,10.62
538295,414,414.28,-78.3,-78.3,0,10.62
538300,413,412.95,-72.67,-72.67,0,10.62
538305,415,414.72,-66.31,-66.31,0,10.62
538310,417,417.04,-59.22,-59.22,0,10.62
538315,419,419.29,-51.42,-51.42,0,10.62
538320,421,420.97,-42.91,-42.91,0,10.62
538325,422,421.71,-33.74,-33.74,0,10.62
538330,426,426.02,-23.94,-23.94,0,10.62
538335,436,436.31,-13.57,-13.57,0,10.62
538340,447,447.0,-2.7,-2.7,0,10.62
538345,459,458.68,8.6,8.6,0,10.62
538350,480,479.99,20.23,20.23,0,10.62
538355,496,496.34,32.1,32.1,0,10.62
538360,518,518.02,44.08,44.08,0,10.62
538365,543,542.64,56.06,56.06,0,10.62
538370,568,567.97,67.91,67.91,0,10.62
538375,595,595.38,79.51,79.51,0,10.62
538380,620,620.03,90.72,90.72,0,10.62
538385,642,641.6,101.42,101.42,0,10.62
538390,661,660.95,111.48,111.48,0,10.62
538395,679,679.42,120.79,120.79,0,10.62
538400,695,695.06,129.25,129.25,0,10.62
538405,710,709.56,136.75,136.75,0,10.62
538410,720,719.93,143.21,143.21,0,10.62
538415,728,728.46,148.57,148.57,0,10.62
538420,731,731.08,152.78,152.78,0,10.62
538425,731,730.51,155.8,155.8,0,10.62
538430,730,729.9,157.61,155.81,0,10.62
538435,725,725.51,158.2,155.81,0,10.62
538440,723,723.11,157.59,155.81,0,10.62
538445,712,711.46,155.81,155.81,0,10.62
538450,701,700.87,152.89,152.89,0,10.62
538455,693,693.56,148.89,148.89,0,10.62
538460,681,681.15,143.87,143.87,0,10.62
538465,671,670.41,137.9,137.9,0,10.62
538470,667,666.83,131.06,131.06,0,10.62
538475,640,640.62,123.45,123.45,0,10.62
538480,628,628.18,115.16,115.16,0,10.62
538485,610,609.36,106.28,106.28,0,10.62
538490,599,598.82,96.93,96.93,0,10.62
538495,586,586.68,87.2,87.2,0,10.62
538500,571,571.17,77.19,77.19,0,10.62
538505,582,581.3,67.01,67.01,0,10.62
538510,548,547.83,56.75,56.75,0,10.62
538515,536,536.69,46.51,46.51,0,10.62
538520,525,525.16,36.39,36.39,0,10.62
538525,514,513.33,26.46,26.46,0,10.62
538530,503,502.84,16.82,16.82,0,10.62
538535,492,492.65,7.53,7.53,0,10.62
538540,482,482.16,-1.34,-1.34,0,10.62
538545,473,472.37,-9.73,-9.73,0,10.62
538550,476,475.86,-17.58,-17.58,0,10.62
538555,458,458.61,-24.85,-24.85,0,10.62
538560,452,452.12,-31.52,-31.52,0,10.62
538565,446,445.4,-37.54,-37.54,0,10.62
538570,442,441.92,-42.92,-42.92,0,10.62
538575,439,439.59,-47.63,-47.63,0,10.62
538580,438,438.05,-51.68,-51.68,0,10.62
538585,439,438.43,-55.07,-55.07,0,10.62
538590,438,437.98,-57.84,-57.84,0,10.62
538595,440,440.56,-60.0,-60.0,0,10.62
538600,443,442.99,-61.58,-61.58,0,10.62
538605,446,445.45,-62.62,-62.62,0,10.62
538610,448,448.04,-63.17,-62.62,0,10.62
538615,452,452.54,-63.26,-62.62,0,10.62
538620,456,455.94,-62.96,-62.62,0,10.62
538625,457,456.47,-62.32,-62.32,0,10.62
538630,466,466.09,-61.39,-61.39,0,10.62
538635,468,468.52,-60.22,-60.22,0,10.62
538640,473,472.88,-58.87,-58.87,0,10.62
538645,476,475.48,-57.4,-57.4,0,10.62
538650,480,480.15,-55.85,-55.85,0,10.62
538655,482,482.52,-54.29,-54.29,0,10.62
538660,497,496.82,-52.74,-52.74,0,10.62
538665,488,487.48,-51.27,-51.27,0,10.62
538670,489,489.19,-49.9,-49.9,0,10.62
538675,489,489.52,-48.68,-48.68,0,10.62
538680,493,492.81,-47.62,-47.62,0,10.62
538685,492,491.48,-46.76,-46.76,0,10.62
538690,493,493.19,-46.11,-46.11,0,10.62
538695,490,490.51,-45.69,-45.88,0,10.62
538700,492,491.81,-45.51,-45.88,0,10.62
538705,492,491.49,-45.58,-45.88,0,10.62
538710,490,490.19,-45.88,-45.88,0,10.62
538715,492,492.51,-46.42,-46.42,0,10.62
538720,491,490.82,-47.19,-47.19,0,10.62
538725,485,484.49,-48.18,-48.18,0,10.62
538730,482,482.17,-49.35,-49.35,0,10.62
538735,480,480.51,-50.7,-50.7,0,10.62
538740,479,478.84,-52.2,-52.2,0,10.62
538745,477,476.48,-53.81,-53.81,0,10.62
538750,476,476.15,-55.5,-55.5,0,10.62
538755,472,472.52,-57.24,-57.24,0,10.62
538760,472,471.86,-58.98,-58.98,0,10.62
538765,470,469.48,-60.69,-60.69,0,10.62
538770,470,470.13,-62.33,-62.33,0,10.62
538775,469,469.53,-63.85,-63.85,0,10.62
538780,468,467.88,-65.21,-65.21,0,10.62
538785,467,466.46,-66.35,-66.35,0,10.62
538790,465,465.11,-67.23,-67.23,0,10.62
538795,465,465.55,-67.81,-67.23,0,10.62
538800,463,462.9,-68.03,-67.23,0,10.62
538805,461,460.44,-67.84,-67.23,0,10.62
538810,460,460.09,-67.2,-67.2,0,10.62
538815,456,456.57,-66.06,-66.06,0,10.62
538820,458,457.92,-64.37,-64.37,0,10.62
538825,456,455.42,-62.09,-62.09,0,10.62
538830,455,455.07,-59.19,-59.19,0,10.62
538835,452,452.6,-55.63,-55.63,0,10.62
538840,449,448.93,-51.38,-51.38,0,10.62
538845,448,447.39,-46.41,-46.41,0,10.62
538850,444,444.06,-40.73,-40.73,0,10.62
538855,445,445.62,-34.31,-34.31,0,10.62
538860,444,443.95,-27.16,-27.16,0,10.62
538865,465,464.38,-19.31,-19.31,0,10.62
538870,451,451.04,-10.77,-10.77,0,10.62
538875,455,455.6,-1.58,-1.58,0,10.62
538880,466,465.97,8.19,8.19,0,10.62
538885,480,479.44,18.5,18.5,0,10.62
538890,487,487.02,29.25,29.25,0,10.62
538895,517,517.53,40.35,40.35,0,10.62
538900,538,538.0,51.71,51.71,0,10.62
538905,563,562.51,63.2,63.2,0,10.62
538910,585,584.97,74.72,74.72,0,10.62
538915,611,611.46,86.12,86.12,0,10.62
538920,635,635.07,97.3,97.3,0,10.62
538925,658,657.57,108.12,108.12,0,10.62
538930,679,678.9,118.46,118.46,0,10.62
538935,695,695.39,128.2,128.2,0,10.62
538940,711,711.13,137.24,137.24,0,10.62
538945,722,721.64,145.48,145.48,0,10.62
538950,734,733.83,152.82,152.82,0,10.62
538955,743,743.33,159.2,159.2,0,10.62
538960,746,746.19,164.55,164.55,0,10.62
538965,749,748.69,168.83,168.83,0,10.62
538970,750,749.77,172.0,172.0,0,10.62
538975,748,748.29,174.05,173.44,0,10.62
538980,743,743.26,174.96,173.44,0,10.62
538985,737,736.73,174.75,173.44,0,10.62
538990,730,729.71,173.44,173.44,0,10.62
538995,723,723.25,171.06,171.06,0,10.62
539000,714,714.32,167.65,167.65,0,10.62
539005,701,700.76,163.26,163.26,0,10.62
539010,693,692.65,157.96,157.96,0,10.62
539015,680,680.23,151.8,151.8,0,10.62
539020,668,668.39,144.87,144.87,0,10.62
539025,657,656.78,137.24,137.24,0,10.62
539030,647,646.58,128.98,128.98,0,10.62
539035,637,637.21,120.19,120.19,0,10.62
539040,625,625.45,110.95,110.95,0,10.62
539045,614,613.79,101.33,101.33,0,10.62
539050,604,603.52,91.42,91.42,0,10.62
539055,592,592.21,81.32,81.32,0,10.62
539060,580,580.52,71.09,71.09,0,10.62
539065,571,570.8,60.82,60.82,0,10.62
539070,559,558.45,50.58,50.58,0,10.62
539075,549,549.2,40.46,40.46,0,10.62
539080,538,538.58,30.51,30.51,0,10.62
539085,526,525.8,20.81,20.81,0,10.62
539090,533,532.4,11.42,11.42,0,10.62
539095,505,505.2,2.4,2.4,0,10.62
539100,493,493.6,-6.21,-6.21,0,10.62
539105,485,484.8,-14.35,-14.35,0,10.62
539110,477,476.41,-21.99,-21.99,0,10.62
539115,469,469.2,-29.08,-29.08,0,10.62
539120,461,461.58,-35.61,-35.61,0,10.62
539125,456,455.8,-41.55,-41.55,0,10.62
539130,450,449.44,-46.89,-46.89,0,10.62
539135,447,447.21,-51.63,-51.63,0,10.62
539140,444,444.56,-55.78,-55.78,0,10.62
539145,443,442.79,-59.33,-59.33,0,10.62
539150,440,439.45,-62.32,-62.32,0,10.62
539155,442,442.22,-64.76,-64.76,0,10.62
539160,442,442.54,-66.68,-66.68,0,10.62
539165,445,444.78,-68.12,-68.12,0,10.62
539170,447,446.46,-69.12,-69.12,0,10.62
539175,450,450.23,-69.71,-69.59,0,10.62
539180,451,451.54,-69.96,-69.59,0,10.62
539185,455,454.77,-69.9,-69.59,0,10.62
539190,468,467.47,-69.59,-69.59,0,10.62
539195,463,463.24,-69.07,-69.07,0,10.62
539200,466,466.5,-68.39,-68.39,0,10.62
539205,467,466.75,-67.61,-67.61,0,10.62
539210,469,468.52,-66.76,-66.76,0,10.62
539215,472,472.26,-65.89,-65.89,0,10.62
539220,474,474.46,-65.04,-65.04,0,10.62
539225,476,475.72,-64.24,-64.24,0,10.62
539230,477,476.56,-63.54,-63.54,0,10.62
539235,478,478.29,-62.95,-62.95,0,10.62
539240,478,478.42,-62.5,-62.5,0,10.62
539245,487,486.7,-62.21,-62.42,0,10.62
539250,480,479.6,-62.1,-62.42,0,10.62
539255,478,478.3,-62.17,-62.42,0,10.62
539260,477,477.38,-62.42,-62.42,0,10.62
539265,475,474.7,-62.87,-62.87,0,10.62
539270,473,472.64,-63.49,-63.49,0,10.62
539275,470,470.29,-64.28,-64.28,0,10.62
539280,469,469.34,-65.22,-65.22,0,10.62
539285,468,467.72,-66.29,-66.29,0,10.62
539290,467,466.67,-67.47,-67.47,0,10.62
539295,463,463.28,-68.74,-68.74,0,10.62
539300,463,463.31,-70.05,-70.05,0,10.62
539305,460,459.73,-71.38,-71.38,0,10.62
539310,458,457.71,-72.69,-72.69,0,10.62
539315,456,456.26,-73.94,-73.94,0,10.62
539320,453,453.27,-75.09,-75.09,0,10.62
539325,449,448.75,-76.1,-76.1,0,10.62
539330,449,448.74,-76.93,-76.93,0,10.62
539335,448,448.25,-77.52,-77.45,0,10.62
539340,446,446.24,-77.83,-77.45,0,10.62
539345,446,445.75,-77.82,-77.45,0,10.62
539350,445,444.78,-77.45,-77.45,0,10.62
539355,442,442.25,-76.67,-76.67,0,10.62
539360,441,441.21,-75.43,-75.43,0,10.62
539365,439,438.75,-73.71,-73.71,0,10.62
539370,437,436.81,-71.46,-71.46,0,10.62
539375,438,438.25,-68.65,-68.65,0,10.62
539380,436,436.18,-65.26,-65.26,0,10.62
539385,436,435.74,-61.25,-61.25,0,10.62
539390,434,433.84,-56.62,-56.62,0,10.62
539395,435,435.26,-51.35,-51.35,0,10.62
539400,436,436.15,-45.45,-45.45,0,10.62
539405,436,435.74,-38.91,-38.91,0,10.62
539410,439,438.86,-31.75,-31.75,0,10.62
539415,442,442.27,-24.01,-24.01,0,10.62
539420,447,447.14,-15.71,-15.71,0,10.62
539425,453,452.72,-6.91,-6.91,0,10.62
539430,464,463.88,2.33,2.33,0,10.62
539435,470,470.29,11.94,11.94,0,10.62
539440,494,494.12,21.85,21.85,0,10.62
539445,511,510.72,31.95,31.95,0,10.62
539450,530,529.89,42.14,42.14,0,10.62
539455,554,554.28,52.32,52.32,0,10.62
539460,576,576.12,62.38,62.38,0,10.62
539465,597,596.72,72.2,72.2,0,10.62
539470,618,617.88,81.67,81.67,0,10.62
539475,632,632.27,90.67,90.67,0,10.62
539480,652,652.12,99.11,99.11,0,10.62
539485,665,664.74,106.87,106.87,0,10.62
539490,679,678.88,113.87,113.87,0,10.62
539495,688,688.25,120.04,120.04,0,10.62
539500,692,692.12,125.3,125.3,0,10.62
539505,701,700.75,129.59,129.59,0,10.62
539510,706,705.89,132.88,132.88,0,10.62
539515,703,703.24,135.14,135.14,0,10.62
539520,702,702.09,136.34,135.14,0,10.62
539525,697,696.77,136.5,135.14,0,10.62
539530,691,690.92,135.62,135.14,0,10.62
539535,685,685.23,133.72,133.72,0,10.62
539540,676,676.06,130.86,130.86,0,10.62
539545,668,667.78,127.06,127.06,0,10.62
539550,656,655.95,122.39,122.39,0,10.62
539555,644,644.21,116.92,116.92,0,10.62
539560,631,631.03,110.71,110.71,0,10.62
539565,620,619.79,103.85,103.85,0,10.62
539570,607,606.98,96.42,96.42,0,10.62
539575,596,596.2,88.51,88.51,0,10.62
539580,583,583.0,80.2,80.2,0,10.62
539585,569,568.8,71.58,71.58,0,10.62
539590,558,558.01,62.75,62.75,0,10.62
539595,546,546.19,53.78,53.78,0,10.62
539600,537,536.98,44.77,44.77,0,10.62
539605,527,526.81,35.8,35.8,0,10.62
539610,517,517.04,26.94,26.94,0,10.62
539615,507,507.19,18.27,18.27,0,10.62
539620,497,496.95,9.86,9.86,0,10.62
539625,485,484.81,1.77,1.77,0,10.62
539630,477,477.06,-5.95,-5.95,0,10.62
539635,468,468.19,-13.24,-13.24,0,10.62
539640,461,460.92,-20.05,-20.05,0,10.62
539645,454,453.81,-26.36,-26.36,0,10.62
539650,449,449.09,-32.14,-32.14,0,10.62
539655,445,445.19,-37.36,-37.36,0,10.62
539660,442,441.9,-42.01,-42.01,0,10.62
539665,439,438.8,-46.09,-46.09,0,10.62
539670,434,434.11,-49.61,-49.61,0,10.62
539675,438,438.2,-52.56,-52.56,0,10.62
539680,438,437.89,-54.98,-54.98,0,10.62
539685,440,439.79,-56.88,-56.88,0,10.62
539690,441,441.11,-58.29,-58.29,0,10.62
539695,443,443.22,-59.25,-59.25,0,10.62
539700,445,444.88,-59.79,-59.31,0,10.62
539705,449,448.78,-59.95,-59.31,0,10.62
539710,452,452.12,-59.78,-59.31,0,10.62
539715,455,455.23,-59.31,-59.31,0,10.62
539720,458,457.88,-58.61,-58.61,0,10.62
539725,462,461.77,-57.7,-57.7,0,10.62
539730,455,455.12,-56.64,-56.64,0,10.62
539735,466,466.24,-55.47,-55.47,0,10.62
539740,469,468.89,-54.24,-54.24,0,10.62
539745,470,469.76,-52.97,-52.97,0,10.62
539750,473,473.09,-51.72,-51.72,0,10.62
539755,472,472.25,-50.52,-50.52,0,10.62
539760,475,474.92,-49.39,-49.39,0,10.62
539765,473,472.74,-48.37,-48.37,0,10.62
539770,472,472.06,-47.48,-47.48,0,10.62
539775,472,472.26,-46.74,-46.74,0,10.62
539780,471,470.97,-46.17,-46.17,0,10.62
539785,471,470.73,-45.78,-45.78,0,10.62
539790,470,470.01,-45.58,-45.78,0,10.62
539795,470,470.27,-45.57,-45.78,0,10.62
539800,467,467.01,-45.77,-45.78,0,10.62
539805,466,465.72,-46.16,-46.16,0,10.62
539810,463,462.97,-46.75,-46.75,0,10.62
539815,462,462.29,-47.53,-47.53,0,10.62
539820,460,460.05,-48.48,-48.48,0,10.62
539825,460,459.7,-49.61,-49.61,0,10.62
539830,459,458.93,-50.88,-50.88,0,10.62
539835,457,457.31,-52.3,-52.3,0,10.62
539840,456,456.09,-53.84,-53.84,0,10.62
539845,454,453.68,-55.47,-55.47,0,10.62
539850,453,452.89,-57.18,-57.18,0,10.62
539855,452,452.34,-58.94,-58.94,0,10.62
539860,451,451.13,-60.72,-60.72,0,10.62
539865,450,449.65,-62.5,-62.5,0,10.62
539870,448,447.85,-64.24,-64.24,0,10.62
539875,447,447.36,-65.91,-65.91,0,10.62
539880,445,445.17,-67.48,-67.48,0,10.62
539885,447,446.62,-68.92,-68.92,0,10.62
539890,445,444.81,-70.17,-70.17,0,10.62
539895,442,442.39,-71.22,-71.22,0,10.62
539900,440,440.21,-72.01,-72.01,0,10.62
539905,442,441.61,-72.51,-72.01,0,10.62
539910,440,439.77,-72.68,-72.01,0,10.62
539915,439,439.4,-72.47,-72.01,0,10.62
539920,436,436.24,-71.85,-71.85,0,10.62
539925,437,436.59,-70.78,-70.78,0,10.62
539930,444,443.76,-69.22,-69.22,0,10.62
539935,432,432.41,-67.13,-67.13,0,10.62
539940,430,430.23,-64.48,-64.48,0,10.62
539945,430,429.58,-61.23,-61.23,0,10.62
539950,427,426.78,-57.37,-57.37,0,10.62
539955,424,424.42,-52.87,-52.87,0,10.62
539960,423,423.2,-47.72,-47.72,0,10.62
539965,425,424.58,-41.9,-41.9,0,10.62
539970,422,421.82,-35.42,-35.42,0,10.62
539975,423,423.42,-28.3,-28.3,0,10.62
539980,423,423.16,-20.55,-20.55,0,10.62
539985,429,428.58,-12.2,-12.2,0,10.62
539990,434,433.86,-3.31,-3.31,0,10.62
539995,443,443.42,6.07,6.07,0,10.62
540000,457,457.13,15.86,15.86,0,10.62
540005,478,477.59,26.0,26.0,0,10.62
540010,491,490.89,36.37,36.37,0,10.62
540015,511,511.39,46.88,46.88,0,10.62
540020,532,532.09,57.41,57.41,0,10.62
540025,557,556.63,67.84,67.84,0,10.62
540030,580,579.93,78.06,78.06,0,10.62
540035,605,605.36,87.95,87.95,0,10.62
540040,625,625.05,97.37,97.37,0,10.62
540045,648,647.66,106.22,106.22,0,10.62
540050,658,657.97,114.38,114.38,0,10.62
540055,675,675.32,121.76,121.76,0,10.62
540060,688,688.02,128.26,128.26,0,10.62
540065,695,694.7,133.81,133.81,0,10.62
540070,699,698.99,138.35,138.35,0,10.62
540075,703,703.28,141.83,141.83,0,10.62
540080,705,705.01,144.21,144.21,0,10.62
540085,703,702.74,145.48,144.21,0,10.62
540090,700,699.99,145.64,144.21,0,10.62
540095,693,693.24,144.69,144.21,0,10.62
540100,685,685.0,142.67,142.67,0,10.62
540105,677,676.78,139.61,139.61,0,10.62
540110,665,665.0,135.57,135.57,0,10.62
540115,654,654.19,130.61,130.61,0,10.62
540120,643,643.0,124.8,124.8,0,10.62
540125,628,627.83,118.21,118.21,0,10.62
540130,615,615.0,110.95,110.95,0,10.62
540135,598,598.15,103.1,103.1,0,10.62
540140,584,584.0,94.75,94.75,0,10.62
540145,572,571.88,86.02,86.02,0,10.62
540150,559,559.01,76.98,76.98,0,10.62
540155,546,546.09,67.75,67.75,0,10.62
540160,533,532.98,58.42,58.42,0,10.62
540165,522,521.93,49.08,49.08,0,10.62
540170,509,509.02,39.82,39.82,0,10.62
540175,499,499.04,30.72,30.72,0,10.62
540180,491,490.97,21.87,21.87,0,10.62
540185,480,479.99,13.33,13.33,0,10.62
540190,472,472.03,5.17,5.17,0,10.62
540195,462,461.98,-2.54,-2.54,0,10.62
540200,452,451.96,-9.77,-9.77,0,10.62
540205,444,444.04,-16.47,-16.47,0,10.62
540210,440,440.05,-22.61,-22.61,0,10.62
540215,435,434.93,-28.16,-28.16,0,10.62
540220,434,433.95,-33.1,-33.1,0,10.62
540225,430,430.09,-37.44,-37.44,0,10.62
540230,427,427.06,-41.17,-41.17,0,10.62
540235,436,435.89,-44.3,-44.3,0,10.62
540240,431,430.95,-46.86,-46.86,0,10.62
540245,431,431.12,-48.86,-48.86,0,10.62
540250,434,434.05,-50.33,-50.33,0,10.62
540255,438,437.88,-51.32,-51.32,0,10.62
540260,443,442.96,-51.86,-51.32,0,10.62
540265,441,441.12,-51.99,-51.32,0,10.62
540270,445,445.03,-51.76,-51.32,0,10.62
540275,447,446.88,-51.22,-51.22,0,10.62
540280,453,452.98,-50.42,-50.42,0,10.62
540285,455,455.12,-49.41,-49.41,0,10.62
540290,463,463.0,-48.24,-48.24,0,10.62
540295,469,468.88,-46.95,-46.95,0,10.62
540300,466,466.01,-45.6,-45.6,0,10.62
540305,469,469.1,-44.23,-44.23,0,10.62
540310,470,469.98,-42.87,-42.87,0,10.62
540315,472,471.91,-41.58,-41.58,0,10.62
540320,473,473.02,-40.38,-40.38,0,10.62
540325,473,473.07,-39.3,-39.3,0,10.62
540330,476,475.97,-38.36,-38.36,0,10.62
540335,476,475.95,-37.6,-37.6,0,10.62
540340,474,474.04,-37.02,-37.02,0,10.62
540345,473,473.03,-36.64,-36.77,0,10.62
540350,474,473.96,-36.47,-36.77,0,10.62
540355,470,469.99,-36.51,-36.77,0,10.62
540360,469,469.04,-36.77,-36.77,0,10.62
540365,467,466.99,-37.23,-37.23,0,10.62
540370,465,464.96,-37.89,-37.89,0,10.62
540375,460,460.03,-38.75,-38.75,0,10.62
540380,461,461.04,-39.77,-39.77,0,10.62
540385,458,457.96,-40.96,-40.96,0,10.62
540390,457,456.96,-42.29,-42.29,0,10.62
540395,455,455.06,-43.74,-43.74,0,10.62
540400,452,452.04,-45.29,-45.29,0,10.62
540405,454,453.93,-46.91,-46.91,0,10.62
540410,450,449.97,-48.57,-48.57,0,10.62
540415,449,449.08,-50.24,-50.24,0,10.62
540420,450,450.03,-51.91,-51.91,0,10.62
540425,447,446.91,-53.53,-53.53,0,10.62
540430,447,446.97,-55.07,-55.07,0,10.62
540435,445,445.1,-56.5,-56.5,0,10.62
540440,445,445.04,-57.78,-57.78,0,10.62
540445,445,444.89,-58.88,-58.88,0,10.62
540450,446,445.96,-59.76,-59.76,0,10.62
540455,442,442.11,-60.38,-60.35,0,10.62
540460,443,443.03,-60.72,-60.35,0,10.62
540465,442,441.88,-60.71,-60.35,0,10.62
540470,438,437.97,-60.35,-60.35,0,10.62
540475,440,440.12,-59.57,-59.57,0,10.62
540480,440,440.03,-58.36,-58.36,0,10.62
540485,438,437.88,-56.67,-56.67,0,10.62
540490,437,436.96,-54.47,-54.47,0,10.62
540495,431,431.12,-51.74,-51.74,0,10.62
540500,435,435.05,-48.45,-48.45,0,10.62
540505,433,432.88,-44.58,-44.58,0,10.62
540510,434,433.94,-40.12,-40.12,0,10.62
540515,433,433.11,-35.05,-35.05,0,10.62
540520,433,433.06,-29.37,-29.37,0,10.62
540525,431,430.89,-23.1,-23.1,0,10.62
540530,432,431.93,-16.24,-16.24,0,10.62
540535,436,436.11,-8.82,-8.82,0,10.62
540540,439,439.08,-0.87,-0.87,0,10.62
540545,448,447.9,7.55,7.55,0,10.62
540550,455,454.91,16.4,16.4,0,10.62
540555,467,467.1,25.6,25.6,0,10.62
540560,482,482.11,35.08,35.08,0,10.62
540565,498,497.9,44.74,44.74,0,10.62
540570,516,515.88,54.49,54.49,0,10.62
540575,538,538.1,64.22,64.22,0,10.62
540580,559,559.13,73.82,73.82,0,10.62
540585,580,579.9,83.18,83.18,0,10.62
540590,601,600.85,92.18,92.18,0,10.62
540595,618,618.09,100.72,100.72,0,10.62
540600,636,636.17,108.67,108.67,0,10.62
540605,650,649.91,115.95,115.95,0,10.62
540610,664,663.82,122.46,122.46,0,10.62
540615,675,675.09,128.11,128.11,0,10.62
540620,681,681.2,132.83,132.83,0,10.62
540625,687,686.91,136.57,136.57,0,10.62
540630,692,691.79,139.27,139.27,0,10.62
540635,692,692.09,140.9,139.27,0,10.62
540640,689,689.22,141.44,139.27,0,10.62
540645,686,685.9,140.89,139.27,0,10.62
540650,680,679.77,139.26,139.26,0,10.62
540655,673,673.1,136.57,136.57,0,10.62
540660,660,660.24,132.86,132.86,0,10.62
540665,653,652.89,128.18,128.18,0,10.62
540670,639,638.76,122.57,122.57,0,10.62
540675,624,624.12,116.11,116.11,0,10.62
540680,615,615.25,108.88,108.88,0,10.62
540685,603,602.89,100.94,100.94,0,10.62
540690,590,589.74,92.4,92.4,0,10.62
540695,574,574.11,83.33,83.33,0,10.62
540700,564,564.26,73.83,73.83,0,10.62
540705,549,548.9,64.0,64.0,0,10.62
540710,538,537.73,53.92,53.92,0,10.62
540715,525,525.09,43.7,43.7,0,10.62
540720,512,512.28,33.42,33.42,0,10.62
540725,501,500.92,23.18,23.18,0,10.62
540730,488,487.71,13.07,13.07,0,10.62
540735,476,476.07,3.15,3.15,0,10.62
540740,466,466.3,-6.47,-6.47,0,10.62
540745,456,455.94,-15.74,-15.74,0,10.62
540750,446,445.69,-24.59,-24.59,0,10.62
540755,434,434.04,-32.94,-32.94,0,10.62
540760,425,425.31,-40.76,-40.76,0,10.62
540765,419,418.98,-48.0,-48.0,0,10.62
540770,414,413.68,-54.61,-54.61,0,10.62
540775,407,407.01,-60.57,-60.57,0,10.62
540780,402,402.32,-65.85,-65.85,0,10.62
540785,398,398.01,-70.45,-70.45,0,10.62
540790,395,394.68,-74.36,-74.36,0,10.62
540795,393,392.97,-77.57,-77.57,0,10.62
540800,393,393.33,-80.11,-80.11,0,10.62
540805,394,394.04,-81.99,-81.99,0,10.62
540810,396,395.67,-83.24,-83.24,0,10.62
540815,398,397.94,-83.9,-83.24,0,10.62
540820,400,400.33,-83.99,-83.24,0,10.62
540825,405,405.08,-83.56,-83.24,0,10.62
540830,409,408.66,-82.66,-82.66,0,10.62
540835,414,413.9,-81.35,-81.35,0,10.62
540840,418,418.34,-79.67,-79.67,0,10.62
540845,424,424.12,-77.69,-77.69,0,10.62
540850,430,429.66,-75.46,-75.46,0,10.62
540855,434,433.86,-73.04,-73.04,0,10.62
540860,439,439.34,-70.48,-70.48,0,10.62
540865,444,444.16,-67.85,-67.85,0,10.62
540870,450,449.66,-65.19,-65.19,0,10.62
540875,454,453.82,-62.55,-62.55,0,10.62
540880,458,458.34,-59.99,-59.99,0,10.62
540885,458,458.2,-57.54,-57.54,0,10.62
540890,464,463.66,-55.25,-55.25,0,10.62
540895,470,469.79,-53.15,-53.15,0,10.62
540900,468,468.34,-51.26,-51.26,0,10.62
540905,471,471.22,-49.61,-49.61,0,10.62
540910,470,469.65,-48.22,-48.22,0,10.62
540915,467,466.77,-47.1,-47.1,0,10.62
540920,466,466.35,-46.26,-46.26,0,10.62
540925,466,466.24,-45.69,-45.69,0,10.62
540930,467,466.66,-45.4,-45.69,0,10.62
540935,465,464.75,-45.38,-45.69,0,10.62
540940,464,464.34,-45.61,-45.69,0,10.62
540945,453,453.26,-46.09,-46.09,0,10.62
540950,461,460.66,-46.78,-46.78,0,10.62
540955,458,457.75,-47.68,-47.68,0,10.62
540960,457,457.33,-48.75,-48.75,0,10.62
540965,456,456.25,-49.96,-49.96,0,10.62
540970,454,453.67,-51.29,-51.29,0,10.62
540975,455,454.76,-52.71,-52.71,0,10.62
540980,445,445.32,-54.17,-54.17,0,10.62
540985,451,451.23,-55.64,-55.64,0,10.62
540990,447,446.69,-57.09,-57.09,0,10.62
540995,447,446.78,-58.48,-58.48,0,10.62
541000,448,448.3,-59.76,-59.76,0,10.62
541005,453,453.21,-60.89,-60.89,0,10.62
541010,445,444.71,-61.83,-61.83,0,10.62
541015,444,443.78,-62.55,-62.55,0,10.62
541020,440,440.28,-62.99,-62.55,0,10.62
541025,441,441.24,-63.12,-62.55,0,10.62
541030,441,440.73,-62.89,-62.55,0,10.62
541035,439,438.75,-62.27,-62.27,0,10.62
541040,437,437.25,-61.21,-61.21,0,10.62
541045,434,434.26,-59.68,-59.68,0,10.62
541050,436,435.77,-57.64,-57.64,0,10.62
541055,435,434.73,-55.08,-55.08,0,10.62
541060,436,436.22,-51.96,-51.96,0,10.62
541065,434,434.28,-48.26,-48.26,0,10.62
541070,432,431.8,-43.97,-43.97,0,10.62
541075,432,431.71,-39.09,-39.09,0,10.62
541080,432,432.2,-33.6,-33.6,0,10.62
541085,430,430.3,-27.53,-27.53,0,10.62
541090,435,434.81,-20.9,-20.9,0,10.62
541095,439,438.7,-13.72,-13.72,0,10.62
541100,445,445.18,-6.04,-6.04,0,10.62
541105,455,455.31,2.1,2.1,0,10.62
541110,465,464.83,10.62,10.62,0,10.62
541115,480,479.69,19.47,19.47,0,10.62
541120,493,493.16,28.55,28.55,0,10.62
541125,513,513.32,37.79,37.79,0,10.62
541130,533,532.85,47.09,47.09,0,10.62
541135,553,552.67,56.34,56.34,0,10.62
541140,573,573.14,65.45,65.45,0,10.62
541145,593,593.33,74.3,74.3,0,10.62
541150,611,610.88,82.8,82.8,0,10.62
541155,636,635.66,90.85,90.85,0,10.62
541160,642,642.11,98.36,98.36,0,10.62
541165,654,654.33,105.24,105.24,0,10.62
541170,667,666.9,111.4,111.4,0,10.62
541175,669,668.68,116.8,116.8,0,10.62
541180,678,678.08,121.38,121.38,0,10.62
541185,680,680.31,125.08,125.08,0,10.62
541190,682,681.94,127.89,127.89,0,10.62
541195,682,681.69,129.79,129.79,0,10.62
541200,679,679.04,130.76,129.79,0,10.62
541205,674,674.3,130.82,129.79,0,10.62
541210,669,668.98,129.97,129.79,0,10.62
541215,662,661.7,128.26,128.26,0,10.62
541220,654,654.01,125.71,125.71,0,10.62
541225,645,645.29,122.38,122.38,0,10.62
541230,637,637.01,118.3,118.3,0,10.62
541235,627,626.72,113.55,113.55,0,10.62
541240,617,616.97,108.19,108.19,0,10.62
541245,607,607.28,102.28,102.28,0,10.62
541250,598,598.05,95.9,95.9,0,10.62
541255,589,588.73,89.11,89.11,0,10.62
541260,580,579.93,82.0,82.0,0,10.62
541265,572,572.27,74.63,74.63,0,10.62
541270,561,561.09,67.08,67.08,0,10.62
541275,553,552.74,59.42,59.42,0,10.62
541280,544,543.89,51.73,51.73,0,10.62
541285,535,535.26,44.06,44.06,0,10.62
541290,526,526.13,36.48,36.48,0,10.62
541295,517,516.74,29.06,29.06,0,10.62
541300,510,509.86,21.85,21.85,0,10.62
541305,500,500.26,14.89,14.89,0,10.62
541310,493,493.16,8.24,8.24,0,10.62
541315,486,485.74,1.94,1.94,0,10.62
541320,479,478.83,-3.99,-3.99,0,10.62
541325,472,472.26,-9.51,-9.51,0,10.62
541330,469,469.19,-14.6,-14.6,0,10.62
541335,464,463.75,-19.25,-19.25,0,10.62
541340,463,462.79,-23.46,-23.46,0,10.62
541345,459,459.25,-27.22,-27.22,0,10.62
541350,457,457.23,-30.54,-30.54,0,10.62
541355,457,456.75,-33.43,-33.43,0,10.62
541360,459,458.76,-35.91,-35.91,0,10.62
541365,459,459.25,-38.01,-38.01,0,10.62
541370,461,461.25,-39.76,-39.76,0,10.62
541375,481,480.76,-41.18,-41.18,0,10.62
541380,464,463.74,-42.31,-42.31,0,10.62
541385,470,470.2,-43.19,-43.19,0,10.62
541390,461,461.27,-43.85,-43.85,0,10.62
541395,471,470.84,-44.35,-44.35,0,10.62
541400,477,476.73,-44.7,-44.7,0,10.62
541405,477,477.12,-44.96,-44.96,0,10.62
541410,481,481.26,-45.17,-45.17,0,10.62
541415,481,480.91,-45.35,-45.35,0,10.62
541420,485,484.75,-45.55,-45.55,0,10.62
541425,484,484.05,-45.79,-45.79,0,10.62
541430,487,487.23,-46.1,-46.1,0,10.62
541435,476,475.98,-46.51,-46.51,0,10.62
541440,485,484.77,-47.04,-47.04,0,10.62
541445,485,485.0,-47.7,-47.7,0,10.62
541450,484,484.22,-48.5,-48.5,0,10.62
541455,482,482.01,-49.45,-49.45,0,10.62
541460,481,480.78,-50.56,-50.56,0,10.62
541465,477,476.98,-51.82,-51.82,0,10.62
541470,476,476.21,-53.22,-53.22,0,10.62
541475,473,473.03,-54.76,-54.76,0,10.62
541480,473,472.79,-56.42,-56.42,0,10.62
541485,469,468.96,-58.19,-58.19,0,10.62
541490,466,466.2,-60.03,-60.03,0,10.62
541495,463,463.05,-61.94,-61.94,0,10.62
541500,461,460.81,-63.86,-63.86,0,10.62
541505,461,460.94,-65.79,-65.79,0,10.62
541510,456,456.18,-67.68,-67.68,0,10.62
541515,454,454.06,-69.49,-69.49,0,10.62
541520,452,451.83,-71.19,-71.19,0,10.62
541525,451,450.93,-72.75,-72.75,0,10.62
541530,447,447.16,-74.11,-74.11,0,10.62
541535,446,446.07,-75.25,-75.25,0,10.62
541540,446,445.85,-76.1,-76.1,0,10.62
541545,445,444.94,-76.65,-76.1,0,10.62
541550,443,443.14,-76.84,-76.1,0,10.62
541555,442,442.06,-76.64,-76.1,0,10.62
541560,441,440.87,-75.99,-75.99,0,10.62
541565,440,439.94,-74.88,-74.88,0,10.62
541570,438,438.11,-73.26,-73.26,0,10.62
541575,438,438.05,-71.1,-71.1,0,10.62
541580,437,436.9,-68.37,-68.37,0,10.62
541585,437,436.95,-65.04,-65.04,0,10.62
541590,438,438.09,-61.1,-61.1,0,10.62
541595,439,439.05,-56.54,-56.54,0,10.62
541600,435,434.92,-51.34,-51.34,0,10.62
541605,436,435.95,-45.5,-45.5,0,10.62
541610,436,436.07,-39.04,-39.04,0,10.62
541615,438,438.05,-31.97,-31.97,0,10.62
541620,441,440.94,-24.31,-24.31,0,10.62
541625,449,448.95,-16.11,-16.11,0,10.62
541630,458,458.06,-7.42,-7.42,0,10.62
541635,468,468.06,1.7,1.7,0,10.62
541640,479,478.94,11.19,11.19,0,10.62
541645,497,496.94,20.97,20.97,0,10.62
541650,517,517.07,30.93,30.93,0,10.62
541655,536,536.06,40.99,40.99,0,10.62
541660,559,558.92,51.03,51.03,0,10.62
541665,579,578.94,60.96,60.96,0,10.62
541670,599,599.08,70.66,70.66,0,10.62
541675,620,620.07,80.03,80.03,0,10.62
541680,638,637.91,88.95,88.95,0,10.62
541685,655,654.93,97.33,97.33,0,10.62
541690,668,668.09,105.08,105.08,0,10.62
541695,678,678.07,112.11,112.11,0,10.62
541700,688,687.9,118.34,118.34,0,10.62
541705,696,695.93,123.72,123.72,0,10.62
541710,701,701.1,128.2,128.2,0,10.62
541715,703,703.06,131.73,131.73,0,10.62
541720,704,703.89,134.29,134.29,0,10.62
541725,700,699.94,135.86,134.77,0,10.62
541730,699,699.11,136.46,134.77,0,10.62
541735,692,692.06,136.09,134.77,0,10.62
541740,686,685.88,134.77,134.77,0,10.62
541745,677,676.93,132.54,132.54,0,10.62
541750,668,668.13,129.44,129.44,0,10.62
541755,659,659.07,125.53,125.53,0,10.62
541760,650,649.86,120.87,120.87,0,10.62
541765,638,637.93,115.51,115.51,0,10.62
541770,626,626.14,109.52,109.52,0,10.62
541775,618,618.07,102.99,102.99,0,10.62
541780,608,607.86,95.99,95.99,0,10.62
541785,598,597.92,88.58,88.58,0,10.62
541790,588,588.14,80.85,80.85,0,10.62
541795,578,578.08,72.88,72.88,0,10.62
541800,569,568.86,64.74,64.74,0,10.62
541805,561,560.92,56.5,56.5,0,10.62
541810,551,551.14,48.23,48.23,0,10.62
541815,542,542.08,40.0,40.0,0,10.62
541820,535,534.86,31.87,31.87,0,10.62
541825,527,526.92,23.91,23.91,0,10.62
541830,519,519.14,16.16,16.16,0,10.62
541835,510,510.08,8.69,8.69,0,10.62
541840,502,501.86,1.53,1.53,0,10.62
541845,494,493.92,-5.27,-5.27,0,10.62
541850,487,487.14,-11.68,-11.68,0,10.62
541855,480,480.08,-17.67,-17.67,0,10.62
541860,474,473.85,-23.22,-23.22,0,10.62
541865,472,471.93,-28.3,-28.3,0,10.62
541870,465,465.15,-32.92,-32.92,0,10.62
541875,463,463.07,-37.06,-37.06,0,10.62
541880,462,461.85,-40.73,-40.73,0,10.62
541885,460,459.94,-43.93,-43.93,0,10.62
541890,460,460.15,-46.69,-46.69,0,10.62
541895,460,460.05,-49.02,-49.02,0,10.62
541900,460,459.85,-50.94,-50.94,0,10.62
541905,462,461.96,-52.48,-52.48,0,10.62
541910,463,463.16,-53.67,-53.67,0,10.62
541915,466,466.03,-54.55,-54.55,0,10.62
541920,468,467.84,-55.15,-55.15,0,10.62
541925,469,468.97,-55.52,-55.52,0,10.62
541930,471,471.16,-55.69,-55.52,0,10.62
541935,473,473.02,-55.69,-55.52,0,10.62
541940,476,475.84,-55.57,-55.52,0,10.62
541945,478,477.98,-55.37,-55.37,0,10.62
541950,479,479.16,-55.11,-55.11,0,10.62
541955,481,481.01,-54.85,-54.85,0,10.62
541960,482,481.84,-54.59,-54.59,0,10.62
541965,483,483.0,-54.38,-54.38,0,10.62
541970,482,482.16,-54.24,-54.38,0,10.62
541975,484,483.99,-54.19,-54.38,0,10.62
541980,485,484.84,-54.25,-54.38,0,10.62
541985,481,481.01,-54.43,-54.43,0,10.62
541990,485,485.15,-54.74,-54.74,0,10.62
541995,484,483.99,-55.19,-55.19,0,10.62
542000,477,476.85,-55.77,-55.77,0,10.62
542005,478,478.01,-56.5,-56.5,0,10.62
542010,480,480.16,-57.35,-57.35,0,10.62
542015,478,478.0,-58.32,-58.32,0,10.62
542020,480,479.82,-59.4,-59.4,0,10.62
542025,475,474.98,-60.56,-60.56,0,10.62
542030,474,474.18,-61.79,-61.79,0,10.62
542035,471,471.03,-63.05,-63.05,0,10.62
542040,472,471.81,-64.33,-64.33,0,10.62
542045,468,467.96,-65.59,-65.59,0,10.62
542050,466,466.19,-66.8,-66.8,0,10.62
542055,464,464.05,-67.91,-67.91,0,10.62
542060,463,462.81,-68.89,-68.89,0,10.62
542065,462,461.94,-69.7,-69.7,0,10.62
542070,460,460.2,-70.3,-70.3,0,10.62
542075,458,458.06,-70.65,-70.3,0,10.62
542080,456,455.8,-70.7,-70.3,0,10.62
542085,455,454.93,-70.4,-70.3,0,10.62
542090,454,454.21,-69.73,-69.73,0,10.62
542095,452,452.08,-68.63,-68.63,0,10.62
542100,451,450.79,-67.07,-67.07,0,10.62
542105,450,449.92,-65.01,-65.01,0,10.62
542110,447,447.22,-62.42,-62.42,0,10.62
542115,447,447.09,-59.26,-59.26,0,10.62
542120,446,445.77,-55.52,-55.52,0,10.62
542125,444,443.9,-51.17,-51.17,0,10.62
542130,443,443.23,-46.2,-46.2,0,10.62
542135,444,444.1,-40.61,-40.61,0,10.62
542140,442,441.76,-34.4,-34.4,0,10.62
542145,444,443.89,-27.58,-27.58,0,10.62
542150,442,442.24,-20.18,-20.18,0,10.62
542155,452,452.13,-12.24,-12.24,0,10.62
542160,462,461.77,-3.79,-3.79,0,10.62
542165,474,473.87,5.1,5.1,0,10.62
542170,485,485.23,14.36,14.36,0,10.62
542175,502,502.14,23.92,23.92,0,10.62
542180,523,522.79,33.68,33.68,0,10.62
542185,544,543.86,43.54,43.54,0,10.62
542190,563,563.2,53.41,53.41,0,10.62
542195,586,586.15,63.17,63.17,0,10.62
542200,604,603.81,72.72,72.72,0,10.62
542205,623,622.85,81.96,81.96,0,10.62
542210,640,640.17,90.77,90.77,0,10.62
542215,656,656.15,99.06,99.06,0,10.62
542220,668,667.84,106.73,106.73,0,10.62
542225,680,679.84,113.7,113.7,0,10.62
542230,689,689.15,119.91,119.91,0,10.62
542235,696,696.17,125.27,125.27,0,10.62
542240,700,699.86,129.75,129.75,0,10.62
542245,702,701.82,133.31,133.31,0,10.62
542250,702,702.13,135.91,135.91,0,10.62
542255,700,700.19,137.54,136.66,0,10.62
542260,697,696.88,138.2,136.66,0,10.62
542265,693,692.8,137.9,136.66,0,10.62
542270,686,686.11,136.66,136.66,0,10.62
542275,678,678.2,134.51,134.51,0,10.62
542280,670,669.9,131.49,131.49,0,10.62
542285,662,661.79,127.65,127.65,0,10.62
542290,652,652.09,123.03,123.03,0,10.62
542295,642,642.21,117.71,117.71,0,10.62
542300,633,632.91,111.75,111.75,0,10.62
542305,623,622.78,105.22,105.22,0,10.62
542310,611,611.08,98.19,98.19,0,10.62
542315,601,601.22,90.74,90.74,0,10.62
542320,592,591.94,82.94,82.94,0,10.62
542325,583,582.78,74.88,74.88,0,10.62
542330,571,571.05,66.62,66.62,0,10.62
542335,560,560.22,58.24,58.24,0,10.62
542340,551,550.96,49.81,49.81,0,10.62
542345,546,545.79,41.41,41.41,0,10.62
542350,534,534.03,33.1,33.1,0,10.62
542355,523,523.2,24.95,24.95,0,10.62
542360,515,514.98,17.01,17.01,0,10.62
542365,507,506.82,9.34,9.34,0,10.62
542370,498,498.01,1.98,1.98,0,10.62
542375,489,489.16,-5.01,-5.01,0,10.62
542380,483,483.0,-11.59,-11.59,0,10.62
542385,475,474.86,-17.75,-17.75,0,10.62
542390,470,469.99,-23.44,-23.44,0,10.62
542395,465,465.13,-28.66,-28.66,0,10.62
542400,461,461.02,-33.38,-33.38,0,10.62
542405,457,456.89,-37.6,-37.6,0,10.62
542410,453,452.97,-41.33,-41.33,0,10.62
542415,454,454.09,-44.56,-44.56,0,10.62
542420,454,454.04,-47.32,-47.32,0,10.62
542425,452,451.92,-49.61,-49.61,0,10.62
542430,454,453.94,-51.46,-51.46,0,10.62
542435,456,456.07,-52.9,-52.9,0,10.62
542440,457,457.08,-53.96,-53.96,0,10.62
542445,459,458.94,-54.68,-54.68,0,10.62
542450,463,462.9,-55.08,-54.84,0,10.62
542455,464,464.05,-55.22,-54.84,0,10.62
542460,466,466.12,-55.12,-54.84,0,10.62
542465,467,466.96,-54.84,-54.84,0,10.62
542470,470,469.87,-54.4,-54.4,0,10.62
542475,472,472.04,-53.85,-53.85,0,10.62
542480,474,474.15,-53.22,-53.22,0,10.62
542485,475,474.97,-52.55,-52.55,0,10.62
542490,475,474.84,-51.88,-51.88,0,10.62
542495,476,476.03,-51.23,-51.23,0,10.62
542500,475,475.18,-50.64,-50.64,0,10.62
542505,478,477.98,-50.12,-50.12,0,10.62
542510,478,477.8,-49.7,-49.7,0,10.62
542515,479,479.02,-49.4,-49.4,0,10.62
542520,479,479.22,-49.24,-49.4,0,10.62
542525,478,477.99,-49.22,-49.4,0,10.62
542530,479,478.77,-49.36,-49.4,0,10.62
542535,478,478.01,-49.66,-49.66,0,10.62
542540,476,476.25,-50.11,-50.11,0,10.62
542545,475,475.0,-50.71,-50.71,0,10.62
542550,474,473.74,-51.46,-51.46,0,10.62
542555,473,473.0,-52.35,-52.35,0,10.62
542560,473,473.28,-53.35,-53.35,0,10.62
542565,472,472.0,-54.46,-54.46,0,10.62
542570,472,471.7,-55.64,-55.64,0,10.62
542575,469,469.0,-56.88,-56.88,0,10.62
542580,467,467.31,-58.14,-58.14,0,10.62
542585,464,464.01,-59.4,-59.4,0,10.62
542590,463,462.67,-60.62,-60.62,0,10.62
542595,462,461.99,-61.76,-61.76,0,10.62
542600,458,458.35,-62.79,-62.79,0,10.62
542605,456,456.0,-63.67,-63.67,0,10.62
542610,455,454.64,-64.35,-64.35,0,10.62
542615,453,453.0,-64.79,-64.35,0,10.62
542620,451,451.38,-64.95,-64.35,0,10.62
542625,449,448.99,-64.8,-64.35,0,10.62
542630,448,447.61,-64.28,-64.28,0,10.62
542635,446,446.01,-63.36,-63.36,0,10.62
542640,444,444.41,-62.0,-62.0,0,10.62
542645,451,450.99,-60.17,-60.17,0,10.62
542650,444,443.57,-57.84,-57.84,0,10.62
542655,442,442.0,-54.97,-54.97,0,10.62
542660,425,425.43,-51.54,-51.54,0,10.62
542665,442,442.01,-47.53,-47.53,0,10.62
542670,443,442.59,-42.93,-42.93,0,10.62
542675,451,450.98,-37.74,-37.74,0,10.62
542680,442,442.38,-31.96,-31.96,0,10.62
542685,447,447.02,-25.61,-25.61,0,10.62
542690,447,446.66,-18.69,-18.69,0,10.62
542695,450,449.99,-11.24,-11.24,0,10.62
542700,455,455.31,-3.3,-3.3,0,10.62
542705,464,464.02,5.08,5.08,0,10.62
542710,474,473.73,13.84,13.84,0,10.62
542715,489,488.99,22.92,22.92,0,10.62
542720,504,504.24,32.22,32.22,0,10.62
542725,525,525.02,41.68,41.68,0,10.62
542730,539,538.8,51.18,51.18,0,10.62
542735,559,558.98,60.63,60.63,0,10.62
542740,579,579.17,69.93,69.93,0,10.62
542745,596,596.03,78.98,78.98,0,10.62
542750,614,613.85,87.66,87.66,0,10.62
542755,631,630.96,95.88,95.88,0,10.62
542760,647,647.12,103.55,103.55,0,10.62
542765,659,659.04,110.57,110.57,0,10.62
542770,670,669.9,116.86,116.86,0,10.62
542775,678,677.95,122.36,122.36,0,10.62
542780,686,686.07,126.99,126.99,0,10.62
542785,690,690.05,130.73,130.73,0,10.62
542790,691,690.94,133.52,133.52,0,10.62
542795,691,690.93,135.34,134.96,0,10.62
542800,690,690.04,136.19,134.96,0,10.62
542805,686,686.07,136.06,134.96,0,10.62
542810,678,677.98,134.96,134.96,0,10.62
542815,673,672.91,132.93,132.93,0,10.62
542820,658,658.01,129.99,129.99,0,10.62
542825,654,654.1,126.19,126.19,0,10.62
542830,645,645.02,121.59,121.59,0,10.62
542835,633,632.89,116.24,116.24,0,10.62
542840,633,632.96,110.2,110.2,0,10.62
542845,611,611.12,103.55,103.55,0,10.62
542850,601,601.05,96.37,96.37,0,10.62
542855,590,589.87,88.72,88.72,0,10.62
542860,579,578.95,80.7,80.7,0,10.62
542865,565,565.14,72.38,72.38,0,10.62
542870,555,555.05,63.84,63.84,0,10.62
542875,543,542.85,55.17,55.17,0,10.62
542880,534,533.95,46.43,46.43,0,10.62
542885,523,523.16,37.71,37.71,0,10.62
542890,514,514.05,29.08,29.08,0,10.62
542895,504,503.83,20.59,20.59,0,10.62
542900,494,493.95,12.31,12.31,0,10.62
542905,484,484.18,4.31,4.31,0,10.62
542910,477,477.05,-3.38,-3.38,0,10.62
542915,468,467.82,-10.7,-10.7,0,10.62
542920,463,462.95,-17.62,-17.62,0,10.62
542925,454,454.19,-24.1,-24.1,0,10.62
542930,450,450.06,-30.13,-30.13,0,10.62
542935,445,444.8,-35.67,-35.67,0,10.62
542940,441,440.95,-40.74,-40.74,0,10.62
542945,438,438.21,-45.3,-45.3,0,10.62
542950,436,436.06,-49.38,-49.38,0,10.62
542955,434,433.79,-52.98,-52.98,0,10.62
542960,435,434.95,-56.11,-56.11,0,10.62
542965,430,430.22,-58.79,-58.79,0,10.62
542970,433,433.05,-61.05,-61.05,0,10.62
542975,436,435.78,-62.92,-62.92,0,10.62
542980,437,436.95,-64.42,-64.42,0,10.62
542985,439,439.22,-65.59,-65.59,0,10.62
542990,441,441.04,-66.48,-66.48,0,10.62
542995,443,442.78,-67.11,-67.11,0,10.62
543000,445,444.96,-67.53,-67.53,0,10.62
543005,445,445.21,-67.77,-67.77,0,10.62
543010,448,448.03,-67.88,-67.77,0,10.62
543015,448,447.79,-67.89,-67.77,0,10.62
543020,451,450.98,-67.83,-67.77,0,10.62
543025,452,452.21,-67.75,-67.75,0,10.62
543030,455,455.02,-67.66,-67.66,0,10.62
543035,452,451.79,-67.6,-67.66,0,10.62
543040,452,451.98,-67.59,-67.66,0,10.62
543045,454,454.22,-67.64,-67.66,0,10.62
543050,452,452.02,-67.79,-67.79,0,10.62
543055,450,449.77,-68.03,-68.03,0,10.62
543060,448,447.97,-68.37,-68.37,0,10.62
543065,447,447.24,-68.83,-68.83,0,10.62
543070,446,446.03,-69.39,-69.39,0,10.62
543075,441,440.75,-70.07,-70.07,0,10.62
543080,439,438.96,-70.84,-70.84,0,10.62
543085,437,437.26,-71.71,-71.71,0,10.62
543090,435,435.05,-72.67,-72.67,0,10.62
543095,434,433.72,-73.69,-73.69,0,10.62
543100,431,430.93,-74.77,-74.77,0,10.62
543105,429,429.29,-75.89,-75.89,0,10.62
543110,425,425.08,-77.02,-77.02,0,10.62
543115,425,424.69,-78.16,-78.16,0,10.62
543120,422,421.91,-79.27,-79.27,0,10.62
543125,420,420.32,-80.33,-80.33,0,10.62
543130,420,420.09,-81.33,-81.33,0,10.62
543135,420,419.66,-82.24,-82.24,0,10.62
543140,421,420.9,-83.04,-83.04,0,10.62
543145,420,420.35,-83.7,-83.7,0,10.62
543150,421,421.11,-84.21,-84.21,0,10.62
543155,421,420.64,-84.53,-84.21,0,10.62
543160,426,425.88,-84.66,-84.21,0,10.62
543165,424,424.38,-84.55,-84.21,0,10.62
543170,425,425.12,-84.19,-84.19,0,10.62
543175,429,428.61,-83.56,-83.56,0,10.62
543180,428,427.89,-82.63,-82.63,0,10.62
543185,428,428.41,-81.37,-81.37,0,10.62
543190,430,430.11,-79.77,-79.77,0,10.62
543195,432,431.58,-77.79,-77.79,0,10.62
543200,433,432.89,-75.42,-75.42,0,10.62
543205,435,435.43,-72.62,-72.62,0,10.62
543210,435,435.11,-69.39,-69.39,0,10.62
543215,438,437.56,-65.7,-65.7,0,10.62
543220,438,437.9,-61.52,-61.52,0,10.62
543225,440,440.45,-56.85,-56.85,0,10.62
543230,440,440.1,-51.68,-51.68,0,10.62
543235,441,440.54,-45.99,-45.99,0,10.62
543240,441,440.9,-39.77,-39.77,0,10.62
543245,441,441.48,-33.04,-33.04,0,10.62
543250,440,440.09,-25.8,-25.8,0,10.62
543255,445,444.51,-18.06,-18.06,0,10.62
543260,448,447.92,-9.85,-9.85,0,10.62
543265,450,450.51,-1.2,-1.2,0,10.62
543270,459,459.08,7.85,7.85,0,10.62
543275,468,467.48,17.24,17.24,0,10.62
543280,479,478.94,26.92,26.92,0,10.62
543285,492,492.53,36.8,36.8,0,10.62
543290,512,512.06,46.82,46.82,0,10.62
543295,530,529.47,56.88,56.88,0,10.62
543300,551,550.95,66.89,66.89,0,10.62
543305,572,572.54,76.74,76.74,0,10.62
543310,583,583.04,86.34,86.34,0,10.62
543315,611,610.44,95.57,95.57,0,10.62
543320,631,630.99,104.35,104.35,0,10.62
543325,629,629.56,112.57,112.57,0,10.62
543330,660,659.98,120.14,120.14,0,10.62
543335,674,673.46,126.98,126.98,0,10.62
543340,684,684.06,133.0,133.0,0,10.62
543345,690,690.5,138.15,138.15,0,10.62
543350,706,705.91,142.37,142.37,0,10.62
543355,698,697.52,145.62,145.62,0,10.62
543360,701,701.11,147.87,147.87,0,10.62
543365,694,694.44,149.11,147.87,0,10.62
543370,697,696.88,149.34,147.87,0,10.62
543375,691,690.59,148.56,147.87,0,10.62
543380,684,684.14,146.8,146.8,0,10.62
543385,676,676.36,144.1,144.1,0,10.62
543390,667,666.85,140.49,140.49,0,10.62
543395,658,657.67,136.03,136.03,0,10.62
543400,647,647.16,130.79,130.79,0,10.62
543405,637,637.29,124.83,124.83,0,10.62
543410,623,622.82,118.22,118.22,0,10.62
543415,613,612.75,111.05,111.05,0,10.62
543420,601,601.19,103.39,103.39,0,10.62
543425,589,589.21,95.34,95.34,0,10.62
543430,578,577.79,86.97,86.97,0,10.62
543435,567,566.83,78.37,78.37,0,10.62
543440,538,538.22,69.64,69.64,0,10.62
543445,546,546.14,60.83,60.83,0,10.62
543450,538,537.8,52.05,52.05,0,10.62
543455,516,515.89,43.36,43.36,0,10.62
543460,517,517.16,34.83,34.83,0,10.62
543465,508,508.09,26.52,26.52,0,10.62
543470,488,487.86,18.5,18.5,0,10.62
543475,488,487.91,10.83,10.83,0,10.62
543480,482,482.13,3.54,3.54,0,10.62
543485,476,476.09,-3.31,-3.31,0,10.62
543490,468,467.88,-9.71,-9.71,0,10.62
543495,462,461.91,-15.6,-15.6,0,10.62
543500,458,458.12,-20.99,-20.99,0,10.62
543505,454,454.1,-25.84,-25.84,0,10.62
543510,451,450.89,-30.16,-30.16,0,10.62
543515,447,446.9,-33.93,-33.93,0,10.62
543520,447,447.11,-37.18,-37.18,0,10.62
543525,446,446.11,-39.9,-39.9,0,10.62
543530,446,445.89,-42.12,-42.12,0,10.62
543535,446,445.88,-43.86,-43.86,0,10.62
543540,448,448.11,-45.14,-45.14,0,10.62
543545,449,449.13,-46.0,-46.0,0,10.62
543550,450,449.9,-46.48,-46.0,0,10.62
543555,453,452.86,-46.6,-46.0,0,10.62
543560,456,456.11,-46.41,-46.0,0,10.62
543565,459,459.16,-45.96,-45.96,0,10.62
543570,463,462.89,-45.28,-45.28,0,10.62
543575,465,464.83,-44.42,-44.42,0,10.62
543580,468,468.11,-43.43,-43.43,0,10.62
543585,470,470.19,-42.34,-42.34,0,10.62
543590,473,472.89,-41.19,-41.19,0,10.62
543595,475,474.8,-40.04,-40.04,0,10.62
543600,476,476.11,-38.91,-38.91,0,10.62
543605,476,476.21,-37.83,-37.83,0,10.62
543610,478,477.89,-36.84,-36.84,0,10.62
543615,479,478.78,-35.97,-35.97,0,10.62
543620,478,478.11,-35.24,-35.24,0,10.62
543625,479,479.23,-34.68,-34.68,0,10.62
543630,479,478.89,-34.29,-34.33,0,10.62
543635,478,477.76,-34.09,-34.33,0,10.62
543640,479,479.11,-34.1,-34.33,0,10.62
543645,477,477.25,-34.33,-34.33,0,10.62
543650,477,476.89,-34.76,-34.76,0,10.62
543655,477,476.73,-35.41,-35.41,0,10.62
543660,473,473.11,-36.28,-36.28,0,10.62
543665,474,474.28,-37.34,-37.34,0,10.62
543670,472,471.9,-38.6,-38.6,0,10.62
543675,470,469.71,-40.03,-40.03,0,10.62
543680,468,468.1,-41.62,-41.62,0,10.62
543685,466,466.3,-43.36,-43.36,0,10.62
543690,466,465.9,-45.21,-45.21,0,10.62
543695,463,462.69,-47.16,-47.16,0,10.62
543700,462,462.09,-49.17,-49.17,0,10.62
543705,459,459.33,-51.21,-51.21,0,10.62
543710,457,456.92,-53.25,-53.25,0,10.62
543715,455,454.66,-55.25,-55.25,0,10.62
543720,453,453.08,-57.19,-57.19,0,10.62
543725,453,453.36,-59.01,-59.01,0,10.62
543730,451,450.93,-60.68,-60.68,0,10.62
543735,447,446.62,-62.16,-62.16,0,10.62
543740,445,445.07,-63.4,-63.4,0,10.62
543745,444,444.4,-64.37,-64.37,0,10.62
543750,442,441.94,-65.03,-64.66,0,10.62
543755,441,440.58,-65.32,-64.66,0,10.62
543760,440,440.05,-65.21,-64.66,0,10.62
543765,439,439.45,-64.66,-64.66,0,10.62
543770,438,437.96,-63.63,-63.63,0,10.62
543775,437,436.52,-62.09,-62.09,0,10.62
543780,436,436.03,-60.0,-60.0,0,10.62
543785,417,417.49,-57.34,-57.34,0,10.62
543790,432,431.98,-54.07,-54.07,0,10.62
543795,430,429.51,-50.19,-50.19,0,10.62
543800,434,434.02,-45.68,-45.68,0,10.62
543805,432,432.48,-40.53,-40.53,0,10.62
543810,434,433.98,-34.76,-34.76,0,10.62
543815,436,435.54,-28.36,-28.36,0,10.62
543820,434,434.01,-21.36,-21.36,0,10.62
543825,439,439.45,-13.8,-13.8,0,10.62
543830,444,444.0,-5.7,-5.7,0,10.62
543835,451,450.56,2.87,2.87,0,10.62
543840,463,463.0,11.86,11.86,0,10.62
543845,475,475.43,21.19,21.19,0,10.62
543850,492,492.01,30.79,30.79,0,10.62
543855,510,509.58,40.55,40.55,0,10.62
543860,530,529.99,50.38,50.38,0,10.62
543865,549,549.41,60.18,60.18,0,10.62
543870,571,571.02,69.83,69.83,0,10.62
543875,593,592.6,79.23,79.23,0,10.62
543880,611,610.98,88.26,88.26,0,10.62
543885,630,630.38,96.82,96.82,0,10.62
543890,644,644.02,104.82,104.82,0,10.62
543895,657,656.62,112.14,112.14,0,10.62
543900,671,670.97,118.72,118.72,0,10.62
543905,678,678.37,124.47,124.47,0,10.62
543910,687,687.03,129.34,129.34,0,10.62
543915,691,690.64,133.27,133.27,0,10.62
543920,694,693.97,136.23,136.23,0,10.62
543925,690,690.35,138.18,138.02,0,10.62
543930,690,690.03,139.13,138.02,0,10.62
543935,685,684.66,139.07,138.02,0,10.62
543940,680,679.97,138.02,138.02,0,10.62
543945,671,671.33,136.01,136.01,0,10.62
543950,664,664.03,133.07,133.07,0,10.62
543955,654,653.68,129.25,129.25,0,10.62
543960,645,644.97,124.61,124.61,0,10.62
543965,629,629.3,119.22,119.22,0,10.62
543970,621,621.02,113.14,113.14,0,10.62
543975,609,608.72,106.44,106.44,0,10.62
543980,596,595.98,99.22,99.22,0,10.62
543985,586,586.27,91.54,91.54,0,10.62
543990,575,575.02,83.49,83.49,0,10.62
543995,565,564.75,75.16,75.16,0,10.62
544000,554,553.98,66.63,66.63,0,10.62
544005,541,541.22,57.97,57.97,0,10.62
544010,534,534.02,49.27,49.27,0,10.62
544015,522,521.8,40.6,40.6,0,10.62
544020,512,511.98,32.03,32.03,0,10.62
544025,506,506.18,23.64,23.64,0,10.62
544030,496,496.02,15.48,15.48,0,10.62
544035,487,486.84,7.61,7.61,0,10.62
544040,478,477.97,0.07,0.07,0,10.62
544045,470,470.14,-7.07,-7.07,0,10.62
544050,464,464.04,-13.78,-13.78,0,10.62
544055,457,456.88,-20.04,-20.04,0,10.62
544060,451,450.95,-25.82,-25.82,0,10.62
544065,447,447.11,-31.09,-31.09,0,10.62
544070,442,442.06,-35.85,-35.85,0,10.62
544075,435,434.91,-40.09,-40.09,0,10.62
544080,438,437.93,-43.82,-43.82,0,10.62
544085,436,436.08,-47.04,-47.04,0,10.62
544090,438,438.08,-49.78,-49.78,0,10.62
544095,438,437.92,-52.05,-52.05,0,10.62
544100,446,445.91,-53.88,-53.88,0,10.62
544105,440,440.07,-55.31,-55.31,0,10.62
544110,442,442.09,-56.36,-56.36,0,10.62
544115,445,444.94,-57.08,-57.08,0,10.62
544120,447,446.92,-57.5,-57.42,0,10.62
544125,450,450.06,-57.67,-57.42,0,10.62
544130,450,450.07,-57.63,-57.42,0,10.62
544135,453,452.95,-57.42,-57.42,0,10.62
544140,458,457.94,-57.09,-57.09,0,10.62
544145,460,460.04,-56.67,-56.67,0,10.62
544150,463,463.05,-56.21,-56.21,0,10.62
544155,462,461.96,-55.74,-55.74,0,10.62
544160,463,462.96,-55.31,-55.31,0,10.62
544165,466,466.05,-54.93,-54.93,0,10.62
544170,467,467.03,-54.64,-54.64,0,10.62
544175,466,465.95,-54.47,-54.64,0,10.62
544180,465,464.97,-54.43,-54.64,0,10.62
544185,466,466.05,-54.54,-54.64,0,10.62
544190,464,464.02,-54.81,-54.81,0,10.62
544195,462,461.94,-55.26,-55.26,0,10.62
544201,460,459.98,-55.88,-55.88,0,10.62
544205,460,460.07,-56.67,-56.67,0,10.62
544210,458,458.03,-57.64,-57.64,0,10.62
544215,455,454.92,-58.78,-58.78,0,10.62
544220,453,452.97,-60.06,-60.06,0,10.62
544225,451,451.09,-61.49,-61.49,0,10.62
544230,447,447.03,-63.04,-63.04,0,10.62
544235,446,445.89,-64.7,-64.7,0,10.62
544240,442,441.97,-66.43,-66.43,0,10.62
544245,441,441.12,-68.22,-68.22,0,10.62
544250,445,445.04,-70.04,-70.04,0,10.62
544255,437,436.87,-71.87,-71.87,0,10.62
544260,434,433.94,-73.66,-73.66,0,10.62
544265,433,433.15,-75.39,-75.39,0,10.62
544270,432,432.08,-77.03,-77.03,0,10.62
544275,431,430.84,-78.55,-78.55,0,10.62
544280,431,430.89,-79.9,-79.9,0,10.62
544285,428,428.17,-81.05,-81.05,0,10.62
544290,429,429.13,-81.98,-81.98,0,10.62
544295,429,428.82,-82.64,-82.64,0,10.62
544300,428,427.85,-82.99,-82.64,0,10.62
544305,430,430.19,-83.01,-82.64,0,10.62
544310,428,428.18,-82.66,-82.64,0,10.62
544315,427,426.8,-81.9,-81.9,0,10.62
544320,428,427.8,-80.7,-80.7,0,10.62
544325,427,427.22,-79.04,-79.04,0,10.62
544330,427,427.22,-76.87,-76.87,0,10.62
544335,426,425.76,-74.18,-74.18,0,10.62
544340,427,426.75,-70.94,-70.94,0,10.62
544345,427,427.26,-67.13,-67.13,0,10.62
544350,429,429.27,-62.73,-62.73,0,10.62
544355,427,426.72,-57.74,-57.74,0,10.62
544360,427,426.7,-52.15,-52.15,0,10.62
544365,426,426.3,-45.96,-45.96,0,10.62
544370,418,418.33,-39.18,-39.18,0,10.62
544375,431,430.69,-31.83,-31.83,0,10.62
544380,437,436.66,-23.95,-23.95,0,10.62
544385,441,441.34,-15.56,-15.56,0,10.62
544390,446,446.34,-6.72,-6.72,0,10.62
544395,459,458.65,2.51,2.51,0,10.62
544400,471,470.67,12.07,12.07,0,10.62
544405,486,486.38,21.86,21.86,0,10.62
544410,505,505.33,31.81,31.81,0,10.62
544415,522,521.6,41.82,41.82,0,10.62
544420,543,542.67,51.78,51.78,0,10.62
544425,564,564.42,61.6,61.6,0,10.62
544430,585,585.33,71.15,71.15,0,10.62
544435,622,621.56,80.33,80.33,0,10.62
544440,624,623.67,89.05,89.05,0,10.62
544445,642,642.43,97.2,97.2,0,10.62
544450,654,654.33,104.69,104.69,0,10.62
544455,666,665.59,111.43,111.43,0,10.62
544460,674,673.67,117.37,117.37,0,10.62
544465,681,681.4,122.43,122.43,0,10.62
544470,687,687.33,126.57,126.57,0,10.62
544475,690,689.61,129.75,129.75,0,10.62
544480,689,688.66,131.96,131.96,0,10.62
544485,688,688.37,133.17,131.96,0,10.62
544490,679,679.35,133.4,131.96,0,10.62
544495,676,675.64,132.65,131.96,0,10.62
544500,669,668.65,130.96,130.96,0,10.62
544505,663,663.35,128.36,128.36,0,10.62
544510,654,654.35,124.89,124.89,0,10.62
544515,646,645.66,120.62,120.62,0,10.62
544520,635,634.64,115.59,115.59,0,10.62
544525,623,623.33,109.89,109.89,0,10.62
544530,613,613.36,103.58,103.58,0,10.62
544535,603,602.68,96.73,96.73,0,10.62
544540,591,590.63,89.44,89.44,0,10.62
544545,581,581.31,81.77,81.77,0,10.62
544550,571,571.38,73.81,73.81,0,10.62
544555,560,559.7,65.65,65.65,0,10.62
544560,551,550.62,57.35,57.35,0,10.62
544565,540,540.29,49.01,49.01,0,10.62
544570,530,530.39,40.69,40.69,0,10.62
544575,522,521.72,32.46,32.46,0,10.62
544580,512,511.6,24.4,24.4,0,10.62
544585,503,503.27,16.57,16.57,0,10.62
544590,495,495.41,9.02,9.02,0,10.62
544595,487,486.74,1.8,1.8,0,10.62
544600,480,479.58,-5.03,-5.03,0,10.62
544605,472,472.25,-11.44,-11.44,0,10.62
544610,467,467.43,-17.39,-17.39,0,10.62
544615,462,461.76,-22.86,-22.86,0,10.62
544620,454,453.56,-27.83,-27.83,0,10.62
544625,454,454.22,-32.28,-32.28,0,10.62
544630,449,449.46,-36.22,-36.22,0,10.62
544635,449,448.79,-39.64,-39.64,0,10.62
544640,446,445.52,-42.55,-42.55,0,10.62
544645,447,447.2,-44.96,-44.96,0,10.62
544650,449,449.51,-46.91,-46.91,0,10.62
544655,448,447.81,-48.4,-48.4,0,10.62
544660,455,454.47,-49.49,-49.49,0,10.62
544665,450,450.18,-50.19,-50.19,0,10.62
544670,459,459.56,-50.56,-50.19,0,10.62
544675,460,459.83,-50.62,-50.19,0,10.62
544680,465,464.42,-50.43,-50.19,0,10.62
544685,467,467.15,-50.03,-50.03,0,10.62
544690,468,468.61,-49.47,-49.47,0,10.62
544695,473,472.86,-48.78,-48.78,0,10.62
544700,479,478.37,-48.01,-48.01,0,10.62
544705,480,480.12,-47.21,-47.21,0,10.62
544710,479,479.64,-46.41,-46.41,0,10.62
544715,483,482.89,-45.65,-45.65,0,10.62
544720,485,484.34,-44.95,-44.95,0,10.62
544725,486,486.1,-44.36,-44.36,0,10.62
544730,487,487.67,-43.9,-43.9,0,10.62
544735,486,485.91,-43.58,-43.64,0,10.62
544740,486,485.32,-43.42,-43.64,0,10.62
544745,488,488.08,-43.44,-43.64,0,10.62
544750,486,486.7,-43.64,-43.64,0,10.62
544755,486,485.92,-44.02,-44.02,0,10.62
544760,484,483.28,-44.59,-44.59,0,10.62
544765,482,482.08,-45.33,-45.33,0,10.62
544770,463,463.73,-46.24,-46.24,0,10.62
544775,480,479.93,-47.29,-47.29,0,10.62
544780,477,476.28,-48.48,-48.48,0,10.62
544785,477,477.06,-49.78,-49.78,0,10.62
544790,474,474.7,-51.17,-51.17,0,10.62
544795,472,471.94,-52.62,-52.62,0,10.62
544800,470,469.32,-54.1,-54.1,0,10.62
544805,468,468.05,-55.58,-55.58,0,10.62
544810,467,467.66,-57.03,-57.03,0,10.62
544815,463,462.95,-58.39,-58.39,0,10.62
544820,463,462.35,-59.65,-59.65,0,10.62
544825,461,461.05,-60.74,-60.74,0,10.62
544830,458,458.64,-61.64,-61.64,0,10.62
544835,459,458.95,-62.3,-62.3,0,10.62
544840,456,455.38,-62.68,-62.3,0,10.62
544845,454,454.05,-62.74,-62.3,0,10.62
544850,452,452.61,-62.42,-62.3,0,10.62
544855,452,451.96,-61.7,-61.7,0,10.62
544860,450,449.4,-60.53,-60.53,0,10.62
544865,449,449.03,-58.88,-58.88,0,10.62
544870,448,448.59,-56.71,-56.71,0,10.62
544875,446,445.97,-54.0,-54.0,0,10.62
544880,449,448.43,-50.72,-50.72,0,10.62
544885,444,444.02,-46.85,-46.85,0,10.62
544890,443,443.56,-42.37,-42.37,0,10.62
544895,444,443.98,-37.29,-37.29,0,10.62
544900,443,442.46,-31.6,-31.6,0,10.62
544905,444,444.01,-25.31,-25.31,0,10.62
544910,446,446.53,-18.44,-18.44,0,10.62
544915,450,450.0,-11.03,-11.03,0,10.62
544920,457,456.49,-3.12,-3.12,0,10.62
544925,465,465.0,5.24,5.24,0,10.62
544930,479,479.5,13.99,13.99,0,10.62
544935,494,494.01,23.06,23.06,0,10.62
544940,512,511.51,32.34,32.34,0,10.62
544945,529,528.98,41.77,41.77,0,10.62
544950,551,551.48,51.22,51.22,0,10.62
544955,570,570.04,60.61,60.61,0,10.62
544960,593,592.53,69.82,69.82,0,10.62
544965,609,608.95,78.75,78.75,0,10.62
544970,629,629.46,87.28,87.28,0,10.62
544975,645,645.07,95.33,95.33,0,10.62
544980,659,658.55,102.79,102.79,0,10.62
544985,672,671.92,109.58,109.58,0,10.62
544990,679,679.43,115.63,115.63,0,10.62
544995,677,677.09,120.85,120.85,0,10.62
545000,694,693.57,125.21,125.21,0,10.62
545005,695,694.91,128.65,128.65,0,10.62
545010,697,697.41,131.15,131.15,0,10.62
545015,696,696.07,132.68,131.46,0,10.62
545020,692,691.6,133.23,131.46,0,10.62
545025,689,688.94,132.82,131.46,0,10.62
545030,682,682.39,131.46,131.46,0,10.62
545035,677,677.05,129.18,129.18,0,10.62
545040,668,667.62,126.01,126.01,0,10.62
545045,658,657.96,122.01,122.01,0,10.62
545050,648,648.37,117.23,117.23,0,10.62
545055,639,639.03,111.73,111.73,0,10.62
545060,627,626.64,105.58,105.58,0,10.62
545065,615,614.97,98.86,98.86,0,10.62
545070,605,605.35,91.64,91.64,0,10.62
545075,595,595.02,83.99,83.99,0,10.62
545080,583,582.65,76.01,76.01,0,10.62
545085,576,575.98,67.77,67.77,0,10.62
545090,561,561.34,59.36,59.36,0,10.62
545095,553,553.02,50.84,50.84,0,10.62
545100,543,542.67,42.31,42.31,0,10.62
545105,533,532.99,33.83,33.83,0,10.62
545110,522,522.32,25.47,25.47,0,10.62
545115,514,514.0,17.31,17.31,0,10.62
545120,504,503.69,9.4,9.4,0,10.62
545125,495,495.0,1.81,1.81,0,10.62
545130,485,485.3,-5.42,-5.42,0,10.62
545135,479,478.99,-12.25,-12.25,0,10.62
545140,472,471.71,-18.62,-18.62,0,10.62
545145,465,465.01,-24.52,-24.52,0,10.62
545150,460,460.27,-29.91,-29.91,0,10.62
545155,456,455.98,-34.78,-34.78,0,10.62
545160,452,451.74,-39.12,-39.12,0,10.62
545165,450,450.02,-42.92,-42.92,0,10.62
545170,448,448.25,-46.2,-46.2,0,10.62
545175,449,448.98,-48.96,-48.96,0,10.62
545180,451,450.77,-51.22,-51.22,0,10.62
545185,449,449.02,-53.01,-53.01,0,10.62
545190,451,451.22,-54.36,-54.36,0,10.62
545195,455,454.98,-55.29,-55.29,0,10.62
545200,456,455.8,-55.85,-55.71,0,10.62
545205,459,459.02,-56.08,-55.71,0,10.62
545210,464,464.18,-56.02,-55.71,0,10.62
545215,466,465.99,-55.71,-55.71,0,10.62
545220,469,468.83,-55.21,-55.21,0,10.62
545225,473,473.01,-54.56,-54.56,0,10.62
545230,476,476.15,-53.8,-53.8,0,10.62
545235,480,480.0,-52.98,-52.98,0,10.62
545240,484,483.86,-52.14,-52.14,0,10.62
545245,482,481.99,-51.32,-51.32,0,10.62
545250,484,484.12,-50.55,-50.55,0,10.62
545255,486,486.02,-49.87,-49.87,0,10.62
545260,486,485.89,-49.31,-49.31,0,10.62
545265,484,483.97,-48.89,-48.89,0,10.62
545270,486,486.09,-48.63,-48.89,0,10.62
545275,486,486.05,-48.55,-48.89,0,10.62
545280,486,485.93,-48.66,-48.89,0,10.62
545285,486,485.93,-48.96,-48.96,0,10.62
545290,485,485.05,-49.47,-49.47,0,10.62
545295,483,483.09,-50.17,-50.17,0,10.62
545300,477,476.97,-51.07,-51.07,0,10.62
545305,482,481.9,-52.14,-52.14,0,10.62
545310,480,480.02,-53.39,-53.39,0,10.62
545315,477,477.12,-54.78,-54.78,0,10.62
545320,474,473.98,-56.3,-56.3,0,10.62
545325,473,472.87,-57.93,-57.93,0,10.62
545330,470,470.02,-59.62,-59.62,0,10.62
545335,464,464.14,-61.36,-61.36,0,10.62
545340,466,465.98,-63.1,-63.1,0,10.62
545345,465,464.86,-64.81,-64.81,0,10.62
545350,461,461.02,-66.44,-66.44,0,10.62
545355,459,459.14,-67.96,-67.96,0,10.62
545360,457,456.98,-69.33,-69.33,0,10.62
545365,456,455.86,-70.5,-70.5,0,10.62
545370,455,455.02,-71.42,-71.42,0,10.62
545375,455,455.14,-72.05,-71.75,0,10.62
545380,451,450.98,-72.34,-71.75,0,10.62
545385,450,449.86,-72.26,-71.75,0,10.62
545390,448,448.02,-71.75,-71.75,0,10.62
545395,446,446.15,-70.77,-70.77,0,10.62
545400,445,444.97,-69.29,-69.29,0,10.62
545405,445,444.85,-67.26,-67.26,0,10.62
545410,444,444.03,-64.65,-64.65,0,10.62
545415,443,443.15,-61.44,-61.44,0,10.62
545420,440,439.96,-57.6,-57.6,0,10.62
545425,440,439.85,-53.1,-53.1,0,10.62
545430,439,439.05,-47.94,-47.94,0,10.62
545435,439,439.16,-42.12,-42.12,0,10.62
545440,440,439.95,-35.64,-35.64,0,10.62
545445,442,441.84,-28.51,-28.51,0,10.62
545450,446,446.06,-20.76,-20.76,0,10.62
545455,450,450.16,-12.42,-12.42,0,10.62
545460,459,458.93,-3.55,-3.55,0,10.62
545465,469,468.84,5.79,5.79,0,10.62
545470,482,482.08,15.54,15.54,0,10.62
545475,499,499.17,25.62,25.62,0,10.62
545480,517,516.91,35.92,35.92,0,10.62
545485,542,541.83,46.36,46.36,0,10.62
545490,561,561.1,56.81,56.81,0,10.62
545495,582,582.17,67.18,67.18,0,10.62
545500,604,603.89,77.34,77.34,0,10.62
545505,625,624.84,87.18,87.18,0,10.62
545510,643,643.12,96.6,96.6,0,10.62
545515,659,659.15,105.48,105.48,0,10.62
545520,673,672.86,113.72,113.72,0,10.62
545525,685,684.85,121.24,121.24,0,10.62
545530,696,696.15,127.95,127.95,0,10.62
545535,703,703.14,133.77,133.77,0,10.62
545540,709,708.83,138.66,138.66,0,10.62
545545,713,712.87,142.56,142.56,0,10.62
545550,714,714.18,145.44,145.44,0,10.62
545555,714,714.12,147.29,146.56,0,10.62
545560,709,708.8,148.08,146.56,0,10.62
545565,705,704.88,147.83,146.56,0,10.62
545570,700,700.22,146.56,146.56,0,10.62
545575,690,690.11,144.29,144.29,0,10.62
545580,683,682.75,141.06,141.06,0,10.62
545585,674,673.89,136.92,136.92,0,10.62
545590,664,664.27,131.93,131.93,0,10.62
545595,655,655.1,126.15,126.15,0,10.62
545600,644,643.7,119.64,119.64,0,10.62
545605,634,633.9,112.49,112.49,0,10.62
545610,619,619.32,104.78,104.78,0,10.62
545615,609,609.09,96.57,96.57,0,10.62
545620,600,599.65,87.96,87.96,0,10.62
545625,588,587.92,79.04,79.04,0,10.62
545630,577,577.36,69.88,69.88,0,10.62
545635,565,565.07,60.57,60.57,0,10.62
545640,554,553.62,51.19,51.19,0,10.62
545645,542,541.94,41.83,41.83,0,10.62
545650,529,529.4,32.55,32.55,0,10.62
545655,523,523.05,23.44,23.44,0,10.62
545660,514,513.58,14.55,14.55,0,10.62
545665,502,501.96,5.96,5.96,0,10.62
545670,492,492.43,-2.28,-2.28,0,10.62
545675,483,483.03,-10.11,-10.11,0,10.62
545680,474,473.56,-17.5,-17.5,0,10.62
545685,467,466.97,-24.39,-24.39,0,10.62
545690,459,459.45,-30.76,-30.76,0,10.62
545695,454,454.02,-36.58,-36.58,0,10.62
545700,447,446.54,-41.84,-41.84,0,10.62
545705,446,445.99,-46.53,-46.53,0,10.62
545710,443,443.48,-50.64,-50.64,0,10.62
545715,441,441.01,-54.18,-54.18,0,10.62
545720,440,439.51,-57.17,-57.17,0,10.62
545725,439,439.0,-59.61,-59.61,0,10.62
545730,441,441.52,-61.55,-61.55,0,10.62
545735,442,441.99,-63.0,-63.0,0,10.62
545740,444,443.46,-64.0,-64.0,0,10.62
545745,447,447.01,-64.6,-64.42,0,10.62
545750,450,450.56,-64.84,-64.42,0,10.62
545755,452,451.98,-64.76,-64.42,0,10.62
545760,473,472.42,-64.42,-64.42,0,10.62
545765,458,458.03,-63.86,-63.86,0,10.62
545770,458,458.57,-63.13,-63.13,0,10.62
545775,465,464.97,-62.27,-62.27,0,10.62
545780,470,469.45,-61.34,-61.34,0,10.62
545785,470,470.04,-60.37,-60.37,0,10.62
545790,474,474.52,-59.41,-59.41,0,10.62
545795,477,476.96,-58.51,-58.51,0,10.62
545800,477,476.51,-57.69,-57.69,0,10.62
545805,480,480.04,-56.98,-56.98,0,10.62
545810,482,482.46,-56.42,-56.42,0,10.62
545815,478,477.95,-56.03,-56.03,0,10.62
545820,481,480.56,-55.83,-56.03,0,10.62
545825,480,480.06,-55.82,-56.03,0,10.62
545830,480,480.43,-56.02,-56.03,0,10.62
545835,478,477.93,-56.44,-56.44,0,10.62
545840,477,476.59,-57.06,-57.06,0,10.62
545845,476,476.08,-57.89,-57.89,0,10.62
545850,472,472.39,-58.91,-58.91,0,10.62
545855,478,477.91,-60.1,-60.1,0,10.62
545860,467,466.62,-61.45,-61.45,0,10.62
545865,465,465.09,-62.94,-62.94,0,10.62
545870,463,463.37,-64.52,-64.52,0,10.62
545875,459,458.92,-66.18,-66.18,0,10.62
545880,458,457.65,-67.88,-67.88,0,10.62
545885,456,456.08,-69.58,-69.58,0,10.62
545890,452,452.34,-71.24,-71.24,0,10.62
545895,451,450.93,-72.82,-72.82,0,10.62
545900,453,452.67,-74.28,-74.28,0,10.62
545905,445,445.07,-75.58,-75.58,0,10.62
545910,446,446.31,-76.67,-76.67,0,10.62
545915,444,443.93,-77.5,-77.5,0,10.62
545920,441,440.71,-78.04,-77.5,0,10.62
545925,441,441.06,-78.23,-77.5,0,10.62
545930,439,439.27,-78.04,-77.5,0,10.62
545935,439,438.95,-77.42,-77.42,0,10.62
545940,435,434.74,-76.33,-76.33,0,10.62
545945,437,437.04,-74.74,-74.74,0,10.62
545950,435,435.24,-72.61,-72.61,0,10.62
545955,437,436.97,-69.91,-69.91,0,10.62
545960,434,433.77,-66.61,-66.61,0,10.62
545965,434,434.02,-62.7,-62.7,0,10.62
545970,436,436.23,-58.16,-58.16,0,10.62
545975,434,433.99,-52.98,-52.98,0,10.62
545980,435,434.78,-47.15,-47.15,0,10.62
545985,435,435.0,-40.7,-40.7,0,10.62
545990,437,437.22,-33.63,-33.63,0,10.62
545995,439,439.01,-25.97,-25.97,0,10.62
546000,446,445.79,-17.75,-17.75,0,10.62
546005,454,453.98,-9.04,-9.04,0,10.62
546010,463,463.21,0.13,0.13,0,10.62
546015,478,478.03,9.67,9.67,0,10.62
546020,496,495.8,19.51,19.51,0,10.62
546025,514,513.96,29.56,29.56,0,10.62
546030,533,533.19,39.71,39.71,0,10.62
546035,553,553.05,49.87,49.87,0,10.62
546040,575,574.82,59.93,59.93,0,10.62
546045,595,594.95,69.78,69.78,0,10.62
546050,613,613.17,79.32,79.32,0,10.62
546055,633,633.05,88.44,88.44,0,10.62
546060,647,646.84,97.03,97.03,0,10.62
546065,662,661.94,105.0,105.0,0,10.62
546070,673,673.15,112.28,112.28,0,10.62
546075,682,682.06,118.77,118.77,0,10.62
546080,689,688.86,124.42,124.42,0,10.62
546085,695,694.93,129.18,129.18,0,10.62
546090,698,698.13,132.99,132.99,0,10.62
546095,699,699.07,135.83,135.83,0,10.62
546100,698,697.88,137.69,137.37,0,10.62
546105,695,694.92,138.56,137.37,0,10.62
546110,691,691.11,138.45,137.37,0,10.62
546115,684,684.08,137.37,137.37,0,10.62
546120,679,678.89,135.35,135.35,0,10.62
546125,670,669.91,132.44,132.44,0,10.62
546130,661,661.1,128.68,128.68,0,10.62
546135,651,651.09,124.13,124.13,0,10.62
546140,641,640.91,118.85,118.85,0,10.62
546145,631,630.91,112.9,112.9,0,10.62
546150,619,619.08,106.36,106.36,0,10.62
546155,610,610.1,99.3,99.3,0,10.62
546160,602,601.93,91.8,91.8,0,10.62
546165,590,589.9,83.94,83.94,0,10.62
546170,579,579.05,75.8,75.8,0,10.62
546175,571,571.1,67.46,67.46,0,10.62
546180,561,560.97,58.98,58.98,0,10.62
546185,551,550.9,50.46,50.46,0,10.62
546190,542,542.01,41.96,41.96,0,10.62
546195,532,532.11,33.55,33.55,0,10.62
546200,522,522.01,25.3,25.3,0,10.62
546205,512,511.89,17.27,17.27,0,10.62
546210,504,503.97,9.53,9.53,0,10.62
546215,493,493.12,2.11,2.11,0,10.62
546220,484,484.05,-4.92,-4.92,0,10.62
546225,478,477.87,-11.53,-11.53,0,10.62
546230,469,468.94,-17.68,-17.68,0,10.62
546235,463,463.13,-23.34,-23.34,0,10.62
546240,459,459.08,-28.51,-28.51,0,10.62
546245,454,453.87,-33.15,-33.15,0,10.62
546250,451,450.91,-37.27,-37.27,0,10.62
546255,449,449.13,-40.87,-40.87,0,10.62
546260,449,449.11,-43.95,-43.95,0,10.62
546265,449,448.86,-46.54,-46.54,0,10.62
546270,449,448.87,-48.65,-48.65,0,10.62
546275,452,452.14,-50.32,-50.32,0,10.62
546280,453,453.15,-51.57,-51.57,0,10.62
546285,455,454.86,-52.43,-52.43,0,10.62
546290,458,457.82,-52.96,-52.94,0,10.62
546295,461,461.15,-53.19,-52.94,0,10.62
546300,467,467.2,-53.17,-52.94,0,10.62
546305,468,467.84,-52.94,-52.94,0,10.62
546310,488,487.78,-52.55,-52.55,0,10.62
546315,473,473.16,-52.04,-52.04,0,10.62
546320,475,475.22,-51.45,-51.45,0,10.62
546325,471,470.83,-50.83,-50.83,0,10.62
546330,479,478.8,-50.2,-50.2,0,10.62
546335,481,481.19,-49.61,-49.61,0,10.62
546340,481,481.18,-49.09,-49.09,0,10.62
546345,483,482.79,-48.66,-48.66,0,10.62
546350,482,481.83,-48.35,-48.35,0,10.62
546355,484,484.24,-48.17,-48.35,0,10.62
546360,482,482.15,-48.16,-48.35,0,10.62
546365,483,482.73,-48.31,-48.35,0,10.62
546370,481,480.86,-48.63,-48.63,0,10.62
546375,480,480.29,-49.13,-49.13,0,10.62
546380,478,478.12,-49.8,-49.8,0,10.62
546385,477,476.68,-50.65,-50.65,0,10.62
546390,475,474.89,-51.65,-51.65,0,10.62
546395,455,455.33,-52.8,-52.8,0,10.62
546400,473,473.09,-54.07,-54.07,0,10.62
546405,471,470.68,-55.46,-55.46,0,10.62
546410,467,466.92,-56.93,-56.93,0,10.62
546415,467,467.3,-58.46,-58.46,0,10.62
546420,466,466.07,-60.03,-60.03,0,10.62
546425,462,461.72,-61.6,-61.6,0,10.62
546430,460,459.93,-63.14,-63.14,0,10.62
546435,457,457.26,-64.61,-64.61,0,10.62
546440,456,456.06,-65.97,-65.97,0,10.62
546445,453,452.76,-67.19,-67.19,0,10.62
546450,451,450.94,-68.23,-68.23,0,10.62
546455,449,449.22,-69.04,-69.04,0,10.62
546460,450,450.06,-69.58,-69.19,0,10.62
546465,449,448.8,-69.81,-69.19,0,10.62
546470,446,445.93,-69.69,-69.19,0,10.62
546475,444,444.17,-69.19,-69.19,0,10.62
546480,446,446.07,-68.25,-68.25,0,10.62
546485,442,441.86,-66.85,-66.85,0,10.62
546490,441,440.92,-64.95,-64.95,0,10.62
546495,441,441.12,-62.52,-62.52,0,10.62
546500,438,438.1,-59.54,-59.54,0,10.62
546505,436,435.9,-55.97,-55.97,0,10.62
546510,437,436.89,-51.81,-51.81,0,10.62
546515,438,438.08,-47.04,-47.04,0,10.62
546520,436,436.12,-41.66,-41.66,0,10.62
546525,436,435.94,-35.67,-35.67,0,10.62
546530,438,437.87,-29.1,-29.1,0,10.62
546535,440,440.05,-21.96,-21.96,0,10.62
546540,447,447.14,-14.28,-14.28,0,10.62
546545,454,453.96,-6.12,-6.12,0,10.62
546550,464,463.85,2.48,2.48,0,10.62
546555,477,477.02,11.44,11.44,0,10.62
546560,492,492.17,20.69,20.69,0,10.62
546565,510,509.99,30.15,30.15,0,10.62
546570,528,527.82,39.71,39.71,0,10.62
546575,548,547.99,49.29,49.29,0,10.62
546580,569,569.19,58.78,58.78,0,10.62
546585,587,587.02,68.08,68.08,0,10.62
546590,607,606.79,77.07,77.07,0,10.62
546595,627,626.96,85.66,85.66,0,10.62
546600,639,639.23,93.76,93.76,0,10.62
546605,653,653.04,101.26,101.26,0,10.62
546610,665,664.75,108.09,108.09,0,10.62
546615,674,673.95,114.17,114.17,0,10.62
546620,680,680.26,119.44,119.44,0,10.62
546625,685,685.05,123.85,123.85,0,10.62
546630,687,686.72,127.35,127.35,0,10.62
546635,688,687.94,129.93,129.93,0,10.62
546640,684,684.29,131.56,130.79,0,10.62
546645,683,683.06,132.24,130.79,0,10.62
546650,682,681.7,131.98,130.79,0,10.62
546655,673,672.94,130.79,130.79,0,10.62
546660,667,667.31,128.71,128.71,0,10.62
546665,658,658.07,125.78,125.78,0,10.62
546670,649,648.68,122.04,122.04,0,10.62
546675,634,633.92,117.54,117.54,0,10.62
546680,630,630.33,112.34,112.34,0,10.62
546685,620,620.09,106.52,106.52,0,10.62
546690,611,610.67,100.13,100.13,0,10.62
546695,601,600.89,93.26,93.26,0,10.62
546700,590,590.34,85.97,85.97,0,10.62
546705,579,579.13,78.34,78.34,0,10.62
546710,572,571.65,70.45,70.45,0,10.62
546715,560,559.86,62.36,62.36,0,10.62
546720,552,552.36,54.17,54.17,0,10.62
546725,542,542.16,45.93,45.93,0,10.62
546730,533,532.64,37.71,37.71,0,10.62
546735,523,522.82,29.59,29.59,0,10.62
546740,514,514.37,21.63,21.63,0,10.62
546745,506,506.2,13.88,13.88,0,10.62
546750,495,494.62,6.4,6.4,0,10.62
546755,488,487.78,-0.75,-0.75,0,10.62
546760,477,477.39,-7.54,-7.54,0,10.62
546765,471,471.24,-13.93,-13.93,0,10.62
546770,474,473.6,-19.88,-19.88,0,10.62
546775,460,459.74,-25.37,-25.37,0,10.62
546781,453,453.39,-30.37,-30.37,0,10.62
546785,451,451.28,-34.89,-34.89,0,10.62
546790,449,448.63,-38.91,-38.91,0,10.62
546795,446,445.7,-42.43,-42.43,0,10.62
546800,446,446.35,-45.46,-45.46,0,10.62
546805,444,444.32,-48.01,-48.01,0,10.62
546810,445,444.67,-50.11,-50.11,0,10.62
546815,450,449.66,-51.77,-51.77,0,10.62
546820,445,445.31,-53.03,-53.03,0,10.62
546825,449,449.35,-53.91,-53.91,0,10.62
546830,451,450.71,-54.46,-54.46,0,10.62
546835,455,454.64,-54.71,-54.46,0,10.62
546840,458,458.27,-54.71,-54.46,0,10.62
546845,458,458.37,-54.49,-54.46,0,10.62
546850,464,463.75,-54.1,-54.1,0,10.62
546855,467,466.62,-53.58,-53.58,0,10.62
546860,468,468.24,-52.97,-52.97,0,10.62
546865,472,472.38,-52.31,-52.31,0,10.62
546870,472,471.78,-51.64,-51.64,0,10.62
546875,476,475.61,-50.99,-50.99,0,10.62
546880,476,476.2,-50.4,-50.4,0,10.62
546885,479,479.39,-49.89,-49.89,0,10.62
546890,479,478.81,-49.49,-49.49,0,10.62
546895,479,478.6,-49.22,-49.31,0,10.62
546900,477,477.17,-49.09,-49.31,0,10.62
546905,468,468.4,-49.12,-49.31,0,10.62
546910,476,475.85,-49.31,-49.31,0,10.62
546915,476,475.61,-49.66,-49.66,0,10.62
546920,475,475.13,-50.17,-50.17,0,10.62
546925,473,473.38,-50.85,-50.85,0,10.62
546930,471,470.89,-51.68,-51.68,0,10.62
546935,469,468.64,-52.64,-52.64,0,10.62
546940,467,467.1,-53.73,-53.73,0,10.62
546945,469,469.35,-54.91,-54.91,0,10.62
546950,465,464.92,-56.17,-56.17,0,10.62
546955,462,461.65,-57.48,-57.48,0,10.62
546960,462,462.06,-58.82,-58.82,0,10.62
546965,459,459.35,-60.13,-60.13,0,10.62
546970,461,460.95,-61.4,-61.4,0,10.62
546975,454,453.65,-62.59,-62.59,0,10.62
546980,455,455.02,-63.65,-63.65,0,10.62
546985,453,453.35,-64.55,-64.55,0,10.62
546990,445,445.0,-65.24,-65.24,0,10.62
546995,448,447.64,-65.69,-65.24,0,10.62
547000,449,449.0,-65.84,-65.24,0,10.62
547005,446,446.37,-65.66,-65.24,0,10.62
547010,444,444.01,-65.11,-65.11,0,10.62
547015,444,443.61,-64.16,-64.16,0,10.62
547020,440,439.99,-62.75,-62.75,0,10.62
547025,440,440.4,-60.86,-60.86,0,10.62
547030,440,440.02,-58.45,-58.45,0,10.62
547035,438,437.59,-55.51,-55.51,0,10.62
547040,435,434.98,-52.0,-52.0,0,10.62
547045,433,433.42,-47.91,-47.91,0,10.62
547050,433,433.04,-43.22,-43.22,0,10.62
547055,434,433.57,-37.95,-37.95,0,10.62
547060,434,433.96,-32.09,-32.09,0,10.62
547065,436,436.44,-25.65,-25.65,0,10.62
547070,439,439.06,-18.67,-18.67,0,10.62
547075,446,445.55,-11.17,-11.17,0,10.62
547080,451,450.94,-3.21,-3.21,0,10.62
547085,463,463.46,5.16,5.16,0,10.62
547090,476,476.08,13.87,13.87,0,10.62
547095,493,492.54,22.85,22.85,0,10.62
547100,510,509.91,32.0,32.0,0,10.62
547105,528,528.47,41.24,41.24,0,10.62
547110,547,547.1,50.47,50.47,0,10.62
547115,574,573.52,59.57,59.57,0,10.62
547120,583,582.88,68.46,68.46,0,10.62
547125,604,604.47,77.03,77.03,0,10.62
547130,621,621.13,85.17,85.17,0,10.62
547135,635,634.54,92.8,92.8,0,10.62
547140,647,646.84,99.82,99.82,0,10.62
547145,660,660.45,106.16,106.16,0,10.62
547150,668,668.18,111.74,111.74,0,10.62
547155,673,672.55,116.51,116.51,0,10.62
547160,676,675.79,120.41,120.41,0,10.62
547165,679,679.45,123.41,123.41,0,10.62
547170,677,677.23,125.49,125.49,0,10.62
547175,676,675.55,126.63,125.49,0,10.62
547180,675,674.74,126.83,125.49,0,10.62
547185,670,670.46,126.1,125.49,0,10.62
547190,663,663.28,124.47,124.47,0,10.62
547195,656,655.53,121.96,121.96,0,10.62
547200,648,647.69,118.62,118.62,0,10.62
547205,639,639.48,114.49,114.49,0,10.62
547210,628,628.33,109.64,109.64,0,10.62
547215,616,615.51,104.12,104.12,0,10.62
547220,608,607.64,98.0,98.0,0,10.62
547225,597,597.51,91.36,91.36,0,10.62
547230,589,589.38,84.27,84.27,0,10.62
547235,575,574.47,76.8,76.8,0,10.62
547240,582,581.6,69.03,69.03,0,10.62
547245,553,553.56,61.05,61.05,0,10.62
547250,545,545.4,52.92,52.92,0,10.62
547255,535,534.42,44.73,44.73,0,10.62
547260,528,527.62,36.55,36.55,0,10.62
547265,516,516.6,28.45,28.45,0,10.62
547270,507,507.37,20.49,20.49,0,10.62
547275,498,497.37,12.75,12.75,0,10.62
547280,489,488.65,5.28,5.28,0,10.62
547285,480,480.65,-1.87,-1.87,0,10.62
547290,473,473.34,-8.65,-8.65,0,10.62
547295,466,465.32,-15.02,-15.02,0,10.62
547300,460,459.68,-20.94,-20.94,0,10.62
547305,455,455.71,-26.39,-26.39,0,10.62
547310,449,449.31,-31.35,-31.35,0,10.62
547315,447,446.26,-35.81,-35.81,0,10.62
547320,445,444.71,-39.76,-39.76,0,10.62
547325,441,441.77,-43.19,-43.19,0,10.62
547330,443,443.28,-46.12,-46.12,0,10.62
547335,442,441.2,-48.56,-48.56,0,10.62
547340,443,442.74,-50.54,-50.54,0,10.62
547345,444,444.83,-52.06,-52.06,0,10.62
547350,447,447.25,-53.17,-53.17,0,10.62
547355,450,449.14,-53.9,-53.9,0,10.62
547360,452,451.76,-54.28,-53.9,0,10.62
547365,436,436.88,-54.35,-53.9,0,10.62
547370,460,460.23,-54.15,-53.9,0,10.62
547375,461,460.12,-53.72,-53.72,0,10.62
547380,463,462.78,-53.11,-53.11,0,10.62
547385,466,466.87,-52.37,-52.37,0,10.62
547390,469,469.22,-51.52,-51.52,0,10.62
547395,471,470.15,-50.62,-50.62,0,10.62
547400,472,471.78,-49.7,-49.7,0,10.62
547405,475,475.84,-48.8,-48.8,0,10.62
547410,474,474.22,-47.94,-47.94,0,10.62
547415,475,474.16,-47.16,-47.16,0,10.62
547420,477,476.78,-46.49,-46.49,0,10.62
547425,474,474.83,-45.94,-45.94,0,10.62
547430,473,473.22,-45.53,-45.53,0,10.62
547435,474,473.17,-45.29,-45.53,0,10.62
547440,473,472.79,-45.21,-45.53,0,10.62
547445,472,472.83,-45.31,-45.53,0,10.62
547450,471,471.2,-45.59,-45.59,0,10.62
547455,471,470.17,-46.05,-46.05,0,10.62
547460,468,467.8,-46.7,-46.7,0,10.62
547465,468,468.83,-47.51,-47.51,0,10.62
547470,466,466.19,-48.49,-48.49,0,10.62
547475,464,463.17,-49.62,-49.62,0,10.62
547480,464,463.81,-50.89,-50.89,0,10.62
547485,461,461.84,-52.27,-52.27,0,10.62
547490,459,459.18,-53.76,-53.76,0,10.62
547495,459,458.15,-55.32,-55.32,0,10.62
547500,457,456.82,-56.93,-56.93,0,10.62
547505,455,455.86,-58.57,-58.57,0,10.62
547510,454,454.17,-60.2,-60.2,0,10.62
547515,453,452.13,-61.79,-61.79,0,10.62
547520,451,450.84,-63.32,-63.32,0,10.62
547525,451,451.88,-64.75,-64.75,0,10.62
547530,445,445.15,-66.05,-66.05,0,10.62
547535,466,465.12,-67.17,-67.17,0,10.62
547540,445,444.86,-68.08,-68.08,0,10.62
547545,445,445.87,-68.74,-68.74,0,10.62
547550,444,444.13,-69.12,-68.74,0,10.62
547555,444,443.16,-69.17,-68.74,0,10.62
547560,442,441.88,-68.85,-68.74,0,10.62
547565,441,441.81,-68.13,-68.13,0,10.62
547570,441,441.1,-66.96,-66.96,0,10.62
547575,440,439.22,-65.32,-65.32,0,10.62
547580,438,437.9,-63.18,-63.18,0,10.62
547585,438,438.75,-60.49,-60.49,0,10.62
547590,438,438.09,-57.25,-57.25,0,10.62
547595,434,433.27,-53.42,-53.42,0,10.62
547600,436,435.92,-48.99,-48.99,0,10.62
547605,432,432.71,-43.95,-43.95,0,10.62
547610,434,434.08,-38.31,-38.31,0,10.62
547615,435,434.31,-32.06,-32.06,0,10.62
547620,439,438.93,-25.22,-25.22,0,10.62
547625,440,440.67,-17.82,-17.82,0,10.62
547630,444,444.06,-9.9,-9.9,0,10.62
547635,452,451.35,-1.49,-1.49,0,10.62
547640,463,462.96,7.34,7.34,0,10.62
547645,474,474.63,16.52,16.52,0,10.62
547650,490,490.03,25.98,25.98,0,10.62
547655,509,508.39,35.63,35.63,0,10.62
547660,528,527.99,45.38,45.38,0,10.62
547665,548,548.6,55.12,55.12,0,10.62
547670,569,568.99,64.75,64.75,0,10.62
547675,588,587.42,74.15,74.15,0,10.62
547680,608,608.03,83.23,83.23,0,10.62
547685,625,625.57,91.88,91.88,0,10.62
547690,641,640.95,99.99,99.99,0,10.62
547695,656,655.44,107.47,107.47,0,10.62
547700,666,666.06,114.24,114.24,0,10.62
547705,676,676.54,120.22,120.22,0,10.62
547710,685,684.92,125.35,125.35,0,10.62
547715,690,689.47,129.56,129.56,0,10.62
547720,691,691.1,132.83,132.83,0,10.62
547725,692,692.52,135.11,135.11,0,10.62
547730,692,691.89,136.41,135.11,0,10.62
547735,690,689.49,136.7,135.11,0,10.62
547740,683,683.12,136.01,135.11,0,10.62
547745,671,671.48,134.36,134.36,0,10.62
547750,672,671.87,131.77,131.77,0,10.62
547755,660,659.54,128.29,128.29,0,10.62
547760,650,650.13,123.97,123.97,0,10.62
547765,640,640.42,118.88,118.88,0,10.62
547770,629,628.86,113.07,113.07,0,10.62
547775,620,619.61,106.63,106.63,0,10.62
547780,609,609.14,99.62,99.62,0,10.62
547785,596,596.36,92.12,92.12,0,10.62
547790,586,585.85,84.23,84.23,0,10.62
547795,575,574.67,76.02,76.02,0,10.62
547800,562,562.15,67.58,67.58,0,10.62
547805,554,554.3,58.99,58.99,0,10.62
547810,542,541.84,50.33,50.33,0,10.62
547815,532,531.73,41.68,41.68,0,10.62
547820,521,521.16,33.12,33.12,0,10.62
547825,513,513.24,24.73,24.73,0,10.62
547830,504,503.84,16.56,16.56,0,10.62
547835,493,492.79,8.69,8.69,0,10.62
547840,482,482.16,1.16,1.16,0,10.62
547845,475,475.19,-5.95,-5.95,0,10.62
547850,468,467.85,-12.63,-12.63,0,10.62
547855,460,459.84,-18.81,-18.81,0,10.62
547860,455,455.15,-24.48,-24.48,0,10.62
547865,451,451.14,-29.61,-29.61,0,10.62
547870,448,447.86,-34.19,-34.19,0,10.62
547875,446,445.89,-38.2,-38.2,0,10.62
547880,442,442.13,-41.65,-41.65,0,10.62
547885,444,444.09,-44.55,-44.55,0,10.62
547890,443,442.88,-46.91,-46.91,0,10.62
547895,445,444.93,-48.75,-48.75,0,10.62
547901,448,448.11,-50.1,-50.1,0,10.62
547905,449,449.05,-50.98,-50.98,0,10.62
547910,451,450.9,-51.44,-50.98,0,10.62
547915,454,453.98,-51.51,-50.98,0,10.62
547920,458,458.09,-51.23,-50.98,0,10.62
547925,462,462.01,-50.65,-50.65,0,10.62
547930,465,464.91,-49.81,-49.81,0,10.62
547935,468,468.01,-48.76,-48.76,0,10.62
547940,471,471.08,-47.54,-47.54,0,10.62
547945,474,473.97,-46.21,-46.21,0,10.62
547950,477,476.92,-44.8,-44.8,0,10.62
547955,479,479.05,-43.36,-43.36,0,10.62
547960,482,482.07,-41.92,-41.92,0,10.62
547965,482,481.93,-40.53,-40.53,0,10.62
547970,482,481.93,-39.21,-39.21,0,10.62
547975,485,485.09,-38.01,-38.01,0,10.62
547980,484,484.07,-36.94,-36.94,0,10.62
547985,501,500.9,-36.04,-36.04,0,10.62
547990,484,483.93,-35.32,-35.32,0,10.62
547995,485,485.09,-34.79,-34.79,0,10.62
548000,484,484.07,-34.48,-34.79,0,10.62
548005,483,482.93,-34.39,-34.79,0,10.62
548010,483,482.92,-34.51,-34.79,0,10.62
548015,480,480.05,-34.87,-34.87,0,10.62
548020,477,477.08,-35.44,-35.44,0,10.62
548025,476,475.97,-36.23,-36.23,0,10.62
548030,474,473.93,-37.24,-37.24,0,10.62
548035,472,472.01,-38.45,-38.45,0,10.62
548040,470,470.07,-39.84,-39.84,0,10.62
548045,467,467.01,-41.41,-41.41,0,10.62
548050,468,467.93,-43.15,-43.15,0,10.62
548055,464,463.97,-45.02,-45.02,0,10.62
548060,462,462.06,-47.02,-47.02,0,10.62
548065,461,461.05,-49.12,-49.12,0,10.62
548070,459,458.95,-51.3,-51.3,0,10.62
548075,457,456.93,-53.54,-53.54,0,10.62
548080,457,457.04,-55.82,-55.82,0,10.62
548085,455,455.09,-58.1,-58.1,0,10.62
548090,451,450.96,-60.36,-60.36,0,10.62
548095,452,451.89,-62.58,-62.58,0,10.62
548100,450,450.04,-64.72,-64.72,0,10.62
548105,441,441.12,-66.75,-66.75,0,10.62
548110,448,447.96,-68.64,-68.64,0,10.62
548115,448,447.87,-70.37,-70.37,0,10.62
548120,447,447.04,-71.9,-71.9,0,10.62
548125,446,446.13,-73.19,-73.19,0,10.62
548130,444,443.96,-74.22,-74.22,0,10.62
548135,444,443.88,-74.95,-74.95,0,10.62
548140,443,443.04,-75.35,-74.95,0,10.62
548145,444,444.12,-75.38,-74.95,0,10.62
548150,441,440.96,-75.01,-74.95,0,10.62
548155,442,441.87,-74.2,-74.2,0,10.62
548160,443,443.05,-72.93,-72.93,0,10.62
548165,442,442.13,-71.16,-71.16,0,10.62
548170,442,441.94,-68.86,-68.86,0,10.62
548175,443,442.87,-66.0,-66.0,0,10.62
548180,440,440.07,-62.57,-62.57,0,10.62
548185,440,440.13,-58.53,-58.53,0,10.62
548190,440,439.93,-53.88,-53.88,0,10.62
548195,439,438.87,-48.6,-48.6,0,10.62
548200,439,439.08,-42.68,-42.68,0,10.62
548205,439,439.13,-36.13,-36.13,0,10.62
548210,440,439.91,-28.95,-28.95,0,10.62
548215,442,441.87,-21.17,-21.17,0,10.62
548220,445,445.09,-12.82,-12.82,0,10.62
548225,450,450.14,-3.92,-3.92,0,10.62
548230,460,459.9,5.46,5.46,0,10.62
548235,468,467.87,15.26,15.26,0,10.62
548240,485,485.11,25.42,25.42,0,10.62
548245,500,500.14,35.85,35.85,0,10.62
548250,519,518.89,46.45,46.45,0,10.62
548255,539,538.86,57.13,57.13,0,10.62
548260,562,562.12,67.77,67.77,0,10.62
548265,584,584.15,78.28,78.28,0,10.62
548270,603,602.87,88.52,88.52,0,10.62
548275,625,624.84,98.39,98.39,0,10.62
548280,643,643.14,107.78,107.78,0,10.62
548285,661,661.17,116.59,116.59,0,10.62
548290,685,684.85,124.7,124.7,0,10.62
548295,686,685.82,132.03,132.03,0,10.62
548300,702,702.14,138.51,138.51,0,10.62
548305,706,706.19,144.05,144.05,0,10.62
548310,712,711.86,148.61,148.61,0,10.62
548315,720,719.79,152.15,152.15,0,10.62
548320,716,716.14,154.64,154.64,0,10.62
548325,715,715.21,156.05,154.64,0,10.62
548330,713,712.86,156.39,154.64,0,10.62
548335,707,706.78,155.68,154.64,0,10.62
548340,700,700.13,153.93,153.93,0,10.62
548345,693,693.22,151.19,151.19,0,10.62
548350,681,680.87,147.49,147.49,0,10.62
548355,672,671.77,142.9,142.9,0,10.62
548360,660,660.12,137.48,137.48,0,10.62
548365,648,648.24,131.3,131.3,0,10.62
548370,637,636.88,124.45,124.45,0,10.62
548375,626,625.75,117.0,117.0,0,10.62
548380,613,613.12,109.03,109.03,0,10.62
548385,601,601.25,100.65,100.65,0,10.62
548390,589,588.88,91.93,91.93,0,10.62
548395,577,576.74,82.96,82.96,0,10.62
548400,565,565.12,73.84,73.84,0,10.62
548405,555,555.26,64.65,64.65,0,10.62
548410,544,543.88,55.46,55.46,0,10.62
548415,534,533.73,46.37,46.37,0,10.62
548420,523,523.11,37.44,37.44,0,10.62
548425,512,512.28,28.74,28.74,0,10.62
548430,505,504.89,20.34,20.34,0,10.62
548435,495,494.72,12.29,12.29,0,10.62
548440,488,488.11,4.65,4.65,0,10.62
548445,479,479.29,-2.53,-2.53,0,10.62
548450,472,471.9,-9.23,-9.23,0,10.62
548455,461,460.7,-15.42,-15.42,0,10.62
548460,462,462.1,-21.06,-21.06,0,10.62
548465,458,458.32,-26.14,-26.14,0,10.62
548470,456,455.9,-30.67,-30.67,0,10.62
548475,454,453.66,-34.64,-34.64,0,10.62
548480,454,454.1,-38.05,-38.05,0,10.62
548485,453,453.36,-40.93,-40.93,0,10.62
548490,453,452.9,-43.28,-43.28,0,10.62
548495,456,455.62,-45.15,-45.15,0,10.62
548500,457,457.11,-46.56,-46.56,0,10.62
548505,459,459.4,-47.53,-47.53,0,10.62
548510,462,461.89,-48.12,-47.94,0,10.62
548515,465,464.57,-48.35,-47.94,0,10.62
548520,468,468.12,-48.28,-47.94,0,10.62
548525,470,470.45,-47.94,-47.94,0,10.62
548530,473,472.88,-47.38,-47.38,0,10.62
548535,476,475.53,-46.63,-46.63,0,10.62
548540,475,475.13,-45.74,-45.74,0,10.62
548545,459,459.48,-44.76,-44.76,0,10.62
548550,481,480.87,-43.71,-43.71,0,10.62
548555,483,482.54,-42.64,-42.64,0,10.62
548560,484,484.13,-41.58,-41.58,0,10.62
548565,486,486.43,-40.57,-40.57,0,10.62
548570,486,485.87,-39.63,-39.63,0,10.62
548575,484,483.59,-38.79,-38.79,0,10.62
548580,486,486.13,-38.08,-38.08,0,10.62
548585,485,485.38,-37.51,-37.51,0,10.62
548590,483,482.87,-37.1,-37.1,0,10.62
548595,481,480.64,-36.86,-37.1,0,10.62
548600,481,481.14,-36.8,-37.1,0,10.62
548605,478,478.35,-36.92,-37.1,0,10.62
548610,478,477.86,-37.23,-37.23,0,10.62
548615,475,474.67,-37.73,-37.73,0,10.62
548620,471,471.15,-38.42,-38.42,0,10.62
548625,473,473.32,-39.28,-39.28,0,10.62
548630,467,466.85,-40.32,-40.32,0,10.62
548635,467,466.7,-41.52,-41.52,0,10.62
548640,462,462.15,-42.88,-42.88,0,10.62
548645,462,462.29,-44.38,-44.38,0,10.62
548650,461,460.85,-46.01,-46.01,0,10.62
548655,457,456.71,-47.76,-47.76,0,10.62
548660,455,455.14,-49.62,-49.62,0,10.62
548665,453,453.28,-51.56,-51.56,0,10.62
548670,451,450.87,-53.57,-53.57,0,10.62
548675,452,451.73,-55.64,-55.64,0,10.62
548680,450,450.13,-57.75,-57.75,0,10.62
548685,448,448.26,-59.88,-59.88,0,10.62
548690,447,446.87,-62.02,-62.02,0,10.62
548695,446,445.75,-64.14,-64.14,0,10.62
548700,444,444.13,-66.23,-66.23,0,10.62
548705,444,444.24,-68.27,-68.27,0,10.62
548710,443,442.87,-70.24,-70.24,0,10.62
548715,443,442.77,-72.11,-72.11,0,10.62
548720,441,441.12,-73.87,-73.87,0,10.62
548725,441,441.22,-75.49,-75.49,0,10.62
548730,441,440.88,-76.95,-76.95,0,10.62
548735,439,438.79,-78.22,-78.22,0,10.62
548740,439,439.12,-79.28,-79.28,0,10.62
548745,438,438.2,-80.09,-80.09,0,10.62
548750,438,437.89,-80.64,-80.41,0,10.62
548755,438,437.81,-80.9,-80.41,0,10.62
548760,438,438.11,-80.83,-80.41,0,10.62
548765,437,437.18,-80.41,-80.41,0,10.62
548770,437,436.9,-79.6,-79.6,0,10.62
548775,439,438.83,-78.39,-78.39,0,10.62
548780,438,438.1,-76.75,-76.75,0,10.62
548785,439,439.16,-74.63,-74.63,0,10.62
548790,439,438.9,-72.03,-72.03,0,10.62
548795,440,439.85,-68.92,-68.92,0,10.62
548800,439,439.1,-65.28,-65.28,0,10.62
548805,439,439.14,-61.08,-61.08,0,10.62
548810,440,439.9,-56.31,-56.31,0,10.62
548815,439,438.87,-50.97,-50.97,0,10.62
548820,439,439.09,-45.04,-45.04,0,10.62
548825,444,444.12,-38.53,-38.53,0,10.62
548830,443,442.91,-31.45,-31.45,0,10.62
548835,444,443.88,-23.81,-23.81,0,10.62
548840,445,445.08,-15.64,-15.64,0,10.62
548845,449,449.11,-6.97,-6.97,0,10.62
548850,456,455.93,2.16,2.16,0,10.62
548855,464,463.89,11.69,11.69,0,10.62
548860,477,477.06,21.55,21.55,0,10.62
548865,492,492.11,31.66,31.66,0,10.62
548870,508,507.95,41.95,41.95,0,10.62
548875,530,529.9,52.32,52.32,0,10.62
548880,553,553.04,62.66,62.66,0,10.62
548885,572,572.1,72.88,72.88,0,10.62
548890,593,592.96,82.85,82.85,0,10.62
548895,615,614.9,92.47,92.47,0,10.62
548900,632,632.04,101.64,101.64,0,10.62
548905,650,650.09,110.25,110.25,0,10.62
548910,664,663.95,118.2,118.2,0,10.62
548915,678,677.91,125.4,125.4,0,10.62
548920,690,690.05,131.77,131.77,0,10.62
548925,698,698.08,137.25,137.25,0,10.62
548930,704,703.94,141.78,141.78,0,10.62
548935,708,707.92,145.31,145.31,0,10.62
548940,707,707.06,147.81,147.81,0,10.62
548945,707,707.07,149.27,147.81,0,10.62
548950,703,702.93,149.68,147.81,0,10.62
548955,700,699.93,149.05,147.81,0,10.62
548960,692,692.07,147.4,147.4,0,10.62
548965,683,683.06,144.77,144.77,0,10.62
548970,674,673.92,141.2,141.2,0,10.62
548975,665,664.95,136.74,136.74,0,10.62
548980,652,652.08,131.46,131.46,0,10.62
548985,645,645.04,125.43,125.43,0,10.62
548990,631,630.92,118.72,118.72,0,10.62
548995,618,617.97,111.4,111.4,0,10.62
549000,607,607.09,103.58,103.58,0,10.62
549005,600,600.03,95.32,95.32,0,10.62
549010,583,582.91,86.72,86.72,0,10.62
549015,573,572.96,77.88,77.88,0,10.62
549020,560,560.09,68.86,68.86,0,10.62
549025,549,549.05,59.77,59.77,0,10.62
549030,540,539.91,50.68,50.68,0,10.62
549035,529,528.95,41.67,41.67,0,10.62
549040,518,518.09,32.83,32.83,0,10.62
549045,509,509.06,24.21,24.21,0,10.62
549050,499,498.91,15.89,15.89,0,10.62
549055,489,488.93,7.94,7.94,0,10.62
549060,481,481.09,0.39,0.39,0,10.62
549065,472,472.08,-6.7,-6.7,0,10.62
549070,467,466.91,-13.28,-13.28,0,10.62
549075,461,460.92,-19.34,-19.34,0,10.62
549080,454,454.09,-24.83,-24.83,0,10.62
549085,451,451.09,-29.75,-29.75,0,10.62
549090,450,449.92,-34.09,-34.09,0,10.62
549095,445,444.91,-37.84,-37.84,0,10.62
549100,443,443.07,-41.01,-41.01,0,10.62
549105,444,444.1,-43.62,-43.62,0,10.62
549110,444,443.95,-45.67,-45.67,0,10.62
549115,447,446.9,-47.2,-47.2,0,10.62
549120,449,449.04,-48.23,-48.23,0,10.62
549125,451,451.11,-48.81,-48.23,0,10.62
549130,457,456.97,-48.97,-48.23,0,10.62
549135,458,457.89,-48.76,-48.23,0,10.62
549140,463,463.01,-48.22,-48.22,0,10.62
549145,467,467.12,-47.4,-47.4,0,10.62
549150,469,469.0,-46.34,-46.34,0,10.62
549155,474,473.88,-45.1,-45.1,0,10.62
549160,477,476.98,-43.72,-43.72,0,10.62
549165,478,478.13,-42.24,-42.24,0,10.62
549170,482,482.03,-40.72,-40.72,0,10.62
549175,484,483.87,-39.19,-39.19,0,10.62
549180,485,484.96,-37.69,-37.69,0,10.62
549185,487,487.14,-36.25,-36.25,0,10.62
549190,488,488.06,-34.92,-34.92,0,10.62
549195,490,489.86,-33.71,-33.71,0,10.62
549200,489,488.93,-32.65,-32.65,0,10.62
549205,489,489.14,-31.77,-31.77,0,10.62
549210,489,489.09,-31.08,-31.08,0,10.62
549215,489,488.86,-30.6,-30.6,0,10.62
549220,488,487.9,-30.33,-30.6,0,10.62
549225,485,485.14,-30.28,-30.6,0,10.62
549230,479,479.11,-30.45,-30.6,0,10.62
549235,481,480.86,-30.84,-30.84,0,10.62
549240,479,478.88,-31.45,-31.45,0,10.62
549245,478,478.14,-32.28,-32.28,0,10.62
549250,475,475.12,-33.3,-33.3,0,10.62
549255,473,472.86,-34.53,-34.53,0,10.62
549260,472,471.88,-35.93,-35.93,0,10.62
549265,468,468.14,-37.5,-37.5,0,10.62
549270,466,466.12,-39.21,-39.21,0,10.62
549275,464,463.86,-41.07,-41.07,0,10.62
549280,461,460.88,-43.03,-43.03,0,10.62
549285,458,458.14,-45.09,-45.09,0,10.62
549290,457,457.12,-47.23,-47.23,0,10.62
549295,455,454.86,-49.42,-49.42,0,10.62
549300,453,452.88,-51.64,-51.64,0,10.62
549305,452,452.14,-53.87,-53.87,0,10.62
549310,450,450.12,-56.09,-56.09,0,10.62
549315,448,447.86,-58.28,-58.28,0,10.62
549320,447,446.87,-60.41,-60.41,0,10.62
549325,445,445.14,-62.46,-62.46,0,10.62
549330,447,447.13,-64.4,-64.4,0,10.62
549335,447,446.86,-66.22,-66.22,0,10.62
549340,445,444.86,-67.89,-67.89,0,10.62
549345,445,445.13,-69.37,-69.37,0,10.62
549350,442,442.14,-70.66,-70.66,0,10.62
549355,445,444.87,-71.71,-71.71,0,10.62
549360,445,444.85,-72.51,-72.51,0,10.62
549365,443,443.12,-73.02,-72.6,0,10.62
549370,443,443.15,-73.23,-72.6,0,10.62
549375,443,442.89,-73.1,-72.6,0,10.62
549380,443,442.85,-72.6,-72.6,0,10.62
549385,445,445.11,-71.71,-71.71,0,10.62
549390,444,444.14,-70.4,-70.4,0,10.62
549395,442,441.9,-68.65,-68.65,0,10.62
549400,442,441.85,-66.42,-66.42,0,10.62
549405,441,441.1,-63.7,-63.7,0,10.62
549410,441,441.15,-60.46,-60.46,0,10.62
549415,442,441.9,-56.7,-56.7,0,10.62
549420,442,441.85,-52.38,-52.38,0,10.62
549425,444,444.1,-47.51,-47.51,0,10.62
549430,442,442.15,-42.07,-42.07,0,10.62
549435,443,442.9,-36.08,-36.08,0,10.62
549440,442,441.84,-29.54,-29.54,0,10.62
549445,445,445.11,-22.46,-22.46,0,10.62
549450,447,447.16,-14.86,-14.86,0,10.62
549455,451,450.89,-6.79,-6.79,0,10.62
549460,456,455.83,1.72,1.72,0,10.62
549465,464,464.12,10.61,10.61,0,10.62
549470,476,476.18,19.82,19.82,0,10.62
549475,490,489.89,29.27,29.27,0,10.62
549480,506,505.82,38.89,38.89,0,10.62
549485,526,526.12,48.58,48.58,0,10.62
549490,544,544.2,58.24,58.24,0,10.62
549495,565,564.88,67.77,67.77,0,10.62
549500,586,585.8,77.07,77.07,0,10.62
549505,603,603.13,86.03,86.03,0,10.62
549510,623,623.21,94.55,94.55,0,10.62
549515,640,639.87,102.52,102.52,0,10.62
549520,655,654.78,109.86,109.86,0,10.62
549525,665,665.13,116.47,116.47,0,10.62
549530,678,678.23,122.28,122.28,0,10.62
549535,686,685.87,127.22,127.22,0,10.62
549540,690,689.76,131.24,131.24,0,10.62
549545,696,696.12,134.29,134.29,0,10.62
549550,696,696.25,136.35,136.35,0,10.62
549555,695,694.88,137.4,136.35,0,10.62
549560,691,690.73,137.44,136.35,0,10.62
549565,686,686.12,136.48,136.35,0,10.62
549570,681,681.28,134.54,134.54,0,10.62
549575,672,671.89,131.67,131.67,0,10.62
549580,662,661.7,127.89,127.89,0,10.62
549585,651,651.11,123.28,123.28,0,10.62
549590,622,622.31,117.9,117.9,0,10.62
549595,629,628.9,111.81,111.81,0,10.62
549600,617,616.7,105.09,105.09,0,10.62
549605,605,605.1,97.82,97.82,0,10.62
549610,594,594.27,90.09,90.09,0,10.62
549615,580,579.91,81.99,81.99,0,10.62
549620,570,569.75,73.59,73.59,0,10.62
549625,558,558.09,64.98,64.98,0,10.62
549630,547,547.22,56.26,56.26,0,10.62
549635,535,534.91,47.5,47.5,0,10.62
549640,525,524.8,38.79,38.79,0,10.62
549645,515,515.09,30.2,30.2,0,10.62
549650,506,506.18,21.81,21.81,0,10.62
549655,494,493.91,13.69,13.69,0,10.62
549660,487,486.84,5.89,5.89,0,10.62
549665,479,479.1,-1.51,-1.51,0,10.62
549670,470,470.14,-8.48,-8.48,0,10.62
549675,463,462.89,-14.98,-14.98,0,10.62
549680,457,456.88,-20.95,-20.95,0,10.62
549685,451,451.12,-26.39,-26.39,0,10.62
549690,451,451.1,-31.25,-31.25,0,10.62
549695,445,444.88,-35.55,-35.55,0,10.62
549700,440,439.91,-39.26,-39.26,0,10.62
549705,441,441.13,-42.38,-42.38,0,10.62
549710,440,440.09,-44.94,-44.94,0,10.62
549715,440,439.86,-46.95,-46.95,0,10.62
549720,442,441.92,-48.42,-48.42,0,10.62
549725,438,438.14,-49.39,-49.39,0,10.62
549730,449,449.08,-49.89,-49.39,0,10.62
549735,451,450.86,-49.96,-49.39,0,10.62
549740,455,454.92,-49.65,-49.39,0,10.62
549745,460,460.13,-49.0,-49.0,0,10.62
549750,461,461.08,-48.05,-48.05,0,10.62
549755,465,464.87,-46.87,-46.87,0,10.62
549760,470,469.92,-45.48,-45.48,0,10.62
549765,474,474.13,-43.96,-43.96,0,10.62
549770,478,478.07,-42.34,-42.34,0,10.62
549775,481,480.87,-40.67,-40.67,0,10.62
549780,484,483.93,-38.99,-38.99,0,10.62
549785,485,485.13,-37.36,-37.36,0,10.62
549790,488,488.07,-35.8,-35.8,0,10.62
549795,490,489.87,-34.35,-34.35,0,10.62
549800,490,489.93,-33.04,-33.04,0,10.62
549805,491,491.13,-31.9,-31.9,0,10.62
549810,490,490.07,-30.95,-30.95,0,10.62
549815,488,487.87,-30.22,-30.22,0,10.62
549820,490,489.93,-29.71,-29.71,0,10.62
549825,487,487.13,-29.43,-29.71,0,10.62
549830,487,487.06,-29.4,-29.71,0,10.62
549835,488,487.87,-29.61,-29.71,0,10.62
549840,482,481.94,-30.07,-30.07,0,10.62
549845,481,481.13,-30.77,-30.77,0,10.62
549850,479,479.06,-31.71,-31.71,0,10.62
549855,476,475.88,-32.86,-32.86,0,10.62
549860,477,476.94,-34.23,-34.23,0,10.62
549865,472,472.12,-35.8,-35.8,0,10.62
549870,470,470.05,-37.54,-37.54,0,10.62
549875,468,467.89,-39.43,-39.43,0,10.62
549880,464,463.95,-41.47,-41.47,0,10.62
549885,462,462.11,-43.61,-43.61,0,10.62
549890,461,461.05,-45.85,-45.85,0,10.62
549895,458,457.9,-48.15,-48.15,0,10.62
549900,458,457.96,-50.48,-50.48,0,10.62
549905,456,456.1,-52.82,-52.82,0,10.62
549910,454,454.04,-55.15,-55.15,0,10.62
549915,451,450.9,-57.42,-57.42,0,10.62
549920,452,451.96,-59.61,-59.61,0,10.62
549925,450,450.1,-61.69,-61.69,0,10.62
549930,447,447.03,-63.63,-63.63,0,10.62
549935,447,446.9,-65.4,-65.4,0,10.62
549940,446,445.98,-66.95,-66.95,0,10.62
549945,445,445.1,-68.26,-68.26,0,10.62
549950,444,444.01,-69.3,-69.3,0,10.62
549955,442,441.89,-70.04,-70.04,0,10.62
549960,446,446.0,-70.43,-70.04,0,10.62
549965,444,444.12,-70.44,-70.04,0,10.62
549970,443,442.98,-70.06,-70.04,0,10.62
549975,444,443.87,-69.23,-69.23,0,10.62
549980,441,441.04,-67.94,-67.94,0,10.62
549985,442,442.14,-66.15,-66.15,0,10.62
549990,444,443.95,-63.84,-63.84,0,10.62
549995,443,442.86,-60.98,-60.98,0,10.62
550000,441,441.06,-57.55,-57.55,0,10.62
550005,440,440.15,-53.53,-53.53,0,10.62
550010,440,439.93,-48.92,-48.92,0,10.62
550015,441,440.85,-43.69,-43.69,0,10.62
550020,440,440.08,-37.86,-37.86,0,10.62
550025,441,441.15,-31.42,-31.42,0,10.62
550030,442,441.92,-24.39,-24.39,0,10.62
550035,447,446.85,-16.8,-16.8,0,10.62
550040,448,448.09,-8.66,-8.66,0,10.62
550045,455,455.15,-0.04,-0.04,0,10.62
550050,463,462.9,9.03,9.03,0,10.62
550055,475,474.85,18.48,18.48,0,10.62
550060,488,488.11,28.24,28.24,0,10.62
550065,504,504.14,38.22,38.22,0,10.62
550070,523,522.88,48.34,48.34,0,10.62
550075,543,542.86,58.48,58.48,0,10.62
550080,565,565.13,68.56,68.56,0,10.62
550085,583,583.13,78.46,78.46,0,10.62
550090,604,603.86,88.07,88.07,0,10.62
550095,623,622.87,97.29,97.29,0,10.62
550100,640,640.15,106.02,106.02,0,10.62
550105,656,656.11,114.14,114.14,0,10.62
550110,669,668.83,121.57,121.57,0,10.62
550115,680,679.89,128.23,128.23,0,10.62
550120,687,687.18,134.05,134.05,0,10.62
550125,696,696.1,138.95,138.95,0,10.62
550130,701,700.81,142.89,142.89,0,10.62
550135,703,702.9,145.83,145.83,0,10.62
550140,703,703.2,147.75,147.31,0,10.62
550145,701,701.09,148.64,147.31,0,10.62
550150,700,699.8,148.49,147.31,0,10.62
550155,694,693.91,147.31,147.31,0,10.62
550160,686,686.21,145.14,145.14,0,10.62
550165,678,678.08,142.01,142.01,0,10.62
550170,669,668.79,137.96,137.96,0,10.62
550175,658,657.93,133.05,133.05,0,10.62
550180,646,646.21,127.35,127.35,0,10.62
550185,635,635.06,120.92,120.92,0,10.62
550190,624,623.79,113.85,113.85,0,10.62
550195,610,609.95,106.2,106.2,0,10.62
550200,599,599.21,98.07,98.07,0,10.62
550205,587,587.04,89.54,89.54,0,10.62
550210,576,575.79,80.7,80.7,0,10.62
550215,563,562.96,71.63,71.63,0,10.62
550220,555,555.21,62.42,62.42,0,10.62
550225,541,541.03,53.14,53.14,0,10.62
550230,532,531.79,43.88,43.88,0,10.62
550235,521,520.97,34.73,34.73,0,10.62
550240,510,510.22,25.74,25.74,0,10.62
550245,502,502.02,16.98,16.98,0,10.62
550250,493,492.78,8.53,8.53,0,10.62
550255,484,483.98,0.44,0.44,0,10.62
550260,475,475.22,-7.25,-7.25,0,10.62
550265,468,468.01,-14.48,-14.48,0,10.62
550270,460,459.78,-21.23,-21.23,0,10.62
550275,454,453.99,-27.45,-27.45,0,10.62
550280,447,447.22,-33.12,-33.12,0,10.62
550285,446,446.01,-38.24,-38.24,0,10.62
550290,443,442.78,-42.78,-42.78,0,10.62
550295,440,439.99,-46.75,-46.75,0,10.62
550300,438,438.21,-50.15,-50.15,0,10.62
550305,439,439.01,-53.0,-53.0,0,10.62
550310,439,438.79,-55.3,-55.3,0,10.62
550315,441,440.99,-57.09,-57.09,0,10.62
550320,441,441.2,-58.38,-58.38,0,10.62
550325,441,441.0,-59.22,-59.22,0,10.62
550330,445,444.81,-59.64,-59.22,0,10.62
550335,447,447.0,-59.67,-59.22,0,10.62
550340,448,448.18,-59.36,-59.22,0,10.62
550345,451,450.99,-58.75,-58.75,0,10.62
550350,456,455.83,-57.88,-57.88,0,10.62
550355,459,459.02,-56.81,-56.81,0,10.62
550360,464,464.16,-55.57,-55.57,0,10.62
550365,470,469.97,-54.2,-54.2,0,10.62
550370,467,466.84,-52.76,-52.76,0,10.62
550375,467,467.03,-51.28,-51.28,0,10.62
550380,470,470.15,-49.8,-49.8,0,10.62
550385,472,471.98,-48.35,-48.35,0,10.62
550390,473,472.85,-46.97,-46.97,0,10.62
550395,474,474.02,-45.69,-45.69,0,10.62
550400,476,476.14,-44.53,-44.53,0,10.62
550405,473,472.99,-43.53,-43.53,0,10.62
550410,476,475.86,-42.69,-42.69,0,10.62
550415,476,476.01,-42.05,-42.05,0,10.62
550420,477,477.14,-41.6,-41.6,0,10.62
550425,475,474.99,-41.37,-41.6,0,10.62
550430,475,474.86,-41.36,-41.6,0,10.62
550435,473,473.0,-41.58,-41.6,0,10.62
550440,472,472.14,-42.02,-42.02,0,10.62
550445,471,471.0,-42.68,-42.68,0,10.62
550450,469,468.86,-43.57,-43.57,0,10.62
550455,471,471.0,-44.66,-44.66,0,10.62
550460,466,466.14,-45.96,-45.96,0,10.62
550465,466,465.99,-47.44,-47.44,0,10.62
550470,463,462.85,-49.1,-49.1,0,10.62
550475,460,460.01,-50.91,-50.91,0,10.62
550480,458,458.15,-52.85,-52.85,0,10.62
550485,457,456.99,-54.91,-54.91,0,10.62
550490,455,454.85,-57.06,-57.06,0,10.62
550495,453,453.01,-59.26,-59.26,0,10.62
550500,451,451.15,-61.51,-61.51,0,10.62
550505,451,450.99,-63.76,-63.76,0,10.62
550510,448,447.85,-65.99,-65.99,0,10.62
550515,448,448.01,-68.16,-68.16,0,10.62
550520,445,445.15,-70.25,-70.25,0,10.62
550525,446,445.99,-72.22,-72.22,0,10.62
550530,442,441.85,-74.03,-74.03,0,10.62
550535,442,442.0,-75.66,-75.66,0,10.62
550540,440,440.15,-77.05,-77.05,0,10.62
550545,440,440.0,-78.19,-78.19,0,10.62
550550,438,437.85,-79.03,-79.03,0,10.62
550555,438,437.99,-79.52,-79.03,0,10.62
550560,437,437.15,-79.65,-79.03,0,10.62
550565,436,436.01,-79.37,-79.03,0,10.62
550570,436,435.84,-78.64,-78.64,0,10.62
550575,433,432.98,-77.43,-77.43,0,10.62
550580,435,435.16,-75.71,-75.71,0,10.62
550585,436,436.03,-73.45,-73.45,0,10.62
550590,434,433.84,-70.62,-70.62,0,10.62
550595,431,430.96,-67.2,-67.2,0,10.62
550600,433,433.17,-63.17,-63.17,0,10.62
550605,432,432.06,-58.52,-58.52,0,10.62
550610,432,431.83,-53.23,-53.23,0,10.62
550615,434,433.92,-47.31,-47.31,0,10.62
550620,434,434.18,-40.76,-40.76,0,10.62
550625,434,434.1,-33.6,-33.6,0,10.62
550630,437,436.81,-25.85,-25.85,0,10.62
550635,441,440.88,-17.54,-17.54,0,10.62
550640,448,448.2,-8.72,-8.72,0,10.62
550645,458,458.14,0.56,0.56,0,10.62
550650,468,467.79,10.23,10.23,0,10.62
550655,486,485.85,20.2,20.2,0,10.62
550660,503,503.23,30.41,30.41,0,10.62
550665,521,521.17,40.74,40.74,0,10.62
550670,540,539.75,51.11,51.11,0,10.62
550675,563,562.82,61.39,61.39,0,10.62
550680,582,582.27,71.48,71.48,0,10.62
550685,604,604.2,81.27,81.27,0,10.62
550690,625,624.71,90.64,90.64,0,10.62
550695,643,642.79,99.49,99.49,0,10.62
550700,653,653.3,107.72,107.72,0,10.62
550705,671,671.22,115.24,115.24,0,10.62
550710,682,681.68,121.95,121.95,0,10.62
550715,695,694.76,127.79,127.79,0,10.62
550720,698,698.32,132.7,132.7,0,10.62
550725,702,702.24,136.62,136.62,0,10.62
550730,705,704.67,139.51,139.51,0,10.62
550735,705,704.76,141.37,140.65,0,10.62
550740,704,704.34,142.17,140.65,0,10.62
550745,698,698.24,141.92,140.65,0,10.62
550750,693,692.64,140.65,140.65,0,10.62
550755,686,685.75,138.37,138.37,0,10.62
550760,676,676.37,135.14,135.14,0,10.62
550765,663,663.24,131.0,131.0,0,10.62
550770,656,655.62,126.01,126.01,0,10.62
550775,646,645.77,120.24,120.24,0,10.62
550780,632,632.4,113.77,113.77,0,10.62
550785,621,621.22,106.67,106.67,0,10.62
550790,609,608.59,99.04,99.04,0,10.62
550795,598,597.79,90.94,90.94,0,10.62
550800,588,588.43,82.49,82.49,0,10.62
550805,575,575.2,73.76,73.76,0,10.62
550810,562,561.55,64.83,64.83,0,10.62
550815,552,551.82,55.81,55.81,0,10.62
550820,541,541.47,46.78,46.78,0,10.62
550825,534,534.18,37.81,37.81,0,10.62
550830,523,522.5,28.98,28.98,0,10.62
550835,512,511.83,20.38,20.38,0,10.62
550840,485,485.51,12.06,12.06,0,10.62
550845,494,494.17,4.09,4.09,0,10.62
550850,487,486.5,-3.47,-3.47,0,10.62
550855,479,478.83,-10.57,-10.57,0,10.62
550860,473,473.47,-17.18,-17.18,0,10.62
550865,466,466.17,-23.26,-23.26,0,10.62
550870,461,460.55,-28.77,-28.77,0,10.62
550875,457,456.84,-33.7,-33.7,0,10.62
550880,452,452.43,-38.04,-38.04,0,10.62
550885,449,449.16,-41.78,-41.78,0,10.62
550890,447,446.59,-44.93,-44.93,0,10.62
550895,447,446.85,-47.48,-47.48,0,10.62
550900,446,446.39,-49.46,-49.46,0,10.62
550905,447,447.15,-50.88,-50.88,0,10.62
550910,450,449.63,-51.79,-51.71,0,10.62
550915,452,451.86,-52.2,-51.71,0,10.62
550920,455,455.35,-52.16,-51.71,0,10.62
550925,459,459.14,-51.71,-51.71,0,10.62
550930,463,462.67,-50.9,-50.9,0,10.62
550935,466,465.87,-49.77,-49.77,0,10.62
550940,472,472.31,-48.37,-48.37,0,10.62
550945,475,475.13,-46.76,-46.76,0,10.62
550950,479,478.7,-44.99,-44.99,0,10.62
550955,484,483.87,-43.11,-43.11,0,10.62
550960,488,488.29,-41.16,-41.16,0,10.62
550965,492,492.12,-39.2,-39.2,0,10.62
550970,492,491.72,-37.27,-37.27,0,10.62
550975,497,496.88,-35.41,-35.41,0,10.62
550980,498,498.27,-33.67,-33.67,0,10.62
550985,501,501.12,-32.08,-32.08,0,10.62
550990,502,501.74,-30.66,-30.66,0,10.62
550995,502,501.88,-29.46,-29.46,0,10.62
551000,502,502.26,-28.49,-28.49,0,10.62
551005,503,503.12,-27.77,-27.77,0,10.62
551010,502,501.75,-27.31,-27.64,0,10.62
551015,501,500.87,-27.14,-27.64,0,10.62
551020,499,499.24,-27.25,-27.64,0,10.62
551025,499,499.13,-27.64,-27.64,0,10.62
551030,497,496.76,-28.31,-28.31,0,10.62
551035,496,495.86,-29.27,-29.27,0,10.62
551040,493,493.23,-30.49,-30.49,0,10.62
551045,490,490.14,-31.97,-31.97,0,10.62
551050,490,489.78,-33.69,-33.69,0,10.62
551055,486,485.86,-35.63,-35.63,0,10.62
551060,482,482.21,-37.77,-37.77,0,10.62
551065,479,479.14,-40.09,-40.09,0,10.62
551070,478,477.81,-42.56,-42.56,0,10.62
551075,474,473.86,-45.15,-45.15,0,10.62
551080,469,469.18,-47.83,-47.83,0,10.62
551085,468,468.14,-50.57,-50.57,0,10.62
551090,466,465.84,-53.33,-53.33,0,10.62
551095,465,464.86,-56.09,-56.09,0,10.62
551100,461,461.14,-58.81,-58.81,0,10.62
551105,459,459.14,-61.45,-61.45,0,10.62
551110,459,458.89,-63.98,-63.98,0,10.62
551115,457,456.87,-66.36,-66.36,0,10.62
551120,456,456.09,-68.54,-68.54,0,10.62
551125,455,455.13,-70.51,-70.51,0,10.62
551130,453,452.93,-72.21,-72.21,0,10.62
551135,452,451.88,-73.61,-73.61,0,10.62
551140,451,451.05,-74.68,-74.68,0,10.62
551145,453,453.12,-75.36,-74.79,0,10.62
551150,450,449.98,-75.63,-74.79,0,10.62
551155,448,447.88,-75.46,-74.79,0,10.62
551160,450,450.0,-74.79,-74.79,0,10.62
551165,448,448.13,-73.61,-73.61,0,10.62
551170,448,448.02,-71.87,-71.87,0,10.62
551175,448,447.86,-69.56,-69.56,0,10.62
551180,444,443.96,-66.63,-66.63,0,10.62
551185,445,445.14,-63.07,-63.07,0,10.62
551191,444,444.07,-58.87,-58.87,0,10.62
551195,447,446.86,-54.0,-54.0,0,10.62
551200,444,443.91,-48.46,-48.46,0,10.62
551205,444,444.14,-42.26,-42.26,0,10.62
551210,445,445.12,-35.39,-35.39,0,10.62
551215,448,447.86,-27.88,-27.88,0,10.62
551220,451,450.86,-19.75,-19.75,0,10.62
551225,455,455.13,-11.04,-11.04,0,10.62
551230,461,461.16,-1.81,-1.81,0,10.62
551235,471,470.87,7.9,7.9,0,10.62
551240,484,483.82,18.01,18.01,0,10.62
551245,501,501.13,28.44,28.44,0,10.62
551250,518,518.21,39.1,39.1,0,10.62
551255,539,538.88,49.88,49.88,0,10.62
551260,561,560.77,60.67,60.67,0,10.62
551265,581,581.12,71.38,71.38,0,10.62
551270,605,605.25,81.87,81.87,0,10.62
551275,627,626.88,92.03,92.03,0,10.62
551280,647,646.73,101.74,101.74,0,10.62
551285,666,666.11,110.9,110.9,0,10.62
551290,681,681.29,119.41,119.41,0,10.62
551295,692,691.89,127.16,127.16,0,10.62
551300,706,705.68,134.07,134.07,0,10.62
551305,717,717.11,140.07,140.07,0,10.62
551310,722,722.34,145.09,145.09,0,10.62
551315,725,724.87,149.08,149.08,0,10.62
551320,730,729.64,152.02,152.02,0,10.62
551325,728,728.14,153.88,152.99,0,10.62
551330,725,725.38,154.65,152.99,0,10.62
551335,720,719.84,154.35,152.99,0,10.62
551340,713,712.6,152.99,152.99,0,10.62
551345,703,703.17,150.61,150.61,0,10.62
551350,694,694.43,147.25,147.25,0,10.62
551355,684,683.82,142.97,142.97,0,10.62
551360,673,672.55,137.83,137.83,0,10.62
551365,660,660.19,131.91,131.91,0,10.62
551370,647,647.47,125.27,125.27,0,10.62
551375,643,642.8,118.01,118.01,0,10.62
551380,624,623.51,110.2,110.2,0,10.62
551385,611,611.2,101.94,101.94,0,10.62
551390,599,599.51,93.31,93.31,0,10.62
551395,588,587.81,84.4,84.4,0,10.62
551400,578,577.47,75.31,75.31,0,10.62
551405,567,567.18,66.12,66.12,0,10.62
551410,557,557.55,56.9,56.9,0,10.62
551415,547,546.82,47.75,47.75,0,10.62
551420,537,536.43,38.73,38.73,0,10.62
551425,528,528.17,29.91,29.91,0,10.62
551430,518,518.59,21.36,21.36,0,10.62
551435,510,509.84,13.15,13.15,0,10.62
551440,517,516.39,5.32,5.32,0,10.62
551445,490,490.16,-2.08,-2.08,0,10.62
551450,482,482.6,-9.01,-9.01,0,10.62
551455,477,476.85,-15.43,-15.43,0,10.62
551460,471,470.43,-21.31,-21.31,0,10.62
551465,466,466.14,-26.64,-26.64,0,10.62
551470,461,461.55,-31.4,-31.4,0,10.62
551475,460,459.87,-35.59,-35.59,0,10.62
551480,457,456.47,-39.21,-39.21,0,10.62
551485,458,458.12,-42.29,-42.29,0,10.62
551490,457,457.51,-44.82,-44.82,0,10.62
551495,460,459.9,-46.84,-46.84,0,10.62
551500,462,461.51,-48.38,-48.38,0,10.62
551505,463,463.09,-49.48,-49.48,0,10.62
551510,466,466.47,-50.17,-50.17,0,10.62
551515,469,468.92,-50.49,-50.17,0,10.62
551520,474,473.56,-50.5,-50.17,0,10.62
551525,477,477.07,-50.23,-50.17,0,10.62
551530,481,481.42,-49.74,-49.74,0,10.62
551535,481,480.94,-49.08,-49.08,0,10.62
551540,486,485.6,-48.29,-48.29,0,10.62
551545,488,488.06,-47.42,-47.42,0,10.62
551550,491,491.38,-46.5,-46.5,0,10.62
551555,493,492.95,-45.6,-45.6,0,10.62
551560,493,492.63,-44.73,-44.73,0,10.62
551565,495,495.05,-43.95,-43.95,0,10.62
551570,494,494.35,-43.27,-43.27,0,10.62
551575,496,495.96,-42.72,-42.72,0,10.62
551580,495,494.66,-42.34,-42.34,0,10.62
551585,494,494.03,-42.14,-42.34,0,10.62
551590,493,493.32,-42.13,-42.34,0,10.62
551595,489,488.97,-42.32,-42.34,0,10.62
551600,490,489.69,-42.73,-42.73,0,10.62
551605,487,487.03,-43.35,-43.35,0,10.62
551610,485,485.29,-44.19,-44.19,0,10.62
551615,482,481.97,-45.23,-45.23,0,10.62
551620,479,478.72,-46.48,-46.48,0,10.62
551625,477,477.02,-47.92,-47.92,0,10.62
551630,474,474.27,-49.54,-49.54,0,10.62
551635,472,471.98,-51.32,-51.32,0,10.62
551640,470,469.74,-53.26,-53.26,0,10.62
551645,466,466.02,-55.31,-55.31,0,10.62
551650,463,463.25,-57.48,-57.48,0,10.62
551655,461,460.98,-59.73,-59.73,0,10.62
551660,458,457.77,-62.03,-62.03,0,10.62
551665,458,458.02,-64.37,-64.37,0,10.62
551670,455,455.22,-66.72,-66.72,0,10.62
551675,453,452.98,-69.05,-69.05,0,10.62
551680,450,449.79,-71.33,-71.33,0,10.62
551685,451,451.02,-73.53,-73.53,0,10.62
551690,450,450.21,-75.63,-75.63,0,10.62
551695,449,448.97,-77.59,-77.59,0,10.62
551700,448,447.8,-79.39,-79.39,0,10.62
551705,446,446.03,-80.98,-80.98,0,10.62
551710,445,445.2,-82.35,-82.35,0,10.62
551715,446,445.97,-83.45,-83.45,0,10.62
551720,447,446.81,-84.26,-84.26,0,10.62
551725,446,446.03,-84.74,-84.26,0,10.62
551730,446,446.18,-84.86,-84.26,0,10.62
551735,448,447.97,-84.59,-84.26,0,10.62
551740,445,444.82,-83.88,-83.88,0,10.62
551745,450,450.03,-82.72,-82.72,0,10.62
551750,445,445.17,-81.06,-81.06,0,10.62
551755,443,442.96,-78.88,-78.88,0,10.62
551760,442,441.83,-76.15,-76.15,0,10.62
551765,443,443.05,-72.84,-72.84,0,10.62
551770,441,441.16,-68.93,-68.93,0,10.62
551775,441,440.94,-64.39,-64.39,0,10.62
551780,441,440.84,-59.22,-59.22,0,10.62
551785,441,441.07,-53.41,-53.41,0,10.62
551790,442,442.16,-46.95,-46.95,0,10.62
551795,442,441.92,-39.86,-39.86,0,10.62
551800,444,443.84,-32.14,-32.14,0,10.62
551805,446,446.1,-23.83,-23.83,0,10.62
551810,450,450.16,-14.96,-14.96,0,10.62
551815,458,457.89,-5.57,-5.57,0,10.62
551820,470,469.84,4.28,4.28,0,10.62
551825,483,483.13,14.51,14.51,0,10.62
551830,499,499.15,25.05,25.05,0,10.62
551835,516,515.86,35.82,35.82,0,10.62
551840,536,535.85,46.7,46.7,0,10.62
551845,556,556.16,57.59,57.59,0,10.62
551850,578,578.15,68.39,68.39,0,10.62
551855,599,598.82,78.97,78.97,0,10.62
551860,621,620.86,89.24,89.24,0,10.62
551865,641,641.2,99.06,99.06,0,10.62
551870,660,660.14,108.34,108.34,0,10.62
551875,677,676.78,116.96,116.96,0,10.62
551880,691,690.86,124.84,124.84,0,10.62
551885,701,701.24,131.88,131.88,0,10.62
551890,711,711.14,138.02,138.02,0,10.62
551895,719,718.74,143.18,143.18,0,10.62
551900,723,722.86,147.32,147.32,0,10.62
551905,724,724.27,150.41,150.41,0,10.62
551910,724,724.13,152.42,151.98,0,10.62
551915,739,738.73,153.35,151.98,0,10.62
551920,716,715.87,153.2,151.98,0,10.62
551925,708,708.25,151.98,151.98,0,10.62
551930,700,700.12,149.75,149.75,0,10.62
551935,691,690.79,146.53,146.53,0,10.62
551940,682,681.88,142.38,142.38,0,10.62
551945,671,671.18,137.36,137.36,0,10.62
551950,660,660.11,131.55,131.55,0,10.62
551955,650,649.86,125.03,125.03,0,10.62
551960,636,635.89,117.86,117.86,0,10.62
551965,623,623.1,110.14,110.14,0,10.62
551970,610,610.1,101.95,101.95,0,10.62
551975,599,598.94,93.39,93.39,0,10.62
551980,588,587.91,84.54,84.54,0,10.62
551985,577,577.02,75.48,75.48,0,10.62
551990,567,567.09,66.31,66.31,0,10.62
551995,554,554.01,57.11,57.11,0,10.62
552000,545,544.92,47.95,47.95,0,10.62
552005,536,535.95,38.91,38.91,0,10.62
552010,527,527.08,30.07,30.07,0,10.62
552015,517,517.08,21.48,21.48,0,10.62
552020,508,507.93,13.21,13.21,0,10.62
552025,499,498.88,5.31,5.31,0,10.62
552030,492,492.07,-2.17,-2.17,0,10.62
552035,484,484.15,-9.18,-9.18,0,10.62
552040,476,475.93,-15.7,-15.7,0,10.62
552045,476,475.81,-21.7,-21.7,0,10.62
552050,466,466.08,-27.16,-27.16,0,10.62
552055,460,460.21,-32.06,-32.06,0,10.62
552060,458,457.92,-36.4,-36.4,0,10.62
552065,457,456.77,-40.17,-40.17,0,10.62
552070,456,456.09,-43.4,-43.4,0,10.62
552075,452,452.25,-46.09,-46.09,0,10.62
552080,457,456.91,-48.27,-48.27,0,10.62
552085,458,457.74,-49.95,-49.95,0,10.62
552090,458,458.1,-51.18,-51.18,0,10.62
552095,462,462.27,-51.99,-51.99,0,10.62
552100,465,464.9,-52.42,-51.99,0,10.62
552105,467,466.72,-52.5,-51.99,0,10.62
552110,470,470.1,-52.29,-51.99,0,10.62
552115,472,472.29,-51.83,-51.83,0,10.62
552120,477,476.9,-51.16,-51.16,0,10.62
552125,479,478.7,-50.34,-50.34,0,10.62
552130,480,480.1,-49.39,-49.39,0,10.62
552135,482,482.31,-48.37,-48.37,0,10.62
552140,484,483.91,-47.32,-47.32,0,10.62
552145,487,486.68,-46.28,-46.28,0,10.62
552150,488,488.09,-45.27,-45.27,0,10.62
552155,489,489.32,-44.34,-44.34,0,10.62
552160,488,487.91,-43.51,-43.51,0,10.62
552165,490,489.67,-42.81,-42.81,0,10.62
552170,489,489.09,-42.26,-42.26,0,10.62
552175,488,488.34,-41.88,-41.88,0,10.62
552180,486,485.9,-41.67,-41.88,0,10.62
552185,485,484.65,-41.67,-41.88,0,10.62
552190,484,484.1,-41.86,-41.88,0,10.62
552195,481,481.36,-42.26,-42.26,0,10.62
552200,481,480.89,-42.86,-42.86,0,10.62
552205,480,479.63,-43.66,-43.66,0,10.62
552210,477,477.11,-44.66,-44.66,0,10.62
552215,475,475.37,-45.84,-45.84,0,10.62
552220,473,472.88,-47.21,-47.21,0,10.62
552225,471,470.62,-48.73,-48.73,0,10.62
552230,468,468.13,-50.41,-50.41,0,10.62
552235,465,465.38,-52.22,-52.22,0,10.62
552240,466,465.87,-54.14,-54.14,0,10.62
552245,463,462.61,-56.14,-56.14,0,10.62
552250,462,462.13,-58.22,-58.22,0,10.62
552255,459,459.39,-60.34,-60.34,0,10.62
552260,458,457.87,-62.48,-62.48,0,10.62
552265,456,455.6,-64.61,-64.61,0,10.62
552270,455,455.14,-66.7,-66.7,0,10.62
552275,452,452.4,-68.72,-68.72,0,10.62
552280,452,451.86,-70.65,-70.65,0,10.62
552285,451,450.59,-72.45,-72.45,0,10.62
552290,449,449.15,-74.08,-74.08,0,10.62
552295,448,448.41,-75.52,-75.52,0,10.62
552300,448,447.85,-76.73,-76.73,0,10.62
552305,446,445.58,-77.67,-77.67,0,10.62
552310,445,445.16,-78.32,-78.12,0,10.62
552315,445,445.42,-78.63,-78.12,0,10.62
552320,444,443.84,-78.57,-78.12,0,10.62
552325,444,443.57,-78.12,-78.12,0,10.62
552330,443,443.16,-77.23,-77.23,0,10.62
552335,443,443.44,-75.87,-75.87,0,10.62
552340,442,441.84,-74.02,-74.02,0,10.62
552345,443,442.55,-71.64,-71.64,0,10.62
552350,444,444.17,-68.72,-68.72,0,10.62
552355,441,441.45,-65.22,-65.22,0,10.62
552360,446,445.83,-61.13,-61.13,0,10.62
552365,444,443.54,-56.44,-56.44,0,10.62
552370,443,443.18,-51.13,-51.13,0,10.62
552375,443,443.47,-45.21,-45.21,0,10.62
552380,444,443.82,-38.68,-38.68,0,10.62
552385,444,443.53,-31.56,-31.56,0,10.62
552390,447,447.18,-23.85,-23.85,0,10.62
552395,449,449.48,-15.6,-15.6,0,10.62
552400,455,454.82,-6.84,-6.84,0,10.62
552405,464,463.52,2.38,2.38,0,10.62
552410,475,475.19,11.98,11.98,0,10.62
552415,489,489.5,21.91,21.91,0,10.62
552420,505,504.81,32.08,32.08,0,10.62
552425,524,523.5,42.39,42.39,0,10.62
552430,542,542.2,52.74,52.74,0,10.62
552435,563,563.51,63.04,63.04,0,10.62
552440,586,585.8,73.16,73.16,0,10.62
552445,606,605.48,83.01,83.01,0,10.62
552450,624,624.2,92.46,92.46,0,10.62
552455,644,644.53,101.42,101.42,0,10.62
552460,662,661.8,109.77,109.77,0,10.62
552465,676,675.46,117.43,117.43,0,10.62
552470,688,688.19,124.31,124.31,0,10.62
552475,688,688.54,130.33,130.33,0,10.62
552480,708,707.81,135.42,135.42,0,10.62
552485,711,710.46,139.54,139.54,0,10.62
552490,713,713.18,142.64,142.64,0,10.62
552495,713,713.52,144.71,144.61,0,10.62
552500,710,709.83,145.72,144.61,0,10.62
552505,707,706.49,145.68,144.61,0,10.62
552510,701,701.16,144.61,144.61,0,10.62
552515,692,692.49,142.53,142.53,0,10.62
552520,684,683.84,139.48,139.48,0,10.62
552525,676,675.53,135.51,135.51,0,10.62
552530,665,665.15,130.69,130.69,0,10.62
552535,652,652.46,125.07,125.07,0,10.62
552540,642,641.85,118.73,118.73,0,10.62
552545,629,628.56,111.76,111.76,0,10.62
552550,616,616.15,104.23,104.23,0,10.62
552555,604,604.42,96.24,96.24,0,10.62
552560,593,592.86,87.87,87.87,0,10.62
552565,582,581.6,79.21,79.21,0,10.62
552570,566,566.13,70.35,70.35,0,10.62
552575,558,558.38,61.38,61.38,0,10.62
552580,546,545.88,52.38,52.38,0,10.62
552585,537,536.64,43.44,43.44,0,10.62
552590,526,526.11,34.64,34.64,0,10.62
552595,515,515.34,26.04,26.04,0,10.62
552600,504,503.9,17.72,17.72,0,10.62
552605,496,495.68,9.73,9.73,0,10.62
552610,488,488.09,2.14,2.14,0,10.62
552615,480,480.3,-5.01,-5.01,0,10.62
552620,474,473.91,-11.68,-11.68,0,10.62
552625,467,466.72,-17.83,-17.83,0,10.62
552630,463,463.08,-23.44,-23.44,0,10.62
552635,458,458.26,-28.49,-28.49,0,10.62
552640,456,455.93,-32.98,-32.98,0,10.62
552645,454,453.75,-36.89,-36.89,0,10.62
552650,453,453.07,-40.23,-40.23,0,10.62
552655,453,453.23,-43.02,-43.02,0,10.62
552660,452,451.94,-45.27,-45.27,0,10.62
552665,453,452.79,-47.0,-47.0,0,10.62
552670,455,455.06,-48.26,-48.26,0,10.62
552675,458,458.2,-49.06,-49.06,0,10.62
552680,460,459.94,-49.45,-49.06,0,10.62
552685,462,461.81,-49.48,-49.06,0,10.62
552690,467,467.06,-49.18,-49.06,0,10.62
552695,470,470.18,-48.6,-48.6,0,10.62
552700,473,472.95,-47.79,-47.79,0,10.62
552705,475,474.82,-46.8,-46.8,0,10.62
552710,476,476.05,-45.67,-45.67,0,10.62
552715,482,482.17,-44.46,-44.46,0,10.62
552720,484,483.96,-43.19,-43.19,0,10.62
552725,488,487.83,-41.93,-41.93,0,10.62
552730,489,489.04,-40.71,-40.71,0,10.62
552735,490,490.17,-39.56,-39.56,0,10.62
552740,489,488.97,-38.52,-38.52,0,10.62
552745,491,490.83,-37.61,-37.61,0,10.62
552750,492,492.03,-36.88,-36.88,0,10.62
552755,490,490.16,-36.33,-36.33,0,10.62
552760,491,490.97,-35.99,-36.33,0,10.62
552765,490,489.84,-35.87,-36.33,0,10.62
552770,488,488.03,-35.99,-36.33,0,10.62
552775,485,485.15,-36.34,-36.34,0,10.62
552780,483,482.97,-36.93,-36.93,0,10.62
552785,482,481.86,-37.76,-37.76,0,10.62
552790,480,480.03,-38.83,-38.83,0,10.62
552795,477,477.13,-40.14,-40.14,0,10.62
552800,478,477.97,-41.66,-41.66,0,10.62
552805,473,472.88,-43.39,-43.39,0,10.62
552810,469,469.03,-45.31,-45.31,0,10.62
552815,468,468.11,-47.41,-47.41,0,10.62
552820,466,465.98,-49.66,-49.66,0,10.62
552825,463,462.9,-52.05,-52.05,0,10.62
552830,463,463.01,-54.55,-54.55,0,10.62
552835,460,460.09,-57.13,-57.13,0,10.62
552840,458,458.0,-59.77,-59.77,0,10.62
552845,456,455.91,-62.44,-62.44,0,10.62
552850,453,453.0,-65.1,-65.1,0,10.62
552855,453,453.08,-67.73,-67.73,0,10.62
552860,448,448.01,-70.29,-70.29,0,10.62
552865,449,448.92,-72.74,-72.74,0,10.62
552870,448,447.99,-75.06,-75.06,0,10.62
552875,442,442.07,-77.2,-77.2,0,10.62
552880,442,442.01,-79.12,-79.12,0,10.62
552885,440,439.94,-80.78,-80.78,0,10.62
552890,438,437.99,-82.15,-82.15,0,10.62
552895,437,437.05,-83.19,-83.19,0,10.62
552900,437,437.01,-83.85,-83.2,0,10.62
552905,435,434.96,-84.1,-83.2,0,10.62
552910,434,433.99,-83.89,-83.2,0,10.62
552915,433,433.03,-83.2,-83.2,0,10.62
552920,433,433.01,-81.98,-81.98,0,10.62
552925,431,430.99,-80.21,-80.21,0,10.62
552930,431,430.99,-77.85,-77.85,0,10.62
552935,430,430.0,-74.87,-74.87,0,10.62
552940,430,430.02,-71.26,-71.26,0,10.62
552945,427,427.0,-66.99,-66.99,0,10.62
552950,429,428.98,-62.05,-62.05,0,10.62
552955,429,428.99,-56.43,-56.43,0,10.62
552960,429,429.03,-50.14,-50.14,0,10.62
552965,430,430.02,-43.18,-43.18,0,10.62
552970,432,431.97,-35.57,-35.57,0,10.62
552975,435,434.98,-27.35,-27.35,0,10.62
552980,433,433.03,-18.54,-18.54,0,10.62
552985,448,448.03,-9.21,-9.21,0,10.62
552990,459,458.99,0.6,0.6,0,10.62
552995,472,471.97,10.8,10.8,0,10.62
553000,487,487.0,21.31,21.31,0,10.62
553005,505,505.03,32.04,32.04,0,10.62
553010,526,526.02,42.89,42.89,0,10.62
553015,547,546.97,53.73,53.73,0,10.62
553020,571,570.96,64.47,64.47,0,10.62
553025,592,592.04,74.99,74.99,0,10.62
553030,613,613.06,85.15,85.15,0,10.62
553035,633,632.96,94.86,94.86,0,10.62
553040,652,651.93,104.01,104.01,0,10.62
553045,669,669.04,112.47,112.47,0,10.62
553050,682,682.09,120.18,120.18,0,10.62
553055,694,693.95,127.03,127.03,0,10.62
553060,702,701.89,132.95,132.95,0,10.62
553065,707,707.05,137.89,137.89,0,10.62
553070,711,711.12,141.8,141.8,0,10.62
553075,713,712.94,144.65,144.65,0,10.62
553080,711,710.86,146.43,145.3,0,10.62
553085,707,707.06,147.11,145.3,0,10.62
553090,702,702.15,146.73,145.3,0,10.62
553095,696,695.94,145.3,145.3,0,10.62
553100,697,696.84,142.85,142.85,0,10.62
553105,678,678.06,139.44,139.44,0,10.62
553110,668,668.15,135.12,135.12,0,10.62
553115,656,655.94,129.95,129.95,0,10.62
553120,645,644.85,124.02,124.02,0,10.62
553125,634,634.06,117.39,117.39,0,10.62
553130,621,621.14,110.17,110.17,0,10.62
553135,609,608.94,102.43,102.43,0,10.62
553140,596,595.87,94.26,94.26,0,10.62
553145,586,586.07,85.76,85.76,0,10.62
553150,575,575.12,77.02,77.02,0,10.62
553155,562,561.93,68.12,68.12,0,10.62
553160,552,551.88,59.17,59.17,0,10.62
553165,540,540.08,50.24,50.24,0,10.62
553170,528,528.11,41.41,41.41,0,10.62
553175,519,518.91,32.76,32.76,0,10.62
553180,509,508.89,24.36,24.36,0,10.62
553185,497,497.09,16.28,16.28,0,10.62
553190,489,489.1,8.58,8.58,0,10.62
553195,482,481.91,1.31,1.31,0,10.62
553200,474,473.91,-5.49,-5.49,0,10.62
553205,469,469.1,-11.78,-11.78,0,10.62
553210,465,465.08,-17.54,-17.54,0,10.62
553215,458,457.9,-22.74,-22.74,0,10.62
553220,455,454.92,-27.37,-27.37,0,10.62
553225,454,454.11,-31.44,-31.44,0,10.62
553230,452,452.08,-34.94,-34.94,0,10.62
553235,452,451.89,-37.9,-37.9,0,10.62
553240,454,453.93,-40.31,-40.31,0,10.62
553245,456,456.12,-42.23,-42.23,0,10.62
553250,457,457.07,-43.67,-43.67,0,10.62
553255,460,459.87,-44.67,-44.67,0,10.62
553260,463,462.94,-45.27,-45.13,0,10.62
553265,469,469.15,-45.51,-45.13,0,10.62
553270,470,470.06,-45.45,-45.13,0,10.62
553275,472,471.83,-45.13,-45.13,0,10.62
553280,475,474.94,-44.6,-44.6,0,10.62
553285,477,477.19,-43.89,-43.89,0,10.62
553290,482,482.06,-43.08,-43.08,0,10.62
553295,492,491.8,-42.18,-42.18,0,10.62
553300,486,485.94,-41.26,-41.26,0,10.62
553305,489,489.2,-40.35,-40.35,0,10.62
553310,489,489.06,-39.49,-39.49,0,10.62
553315,492,491.8,-38.71,-38.71,0,10.62
553320,491,490.94,-38.05,-38.05,0,10.62
553325,489,489.2,-37.52,-37.52,0,10.62
553330,491,491.06,-37.15,-37.15,0,10.62
553335,490,489.81,-36.95,-37.15,0,10.62
553340,488,487.93,-36.95,-37.15,0,10.62
553345,488,488.18,-37.15,-37.15,0,10.62
553350,487,487.07,-37.55,-37.55,0,10.62
553355,483,482.82,-38.15,-38.15,0,10.62
553360,481,480.92,-38.96,-38.96,0,10.62
553365,480,480.18,-39.97,-39.97,0,10.62
553370,477,477.09,-41.16,-41.16,0,10.62
553375,475,474.83,-42.52,-42.52,0,10.62
553380,472,471.9,-44.04,-44.04,0,10.62
553385,471,471.17,-45.71,-45.71,0,10.62
553390,467,467.11,-47.49,-47.49,0,10.62
553395,464,463.82,-49.37,-49.37,0,10.62
553400,462,461.88,-51.32,-51.32,0,10.62
553405,459,459.18,-53.31,-53.31,0,10.62
553410,458,458.13,-55.33,-55.33,0,10.62
553415,457,456.82,-57.33,-57.33,0,10.62
553420,456,455.86,-59.29,-59.29,0,10.62
553425,453,453.18,-61.18,-61.18,0,10.62
553430,452,452.15,-62.97,-62.97,0,10.62
553435,452,451.82,-64.63,-64.63,0,10.62
553440,450,449.84,-66.11,-66.11,0,10.62
553445,448,448.18,-67.4,-67.4,0,10.62
553450,448,448.17,-68.45,-68.45,0,10.62
553455,447,446.82,-69.24,-69.24,0,10.62
553460,447,446.82,-69.73,-69.24,0,10.62
553465,446,446.17,-69.88,-69.24,0,10.62
553470,445,445.19,-69.67,-69.24,0,10.62
553475,447,446.83,-69.06,-69.06,0,10.62
553480,445,444.8,-68.03,-68.03,0,10.62
553485,445,445.16,-66.54,-66.54,0,10.62
553490,445,445.21,-64.58,-64.58,0,10.62
553495,445,444.84,-62.11,-62.11,0,10.62
553500,446,445.78,-59.12,-59.12,0,10.62
553505,447,447.15,-55.58,-55.58,0,10.62
553510,441,441.22,-51.49,-51.49,0,10.62
553515,446,445.85,-46.84,-46.84,0,10.62
553520,446,445.78,-41.62,-41.62,0,10.62
553525,443,443.15,-35.83,-35.83,0,10.62
553530,448,448.22,-29.49,-29.49,0,10.62
553535,449,448.86,-22.62,-22.62,0,10.62
553540,448,447.78,-15.24,-15.24,0,10.62
553545,456,456.13,-7.39,-7.39,0,10.62
553550,464,464.23,0.88,0.88,0,10.62
553555,468,467.88,9.52,9.52,0,10.62
553560,482,481.76,18.47,18.47,0,10.62
553565,494,494.12,27.65,27.65,0,10.62
553570,510,510.26,36.96,36.96,0,10.62
553575,530,529.89,46.33,46.33,0,10.62
553580,549,548.73,55.65,55.65,0,10.62
553585,570,570.11,64.83,64.83,0,10.62
553590,588,588.28,73.74,73.74,0,10.62
553595,607,606.89,82.3,82.3,0,10.62
553600,625,624.71,90.4,90.4,0,10.62
553605,641,641.1,97.94,97.94,0,10.62
553610,654,654.3,104.83,104.83,0,10.62
553615,666,665.89,110.99,110.99,0,10.62
553620,675,674.68,116.34,116.34,0,10.62
553625,682,682.1,120.82,120.82,0,10.62
553630,687,687.33,124.38,124.38,0,10.62
553635,689,688.89,126.97,126.97,0,10.62
553640,701,700.66,128.59,127.45,0,10.62
553645,689,689.1,129.2,127.45,0,10.62
553650,685,685.33,128.82,127.45,0,10.62
553655,679,678.89,127.45,127.45,0,10.62
553660,673,672.69,125.14,125.14,0,10.62
553665,664,664.11,121.9,121.9,0,10.62
553670,655,655.3,117.81,117.81,0,10.62
553675,641,640.88,112.9,112.9,0,10.62
553680,633,632.71,107.25,107.25,0,10.62
553685,621,621.13,100.93,100.93,0,10.62
553690,608,608.27,94.03,94.03,0,10.62
553695,595,594.85,86.62,86.62,0,10.62
553700,584,583.74,78.79,78.79,0,10.62
553705,571,571.17,70.63,70.63,0,10.62
553710,560,560.25,62.23,62.23,0,10.62
553715,548,547.82,53.67,53.67,0,10.62
553720,538,537.76,45.05,45.05,0,10.62
553725,525,525.2,36.45,36.45,0,10.62
553730,514,514.22,27.94,27.94,0,10.62
553735,506,505.78,19.61,19.61,0,10.62
553740,494,493.79,11.53,11.53,0,10.62
553745,485,485.23,3.77,3.77,0,10.62
553750,475,475.19,-3.63,-3.63,0,10.62
553755,469,468.76,-10.59,-10.59,0,10.62
553760,461,460.82,-17.09,-17.09,0,10.62
553765,455,455.26,-23.08,-23.08,0,10.62
553770,449,449.16,-28.53,-28.53,0,10.62
553775,446,445.73,-33.42,-33.42,0,10.62
553780,436,435.85,-37.73,-37.73,0,10.62
553785,441,441.28,-41.47,-41.47,0,10.62
553790,441,441.15,-44.64,-44.64,0,10.62
553795,443,442.71,-47.25,-47.25,0,10.62
553800,443,442.85,-49.31,-49.31,0,10.62
553805,445,445.3,-50.86,-50.86,0,10.62
553810,444,444.15,-51.93,-51.93,0,10.62
553815,450,449.69,-52.54,-52.08,0,10.62
553820,455,454.86,-52.74,-52.08,0,10.62
553825,455,455.32,-52.57,-52.08,0,10.62
553830,459,459.13,-52.08,-52.08,0,10.62
553835,464,463.67,-51.31,-51.31,0,10.62
553840,465,464.88,-50.31,-50.31,0,10.62
553845,470,470.34,-49.14,-49.14,0,10.62
553850,474,474.11,-47.84,-47.84,0,10.62
553855,476,475.65,-46.45,-46.45,0,10.62
553860,479,478.89,-45.02,-45.02,0,10.62
553865,479,479.36,-43.6,-43.6,0,10.62
553870,485,485.1,-42.22,-42.22,0,10.62
553875,484,483.63,-40.92,-40.92,0,10.62
553880,487,486.9,-39.74,-39.74,0,10.62
553885,488,488.37,-38.7,-38.7,0,10.62
553890,488,488.1,-37.83,-37.83,0,10.62
553895,488,487.62,-37.15,-37.15,0,10.62
553900,489,488.9,-36.68,-36.68,0,10.62
553905,486,486.4,-36.42,-36.68,0,10.62
553910,486,486.09,-36.39,-36.68,0,10.62
553915,485,484.59,-36.6,-36.68,0,10.62
553920,482,481.91,-37.03,-37.03,0,10.62
553925,482,482.42,-37.69,-37.69,0,10.62
553930,480,480.09,-38.57,-38.57,0,10.62
553935,479,478.57,-39.66,-39.66,0,10.62
553940,475,474.91,-40.93,-40.93,0,10.62
553945,474,474.44,-42.39,-42.39,0,10.62
553950,473,473.09,-43.99,-43.99,0,10.62
553955,470,469.54,-45.72,-45.72,0,10.62
553960,468,467.91,-47.55,-47.55,0,10.62
553965,465,465.47,-49.45,-49.45,0,10.62
553970,462,462.1,-51.39,-51.39,0,10.62
553975,461,460.52,-53.34,-53.34,0,10.62
553980,459,458.9,-55.27,-55.27,0,10.62
553985,457,457.5,-57.13,-57.13,0,10.62
553990,454,454.1,-58.89,-58.89,0,10.62
553995,453,452.48,-60.52,-60.52,0,10.62
554000,453,452.9,-61.96,-61.96,0,10.62
554005,449,449.53,-63.2,-63.2,0,10.62
554010,449,449.1,-64.18,-64.18,0,10.62
554015,448,447.45,-64.87,-64.81,0,10.62
554020,447,446.9,-65.23,-64.81,0,10.62
554025,449,449.57,-65.22,-64.81,0,10.62
554030,446,446.09,-64.81,-64.81,0,10.62
554035,449,448.41,-63.97,-63.97,0,10.62
554040,443,442.91,-62.65,-62.65,0,10.62
554045,441,441.61,-60.84,-60.84,0,10.62
554050,442,442.09,-58.5,-58.5,0,10.62
554055,440,439.37,-55.6,-55.6,0,10.62
554060,441,440.91,-52.14,-52.14,0,10.62
554065,441,441.65,-48.09,-48.09,0,10.62
554070,440,440.1,-43.45,-43.45,0,10.62
554075,449,448.34,-38.22,-38.22,0,10.62
554080,439,438.9,-32.4,-32.4,0,10.62
554085,443,443.67,-26.01,-26.01,0,10.62
554090,444,444.1,-19.06,-19.06,0,10.62
554095,447,446.33,-11.59,-11.59,0,10.62
554100,455,454.9,-3.64,-3.64,0,10.62
554105,443,443.67,4.74,4.74,0,10.62
554110,472,472.11,13.49,13.49,0,10.62
554115,487,486.36,22.52,22.52,0,10.62
554120,502,501.89,31.76,31.76,0,10.62
554125,516,516.6,41.11,41.11,0,10.62
554130,538,538.11,50.48,50.48,0,10.62
554135,559,558.45,59.76,59.76,0,10.62
554140,579,578.89,68.84,68.84,0,10.62
554145,599,599.51,77.61,77.61,0,10.62
554150,615,615.11,85.97,85.97,0,10.62
554155,633,632.54,93.81,93.81,0,10.62
554160,648,647.9,101.04,101.04,0,10.62
554165,663,663.42,107.57,107.57,0,10.62
554170,671,671.1,113.31,113.31,0,10.62
554175,679,678.62,118.2,118.2,0,10.62
554180,685,684.91,122.19,122.19,0,10.62
554185,690,690.35,125.22,125.22,0,10.62
554190,698,698.09,127.27,127.27,0,10.62
554195,689,688.68,128.32,127.27,0,10.62
554200,684,683.89,128.37,127.27,0,10.62
554205,679,679.29,127.42,127.27,0,10.62
554210,672,672.13,125.52,125.52,0,10.62
554215,666,665.74,122.68,122.68,0,10.62
554220,655,654.85,118.96,118.96,0,10.62
554225,646,646.22,114.41,114.41,0,10.62
554230,633,633.17,109.1,109.1,0,10.62
554235,621,620.81,103.11,103.11,0,10.62
554240,613,612.82,96.5,96.5,0,10.62
554245,598,598.17,89.37,89.37,0,10.62
554250,586,586.2,81.8,81.8,0,10.62
554255,573,572.86,73.89,73.89,0,10.62
554260,562,561.79,65.71,65.71,0,10.62
554265,549,549.12,57.37,57.37,0,10.62
554270,537,537.22,48.96,48.96,0,10.62
554275,526,525.91,40.55,40.55,0,10.62
554280,515,514.77,32.23,32.23,0,10.62
554285,505,505.07,24.09,24.09,0,10.62
554290,492,492.24,16.19,16.19,0,10.62
554295,485,484.96,8.61,8.61,0,10.62
554300,476,475.75,1.4,1.4,0,10.62
554305,479,479.03,-5.39,-5.39,0,10.62
554310,462,462.26,-11.7,-11.7,0,10.62
554315,456,455.97,-17.5,-17.5,0,10.62
554320,450,449.73,-22.77,-22.77,0,10.62
554325,447,447.03,-27.47,-27.47,0,10.62
554330,437,437.27,-31.59,-31.59,0,10.62
554335,445,444.97,-35.14,-35.14,0,10.62
554340,442,441.73,-38.11,-38.11,0,10.62
554345,439,439.03,-40.52,-40.52,0,10.62
554350,444,444.26,-42.39,-42.39,0,10.62
554355,448,447.98,-43.75,-43.75,0,10.62
554360,449,448.74,-44.63,-44.63,0,10.62
554365,458,458.01,-45.07,-44.63,0,10.62
554370,457,457.25,-45.11,-44.63,0,10.62
554375,461,460.99,-44.8,-44.63,0,10.62
554380,466,465.75,-44.19,-44.19,0,10.62
554385,470,470.01,-43.33,-43.33,0,10.62
554390,474,474.25,-42.26,-42.26,0,10.62
554395,479,478.99,-41.05,-41.05,0,10.62
554400,480,479.75,-39.74,-39.74,0,10.62
554405,483,483.0,-38.38,-38.38,0,10.62
554410,487,487.25,-37.01,-37.01,0,10.62
554415,492,492.0,-35.69,-35.69,0,10.62
554420,494,493.75,-34.44,-34.44,0,10.62
554425,493,492.98,-33.31,-33.31,0,10.62
554430,493,493.24,-32.33,-32.33,0,10.62
554435,493,493.03,-31.52,-31.52,0,10.62
554440,492,491.76,-30.91,-30.91,0,10.62
554445,495,494.96,-30.51,-30.74,0,10.62
554450,492,492.24,-30.35,-30.74,0,10.62
554455,490,490.05,-30.42,-30.74,0,10.62
554460,489,488.76,-30.74,-30.74,0,10.62
554465,488,487.95,-31.3,-31.3,0,10.62
554470,486,486.24,-32.1,-32.1,0,10.62
554475,486,486.06,-33.13,-33.13,0,10.62
554480,483,482.76,-34.39,-34.39,0,10.62
554485,479,478.94,-35.84,-35.84,0,10.62
554490,477,477.24,-37.49,-37.49,0,10.62
554495,476,476.08,-39.29,-39.29,0,10.62
554500,473,472.76,-41.24,-41.24,0,10.62
554505,471,470.91,-43.29,-43.29,0,10.62
554510,468,468.24,-45.43,-45.43,0,10.62
554515,465,465.1,-47.61,-47.61,0,10.62
554520,463,462.76,-49.8,-49.8,0,10.62
554525,461,460.89,-51.97,-51.97,0,10.62
554530,459,459.24,-54.07,-54.07,0,10.62
554535,457,457.12,-56.08,-56.08,0,10.62
554540,456,455.76,-57.94,-57.94,0,10.62
554545,454,453.86,-59.62,-59.62,0,10.62
554550,448,448.24,-61.07,-61.07,0,10.62
554555,448,448.14,-62.26,-62.26,0,10.62
554560,448,447.77,-63.15,-63.15,0,10.62
554565,445,444.85,-63.69,-63.15,0,10.62
554570,444,444.22,-63.84,-63.15,0,10.62
554575,443,443.16,-63.57,-63.15,0,10.62
554580,441,440.78,-62.84,-62.84,0,10.62
554585,441,440.83,-61.61,-61.61,0,10.62
554590,437,437.21,-59.87,-59.87,0,10.62
554595,436,436.18,-57.57,-57.57,0,10.62
554600,437,436.8,-54.71,-54.71,0,10.62
554605,435,434.82,-51.26,-51.26,0,10.62
554610,434,434.18,-47.21,-47.21,0,10.62
554615,431,431.19,-42.56,-42.56,0,10.62
554620,434,433.83,-37.3,-37.3,0,10.62
554625,434,433.81,-31.46,-31.46,0,10.62
554630,433,433.16,-25.06,-25.06,0,10.62
554635,438,438.19,-18.12,-18.12,0,10.62
554640,444,443.87,-10.68,-10.68,0,10.62
554645,454,453.82,-2.81,-2.81,0,10.62
554650,465,465.12,5.45,5.45,0,10.62
554655,477,477.18,14.02,14.02,0,10.62
554660,492,491.9,22.81,22.81,0,10.62
554665,508,507.83,31.75,31.75,0,10.62
554670,527,527.09,40.72,40.72,0,10.62
554675,545,545.17,49.63,49.63,0,10.62
554680,565,564.92,58.38,58.38,0,10.62
554685,584,583.83,66.85,66.85,0,10.62
554690,602,602.06,74.96,74.96,0,10.62
554695,619,619.17,82.59,82.59,0,10.62
554700,634,633.95,89.64,89.64,0,10.62
554705,646,645.83,96.04,96.04,0,10.62
554710,656,656.03,101.71,101.71,0,10.62
554715,666,666.16,106.56,106.56,0,10.62
554720,671,670.98,110.56,110.56,0,10.62
554725,675,674.83,113.65,113.65,0,10.62
554730,677,677.0,115.8,115.8,0,10.62
554735,674,674.17,117.0,115.8,0,10.62
554740,670,670.01,117.23,115.8,0,10.62
554745,666,665.83,116.51,115.8,0,10.62
554750,661,660.98,114.87,114.87,0,10.62
554755,652,652.17,112.32,112.32,0,10.62
554760,642,642.03,108.92,108.92,0,10.62
554765,635,634.83,104.71,104.71,0,10.62
554770,624,623.97,99.76,99.76,0,10.62
554775,612,612.17,94.14,94.14,0,10.62
554780,600,600.03,87.92,87.92,0,10.62
554785,590,589.83,81.18,81.18,0,10.62
554790,576,575.97,74.0,74.0,0,10.62
554795,565,565.16,66.47,66.47,0,10.62
554800,556,556.04,58.68,58.68,0,10.62
554805,544,543.84,50.71,50.71,0,10.62
554810,532,531.96,42.64,42.64,0,10.62
554815,524,524.15,34.57,34.57,0,10.62
554820,512,512.05,26.57,26.57,0,10.62
554825,501,500.85,18.72,18.72,0,10.62
554830,491,490.94,11.09,11.09,0,10.62
554835,481,481.15,3.75,3.75,0,10.62
554840,473,473.07,-3.25,-3.25,0,10.62
554845,462,461.85,-9.84,-9.84,0,10.62
554850,454,453.91,-15.98,-15.98,0,10.62
554855,450,450.16,-21.63,-21.63,0,10.62
554860,446,446.11,-26.76,-26.76,0,10.62
554865,444,443.84,-31.35,-31.35,0,10.62
554870,440,439.87,-35.39,-35.39,0,10.62
554875,439,439.16,-38.87,-38.87,0,10.62
554880,439,439.15,-41.8,-41.8,0,10.62
554885,439,438.84,-44.19,-44.19,0,10.62
554890,442,441.83,-46.05,-46.05,0,10.62
554895,444,444.17,-47.42,-47.42,0,10.62
554900,446,446.19,-48.31,-48.31,0,10.62
554905,450,449.83,-48.77,-48.31,0,10.62
554910,453,452.79,-48.84,-48.31,0,10.62
554915,457,457.18,-48.56,-48.31,0,10.62
554920,462,462.23,-47.98,-47.98,0,10.62
554925,465,464.82,-47.14,-47.14,0,10.62
554930,470,469.74,-46.1,-46.1,0,10.62
554935,472,472.19,-44.89,-44.89,0,10.62
554940,476,476.28,-43.57,-43.57,0,10.62
554945,480,479.81,-42.19,-42.19,0,10.62
554950,484,483.7,-40.79,-40.79,0,10.62
554955,485,485.19,-39.4,-39.4,0,10.62
554960,478,478.32,-38.08,-38.08,0,10.62
554965,487,486.8,-36.84,-36.84,0,10.62
554970,489,488.68,-35.73,-35.73,0,10.62
554975,488,488.2,-34.78,-34.78,0,10.62
554980,491,491.32,-34.0,-34.0,0,10.62
554985,490,489.79,-33.42,-33.42,0,10.62
554990,489,488.68,-33.05,-33.3,0,10.62
554995,490,490.21,-32.9,-33.3,0,10.62
555000,488,488.32,-32.98,-33.3,0,10.62
555005,488,487.78,-33.3,-33.3,0,10.62
555010,486,485.67,-33.84,-33.84,0,10.62
555015,486,486.23,-34.6,-34.6,0,10.62
555020,483,483.33,-35.58,-35.58,0,10.62
555025,481,480.76,-36.75,-36.75,0,10.62
555030,478,477.66,-38.11,-38.11,0,10.62
555035,478,478.25,-39.62,-39.62,0,10.62
555040,473,473.35,-41.27,-41.27,0,10.62
555045,471,470.74,-43.02,-43.02,0,10.62
555050,470,469.65,-44.86,-44.86,0,10.62
555055,469,469.28,-46.73,-46.73,0,10.62
555060,465,465.36,-48.62,-48.62,0,10.62
555065,463,462.7,-50.49,-50.49,0,10.62
555070,464,463.63,-52.29,-52.29,0,10.62
555075,458,458.33,-53.99,-53.99,0,10.62
555080,458,458.37,-55.55,-55.55,0,10.62
555085,465,464.66,-56.93,-56.93,0,10.62
555090,454,453.63,-58.09,-58.09,0,10.62
555095,451,451.35,-58.99,-58.99,0,10.62
555100,450,450.38,-59.58,-59.14,0,10.62
555105,447,446.65,-59.83,-59.14,0,10.62
555110,449,448.62,-59.7,-59.14,0,10.62
555115,447,447.35,-59.14,-59.14,0,10.62
555120,445,445.38,-58.13,-58.13,0,10.62
555125,446,445.65,-56.64,-56.64,0,10.62
555130,445,444.62,-54.63,-54.63,0,10.62
555135,443,443.35,-52.08,-52.08,0,10.62
555140,441,441.38,-48.97,-48.97,0,10.62
555145,440,439.64,-45.28,-45.28,0,10.62
555150,440,439.62,-41.01,-41.01,0,10.62
555155,440,440.36,-36.16,-36.16,0,10.62
555160,439,439.37,-30.73,-30.73,0,10.62
555165,440,439.63,-24.73,-24.73,0,10.62
555170,440,439.63,-18.19,-18.19,0,10.62
555175,445,445.38,-11.15,-11.15,0,10.62
555180,453,453.38,-3.64,-3.64,0,10.62
555185,462,461.61,4.27,4.27,0,10.62
555190,474,473.62,12.52,12.52,0,10.62
555195,487,487.4,21.03,21.03,0,10.62
555200,504,504.39,29.73,29.73,0,10.62
555205,522,521.6,38.51,38.51,0,10.62
555210,541,540.6,47.28,47.28,0,10.62
555215,560,560.41,55.93,55.93,0,10.62
555220,574,574.4,64.37,64.37,0,10.62
555225,598,597.58,72.48,72.48,0,10.62
555230,616,615.6,80.17,80.17,0,10.62
555235,630,630.43,87.33,87.33,0,10.62
555240,646,646.39,93.87,93.87,0,10.62
555245,657,656.56,99.71,99.71,0,10.62
555250,667,666.61,104.78,104.78,0,10.62
555255,673,673.44,109.02,109.02,0,10.62
555260,676,676.38,112.37,112.37,0,10.62
555265,679,678.54,114.79,114.79,0,10.62
555270,681,680.62,116.27,114.99,0,10.62
555275,674,674.46,116.79,114.99,0,10.62
555280,671,671.37,116.36,114.99,0,10.62
555285,667,666.53,114.99,114.99,0,10.62
555290,660,659.64,112.71,112.71,0,10.62
555295,652,652.48,109.55,109.55,0,10.62
555300,641,641.34,105.58,105.58,0,10.62
555305,631,630.51,100.84,100.84,0,10.62
555310,619,618.67,95.4,95.4,0,10.62
555315,608,608.5,89.34,89.34,0,10.62
555320,597,597.32,82.73,82.73,0,10.62
555325,585,584.49,75.66,75.66,0,10.62
555330,574,573.7,68.21,68.21,0,10.62
555335,560,560.52,60.47,60.47,0,10.62
555340,549,549.29,52.53,52.53,0,10.62
555345,538,537.47,44.46,44.46,0,10.62
555350,530,529.72,36.37,36.37,0,10.62
555355,516,516.55,28.33,28.33,0,10.62
555360,507,507.26,20.41,20.41,0,10.62
555365,497,496.44,12.7,12.7,0,10.62
555370,484,483.75,5.26,5.26,0,10.62
555375,477,477.57,-1.85,-1.85,0,10.62
555380,469,469.24,-8.56,-8.56,0,10.62
555385,461,460.42,-14.85,-14.85,0,10.62
555390,455,454.77,-20.65,-20.65,0,10.62
555395,450,450.6,-25.95,-25.95,0,10.62
555400,446,446.22,-30.71,-30.71,0,10.62
555405,443,442.38,-34.93,-34.93,0,10.62
555410,443,442.79,-38.6,-38.6,0,10.62
555415,442,442.64,-41.72,-41.72,0,10.62
555420,443,443.21,-44.3,-44.3,0,10.62
555425,448,447.34,-46.36,-46.36,0,10.62
555430,446,445.8,-47.93,-47.93,0,10.62
555435,447,447.67,-49.03,-49.03,0,10.62
555440,453,453.2,-49.71,-49.57,0,10.62
555445,456,455.32,-49.99,-49.57,0,10.62
555450,460,459.81,-49.93,-49.57,0,10.62
555455,465,465.7,-49.57,-49.57,0,10.62
555460,470,470.19,-48.96,-48.96,0,10.62
555465,474,473.29,-48.15,-48.15,0,10.62
555470,480,479.81,-47.18,-47.18,0,10.62
555475,481,481.73,-46.11,-46.11,0,10.62
555480,477,477.18,-44.98,-44.98,0,10.62
555485,488,487.26,-43.83,-43.83,0,10.62
555490,487,486.84,-42.7,-42.7,0,10.62
555495,490,490.76,-41.64,-41.64,0,10.62
555500,491,491.14,-40.67,-40.67,0,10.62
555505,510,509.24,-39.82,-39.82,0,10.62
555510,490,489.88,-39.12,-39.12,0,10.62
555515,490,490.74,-38.6,-38.6,0,10.62
555520,491,491.11,-38.25,-38.39,0,10.62
555525,490,489.29,-38.1,-38.39,0,10.62
555530,488,487.9,-38.15,-38.39,0,10.62
555535,487,487.68,-38.39,-38.39,0,10.62
555540,488,488.09,-38.84,-38.84,0,10.62
555545,486,485.35,-39.47,-39.47,0,10.62
555550,485,484.92,-40.28,-40.28,0,10.62
555555,483,483.62,-41.26,-41.26,0,10.62
555560,481,481.07,-42.39,-42.39,0,10.62
555565,477,476.41,-43.65,-43.65,0,10.62
555570,478,477.94,-45.01,-45.01,0,10.62
555575,475,475.57,-46.45,-46.45,0,10.62
555580,476,476.05,-47.94,-47.94,0,10.62
555585,475,474.45,-49.44,-49.44,0,10.62
555590,471,470.95,-50.93,-50.93,0,10.62
555595,468,468.52,-52.37,-52.37,0,10.62
555600,467,467.04,-53.71,-53.71,0,10.62
555605,467,466.51,-54.93,-54.93,0,10.62
555610,464,463.97,-55.99,-55.99,0,10.62
555615,463,463.46,-56.84,-56.84,0,10.62
555620,463,463.03,-57.44,-57.39,0,10.62
555625,461,460.57,-57.76,-57.39,0,10.62
555630,459,458.97,-57.76,-57.39,0,10.62
555635,458,458.4,-57.39,-57.39,0,10.62
555640,458,458.03,-56.63,-56.63,0,10.62
555645,458,457.63,-55.42,-55.42,0,10.62
555650,453,452.97,-53.76,-53.76,0,10.62
555655,455,455.34,-51.59,-51.59,0,10.62
555660,453,453.04,-48.91,-48.91,0,10.62
555665,461,460.69,-45.68,-45.68,0,10.62
555670,451,450.96,-41.89,-41.89,0,10.62
555675,450,450.26,-37.54,-37.54,0,10.62
555680,450,450.05,-32.6,-32.6,0,10.62
555685,447,446.79,-27.1,-27.1,0,10.62
555690,449,448.94,-21.04,-21.04,0,10.62
555695,455,455.17,-14.45,-14.45,0,10.62
555700,454,454.08,-7.35,-7.35,0,10.62
555705,463,462.88,0.21,0.21,0,10.62
555710,471,470.92,8.18,8.18,0,10.62
555715,483,483.09,16.49,16.49,0,10.62
555720,497,497.09,25.07,25.07,0,10.62
555725,514,513.95,33.84,33.84,0,10.62
555730,535,534.9,42.7,42.7,0,10.62
555735,551,551.01,51.55,51.55,0,10.62
555740,570,570.1,60.3,60.3,0,10.62
555745,591,591.03,68.83,68.83,0,10.62
555750,608,607.9,77.05,77.05,0,10.62
555755,628,627.93,84.84,84.84,0,10.62
555760,642,642.09,92.12,92.12,0,10.62
555765,657,657.11,98.78,98.78,0,10.62
555770,670,669.9,104.75,104.75,0,10.62
555775,677,676.85,109.94,109.94,0,10.62
555780,684,684.09,114.31,114.31,0,10.62
555785,689,689.19,117.78,117.78,0,10.62
555790,690,689.91,120.34,120.34,0,10.62
555795,692,691.77,121.94,120.98,0,10.62
555800,690,690.08,122.58,120.98,0,10.62
555805,686,686.27,122.26,120.98,0,10.62
555810,679,678.92,120.98,120.98,0,10.62
555815,690,689.69,118.78,118.78,0,10.62
555820,663,663.08,115.7,115.7,0,10.62
555825,655,655.31,111.77,111.77,0,10.62
555830,644,643.92,107.06,107.06,0,10.62
555835,634,633.69,101.63,101.63,0,10.62
555840,621,621.08,95.56,95.56,0,10.62
555845,609,609.31,88.92,88.92,0,10.62
555850,599,598.92,81.8,81.8,0,10.62
555855,587,586.7,74.27,74.27,0,10.62
555860,575,575.08,66.43,66.43,0,10.62
555865,563,563.3,58.36,58.36,0,10.62
555870,554,553.93,50.14,50.14,0,10.62
555875,543,542.71,41.86,41.86,0,10.62
555880,533,533.07,33.61,33.61,0,10.62
555885,521,521.28,25.45,25.45,0,10.62
555890,510,509.94,17.47,17.47,0,10.62
555895,501,500.73,9.73,9.73,0,10.62
555900,491,491.06,2.29,2.29,0,10.62
555905,482,482.27,-4.78,-4.78,0,10.62
555910,473,472.94,-11.45,-11.45,0,10.62
555915,468,467.74,-17.66,-17.66,0,10.62
555920,464,464.07,-23.39,-23.39,0,10.62
555925,459,459.25,-28.61,-28.61,0,10.62
555930,454,453.93,-33.3,-33.3,0,10.62
555935,451,450.76,-37.45,-37.45,0,10.62
555940,451,451.09,-41.07,-41.07,0,10.62
555945,451,451.24,-44.16,-44.16,0,10.62
555950,451,450.91,-46.74,-46.74,0,10.62
555955,453,452.76,-48.82,-48.82,0,10.62
555960,455,455.11,-50.44,-50.44,0,10.62
555965,459,459.25,-51.63,-51.63,0,10.62
555970,462,461.88,-52.42,-52.42,0,10.62
555975,464,463.75,-52.87,-52.54,0,10.62
555980,469,469.13,-53.0,-52.54,0,10.62
555985,473,473.26,-52.88,-52.54,0,10.62
555990,477,476.86,-52.54,-52.54,0,10.62
555995,479,478.73,-52.03,-52.03,0,10.62
556000,481,481.15,-51.41,-51.41,0,10.62
556005,485,485.28,-50.71,-50.71,0,10.62
556010,488,487.84,-49.98,-49.98,0,10.62
556015,488,487.7,-49.26,-49.26,0,10.62
556020,490,490.16,-48.58,-48.58,0,10.62
556025,492,492.31,-47.99,-47.99,0,10.62
556030,493,492.84,-47.5,-47.5,0,10.62
556035,492,491.67,-47.15,-47.15,0,10.62
556040,493,493.16,-46.96,-47.15,0,10.62
556045,484,484.35,-46.95,-47.15,0,10.62
556050,493,492.83,-47.12,-47.15,0,10.62
556055,488,487.65,-47.49,-47.49,0,10.62
556060,490,490.17,-48.06,-48.06,0,10.62
556065,487,487.36,-48.83,-48.83,0,10.62
556070,487,486.83,-49.8,-49.8,0,10.62
556075,494,493.64,-50.96,-50.96,0,10.62
556080,483,483.17,-52.28,-52.28,0,10.62
556085,481,481.35,-53.77,-53.77,0,10.62
556090,479,478.83,-55.39,-55.39,0,10.62
556095,476,475.67,-57.11,-57.11,0,10.62
556100,473,473.17,-58.91,-58.91,0,10.62
556105,470,470.32,-60.76,-60.76,0,10.62
556110,470,469.83,-62.62,-62.62,0,10.62
556115,466,465.7,-64.45,-64.45,0,10.62
556120,466,466.17,-66.22,-66.22,0,10.62
556125,463,463.28,-67.88,-67.88,0,10.62
556130,462,461.83,-69.39,-69.39,0,10.62
556135,460,459.73,-70.7,-70.7,0,10.62
556140,459,459.17,-71.78,-71.78,0,10.62
556145,456,456.25,-72.58,-72.58,0,10.62
556150,455,454.83,-73.04,-72.58,0,10.62
556155,453,452.76,-73.14,-72.58,0,10.62
556160,452,452.17,-72.81,-72.58,0,10.62
556165,449,449.22,-72.03,-72.03,0,10.62
556170,449,448.82,-70.75,-70.75,0,10.62
556175,448,447.79,-68.93,-68.93,0,10.62
556180,447,447.18,-66.54,-66.54,0,10.62
556185,447,447.19,-63.55,-63.55,0,10.62
556190,445,444.81,-59.93,-59.93,0,10.62
556195,443,442.82,-55.66,-55.66,0,10.62
556200,443,443.19,-50.74,-50.74,0,10.62
556205,443,443.17,-45.15,-45.15,0,10.62
556210,443,442.8,-38.91,-38.91,0,10.62
556215,443,442.84,-32.01,-32.01,0,10.62
556220,446,446.2,-24.49,-24.49,0,10.62
556225,452,452.16,-16.38,-16.38,0,10.62
556230,460,459.8,-7.73,-7.73,0,10.62
556235,469,468.85,1.42,1.42,0,10.62
556240,480,480.21,10.98,10.98,0,10.62
556245,500,500.15,20.87,20.87,0,10.62
556250,516,515.8,31.02,31.02,0,10.62
556255,537,536.85,41.31,41.31,0,10.62
556260,557,557.2,51.65,51.65,0,10.62
556265,580,580.15,61.92,61.92,0,10.62
556270,602,601.8,72.0,72.0,0,10.62
556275,623,622.84,81.79,81.79,0,10.62
556280,641,641.19,91.16,91.16,0,10.62
556285,659,659.16,100.02,100.02,0,10.62
556290,675,674.81,108.26,108.26,0,10.62
556295,686,685.84,115.78,115.78,0,10.62
556300,699,699.18,122.51,122.51,0,10.62
556305,707,707.17,128.37,128.37,0,10.62
556310,712,711.82,133.3,133.3,0,10.62
556315,718,717.82,137.26,137.26,0,10.62
556320,719,719.17,140.2,140.2,0,10.62
556325,718,718.18,142.11,141.68,0,10.62
556330,715,714.83,142.99,141.68,0,10.62
556335,710,709.81,142.84,141.68,0,10.62
556340,703,703.17,141.68,141.68,0,10.62
556345,695,695.19,139.54,139.54,0,10.62
556350,686,685.83,136.47,136.47,0,10.62
556355,676,675.8,132.5,132.5,0,10.62
556360,665,665.17,127.71,127.71,0,10.62
556365,655,655.2,122.17,122.17,0,10.62
556370,643,642.83,115.93,115.93,0,10.62
556375,633,632.79,109.09,109.09,0,10.62
556380,623,623.18,101.71,101.71,0,10.62
556385,609,609.22,93.89,93.89,0,10.62
556390,600,599.82,85.71,85.71,0,10.62
556395,590,589.78,77.24,77.24,0,10.62
556400,577,577.19,68.59,68.59,0,10.62
556405,567,567.23,59.82,59.82,0,10.62
556410,560,559.81,51.01,51.01,0,10.62
556415,549,548.78,42.25,42.25,0,10.62
556420,537,537.19,33.6,33.6,0,10.62
556425,527,527.22,25.14,25.14,0,10.62
556430,517,516.82,16.93,16.93,0,10.62
556435,508,507.78,9.02,9.02,0,10.62
556440,498,498.18,1.48,1.48,0,10.62
556445,491,491.22,-5.67,-5.67,0,10.62
556450,483,482.82,-12.36,-12.36,0,10.62
556455,476,475.79,-18.59,-18.59,0,10.62
556460,473,473.18,-24.31,-24.31,0,10.62
556465,467,467.21,-29.52,-29.52,0,10.62
556470,465,464.82,-34.21,-34.21,0,10.62
556475,463,462.79,-38.38,-38.38,0,10.62
556480,462,462.18,-42.03,-42.03,0,10.62
556485,462,462.21,-45.17,-45.17,0,10.62
556490,465,464.82,-47.83,-47.83,0,10.62
556495,461,460.78,-50.03,-50.03,0,10.62
556500,464,464.17,-51.8,-51.8,0,10.62
556505,466,466.22,-53.17,-53.17,0,10.62
556510,467,466.83,-54.18,-54.18,0,10.62
556515,468,467.77,-54.88,-54.88,0,10.62
556520,471,471.16,-55.29,-55.29,0,10.62
556525,475,475.25,-55.47,-55.29,0,10.62
556530,478,477.84,-55.47,-55.29,0,10.62
556535,480,479.74,-55.32,-55.29,0,10.62
556540,483,483.15,-55.06,-55.06,0,10.62
556545,484,484.28,-54.75,-54.75,0,10.62
556550,486,485.85,-54.42,-54.42,0,10.62
556555,488,487.71,-54.11,-54.11,0,10.62
556560,490,490.14,-53.85,-53.85,0,10.62
556565,487,487.31,-53.67,-53.85,0,10.62
556570,490,489.86,-53.6,-53.85,0,10.62
556575,490,489.68,-53.66,-53.85,0,10.62
556580,488,488.14,-53.87,-53.87,0,10.62
556585,488,488.33,-54.25,-54.25,0,10.62
556590,488,487.86,-54.79,-54.79,0,10.62
556595,495,494.67,-55.51,-55.51,0,10.62
556600,488,488.13,-56.41,-56.41,0,10.62
556605,484,484.32,-57.48,-57.48,0,10.62
556610,483,482.87,-58.71,-58.71,0,10.62
556615,482,481.69,-60.09,-60.09,0,10.62
556620,476,476.13,-61.59,-61.59,0,10.62
556625,474,474.29,-63.19,-63.19,0,10.62
556630,473,472.87,-64.87,-64.87,0,10.62
556635,469,468.72,-66.59,-66.59,0,10.62
556640,469,469.13,-68.33,-68.33,0,10.62
556645,466,466.26,-70.04,-70.04,0,10.62
556650,469,468.88,-71.69,-71.69,0,10.62
556655,462,461.75,-73.23,-73.23,0,10.62
556660,460,460.11,-74.63,-74.63,0,10.62
556665,458,458.23,-75.84,-75.84,0,10.62
556670,456,455.9,-76.81,-76.81,0,10.62
556675,454,453.78,-77.5,-77.42,0,10.62
556680,453,453.09,-77.87,-77.42,0,10.62
556685,448,448.21,-77.85,-77.42,0,10.62
556690,448,447.92,-77.42,-77.42,0,10.62
556695,447,446.81,-76.52,-76.52,0,10.62
556700,446,446.07,-75.11,-75.11,0,10.62
556705,445,445.18,-73.17,-73.17,0,10.62
556710,441,440.94,-70.64,-70.64,0,10.62
556715,441,440.84,-67.51,-67.51,0,10.62
556720,440,440.06,-63.74,-63.74,0,10.62
556725,440,440.15,-59.32,-59.32,0,10.62
556730,440,439.95,-54.23,-54.23,0,10.62
556735,438,437.86,-48.48,-48.48,0,10.62
556740,440,440.05,-42.06,-42.06,0,10.62
556745,441,441.13,-35.0,-35.0,0,10.62
556750,445,444.96,-27.31,-27.31,0,10.62
556755,450,449.88,-19.03,-19.03,0,10.62
556760,458,458.04,-10.21,-10.21,0,10.62
556765,469,469.12,-0.91,-0.91,0,10.62
556770,482,481.97,8.8,8.8,0,10.62
556775,500,499.89,18.84,18.84,0,10.62
556780,520,520.03,29.12,29.12,0,10.62
556785,537,537.1,39.53,39.53,0,10.62
556790,560,559.97,49.97,49.97,0,10.62
556795,583,582.91,60.33,60.33,0,10.62
556800,603,603.03,70.5,70.5,0,10.62
556805,631,631.08,80.35,80.35,0,10.62
556810,640,639.97,89.79,89.79,0,10.62
556815,659,658.92,98.71,98.71,0,10.62
556820,671,671.04,107.01,107.01,0,10.62
556825,685,685.08,114.59,114.59,0,10.62
556830,697,696.96,121.39,121.39,0,10.62
556835,702,701.91,127.32,127.32,0,10.62
556840,710,710.04,132.33,132.33,0,10.62
556845,714,714.09,136.38,136.38,0,10.62
556850,714,713.96,139.43,139.43,0,10.62
556855,712,711.89,141.47,141.47,0,10.62
556860,708,708.03,142.49,141.47,0,10.62
556865,705,705.12,142.49,141.47,0,10.62
556870,697,696.97,141.5,141.47,0,10.62
556875,691,690.87,139.53,139.53,0,10.62
556880,684,684.03,136.64,136.64,0,10.62
556885,674,674.15,132.87,132.87,0,10.62
556890,666,665.97,128.27,128.27,0,10.62
556895,656,655.83,122.91,122.91,0,10.62
556900,647,647.03,116.86,116.86,0,10.62
556905,625,625.17,110.19,110.19,0,10.62
556910,627,626.97,102.97,102.97,0,10.62
556915,615,614.83,95.29,95.29,0,10.62
556920,605,605.03,87.22,87.22,0,10.62
556925,594,594.15,78.85,78.85,0,10.62
556930,586,585.97,70.26,70.26,0,10.62
556935,573,572.86,61.52,61.52,0,10.62
556940,563,563.03,52.73,52.73,0,10.62
556945,551,551.13,43.96,43.96,0,10.62
556950,541,540.98,35.27,35.27,0,10.62
556955,531,530.89,26.75,26.75,0,10.62
556960,517,517.02,18.47,18.47,0,10.62
556965,508,508.1,10.47,10.47,0,10.62
556970,498,497.99,2.82,2.82,0,10.62
556975,490,489.92,-4.43,-4.43,0,10.62
556980,482,482.0,-11.24,-11.24,0,10.62
556985,476,476.06,-17.57,-17.57,0,10.62
556990,471,471.01,-23.4,-23.4,0,10.62
556995,463,462.96,-28.71,-28.71,0,10.62
557000,463,462.98,-33.48,-33.48,0,10.62
557005,458,458.03,-37.71,-37.71,0,10.62
557010,456,456.03,-41.4,-41.4,0,10.62
557015,458,457.98,-44.57,-44.57,0,10.62
557020,459,458.97,-47.23,-47.23,0,10.62
557025,462,462.0,-49.41,-49.41,0,10.62
557030,461,461.04,-51.13,-51.13,0,10.62
557035,456,456.0,-52.43,-52.43,0,10.62
557040,465,464.96,-53.34,-53.34,0,10.62
557045,468,468.01,-53.9,-53.9,0,10.62
557050,472,472.04,-54.17,-53.9,0,10.62
557055,474,473.98,-54.18,-53.9,0,10.62
557060,480,479.96,-53.98,-53.9,0,10.62
557065,478,478.03,-53.61,-53.61,0,10.62
557070,482,482.04,-53.13,-53.13,0,10.62
557075,484,483.96,-52.57,-52.57,0,10.62
557080,487,486.96,-51.97,-51.97,0,10.62
557085,486,486.04,-51.37,-51.37,0,10.62
557090,487,487.03,-50.81,-50.81,0,10.62
557095,490,489.95,-50.33,-50.33,0,10.62
557100,487,486.97,-49.94,-49.94,0,10.62
557105,488,488.05,-49.67,-49.81,0,10.62
557110,487,487.02,-49.55,-49.81,0,10.62
557115,485,484.95,-49.59,-49.81,0,10.62
557120,484,483.99,-49.81,-49.81,0,10.62
557125,482,482.05,-50.2,-50.2,0,10.62
557130,480,480.01,-50.79,-50.79,0,10.62
557135,476,475.94,-51.56,-51.56,0,10.62
557140,477,477.0,-52.53,-52.53,0,10.62
557145,475,475.06,-53.67,-53.67,0,10.62
557150,474,474.0,-54.99,-54.99,0,10.62
557155,470,469.93,-56.48,-56.48,0,10.62
557160,466,466.0,-58.11,-58.11,0,10.62
557165,465,465.08,-59.88,-59.88,0,10.62
557170,463,463.0,-61.77,-61.77,0,10.62
557175,462,461.91,-63.74,-63.74,0,10.62
557180,460,460.0,-65.79,-65.79,0,10.62
557185,458,458.1,-67.88,-67.88,0,10.62
557190,457,457.0,-69.99,-69.99,0,10.62
557195,456,455.89,-72.08,-72.08,0,10.62
557200,455,455.0,-74.14,-74.14,0,10.62
557205,452,452.12,-76.12,-76.12,0,10.62
557210,451,451.0,-77.98,-77.98,0,10.62
557215,450,449.88,-79.71,-79.71,0,10.62
557220,449,449.0,-81.25,-81.25,0,10.62
557225,446,446.13,-82.57,-82.57,0,10.62
557230,446,445.99,-83.63,-83.63,0,10.62
557235,445,444.87,-84.38,-84.38,0,10.62
557240,445,445.01,-84.8,-84.38,0,10.62
557245,443,443.14,-84.84,-84.38,0,10.62
557250,443,442.99,-84.45,-84.38,0,10.62
557255,441,440.86,-83.61,-83.61,0,10.62
557260,442,442.02,-82.26,-82.26,0,10.62
557265,441,441.14,-80.38,-80.38,0,10.62
557270,440,439.97,-77.93,-77.93,0,10.62
557275,439,438.85,-74.87,-74.87,0,10.62
557280,439,439.03,-71.18,-71.18,0,10.62
557285,437,437.16,-66.84,-66.84,0,10.62
557290,439,438.96,-61.82,-61.82,0,10.62
557295,437,436.84,-56.11,-56.11,0,10.62
557300,437,437.05,-49.71,-49.71,0,10.62
557305,440,440.17,-42.61,-42.61,0,10.62
557310,440,439.95,-34.83,-34.83,0,10.62
557315,441,440.82,-26.4,-26.4,0,10.62
557320,446,446.05,-17.33,-17.33,0,10.62
557325,452,452.2,-7.68,-7.68,0,10.62
557330,463,462.95,2.51,2.51,0,10.62
557335,477,476.79,13.16,13.16,0,10.62
557340,493,493.05,24.19,24.19,0,10.62
557345,512,512.23,35.52,35.52,0,10.62
557350,532,531.95,47.04,47.04,0,10.62
557355,555,554.76,58.65,58.65,0,10.62
557360,576,576.06,70.23,70.23,0,10.62
557365,600,600.25,81.67,81.67,0,10.62
557370,621,620.94,92.85,92.85,0,10.62
557375,644,643.73,103.65,103.65,0,10.62
557380,662,662.06,113.96,113.96,0,10.62
557385,680,680.28,123.67,123.67,0,10.62
557390,695,694.93,132.66,132.66,0,10.62
557395,708,707.71,140.86,140.86,0,10.62
557400,717,717.07,148.18,148.18,0,10.62
557405,725,725.3,154.55,154.55,0,10.62
557410,732,731.93,159.91,159.91,0,10.62
557415,742,741.69,164.22,164.22,0,10.62
557420,733,733.06,167.44,167.44,0,10.62
557425,732,732.31,169.56,169.33,0,10.62
557430,729,728.94,170.58,169.33,0,10.62
557435,724,723.7,170.49,169.33,0,10.62
557440,718,718.05,169.33,169.33,0,10.62
557445,710,710.29,167.12,167.12,0,10.62
557450,700,699.95,163.91,163.91,0,10.62
557455,692,691.72,159.75,159.75,0,10.62
557460,685,685.05,154.69,154.69,0,10.62
557465,673,673.27,148.8,148.8,0,10.62
557470,663,662.94,142.15,142.15,0,10.62
557475,652,651.73,134.82,134.82,0,10.62
557480,643,643.06,126.88,126.88,0,10.62
557485,633,633.27,118.42,118.42,0,10.62
557490,620,619.93,109.52,109.52,0,10.62
557495,610,609.73,100.26,100.26,0,10.62
557500,597,597.08,90.74,90.74,0,10.62
557505,587,587.27,81.04,81.04,0,10.62
557510,576,575.91,71.23,71.23,0,10.62
557515,563,562.73,61.42,61.42,0,10.62
557520,552,552.1,51.66,51.66,0,10.62
557525,540,540.27,42.05,42.05,0,10.62
557530,529,528.9,32.64,32.64,0,10.62
557535,517,516.72,23.52,23.52,0,10.62
557540,505,505.11,14.74,14.74,0,10.62
557545,495,495.28,6.35,6.35,0,10.62
557550,484,483.89,-1.59,-1.59,0,10.62
557555,480,479.71,-9.04,-9.04,0,10.62
557560,471,471.12,-15.97,-15.97,0,10.62
557565,464,464.29,-22.36,-22.36,0,10.62
557570,459,458.87,-28.18,-28.18,0,10.62
557575,456,455.71,-33.42,-33.42,0,10.62
557580,455,455.15,-38.09,-38.09,0,10.62
557585,453,453.29,-42.18,-42.18,0,10.62
557590,450,449.84,-45.71,-45.71,0,10.62
557595,452,451.71,-48.71,-48.71,0,10.62
557600,451,451.18,-51.19,-51.19,0,10.62
557605,454,454.29,-53.18,-53.18,0,10.62
557610,457,456.8,-54.73,-54.73,0,10.62
557615,461,460.7,-55.86,-55.86,0,10.62
557620,462,462.22,-56.63,-56.63,0,10.62
557625,465,465.3,-57.07,-56.91,0,10.62
557630,468,467.77,-57.23,-56.91,0,10.62
557635,469,468.7,-57.16,-56.91,0,10.62
557640,473,473.25,-56.91,-56.91,0,10.62
557645,472,472.3,-56.5,-56.5,0,10.62
557650,476,475.73,-56.0,-56.0,0,10.62
557655,479,478.7,-55.43,-55.43,0,10.62
557660,479,479.29,-54.84,-54.84,0,10.62
557665,479,479.29,-54.26,-54.26,0,10.62
557670,479,478.69,-53.73,-53.73,0,10.62
557675,479,478.71,-53.26,-53.26,0,10.62
557680,483,483.34,-52.89,-52.89,0,10.62
557685,477,477.28,-52.63,-52.69,0,10.62
557690,494,493.64,-52.51,-52.69,0,10.62
557695,474,473.72,-52.53,-52.69,0,10.62
557700,472,472.37,-52.69,-52.69,0,10.62
557705,467,467.27,-53.02,-53.02,0,10.62
557710,468,467.64,-53.49,-53.49,0,10.62
557715,464,463.73,-54.12,-54.12,0,10.62
557720,461,461.34,-54.89,-54.89,0,10.62
557725,458,458.26,-55.8,-55.8,0,10.62
557730,466,465.67,-56.85,-56.85,0,10.62
557735,455,454.75,-58.02,-58.02,0,10.62
557740,451,451.29,-59.3,-59.3,0,10.62
557745,448,448.24,-60.68,-60.68,0,10.62
557750,446,445.74,-62.15,-62.15,0,10.62
557755,444,443.78,-63.68,-63.68,0,10.62
557760,441,441.22,-65.28,-65.28,0,10.62
557765,441,441.21,-66.92,-66.92,0,10.62
557770,436,435.82,-68.6,-68.6,0,10.62
557775,436,435.8,-70.3,-70.3,0,10.62
557780,437,437.15,-72.0,-72.0,0,10.62
557785,435,435.2,-73.7,-73.7,0,10.62
557790,430,429.87,-75.39,-75.39,0,10.62
557795,434,433.81,-77.05,-77.05,0,10.62
557800,430,430.11,-78.68,-78.68,0,10.62
557805,430,430.18,-80.27,-80.27,0,10.62
557810,428,427.91,-81.8,-81.8,0,10.62
557815,429,428.83,-83.27,-83.27,0,10.62
557820,430,430.07,-84.67,-84.67,0,10.62
557825,430,430.17,-85.99,-85.99,0,10.62
557830,431,430.94,-87.22,-87.22,0,10.62
557835,430,429.84,-88.36,-88.36,0,10.62
557840,432,432.04,-89.38,-89.38,0,10.62
557845,433,433.16,-90.29,-90.29,0,10.62
557850,433,432.97,-91.07,-91.07,0,10.62
557855,434,433.85,-91.7,-91.7,0,10.62
557860,435,435.01,-92.18,-92.18,0,10.62
557865,435,435.15,-92.47,-92.18,0,10.62
557870,435,435.0,-92.58,-92.18,0,10.62
557875,440,439.85,-92.47,-92.18,0,10.62
557880,439,438.99,-92.12,-92.12,0,10.62
557885,439,439.14,-91.52,-91.52,0,10.62
557890,439,439.02,-90.63,-90.63,0,10.62
557895,441,440.87,-89.44,-89.44,0,10.62
557900,442,441.98,-87.9,-87.9,0,10.62
557905,442,442.12,-86.0,-86.0,0,10.62
557910,445,445.03,-83.7,-83.7,0,10.62
557915,443,442.89,-80.97,-80.97,0,10.62
557920,453,452.97,-77.78,-77.78,0,10.62
557925,442,442.1,-74.11,-74.11,0,10.62
557930,445,445.02,-69.92,-69.92,0,10.62
557935,444,443.91,-65.19,-65.19,0,10.62
557940,444,444.0,-59.9,-59.9,0,10.62
557945,444,444.08,-54.01,-54.01,0,10.62
557950,443,442.99,-47.53,-47.53,0,10.62
557955,443,442.94,-40.44,-40.44,0,10.62
557960,443,443.02,-32.73,-32.73,0,10.62
557965,444,444.05,-24.43,-24.43,0,10.62
557970,447,446.96,-15.53,-15.53,0,10.62
557975,452,451.96,-6.08,-6.08,0,10.62
557980,458,458.05,3.9,3.9,0,10.62
557985,469,469.03,14.34,14.34,0,10.62
557990,483,482.94,25.2,25.2,0,10.62
557995,499,498.99,36.39,36.39,0,10.62
558000,517,517.07,47.83,47.83,0,10.62
558005,542,542.0,59.42,59.42,0,10.62
558010,563,562.92,71.07,71.07,0,10.62
558015,586,586.01,82.66,82.66,0,10.62
558020,609,609.09,94.08,94.08,0,10.62
558025,633,632.98,105.22,105.22,0,10.62
558030,653,652.91,115.96,115.96,0,10.62
558035,672,672.02,126.2,126.2,0,10.62
558040,688,688.09,135.83,135.83,0,10.62
558045,705,704.98,144.76,144.76,0,10.62
558050,717,716.9,152.89,152.89,0,10.62
558055,727,727.02,160.16,160.16,0,10.62
558060,734,734.1,166.5,166.5,0,10.62
558065,738,737.97,171.85,171.85,0,10.62
558070,740,739.9,176.17,176.17,0,10.62
558075,741,741.03,179.45,179.45,0,10.62
558080,737,737.1,181.66,181.66,0,10.62
558085,736,735.96,182.8,181.66,0,10.62
558090,729,728.89,182.88,181.66,0,10.62
558095,723,723.04,181.93,181.66,0,10.62
558100,715,715.11,179.97,179.97,0,10.62
558105,707,706.96,177.05,177.05,0,10.62
558110,699,698.89,173.21,173.21,0,10.62
558115,691,691.05,168.5,168.5,0,10.62
558120,677,677.11,163.0,163.0,0,10.62
558125,672,671.95,156.76,156.76,0,10.62
558130,660,659.9,149.86,149.86,0,10.62
558135,653,653.06,142.36,142.36,0,10.62
558140,643,643.1,134.33,134.33,0,10.62
558145,633,632.94,125.87,125.87,0,10.62
558150,625,624.91,117.03,117.03,0,10.62
558155,615,615.07,107.91,107.91,0,10.62
558160,605,605.09,98.57,98.57,0,10.62
558165,596,595.92,89.09,89.09,0,10.62
558170,585,584.92,79.54,79.54,0,10.62
558175,570,570.09,70.0,70.0,0,10.62
558180,563,563.08,60.54,60.54,0,10.62
558185,552,551.91,51.22,51.22,0,10.62
558190,540,539.93,42.11,42.11,0,10.62
558195,530,530.08,33.27,33.27,0,10.62
558200,519,519.07,24.75,24.75,0,10.62
558205,508,507.92,16.6,16.6,0,10.62
558210,497,496.94,8.87,8.87,0,10.62
558215,489,489.08,1.59,1.59,0,10.62
558220,482,482.07,-5.2,-5.2,0,10.62
558225,476,475.93,-11.49,-11.49,0,10.62
558230,471,470.93,-17.26,-17.26,0,10.62
558235,467,467.07,-22.5,-22.5,0,10.62
558240,464,464.07,-27.21,-27.21,0,10.62
558245,465,464.93,-31.39,-31.39,0,10.62
558250,460,459.93,-35.07,-35.07,0,10.62
558255,460,460.06,-38.25,-38.25,0,10.62
558260,465,465.08,-40.96,-40.96,0,10.62
558265,464,463.96,-43.23,-43.23,0,10.62
558270,469,468.92,-45.1,-45.1,0,10.62
558275,466,466.03,-46.6,-46.6,0,10.62
558280,468,468.09,-47.77,-47.77,0,10.62
558285,470,469.99,-48.65,-48.65,0,10.62
558290,473,472.91,-49.28,-49.28,0,10.62
558295,474,473.99,-49.7,-49.7,0,10.62
558300,478,478.09,-49.96,-49.96,0,10.62
558305,476,476.02,-50.1,-50.1,0,10.62
558310,479,478.9,-50.16,-50.16,0,10.62
558315,481,480.97,-50.17,-50.16,0,10.62
558320,481,481.1,-50.16,-50.17,0,10.62
558325,482,482.04,-50.18,-50.18,0,10.62
558330,480,479.89,-50.24,-50.24,0,10.62
558335,480,479.94,-50.38,-50.38,0,10.62
558340,479,479.12,-50.61,-50.61,0,10.62
558345,476,476.07,-50.96,-50.96,0,10.62
558350,476,475.88,-51.43,-51.43,0,10.62
558355,474,473.92,-52.04,-52.04,0,10.62
558360,473,473.13,-52.79,-52.79,0,10.62
558365,468,468.09,-53.69,-53.69,0,10.62
558370,466,465.85,-54.74,-54.74,0,10.62
558375,462,461.9,-55.94,-55.94,0,10.62
558380,459,459.16,-57.28,-57.28,0,10.62
558385,447,447.1,-58.75,-58.75,0,10.62
558390,455,454.83,-60.35,-60.35,0,10.62
558395,450,449.91,-62.06,-62.06,0,10.62
558400,448,448.18,-63.88,-63.88,0,10.62
558405,447,447.07,-65.8,-65.8,0,10.62
558410,446,445.81,-67.79,-67.79,0,10.62
558415,442,441.94,-69.85,-69.85,0,10.62
558420,442,442.19,-71.96,-71.96,0,10.62
558425,439,439.05,-74.1,-74.1,0,10.62
558430,438,437.8,-76.27,-76.27,0,10.62
558435,436,435.96,-78.43,-78.43,0,10.62
558440,435,435.21,-80.57,-80.57,0,10.62
558445,432,432.03,-82.68,-82.68,0,10.62
558450,433,432.78,-84.73,-84.73,0,10.62
558455,435,434.99,-86.69,-86.69,0,10.62
558460,429,429.22,-88.56,-88.56,0,10.62
558465,430,429.99,-90.29,-90.29,0,10.62
558470,429,428.77,-91.88,-91.88,0,10.62
558475,428,428.03,-93.3,-93.3,0,10.62
558480,429,429.23,-94.51,-94.51,0,10.62
558485,428,427.95,-95.5,-95.5,0,10.62
558490,429,428.76,-96.24,-96.24,0,10.62
558495,428,428.08,-96.69,-96.24,0,10.62
558500,427,427.25,-96.83,-96.24,0,10.62
558505,433,432.91,-96.62,-96.24,0,10.62
558510,432,431.75,-96.05,-96.05,0,10.62
558515,431,431.11,-95.08,-95.08,0,10.62
558520,430,430.25,-93.67,-93.67,0,10.62
558525,430,429.88,-91.8,-91.8,0,10.62
558530,432,431.76,-89.43,-89.43,0,10.62
558535,431,431.14,-86.54,-86.54,0,10.62
558540,432,432.23,-83.1,-83.1,0,10.62
558545,430,429.84,-79.08,-79.08,0,10.62
558550,433,432.77,-74.47,-74.47,0,10.62
558555,431,431.17,-69.24,-69.24,0,10.62
558560,431,431.22,-63.38,-63.38,0,10.62
558565,432,431.81,-56.88,-56.88,0,10.62
558570,433,432.79,-49.75,-49.75,0,10.62
558575,435,435.22,-41.98,-41.98,0,10.62
558580,437,437.21,-33.59,-33.59,0,10.62
558585,442,441.76,-24.62,-24.62,0,10.62
558590,447,446.8,-15.08,-15.08,0,10.62
558595,456,456.26,-5.04,-5.04,0,10.62
558600,469,469.19,5.47,5.47,0,10.62
558605,482,481.72,16.36,16.36,0,10.62
558610,500,499.81,27.57,27.57,0,10.62
558615,516,516.3,39.0,39.0,0,10.62
558620,536,536.18,50.56,50.56,0,10.62
558625,558,557.68,62.15,62.15,0,10.62
558630,579,578.83,73.67,73.67,0,10.62
558635,602,602.34,84.99,84.99,0,10.62
558640,624,624.17,96.02,96.02,0,10.62
558645,643,642.63,106.64,106.64,0,10.62
558650,662,661.83,116.75,116.75,0,10.62
558655,679,679.39,126.25,126.25,0,10.62
558660,692,692.16,135.05,135.05,0,10.62
558665,703,702.58,143.06,143.06,0,10.62
558670,714,713.84,150.21,150.21,0,10.62
558675,711,711.44,156.44,156.44,0,10.62
558680,726,726.16,161.7,161.7,0,10.62
558685,726,725.54,165.95,165.95,0,10.62
558690,724,723.84,169.16,169.16,0,10.62
558695,726,726.47,171.32,171.32,0,10.62
558700,723,723.16,172.43,171.32,0,10.62
558705,719,718.52,172.5,171.32,0,10.62
558710,713,712.83,171.54,171.32,0,10.62
558715,706,706.49,169.58,169.58,0,10.62
558720,698,698.18,166.67,166.67,0,10.62
558725,690,689.49,162.85,162.85,0,10.62
558730,682,681.81,158.17,158.17,0,10.62
558735,654,654.51,152.69,152.69,0,10.62
558740,662,662.2,146.48,146.48,0,10.62
558745,651,650.51,139.61,139.61,0,10.62
558750,645,644.79,132.14,132.14,0,10.62
558755,634,634.47,124.14,124.14,0,10.62
558760,625,625.21,115.7,115.7,0,10.62
558765,614,613.56,106.88,106.88,0,10.62
558770,604,603.78,97.75,97.75,0,10.62
558775,596,596.42,88.4,88.4,0,10.62
558780,585,585.22,78.91,78.91,0,10.62
558785,576,575.59,69.33,69.33,0,10.62
558790,568,567.77,59.75,59.75,0,10.62
558795,553,553.39,50.23,50.23,0,10.62
558800,542,542.23,40.85,40.85,0,10.62
558805,529,528.63,31.66,31.66,0,10.62
558810,518,517.77,22.73,22.73,0,10.62
558815,506,506.35,14.11,14.11,0,10.62
558820,497,497.24,5.86,5.86,0,10.62
558825,487,486.66,-1.98,-1.98,0,10.62
558830,480,479.76,-9.38,-9.38,0,10.62
558835,472,472.32,-16.3,-16.3,0,10.62
558840,466,466.24,-22.72,-22.72,0,10.62
558845,459,458.69,-28.61,-28.61,0,10.62
558850,457,456.76,-33.97,-33.97,0,10.62
558855,453,453.3,-38.8,-38.8,0,10.62
558860,449,449.25,-43.1,-43.1,0,10.62
558865,450,449.71,-46.89,-46.89,0,10.62
558870,448,447.76,-50.16,-50.16,0,10.62
558875,450,450.29,-52.96,-52.96,0,10.62
558880,451,451.25,-55.3,-55.3,0,10.62
558885,454,453.72,-57.23,-57.23,0,10.62
558890,456,455.75,-58.76,-58.76,0,10.62
558895,457,457.27,-59.95,-59.95,0,10.62
558900,459,459.25,-60.82,-60.82,0,10.62
558905,461,460.74,-61.43,-61.43,0,10.62
558910,464,463.75,-61.8,-61.8,0,10.62
558915,465,465.25,-61.99,-61.81,0,10.62
558920,466,466.25,-62.03,-61.81,0,10.62
558925,467,466.75,-61.96,-61.81,0,10.62
558930,468,467.76,-61.81,-61.81,0,10.62
558935,469,469.24,-61.62,-61.62,0,10.62
558940,469,469.24,-61.41,-61.41,0,10.62
558945,473,472.76,-61.23,-61.23,0,10.62
558950,468,467.76,-61.08,-61.08,0,10.62
558955,467,467.22,-60.99,-61.08,0,10.62
558961,466,466.25,-60.98,-61.08,0,10.62
558965,464,463.79,-61.07,-61.08,0,10.62
558970,464,463.75,-61.26,-61.26,0,10.62
558975,461,461.2,-61.56,-61.56,0,10.62
558980,459,459.25,-61.97,-61.97,0,10.62
558985,459,458.82,-62.51,-62.51,0,10.62
558990,453,452.75,-63.16,-63.16,0,10.62
558995,451,451.17,-63.93,-63.93,0,10.62
559000,447,447.25,-64.81,-64.81,0,10.62
559005,444,443.85,-65.8,-65.8,0,10.62
559010,444,443.75,-66.88,-66.88,0,10.62
559015,442,442.14,-68.06,-68.06,0,10.62
559020,440,440.25,-69.32,-69.32,0,10.62
559025,435,434.87,-70.66,-70.66,0,10.62
559030,436,435.74,-72.06,-72.06,0,10.62
559035,435,435.12,-73.51,-73.51,0,10.62
559040,432,432.26,-75.02,-75.02,0,10.62
559045,432,431.88,-76.56,-76.56,0,10.62
559050,430,429.74,-78.12,-78.12,0,10.62
559055,428,428.12,-79.71,-79.71,0,10.62
559060,426,426.26,-81.3,-81.3,0,10.62
559065,426,425.88,-82.89,-82.89,0,10.62
559070,426,425.74,-84.47,-84.47,0,10.62
559075,426,426.12,-86.03,-86.03,0,10.62
559080,422,422.26,-87.56,-87.56,0,10.62
559085,424,423.88,-89.06,-89.06,0,10.62
559090,424,423.75,-90.5,-90.5,0,10.62
559095,423,423.12,-91.88,-91.88,0,10.62
559100,423,423.24,-93.2,-93.2,0,10.62
559105,424,423.88,-94.43,-94.43,0,10.62
559110,422,421.76,-95.56,-95.56,0,10.62
559115,424,424.12,-96.59,-96.59,0,10.62
559120,424,424.23,-97.49,-97.49,0,10.62
559125,425,424.88,-98.26,-98.26,0,10.62
559130,427,426.77,-98.86,-98.86,0,10.62
559135,426,426.12,-99.3,-99.3,0,10.62
559140,428,428.22,-99.53,-99.3,0,10.62
559145,429,428.88,-99.55,-99.3,0,10.62
559150,430,429.78,-99.33,-99.3,0,10.62
559155,431,431.11,-98.83,-98.83,0,10.62
559160,431,431.21,-98.05,-98.05,0,10.62
559165,433,432.89,-96.94,-96.94,0,10.62
559170,436,435.8,-95.47,-95.47,0,10.62
559175,436,436.11,-93.62,-93.62,0,10.62
559180,435,435.19,-91.35,-91.35,0,10.62
559185,437,436.89,-88.62,-88.62,0,10.62
559190,436,435.82,-85.41,-85.41,0,10.62
559195,440,440.12,-81.68,-81.68,0,10.62
559200,439,439.17,-77.4,-77.4,0,10.62
559205,441,440.88,-72.54,-72.54,0,10.62
559210,441,440.84,-67.07,-67.07,0,10.62
559215,441,441.13,-60.96,-60.96,0,10.62
559220,439,439.15,-54.2,-54.2,0,10.62
559225,440,439.87,-46.78,-46.78,0,10.62
559230,442,441.86,-38.68,-38.68,0,10.62
559235,442,442.14,-29.91,-29.91,0,10.62
559240,448,448.12,-20.47,-20.47,0,10.62
559245,450,449.86,-10.39,-10.39,0,10.62
559250,456,455.89,0.31,0.31,0,10.62
559255,464,464.15,11.58,11.58,0,10.62
559260,477,477.11,23.37,23.37,0,10.62
559265,497,496.85,35.61,35.61,0,10.62
559270,510,509.9,48.23,48.23,0,10.62
559275,530,530.14,61.12,61.12,0,10.62
559280,552,552.09,74.2,74.2,0,10.62
559285,576,575.87,87.35,87.35,0,10.62
559290,602,601.92,100.47,100.47,0,10.62
559295,628,628.12,113.44,113.44,0,10.62
559300,649,649.07,126.12,126.12,0,10.62
559305,673,672.88,138.42,138.42,0,10.62
559310,694,693.94,150.21,150.21,0,10.62
559315,711,711.12,161.38,161.38,0,10.62
559320,729,729.04,171.82,171.82,0,10.62
559325,744,743.89,181.45,181.45,0,10.62
559330,755,754.97,190.19,190.19,0,10.62
559335,764,764.1,197.95,197.95,0,10.62
559340,768,768.01,204.68,204.68,0,10.62
559345,772,771.9,210.33,210.33,0,10.62
559350,769,769.0,214.87,214.87,0,10.62
559355,772,772.09,218.28,218.28,0,10.62
559360,769,768.98,220.54,220.54,0,10.62
559365,765,764.92,221.67,220.54,0,10.62
559370,758,758.02,221.67,220.54,0,10.62
559375,754,754.08,220.58,220.54,0,10.62
559380,746,745.97,218.41,218.41,0,10.62
559385,738,737.92,215.22,215.22,0,10.62
559390,729,729.03,211.05,211.05,0,10.62
559395,721,721.07,205.95,205.95,0,10.62
559400,709,708.97,199.99,199.99,0,10.62
559405,702,701.93,193.23,193.23,0,10.62
559410,691,691.04,185.74,185.74,0,10.62
559415,683,683.07,177.58,177.58,0,10.62
559420,674,673.96,168.83,168.83,0,10.62
559425,665,664.93,159.57,159.57,0,10.62
559430,656,656.05,149.85,149.85,0,10.62
559435,647,647.07,139.77,139.77,0,10.62
559440,637,636.95,129.39,129.39,0,10.62
559445,626,625.93,118.79,118.79,0,10.62
559450,615,615.06,108.04,108.04,0,10.62
559455,605,605.07,97.22,97.22,0,10.62
559460,593,592.94,86.4,86.4,0,10.62
559465,579,578.92,75.64,75.64,0,10.62
559470,568,568.06,65.02,65.02,0,10.62
559475,553,553.08,54.6,54.6,0,10.62
559480,541,540.93,44.44,44.44,0,10.62
559485,529,528.92,34.61,34.61,0,10.62
559490,516,516.07,25.15,25.15,0,10.62
559495,505,505.09,16.12,16.12,0,10.62
559500,495,494.93,7.54,7.54,0,10.62
559505,487,486.91,-0.53,-0.53,0,10.62
559510,479,479.08,-8.08,-8.08,0,10.62
559515,472,472.09,-15.07,-15.07,0,10.62
559520,466,465.92,-21.51,-21.51,0,10.62
559525,462,461.91,-27.38,-27.38,0,10.62
559530,459,459.09,-32.67,-32.67,0,10.62
559535,455,455.09,-37.41,-37.41,0,10.62
559540,456,455.9,-41.59,-41.59,0,10.62
559545,452,451.91,-45.25,-45.25,0,10.62
559550,453,453.1,-48.4,-48.4,0,10.62
559555,452,452.09,-51.07,-51.07,0,10.62
559560,454,453.89,-53.3,-53.3,0,10.62
559565,456,455.91,-55.12,-55.12,0,10.62
559570,456,456.11,-56.57,-56.57,0,10.62
559575,460,460.09,-57.7,-57.7,0,10.62
559580,459,458.88,-58.54,-58.54,0,10.62
559585,464,463.91,-59.14,-59.14,0,10.62
559590,466,466.13,-59.54,-59.54,0,10.62
559595,466,466.09,-59.78,-59.78,0,10.62
559600,468,467.86,-59.89,-59.89,0,10.62
559605,469,468.91,-59.93,-59.89,0,10.62
559610,469,469.15,-59.92,-59.89,0,10.62
559615,468,468.08,-59.89,-59.89,0,10.62
559620,469,468.84,-59.87,-59.92,0,10.62
559625,468,467.92,-59.89,-59.92,0,10.62
559630,467,467.17,-59.96,-59.96,0,10.62
559635,466,466.07,-60.11,-60.11,0,10.62
559640,464,463.82,-60.35,-60.35,0,10.62
559645,461,460.94,-60.69,-60.69,0,10.62
559650,459,459.2,-61.13,-61.13,0,10.62
559655,457,457.06,-61.68,-61.68,0,10.62
559660,454,453.79,-62.34,-62.34,0,10.62
559665,452,451.94,-63.11,-63.11,0,10.62
559670,448,448.22,-63.99,-63.99,0,10.62
559675,445,445.06,-64.97,-64.97,0,10.62
559680,443,442.77,-66.04,-66.04,0,10.62
559685,439,438.95,-67.19,-67.19,0,10.62
559690,439,439.24,-68.42,-68.42,0,10.62
559695,436,436.05,-69.71,-69.71,0,10.62
559700,442,441.75,-71.06,-71.06,0,10.62
559705,431,430.95,-72.45,-72.45,0,10.62
559710,429,429.25,-73.88,-73.88,0,10.62
559715,424,424.05,-75.32,-75.32,0,10.62
559720,425,424.76,-76.78,-76.78,0,10.62
559725,423,422.96,-78.23,-78.23,0,10.62
559730,421,421.24,-79.67,-79.67,0,10.62
559735,420,420.03,-81.1,-81.1,0,10.62
559740,418,417.77,-82.49,-82.49,0,10.62
559745,417,416.97,-83.86,-83.86,0,10.62
559750,416,416.23,-85.18,-85.18,0,10.62
559755,415,415.02,-86.46,-86.46,0,10.62
559760,415,414.78,-87.68,-87.68,0,10.62
559765,413,412.98,-88.86,-88.86,0,10.62
559770,414,414.22,-89.98,-89.98,0,10.62
559775,412,412.01,-91.04,-91.04,0,10.62
559780,411,410.78,-92.05,-92.05,0,10.62
559785,411,410.99,-93.0,-93.0,0,10.62
559790,413,413.22,-93.88,-93.88,0,10.62
559795,412,412.0,-94.72,-94.72,0,10.62
559800,409,408.78,-95.49,-95.49,0,10.62
559805,416,416.0,-96.21,-96.21,0,10.62
559810,413,413.24,-96.87,-96.87,0,10.62
559815,417,416.99,-97.48,-97.48,0,10.62
559820,416,415.75,-98.03,-98.03,0,10.62
559825,417,417.02,-98.52,-98.52,0,10.62
559830,419,419.27,-98.95,-98.95,0,10.62
559835,420,419.98,-99.31,-99.31,0,10.62
559840,420,419.72,-99.6,-99.6,0,10.62
559845,422,422.03,-99.81,-99.81,0,10.62
559850,421,421.3,-99.92,-99.81,0,10.62
559855,424,423.97,-99.93,-99.81,0,10.62
559860,425,424.68,-99.81,-99.81,0,10.62
559865,427,427.04,-99.56,-99.56,0,10.62
559870,429,429.33,-99.14,-99.14,0,10.62
559875,428,427.95,-98.54,-98.54,0,10.62
559880,429,428.65,-97.74,-97.74,0,10.62
559885,439,439.06,-96.7,-96.7,0,10.62
559890,431,431.38,-95.39,-95.39,0,10.62
559895,432,431.91,-93.79,-93.79,0,10.62
559900,431,430.6,-91.85,-91.85,0,10.62
559905,433,433.12,-89.54,-89.54,0,10.62
559910,412,412.42,-86.83,-86.83,0,10.62
559915,450,449.86,-83.68,-83.68,0,10.62
559920,431,430.6,-80.05,-80.05,0,10.62
559925,432,432.14,-75.9,-75.9,0,10.62
559930,432,432.38,-71.22,-71.22,0,10.62
559935,431,430.87,-65.96,-65.96,0,10.62
559940,431,430.64,-60.11,-60.11,0,10.62
559945,430,430.11,-53.64,-53.64,0,10.62
559950,430,430.34,-46.54,-46.54,0,10.62
559955,432,431.9,-38.8,-38.8,0,10.62
559960,433,432.68,-30.43,-30.43,0,10.62
559965,437,437.09,-21.44,-21.44,0,10.62
559970,440,440.3,-11.84,-11.84,0,10.62
559975,448,447.93,-1.68,-1.68,0,10.62
559980,458,457.72,9.0,9.0,0,10.62
559985,470,470.06,20.14,20.14,0,10.62
559990,487,487.26,31.67,31.67,0,10.62
559995,506,505.96,43.51,43.51,0,10.62
560000,526,525.76,55.56,55.56,0,10.62
560005,548,548.03,67.73,67.73,0,10.62
560010,573,573.23,79.92,79.92,0,10.62
560015,595,594.99,91.99,91.99,0,10.62
560020,619,618.79,103.85,103.85,0,10.62
560025,641,640.99,115.37,115.37,0,10.62
560030,662,662.2,126.44,126.44,0,10.62
560035,680,680.02,136.96,136.96,0,10.62
560040,698,697.81,146.82,146.82,0,10.62
560045,713,712.96,155.93,155.93,0,10.62
560050,724,724.17,164.2,164.2,0,10.62
560055,732,732.04,171.56,171.56,0,10.62
560060,738,737.84,177.95,177.95,0,10.62
560065,741,740.94,183.32,183.32,0,10.62
560070,744,744.15,187.64,187.64,0,10.62
560075,744,744.07,190.89,190.89,0,10.62
560080,740,739.86,193.04,193.04,0,10.62
560085,736,735.91,194.12,193.04,0,10.62
560090,731,731.13,194.12,193.04,0,10.62
560095,723,723.1,193.08,193.04,0,10.62
560100,714,713.87,191.02,191.02,0,10.62
560105,708,707.88,187.99,187.99,0,10.62
560110,699,699.13,184.04,184.04,0,10.62
560115,692,692.13,179.22,179.22,0,10.62
560120,682,681.87,173.59,173.59,0,10.62
560125,675,674.85,167.22,167.22,0,10.62
560130,665,665.13,160.17,160.17,0,10.62
560135,655,655.17,152.52,152.52,0,10.62
560140,648,647.87,144.34,144.34,0,10.62
560145,636,635.82,135.7,135.7,0,10.62
560150,625,625.13,126.68,126.68,0,10.62
560155,617,617.2,117.35,117.35,0,10.62
560160,609,608.88,107.79,107.79,0,10.62
560165,599,598.78,98.07,98.07,0,10.62
560170,590,590.11,88.27,88.27,0,10.62
560175,580,580.23,78.46,78.46,0,10.62
560180,568,567.9,68.7,68.7,0,10.62
560185,558,557.75,59.06,59.06,0,10.62
560190,545,545.1,49.61,49.61,0,10.62
560195,535,535.27,40.41,40.41,0,10.62
560200,521,520.91,31.52,31.52,0,10.62
560205,513,512.71,22.99,22.99,0,10.62
560210,501,501.09,14.87,14.87,0,10.62
560215,492,492.31,7.19,7.19,0,10.62
560220,484,483.92,-0.0,-0.0,0,10.62
560225,475,474.67,-6.68,-6.68,0,10.62
560230,468,468.08,-12.83,-12.83,0,10.62
560235,464,464.35,-18.43,-18.43,0,10.62
560240,459,458.93,-23.48,-23.48,0,10.62
560245,456,455.63,-27.97,-27.97,0,10.62
560250,455,455.07,-31.91,-31.91,0,10.62
560255,453,453.4,-35.33,-35.33,0,10.62
560260,456,455.94,-38.23,-38.23,0,10.62
560265,455,454.58,-40.66,-40.66,0,10.62
560270,458,458.05,-42.63,-42.63,0,10.62
560275,459,459.45,-44.19,-44.19,0,10.62
560280,462,461.96,-45.37,-45.37,0,10.62
560285,482,481.54,-46.22,-46.22,0,10.62
560290,467,467.04,-46.78,-46.78,0,10.62
560295,469,469.45,-47.09,-46.97,0,10.62
560300,471,470.97,-47.2,-46.97,0,10.62
560305,474,473.57,-47.14,-46.97,0,10.62
560310,476,476.02,-46.97,-46.97,0,10.62
560315,478,478.42,-46.72,-46.72,0,10.62
560320,480,479.98,-46.42,-46.42,0,10.62
560325,481,480.6,-46.11,-46.11,0,10.62
560330,481,481.01,-45.83,-45.83,0,10.62
560335,483,483.38,-45.59,-45.59,0,10.62
560340,480,480.0,-45.43,-45.56,0,10.62
560345,480,479.63,-45.36,-45.56,0,10.62
560350,481,481.0,-45.4,-45.56,0,10.62
560355,474,474.36,-45.56,-45.56,0,10.62
560360,475,475.0,-45.85,-45.85,0,10.62
560365,473,472.66,-46.27,-46.27,0,10.62
560370,469,469.0,-46.84,-46.84,0,10.62
560375,466,466.32,-47.53,-47.53,0,10.62
560380,463,463.0,-48.36,-48.36,0,10.62
560385,457,456.7,-49.31,-49.31,0,10.62
560390,458,458.0,-50.39,-50.39,0,10.62
560395,454,454.29,-51.56,-51.56,0,10.62
560400,453,453.0,-52.84,-52.84,0,10.62
560405,449,448.72,-54.2,-54.2,0,10.62
560410,446,446.0,-55.64,-55.64,0,10.62
560415,443,443.27,-57.15,-57.15,0,10.62
560420,441,441.0,-58.7,-58.7,0,10.62
560425,439,438.74,-60.29,-60.29,0,10.62
560430,438,438.0,-61.91,-61.91,0,10.62
560435,436,436.25,-63.55,-63.55,0,10.62
560440,433,433.0,-65.2,-65.2,0,10.62
560445,432,431.75,-66.85,-66.85,0,10.62
560450,430,430.0,-68.48,-68.48,0,10.62
560455,430,430.24,-70.1,-70.1,0,10.62
560460,430,430.0,-71.69,-71.69,0,10.62
560465,430,429.77,-73.26,-73.26,0,10.62
560470,430,430.0,-74.78,-74.78,0,10.62
560475,429,429.23,-76.27,-76.27,0,10.62
560480,429,429.0,-77.71,-77.71,0,10.62
560485,430,429.78,-79.1,-79.1,0,10.62
560490,428,428.0,-80.43,-80.43,0,10.62
560495,431,431.22,-81.71,-81.71,0,10.62
560500,432,432.0,-82.91,-82.91,0,10.62
560505,432,431.79,-84.03,-84.03,0,10.62
560510,433,433.0,-85.08,-85.08,0,10.62
560515,433,433.2,-86.02,-86.02,0,10.62
560520,435,435.01,-86.86,-86.86,0,10.62
560525,434,433.8,-87.58,-87.58,0,10.62
560530,438,437.99,-88.16,-88.16,0,10.62
560535,435,435.2,-88.59,-88.59,0,10.62
560540,437,437.02,-88.84,-88.59,0,10.62
560545,437,436.81,-88.9,-88.59,0,10.62
560550,437,436.98,-88.73,-88.59,0,10.62
560555,437,437.19,-88.31,-88.31,0,10.62
560560,439,439.02,-87.61,-87.61,0,10.62
560565,438,437.82,-86.61,-86.61,0,10.62
560570,439,438.98,-85.26,-85.26,0,10.62
560575,438,438.18,-83.54,-83.54,0,10.62
560580,439,439.03,-81.41,-81.41,0,10.62
560585,437,436.83,-78.83,-78.83,0,10.62
560590,438,437.97,-75.78,-75.78,0,10.62
560595,436,436.17,-72.22,-72.22,0,10.62
560600,436,436.04,-68.13,-68.13,0,10.62
560605,435,434.83,-63.46,-63.46,0,10.62
560610,434,433.96,-58.21,-58.21,0,10.62
560615,435,435.16,-52.34,-52.34,0,10.62
560620,434,434.05,-45.86,-45.86,0,10.62
560625,436,435.84,-38.74,-38.74,0,10.62
560630,435,434.95,-31.0,-31.0,0,10.62
560635,437,437.16,-22.65,-22.65,0,10.62
560640,442,442.06,-13.71,-13.71,0,10.62
560645,447,446.85,-4.2,-4.2,0,10.62
560650,457,456.93,5.82,5.82,0,10.62
560655,468,468.15,16.3,16.3,0,10.62
560660,482,482.08,27.17,27.17,0,10.62
560665,497,496.85,38.35,38.35,0,10.62
560670,518,517.92,49.76,49.76,0,10.62
560675,539,539.15,61.29,61.29,0,10.62
560680,563,563.09,72.84,72.84,0,10.62
560685,586,585.85,84.3,84.3,0,10.62
560690,610,609.9,95.56,95.56,0,10.62
560695,629,629.15,106.49,106.49,0,10.62
560700,648,648.11,116.99,116.99,0,10.62
560705,668,667.85,126.94,126.94,0,10.62
560710,686,685.89,136.25,136.25,0,10.62
560715,698,698.15,144.82,144.82,0,10.62
560720,713,713.11,152.56,152.56,0,10.62
560725,722,721.85,159.41,159.41,0,10.62
560730,727,726.89,165.28,165.28,0,10.62
560735,730,730.14,170.14,170.14,0,10.62
560740,733,733.11,173.95,173.95,0,10.62
560745,732,731.86,176.69,176.69,0,10.62
560750,731,730.88,178.34,176.85,0,10.62
560755,726,726.13,178.9,176.85,0,10.62
560760,720,720.12,178.4,176.85,0,10.62
560765,712,711.88,176.85,176.85,0,10.62
560770,705,704.87,174.29,174.29,0,10.62
560775,696,696.12,170.76,170.76,0,10.62
560780,687,687.13,166.32,166.32,0,10.62
560785,677,676.88,161.02,161.02,0,10.62
560790,670,669.87,154.94,154.94,0,10.62
560795,656,656.11,148.14,148.14,0,10.62
560800,645,645.13,140.69,140.69,0,10.62
560805,636,635.89,132.67,132.67,0,10.62
560810,625,624.88,124.17,124.17,0,10.62
560815,612,612.1,115.26,115.26,0,10.62
560820,604,604.11,106.02,106.02,0,10.62
560825,594,593.91,96.54,96.54,0,10.62
560830,585,584.9,86.88,86.88,0,10.62
560835,575,575.08,77.13,77.13,0,10.62
560840,565,565.1,67.37,67.37,0,10.62
560845,552,551.93,57.66,57.66,0,10.62
560850,542,541.91,48.08,48.08,0,10.62
560855,531,531.07,38.69,38.69,0,10.62
560860,520,520.08,29.55,29.55,0,10.62
560865,510,509.94,20.72,20.72,0,10.62
560870,500,499.92,12.26,12.26,0,10.62
560875,491,491.05,4.21,4.21,0,10.62
560880,485,485.08,-3.39,-3.39,0,10.62
560885,473,472.95,-10.51,-10.51,0,10.62
560890,467,466.92,-17.11,-17.11,0,10.62
560895,463,463.05,-23.19,-23.19,0,10.62
560900,455,455.08,-28.71,-28.71,0,10.62
560905,453,452.95,-33.68,-33.68,0,10.62
560910,451,450.92,-38.1,-38.1,0,10.62
560915,449,449.06,-41.98,-41.98,0,10.62
560920,448,448.08,-45.32,-45.32,0,10.62
560925,450,449.94,-48.15,-48.15,0,10.62
560930,449,448.93,-50.5,-50.5,0,10.62
560935,449,449.06,-52.38,-52.38,0,10.62
560940,451,451.07,-53.84,-53.84,0,10.62
560945,453,452.95,-54.92,-54.92,0,10.62
560950,455,454.93,-55.64,-55.64,0,10.62
560955,459,459.05,-56.05,-55.87,0,10.62
560960,459,459.07,-56.2,-55.87,0,10.62
560965,463,462.95,-56.13,-55.87,0,10.62
560970,464,463.94,-55.87,-55.87,0,10.62
560975,463,463.05,-55.47,-55.47,0,10.62
560980,469,469.06,-54.98,-54.98,0,10.62
560985,472,471.96,-54.42,-54.42,0,10.62
560990,474,473.94,-53.84,-53.84,0,10.62
560995,474,474.03,-53.28,-53.28,0,10.62
561000,473,473.05,-52.75,-52.75,0,10.62
561005,474,473.98,-52.28,-52.28,0,10.62
561010,473,472.96,-51.91,-51.91,0,10.62
561015,472,472.0,-51.65,-51.65,0,10.62
561020,474,474.03,-51.5,-51.65,0,10.62
561025,471,471.01,-51.5,-51.65,0,10.62
561030,469,468.97,-51.64,-51.65,0,10.62
561035,465,464.97,-51.93,-51.93,0,10.62
561040,464,464.03,-52.37,-52.37,0,10.62
561045,457,457.04,-52.95,-52.95,0,10.62
561050,458,457.97,-53.69,-53.69,0,10.62
561055,456,455.95,-54.56,-54.56,0,10.62
561060,453,453.03,-55.56,-55.56,0,10.62
561065,450,450.06,-56.69,-56.69,0,10.62
561070,447,446.97,-57.93,-57.93,0,10.62
561075,445,444.93,-59.27,-59.27,0,10.62
561080,440,440.02,-60.7,-60.7,0,10.62
561085,439,439.08,-62.21,-62.21,0,10.62
561090,436,435.98,-63.79,-63.79,0,10.62
561095,436,435.92,-65.42,-65.42,0,10.62
561100,435,435.02,-67.09,-67.09,0,10.62
561105,432,432.09,-68.79,-68.79,0,10.62
561110,430,429.98,-70.51,-70.51,0,10.62
561115,429,428.91,-72.24,-72.24,0,10.62
561120,428,428.03,-73.98,-73.98,0,10.62
561125,425,425.09,-75.7,-75.7,0,10.62
561130,427,426.97,-77.4,-77.4,0,10.62
561135,426,425.9,-79.08,-79.08,0,10.62
561140,425,425.03,-80.73,-80.73,0,10.62
561145,426,426.1,-82.33,-82.33,0,10.62
561150,423,422.96,-83.88,-83.88,0,10.62
561155,423,422.9,-85.37,-85.37,0,10.62
561160,424,424.04,-86.79,-86.79,0,10.62
561165,424,424.1,-88.14,-88.14,0,10.62
561170,425,424.95,-89.4,-89.4,0,10.62
561175,425,424.89,-90.56,-90.56,0,10.62
561180,425,425.05,-91.61,-91.61,0,10.62
561185,427,427.12,-92.55,-92.55,0,10.62
561190,427,426.94,-93.34,-93.34,0,10.62
561195,427,426.88,-93.99,-93.99,0,10.62
561200,427,427.06,-94.46,-94.46,0,10.62
561205,430,430.14,-94.75,-94.46,0,10.62
561210,430,429.94,-94.83,-94.46,0,10.62
561215,431,430.85,-94.67,-94.46,0,10.62
561220,430,430.06,-94.26,-94.26,0,10.62
561225,433,433.16,-93.56,-93.56,0,10.62
561230,433,432.95,-92.54,-92.54,0,10.62
561235,433,432.82,-91.19,-91.19,0,10.62
561240,433,433.05,-89.46,-89.46,0,10.62
561245,435,435.2,-87.32,-87.32,0,10.62
561250,437,436.96,-84.74,-84.74,0,10.62
561255,439,438.79,-81.69,-81.69,0,10.62
561260,436,436.03,-78.14,-78.14,0,10.62
561265,439,439.23,-74.05,-74.05,0,10.62
561270,438,437.99,-69.39,-69.39,0,10.62
561275,439,438.76,-64.15,-64.15,0,10.62
561280,439,439.0,-58.29,-58.29,0,10.62
561285,439,439.26,-51.79,-51.79,0,10.62
561290,438,438.01,-44.65,-44.65,0,10.62
561295,432,431.72,-36.85,-36.85,0,10.62
561300,439,438.98,-28.4,-28.4,0,10.62
561305,440,440.31,-19.3,-19.3,0,10.62
561310,445,445.04,-9.58,-9.58,0,10.62
561315,455,454.66,0.73,0.73,0,10.62
561320,460,459.95,11.59,11.59,0,10.62
561325,470,470.37,22.93,22.93,0,10.62
561330,488,488.06,34.7,34.7,0,10.62
561335,506,505.62,46.81,46.81,0,10.62
561340,527,526.93,59.17,59.17,0,10.62
561345,548,548.4,71.69,71.69,0,10.62
561350,572,572.09,84.24,84.24,0,10.62
561355,594,593.58,96.73,96.73,0,10.62
561360,620,619.9,109.02,109.02,0,10.62
561365,642,642.45,121.01,121.01,0,10.62
561370,664,664.11,132.57,132.57,0,10.62
561375,685,684.53,143.6,143.6,0,10.62
561380,702,701.87,153.98,153.98,0,10.62
561385,718,718.49,163.61,163.61,0,10.62
561390,730,730.14,172.41,172.41,0,10.62
561395,743,742.48,180.28,180.28,0,10.62
561400,749,748.85,187.17,187.17,0,10.62
561405,755,755.54,193.02,193.02,0,10.62
561410,758,758.16,197.78,197.78,0,10.62
561415,759,758.43,201.43,201.43,0,10.62
561420,758,757.83,203.95,203.95,0,10.62
561425,752,752.59,205.34,203.95,0,10.62
561430,747,747.18,205.61,203.95,0,10.62
561435,741,740.38,204.77,203.95,0,10.62
561440,733,732.81,202.87,202.87,0,10.62
561445,723,723.64,199.93,199.93,0,10.62
561450,711,711.2,196.02,196.02,0,10.62
561455,705,704.34,191.18,191.18,0,10.62
561460,695,694.8,185.48,185.48,0,10.62
561465,684,684.69,178.98,178.98,0,10.62
561470,673,673.2,171.75,171.75,0,10.62
561475,671,670.29,163.87,163.87,0,10.62
561480,655,654.81,155.42,155.42,0,10.62
561485,643,643.72,146.45,146.45,0,10.62
561490,633,633.19,137.07,137.07,0,10.62
561495,623,622.27,127.33,127.33,0,10.62
561500,613,612.82,117.32,117.32,0,10.62
561505,604,604.74,107.11,107.11,0,10.62
561510,594,594.18,96.78,96.78,0,10.62
561515,585,584.25,86.39,86.39,0,10.62
561520,574,573.83,76.02,76.02,0,10.62
561525,547,547.76,65.73,65.73,0,10.62
561530,555,555.17,55.59,55.59,0,10.62
561535,544,543.26,45.64,45.64,0,10.62
561540,534,533.83,35.96,35.96,0,10.62
561545,522,522.71,26.58,26.58,0,10.62
561550,514,514.17,17.56,17.56,0,10.62
561555,503,502.33,8.94,8.94,0,10.62
561560,492,491.83,0.75,0.75,0,10.62
561565,483,483.65,-6.97,-6.97,0,10.62
561570,475,475.17,-14.2,-14.2,0,10.62
561575,468,467.39,-20.9,-20.9,0,10.62
561580,463,462.83,-27.08,-27.08,0,10.62
561585,455,455.59,-32.72,-32.72,0,10.62
561590,452,452.18,-37.81,-37.81,0,10.62
561595,450,449.45,-42.36,-42.36,0,10.62
561600,445,444.82,-46.38,-46.38,0,10.62
561605,445,445.52,-49.89,-49.89,0,10.62
561610,443,443.18,-52.89,-52.89,0,10.62
561615,444,443.51,-55.43,-55.43,0,10.62
561620,444,443.81,-57.53,-57.53,0,10.62
561625,446,446.46,-59.21,-59.21,0,10.62
561630,448,448.19,-60.52,-60.52,0,10.62
561635,449,448.56,-61.5,-61.5,0,10.62
561640,453,452.8,-62.17,-62.17,0,10.62
561645,453,453.41,-62.59,-62.59,0,10.62
561650,454,454.2,-62.79,-62.59,0,10.62
561655,458,457.62,-62.82,-62.59,0,10.62
561660,460,459.8,-62.71,-62.59,0,10.62
561665,462,462.36,-62.49,-62.49,0,10.62
561670,463,463.2,-62.21,-62.21,0,10.62
561675,464,463.66,-61.89,-61.89,0,10.62
561680,465,464.8,-61.57,-61.57,0,10.62
561685,464,464.31,-61.27,-61.27,0,10.62
561690,462,462.2,-61.01,-61.01,0,10.62
561695,462,461.71,-60.81,-60.81,0,10.62
561700,461,460.8,-60.69,-60.81,0,10.62
561705,460,460.27,-60.66,-60.81,0,10.62
561710,448,448.19,-60.72,-60.81,0,10.62
561715,455,454.75,-60.88,-60.88,0,10.62
561720,455,454.84,-61.15,-61.15,0,10.62
561725,451,451.24,-61.52,-61.52,0,10.62
561730,448,448.13,-62.01,-62.01,0,10.62
561735,448,447.78,-62.59,-62.59,0,10.62
561740,444,443.9,-63.27,-63.27,0,10.62
561745,441,441.2,-64.04,-64.04,0,10.62
561750,441,441.06,-64.89,-64.89,0,10.62
561755,440,439.82,-65.82,-65.82,0,10.62
561760,435,434.97,-66.81,-66.81,0,10.62
561765,434,434.16,-67.86,-67.86,0,10.62
561770,433,433.0,-68.95,-68.95,0,10.62
561775,430,429.87,-70.08,-70.08,0,10.62
561780,426,426.02,-71.23,-71.23,0,10.62
561785,426,426.11,-72.4,-72.4,0,10.62
561790,423,422.96,-73.58,-73.58,0,10.62
561795,422,421.92,-74.75,-74.75,0,10.62
561800,421,421.07,-75.92,-75.92,0,10.62
561805,420,420.06,-77.08,-77.08,0,10.62
561810,419,418.91,-78.21,-78.21,0,10.62
561815,419,418.97,-79.33,-79.33,0,10.62
561820,419,419.12,-80.41,-80.41,0,10.62
561825,420,420.01,-81.47,-81.47,0,10.62
561830,420,419.86,-82.5,-82.5,0,10.62
561835,419,419.01,-83.51,-83.51,0,10.62
561840,418,418.17,-84.48,-84.48,0,10.62
561845,419,418.97,-85.42,-85.42,0,10.62
561850,420,419.81,-86.33,-86.33,0,10.62
561855,420,420.05,-87.21,-87.21,0,10.62
561860,420,420.21,-88.05,-88.05,0,10.62
561865,422,421.93,-88.86,-88.86,0,10.62
561870,424,423.78,-89.63,-89.63,0,10.62
561875,415,415.09,-90.36,-90.36,0,10.62
561880,425,425.24,-91.04,-91.04,0,10.62
561885,426,425.91,-91.67,-91.67,0,10.62
561890,427,426.74,-92.24,-92.24,0,10.62
561895,427,427.08,-92.73,-92.73,0,10.62
561900,427,427.27,-93.15,-93.15,0,10.62
561905,427,426.92,-93.46,-93.46,0,10.62
561910,431,430.71,-93.66,-93.46,0,10.62
561915,430,430.08,-93.72,-93.46,0,10.62
561920,427,427.3,-93.63,-93.46,0,10.62
561925,431,430.92,-93.35,-93.35,0,10.62
561930,432,431.7,-92.86,-92.86,0,10.62
561935,432,432.08,-92.13,-92.13,0,10.62
561940,430,430.3,-91.13,-91.13,0,10.62
561945,433,432.92,-89.82,-89.82,0,10.62
561950,434,433.71,-88.18,-88.18,0,10.62
561955,434,434.08,-86.16,-86.16,0,10.62
561960,432,432.29,-83.73,-83.73,0,10.62
561965,436,435.92,-80.85,-80.85,0,10.62
561970,435,434.72,-77.49,-77.49,0,10.62
561975,431,431.08,-73.6,-73.6,0,10.62
561980,435,435.27,-69.17,-69.17,0,10.62
561985,434,433.93,-64.14,-64.14,0,10.62
561990,434,433.74,-58.51,-58.51,0,10.62
561995,435,435.06,-52.24,-52.24,0,10.62
562000,433,433.25,-45.32,-45.32,0,10.62
562005,433,432.95,-37.74,-37.74,0,10.62
562010,435,434.76,-29.49,-29.49,0,10.62
562015,440,440.05,-20.6,-20.6,0,10.62
562020,440,440.23,-11.06,-11.06,0,10.62
562025,446,445.95,-0.92,-0.92,0,10.62
562030,455,454.78,9.79,9.79,0,10.62
562035,465,465.06,21.01,21.01,0,10.62
562040,481,481.21,32.68,32.68,0,10.62
562045,497,496.94,44.72,44.72,0,10.62
562050,518,517.8,57.05,57.05,0,10.62
562055,540,540.07,69.55,69.55,0,10.62
562060,564,564.19,82.12,82.12,0,10.62
562065,589,588.93,94.66,94.66,0,10.62
562070,612,611.81,107.04,107.04,0,10.62
562075,636,636.07,119.14,119.14,0,10.62
562080,658,658.18,130.84,130.84,0,10.62
562085,679,678.92,142.03,142.03,0,10.62
562090,698,697.82,152.6,152.6,0,10.62
562095,714,714.08,162.44,162.44,0,10.62
562100,729,729.17,171.46,171.46,0,10.62
562105,739,738.92,179.58,179.58,0,10.62
562110,747,746.83,186.73,186.73,0,10.62
562115,753,753.08,192.85,192.85,0,10.62
562120,756,756.17,197.89,197.89,0,10.62
562125,758,757.91,201.83,201.83,0,10.62
562130,755,754.83,204.64,204.64,0,10.62
562135,754,754.09,206.33,204.78,0,10.62
562140,748,748.17,206.9,204.78,0,10.62
562145,741,740.91,206.38,204.78,0,10.62
562150,734,733.83,204.78,204.78,0,10.62
562155,722,722.1,202.16,202.16,0,10.62
562160,715,715.17,198.57,198.57,0,10.62
562165,705,704.9,194.05,194.05,0,10.62
562170,694,693.82,188.67,188.67,0,10.62
562175,683,683.1,182.51,182.51,0,10.62
562180,673,673.18,175.62,175.62,0,10.62
562185,664,663.91,168.09,168.09,0,10.62
562190,651,650.82,159.99,159.99,0,10.62
562195,642,642.09,151.4,151.4,0,10.62
562200,633,633.19,142.38,142.38,0,10.62
562205,619,618.92,133.03,133.03,0,10.62
562210,612,611.8,123.4,123.4,0,10.62
562215,608,608.09,113.57,113.57,0,10.62
562220,596,596.22,103.62,103.62,0,10.62
562225,587,586.9,93.61,93.61,0,10.62
562230,585,584.77,83.6,83.6,0,10.62
562235,567,567.11,73.66,73.66,0,10.62
562240,556,556.23,63.85,63.85,0,10.62
562245,548,547.88,54.23,54.23,0,10.62
562250,536,535.78,44.84,44.84,0,10.62
562255,527,527.13,35.75,35.75,0,10.62
562260,519,519.22,26.99,26.99,0,10.62
562265,510,509.86,18.62,18.62,0,10.62
562270,497,496.78,10.65,10.65,0,10.62
562275,490,490.15,3.13,3.13,0,10.62
562280,481,481.23,-3.91,-3.91,0,10.62
562285,480,479.85,-10.47,-10.47,0,10.62
562290,469,468.77,-16.52,-16.52,0,10.62
562295,465,465.15,-22.05,-22.05,0,10.62
562300,460,460.24,-27.06,-27.06,0,10.62
562305,456,455.86,-31.56,-31.56,0,10.62
562310,451,450.76,-35.56,-35.56,0,10.62
562315,452,452.14,-39.06,-39.06,0,10.62
562320,451,451.26,-42.09,-42.09,0,10.62
562325,453,452.87,-44.66,-44.66,0,10.62
562330,462,461.74,-46.82,-46.82,0,10.62
562335,452,452.12,-48.59,-48.59,0,10.62
562340,454,454.26,-50.0,-50.0,0,10.62
562345,455,454.89,-51.09,-51.09,0,10.62
562350,457,456.75,-51.89,-51.89,0,10.62
562355,459,459.11,-52.45,-52.45,0,10.62
562360,461,461.24,-52.79,-52.79,0,10.62
562365,463,462.9,-52.97,-52.82,0,10.62
562370,463,462.77,-53.01,-52.82,0,10.62
562375,465,465.09,-52.95,-52.82,0,10.62
562380,466,466.22,-52.82,-52.82,0,10.62
562385,468,467.92,-52.66,-52.66,0,10.62
562390,467,466.79,-52.49,-52.49,0,10.62
562395,467,467.07,-52.34,-52.34,0,10.62
562400,470,470.21,-52.23,-52.32,0,10.62
562405,468,467.94,-52.18,-52.32,0,10.62
562410,467,466.79,-52.21,-52.32,0,10.62
562415,465,465.04,-52.32,-52.32,0,10.62
562420,463,463.21,-52.54,-52.54,0,10.62
562425,462,461.98,-52.86,-52.86,0,10.62
562430,460,459.79,-53.28,-53.28,0,10.62
562435,458,458.01,-53.81,-53.81,0,10.62
562440,455,455.21,-54.44,-54.44,0,10.62
562445,454,454.01,-55.18,-55.18,0,10.62
562450,453,452.79,-56.0,-56.0,0,10.62
562455,448,447.97,-56.91,-56.91,0,10.62
562460,446,446.21,-57.88,-57.88,0,10.62
562465,442,442.04,-58.92,-58.92,0,10.62
562470,440,439.8,-60.01,-60.01,0,10.62
562475,438,437.94,-61.13,-61.13,0,10.62
562480,435,435.2,-62.28,-62.28,0,10.62
562485,434,434.08,-63.43,-63.43,0,10.62
562490,431,430.8,-64.58,-64.58,0,10.62
562495,430,429.91,-65.72,-65.72,0,10.62
562500,428,428.2,-66.84,-66.84,0,10.62
562505,427,427.11,-67.92,-67.92,0,10.62
562510,425,424.81,-68.95,-68.95,0,10.62
562515,425,424.87,-69.94,-69.94,0,10.62
562520,425,425.2,-70.87,-70.87,0,10.62
562525,417,417.14,-71.74,-71.74,0,10.62
562530,423,422.8,-72.55,-72.55,0,10.62
562535,422,421.85,-73.3,-73.3,0,10.62
562540,419,419.2,-73.97,-73.97,0,10.62
562545,421,421.15,-74.59,-74.59,0,10.62
562550,423,422.8,-75.14,-75.14,0,10.62
562555,422,421.85,-75.64,-75.64,0,10.62
562560,423,423.19,-76.08,-76.08,0,10.62
562565,422,422.15,-76.48,-76.48,0,10.62
562570,426,425.81,-76.84,-76.84,0,10.62
562575,424,423.85,-77.16,-77.16,0,10.62
562580,424,424.18,-77.46,-77.46,0,10.62
562585,423,423.15,-77.73,-77.73,0,10.62
562590,424,423.83,-77.99,-77.99,0,10.62
562595,425,424.86,-78.24,-78.24,0,10.62
562600,427,427.16,-78.49,-78.49,0,10.62
562605,426,426.14,-78.74,-78.74,0,10.62
562610,427,426.85,-79.0,-79.0,0,10.62
562615,428,427.87,-79.27,-79.27,0,10.62
562620,430,430.15,-79.55,-79.55,0,10.62
562625,431,431.13,-79.84,-79.84,0,10.62
562630,432,431.85,-80.15,-80.15,0,10.62
562635,431,430.87,-80.47,-80.47,0,10.62
562640,434,434.15,-80.79,-80.79,0,10.62
562645,432,432.13,-81.11,-81.11,0,10.62
562650,434,433.85,-81.41,-81.41,0,10.62
562655,434,433.87,-81.7,-81.7,0,10.62
562660,435,435.15,-81.94,-81.94,0,10.62
562665,437,437.13,-82.13,-82.13,0,10.62
562670,438,437.85,-82.25,-82.13,0,10.62
562675,438,437.87,-82.28,-82.13,0,10.62
562680,440,440.15,-82.18,-82.13,0,10.62
562685,440,440.13,-81.93,-81.93,0,10.62
562690,440,439.85,-81.51,-81.51,0,10.62
562695,440,439.86,-80.88,-80.88,0,10.62
562700,441,441.16,-80.0,-80.0,0,10.62
562705,441,441.14,-78.83,-78.83,0,10.62
562710,444,443.84,-77.35,-77.35,0,10.62
562715,440,439.85,-75.5,-75.5,0,10.62
562720,440,440.16,-73.26,-73.26,0,10.62
562725,439,439.16,-70.57,-70.57,0,10.62
562730,441,440.85,-67.4,-67.4,0,10.62
562735,440,439.83,-63.71,-63.71,0,10.62
562740,440,440.15,-59.46,-59.46,0,10.62
562745,438,438.17,-54.62,-54.62,0,10.62
562750,437,436.86,-49.16,-49.16,0,10.62
562755,438,437.82,-43.06,-43.06,0,10.62
562760,434,434.14,-36.29,-36.29,0,10.62
562765,436,436.18,-28.86,-28.86,0,10.62
562770,438,437.87,-20.75,-20.75,0,10.62
562775,438,437.82,-11.98,-11.98,0,10.62
562780,441,441.12,-2.56,-2.56,0,10.62
562785,447,447.19,7.47,7.47,0,10.62
562790,457,456.89,18.06,18.06,0,10.62
562795,470,469.81,29.16,29.16,0,10.62
562800,483,483.1,40.7,40.7,0,10.62
562805,500,500.19,52.6,52.6,0,10.62
562810,523,522.92,64.75,64.75,0,10.62
562815,550,549.82,77.05,77.05,0,10.62
562820,569,569.06,89.4,89.4,0,10.62
562825,598,598.17,101.66,101.66,0,10.62
562830,621,620.96,113.72,113.72,0,10.62
562835,644,643.84,125.45,125.45,0,10.62
562840,666,666.02,136.73,136.73,0,10.62
562845,686,686.15,147.45,147.45,0,10.62
562850,704,704.0,157.48,157.48,0,10.62
562855,722,721.86,166.73,166.73,0,10.62
562860,734,733.98,175.11,175.11,0,10.62
562865,745,745.13,182.52,182.52,0,10.62
562870,753,753.04,188.92,188.92,0,10.62
562875,756,755.88,194.23,194.23,0,10.62
562880,762,761.94,198.42,198.42,0,10.62
562885,759,759.11,201.48,201.48,0,10.62
562890,747,747.07,203.37,202.25,0,10.62
562895,750,749.89,204.12,202.25,0,10.62
562900,744,743.93,203.74,202.25,0,10.62
562905,739,739.1,202.25,202.25,0,10.62
562910,727,727.06,199.69,199.69,0,10.62
562915,718,717.89,196.11,196.11,0,10.62
562920,705,704.95,191.58,191.58,0,10.62
562925,695,695.11,186.15,186.15,0,10.62
562930,683,683.05,179.91,179.91,0,10.62
562935,671,670.89,172.91,172.91,0,10.62
562940,659,658.96,165.26,165.26,0,10.62
562945,648,648.11,157.02,157.02,0,10.62
562950,638,638.04,148.27,148.27,0,10.62
562955,628,627.88,139.12,139.12,0,10.62
562960,615,614.96,129.62,129.62,0,10.62
562965,605,605.12,119.88,119.88,0,10.62
562970,596,596.04,109.96,109.96,0,10.62
562975,588,587.89,99.94,99.94,0,10.62
562980,575,574.96,89.91,89.91,0,10.62
562985,568,568.11,79.92,79.92,0,10.62
562990,558,558.05,70.04,70.04,0,10.62
562995,549,548.9,60.35,60.35,0,10.62
563000,540,539.94,50.89,50.89,0,10.62
563005,532,532.1,41.73,41.73,0,10.62
563010,520,520.06,32.91,32.91,0,10.62
563015,513,512.9,24.48,24.48,0,10.62
563020,503,502.94,16.48,16.48,0,10.62
563025,494,494.09,8.95,8.95,0,10.62
563030,484,484.07,1.91,1.91,0,10.62
563035,478,477.91,-4.61,-4.61,0,10.62
563040,473,472.94,-10.6,-10.6,0,10.62
563045,464,464.09,-16.04,-16.04,0,10.62
563050,462,462.06,-20.93,-20.93,0,10.62
563055,459,458.92,-25.27,-25.27,0,10.62
563060,458,457.95,-29.07,-29.07,0,10.62
563065,456,456.07,-32.35,-32.35,0,10.62
563070,457,457.05,-35.13,-35.13,0,10.62
563075,455,454.94,-37.43,-37.43,0,10.62
563080,457,456.96,-39.28,-39.28,0,10.62
563085,458,458.06,-40.71,-40.71,0,10.62
563090,462,462.04,-41.77,-41.77,0,10.62
563095,461,460.95,-42.49,-42.49,0,10.62
563100,464,463.96,-42.91,-42.83,0,10.62
563105,468,468.05,-43.08,-42.83,0,10.62
563110,470,470.04,-43.04,-42.83,0,10.62
563115,472,471.95,-42.83,-42.83,0,10.62
563120,476,475.95,-42.49,-42.49,0,10.62
563125,477,477.05,-42.07,-42.07,0,10.62
563130,479,479.05,-41.6,-41.6,0,10.62
563135,480,479.94,-41.11,-41.11,0,10.62
563140,482,481.95,-40.65,-40.65,0,10.62
563145,484,484.06,-40.24,-40.24,0,10.62
563150,481,481.05,-39.89,-39.89,0,10.62
563155,481,480.93,-39.65,-39.65,0,10.62
563160,479,478.95,-39.51,-39.65,0,10.62
563165,480,480.08,-39.5,-39.65,0,10.62
563170,477,477.05,-39.63,-39.65,0,10.62
563175,476,475.91,-39.9,-39.9,0,10.62
563180,474,473.95,-40.31,-40.31,0,10.62
563185,471,471.1,-40.86,-40.86,0,10.62
563190,469,469.05,-41.55,-41.55,0,10.62
563195,467,466.89,-42.38,-42.38,0,10.62
563200,463,462.95,-43.32,-43.32,0,10.62
563205,462,462.13,-44.39,-44.39,0,10.62
563210,456,456.05,-45.55,-45.55,0,10.62
563215,455,454.86,-46.8,-46.8,0,10.62
563220,455,454.96,-48.12,-48.12,0,10.62
563225,449,449.15,-49.5,-49.5,0,10.62
563230,447,447.03,-50.91,-50.91,0,10.62
563235,445,444.84,-52.36,-52.36,0,10.62
563240,442,441.98,-53.81,-53.81,0,10.62
563245,439,439.18,-55.26,-55.26,0,10.62
563250,439,439.01,-56.68,-56.68,0,10.62
563255,436,435.81,-58.07,-58.07,0,10.62
563260,435,435.0,-59.42,-59.42,0,10.62
563265,434,434.2,-60.71,-60.71,0,10.62
563270,432,432.0,-61.94,-61.94,0,10.62
563275,430,429.79,-63.09,-63.09,0,10.62
563280,427,427.01,-64.16,-64.16,0,10.62
563285,428,428.23,-65.15,-65.15,0,10.62
563290,428,427.99,-66.05,-66.05,0,10.62
563295,428,427.76,-66.87,-66.87,0,10.62
563300,426,426.02,-67.59,-67.59,0,10.62
563305,428,428.26,-68.24,-68.24,0,10.62
563310,426,425.98,-68.8,-68.8,0,10.62
563315,427,426.73,-69.28,-69.28,0,10.62
563320,427,427.02,-69.7,-69.7,0,10.62
563325,427,427.29,-70.05,-70.05,0,10.62
563330,429,428.99,-70.35,-70.35,0,10.62
563335,447,446.7,-70.61,-70.61,0,10.62
563340,429,429.01,-70.83,-70.83,0,10.62
563345,431,431.28,-71.02,-71.02,0,10.62
563350,430,429.99,-71.2,-71.2,0,10.62
563355,430,429.75,-71.36,-71.36,0,10.62
563360,432,432.01,-71.52,-71.52,0,10.62
563365,432,432.23,-71.68,-71.68,0,10.62
563370,433,432.99,-71.85,-71.85,0,10.62
563375,433,432.8,-72.04,-72.04,0,10.62
563380,435,435.01,-72.25,-72.25,0,10.62
563385,435,435.18,-72.48,-72.48,0,10.62
563390,438,437.99,-72.74,-72.74,0,10.62
563395,435,434.84,-73.02,-73.02,0,10.62
563400,438,438.0,-73.34,-73.34,0,10.62
563405,438,438.14,-73.68,-73.68,0,10.62
563410,439,439.0,-74.04,-74.04,0,10.62
563415,439,438.88,-74.41,-74.41,0,10.62
563420,441,441.0,-74.79,-74.79,0,10.62
563425,442,442.11,-75.17,-75.17,0,10.62
563430,442,442.0,-75.52,-75.52,0,10.62
563435,443,442.9,-75.84,-75.84,0,10.62
563440,443,442.99,-76.1,-76.1,0,10.62
563445,444,444.08,-76.29,-76.13,0,10.62
563450,443,443.01,-76.37,-76.13,0,10.62
563455,442,441.93,-76.33,-76.13,0,10.62
563460,444,443.99,-76.13,-76.13,0,10.62
563465,445,445.06,-75.73,-75.73,0,10.62
563470,444,444.01,-75.12,-75.12,0,10.62
563475,445,444.94,-74.24,-74.24,0,10.62
563480,447,446.99,-73.07,-73.07,0,10.62
563485,444,444.05,-71.57,-71.57,0,10.62
563490,442,442.0,-69.69,-69.69,0,10.62
563495,443,442.95,-67.4,-67.4,0,10.62
563500,442,442.01,-64.66,-64.66,0,10.62
563505,443,443.04,-61.43,-61.43,0,10.62
563510,444,443.98,-57.69,-57.69,0,10.62
563515,444,443.96,-53.38,-53.38,0,10.62
563520,442,442.03,-48.5,-48.5,0,10.62
563525,441,441.03,-43.01,-43.01,0,10.62
563530,442,441.97,-36.89,-36.89,0,10.62
563535,441,440.98,-30.14,-30.14,0,10.62
563540,440,440.04,-22.75,-22.75,0,10.62
563545,442,442.01,-14.73,-14.73,0,10.62
563550,444,443.96,-6.08,-6.08,0,10.62
563555,448,448.0,3.15,3.15,0,10.62
563560,455,455.04,12.94,12.94,0,10.62
563565,465,465.0,23.23,23.23,0,10.62
563570,478,477.96,33.97,33.97,0,10.62
563575,491,491.01,45.06,45.06,0,10.62
563580,511,511.04,56.43,56.43,0,10.62
563585,532,531.99,67.98,67.98,0,10.62
563590,555,554.96,79.59,79.59,0,10.62
563595,578,578.02,91.16,91.16,0,10.62
563600,602,602.04,102.57,102.57,0,10.62
563605,627,626.98,113.69,113.69,0,10.62
563610,649,648.97,124.4,124.4,0,10.62
563615,668,668.02,134.59,134.59,0,10.62
563620,687,687.03,144.14,144.14,0,10.62
563625,705,704.98,152.94,152.94,0,10.62
563630,720,719.98,160.91,160.91,0,10.62
563635,731,731.01,167.95,167.95,0,10.62
563640,739,739.01,173.99,173.99,0,10.62
563645,743,742.99,178.98,178.98,0,10.62
563650,746,746.0,182.86,182.86,0,10.62
563655,746,746.01,185.62,185.62,0,10.62
563660,745,744.99,187.23,185.62,0,10.62
563665,741,740.99,187.7,185.62,0,10.62
563670,734,734.01,187.04,185.62,0,10.62
563675,726,726.0,185.28,185.28,0,10.62
563680,719,718.98,182.45,182.45,0,10.62
563685,706,706.0,178.61,178.61,0,10.62
563690,694,694.02,173.81,173.81,0,10.62
563695,685,684.99,168.13,168.13,0,10.62
563700,670,669.98,161.63,161.63,0,10.62
563705,658,658.0,154.41,154.41,0,10.62
563710,645,645.02,146.54,146.54,0,10.62
563715,633,633.0,138.11,138.11,0,10.62
563720,618,617.98,129.21,129.21,0,10.62
563725,609,609.0,119.93,119.93,0,10.62
563730,598,598.02,110.37,110.37,0,10.62
563735,587,587.0,100.6,100.6,0,10.62
563740,575,574.97,90.71,90.71,0,10.62
563745,566,566.0,80.79,80.79,0,10.62
563750,555,555.04,70.91,70.91,0,10.62
563755,546,546.01,61.14,61.14,0,10.62
563760,535,534.95,51.57,51.57,0,10.62
563765,527,526.99,42.25,42.25,0,10.62
563770,516,516.06,33.24,33.24,0,10.62
563775,508,508.01,24.61,24.61,0,10.62
563780,501,500.94,16.38,16.38,0,10.62
563785,492,491.99,8.62,8.62,0,10.62
563790,485,485.07,1.36,1.36,0,10.62
563795,477,477.01,-5.38,-5.38,0,10.62
563800,471,470.92,-11.58,-11.58,0,10.62
563805,466,465.99,-17.21,-17.21,0,10.62
563810,461,461.08,-22.27,-22.27,0,10.62
563815,458,458.01,-26.75,-26.75,0,10.62
563820,456,455.91,-30.67,-30.67,0,10.62
563825,454,453.99,-34.02,-34.02,0,10.62
563830,455,455.1,-36.83,-36.83,0,10.62
563835,458,458.01,-39.13,-39.13,0,10.62
563840,456,455.89,-40.93,-40.93,0,10.62
563845,456,455.98,-42.27,-42.27,0,10.62
563850,458,458.11,-43.18,-43.18,0,10.62
563855,460,460.03,-43.71,-43.41,0,10.62
563860,464,463.88,-43.9,-43.41,0,10.62
563865,466,465.96,-43.78,-43.41,0,10.62
563870,468,468.12,-43.41,-43.41,0,10.62
563875,471,471.05,-42.82,-42.82,0,10.62
563880,474,473.87,-42.06,-42.06,0,10.62
563885,477,476.94,-41.18,-41.18,0,10.62
563890,481,481.13,-40.22,-40.22,0,10.62
563895,483,483.07,-39.21,-39.21,0,10.62
563900,483,482.86,-38.2,-38.2,0,10.62
563905,485,484.92,-37.22,-37.22,0,10.62
563910,485,485.15,-36.3,-36.3,0,10.62
563915,486,486.09,-35.47,-35.47,0,10.62
563920,488,487.84,-34.76,-34.76,0,10.62
563925,486,485.89,-34.17,-34.17,0,10.62
563930,487,487.17,-33.74,-33.74,0,10.62
563935,486,486.12,-33.48,-33.74,0,10.62
563940,486,485.83,-33.39,-33.74,0,10.62
563945,483,482.86,-33.48,-33.74,0,10.62
563950,480,480.18,-33.75,-33.75,0,10.62
563955,476,476.15,-34.2,-34.2,0,10.62
563960,477,476.82,-34.82,-34.82,0,10.62
563965,474,473.84,-35.62,-35.62,0,10.62
563970,470,470.18,-36.57,-36.57,0,10.62
563975,465,465.16,-37.68,-37.68,0,10.62
563980,464,463.82,-38.92,-38.92,0,10.62
563985,463,462.83,-40.29,-40.29,0,10.62
563990,458,458.18,-41.76,-41.76,0,10.62
563995,456,456.16,-43.33,-43.33,0,10.62
564000,453,452.82,-44.98,-44.98,0,10.62
564005,452,451.84,-46.69,-46.69,0,10.62
564010,446,446.18,-48.44,-48.44,0,10.62
564015,446,446.16,-50.24,-50.24,0,10.62
564020,442,441.82,-52.05,-52.05,0,10.62
564025,442,441.85,-53.87,-53.87,0,10.62
564030,439,439.18,-55.69,-55.69,0,10.62
564035,438,438.15,-57.5,-57.5,0,10.62
564040,438,437.83,-59.28,-59.28,0,10.62
564045,436,435.86,-61.03,-61.03,0,10.62
564050,435,435.17,-62.74,-62.74,0,10.62
564055,435,435.14,-64.4,-64.4,0,10.62
564060,434,433.83,-66.02,-66.02,0,10.62
564065,433,432.87,-67.58,-67.58,0,10.62
564070,432,432.16,-69.08,-69.08,0,10.62
564075,433,433.13,-70.52,-70.52,0,10.62
564080,433,432.84,-71.9,-71.9,0,10.62
564085,435,434.87,-73.21,-73.21,0,10.62
564090,434,434.15,-74.45,-74.45,0,10.62
564095,435,435.12,-75.61,-75.61,0,10.62
564100,435,434.85,-76.69,-76.69,0,10.62
564105,436,435.88,-77.69,-77.69,0,10.62
564110,435,435.14,-78.6,-78.6,0,10.62
564115,436,436.11,-79.41,-79.41,0,10.62
564120,437,436.86,-80.11,-80.11,0,10.62
564125,438,437.89,-80.69,-80.69,0,10.62
564130,438,438.13,-81.14,-81.14,0,10.62
564135,438,438.1,-81.44,-81.29,0,10.62
564140,439,438.88,-81.58,-81.29,0,10.62
564145,438,437.9,-81.53,-81.29,0,10.62
564150,440,440.12,-81.29,-81.29,0,10.62
564155,442,442.09,-80.81,-80.81,0,10.62
564160,442,441.89,-80.09,-80.09,0,10.62
564165,443,442.91,-79.1,-79.1,0,10.62
564170,443,443.11,-77.8,-77.8,0,10.62
564175,443,443.09,-76.18,-76.18,0,10.62
564180,443,442.9,-74.19,-74.19,0,10.62
564185,444,443.91,-71.82,-71.82,0,10.62
564190,445,445.1,-69.03,-69.03,0,10.62
564195,445,445.09,-65.79,-65.79,0,10.62
564200,445,444.9,-62.07,-62.07,0,10.62
564205,445,444.92,-57.86,-57.86,0,10.62
564210,444,444.09,-53.12,-53.12,0,10.62
564215,445,445.08,-47.84,-47.84,0,10.62
564220,445,444.91,-42.0,-42.0,0,10.62
564225,444,443.92,-35.59,-35.59,0,10.62
564230,445,445.09,-28.61,-28.61,0,10.62
564235,444,444.08,-21.05,-21.05,0,10.62
564240,445,444.92,-12.95,-12.95,0,10.62
564245,450,449.92,-4.3,-4.3,0,10.62
564250,454,454.08,4.84,4.84,0,10.62
564255,462,462.08,14.44,14.44,0,10.62
564260,472,471.92,24.44,24.44,0,10.62
564265,486,485.92,34.78,34.78,0,10.62
564270,502,502.09,45.37,45.37,0,10.62
564275,520,520.08,56.14,56.14,0,10.62
564280,541,540.91,66.97,66.97,0,10.62
564285,562,561.93,77.77,77.77,0,10.62
564290,585,585.09,88.42,88.42,0,10.62
564295,608,608.07,98.82,98.82,0,10.62
564300,628,627.91,108.84,108.84,0,10.62
564305,648,647.93,118.38,118.38,0,10.62
564310,665,665.09,127.34,127.34,0,10.62
564315,683,683.07,135.59,135.59,0,10.62
564320,698,697.9,143.07,143.07,0,10.62
564325,710,709.92,149.67,149.67,0,10.62
564330,718,718.09,155.33,155.33,0,10.62
564335,725,725.08,159.99,159.99,0,10.62
564340,729,728.91,163.61,163.61,0,10.62
564345,729,728.92,166.14,166.14,0,10.62
564350,728,728.08,167.58,166.14,0,10.62
564355,725,725.08,167.92,166.14,0,10.62
564360,718,717.92,167.17,166.14,0,10.62
564365,711,710.91,165.36,165.36,0,10.62
564370,702,702.08,162.52,162.52,0,10.62
564375,690,690.09,158.7,158.7,0,10.62
564380,680,679.92,153.96,153.96,0,10.62
564385,668,667.91,148.35,148.35,0,10.62
564390,655,655.07,141.97,141.97,0,10.62
564395,640,640.09,134.87,134.87,0,10.62
564400,630,629.93,127.15,127.15,0,10.62
564405,617,616.91,118.89,118.89,0,10.62
564410,607,607.07,110.18,110.18,0,10.62
564415,594,594.08,101.11,101.11,0,10.62
564420,583,582.93,91.76,91.76,0,10.62
564425,571,570.92,82.22,82.22,0,10.62
564430,559,559.07,72.58,72.58,0,10.62
564435,551,551.08,62.92,62.92,0,10.62
564440,542,541.93,53.31,53.31,0,10.62
564445,531,530.92,43.83,43.83,0,10.62
564450,523,523.06,34.55,34.55,0,10.62
564455,512,512.08,25.54,25.54,0,10.62
564460,504,503.94,16.85,16.85,0,10.62
564465,494,493.92,8.55,8.55,0,10.62
564470,487,487.05,0.67,0.67,0,10.62
564475,480,480.08,-6.74,-6.74,0,10.62
564480,472,471.95,-13.64,-13.64,0,10.62
564485,465,464.92,-20.01,-20.01,0,10.62
564490,459,459.05,-25.81,-25.81,0,10.62
564495,453,453.09,-31.04,-31.04,0,10.62
564500,448,447.96,-35.69,-35.69,0,10.62
564505,447,446.91,-39.75,-39.75,0,10.62
564510,447,447.04,-43.24,-43.24,0,10.62
564515,443,443.09,-46.15,-46.15,0,10.62
564520,444,443.95,-48.52,-48.52,0,10.62
564525,445,444.91,-50.36,-50.36,0,10.62
564530,446,446.06,-51.71,-51.71,0,10.62
564535,447,447.09,-52.59,-52.59,0,10.62
564540,450,449.94,-53.05,-52.59,0,10.62
564545,455,454.91,-53.12,-52.59,0,10.62
564550,458,458.07,-52.86,-52.59,0,10.62
564555,460,460.08,-52.3,-52.3,0,10.62
564560,464,463.92,-51.5,-51.5,0,10.62
564565,470,469.93,-50.5,-50.5,0,10.62
564570,472,472.1,-49.35,-49.35,0,10.62
564575,476,476.06,-48.09,-48.09,0,10.62
564580,479,478.89,-46.77,-46.77,0,10.62
564585,479,478.95,-45.43,-45.43,0,10.62
564590,481,481.12,-44.1,-44.1,0,10.62
564595,483,483.04,-42.83,-42.83,0,10.62
564600,493,492.88,-41.64,-41.64,0,10.62
564605,485,484.96,-40.56,-40.56,0,10.62
564610,485,485.11,-39.61,-39.61,0,10.62
564615,486,486.03,-38.82,-38.82,0,10.62
564620,486,485.9,-38.2,-38.2,0,10.62
564625,482,481.98,-37.75,-37.75,0,10.62
564630,482,482.08,-37.5,-37.75,0,10.62
564635,479,479.02,-37.43,-37.75,0,10.62
564640,476,475.94,-37.56,-37.75,0,10.62
564645,476,475.98,-37.87,-37.87,0,10.62
564650,474,474.05,-38.37,-38.37,0,10.62
564655,472,472.01,-39.05,-39.05,0,10.62
564660,470,469.97,-39.9,-39.9,0,10.62
564665,465,464.99,-40.9,-40.9,0,10.62
564670,465,465.02,-42.05,-42.05,0,10.62
564675,460,460.01,-43.34,-43.34,0,10.62
564680,457,456.99,-44.74,-44.74,0,10.62
564685,455,454.99,-46.25,-46.25,0,10.62
564690,452,452.0,-47.85,-47.85,0,10.62
564695,450,450.01,-49.52,-49.52,0,10.62
564700,449,449.01,-51.25,-51.25,0,10.62
564705,445,444.99,-53.04,-53.04,0,10.62
564710,446,445.98,-54.86,-54.86,0,10.62
564715,442,442.01,-56.71,-56.71,0,10.62
564720,444,444.03,-58.57,-58.57,0,10.62
564725,441,440.99,-60.43,-60.43,0,10.62
564730,440,439.96,-62.3,-62.3,0,10.62
564735,439,439.01,-64.14,-64.14,0,10.62
564740,438,438.06,-65.97,-65.97,0,10.62
564745,438,437.99,-67.77,-67.77,0,10.62
564750,437,436.93,-69.54,-69.54,0,10.62
564755,439,439.01,-71.26,-71.26,0,10.62
564760,434,434.08,-72.93,-72.93,0,10.62
564765,436,435.99,-74.55,-74.55,0,10.62
564770,437,436.91,-76.1,-76.1,0,10.62
564775,437,437.02,-77.58,-77.58,0,10.62
564780,437,437.1,-78.99,-78.99,0,10.62
564785,438,437.98,-80.3,-80.3,0,10.62
564790,438,437.89,-81.52,-81.52,0,10.62
564795,438,438.03,-82.63,-82.63,0,10.62
564800,437,437.11,-83.61,-83.61,0,10.62
564805,440,439.97,-84.45,-84.45,0,10.62
564810,439,438.88,-85.14,-85.14,0,10.62
564815,439,439.03,-85.65,-85.65,0,10.62
564820,442,442.12,-85.96,-85.65,0,10.62
564825,442,441.97,-86.06,-85.65,0,10.62
564830,442,441.87,-85.91,-85.65,0,10.62
564835,442,442.03,-85.5,-85.5,0,10.62
564840,441,441.13,-84.78,-84.78,0,10.62
564845,443,442.98,-83.74,-83.74,0,10.62
564850,446,445.86,-82.33,-82.33,0,10.62
564855,442,442.02,-80.54,-80.54,0,10.62
564860,442,442.13,-78.32,-78.32,0,10.62
564865,445,444.99,-75.64,-75.64,0,10.62
564870,444,443.87,-72.48,-72.48,0,10.62
564875,443,443.0,-68.79,-68.79,0,10.62
564880,446,446.12,-64.56,-64.56,0,10.62
564885,443,443.02,-59.75,-59.75,0,10.62
564890,443,442.88,-54.34,-54.34,0,10.62
564895,445,444.97,-48.32,-48.32,0,10.62
564900,445,445.12,-41.67,-41.67,0,10.62
564905,445,445.04,-34.38,-34.38,0,10.62
564910,448,447.88,-26.46,-26.46,0,10.62
564915,446,445.95,-17.92,-17.92,0,10.62
564920,449,449.12,-8.77,-8.77,0,10.62
564925,454,454.06,0.95,0.95,0,10.62
564930,462,461.89,11.2,11.2,0,10.62
564935,471,470.93,21.92,21.92,0,10.62
564940,485,485.11,33.05,33.05,0,10.62
564945,501,501.09,44.51,44.51,0,10.62
564950,521,520.9,56.2,56.2,0,10.62
564955,543,542.9,68.04,68.04,0,10.62
564960,566,566.1,79.9,79.9,0,10.62
564965,589,589.11,91.68,91.68,0,10.62
564970,613,612.91,103.25,103.25,0,10.62
564975,636,635.88,114.49,114.49,0,10.62
564980,660,660.09,125.29,125.29,0,10.62
564985,675,675.13,135.52,135.52,0,10.62
564990,699,698.91,145.08,145.08,0,10.62
564995,714,713.86,153.85,153.85,0,10.62
565000,728,728.09,161.76,161.76,0,10.62
565005,739,739.13,168.71,168.71,0,10.62
565010,751,750.91,174.63,174.63,0,10.62
565015,753,752.86,179.48,179.48,0,10.62
565020,757,757.07,183.21,183.21,0,10.62
565025,756,756.14,185.79,185.79,0,10.62
565030,752,751.93,187.21,185.79,0,10.62
565035,747,746.85,187.48,185.79,0,10.62
565040,740,740.06,186.62,185.79,0,10.62
565045,733,733.15,184.65,184.65,0,10.62
565050,723,722.94,181.63,181.63,0,10.62
565055,712,711.84,177.59,177.59,0,10.62
565060,699,699.05,172.61,172.61,0,10.62
565065,686,686.17,166.75,166.75,0,10.62
565070,676,675.96,160.1,160.1,0,10.62
565075,661,660.83,152.73,152.73,0,10.62
565080,650,650.02,144.73,144.73,0,10.62
565085,637,637.18,136.18,136.18,0,10.62
565090,623,622.99,127.18,127.18,0,10.62
565095,615,614.81,117.81,117.81,0,10.62
565100,601,601.0,108.16,108.16,0,10.62
565105,588,588.19,98.32,98.32,0,10.62
565110,578,578.0,88.37,88.37,0,10.62
565115,572,571.81,78.39,78.39,0,10.62
565120,561,560.99,68.45,68.45,0,10.62
565125,553,553.18,58.62,58.62,0,10.62
565130,543,543.01,48.97,48.97,0,10.62
565135,536,535.82,39.57,39.57,0,10.62
565140,526,525.99,30.46,30.46,0,10.62
565145,517,517.17,21.71,21.71,0,10.62
565150,509,509.01,13.35,13.35,0,10.62
565155,501,500.84,5.42,5.42,0,10.62
565160,493,492.98,-2.03,-2.03,0,10.62
565165,488,488.16,-8.99,-8.99,0,10.62
565170,480,480.02,-15.42,-15.42,0,10.62
565175,474,473.84,-21.31,-21.31,0,10.62
565180,472,471.98,-26.66,-26.66,0,10.62
565185,466,466.16,-31.45,-31.45,0,10.62
565190,462,462.02,-35.7,-35.7,0,10.62
565195,460,459.85,-39.4,-39.4,0,10.62
565200,456,455.99,-42.57,-42.57,0,10.62
565205,457,457.16,-45.22,-45.22,0,10.62
565210,458,458.02,-47.39,-47.39,0,10.62
565215,459,458.85,-49.1,-49.1,0,10.62
565220,461,460.98,-50.39,-50.39,0,10.62
565225,460,460.15,-51.28,-51.28,0,10.62
565230,464,464.02,-51.81,-51.7,0,10.62
565235,466,465.85,-52.03,-51.7,0,10.62
565240,469,468.98,-51.98,-51.7,0,10.62
565245,470,470.14,-51.7,-51.7,0,10.62
565250,476,476.02,-51.23,-51.23,0,10.62
565255,477,476.86,-50.61,-50.61,0,10.62
565260,480,479.98,-49.88,-49.88,0,10.62
565265,480,480.13,-49.08,-49.08,0,10.62
565270,481,481.02,-48.26,-48.26,0,10.62
565275,484,483.88,-47.43,-47.43,0,10.62
565280,486,485.98,-46.63,-46.63,0,10.62
565285,486,486.11,-45.89,-45.89,0,10.62
565290,488,488.02,-45.24,-45.24,0,10.62
565295,485,484.9,-44.69,-44.69,0,10.62
565300,485,484.98,-44.25,-44.25,0,10.62
565305,484,484.09,-43.95,-43.95,0,10.62
565310,483,483.02,-43.79,-43.95,0,10.62
565315,479,478.92,-43.78,-43.95,0,10.62
565320,480,479.98,-43.92,-43.95,0,10.62
565325,477,477.08,-44.22,-44.22,0,10.62
565330,475,475.02,-44.66,-44.66,0,10.62
565335,474,473.92,-45.24,-45.24,0,10.62
565340,469,468.98,-45.97,-45.97,0,10.62
565345,469,469.07,-46.82,-46.82,0,10.62
565350,465,465.02,-47.8,-47.8,0,10.62
565355,464,463.93,-48.88,-48.88,0,10.62
565360,461,460.97,-50.06,-50.06,0,10.62
565365,457,457.07,-51.32,-51.32,0,10.62
565370,455,455.03,-52.66,-52.66,0,10.62
565375,453,452.94,-54.06,-54.06,0,10.62
565380,452,451.97,-55.5,-55.5,0,10.62
565385,450,450.06,-56.98,-56.98,0,10.62
565390,446,446.02,-58.49,-58.49,0,10.62
565395,444,443.95,-60.01,-60.01,0,10.62
565400,445,444.98,-61.54,-61.54,0,10.62
565405,444,444.05,-63.06,-63.06,0,10.62
565410,440,440.01,-64.58,-64.58,0,10.62
565415,441,440.94,-66.08,-66.08,0,10.62
565420,441,441.0,-67.57,-67.57,0,10.62
565425,440,440.06,-69.03,-69.03,0,10.62
565430,441,440.98,-70.47,-70.47,0,10.62
565435,440,439.93,-71.87,-71.87,0,10.62
565440,438,438.03,-73.25,-73.25,0,10.62
565445,439,439.07,-74.59,-74.59,0,10.62
565450,440,439.96,-75.9,-75.9,0,10.62
565455,440,439.93,-77.17,-77.17,0,10.62
565460,440,440.05,-78.4,-78.4,0,10.62
565465,441,441.08,-79.59,-79.59,0,10.62
565470,441,440.95,-80.73,-80.73,0,10.62
565475,441,440.92,-81.82,-81.82,0,10.62
565480,442,442.06,-82.85,-82.85,0,10.62
565485,442,442.08,-83.82,-83.82,0,10.62
565490,442,441.93,-84.71,-84.71,0,10.62
565495,443,442.91,-85.52,-85.52,0,10.62
565500,444,444.08,-86.22,-86.22,0,10.62
565505,444,444.09,-86.81,-86.81,0,10.62
565510,444,443.91,-87.26,-87.26,0,10.62
565515,446,445.9,-87.56,-87.31,0,10.62
565520,446,446.1,-87.69,-87.31,0,10.62
565525,446,446.1,-87.61,-87.31,0,10.62
565530,447,446.89,-87.31,-87.31,0,10.62
565535,447,446.89,-86.75,-86.75,0,10.62
565540,448,448.12,-85.9,-85.9,0,10.62
565545,449,449.11,-84.73,-84.73,0,10.62
565550,451,450.86,-83.2,-83.2,0,10.62
565555,449,448.88,-81.29,-81.29,0,10.62
565560,449,449.15,-78.94,-78.94,0,10.62
565565,448,448.12,-76.14,-76.14,0,10.62
565570,449,448.84,-72.84,-72.84,0,10.62
565575,448,447.87,-69.0,-69.0,0,10.62
565580,446,446.16,-64.6,-64.6,0,10.62
565585,448,448.13,-59.6,-59.6,0,10.62
565590,446,445.83,-53.98,-53.98,0,10.62
565595,445,444.86,-47.73,-47.73,0,10.62
565600,445,445.17,-40.82,-40.82,0,10.62
565605,445,445.15,-33.25,-33.25,0,10.62
565610,446,445.82,-25.03,-25.03,0,10.62
565615,449,448.84,-16.16,-16.16,0,10.62
565620,452,452.18,-6.66,-6.66,0,10.62
565625,458,458.17,3.42,3.42,0,10.62
565630,467,466.81,14.03,14.03,0,10.62
565635,480,479.82,25.13,25.13,0,10.62
565640,495,495.2,36.63,36.63,0,10.62
565645,511,511.19,48.45,48.45,0,10.62
565650,536,535.8,60.5,60.5,0,10.62
565655,557,556.81,72.67,72.67,0,10.62
565660,582,582.21,84.84,84.84,0,10.62
565665,607,607.19,96.9,96.9,0,10.62
565670,630,629.78,108.72,108.72,0,10.62
565675,652,651.8,120.18,120.18,0,10.62
565680,677,677.22,131.16,131.16,0,10.62
565685,695,695.2,141.55,141.55,0,10.62
565690,716,715.77,151.23,151.23,0,10.62
565695,730,729.78,160.11,160.11,0,10.62
565700,739,739.24,168.09,168.09,0,10.62
565705,751,751.22,175.11,175.11,0,10.62
565710,759,758.76,181.08,181.08,0,10.62
565715,762,761.77,185.97,185.97,0,10.62
565720,762,762.24,189.74,189.74,0,10.62
565725,763,763.24,192.37,192.37,0,10.62
565730,759,758.77,193.85,192.37,0,10.62
565735,754,753.75,194.19,192.37,0,10.62
565740,746,746.23,193.4,192.37,0,10.62
565745,737,737.26,191.53,191.53,0,10.62
565750,728,727.78,188.61,188.61,0,10.62
565755,718,717.73,184.7,184.7,0,10.62
565760,705,705.22,179.85,179.85,0,10.62
565765,694,694.27,174.14,174.14,0,10.62
565770,682,681.79,167.64,167.64,0,10.62
565775,671,670.72,160.42,160.42,0,10.62
565780,659,659.21,152.57,152.57,0,10.62
565785,644,644.29,144.17,144.17,0,10.62
565790,636,635.8,135.3,135.3,0,10.62
565795,626,625.71,126.04,126.04,0,10.62
565800,614,614.2,116.48,116.48,0,10.62
565805,604,604.28,106.7,106.7,0,10.62
565810,596,595.81,96.76,96.76,0,10.62
565815,586,585.72,86.75,86.75,0,10.62
565820,578,578.19,76.74,76.74,0,10.62
565825,569,569.28,66.79,66.79,0,10.62
565830,559,558.82,56.97,56.97,0,10.62
565835,553,552.73,47.34,47.34,0,10.62
565840,542,542.18,37.95,37.95,0,10.62
565845,534,534.27,28.85,28.85,0,10.62
565850,525,524.82,20.11,20.11,0,10.62
565855,514,513.73,11.74,11.74,0,10.62
565860,505,505.18,3.81,3.81,0,10.62
565865,496,496.27,-3.67,-3.67,0,10.62
565870,489,488.83,-10.65,-10.65,0,10.62
565875,484,483.74,-17.13,-17.13,0,10.62
565880,475,475.17,-23.08,-23.08,0,10.62
565885,468,468.26,-28.5,-28.5,0,10.62
565890,465,464.84,-33.37,-33.37,0,10.62
565895,463,462.75,-37.7,-37.7,0,10.62
565900,460,460.16,-41.49,-41.49,0,10.62
565905,460,460.24,-44.77,-44.77,0,10.62
565910,460,459.84,-47.54,-47.54,0,10.62
565915,455,454.77,-49.84,-49.84,0,10.62
565920,460,460.15,-51.68,-51.68,0,10.62
565925,464,464.23,-53.1,-53.1,0,10.62
565930,462,461.85,-54.14,-54.14,0,10.62
565935,465,464.76,-54.83,-54.83,0,10.62
565940,467,467.15,-55.2,-54.85,0,10.62
565945,451,451.23,-55.3,-54.85,0,10.62
565950,470,469.86,-55.17,-54.85,0,10.62
565955,471,470.79,-54.85,-54.85,0,10.62
565960,476,476.15,-54.37,-54.37,0,10.62
565965,477,477.18,-53.79,-53.79,0,10.62
565970,480,479.85,-53.13,-53.13,0,10.62
565975,480,479.85,-52.44,-52.44,0,10.62
565980,482,482.15,-51.74,-51.74,0,10.62
565985,486,486.12,-51.07,-51.07,0,10.62
565990,484,483.85,-50.45,-50.45,0,10.62
565995,484,483.91,-49.92,-49.92,0,10.62
566000,483,483.16,-49.48,-49.48,0,10.62
566005,483,483.07,-49.15,-49.15,0,10.62
566010,480,479.84,-48.94,-49.14,0,10.62
566015,477,476.95,-48.87,-49.14,0,10.62
566020,476,476.16,-48.94,-49.14,0,10.62
566025,475,475.04,-49.14,-49.14,0,10.62
566030,471,470.84,-49.49,-49.49,0,10.62
566035,469,468.97,-49.97,-49.97,0,10.62
566040,468,468.17,-50.59,-50.59,0,10.62
566045,466,466.02,-51.33,-51.33,0,10.62
566050,463,462.82,-52.19,-52.19,0,10.62
566055,462,461.99,-53.15,-53.15,0,10.62
566060,456,456.18,-54.21,-54.21,0,10.62
566065,453,452.99,-55.36,-55.36,0,10.62
566070,452,451.81,-56.59,-56.59,0,10.62
566075,449,449.02,-57.88,-57.88,0,10.62
566080,449,449.2,-59.22,-59.22,0,10.62
566085,446,445.96,-60.61,-60.61,0,10.62
566090,447,446.8,-62.02,-62.02,0,10.62
566095,444,444.05,-63.47,-63.47,0,10.62
566100,442,442.21,-64.93,-64.93,0,10.62
566105,442,441.93,-66.39,-66.39,0,10.62
566110,440,439.79,-67.86,-67.86,0,10.62
566115,436,436.09,-69.33,-69.33,0,10.62
566120,439,439.21,-70.78,-70.78,0,10.62
566125,440,439.91,-72.22,-72.22,0,10.62
566130,439,438.78,-73.65,-73.65,0,10.62
566135,437,437.1,-75.05,-75.05,0,10.62
566140,435,435.22,-76.42,-76.42,0,10.62
566145,438,437.9,-77.77,-77.77,0,10.62
566150,436,435.78,-79.08,-79.08,0,10.62
566155,437,437.1,-80.36,-80.36,0,10.62
566160,436,436.22,-81.6,-81.6,0,10.62
566165,438,437.91,-82.79,-82.79,0,10.62
566170,436,435.78,-83.94,-83.94,0,10.62
566175,437,437.09,-85.02,-85.02,0,10.62
566180,437,437.22,-86.04,-86.04,0,10.62
566185,438,437.91,-86.99,-86.99,0,10.62
566190,438,437.78,-87.85,-87.85,0,10.62
566195,439,439.08,-88.62,-88.62,0,10.62
566200,440,440.22,-89.27,-89.27,0,10.62
566205,441,440.92,-89.8,-89.8,0,10.62
566210,441,440.77,-90.18,-90.18,0,10.62
566215,442,442.08,-90.39,-90.18,0,10.62
566220,443,443.23,-90.41,-90.18,0,10.62
566225,444,443.93,-90.22,-90.18,0,10.62
566230,444,443.76,-89.79,-89.79,0,10.62
566235,444,444.06,-89.09,-89.09,0,10.62
566240,445,445.25,-88.08,-88.08,0,10.62
566245,446,445.94,-86.74,-86.74,0,10.62
566250,446,445.74,-85.03,-85.03,0,10.62
566255,445,445.05,-82.91,-82.91,0,10.62
566260,445,445.26,-80.35,-80.35,0,10.62
566265,445,444.96,-77.32,-77.32,0,10.62
566270,447,446.73,-73.78,-73.78,0,10.62
566275,444,444.03,-69.69,-69.69,0,10.62
566280,445,445.27,-65.03,-65.03,0,10.62
566285,444,443.98,-59.76,-59.76,0,10.62
566290,444,443.72,-53.87,-53.87,0,10.62
566295,443,443.0,-47.34,-47.34,0,10.62
566300,444,444.28,-40.15,-40.15,0,10.62
566305,445,445.01,-32.3,-32.3,0,10.62
566310,445,444.71,-23.8,-23.8,0,10.62
566315,449,448.98,-14.67,-14.67,0,10.62
566320,451,451.3,-4.92,-4.92,0,10.62
566325,458,458.04,5.41,5.41,0,10.62
566330,469,468.7,16.25,16.25,0,10.62
566335,481,480.95,27.56,27.56,0,10.62
566340,497,497.31,39.26,39.26,0,10.62
566345,516,516.06,51.25,51.25,0,10.62
566350,537,536.68,63.44,63.44,0,10.62
566355,564,563.93,75.72,75.72,0,10.62
566360,586,586.33,87.99,87.99,0,10.62
566365,610,610.07,100.11,100.11,0,10.62
566370,632,631.66,111.96,111.96,0,10.62
566375,661,660.93,123.43,123.43,0,10.62
566380,680,680.35,134.4,134.4,0,10.62
566385,696,696.06,144.74,144.74,0,10.62
566390,716,715.62,154.36,154.36,0,10.62
566395,732,731.95,163.15,163.15,0,10.62
566400,741,741.4,171.04,171.04,0,10.62
566405,751,751.03,177.93,177.93,0,10.62
566410,758,757.58,183.78,183.78,0,10.62
566415,763,762.98,188.54,188.54,0,10.62
566420,762,762.44,192.17,192.17,0,10.62
566425,761,760.99,194.65,194.65,0,10.62
566430,757,756.54,195.98,194.65,0,10.62
566435,751,751.03,196.17,194.65,0,10.62
566440,742,742.48,195.25,194.65,0,10.62
566445,735,734.95,193.24,193.24,0,10.62
566450,726,725.5,190.19,190.19,0,10.62
566455,705,705.07,186.15,186.15,0,10.62
566460,705,705.52,181.19,181.19,0,10.62
566465,693,692.93,175.37,175.37,0,10.62
566470,699,698.47,168.76,168.76,0,10.62
566475,669,669.07,161.44,161.44,0,10.62
566480,657,657.51,153.5,153.5,0,10.62
566485,644,643.94,145.01,145.01,0,10.62
566490,633,632.51,136.06,136.06,0,10.62
566495,625,625.06,126.73,126.73,0,10.62
566500,613,613.47,117.1,117.1,0,10.62
566505,603,602.94,107.26,107.26,0,10.62
566510,593,592.55,97.29,97.29,0,10.62
566515,584,584.07,87.25,87.25,0,10.62
566520,574,574.43,77.22,77.22,0,10.62
566525,566,565.93,67.27,67.27,0,10.62
566530,558,557.59,57.47,57.47,0,10.62
566535,547,547.08,47.87,47.87,0,10.62
566540,539,539.4,38.53,38.53,0,10.62
566545,534,533.92,29.5,29.5,0,10.62
566550,521,520.62,20.83,20.83,0,10.62
566555,512,512.07,12.57,12.57,0,10.62
566560,502,502.36,4.74,4.74,0,10.62
566565,493,492.94,-2.61,-2.61,0,10.62
566570,486,485.66,-9.46,-9.46,0,10.62
566575,480,480.06,-15.79,-15.79,0,10.62
566580,473,473.32,-21.58,-21.58,0,10.62
566585,469,468.95,-26.82,-26.82,0,10.62
566590,465,464.7,-31.52,-31.52,0,10.62
566595,462,462.05,-35.68,-35.68,0,10.62
566600,460,460.29,-39.29,-39.29,0,10.62
566605,458,457.95,-42.39,-42.39,0,10.62
566610,457,456.73,-44.99,-44.99,0,10.62
566615,459,459.05,-47.12,-47.12,0,10.62
566620,459,459.26,-48.8,-48.8,0,10.62
566625,459,458.95,-50.07,-50.07,0,10.62
566630,462,461.75,-50.96,-50.96,0,10.62
566635,464,464.05,-51.51,-51.51,0,10.62
566640,467,467.23,-51.77,-51.51,0,10.62
566645,471,470.95,-51.78,-51.51,0,10.62
566650,473,472.78,-51.57,-51.51,0,10.62
566655,473,473.05,-51.19,-51.19,0,10.62
566660,477,477.21,-50.69,-50.69,0,10.62
566665,479,478.95,-50.09,-50.09,0,10.62
566670,481,480.8,-49.44,-49.44,0,10.62
566675,482,482.04,-48.76,-48.76,0,10.62
566680,483,483.19,-48.11,-48.11,0,10.62
566685,482,481.96,-47.49,-47.49,0,10.62
566690,484,483.82,-46.94,-46.94,0,10.62
566695,484,484.04,-46.48,-46.48,0,10.62
566700,484,484.17,-46.12,-46.12,0,10.62
566705,483,482.96,-45.89,-46.02,0,10.62
566710,479,478.84,-45.79,-46.02,0,10.62
566715,480,480.04,-45.83,-46.02,0,10.62
566720,478,478.16,-46.02,-46.02,0,10.62
566725,475,474.96,-46.34,-46.34,0,10.62
566730,475,474.84,-46.82,-46.82,0,10.62
566735,472,472.04,-47.43,-47.43,0,10.62
566740,469,469.16,-48.17,-48.17,0,10.62
566745,467,466.96,-49.04,-49.04,0,10.62
566750,464,463.85,-50.01,-50.01,0,10.62
566755,460,460.05,-51.09,-51.09,0,10.62
566760,458,458.15,-52.26,-52.26,0,10.62
566765,456,455.95,-53.49,-53.49,0,10.62
566770,453,452.86,-54.79,-54.79,0,10.62
566775,450,450.05,-56.13,-56.13,0,10.62
566780,449,449.14,-57.5,-57.5,0,10.62
566785,446,445.96,-58.89,-58.89,0,10.62
566790,443,442.86,-60.28,-60.28,0,10.62
566795,443,443.04,-61.67,-61.67,0,10.62
566800,440,440.14,-63.03,-63.03,0,10.62
566805,440,439.96,-64.37,-64.37,0,10.62
566810,439,438.86,-65.68,-65.68,0,10.62
566815,438,438.04,-66.94,-66.94,0,10.62
566820,436,436.14,-68.15,-68.15,0,10.62
566825,435,434.96,-69.31,-69.31,0,10.62
566830,434,433.86,-70.41,-70.41,0,10.62
566835,432,432.04,-71.46,-71.46,0,10.62
566840,431,431.14,-72.45,-72.45,0,10.62
566845,434,433.96,-73.38,-73.38,0,10.62
566850,432,431.86,-74.26,-74.26,0,10.62
566855,431,431.03,-75.09,-75.09,0,10.62
566860,431,431.13,-75.87,-75.87,0,10.62
566865,436,435.98,-76.6,-76.6,0,10.62
566870,435,434.88,-77.3,-77.3,0,10.62
566875,436,436.01,-77.97,-77.97,0,10.62
566880,437,437.11,-78.62,-78.62,0,10.62
566885,436,436.01,-79.24,-79.24,0,10.62
566890,438,437.89,-79.84,-79.84,0,10.62
566895,437,436.98,-80.43,-80.43,0,10.62
566900,438,438.1,-81.01,-81.01,0,10.62
566905,439,439.04,-81.57,-81.57,0,10.62
566910,440,439.91,-82.12,-82.12,0,10.62
566915,443,442.95,-82.66,-82.66,0,10.62
566920,441,441.08,-83.17,-83.17,0,10.62
566925,442,442.06,-83.65,-83.65,0,10.62
566930,443,442.93,-84.1,-84.1,0,10.62
566935,446,445.93,-84.49,-84.49,0,10.62
566940,444,444.06,-84.82,-84.82,0,10.62
566945,446,446.07,-85.06,-85.06,0,10.62
566950,448,447.95,-85.2,-85.06,0,10.62
566955,446,445.92,-85.21,-85.06,0,10.62
566960,447,447.03,-85.07,-85.06,0,10.62
566965,447,447.08,-84.75,-84.75,0,10.62
566970,444,443.98,-84.21,-84.21,0,10.62
566975,449,448.91,-83.43,-83.43,0,10.62
566980,448,448.01,-82.36,-82.36,0,10.62
566985,443,443.09,-80.97,-80.97,0,10.62
566990,448,448.0,-79.22,-79.22,0,10.62
566995,448,447.92,-77.08,-77.08,0,10.62
567000,448,447.99,-74.49,-74.49,0,10.62
567005,448,448.07,-71.44,-71.44,0,10.62
567010,448,448.01,-67.87,-67.87,0,10.62
567015,447,446.94,-63.76,-63.76,0,10.62
567020,447,446.98,-59.06,-59.06,0,10.62
567025,448,448.05,-53.76,-53.76,0,10.62
567030,446,446.03,-47.82,-47.82,0,10.62
567035,446,445.95,-41.23,-41.23,0,10.62
567040,447,446.96,-33.97,-33.97,0,10.62
567045,447,447.04,-26.05,-26.05,0,10.62
567050,448,448.04,-17.47,-17.47,0,10.62
567055,448,447.96,-8.23,-8.23,0,10.62
567060,454,453.96,1.62,1.62,0,10.62
567065,463,463.04,12.05,12.05,0,10.62
567070,473,473.06,23.02,23.02,0,10.62
567075,485,484.95,34.44,34.44,0,10.62
567080,503,502.94,46.26,46.26,0,10.62
567085,522,522.06,58.36,58.36,0,10.62
567090,543,543.07,70.66,70.66,0,10.62
567095,568,567.94,83.05,83.05,0,10.62
567100,593,592.92,95.4,95.4,0,10.62
567105,615,615.07,107.59,107.59,0,10.62
567110,643,643.08,119.5,119.5,0,10.62
567115,666,665.93,131.01,131.01,0,10.62
567120,689,688.91,141.99,141.99,0,10.62
567125,706,706.07,152.32,152.32,0,10.62
567130,722,722.09,161.9,161.9,0,10.62
567135,739,738.93,170.64,170.64,0,10.62
567140,752,751.91,178.43,178.43,0,10.62
567145,761,761.07,185.2,185.2,0,10.62
567150,767,767.09,190.91,190.91,0,10.62
567155,768,767.93,195.49,195.49,0,10.62
567160,770,769.91,198.92,198.92,0,10.62
567165,767,767.07,201.17,200.98,0,10.62
567170,763,763.08,202.26,200.98,0,10.62
567175,758,757.92,202.19,200.98,0,10.62
567180,749,748.92,200.98,200.98,0,10.62
567185,741,741.08,198.67,198.67,0,10.62
567190,730,730.07,195.31,195.31,0,10.62
567195,719,718.92,190.95,190.95,0,10.62
567200,705,704.93,185.67,185.67,0,10.62
567205,695,695.08,179.53,179.53,0,10.62
567210,683,683.08,172.6,172.6,0,10.62
567215,669,668.91,164.98,164.98,0,10.62
567220,658,657.92,156.73,156.73,0,10.62
567225,647,647.09,147.95,147.95,0,10.62
567230,639,639.09,138.73,138.73,0,10.62
567235,626,625.9,129.13,129.13,0,10.62
567240,617,616.9,119.26,119.26,0,10.62
567245,605,605.11,109.18,109.18,0,10.62
567250,595,595.11,98.99,98.99,0,10.62
567255,584,583.89,88.75,88.75,0,10.62
567260,576,575.88,78.53,78.53,0,10.62
567265,568,568.12,68.42,68.42,0,10.62
567270,559,559.13,58.47,58.47,0,10.62
567275,548,547.86,48.74,48.74,0,10.62
567280,537,536.85,39.29,39.29,0,10.62
567285,527,527.15,30.18,30.18,0,10.62
567290,519,519.16,21.46,21.46,0,10.62
567295,511,510.84,13.15,13.15,0,10.62
567300,502,501.82,5.31,5.31,0,10.62
567305,493,493.17,-2.04,-2.04,0,10.62
567310,488,488.2,-8.87,-8.87,0,10.62
567315,481,480.82,-15.16,-15.16,0,10.62
567320,475,474.78,-20.9,-20.9,0,10.62
567325,471,471.19,-26.08,-26.08,0,10.62
567330,447,447.23,-30.7,-30.7,0,10.62
567335,466,465.81,-34.77,-34.77,0,10.62
567340,462,461.78,-38.3,-38.3,0,10.62
567345,461,461.2,-41.31,-41.31,0,10.62
567350,464,464.19,-43.82,-43.82,0,10.62
567355,463,462.8,-45.85,-45.85,0,10.62
567360,463,462.83,-47.45,-47.45,0,10.62
567365,463,463.2,-48.65,-48.65,0,10.62
567370,465,465.14,-49.48,-49.48,0,10.62
567375,468,467.8,-49.98,-49.94,0,10.62
567380,469,468.88,-50.2,-49.94,0,10.62
567385,473,473.19,-50.17,-49.94,0,10.62
567390,475,475.1,-49.94,-49.94,0,10.62
567395,477,476.81,-49.55,-49.55,0,10.62
567400,479,478.92,-49.05,-49.05,0,10.62
567405,483,483.2,-48.46,-48.46,0,10.62
567410,482,482.06,-47.82,-47.82,0,10.62
567415,486,485.8,-47.17,-47.17,0,10.62
567420,484,483.96,-46.54,-46.54,0,10.62
567425,483,483.2,-45.96,-45.96,0,10.62
567430,488,488.03,-45.45,-45.45,0,10.62
567435,483,482.8,-45.02,-45.02,0,10.62
567440,483,482.98,-44.7,-44.7,0,10.62
567445,482,482.2,-44.51,-44.7,0,10.62
567450,480,480.01,-44.44,-44.7,0,10.62
567455,480,479.8,-44.5,-44.7,0,10.62
567460,477,477.0,-44.71,-44.71,0,10.62
567465,476,476.2,-45.05,-45.05,0,10.62
567470,475,474.99,-45.54,-45.54,0,10.62
567475,471,470.8,-46.16,-46.16,0,10.62
567480,468,468.02,-46.9,-46.9,0,10.62
567485,466,466.2,-47.77,-47.77,0,10.62
567490,464,463.98,-48.74,-48.74,0,10.62
567495,462,461.8,-49.82,-49.82,0,10.62
567500,459,459.02,-50.98,-50.98,0,10.62
567505,458,458.2,-52.22,-52.22,0,10.62
567510,456,455.98,-53.52,-53.52,0,10.62
567515,451,450.8,-54.87,-54.87,0,10.62
567520,448,448.02,-56.26,-56.26,0,10.62
567525,449,449.21,-57.68,-57.68,0,10.62
567530,443,442.98,-59.11,-59.11,0,10.62
567535,445,444.78,-60.55,-60.55,0,10.62
567540,441,441.02,-61.99,-61.99,0,10.62
567545,441,441.23,-63.41,-63.41,0,10.62
567550,439,438.99,-64.81,-64.81,0,10.62
567555,439,438.76,-66.19,-66.19,0,10.62
567560,438,438.01,-67.54,-67.54,0,10.62
567565,436,436.25,-68.86,-68.86,0,10.62
567570,438,437.99,-70.14,-70.14,0,10.62
567575,437,436.74,-71.39,-71.39,0,10.62
567580,437,437.01,-72.6,-72.6,0,10.62
567585,435,435.26,-73.78,-73.78,0,10.62
567590,438,437.99,-74.91,-74.91,0,10.62
567595,436,435.73,-76.01,-76.01,0,10.62
567600,434,434.0,-77.08,-77.08,0,10.62
567605,435,435.27,-78.11,-78.11,0,10.62
567610,433,433.01,-79.1,-79.1,0,10.62
567615,436,435.73,-80.06,-80.06,0,10.62
567620,436,435.98,-80.99,-80.99,0,10.62
567625,437,437.28,-81.88,-81.88,0,10.62
567630,436,436.02,-82.73,-82.73,0,10.62
567635,439,438.72,-83.54,-83.54,0,10.62
567640,438,437.98,-84.31,-84.31,0,10.62
567645,440,440.29,-85.02,-85.02,0,10.62
567650,441,441.03,-85.68,-85.68,0,10.62
567655,440,439.71,-86.26,-86.26,0,10.62
567660,440,439.96,-86.76,-86.76,0,10.62
567665,441,441.3,-87.16,-87.16,0,10.62
567670,443,443.04,-87.45,-87.41,0,10.62
567675,442,441.69,-87.6,-87.41,0,10.62
567680,445,444.94,-87.6,-87.41,0,10.62
567685,445,445.32,-87.41,-87.41,0,10.62
567690,444,444.06,-87.02,-87.02,0,10.62
567695,444,443.67,-86.39,-86.39,0,10.62
567700,448,447.93,-85.5,-85.5,0,10.62
567705,445,445.35,-84.3,-84.3,0,10.62
567710,445,445.07,-82.77,-82.77,0,10.62
567715,446,445.63,-80.87,-80.87,0,10.62
567720,445,444.93,-78.56,-78.56,0,10.62
567725,446,446.38,-75.81,-75.81,0,10.62
567730,448,448.07,-72.59,-72.59,0,10.62
567735,448,447.6,-68.85,-68.85,0,10.62
567740,445,444.93,-64.56,-64.56,0,10.62
567745,446,446.42,-59.71,-59.71,0,10.62
567750,446,446.08,-54.25,-54.25,0,10.62
567755,444,443.57,-48.17,-48.17,0,10.62
567760,445,444.91,-41.45,-41.45,0,10.62
567765,445,445.45,-34.09,-34.09,0,10.62
567770,444,444.1,-26.09,-26.09,0,10.62
567775,464,463.54,-17.44,-17.44,0,10.62
567780,451,450.89,-8.18,-8.18,0,10.62
567785,455,455.45,1.66,1.66,0,10.62
567790,462,462.12,12.06,12.06,0,10.62
567795,473,472.57,22.95,22.95,0,10.62
567800,485,484.88,34.26,34.26,0,10.62
567805,504,504.41,45.93,45.93,0,10.62
567810,523,523.13,57.86,57.86,0,10.62
567815,545,544.61,69.94,69.94,0,10.62
567820,568,567.87,82.07,82.07,0,10.62
567825,592,592.37,94.13,94.13,0,10.62
567830,617,617.14,106.0,106.0,0,10.62
567835,642,641.65,117.56,117.56,0,10.62
567840,663,662.85,128.68,128.68,0,10.62
567845,685,685.33,139.24,139.24,0,10.62
567850,705,705.16,149.14,149.14,0,10.62
567855,722,721.68,158.26,158.26,0,10.62
567860,738,737.82,166.52,166.52,0,10.62
567865,746,746.29,173.81,173.81,0,10.62
567870,755,755.18,180.08,180.08,0,10.62
567875,760,759.73,185.27,185.27,0,10.62
567880,763,762.8,189.33,189.33,0,10.62
567885,763,763.25,192.24,192.24,0,10.62
567890,760,760.2,193.98,192.3,0,10.62
567895,755,754.76,194.56,192.3,0,10.62
567900,747,746.79,193.99,192.3,0,10.62
567905,740,740.22,192.3,192.3,0,10.62
567910,730,730.23,189.53,189.53,0,10.62
567915,721,720.8,185.73,185.73,0,10.62
567920,705,704.76,180.96,180.96,0,10.62
567925,694,694.18,175.29,175.29,0,10.62
567930,686,686.26,168.78,168.78,0,10.62
567935,671,670.85,161.53,161.53,0,10.62
567940,660,659.71,153.6,153.6,0,10.62
567945,648,648.13,145.1,145.1,0,10.62
567950,635,635.32,136.09,136.09,0,10.62
567955,625,624.89,126.68,126.68,0,10.62
567960,614,613.65,116.94,116.94,0,10.62
567965,602,602.09,106.95,106.95,0,10.62
567970,592,592.37,96.81,96.81,0,10.62
567975,582,581.94,86.59,86.59,0,10.62
567980,573,572.6,76.37,76.37,0,10.62
567985,563,563.04,66.22,66.22,0,10.62
567990,553,553.42,56.2,56.2,0,10.62
567995,543,542.98,46.4,46.4,0,10.62
568000,534,533.55,36.85,36.85,0,10.62
568005,525,524.99,27.63,27.63,0,10.62
568010,514,514.48,18.78,18.78,0,10.62
568015,499,499.02,10.35,10.35,0,10.62
568020,515,514.51,2.37,2.37,0,10.62
568025,490,489.97,-5.12,-5.12,0,10.62
568030,479,479.48,-12.09,-12.09,0,10.62
568035,474,474.03,-18.52,-18.52,0,10.62
568040,469,468.54,-24.39,-24.39,0,10.62
568045,466,465.98,-29.69,-29.69,0,10.62
568050,460,460.43,-34.43,-34.43,0,10.62
568055,457,457.01,-38.6,-38.6,0,10.62
568060,455,454.6,-42.21,-42.21,0,10.62
568065,454,454.0,-45.28,-45.28,0,10.62
568070,455,455.38,-47.82,-47.82,0,10.62
568075,455,454.99,-49.88,-49.88,0,10.62
568080,456,455.64,-51.47,-51.47,0,10.62
568085,457,457.01,-52.63,-52.63,0,10.62
568090,460,460.34,-53.39,-53.39,0,10.62
568095,462,461.98,-53.81,-53.39,0,10.62
568100,464,463.67,-53.91,-53.39,0,10.62
568105,466,466.03,-53.75,-53.39,0,10.62
568110,469,469.31,-53.36,-53.36,0,10.62
568115,471,470.97,-52.79,-52.79,0,10.62
568120,475,474.7,-52.08,-52.08,0,10.62
568125,477,477.04,-51.28,-51.28,0,10.62
568130,479,479.28,-50.42,-50.42,0,10.62
568135,482,481.95,-49.54,-49.54,0,10.62
568140,483,482.74,-48.67,-48.67,0,10.62
568145,484,484.05,-47.85,-47.85,0,10.62
568150,485,485.25,-47.1,-47.1,0,10.62
568155,487,486.94,-46.44,-46.44,0,10.62
568160,482,481.76,-45.9,-45.9,0,10.62
568165,482,482.05,-45.49,-45.49,0,10.62
568170,481,481.23,-45.23,-45.35,0,10.62
568175,478,477.95,-45.11,-45.35,0,10.62
568180,477,476.78,-45.15,-45.35,0,10.62
568185,470,470.05,-45.35,-45.35,0,10.62
568190,474,474.21,-45.7,-45.7,0,10.62
568195,468,467.96,-46.21,-46.21,0,10.62
568200,469,468.79,-46.87,-46.87,0,10.62
568205,467,467.03,-47.68,-47.68,0,10.62
568210,464,464.21,-48.62,-48.62,0,10.62
568215,462,461.97,-49.68,-49.68,0,10.62
568220,462,461.8,-50.86,-50.86,0,10.62
568225,456,456.02,-52.14,-52.14,0,10.62
568230,454,454.19,-53.51,-53.51,0,10.62
568235,450,449.98,-54.96,-54.96,0,10.62
568240,448,447.82,-56.48,-56.48,0,10.62
568245,449,449.02,-58.04,-58.04,0,10.62
568250,447,447.18,-59.65,-59.65,0,10.62
568255,443,442.98,-61.28,-61.28,0,10.62
568260,442,441.82,-62.93,-62.93,0,10.62
568265,442,442.03,-64.59,-64.59,0,10.62
568270,439,439.18,-66.25,-66.25,0,10.62
568275,438,437.97,-67.89,-67.89,0,10.62
568280,437,436.82,-69.51,-69.51,0,10.62
568285,437,437.04,-71.11,-71.11,0,10.62
568290,435,435.18,-72.66,-72.66,0,10.62
568295,436,435.95,-74.18,-74.18,0,10.62
568300,434,433.82,-75.65,-75.65,0,10.62
568305,436,436.06,-77.06,-77.06,0,10.62
568310,435,435.18,-78.41,-78.41,0,10.62
568315,436,435.92,-79.69,-79.69,0,10.62
568320,438,437.82,-80.9,-80.9,0,10.62
568325,434,434.08,-82.03,-82.03,0,10.62
568330,436,436.18,-83.08,-83.08,0,10.62
568335,439,438.91,-84.02,-84.02,0,10.62
568340,437,436.83,-84.86,-84.86,0,10.62
568345,439,439.09,-85.58,-85.58,0,10.62
568350,440,440.17,-86.18,-86.18,0,10.62
568355,441,440.91,-86.62,-86.62,0,10.62
568360,443,442.83,-86.91,-86.62,0,10.62
568365,443,443.09,-87.02,-86.62,0,10.62
568370,445,445.17,-86.93,-86.62,0,10.62
568375,446,445.9,-86.62,-86.62,0,10.62
568380,446,445.83,-86.06,-86.06,0,10.62
568385,447,447.09,-85.23,-85.23,0,10.62
568390,445,445.17,-84.1,-84.1,0,10.62
568395,448,447.91,-82.63,-82.63,0,10.62
568400,446,445.84,-80.81,-80.81,0,10.62
568405,448,448.09,-78.59,-78.59,0,10.62
568410,447,447.16,-75.94,-75.94,0,10.62
568415,448,447.91,-72.84,-72.84,0,10.62
568420,448,447.84,-69.24,-69.24,0,10.62
568425,447,447.09,-65.12,-65.12,0,10.62
568430,446,446.16,-60.46,-60.46,0,10.62
568435,445,444.91,-55.22,-55.22,0,10.62
568440,445,444.84,-49.4,-49.4,0,10.62
568445,446,446.1,-42.97,-42.97,0,10.62
568450,445,445.15,-35.93,-35.93,0,10.62
568455,440,439.9,-28.27,-28.27,0,10.62
568460,447,446.85,-20.01,-20.01,0,10.62
568465,448,448.12,-11.17,-11.17,0,10.62
568470,454,454.15,-1.78,-1.78,0,10.62
568475,462,461.87,8.13,8.13,0,10.62
568480,471,470.85,18.5,18.5,0,10.62
568485,483,483.15,29.25,29.25,0,10.62
568490,500,500.15,40.32,40.32,0,10.62
568495,524,523.84,51.61,51.61,0,10.62
568500,539,538.85,63.03,63.03,0,10.62
568505,563,563.16,74.47,74.47,0,10.62
568510,587,587.15,85.81,85.81,0,10.62
568515,611,610.84,96.93,96.93,0,10.62
568520,634,633.85,107.73,107.73,0,10.62
568525,655,655.16,118.08,118.08,0,10.62
568530,675,675.15,127.87,127.87,0,10.62
568535,692,691.84,136.99,136.99,0,10.62
568540,707,706.84,145.34,145.34,0,10.62
568545,721,721.16,152.83,152.83,0,10.62
568550,733,733.16,159.39,159.39,0,10.62
568555,739,738.84,164.95,164.95,0,10.62
568560,745,744.82,169.45,169.45,0,10.62
568565,743,743.16,172.87,172.87,0,10.62
568570,744,744.18,175.17,175.17,0,10.62
568575,739,738.84,176.36,175.17,0,10.62
568580,733,732.81,176.43,175.17,0,10.62
568585,727,727.16,175.4,175.17,0,10.62
568590,718,718.2,173.31,173.31,0,10.62
568595,708,707.84,170.21,170.21,0,10.62
568600,700,699.78,166.13,166.13,0,10.62
568605,685,685.16,161.14,161.14,0,10.62
568610,675,675.23,155.31,155.31,0,10.62
568615,663,662.84,148.71,148.71,0,10.62
568620,660,659.77,141.42,141.42,0,10.62
568625,639,639.16,133.53,133.53,0,10.62
568630,630,630.22,125.11,125.11,0,10.62
568635,616,615.85,116.26,116.26,0,10.62
568640,605,604.79,107.05,107.05,0,10.62
568645,596,596.15,97.57,97.57,0,10.62
568650,585,585.21,87.92,87.92,0,10.62
568655,576,575.84,78.16,78.16,0,10.62
568660,566,565.8,68.38,68.38,0,10.62
568665,557,557.16,58.65,58.65,0,10.62
568670,547,547.19,49.05,49.05,0,10.62
568675,538,537.84,39.64,39.64,0,10.62
568680,528,527.81,30.48,30.48,0,10.62
568685,519,519.16,21.65,21.65,0,10.62
568690,510,510.18,13.18,13.18,0,10.62
568695,498,497.83,5.13,5.13,0,10.62
568700,491,490.82,-2.45,-2.45,0,10.62
568705,483,483.18,-9.54,-9.54,0,10.62
568710,475,475.18,-16.09,-16.09,0,10.62
568715,469,468.81,-22.09,-22.09,0,10.62
568720,462,461.82,-27.52,-27.52,0,10.62
568725,457,457.2,-32.37,-32.37,0,10.62
568730,453,453.18,-36.64,-36.64,0,10.62
568735,454,453.8,-40.34,-40.34,0,10.62
568740,453,452.82,-43.47,-43.47,0,10.62
568745,453,453.21,-46.05,-46.05,0,10.62
568750,453,453.17,-48.11,-48.11,0,10.62
568755,451,450.78,-49.68,-49.68,0,10.62
568760,456,455.83,-50.79,-50.79,0,10.62
568765,458,458.23,-51.49,-51.49,0,10.62
568770,460,460.16,-51.8,-51.49,0,10.62
568775,465,464.75,-51.79,-51.49,0,10.62
568780,468,467.84,-51.5,-51.49,0,10.62
568785,472,472.27,-50.97,-50.97,0,10.62
568790,474,474.15,-50.25,-50.25,0,10.62
568795,479,478.72,-49.39,-49.39,0,10.62
568800,480,479.86,-48.44,-48.44,0,10.62
568805,482,482.3,-47.44,-47.44,0,10.62
568810,488,488.14,-46.44,-46.44,0,10.62
568815,495,494.69,-45.47,-45.47,0,10.62
568820,489,488.86,-44.56,-44.56,0,10.62
568825,489,489.31,-43.76,-43.76,0,10.62
568830,490,490.14,-43.09,-43.09,0,10.62
568835,489,488.7,-42.56,-42.56,0,10.62
568840,488,487.86,-42.2,-42.26,0,10.62
568845,485,485.29,-42.03,-42.26,0,10.62
568850,484,484.14,-42.04,-42.26,0,10.62
568855,483,482.72,-42.26,-42.26,0,10.62
568860,480,479.85,-42.68,-42.68,0,10.62
568865,478,478.27,-43.3,-43.3,0,10.62
568870,476,476.15,-44.12,-44.12,0,10.62
568875,473,472.74,-45.13,-45.13,0,10.62
568880,470,469.85,-46.32,-46.32,0,10.62
568885,465,465.25,-47.69,-47.69,0,10.62
568890,462,462.16,-49.21,-49.21,0,10.62
568895,462,461.76,-50.88,-50.88,0,10.62
568900,459,458.84,-52.68,-52.68,0,10.62
568905,454,454.22,-54.59,-54.59,0,10.62
568910,451,451.15,-56.6,-56.6,0,10.62
568915,446,445.79,-58.69,-58.69,0,10.62
568920,448,447.85,-60.84,-60.84,0,10.62
568925,445,445.2,-63.03,-63.03,0,10.62
568930,442,442.14,-65.25,-65.25,0,10.62
568935,441,440.81,-67.48,-67.48,0,10.62
568940,440,439.87,-69.7,-69.7,0,10.62
568945,438,438.19,-71.9,-71.9,0,10.62
568950,438,438.12,-74.06,-74.06,0,10.62
568955,439,438.82,-76.17,-76.17,0,10.62
568960,437,436.89,-78.2,-78.2,0,10.62
568965,437,437.17,-80.15,-80.15,0,10.62
568970,437,437.1,-81.99,-81.99,0,10.62
568975,439,438.85,-83.72,-83.72,0,10.62
568980,436,435.9,-85.3,-85.3,0,10.62
568985,437,437.14,-86.73,-86.73,0,10.62
568990,439,439.09,-87.98,-87.98,0,10.62
568995,437,436.88,-89.03,-89.03,0,10.62
569000,439,438.91,-89.86,-89.86,0,10.62
569005,440,440.11,-90.45,-90.45,0,10.62
569010,440,440.09,-90.77,-90.45,0,10.62
569015,440,439.9,-90.8,-90.45,0,10.62
569020,439,438.91,-90.5,-90.45,0,10.62
569025,442,442.09,-89.85,-89.85,0,10.62
569030,441,441.09,-88.82,-88.82,0,10.62
569035,440,439.91,-87.38,-87.38,0,10.62
569040,442,441.91,-85.49,-85.49,0,10.62
569045,441,441.08,-83.13,-83.13,0,10.62
569050,442,442.1,-80.27,-80.27,0,10.62
569055,442,441.92,-76.88,-76.88,0,10.62
569060,442,441.9,-72.92,-72.92,0,10.62
569065,442,442.07,-68.38,-68.38,0,10.62
569070,443,443.11,-63.23,-63.23,0,10.62
569075,442,441.93,-57.46,-57.46,0,10.62
569080,441,440.89,-51.05,-51.05,0,10.62
569085,440,440.06,-44.01,-44.01,0,10.62
569090,440,440.12,-36.32,-36.32,0,10.62
569095,441,440.94,-27.99,-27.99,0,10.62
569100,445,444.88,-19.06,-19.06,0,10.62
569105,449,449.06,-9.55,-9.55,0,10.62
569110,458,458.13,0.5,0.5,0,10.62
569115,467,466.95,11.03,11.03,0,10.62
569120,478,477.86,21.98,21.98,0,10.62
569125,493,493.04,33.28,33.28,0,10.62
569130,512,512.15,44.82,44.82,0,10.62
569135,534,533.97,56.52,56.52,0,10.62
569140,556,555.84,68.26,68.26,0,10.62
569145,580,580.02,79.93,79.93,0,10.62
569150,604,604.17,91.41,91.41,0,10.62
569155,626,625.99,102.59,102.59,0,10.62
569160,654,653.81,113.33,113.33,0,10.62
569165,671,671.0,123.53,123.53,0,10.62
569170,691,691.19,133.07,133.07,0,10.62
569175,706,706.0,141.85,141.85,0,10.62
569180,719,718.8,149.77,149.77,0,10.62
569185,728,727.99,156.76,156.76,0,10.62
569190,739,739.2,162.75,162.75,0,10.62
569195,742,742.02,167.68,167.68,0,10.62
569200,745,744.78,171.5,171.5,0,10.62
569205,747,746.96,174.2,174.2,0,10.62
569210,744,744.23,175.76,174.2,0,10.62
569215,739,739.04,176.18,174.2,0,10.62
569220,733,732.76,175.48,174.2,0,10.62
569225,724,723.95,173.68,173.68,0,10.62
569230,713,713.26,170.84,170.84,0,10.62
569235,698,698.05,166.99,166.99,0,10.62
569240,692,691.73,162.2,162.2,0,10.62
569245,679,678.95,156.53,156.53,0,10.62
569250,669,669.28,150.07,150.07,0,10.62
569255,656,656.04,142.88,142.88,0,10.62
569260,644,643.7,135.05,135.05,0,10.62
569265,633,632.96,126.66,126.66,0,10.62
569270,622,622.32,117.81,117.81,0,10.62
569275,610,610.03,108.57,108.57,0,10.62
569280,601,600.66,99.03,99.03,0,10.62
569285,590,589.98,89.28,89.28,0,10.62
569290,579,579.35,79.4,79.4,0,10.62
569295,569,569.02,69.47,69.47,0,10.62
569300,561,560.63,59.57,59.57,0,10.62
569305,550,549.99,49.77,49.77,0,10.62
569310,539,539.39,40.14,40.14,0,10.62
569315,528,528.0,30.75,30.75,0,10.62
569320,519,518.6,21.67,21.67,0,10.62
569325,511,511.02,12.94,12.94,0,10.62
569330,500,500.42,4.62,4.62,0,10.62
569335,488,487.96,-3.25,-3.25,0,10.62
569340,482,481.57,-10.63,-10.63,0,10.62
569345,475,475.06,-17.49,-17.49,0,10.62
569350,468,468.45,-23.8,-23.8,0,10.62
569355,463,462.91,-29.55,-29.55,0,10.62
569360,460,459.53,-34.72,-34.72,0,10.62
569365,455,455.12,-39.31,-39.31,0,10.62
569370,451,451.49,-43.33,-43.33,0,10.62
569375,450,449.86,-46.79,-46.79,0,10.62
569380,450,449.49,-49.7,-49.7,0,10.62
569385,450,450.17,-52.09,-52.09,0,10.62
569390,450,450.52,-53.99,-53.99,0,10.62
569395,454,453.8,-55.43,-55.43,0,10.62
569400,456,455.46,-56.45,-56.45,0,10.62
569405,458,458.23,-57.09,-57.09,0,10.62
569410,461,461.55,-57.4,-57.09,0,10.62
569415,465,464.74,-57.41,-57.09,0,10.62
569420,467,466.43,-57.19,-57.09,0,10.62
569425,470,470.28,-56.77,-56.77,0,10.62
569430,475,475.59,-56.2,-56.2,0,10.62
569435,494,493.7,-55.53,-55.53,0,10.62
569440,478,477.39,-54.8,-54.8,0,10.62
569445,481,481.29,-54.05,-54.05,0,10.62
569450,462,462.62,-53.31,-53.31,0,10.62
569455,482,481.73,-52.62,-52.62,0,10.62
569460,482,481.39,-52.01,-52.01,0,10.62
569465,483,483.25,-51.51,-51.51,0,10.62
569470,482,482.59,-51.13,-51.13,0,10.62
569475,481,480.77,-50.91,-51.13,0,10.62
569480,480,479.43,-50.84,-51.13,0,10.62
569485,477,477.22,-50.96,-51.13,0,10.62
569490,475,475.55,-51.25,-51.25,0,10.62
569495,474,473.8,-51.74,-51.74,0,10.62
569500,471,470.47,-52.41,-52.41,0,10.62
569505,467,467.18,-53.26,-53.26,0,10.62
569510,465,465.51,-54.3,-54.3,0,10.62
569515,461,460.84,-55.51,-55.51,0,10.62
569520,459,458.51,-56.89,-56.89,0,10.62
569525,457,457.14,-58.41,-58.41,0,10.62
569530,453,453.47,-60.08,-60.08,0,10.62
569535,449,448.87,-61.87,-61.87,0,10.62
569540,448,447.54,-63.77,-63.77,0,10.62
569545,445,445.12,-65.77,-65.77,0,10.62
569550,442,442.44,-67.85,-67.85,0,10.62
569555,442,441.89,-69.99,-69.99,0,10.62
569560,438,437.58,-72.17,-72.17,0,10.62
569565,446,446.1,-74.38,-74.38,0,10.62
569570,436,436.41,-76.6,-76.6,0,10.62
569575,435,434.89,-78.82,-78.82,0,10.62
569580,432,431.6,-81.01,-81.01,0,10.62
569585,434,434.12,-83.16,-83.16,0,10.62
569590,433,433.39,-85.24,-85.24,0,10.62
569595,430,429.87,-87.24,-87.24,0,10.62
569600,432,431.61,-89.14,-89.14,0,10.62
569605,429,429.15,-90.92,-90.92,0,10.62
569610,432,432.39,-92.56,-92.56,0,10.62
569615,433,432.84,-94.02,-94.02,0,10.62
569620,432,431.61,-95.31,-95.31,0,10.62
569625,434,434.17,-96.37,-96.37,0,10.62
569630,433,433.39,-97.21,-97.21,0,10.62
569635,432,431.81,-97.77,-97.61,0,10.62
569640,434,433.61,-98.05,-97.61,0,10.62
569645,435,435.21,-98.0,-97.61,0,10.62
569650,433,433.39,-97.61,-97.61,0,10.62
569655,436,435.77,-96.82,-96.82,0,10.62
569660,436,435.61,-95.63,-95.63,0,10.62
569665,436,436.25,-93.98,-93.98,0,10.62
569670,437,437.39,-91.86,-91.86,0,10.62
569675,437,436.73,-89.21,-89.21,0,10.62
569680,438,437.61,-86.03,-86.03,0,10.62
569685,439,439.29,-82.26,-82.26,0,10.62
569690,437,437.39,-77.89,-77.89,0,10.62
569695,438,437.69,-72.89,-72.89,0,10.62
569700,437,436.61,-67.23,-67.23,0,10.62
569705,437,437.34,-60.91,-60.91,0,10.62
569710,437,437.4,-53.89,-53.89,0,10.62
569715,454,453.65,-46.19,-46.19,0,10.62
569720,438,437.6,-37.81,-37.81,0,10.62
569725,439,439.34,-28.74,-28.74,0,10.62
569730,442,442.4,-19.02,-19.02,0,10.62
569735,450,449.68,-8.68,-8.68,0,10.62
569740,453,452.6,2.24,2.24,0,10.62
569745,467,467.3,13.69,13.69,0,10.62
569750,481,481.42,25.59,25.59,0,10.62
569755,500,499.73,37.86,37.86,0,10.62
569760,519,518.57,50.41,50.41,0,10.62
569765,543,543.25,63.13,63.13,0,10.62
569770,566,566.44,75.9,75.9,0,10.62
569775,593,592.78,88.62,88.62,0,10.62
569780,617,616.54,101.16,101.16,0,10.62
569785,643,643.2,113.38,113.38,0,10.62
569790,665,665.47,125.17,125.17,0,10.62
569795,688,687.82,136.39,136.39,0,10.62
569800,707,706.51,146.95,146.95,0,10.62
569805,724,724.15,156.73,156.73,0,10.62
569810,739,739.51,165.63,165.63,0,10.62
569815,749,748.87,173.57,173.57,0,10.62
569820,774,773.48,180.47,180.47,0,10.62
569825,759,759.1,186.28,186.28,0,10.62
569830,762,762.5,190.96,190.96,0,10.62
569835,762,761.92,194.47,194.47,0,10.62
569840,761,760.52,196.81,196.81,0,10.62
569845,758,758.05,197.97,196.81,0,10.62
569850,751,751.45,197.96,196.81,0,10.62
569855,743,742.97,196.83,196.81,0,10.62
569860,734,733.58,194.58,194.58,0,10.62
569865,725,725.01,191.29,191.29,0,10.62
569870,717,717.4,186.99,186.99,0,10.62
569875,703,703.01,181.76,181.76,0,10.62
569880,694,693.61,175.65,175.65,0,10.62
569885,683,682.97,168.75,168.75,0,10.62
569890,670,670.37,161.13,161.13,0,10.62
569895,660,660.05,152.87,152.87,0,10.62
569900,649,648.65,144.06,144.06,0,10.62
569905,641,640.94,134.76,134.76,0,10.62
569910,626,626.34,125.08,125.08,0,10.62
569915,616,616.07,115.08,115.08,0,10.62
569920,607,606.68,104.85,104.85,0,10.62
569925,597,596.92,94.46,94.46,0,10.62
569930,587,587.3,84.0,84.0,0,10.62
569935,580,580.08,73.53,73.53,0,10.62
569940,570,569.72,63.13,63.13,0,10.62
569945,559,558.9,52.86,52.86,0,10.62
569950,548,548.25,42.79,42.79,0,10.62
569955,543,543.11,32.97,32.97,0,10.62
569960,526,525.77,23.46,23.46,0,10.62
569965,516,515.87,14.32,14.32,0,10.62
569970,505,505.21,5.6,5.6,0,10.62
569975,492,492.16,-2.67,-2.67,0,10.62
569980,485,484.81,-10.45,-10.45,0,10.62
569985,477,476.82,-17.71,-17.71,0,10.62
569990,469,469.17,-24.43,-24.43,0,10.62
569995,463,463.2,-30.58,-30.58,0,10.62
570000,458,457.85,-36.17,-36.17,0,10.62
570005,454,453.79,-41.18,-41.18,0,10.62
570010,451,451.13,-45.62,-45.62,0,10.62
570015,448,448.23,-49.52,-49.52,0,10.62
570020,448,447.89,-52.87,-52.87,0,10.62
570025,449,448.75,-55.71,-55.71,0,10.62
570030,449,449.1,-58.07,-58.07,0,10.62
570035,452,452.27,-59.97,-59.97,0,10.62
570040,451,450.92,-61.47,-61.47,0,10.62
570045,457,456.72,-62.59,-62.59,0,10.62
570050,458,458.06,-63.38,-63.38,0,10.62
570055,460,460.3,-63.89,-63.89,0,10.62
570060,463,462.95,-64.15,-63.96,0,10.62
570065,467,466.69,-64.22,-63.96,0,10.62
570070,468,468.04,-64.15,-63.96,0,10.62
570075,473,473.33,-63.96,-63.96,0,10.62
570080,472,471.97,-63.7,-63.7,0,10.62
570085,472,471.65,-63.41,-63.41,0,10.62
570090,472,472.01,-63.13,-63.13,0,10.62
570095,473,473.37,-62.87,-62.87,0,10.62
570100,472,472.0,-62.67,-62.67,0,10.62
570105,473,472.6,-62.56,-62.67,0,10.62
570110,471,470.99,-62.55,-62.67,0,10.62
570115,471,471.42,-62.65,-62.67,0,10.62
570120,466,466.03,-62.87,-62.87,0,10.62
570125,465,464.55,-63.24,-63.24,0,10.62
570130,461,460.96,-63.73,-63.73,0,10.62
570135,458,458.48,-64.37,-64.37,0,10.62
570140,458,458.05,-65.14,-65.14,0,10.62
570145,453,452.5,-66.05,-66.05,0,10.62
570150,449,448.93,-67.07,-67.07,0,10.62
570155,445,445.53,-68.22,-68.22,0,10.62
570160,443,443.09,-69.47,-69.47,0,10.62
570165,440,439.44,-70.82,-70.82,0,10.62
570170,436,435.89,-72.25,-72.25,0,10.62
570175,437,437.59,-73.75,-73.75,0,10.62
570180,431,431.13,-75.32,-75.32,0,10.62
570185,431,430.38,-76.93,-76.93,0,10.62
570190,430,429.85,-78.59,-78.59,0,10.62
570195,427,427.66,-80.27,-80.27,0,10.62
570200,427,427.17,-81.97,-81.97,0,10.62
570205,427,426.3,-83.68,-83.68,0,10.62
570210,426,425.81,-85.39,-85.39,0,10.62
570215,424,424.73,-87.09,-87.09,0,10.62
570220,423,423.21,-88.77,-88.77,0,10.62
570225,423,422.23,-90.42,-90.42,0,10.62
570230,423,422.78,-92.04,-92.04,0,10.62
570235,421,421.81,-93.61,-93.61,0,10.62
570240,419,419.24,-95.12,-95.12,0,10.62
570245,439,438.17,-96.57,-96.57,0,10.62
570250,423,422.75,-97.95,-97.95,0,10.62
570255,421,421.84,-99.24,-99.24,0,10.62
570260,424,424.25,-100.43,-100.43,0,10.62
570265,427,426.17,-101.51,-101.51,0,10.62
570270,424,423.74,-102.45,-102.45,0,10.62
570275,427,427.82,-103.25,-103.25,0,10.62
570280,428,428.28,-103.87,-103.87,0,10.62
570285,427,426.19,-104.3,-104.2,0,10.62
570290,431,430.71,-104.52,-104.2,0,10.62
570295,430,430.8,-104.5,-104.2,0,10.62
570300,430,430.3,-104.2,-104.2,0,10.62
570305,432,431.2,-103.61,-103.61,0,10.62
570310,435,434.69,-102.69,-102.69,0,10.62
570315,433,433.8,-101.4,-101.4,0,10.62
570320,433,433.32,-99.71,-99.71,0,10.62
570325,432,431.2,-97.59,-97.59,0,10.62
570330,432,431.68,-94.99,-94.99,0,10.62
570335,435,435.81,-91.88,-91.88,0,10.62
570340,433,433.33,-88.23,-88.23,0,10.62
570345,432,431.18,-83.99,-83.99,0,10.62
570350,433,432.66,-79.14,-79.14,0,10.62
570355,429,429.84,-73.65,-73.65,0,10.62
570360,431,431.34,-67.49,-67.49,0,10.62
570365,448,447.16,-60.65,-60.65,0,10.62
570370,431,430.65,-53.11,-53.11,0,10.62
570375,430,430.82,-44.87,-44.87,0,10.62
570380,432,432.36,-35.93,-35.93,0,10.62
570385,437,436.22,-26.29,-26.29,0,10.62
570390,438,437.63,-16.0,-16.0,0,10.62
570395,449,449.75,-5.07,-5.07,0,10.62
570400,456,456.39,6.42,6.42,0,10.62
570405,471,470.28,18.44,18.44,0,10.62
570410,489,488.61,30.89,30.89,0,10.62
570415,509,509.7,43.68,43.68,0,10.62
570420,530,530.41,56.73,56.73,0,10.62
570425,556,555.33,69.91,69.91,0,10.62
570430,582,581.59,83.12,83.12,0,10.62
570435,608,608.65,96.22,96.22,0,10.62
570440,633,633.42,109.09,109.09,0,10.62
570445,660,659.37,121.6,121.6,0,10.62
570450,682,681.57,133.64,133.64,0,10.62
570455,703,703.61,145.08,145.08,0,10.62
570460,722,722.44,155.81,155.81,0,10.62
570465,739,738.4,165.74,165.74,0,10.62
570470,748,747.55,174.76,174.76,0,10.62
570475,758,758.57,182.81,182.81,0,10.62
570480,765,765.46,189.82,189.82,0,10.62
570485,768,767.45,195.73,195.73,0,10.62
570490,769,768.51,200.52,200.52,0,10.62
570495,769,769.53,204.15,204.15,0,10.62
570500,766,766.5,206.63,206.63,0,10.62
570505,760,759.49,207.96,206.63,0,10.62
570510,756,755.47,208.14,206.63,0,10.62
570515,746,746.5,207.22,206.63,0,10.62
570520,721,721.54,205.23,205.23,0,10.62
570525,731,730.52,202.21,202.21,0,10.62
570530,722,721.48,198.22,198.22,0,10.62
570535,711,711.46,193.32,193.32,0,10.62
570540,701,701.49,187.56,187.56,0,10.62
570545,689,688.55,181.02,181.02,0,10.62
570550,681,680.54,173.77,173.77,0,10.62
570555,671,671.44,165.87,165.87,0,10.62
570560,660,660.44,157.42,157.42,0,10.62
570565,651,650.57,148.46,148.46,0,10.62
570570,642,641.59,139.1,139.1,0,10.62
570575,633,633.43,129.38,129.38,0,10.62
570580,625,625.38,119.4,119.4,0,10.62
570585,615,614.58,109.22,109.22,0,10.62
570590,607,606.64,98.91,98.91,0,10.62
570595,596,596.42,88.53,88.53,0,10.62
570600,588,588.33,78.16,78.16,0,10.62
570605,578,577.59,67.86,67.86,0,10.62
570610,568,567.69,57.69,57.69,0,10.62
570615,556,556.41,47.72,47.72,0,10.62
570620,546,546.29,37.98,37.98,0,10.62
570625,533,532.59,28.55,28.55,0,10.62
570630,520,519.73,19.47,19.47,0,10.62
570635,511,511.41,10.79,10.79,0,10.62
570640,500,500.25,2.54,2.54,0,10.62
570645,489,488.59,-5.24,-5.24,0,10.62
570650,480,479.76,-12.51,-12.51,0,10.62
570655,472,472.41,-19.27,-19.27,0,10.62
570660,468,468.23,-25.49,-25.49,0,10.62
570665,470,469.59,-31.16,-31.16,0,10.62
570670,457,456.78,-36.28,-36.28,0,10.62
570675,456,456.39,-40.85,-40.85,0,10.62
570680,453,453.22,-44.89,-44.89,0,10.62
570685,451,450.62,-48.41,-48.41,0,10.62
570690,450,449.78,-51.43,-51.43,0,10.62
570695,451,451.36,-53.97,-53.97,0,10.62
570700,453,453.22,-56.08,-56.08,0,10.62
570705,455,454.65,-57.78,-57.78,0,10.62
570710,457,456.78,-59.11,-59.11,0,10.62
570715,458,458.34,-60.11,-60.11,0,10.62
570720,462,462.22,-60.82,-60.82,0,10.62
570725,464,463.68,-61.3,-61.3,0,10.62
570730,466,465.77,-61.57,-61.57,0,10.62
570735,467,467.31,-61.68,-61.57,0,10.62
570740,470,470.23,-61.67,-61.57,0,10.62
570745,473,472.71,-61.58,-61.57,0,10.62
570750,473,472.76,-61.45,-61.45,0,10.62
570755,473,473.27,-61.3,-61.3,0,10.62
570760,474,474.25,-61.16,-61.16,0,10.62
570765,471,470.75,-61.07,-61.16,0,10.62
570770,471,470.74,-61.03,-61.16,0,10.62
570775,470,470.23,-61.08,-61.16,0,10.62
570780,468,468.27,-61.22,-61.22,0,10.62
570785,466,465.78,-61.46,-61.46,0,10.62
570790,464,463.72,-61.82,-61.82,0,10.62
570795,460,460.2,-62.28,-62.28,0,10.62
570800,456,456.29,-62.86,-62.86,0,10.62
570805,456,455.81,-63.56,-63.56,0,10.62
570810,460,459.71,-64.36,-64.36,0,10.62
570815,450,450.17,-65.27,-65.27,0,10.62
570820,443,443.28,-66.27,-66.27,0,10.62
570825,443,442.85,-67.35,-67.35,0,10.62
570830,439,438.74,-68.51,-68.51,0,10.62
570835,437,437.14,-69.73,-69.73,0,10.62
570840,436,436.24,-71.01,-71.01,0,10.62
570845,434,433.88,-72.33,-72.33,0,10.62
570850,432,431.78,-73.68,-73.68,0,10.62
570855,430,430.1,-75.05,-75.05,0,10.62
570860,429,429.21,-76.44,-76.44,0,10.62
570865,426,425.91,-77.83,-77.83,0,10.62
570870,426,425.81,-79.22,-79.22,0,10.62
570875,424,424.07,-80.61,-80.61,0,10.62
570880,425,425.18,-81.97,-81.97,0,10.62
570885,423,422.94,-83.31,-83.31,0,10.62
570890,423,422.84,-84.63,-84.63,0,10.62
570895,422,422.04,-85.92,-85.92,0,10.62
570900,423,423.15,-87.18,-87.18,0,10.62
570905,422,421.97,-88.4,-88.4,0,10.62
570910,422,421.86,-89.58,-89.58,0,10.62
570915,424,424.01,-90.72,-90.72,0,10.62
570920,423,423.14,-91.81,-91.81,0,10.62
570925,420,420.0,-92.85,-92.85,0,10.62
570930,425,424.87,-93.84,-93.84,0,10.62
570935,427,427.0,-94.76,-94.76,0,10.62
570940,426,426.12,-95.62,-95.62,0,10.62
570945,429,429.0,-96.41,-96.41,0,10.62
570950,429,428.89,-97.11,-97.11,0,10.62
570955,429,429.0,-97.72,-97.72,0,10.62
570960,430,430.1,-98.21,-98.21,0,10.62
570965,430,430.0,-98.58,-98.58,0,10.62
570970,431,430.91,-98.8,-98.58,0,10.62
570975,434,434.0,-98.86,-98.58,0,10.62
570980,434,434.08,-98.72,-98.58,0,10.62
570985,436,436.0,-98.37,-98.37,0,10.62
570990,436,435.92,-97.77,-97.77,0,10.62
570995,437,437.0,-96.9,-96.9,0,10.62
571000,437,437.07,-95.72,-95.72,0,10.62
571005,437,437.0,-94.19,-94.19,0,10.62
571010,436,435.94,-92.27,-92.27,0,10.62
571015,437,437.01,-89.94,-89.94,0,10.62
571020,435,435.05,-87.14,-87.14,0,10.62
571025,438,437.99,-83.85,-83.85,0,10.62
571030,436,435.95,-80.01,-80.01,0,10.62
571035,436,436.01,-75.61,-75.61,0,10.62
571040,437,437.04,-70.6,-70.6,0,10.62
571045,436,435.99,-64.96,-64.96,0,10.62
571050,434,433.96,-58.65,-58.65,0,10.62
571055,435,435.0,-51.66,-51.66,0,10.62
571060,436,436.03,-43.98,-43.98,0,10.62
571065,435,435.0,-35.61,-35.61,0,10.62
571070,437,436.97,-26.54,-26.54,0,10.62
571075,441,441.0,-16.79,-16.79,0,10.62
571080,446,446.04,-6.39,-6.39,0,10.62
571085,453,453.0,4.62,4.62,0,10.62
571090,464,463.96,16.18,16.18,0,10.62
571095,478,478.0,28.24,28.24,0,10.62
571100,496,496.05,40.71,40.71,0,10.62
571105,515,515.0,53.5,53.5,0,10.62
571110,538,537.95,66.51,66.51,0,10.62
571115,562,562.0,79.62,79.62,0,10.62
571120,590,590.06,92.73,92.73,0,10.62
571125,616,616.0,105.69,105.69,0,10.62
571130,642,641.93,118.4,118.4,0,10.62
571135,667,667.0,130.71,130.71,0,10.62
571140,689,689.08,142.51,142.51,0,10.62
571145,710,710.0,153.68,153.68,0,10.62
571150,726,725.91,164.11,164.11,0,10.62
571155,741,741.0,173.7,173.7,0,10.62
571160,751,751.09,182.36,182.36,0,10.62
571165,761,761.0,190.01,190.01,0,10.62
571170,768,767.9,196.6,196.6,0,10.62
571175,770,770.0,202.07,202.07,0,10.62
571180,772,772.11,206.38,206.38,0,10.62
571185,771,771.0,209.53,209.53,0,10.62
571190,764,763.88,211.5,210.49,0,10.62
571195,760,759.99,212.31,210.49,0,10.62
571200,753,753.13,211.96,210.49,0,10.62
571205,747,747.02,210.49,210.49,0,10.62
571210,739,738.86,207.94,207.94,0,10.62
571215,731,730.97,204.35,204.35,0,10.62
571220,717,717.15,199.8,199.8,0,10.62
571225,707,707.03,194.33,194.33,0,10.62
571230,696,695.85,188.01,188.01,0,10.62
571235,685,684.97,180.93,180.93,0,10.62
571240,673,673.16,173.15,173.15,0,10.62
571245,665,665.04,164.75,164.75,0,10.62
571250,655,654.84,155.82,155.82,0,10.62
571255,646,645.96,146.42,146.42,0,10.62
571260,637,637.16,136.64,136.64,0,10.62
571265,626,626.04,126.55,126.55,0,10.62
571270,618,617.83,116.23,116.23,0,10.62
571275,606,605.96,105.76,105.76,0,10.62
571280,597,597.17,95.21,95.21,0,10.62
571285,588,588.05,84.64,84.64,0,10.62
571290,579,578.83,74.14,74.14,0,10.62
571295,568,567.95,63.76,63.76,0,10.62
571300,556,556.17,53.57,53.57,0,10.62
571305,541,541.05,43.63,43.63,0,10.62
571310,533,532.83,33.99,33.99,0,10.62
571315,520,519.95,24.71,24.71,0,10.62
571320,508,508.16,15.84,15.84,0,10.62
571325,498,498.05,7.41,7.41,0,10.62
571330,488,487.84,-0.53,-0.53,0,10.62
571335,480,479.96,-7.96,-7.96,0,10.62
571340,472,472.16,-14.85,-14.85,0,10.62
571345,465,465.04,-21.19,-21.19,0,10.62
571350,461,460.85,-26.97,-26.97,0,10.62
571355,457,456.97,-32.19,-32.19,0,10.62
571360,455,455.15,-36.84,-36.84,0,10.62
571365,453,453.02,-40.96,-40.96,0,10.62
571370,453,452.85,-44.54,-44.54,0,10.62
571375,451,450.98,-47.62,-47.62,0,10.62
571380,453,453.15,-50.22,-50.22,0,10.62
571385,455,455.01,-52.39,-52.39,0,10.62
571390,455,454.86,-54.14,-54.14,0,10.62
571395,458,457.99,-55.53,-55.53,0,10.62
571400,460,460.14,-56.59,-56.59,0,10.62
571405,460,460.01,-57.37,-57.37,0,10.62
571410,464,463.85,-57.91,-57.91,0,10.62
571415,466,466.0,-58.25,-58.25,0,10.62
571420,469,469.15,-58.44,-58.44,0,10.62
571425,470,469.99,-58.52,-58.44,0,10.62
571430,472,471.85,-58.51,-58.44,0,10.62
571435,472,472.01,-58.47,-58.44,0,10.62
571440,470,470.15,-58.42,-58.47,0,10.62
571445,474,473.98,-58.38,-58.47,0,10.62
571450,474,473.85,-58.39,-58.47,0,10.62
571455,472,472.02,-58.47,-58.47,0,10.62
571460,469,469.14,-58.63,-58.63,0,10.62
571465,468,467.98,-58.88,-58.88,0,10.62
571470,464,463.87,-59.24,-59.24,0,10.62
571475,464,464.03,-59.71,-59.71,0,10.62
571480,460,460.13,-60.29,-60.29,0,10.62
571485,457,456.96,-60.98,-60.98,0,10.62
571490,456,455.88,-61.78,-61.78,0,10.62
571495,452,452.04,-62.68,-62.68,0,10.62
571500,451,451.11,-63.67,-63.67,0,10.62
571505,446,445.95,-64.74,-64.74,0,10.62
571510,443,442.89,-65.88,-65.88,0,10.62
571515,443,443.06,-67.08,-67.08,0,10.62
571520,436,436.1,-68.32,-68.32,0,10.62
571525,442,441.93,-69.6,-69.6,0,10.62
571530,430,429.9,-70.89,-70.89,0,10.62
571535,428,428.08,-72.18,-72.18,0,10.62
571540,425,425.09,-73.46,-73.46,0,10.62
571545,426,425.93,-74.72,-74.72,0,10.62
571550,422,421.91,-75.94,-75.94,0,10.62
571555,425,425.06,-77.11,-77.11,0,10.62
571560,421,421.09,-78.24,-78.24,0,10.62
571565,420,419.94,-79.3,-79.3,0,10.62
571570,420,419.92,-80.31,-80.31,0,10.62
571575,418,418.06,-81.24,-81.24,0,10.62
571580,419,419.08,-82.1,-82.1,0,10.62
571585,418,417.94,-82.89,-82.89,0,10.62
571590,417,416.92,-83.62,-83.62,0,10.62
571595,418,418.06,-84.27,-84.27,0,10.62
571600,416,416.08,-84.86,-84.86,0,10.62
571605,418,417.95,-85.39,-85.39,0,10.62
571610,417,416.92,-85.87,-85.87,0,10.62
571615,418,418.05,-86.3,-86.3,0,10.62
571620,418,418.08,-86.69,-86.69,0,10.62
571625,428,427.96,-87.06,-87.06,0,10.62
571630,420,419.92,-87.39,-87.39,0,10.62
571635,423,423.03,-87.72,-87.72,0,10.62
571640,420,420.07,-88.03,-88.03,0,10.62
571645,421,420.99,-88.34,-88.34,0,10.62
571650,423,422.93,-88.66,-88.66,0,10.62
571655,423,422.99,-88.98,-88.98,0,10.62
571660,423,423.06,-89.32,-89.32,0,10.62
571665,423,423.03,-89.67,-89.67,0,10.62
571670,424,423.95,-90.04,-90.04,0,10.62
571675,427,426.96,-90.43,-90.43,0,10.62
571680,426,426.05,-90.84,-90.84,0,10.62
571685,428,428.05,-91.25,-91.25,0,10.62
571690,428,427.96,-91.68,-91.68,0,10.62
571695,428,427.93,-92.1,-92.1,0,10.62
571700,430,430.03,-92.52,-92.52,0,10.62
571705,429,429.08,-92.9,-92.9,0,10.62
571710,430,429.97,-93.25,-93.25,0,10.62
571715,431,430.91,-93.54,-93.54,0,10.62
571720,431,431.03,-93.75,-93.64,0,10.62
571725,433,433.1,-93.85,-93.64,0,10.62
571730,433,432.98,-93.83,-93.64,0,10.62
571735,434,433.88,-93.64,-93.64,0,10.62
571740,434,434.02,-93.26,-93.26,0,10.62
571745,436,436.13,-92.65,-92.65,0,10.62
571750,437,436.99,-91.77,-91.77,0,10.62
571755,437,436.85,-90.6,-90.6,0,10.62
571760,438,438.0,-89.07,-89.07,0,10.62
571765,437,437.17,-87.16,-87.16,0,10.62
571770,438,438.01,-84.81,-84.81,0,10.62
571775,436,435.82,-81.99,-81.99,0,10.62
571780,438,437.99,-78.65,-78.65,0,10.62
571785,437,437.2,-74.74,-74.74,0,10.62
571790,440,440.02,-70.23,-70.23,0,10.62
571795,435,434.78,-65.07,-65.07,0,10.62
571800,436,435.96,-59.23,-59.23,0,10.62
571805,434,434.25,-52.68,-52.68,0,10.62
571810,433,433.05,-45.41,-45.41,0,10.62
571815,434,433.73,-37.38,-37.38,0,10.62
571820,433,432.94,-28.59,-28.59,0,10.62
571825,434,434.29,-19.06,-19.06,0,10.62
571830,439,439.08,-8.78,-8.78,0,10.62
571835,444,443.69,2.2,2.2,0,10.62
571840,454,453.91,13.85,13.85,0,10.62
571845,465,465.33,26.12,26.12,0,10.62
571850,481,481.11,38.93,38.93,0,10.62
571855,499,498.65,52.2,52.2,0,10.62
571860,523,522.89,65.83,65.83,0,10.62
571865,548,548.38,79.71,79.71,0,10.62
571870,575,575.13,93.74,93.74,0,10.62
571875,602,601.59,107.77,107.77,0,10.62
571880,629,628.86,121.68,121.68,0,10.62
571885,657,657.44,135.33,135.33,0,10.62
571890,682,682.16,148.6,148.6,0,10.62
571895,723,722.54,161.36,161.36,0,10.62
571900,727,726.82,173.48,173.48,0,10.62
571905,743,743.45,184.85,184.85,0,10.62
571910,760,760.19,195.37,195.37,0,10.62
571915,775,774.56,204.95,204.95,0,10.62
571920,782,781.79,213.51,213.51,0,10.62
571925,788,788.41,220.98,220.98,0,10.62
571930,792,792.23,227.32,227.32,0,10.62
571935,793,792.61,232.5,232.5,0,10.62
571940,792,791.75,236.5,236.5,0,10.62
571945,786,786.36,239.3,239.3,0,10.62
571950,783,783.26,240.92,239.3,0,10.62
571955,773,772.66,241.37,239.3,0,10.62
571960,777,776.73,240.68,239.3,0,10.62
571965,759,759.32,238.9,238.9,0,10.62
571970,749,749.27,236.07,236.07,0,10.62
571975,741,740.7,232.25,232.25,0,10.62
571980,730,729.73,227.49,227.49,0,10.62
571985,721,721.28,221.87,221.87,0,10.62
571990,712,712.26,215.45,215.45,0,10.62
571995,700,699.74,208.3,208.3,0,10.62
572000,691,690.74,200.49,200.49,0,10.62
572005,680,680.24,192.1,192.1,0,10.62
572010,672,672.26,183.2,183.2,0,10.62
572015,665,664.77,173.86,173.86,0,10.62
572020,655,654.74,164.15,164.15,0,10.62
572025,646,646.2,154.14,154.14,0,10.62
572030,635,635.26,143.9,143.9,0,10.62
572035,632,631.82,133.49,133.49,0,10.62
572040,621,620.75,122.97,122.97,0,10.62
572045,614,614.15,112.4,112.4,0,10.62
572050,605,605.25,101.85,101.85,0,10.62
572055,594,593.87,91.37,91.37,0,10.62
572060,584,583.75,81.02,81.02,0,10.62
572065,573,573.1,70.84,70.84,0,10.62
572070,559,559.24,60.89,60.89,0,10.62
572075,549,548.92,51.22,51.22,0,10.62
572080,536,535.76,41.87,41.87,0,10.62
572085,529,529.06,32.88,32.88,0,10.62
572090,514,514.23,24.29,24.29,0,10.62
572095,504,503.95,16.13,16.13,0,10.62
572100,496,495.77,8.42,8.42,0,10.62
572105,488,488.04,1.2,1.2,0,10.62
572110,480,480.23,-5.54,-5.54,0,10.62
572115,473,472.97,-11.77,-11.77,0,10.62
572120,469,468.78,-17.5,-17.5,0,10.62
572125,466,466.02,-22.73,-22.73,0,10.62
572130,462,462.22,-27.46,-27.46,0,10.62
572135,462,461.98,-31.72,-31.72,0,10.62
572140,460,459.79,-35.51,-35.51,0,10.62
572145,458,458.01,-38.87,-38.87,0,10.62
572150,458,458.21,-41.82,-41.82,0,10.62
572155,459,459.0,-44.39,-44.39,0,10.62
572160,460,459.8,-46.61,-46.61,0,10.62
572165,458,457.99,-48.53,-48.53,0,10.62
572170,462,462.19,-50.17,-50.17,0,10.62
572175,463,463.03,-51.57,-51.57,0,10.62
572180,464,463.81,-52.77,-52.77,0,10.62
572185,466,465.95,-53.81,-53.81,0,10.62
572190,466,466.18,-54.72,-54.72,0,10.62
572195,467,467.06,-55.54,-55.54,0,10.62
572200,465,464.82,-56.28,-56.28,0,10.62
572205,468,467.92,-57.0,-57.0,0,10.62
572210,467,467.18,-57.69,-57.69,0,10.62
572215,464,464.09,-58.4,-58.4,0,10.62
572220,463,462.82,-59.13,-59.13,0,10.62
572225,460,459.9,-59.89,-59.89,0,10.62
572230,458,458.18,-60.71,-60.71,0,10.62
572235,455,455.12,-61.58,-61.58,0,10.62
572240,453,452.81,-62.51,-62.51,0,10.62
572245,450,449.87,-63.5,-63.5,0,10.62
572250,448,448.19,-64.55,-64.55,0,10.62
572255,444,444.14,-65.65,-65.65,0,10.62
572260,442,441.8,-66.8,-66.8,0,10.62
572265,439,438.85,-67.99,-67.99,0,10.62
572270,432,432.2,-69.21,-69.21,0,10.62
572275,433,433.17,-70.45,-70.45,0,10.62
572280,429,428.8,-71.7,-71.7,0,10.62
572285,430,429.82,-72.94,-72.94,0,10.62
572290,426,426.2,-74.17,-74.17,0,10.62
572295,425,425.18,-75.36,-75.36,0,10.62
572300,424,423.8,-76.53,-76.53,0,10.62
572305,421,420.81,-77.64,-77.64,0,10.62
572310,418,418.2,-78.69,-78.69,0,10.62
572315,417,417.2,-79.66,-79.66,0,10.62
572320,414,413.8,-80.56,-80.56,0,10.62
572325,416,415.79,-81.37,-81.37,0,10.62
572330,414,414.2,-82.09,-82.09,0,10.62
572335,413,413.22,-82.71,-82.71,0,10.62
572340,414,413.8,-83.22,-83.22,0,10.62
572345,415,414.78,-83.63,-83.63,0,10.62
572350,413,413.2,-83.93,-83.93,0,10.62
572355,413,413.23,-84.12,-84.08,0,10.62
572360,413,412.8,-84.21,-84.08,0,10.62
572365,414,413.77,-84.2,-84.08,0,10.62
572370,415,415.2,-84.08,-84.08,0,10.62
572375,415,415.23,-83.88,-83.88,0,10.62
572380,416,415.79,-83.58,-83.58,0,10.62
572385,415,414.77,-83.21,-83.21,0,10.62
572390,418,418.21,-82.76,-82.76,0,10.62
572395,411,411.23,-82.25,-82.25,0,10.62
572400,418,417.78,-81.68,-81.68,0,10.62
572405,420,419.77,-81.06,-81.06,0,10.62
572410,420,420.23,-80.42,-80.42,0,10.62
572415,421,421.21,-79.75,-79.75,0,10.62
572420,423,422.76,-79.07,-79.07,0,10.62
572425,425,424.8,-78.38,-78.38,0,10.62
572430,424,424.25,-77.72,-77.72,0,10.62
572435,428,428.19,-77.07,-77.07,0,10.62
572440,427,426.75,-76.46,-76.46,0,10.62
572445,428,427.82,-75.89,-75.89,0,10.62
572450,426,426.26,-75.38,-75.38,0,10.62
572455,427,427.16,-74.92,-74.92,0,10.62
572460,429,428.74,-74.54,-74.54,0,10.62
572465,427,426.85,-74.24,-74.24,0,10.62
572470,430,430.26,-74.01,-74.01,0,10.62
572475,432,432.15,-73.88,-74.01,0,10.62
572480,432,431.73,-73.84,-74.01,0,10.62
572485,432,431.86,-73.9,-74.01,0,10.62
572490,430,430.27,-74.05,-74.05,0,10.62
572495,433,433.14,-74.3,-74.3,0,10.62
572500,433,432.73,-74.65,-74.65,0,10.62
572505,433,432.86,-75.09,-75.09,0,10.62
572510,429,429.26,-75.62,-75.62,0,10.62
572515,432,432.13,-76.23,-76.23,0,10.62
572520,433,432.75,-76.91,-76.91,0,10.62
572525,433,432.87,-77.65,-77.65,0,10.62
572530,428,428.23,-78.44,-78.44,0,10.62
572535,431,431.13,-79.26,-79.26,0,10.62
572540,434,433.79,-80.1,-80.1,0,10.62
572545,434,433.88,-80.94,-80.94,0,10.62
572550,433,433.18,-81.76,-81.76,0,10.62
572555,436,436.11,-82.54,-82.54,0,10.62
572560,434,433.85,-83.24,-83.24,0,10.62
572565,435,434.9,-83.85,-83.85,0,10.62
572570,436,436.13,-84.33,-84.33,0,10.62
572575,434,434.1,-84.64,-84.33,0,10.62
572580,435,434.9,-84.76,-84.33,0,10.62
572585,436,435.91,-84.65,-84.33,0,10.62
572590,436,436.08,-84.26,-84.26,0,10.62
572595,436,436.08,-83.55,-83.55,0,10.62
572600,436,435.94,-82.49,-82.49,0,10.62
572605,437,436.93,-81.02,-81.02,0,10.62
572610,437,437.04,-79.11,-79.11,0,10.62
572615,436,436.06,-76.72,-76.72,0,10.62
572620,435,434.98,-73.79,-73.79,0,10.62
572625,434,433.95,-70.28,-70.28,0,10.62
572630,435,435.0,-66.16,-66.16,0,10.62
572635,434,434.05,-61.39,-61.39,0,10.62
572640,434,434.02,-55.93,-55.93,0,10.62
572645,433,432.96,-49.76,-49.76,0,10.62
572651,432,431.96,-42.86,-42.86,0,10.62
572655,433,433.03,-35.21,-35.21,0,10.62
572660,433,433.05,-26.81,-26.81,0,10.62
572665,434,433.97,-17.67,-17.67,0,10.62
572670,438,437.93,-7.79,-7.79,0,10.62
572675,442,442.03,2.8,2.8,0,10.62
572680,449,449.09,14.04,14.04,0,10.62
572685,461,460.98,25.89,25.89,0,10.62
572690,475,474.89,38.27,38.27,0,10.62
572695,492,492.02,51.1,51.1,0,10.62
572700,514,514.13,64.29,64.29,0,10.62
572705,533,532.99,77.73,77.73,0,10.62
572710,565,564.86,91.3,91.3,0,10.62
572715,592,592.01,104.86,104.86,0,10.62
572720,618,618.15,118.29,118.29,0,10.62
572725,647,646.98,131.46,131.46,0,10.62
572730,672,671.83,144.22,144.22,0,10.62
572735,696,696.02,156.46,156.46,0,10.62
572740,717,717.18,168.03,168.03,0,10.62
572745,737,736.97,178.83,178.83,0,10.62
572750,751,750.81,188.74,188.74,0,10.62
572755,765,765.03,197.68,197.68,0,10.62
572760,772,772.2,205.56,205.56,0,10.62
572765,783,782.96,212.31,212.31,0,10.62
572770,784,783.78,217.89,217.89,0,10.62
572775,785,785.03,222.26,222.26,0,10.62
572780,784,784.22,225.4,225.4,0,10.62
572785,774,773.96,227.3,225.76,0,10.62
572790,781,780.77,227.98,225.76,0,10.62
572795,766,766.05,227.45,225.76,0,10.62
572800,757,757.23,225.76,225.76,0,10.62
572805,750,749.94,222.95,222.95,0,10.62
572810,735,734.77,219.07,219.07,0,10.62
572815,722,722.06,214.2,214.2,0,10.62
572820,713,713.22,208.41,208.41,0,10.62
572825,700,699.94,201.76,201.76,0,10.62
572830,689,688.78,194.34,194.34,0,10.62
572835,677,677.06,186.24,186.24,0,10.62
572840,667,667.22,177.55,177.55,0,10.62
572845,653,652.93,168.33,168.33,0,10.62
572850,641,640.77,158.69,158.69,0,10.62
572855,632,632.07,148.7,148.7,0,10.62
572860,623,623.23,138.45,138.45,0,10.62
572865,614,613.93,128.02,128.02,0,10.62
572870,604,603.75,117.47,117.47,0,10.62
572875,595,595.07,106.89,106.89,0,10.62
572880,584,584.26,96.34,96.34,0,10.62
572885,579,578.93,85.89,85.89,0,10.62
572890,569,568.73,75.6,75.6,0,10.62
572895,557,557.07,65.52,65.52,0,10.62
572900,550,550.27,55.72,55.72,0,10.62
572905,540,539.94,46.24,46.24,0,10.62
572910,530,529.72,37.14,37.14,0,10.62
572915,519,519.05,28.44,28.44,0,10.62
572920,510,510.29,20.19,20.19,0,10.62
572925,499,498.96,12.41,12.41,0,10.62
572930,492,491.7,5.14,5.14,0,10.62
572935,483,483.03,-1.6,-1.6,0,10.62
572940,478,478.31,-7.81,-7.81,0,10.62
572945,471,470.98,-13.47,-13.47,0,10.62
572950,470,469.69,-18.58,-18.58,0,10.62
572955,465,465.01,-23.16,-23.16,0,10.62
572960,462,462.32,-27.2,-27.2,0,10.62
572965,461,461.0,-30.72,-30.72,0,10.62
572970,461,460.67,-33.75,-33.75,0,10.62
572975,459,458.99,-36.32,-36.32,0,10.62
572980,460,460.33,-38.44,-38.44,0,10.62
572985,461,461.01,-40.17,-40.17,0,10.62
572990,465,464.66,-41.53,-41.53,0,10.62
572995,466,465.98,-42.56,-42.56,0,10.62
573000,466,466.34,-43.3,-43.3,0,10.62
573005,470,470.03,-43.81,-43.81,0,10.62
573010,474,473.66,-44.11,-44.11,0,10.62
573015,473,472.96,-44.25,-44.11,0,10.62
573020,473,473.33,-44.27,-44.11,0,10.62
573025,478,478.05,-44.2,-44.11,0,10.62
573030,478,477.68,-44.1,-44.1,0,10.62
573035,479,478.94,-43.98,-43.98,0,10.62
573040,479,479.3,-43.88,-43.94,0,10.62
573045,481,481.07,-43.82,-43.94,0,10.62
573050,481,480.71,-43.83,-43.94,0,10.62
573055,479,478.91,-43.94,-43.94,0,10.62
573060,480,480.28,-44.14,-44.14,0,10.62
573065,478,478.1,-44.47,-44.47,0,10.62
573070,474,473.73,-44.91,-44.91,0,10.62
573075,473,472.88,-45.49,-45.49,0,10.62
573080,471,471.26,-46.19,-46.19,0,10.62
573085,468,468.14,-47.02,-47.02,0,10.62
573090,465,464.75,-47.97,-47.97,0,10.62
573095,463,462.84,-49.04,-49.04,0,10.62
573100,459,459.25,-50.2,-50.2,0,10.62
573105,456,456.18,-51.45,-51.45,0,10.62
573110,453,452.75,-52.77,-52.77,0,10.62
573115,449,448.8,-54.16,-54.16,0,10.62
573120,446,446.24,-55.58,-55.58,0,10.62
573125,444,444.23,-57.03,-57.03,0,10.62
573130,441,440.76,-58.49,-58.49,0,10.62
573135,438,437.75,-59.94,-59.94,0,10.62
573140,437,437.24,-61.37,-61.37,0,10.62
573145,417,417.26,-62.76,-62.76,0,10.62
573150,434,433.77,-64.1,-64.1,0,10.62
573155,432,431.75,-65.38,-65.38,0,10.62
573160,431,431.23,-66.59,-66.59,0,10.62
573165,429,429.23,-67.72,-67.72,0,10.62
573170,429,428.77,-68.77,-68.77,0,10.62
573175,429,428.79,-69.74,-69.74,0,10.62
573180,428,428.23,-70.62,-70.62,0,10.62
573185,427,427.18,-71.4,-71.4,0,10.62
573190,427,426.77,-72.1,-72.1,0,10.62
573195,427,426.84,-72.71,-72.71,0,10.62
573200,426,426.23,-73.23,-73.23,0,10.62
573205,425,425.13,-73.67,-73.67,0,10.62
573210,426,425.77,-74.04,-74.04,0,10.62
573215,427,426.9,-74.34,-74.34,0,10.62
573220,428,428.23,-74.57,-74.57,0,10.62
573225,426,426.07,-74.75,-74.75,0,10.62
573230,429,428.76,-74.88,-74.88,0,10.62
573235,426,425.96,-74.97,-74.97,0,10.62
573240,429,429.24,-75.04,-75.04,0,10.62
573245,429,429.02,-75.09,-75.09,0,10.62
573250,430,429.76,-75.14,-75.14,0,10.62
573255,430,430.01,-75.19,-75.19,0,10.62
573260,432,432.25,-75.25,-75.25,0,10.62
573265,431,430.96,-75.33,-75.33,0,10.62
573270,440,439.75,-75.44,-75.44,0,10.62
573275,432,432.07,-75.59,-75.59,0,10.62
573280,432,432.24,-75.79,-75.79,0,10.62
573285,431,430.91,-76.03,-76.03,0,10.62
573290,434,433.77,-76.32,-76.32,0,10.62
573295,434,434.13,-76.66,-76.66,0,10.62
573300,435,435.21,-77.06,-77.06,0,10.62
573305,436,435.84,-77.52,-77.52,0,10.62
573310,436,435.8,-78.02,-78.02,0,10.62
573315,435,435.19,-78.57,-78.57,0,10.62
573320,436,436.18,-79.15,-79.15,0,10.62
573325,438,437.78,-79.76,-79.76,0,10.62
573330,438,437.83,-80.4,-80.4,0,10.62
573335,437,437.25,-81.03,-81.03,0,10.62
573340,437,437.15,-81.65,-81.65,0,10.62
573345,440,439.73,-82.23,-82.23,0,10.62
573350,439,438.87,-82.76,-82.76,0,10.62
573355,421,421.28,-83.22,-83.22,0,10.62
573360,439,439.11,-83.56,-83.56,0,10.62
573365,439,438.73,-83.77,-83.56,0,10.62
573370,437,436.91,-83.82,-83.56,0,10.62
573375,443,443.24,-83.67,-83.56,0,10.62
573380,440,440.08,-83.29,-83.29,0,10.62
573385,441,440.78,-82.64,-82.64,0,10.62
573390,439,438.93,-81.69,-81.69,0,10.62
573395,440,440.21,-80.4,-80.4,0,10.62
573400,442,442.06,-78.73,-78.73,0,10.62
573405,440,439.81,-76.63,-76.63,0,10.62
573410,442,441.95,-74.07,-74.07,0,10.62
573415,441,441.17,-71.01,-71.01,0,10.62
573420,440,440.05,-67.41,-67.41,0,10.62
573425,439,438.84,-63.23,-63.23,0,10.62
573430,442,441.96,-58.44,-58.44,0,10.62
573435,439,439.15,-53.0,-53.0,0,10.62
573440,434,434.02,-46.91,-46.91,0,10.62
573445,438,437.86,-40.13,-40.13,0,10.62
573450,440,440.01,-32.66,-32.66,0,10.62
573455,441,441.13,-24.49,-24.49,0,10.62
573460,441,440.96,-15.64,-15.64,0,10.62
573465,445,444.88,-6.12,-6.12,0,10.62
573470,450,450.07,4.04,4.04,0,10.62
573475,458,458.12,14.8,14.8,0,10.62
573480,469,468.9,26.09,26.09,0,10.62
573485,484,483.89,37.86,37.86,0,10.62
573490,500,500.14,50.02,50.02,0,10.62
573495,521,521.11,62.47,62.47,0,10.62
573500,544,543.84,75.12,75.12,0,10.62
573505,568,567.9,87.85,87.85,0,10.62
573510,593,593.2,100.54,100.54,0,10.62
573515,617,617.09,113.07,113.07,0,10.62
573520,644,643.77,125.3,125.3,0,10.62
573525,667,666.91,137.12,137.12,0,10.62
573530,691,691.26,148.41,148.41,0,10.62
573535,710,710.07,159.04,159.04,0,10.62
573540,725,724.7,168.9,168.9,0,10.62
573545,741,740.93,177.91,177.91,0,10.62
573550,751,751.33,185.97,185.97,0,10.62
573555,761,761.06,193.01,193.01,0,10.62
573560,767,766.63,198.98,198.98,0,10.62
573565,772,771.94,203.82,203.82,0,10.62
573570,771,771.41,207.5,207.5,0,10.62
573575,777,777.05,210.01,210.01,0,10.62
573580,765,764.55,211.36,210.01,0,10.62
573585,758,757.94,211.55,210.01,0,10.62
573590,731,731.48,210.61,210.01,0,10.62
573595,741,741.07,208.58,208.58,0,10.62
573600,731,730.52,205.5,205.5,0,10.62
573605,720,719.92,201.44,201.44,0,10.62
573610,709,709.47,196.45,196.45,0,10.62
573615,698,698.09,190.6,190.6,0,10.62
573620,686,685.54,183.97,183.97,0,10.62
573625,676,675.9,176.64,176.64,0,10.62
573630,662,662.45,168.68,168.68,0,10.62
573635,651,651.11,160.18,160.18,0,10.62
573640,641,640.56,151.22,151.22,0,10.62
573645,631,630.88,141.88,141.88,0,10.62
573650,618,618.43,132.24,132.24,0,10.62
573655,608,608.13,122.38,122.38,0,10.62
573660,602,601.58,112.36,112.36,0,10.62
573665,593,592.87,102.28,102.28,0,10.62
573670,583,583.41,92.19,92.19,0,10.62
573675,576,576.13,82.15,82.15,0,10.62
573680,568,567.61,72.24,72.24,0,10.62
573685,558,557.87,62.51,62.51,0,10.62
573690,549,549.38,53.01,53.01,0,10.62
573695,537,537.13,43.8,43.8,0,10.62
573700,533,532.64,34.92,34.92,0,10.62
573705,519,518.88,26.41,26.41,0,10.62
573710,510,510.34,18.32,18.32,0,10.62
573715,502,502.12,10.67,10.67,0,10.62
573720,494,493.69,3.5,3.5,0,10.62
573725,486,485.88,-3.17,-3.17,0,10.62
573730,479,479.29,-9.34,-9.34,0,10.62
573735,473,473.12,-14.97,-14.97,0,10.62
573740,470,469.74,-20.08,-20.08,0,10.62
573745,466,465.88,-24.66,-24.66,0,10.62
573750,464,464.23,-28.72,-28.72,0,10.62
573755,460,460.11,-32.27,-32.27,0,10.62
573760,459,458.79,-35.33,-35.33,0,10.62
573765,458,457.89,-37.92,-37.92,0,10.62
573770,460,460.19,-40.07,-40.07,0,10.62
573775,458,458.11,-41.81,-41.81,0,10.62
573780,461,460.83,-43.16,-43.16,0,10.62
573785,463,462.9,-44.18,-44.18,0,10.62
573790,464,464.15,-44.9,-44.9,0,10.62
573795,467,467.09,-45.36,-45.36,0,10.62
573800,467,466.86,-45.59,-45.39,0,10.62
573805,470,469.91,-45.65,-45.39,0,10.62
573810,473,473.12,-45.57,-45.39,0,10.62
573815,475,475.08,-45.39,-45.39,0,10.62
573820,477,476.89,-45.16,-45.16,0,10.62
573825,479,478.92,-44.9,-44.9,0,10.62
573830,482,482.1,-44.64,-44.64,0,10.62
573835,483,483.07,-44.43,-44.43,0,10.62
573840,482,481.91,-44.28,-44.43,0,10.62
573845,480,479.92,-44.22,-44.43,0,10.62
573850,482,482.08,-44.27,-44.43,0,10.62
573855,479,479.08,-44.44,-44.44,0,10.62
573860,477,476.93,-44.73,-44.73,0,10.62
573865,474,473.91,-45.16,-45.16,0,10.62
573870,472,472.07,-45.73,-45.73,0,10.62
573875,471,471.09,-46.44,-46.44,0,10.62
573880,468,467.94,-47.28,-47.28,0,10.62
573885,463,462.89,-48.25,-48.25,0,10.62
573890,462,462.06,-49.34,-49.34,0,10.62
573895,457,457.12,-50.54,-50.54,0,10.62
573900,457,456.95,-51.83,-51.83,0,10.62
573905,452,451.87,-53.2,-53.2,0,10.62
573910,450,450.04,-54.64,-54.64,0,10.62
573915,444,444.14,-56.12,-56.12,0,10.62
573920,445,444.97,-57.64,-57.64,0,10.62
573925,441,440.85,-59.17,-59.17,0,10.62
573930,438,438.02,-60.71,-60.71,0,10.62
573935,434,434.16,-62.23,-62.23,0,10.62
573940,433,432.99,-63.72,-63.72,0,10.62
573945,432,431.84,-65.17,-65.17,0,10.62
573950,431,431.0,-66.57,-66.57,0,10.62
573955,428,428.16,-67.9,-67.9,0,10.62
573960,428,428.01,-69.17,-69.17,0,10.62
573965,425,424.84,-70.35,-70.35,0,10.62
573970,427,426.99,-71.45,-71.45,0,10.62
573975,426,426.17,-72.46,-72.46,0,10.62
573980,423,423.02,-73.38,-73.38,0,10.62
573985,423,422.82,-74.22,-74.22,0,10.62
573990,424,423.98,-74.96,-74.96,0,10.62
573995,423,423.19,-75.61,-75.61,0,10.62
574000,422,422.02,-76.19,-76.19,0,10.62
574005,423,422.8,-76.68,-76.68,0,10.62
574010,423,422.98,-77.11,-77.11,0,10.62
574015,427,427.21,-77.47,-77.47,0,10.62
574020,423,423.02,-77.77,-77.77,0,10.62
574025,427,426.77,-78.03,-78.03,0,10.62
574030,426,425.99,-78.25,-78.25,0,10.62
574035,426,426.25,-78.45,-78.45,0,10.62
574040,432,432.01,-78.62,-78.62,0,10.62
574045,437,436.74,-78.79,-78.79,0,10.62
574050,429,428.99,-78.96,-78.96,0,10.62
574055,428,428.26,-79.13,-79.13,0,10.62
574060,429,429.02,-79.31,-79.31,0,10.62
574065,431,430.75,-79.5,-79.5,0,10.62
574070,430,429.98,-79.72,-79.72,0,10.62
574075,435,435.24,-79.95,-79.95,0,10.62
574080,433,433.03,-80.21,-80.21,0,10.62
574085,427,426.76,-80.49,-80.49,0,10.62
574090,435,434.96,-80.78,-80.78,0,10.62
574095,437,437.25,-81.08,-81.08,0,10.62
574100,438,438.05,-81.4,-81.4,0,10.62
574105,438,437.73,-81.7,-81.7,0,10.62
574110,440,439.94,-81.99,-81.99,0,10.62
574115,437,437.29,-82.26,-82.26,0,10.62
574120,438,438.06,-82.47,-82.47,0,10.62
574125,441,440.69,-82.62,-82.47,0,10.62
574130,440,439.93,-82.68,-82.47,0,10.62
574135,440,440.32,-82.62,-82.47,0,10.62
574140,440,440.07,-82.43,-82.43,0,10.62
574145,443,442.67,-82.05,-82.05,0,10.62
574150,442,441.93,-81.48,-81.48,0,10.62
574155,443,443.34,-80.66,-80.66,0,10.62
574160,443,443.07,-79.57,-79.57,0,10.62
574165,443,442.64,-78.17,-78.17,0,10.62
574170,443,442.93,-76.41,-76.41,0,10.62
574175,442,442.37,-74.26,-74.26,0,10.62
574180,444,444.08,-71.68,-71.68,0,10.62
574185,454,453.63,-68.63,-68.63,0,10.62
574190,442,441.92,-65.07,-65.07,0,10.62
574195,442,442.36,-60.96,-60.96,0,10.62
574200,438,438.08,-56.27,-56.27,0,10.62
574205,440,439.66,-50.97,-50.97,0,10.62
574210,439,438.92,-45.04,-45.04,0,10.62
574215,437,437.33,-38.45,-38.45,0,10.62
574220,440,440.09,-31.2,-31.2,0,10.62
574225,439,438.69,-23.28,-23.28,0,10.62
574230,442,441.91,-14.69,-14.69,0,10.62
574235,443,443.29,-5.47,-5.47,0,10.62
574240,449,449.09,4.37,4.37,0,10.62
574245,457,456.73,14.78,14.78,0,10.62
574250,466,465.91,25.7,25.7,0,10.62
574255,481,481.25,37.07,37.07,0,10.62
574260,498,498.1,48.81,48.81,0,10.62
574265,518,517.77,60.81,60.81,0,10.62
574270,542,541.9,72.98,72.98,0,10.62
574275,568,568.21,85.2,85.2,0,10.62
574280,590,590.1,97.35,97.35,0,10.62
574285,615,614.8,109.31,109.31,0,10.62
574290,639,638.9,120.94,120.94,0,10.62
574295,663,663.19,132.14,132.14,0,10.62
574300,685,685.1,142.76,142.76,0,10.62
574305,704,703.81,152.71,152.71,0,10.62
574310,722,721.89,161.86,161.86,0,10.62
574315,737,737.18,170.13,170.13,0,10.62
574320,746,746.11,177.42,177.42,0,10.62
574325,754,753.82,183.68,183.68,0,10.62
574330,760,759.89,188.83,188.83,0,10.62
574335,761,761.17,192.85,192.85,0,10.62
574340,761,761.11,195.69,195.69,0,10.62
574345,758,757.83,197.37,195.69,0,10.62
574350,754,753.89,197.86,195.69,0,10.62
574355,745,745.17,197.21,195.69,0,10.62
574360,736,736.11,195.43,195.43,0,10.62
574365,727,726.83,192.57,192.57,0,10.62
574370,715,714.89,188.68,188.68,0,10.62
574375,704,704.17,183.82,183.82,0,10.62
574380,691,691.11,178.08,178.08,0,10.62
574385,680,679.83,171.51,171.51,0,10.62
574390,666,665.9,164.21,164.21,0,10.62
574395,652,652.16,156.26,156.26,0,10.62
574400,642,642.1,147.75,147.75,0,10.62
574405,629,628.85,138.76,138.76,0,10.62
574410,617,616.9,129.39,129.39,0,10.62
574415,606,606.15,119.71,119.71,0,10.62
574420,595,595.1,109.82,109.82,0,10.62
574425,586,585.86,99.79,99.79,0,10.62
574430,577,576.9,89.71,89.71,0,10.62
574435,569,569.13,79.64,79.64,0,10.62
574440,558,558.1,69.67,69.67,0,10.62
574445,550,549.87,59.85,59.85,0,10.62
574450,542,541.9,50.25,50.25,0,10.62
574455,534,534.13,40.93,40.93,0,10.62
574460,526,526.09,31.94,31.94,0,10.62
574465,517,516.87,23.32,23.32,0,10.62
574470,506,505.91,15.13,15.13,0,10.62
574475,500,500.13,7.39,7.39,0,10.62
574480,491,491.1,0.15,0.15,0,10.62
574485,483,482.87,-6.57,-6.57,0,10.62
574490,475,474.9,-12.76,-12.76,0,10.62
574495,469,469.13,-18.39,-18.39,0,10.62
574500,465,465.11,-23.46,-23.46,0,10.62
574505,460,459.87,-27.96,-27.96,0,10.62
574510,456,455.88,-31.9,-31.9,0,10.62
574515,455,455.13,-35.3,-35.3,0,10.62
574520,454,454.14,-38.16,-38.16,0,10.62
574525,454,453.87,-40.5,-40.5,0,10.62
574530,454,453.85,-42.37,-42.37,0,10.62
574535,457,457.13,-43.78,-43.78,0,10.62
574540,457,457.16,-44.78,-44.78,0,10.62
574545,461,460.87,-45.41,-45.41,0,10.62
574550,465,464.82,-45.7,-45.41,0,10.62
574555,467,467.14,-45.7,-45.41,0,10.62
574560,469,469.19,-45.46,-45.41,0,10.62
574565,473,472.86,-45.02,-45.02,0,10.62
574570,477,476.8,-44.42,-44.42,0,10.62
574575,478,478.15,-43.72,-43.72,0,10.62
574580,482,482.2,-42.94,-42.94,0,10.62
574585,484,483.85,-42.14,-42.14,0,10.62
574590,485,484.79,-41.35,-41.35,0,10.62
574595,487,487.16,-40.6,-40.6,0,10.62
574600,486,486.22,-39.91,-39.91,0,10.62
574605,486,485.84,-39.33,-39.33,0,10.62
574610,486,485.77,-38.86,-38.86,0,10.62
574615,486,486.17,-38.54,-38.54,0,10.62
574620,479,479.23,-38.36,-38.54,0,10.62
574625,480,479.82,-38.34,-38.54,0,10.62
574630,479,478.77,-38.5,-38.54,0,10.62
574635,477,477.19,-38.82,-38.82,0,10.62
574640,476,476.23,-39.32,-39.32,0,10.62
574645,473,472.79,-39.99,-39.99,0,10.62
574650,470,469.77,-40.82,-40.82,0,10.62
574655,467,467.22,-41.81,-41.81,0,10.62
574660,464,464.24,-42.96,-42.96,0,10.62
574665,462,461.76,-44.24,-44.24,0,10.62
574670,460,459.76,-45.66,-45.66,0,10.62
574675,457,457.25,-47.18,-47.18,0,10.62
574680,457,457.24,-48.81,-48.81,0,10.62
574685,451,450.73,-50.53,-50.53,0,10.62
574690,450,449.75,-52.32,-52.32,0,10.62
574695,446,446.29,-54.17,-54.17,0,10.62
574700,443,443.26,-56.07,-56.07,0,10.62
574705,442,441.7,-57.99,-57.99,0,10.62
574710,440,439.74,-59.93,-59.93,0,10.62
574715,438,438.32,-61.87,-61.87,0,10.62
574720,435,435.26,-63.8,-63.8,0,10.62
574725,436,435.66,-65.71,-65.71,0,10.62
574730,433,432.73,-67.58,-67.58,0,10.62
574735,423,423.35,-69.42,-69.42,0,10.62
574740,430,430.27,-71.2,-71.2,0,10.62
574745,431,430.65,-72.93,-72.93,0,10.62
574750,429,428.73,-74.59,-74.59,0,10.62
574755,430,430.34,-76.17,-76.17,0,10.62
574760,427,427.28,-77.68,-77.68,0,10.62
574765,430,429.66,-79.11,-79.11,0,10.62
574770,429,428.72,-80.45,-80.45,0,10.62
574775,431,431.33,-81.7,-81.7,0,10.62
574780,431,431.28,-82.84,-82.84,0,10.62
574785,432,431.67,-83.88,-83.88,0,10.62
574790,425,424.71,-84.8,-84.8,0,10.62
574795,432,432.32,-85.6,-85.6,0,10.62
574800,435,435.31,-86.27,-86.27,0,10.62
574805,433,432.68,-86.79,-86.79,0,10.62
574810,433,432.67,-87.15,-87.15,0,10.62
574815,434,434.32,-87.35,-87.15,0,10.62
574820,437,437.37,-87.35,-87.15,0,10.62
574825,437,436.69,-87.15,-87.15,0,10.62
574830,456,455.61,-86.73,-86.73,0,10.62
574835,439,439.31,-86.06,-86.06,0,10.62
574840,439,439.39,-85.11,-85.11,0,10.62
574845,443,442.69,-83.86,-83.86,0,10.62
574850,440,439.62,-82.29,-82.29,0,10.62
574855,441,441.3,-80.36,-80.36,0,10.62
574860,443,443.37,-78.03,-78.03,0,10.62
574865,441,440.71,-75.29,-75.29,0,10.62
574870,440,439.63,-72.1,-72.1,0,10.62
574875,443,443.29,-68.42,-68.42,0,10.62
574880,442,442.37,-64.24,-64.24,0,10.62
574885,441,440.72,-59.52,-59.52,0,10.62
574890,450,449.63,-54.24,-54.24,0,10.62
574895,440,440.28,-48.4,-48.4,0,10.62
574900,439,439.36,-41.96,-41.96,0,10.62
574905,441,440.72,-34.94,-34.94,0,10.62
574910,439,438.66,-27.32,-27.32,0,10.62
574915,442,442.28,-19.12,-19.12,0,10.62
574920,445,445.32,-10.36,-10.36,0,10.62
574925,450,449.72,-1.06,-1.06,0,10.62
574930,461,460.7,8.72,8.72,0,10.62
574935,467,467.28,18.94,18.94,0,10.62
574940,479,479.28,29.53,29.53,0,10.62
574945,495,494.72,40.41,40.41,0,10.62
574950,513,512.75,51.5,51.5,0,10.62
574955,534,534.28,62.69,62.69,0,10.62
574960,557,557.23,73.88,73.88,0,10.62
574965,582,581.72,84.96,84.96,0,10.62
574970,604,603.79,95.81,95.81,0,10.62
574975,626,626.28,106.32,106.32,0,10.62
574980,649,649.18,116.36,116.36,0,10.62
574985,668,667.72,125.82,125.82,0,10.62
574990,685,684.83,134.61,134.61,0,10.62
574995,701,701.27,142.61,142.61,0,10.62
575000,712,712.14,149.74,149.74,0,10.62
575005,722,721.73,155.93,155.93,0,10.62
575010,729,728.87,161.1,161.1,0,10.62
575015,733,733.27,165.22,165.22,0,10.62
575020,735,735.11,168.23,168.23,0,10.62
575025,735,734.73,170.13,169.09,0,10.62
575030,731,730.91,170.9,169.09,0,10.62
575035,726,726.27,170.55,169.09,0,10.62
575040,720,720.07,169.09,169.09,0,10.62
575045,709,708.73,166.57,166.57,0,10.62
575050,701,700.94,163.03,163.03,0,10.62
575055,688,688.27,158.52,158.52,0,10.62
575060,676,676.04,153.1,153.1,0,10.62
575065,664,663.72,146.85,146.85,0,10.62
575070,655,654.98,139.85,139.85,0,10.62
575075,638,638.28,132.17,132.17,0,10.62
575080,628,627.99,123.9,123.9,0,10.62
575085,613,612.72,115.14,115.14,0,10.62
575090,602,602.04,105.97,105.97,0,10.62
575095,590,590.29,96.47,96.47,0,10.62
575100,579,578.94,86.75,86.75,0,10.62
575105,568,567.71,76.89,76.89,0,10.62
575110,558,558.08,66.96,66.96,0,10.62
575115,550,550.3,57.06,57.06,0,10.62
575120,538,537.89,47.26,47.26,0,10.62
575125,528,527.69,37.63,37.63,0,10.62
575130,520,520.14,28.24,28.24,0,10.62
575135,510,510.33,19.16,19.16,0,10.62
575140,502,501.84,10.44,10.44,0,10.62
575145,493,492.65,2.15,2.15,0,10.62
575150,475,475.18,-5.69,-5.69,0,10.62
575155,475,475.36,-13.02,-13.02,0,10.62
575160,469,468.81,-19.8,-19.8,0,10.62
575165,462,461.62,-26.03,-26.03,0,10.62
575170,456,456.2,-31.66,-31.66,0,10.62
575175,450,450.39,-36.7,-36.7,0,10.62
575180,449,448.8,-41.14,-41.14,0,10.62
575185,446,445.6,-44.97,-44.97,0,10.62
575190,443,443.2,-48.21,-48.21,0,10.62
575195,442,442.42,-50.87,-50.87,0,10.62
575200,443,442.81,-52.98,-52.98,0,10.62
575205,444,443.57,-54.56,-54.56,0,10.62
575210,445,445.19,-55.64,-55.64,0,10.62
575215,447,447.44,-56.26,-55.79,0,10.62
575220,450,449.81,-56.46,-55.79,0,10.62
575225,456,455.55,-56.29,-55.79,0,10.62
575230,459,459.19,-55.79,-55.79,0,10.62
575235,446,446.44,-55.01,-55.01,0,10.62
575240,468,467.81,-54.0,-54.0,0,10.62
575245,471,470.58,-52.81,-52.81,0,10.62
575250,473,473.19,-51.49,-51.49,0,10.62
575255,477,477.38,-50.09,-50.09,0,10.62
575260,481,480.81,-48.66,-48.66,0,10.62
575265,483,482.66,-47.24,-47.24,0,10.62
575270,485,485.18,-45.87,-45.87,0,10.62
575275,486,486.3,-44.58,-44.58,0,10.62
575280,486,485.82,-43.42,-43.42,0,10.62
575285,487,486.73,-42.4,-42.4,0,10.62
575290,488,488.18,-41.56,-41.56,0,10.62
575295,488,488.23,-40.91,-40.91,0,10.62
575300,487,486.82,-40.47,-40.49,0,10.62
575305,486,485.8,-40.25,-40.49,0,10.62
575310,483,483.18,-40.25,-40.49,0,10.62
575315,483,483.17,-40.49,-40.49,0,10.62
575320,477,476.81,-40.95,-40.95,0,10.62
575325,474,473.86,-41.64,-41.64,0,10.62
575330,471,471.19,-42.54,-42.54,0,10.62
575335,468,468.11,-43.65,-43.65,0,10.62
575340,466,465.81,-44.95,-44.95,0,10.62
575345,462,461.91,-46.44,-46.44,0,10.62
575350,460,460.19,-48.09,-48.09,0,10.62
575355,458,458.06,-49.88,-49.88,0,10.62
575360,453,452.8,-51.81,-51.81,0,10.62
575365,451,450.96,-53.85,-53.85,0,10.62
575370,448,448.2,-55.99,-55.99,0,10.62
575375,447,447.02,-58.2,-58.2,0,10.62
575380,444,443.79,-60.47,-60.47,0,10.62
575385,442,442.0,-62.79,-62.79,0,10.62
575390,441,441.21,-65.12,-65.12,0,10.62
575395,437,436.98,-67.46,-67.46,0,10.62
575400,436,435.78,-69.79,-69.79,0,10.62
575405,436,436.04,-72.09,-72.09,0,10.62
575410,435,435.23,-74.35,-74.35,0,10.62
575415,435,434.94,-76.54,-76.54,0,10.62
575420,434,433.75,-78.67,-78.67,0,10.62
575425,432,432.08,-80.69,-80.69,0,10.62
575430,433,433.26,-82.62,-82.62,0,10.62
575435,439,438.91,-84.41,-84.41,0,10.62
575440,434,433.73,-86.07,-86.07,0,10.62
575445,435,435.1,-87.57,-87.57,0,10.62
575450,433,433.28,-88.88,-88.88,0,10.62
575455,434,433.9,-90.0,-90.0,0,10.62
575460,436,435.71,-90.9,-90.9,0,10.62
575465,437,437.11,-91.56,-91.56,0,10.62
575470,437,437.3,-91.95,-91.56,0,10.62
575475,439,438.88,-92.05,-91.56,0,10.62
575480,441,440.69,-91.82,-91.56,0,10.62
575485,438,438.13,-91.25,-91.25,0,10.62
575490,440,440.32,-90.3,-90.3,0,10.62
575495,439,438.87,-88.94,-88.94,0,10.62
575500,440,439.68,-87.14,-87.14,0,10.62
575505,443,443.14,-84.87,-84.87,0,10.62
575510,440,440.33,-82.09,-82.09,0,10.62
575515,440,439.85,-78.78,-78.78,0,10.62
575520,442,441.66,-74.9,-74.9,0,10.62
575525,441,441.17,-70.42,-70.42,0,10.62
575530,440,440.34,-65.33,-65.33,0,10.62
575535,441,440.81,-59.6,-59.6,0,10.62
575540,441,440.66,-53.22,-53.22,0,10.62
575545,441,441.21,-46.17,-46.17,0,10.62
575550,440,440.35,-38.45,-38.45,0,10.62
575555,440,439.77,-30.07,-30.07,0,10.62
575560,443,442.65,-21.04,-21.04,0,10.62
575565,446,446.25,-11.39,-11.39,0,10.62
575570,446,446.35,-1.15,-1.15,0,10.62
575575,460,459.73,9.62,9.62,0,10.62
575580,472,471.66,20.86,20.86,0,10.62
575585,486,486.3,32.5,32.5,0,10.62
575590,505,505.33,44.45,44.45,0,10.62
575595,528,527.68,56.62,56.62,0,10.62
575600,549,548.69,68.88,68.88,0,10.62
575605,570,570.34,81.13,81.13,0,10.62
575610,599,599.31,93.25,93.25,0,10.62
575615,625,624.65,105.1,105.1,0,10.62
575620,649,648.7,116.56,116.56,0,10.62
575625,674,674.36,127.5,127.5,0,10.62
575630,692,692.28,137.81,137.81,0,10.62
575635,714,713.62,147.38,147.38,0,10.62
575640,726,725.72,156.1,156.1,0,10.62
575645,737,737.38,163.88,163.88,0,10.62
575650,748,748.27,170.64,170.64,0,10.62
575655,763,762.61,176.33,176.33,0,10.62
575660,759,758.74,180.88,180.88,0,10.62
575665,758,758.37,184.27,184.27,0,10.62
575670,758,758.25,186.48,186.08,0,10.62
575675,753,752.65,187.51,186.08,0,10.62
575680,748,747.75,187.36,186.08,0,10.62
575685,739,739.33,186.08,186.08,0,10.62
575690,728,728.24,183.68,183.68,0,10.62
575695,718,717.68,180.22,180.22,0,10.62
575700,709,708.78,175.76,175.76,0,10.62
575705,695,695.3,170.37,170.37,0,10.62
575710,683,683.21,164.12,164.12,0,10.62
575715,671,670.71,157.1,157.1,0,10.62
575720,657,656.81,149.37,149.37,0,10.62
575725,643,643.28,141.04,141.04,0,10.62
575730,633,633.18,132.19,132.19,0,10.62
575735,623,622.74,122.91,122.91,0,10.62
575740,612,611.83,113.28,113.28,0,10.62
575745,601,601.23,103.39,103.39,0,10.62
575750,589,589.15,93.33,93.33,0,10.62
575755,580,579.79,83.17,83.17,0,10.62
575760,572,571.87,73.0,73.0,0,10.62
575765,561,561.2,62.89,62.89,0,10.62
575770,552,552.11,52.91,52.91,0,10.62
575775,544,543.82,43.12,43.12,0,10.62
575780,535,534.91,33.59,33.59,0,10.62
575785,526,526.16,24.38,24.38,0,10.62
575790,516,516.07,15.53,15.53,0,10.62
575795,508,507.86,7.1,7.1,0,10.62
575800,499,498.96,-0.88,-0.88,0,10.62
575805,489,489.12,-8.37,-8.37,0,10.62
575810,490,490.02,-15.34,-15.34,0,10.62
575815,474,473.91,-21.76,-21.76,0,10.62
575820,466,465.99,-27.62,-27.62,0,10.62
575825,462,462.07,-32.91,-32.91,0,10.62
575830,458,458.01,-37.62,-37.62,0,10.62
575835,455,454.95,-41.75,-41.75,0,10.62
575840,453,452.99,-45.32,-45.32,0,10.62
575845,451,451.03,-48.33,-48.33,0,10.62
575850,453,453.02,-50.82,-50.82,0,10.62
575855,453,452.99,-52.8,-52.8,0,10.62
575860,456,455.98,-54.31,-54.31,0,10.62
575865,459,458.98,-55.39,-55.39,0,10.62
575870,460,460.02,-56.07,-56.07,0,10.62
575875,461,461.04,-56.4,-56.07,0,10.62
575880,464,463.98,-56.43,-56.07,0,10.62
575885,469,468.95,-56.19,-56.07,0,10.62
575890,471,471.03,-55.74,-55.74,0,10.62
575895,475,475.07,-55.12,-55.12,0,10.62
575900,478,477.97,-54.38,-54.38,0,10.62
575905,480,479.92,-53.56,-53.56,0,10.62
575910,482,482.04,-52.7,-52.7,0,10.62
575915,481,481.09,-51.84,-51.84,0,10.62
575920,485,484.96,-51.02,-51.02,0,10.62
575925,486,485.9,-50.26,-50.26,0,10.62
575930,487,487.04,-49.61,-49.61,0,10.62
575935,487,487.11,-49.08,-49.08,0,10.62
575940,486,485.95,-48.69,-48.69,0,10.62
575945,484,483.88,-48.46,-48.69,0,10.62
575950,482,482.05,-48.41,-48.69,0,10.62
575955,480,480.13,-48.54,-48.69,0,10.62
575960,480,479.95,-48.85,-48.85,0,10.62
575965,476,475.86,-49.36,-49.36,0,10.62
575970,473,473.05,-50.05,-50.05,0,10.62
575975,470,470.15,-50.93,-50.93,0,10.62
575980,468,467.95,-51.99,-51.99,0,10.62
575985,465,464.84,-53.21,-53.21,0,10.62
575990,462,462.05,-54.59,-54.59,0,10.62
575995,457,457.17,-56.11,-56.11,0,10.62
576000,455,454.96,-57.77,-57.77,0,10.62
576005,452,451.82,-59.55,-59.55,0,10.62
576010,450,450.04,-61.43,-61.43,0,10.62
576015,446,446.18,-63.39,-63.39,0,10.62
576020,446,445.96,-65.43,-65.43,0,10.62
576025,445,444.81,-67.53,-67.53,0,10.62
576030,442,442.04,-69.68,-69.68,0,10.62
576035,439,439.19,-71.85,-71.85,0,10.62
576040,438,437.96,-74.04,-74.04,0,10.62
576045,436,435.81,-76.23,-76.23,0,10.62
576050,434,434.04,-78.41,-78.41,0,10.62
576055,434,434.19,-80.56,-80.56,0,10.62
576060,433,432.97,-82.67,-82.67,0,10.62
576065,432,431.81,-84.73,-84.73,0,10.62
576070,432,432.03,-86.73,-86.73,0,10.62
576075,432,432.19,-88.64,-88.64,0,10.62
576080,430,429.97,-90.47,-90.47,0,10.62
576085,432,431.81,-92.18,-92.18,0,10.62
576090,431,431.03,-93.78,-93.78,0,10.62
576095,434,434.2,-95.24,-95.24,0,10.62
576100,434,433.97,-96.54,-96.54,0,10.62
576105,433,432.8,-97.67,-97.67,0,10.62
576110,435,435.03,-98.61,-98.61,0,10.62
576115,436,436.21,-99.34,-99.34,0,10.62
576120,435,434.98,-99.82,-99.6,0,10.62
576125,436,435.77,-100.05,-99.6,0,10.62
576130,436,436.02,-99.98,-99.6,0,10.62
576135,436,436.24,-99.6,-99.6,0,10.62
576140,438,437.98,-98.86,-98.86,0,10.62
576145,437,436.75,-97.74,-97.74,0,10.62
576150,438,438.02,-96.21,-96.21,0,10.62
576155,439,439.27,-94.23,-94.23,0,10.62
576160,439,438.99,-91.77,-91.77,0,10.62
576165,440,439.71,-88.8,-88.8,0,10.62
576170,441,441.01,-85.27,-85.27,0,10.62
576175,441,441.3,-81.17,-81.17,0,10.62
576180,440,439.99,-76.45,-76.45,0,10.62
576185,439,438.68,-71.1,-71.1,0,10.62
576190,438,438.01,-65.09,-65.09,0,10.62
576195,438,438.35,-58.4,-58.4,0,10.62
576200,441,441.0,-51.02,-51.02,0,10.62
576205,442,441.63,-42.94,-42.94,0,10.62
576210,442,442.0,-34.18,-34.18,0,10.62
576215,443,443.38,-24.74,-24.74,0,10.62
576220,445,445.01,-14.66,-14.66,0,10.62
576225,452,451.6,-3.95,-3.95,0,10.62
576230,461,460.99,7.32,7.32,0,10.62
576235,471,471.42,19.09,19.09,0,10.62
576240,489,489.02,31.29,31.29,0,10.62
576245,507,506.57,43.84,43.84,0,10.62
576250,531,530.99,56.62,56.62,0,10.62
576255,553,553.45,69.54,69.54,0,10.62
576260,579,579.02,82.46,82.46,0,10.62
576265,622,621.55,95.28,95.28,0,10.62
576270,631,630.98,107.86,107.86,0,10.62
576275,656,656.44,120.07,120.07,0,10.62
576280,679,679.01,131.79,131.79,0,10.62
576285,698,697.59,142.91,142.91,0,10.62
576290,719,718.99,153.3,153.3,0,10.62
576295,735,735.39,162.88,162.88,0,10.62
576300,747,747.01,171.53,171.53,0,10.62
576305,759,758.62,179.19,179.19,0,10.62
576310,765,764.99,185.78,185.78,0,10.62
576315,770,770.35,191.25,191.25,0,10.62
576320,770,770.0,195.57,195.57,0,10.62
576325,772,771.66,198.71,198.71,0,10.62
576330,768,768.0,200.66,199.5,0,10.62
576335,763,763.32,201.43,199.5,0,10.62
576340,755,754.98,201.03,199.5,0,10.62
576345,747,746.7,199.5,199.5,0,10.62
576350,737,737.02,196.88,196.88,0,10.62
576355,728,728.28,193.21,193.21,0,10.62
576360,716,715.97,188.56,188.56,0,10.62
576365,705,704.73,183.0,183.0,0,10.62
576370,694,694.04,176.59,176.59,0,10.62
576375,681,681.25,169.41,169.41,0,10.62
576380,672,671.95,161.55,161.55,0,10.62
576385,658,657.76,153.08,153.08,0,10.62
576390,647,647.06,144.09,144.09,0,10.62
576395,638,638.23,134.66,134.66,0,10.62
576400,629,628.94,124.87,124.87,0,10.62
576405,618,617.78,114.8,114.8,0,10.62
576410,607,607.06,104.53,104.53,0,10.62
576415,597,597.21,94.15,94.15,0,10.62
576420,588,587.94,83.71,83.71,0,10.62
576425,579,578.8,73.3,73.3,0,10.62
576430,572,572.06,62.99,62.99,0,10.62
576435,562,562.19,52.83,52.83,0,10.62
576440,551,550.93,42.88,42.88,0,10.62
576445,543,542.82,33.22,33.22,0,10.62
576450,529,529.07,23.88,23.88,0,10.62
576455,519,519.16,14.93,14.93,0,10.62
576460,508,507.93,6.39,6.39,0,10.62
576465,499,498.85,-1.67,-1.67,0,10.62
576470,491,491.08,-9.24,-9.24,0,10.62
576475,481,481.14,-16.29,-16.29,0,10.62
576480,474,473.92,-22.79,-22.79,0,10.62
576485,467,466.88,-28.72,-28.72,0,10.62
576490,463,463.1,-34.09,-34.09,0,10.62
576495,460,460.11,-38.88,-38.88,0,10.62
576500,457,456.9,-43.11,-43.11,0,10.62
576505,454,453.9,-46.79,-46.79,0,10.62
576510,455,455.11,-49.93,-49.93,0,10.62
576515,453,453.1,-52.56,-52.56,0,10.62
576520,455,454.88,-54.7,-54.7,0,10.62
576525,455,454.91,-56.39,-56.39,0,10.62
576530,457,457.13,-57.67,-57.67,0,10.62
576535,459,459.08,-58.57,-58.57,0,10.62
576540,463,462.86,-59.14,-59.14,0,10.62
576545,465,464.93,-59.43,-59.14,0,10.62
576550,468,468.15,-59.47,-59.14,0,10.62
576555,469,469.07,-59.31,-59.14,0,10.62
576560,472,471.84,-59.0,-59.0,0,10.62
576565,475,474.94,-58.57,-58.57,0,10.62
576570,477,477.17,-58.08,-58.08,0,10.62
576575,480,480.05,-57.56,-57.56,0,10.62
576580,480,479.82,-57.04,-57.04,0,10.62
576585,480,479.96,-56.56,-56.56,0,10.62
576590,479,479.19,-56.14,-56.14,0,10.62
576595,480,480.03,-55.82,-55.82,0,10.62
576600,479,478.8,-55.6,-55.78,0,10.62
576605,479,478.97,-55.52,-55.78,0,10.62
576610,476,476.21,-55.57,-55.78,0,10.62
576615,475,475.02,-55.78,-55.78,0,10.62
576620,472,471.78,-56.14,-56.14,0,10.62
576625,470,469.99,-56.66,-56.66,0,10.62
576630,467,467.23,-57.34,-57.34,0,10.62
576635,465,465.0,-58.17,-58.17,0,10.62
576640,460,459.75,-59.15,-59.15,0,10.62
576645,456,456.0,-60.26,-60.26,0,10.62
576650,454,454.26,-61.5,-61.5,0,10.62
576655,451,451.0,-62.85,-62.85,0,10.62
576660,447,446.73,-64.31,-64.31,0,10.62
576665,446,446.01,-65.85,-65.85,0,10.62
576670,441,441.29,-67.47,-67.47,0,10.62
576675,442,441.99,-69.14,-69.14,0,10.62
576680,437,436.69,-70.87,-70.87,0,10.62
576685,434,434.0,-72.63,-72.63,0,10.62
576690,427,427.32,-74.4,-74.4,0,10.62
576695,431,431.0,-76.19,-76.19,0,10.62
576700,431,430.68,-77.97,-77.97,0,10.62
576705,428,427.99,-79.74,-79.74,0,10.62
576710,428,428.32,-81.49,-81.49,0,10.62
576715,425,425.01,-83.21,-83.21,0,10.62
576720,427,426.68,-84.89,-84.89,0,10.62
576725,427,426.99,-86.53,-86.53,0,10.62
576730,422,422.32,-88.12,-88.12,0,10.62
576735,425,425.01,-89.65,-89.65,0,10.62
576740,426,425.69,-91.12,-91.12,0,10.62
576745,425,424.99,-92.52,-92.52,0,10.62
576750,426,426.3,-93.84,-93.84,0,10.62
576755,428,428.01,-95.08,-95.08,0,10.62
576760,429,428.71,-96.23,-96.23,0,10.62
576765,430,429.99,-97.27,-97.27,0,10.62
576770,428,428.27,-98.21,-98.21,0,10.62
576775,430,430.01,-99.02,-99.02,0,10.62
576780,431,430.74,-99.69,-99.69,0,10.62
576785,433,433.0,-100.21,-100.21,0,10.62
576790,434,434.24,-100.54,-100.29,0,10.62
576795,434,434.0,-100.69,-100.29,0,10.62
576800,436,435.77,-100.61,-100.29,0,10.62
576805,435,435.0,-100.29,-100.29,0,10.62
576810,434,434.22,-99.69,-99.69,0,10.62
576815,436,435.99,-98.78,-98.78,0,10.62
576820,438,437.8,-97.53,-97.53,0,10.62
576825,437,437.01,-95.91,-95.91,0,10.62
576830,439,439.18,-93.88,-93.88,0,10.62
576835,436,435.98,-91.41,-91.41,0,10.62
576840,437,436.84,-88.45,-88.45,0,10.62
576845,437,437.03,-84.97,-84.97,0,10.62
576850,438,438.14,-80.94,-80.94,0,10.62
576855,439,438.97,-76.31,-76.31,0,10.62
576860,438,437.87,-71.07,-71.07,0,10.62
576865,438,438.04,-65.18,-65.18,0,10.62
576870,436,436.12,-58.61,-58.61,0,10.62
576875,437,436.96,-51.36,-51.36,0,10.62
576880,439,438.9,-43.42,-43.42,0,10.62
576885,439,439.05,-34.77,-34.77,0,10.62
576890,439,439.08,-25.43,-25.43,0,10.62
576895,442,441.94,-15.42,-15.42,0,10.62
576900,447,446.95,-4.77,-4.77,0,10.62
576905,456,456.07,6.49,6.49,0,10.62
576910,467,467.04,18.29,18.29,0,10.62
576915,481,480.92,30.56,30.56,0,10.62
576920,499,498.99,43.22,43.22,0,10.62
576925,522,522.1,56.18,56.18,0,10.62
576930,545,544.99,69.33,69.33,0,10.62
576935,570,569.89,82.56,82.56,0,10.62
576940,596,596.02,95.73,95.73,0,10.62
576945,624,624.13,108.74,108.74,0,10.62
576950,650,649.96,121.44,121.44,0,10.62
576955,673,672.85,133.7,133.7,0,10.62
576960,696,696.05,145.42,145.42,0,10.62
576965,716,716.17,156.46,156.46,0,10.62
576970,734,733.93,166.71,166.71,0,10.62
576975,749,748.81,176.09,176.09,0,10.62
576980,760,760.08,184.5,184.5,0,10.62
576985,768,768.21,191.86,191.86,0,10.62
576990,775,774.9,198.12,198.12,0,10.62
576995,780,779.77,203.24,203.24,0,10.62
577000,774,774.1,207.18,207.18,0,10.62
577005,773,773.24,209.93,209.93,0,10.62
577010,769,768.89,211.48,209.93,0,10.62
577015,762,761.75,211.86,209.93,0,10.62
577020,753,753.11,211.09,209.93,0,10.62
577025,744,744.26,209.2,209.2,0,10.62
577030,734,733.88,206.24,206.24,0,10.62
577035,721,720.73,202.26,202.26,0,10.62
577040,712,712.12,197.33,197.33,0,10.62
577045,702,702.29,191.5,191.5,0,10.62
577050,692,691.88,184.87,184.87,0,10.62
577055,683,682.7,177.49,177.49,0,10.62
577060,671,671.12,169.44,169.44,0,10.62
577065,650,650.31,160.8,160.8,0,10.62
577070,649,648.88,151.66,151.66,0,10.62
577075,639,638.69,142.08,142.08,0,10.62
577080,629,629.13,132.15,132.15,0,10.62
577085,620,620.3,121.93,121.93,0,10.62
577090,611,610.87,111.51,111.51,0,10.62
577095,602,601.72,100.95,100.95,0,10.62
577100,592,592.13,90.31,90.31,0,10.62
577105,584,584.27,79.68,79.68,0,10.62
577110,575,574.86,69.1,69.1,0,10.62
577115,564,563.73,58.65,58.65,0,10.62
577120,556,556.14,48.37,48.37,0,10.62
577125,545,545.26,38.33,38.33,0,10.62
577130,535,534.86,28.57,28.57,0,10.62
577135,523,522.74,19.16,19.16,0,10.62
577140,512,512.14,10.12,10.12,0,10.62
577145,501,501.25,1.51,1.51,0,10.62
577150,492,491.86,-6.65,-6.65,0,10.62
577155,481,480.75,-14.31,-14.31,0,10.62
577160,473,473.14,-21.45,-21.45,0,10.62
577165,465,465.25,-28.05,-28.05,0,10.62
577170,460,459.86,-34.09,-34.09,0,10.62
577175,454,453.75,-39.58,-39.58,0,10.62
577180,452,452.14,-44.49,-44.49,0,10.62
577185,445,445.25,-48.85,-48.85,0,10.62
577190,444,443.86,-52.65,-52.65,0,10.62
577195,443,442.76,-55.92,-55.92,0,10.62
577200,443,443.15,-58.67,-58.67,0,10.62
577205,442,442.24,-60.93,-60.93,0,10.62
577210,443,442.85,-62.72,-62.72,0,10.62
577215,446,445.77,-64.09,-64.09,0,10.62
577220,445,445.16,-65.06,-65.06,0,10.62
577225,448,448.22,-65.68,-65.68,0,10.62
577230,450,449.83,-65.99,-65.68,0,10.62
577235,455,454.79,-66.03,-65.68,0,10.62
577240,455,455.17,-65.83,-65.68,0,10.62
577245,458,458.2,-65.45,-65.45,0,10.62
577250,459,458.82,-64.92,-64.92,0,10.62
577255,462,461.81,-64.29,-64.29,0,10.62
577260,463,463.19,-63.58,-63.58,0,10.62
577265,464,464.18,-62.84,-62.84,0,10.62
577270,466,465.8,-62.1,-62.1,0,10.62
577275,466,465.84,-61.38,-61.38,0,10.62
577280,460,460.2,-60.71,-60.71,0,10.62
577285,466,466.15,-60.12,-60.12,0,10.62
577290,467,466.8,-59.63,-59.63,0,10.62
577295,465,464.86,-59.25,-59.25,0,10.62
577300,467,467.19,-59.0,-59.08,0,10.62
577305,462,462.13,-58.88,-59.08,0,10.62
577310,461,460.82,-58.91,-59.08,0,10.62
577315,460,459.89,-59.08,-59.08,0,10.62
577320,457,457.18,-59.4,-59.4,0,10.62
577325,458,458.1,-59.87,-59.87,0,10.62
577330,452,451.82,-60.48,-60.48,0,10.62
577335,450,449.91,-61.22,-61.22,0,10.62
577340,448,448.18,-62.09,-62.09,0,10.62
577345,446,446.08,-63.08,-63.08,0,10.62
577350,442,441.82,-64.17,-64.17,0,10.62
577355,440,439.92,-65.36,-65.36,0,10.62
577360,437,437.19,-66.63,-66.63,0,10.62
577365,436,436.08,-67.97,-67.97,0,10.62
577370,432,431.81,-69.37,-69.37,0,10.62
577375,431,430.93,-70.82,-70.82,0,10.62
577380,430,430.2,-72.3,-72.3,0,10.62
577385,429,429.07,-73.82,-73.82,0,10.62
577390,426,425.8,-75.34,-75.34,0,10.62
577395,425,424.92,-76.88,-76.88,0,10.62
577400,423,423.21,-78.41,-78.41,0,10.62
577405,423,423.08,-79.93,-79.93,0,10.62
577410,422,421.78,-81.44,-81.44,0,10.62
577415,420,419.92,-82.92,-82.92,0,10.62
577420,419,419.23,-84.38,-84.38,0,10.62
577425,420,420.09,-85.8,-85.8,0,10.62
577430,420,419.76,-87.19,-87.19,0,10.62
577435,418,417.9,-88.53,-88.53,0,10.62
577440,418,418.24,-89.83,-89.83,0,10.62
577445,419,419.11,-91.07,-91.07,0,10.62
577450,420,419.76,-92.27,-92.27,0,10.62
577455,419,418.88,-93.4,-93.4,0,10.62
577460,420,420.24,-94.47,-94.47,0,10.62
577465,423,423.14,-95.48,-95.48,0,10.62
577470,421,420.75,-96.4,-96.4,0,10.62
577475,424,423.85,-97.24,-97.24,0,10.62
577480,422,422.25,-97.98,-97.98,0,10.62
577485,423,423.17,-98.62,-98.62,0,10.62
577490,425,424.75,-99.14,-99.14,0,10.62
577495,428,427.82,-99.51,-99.51,0,10.62
577500,428,428.25,-99.73,-99.51,0,10.62
577505,428,428.19,-99.78,-99.51,0,10.62
577510,431,430.74,-99.62,-99.51,0,10.62
577515,431,430.8,-99.24,-99.24,0,10.62
577520,431,431.26,-98.6,-98.6,0,10.62
577525,433,433.21,-97.68,-97.68,0,10.62
577530,434,433.74,-96.44,-96.44,0,10.62
577535,433,432.78,-94.84,-94.84,0,10.62
577540,434,434.26,-92.86,-92.86,0,10.62
577545,435,435.23,-90.45,-90.45,0,10.62
577550,436,435.75,-87.58,-87.58,0,10.62
577555,434,433.76,-84.2,-84.2,0,10.62
577560,434,434.25,-80.28,-80.28,0,10.62
577565,432,432.26,-75.78,-75.78,0,10.62
577570,433,432.75,-70.67,-70.67,0,10.62
577575,432,431.73,-64.91,-64.91,0,10.62
577580,432,432.24,-58.49,-58.49,0,10.62
577585,432,432.29,-51.38,-51.38,0,10.62
577590,433,432.76,-43.58,-43.58,0,10.62
577595,430,429.7,-35.06,-35.06,0,10.62
577600,432,432.23,-25.85,-25.85,0,10.62
577605,433,433.32,-15.95,-15.95,0,10.62
577610,439,438.77,-5.4,-5.4,0,10.62
577615,446,445.66,5.77,5.77,0,10.62
577620,458,458.22,17.5,17.5,0,10.62
577625,473,473.36,29.72,29.72,0,10.62
577630,491,490.79,42.34,42.34,0,10.62
577635,511,510.62,55.28,55.28,0,10.62
577640,536,536.21,68.42,68.42,0,10.62
577645,562,562.41,81.65,81.65,0,10.62
577650,590,589.79,94.84,94.84,0,10.62
577655,615,614.56,107.87,107.87,0,10.62
577660,640,640.2,120.59,120.59,0,10.62
577665,662,662.47,132.89,132.89,0,10.62
577670,690,689.81,144.63,144.63,0,10.62
577675,711,710.51,155.69,155.69,0,10.62
577680,728,728.18,165.96,165.96,0,10.62
577685,747,747.51,175.33,175.33,0,10.62
577690,756,755.83,183.72,183.72,0,10.62
577695,782,781.47,191.04,191.04,0,10.62
577700,770,770.15,197.23,197.23,0,10.62
577705,774,774.52,202.26,202.26,0,10.62
577710,774,773.86,206.08,206.08,0,10.62
577715,771,770.49,208.68,208.68,0,10.62
577720,766,766.12,210.07,208.68,0,10.62
577725,758,758.5,210.26,208.68,0,10.62
577730,750,749.89,209.28,208.68,0,10.62
577735,740,739.51,207.17,207.17,0,10.62
577740,730,730.09,203.98,203.98,0,10.62
577745,712,712.47,199.77,199.77,0,10.62
577750,709,708.92,194.6,194.6,0,10.62
577755,696,695.55,188.54,188.54,0,10.62
577760,686,686.07,181.68,181.68,0,10.62
577765,673,673.42,174.09,174.09,0,10.62
577770,661,660.95,165.85,165.85,0,10.62
577775,651,650.6,157.05,157.05,0,10.62
577780,640,640.04,147.77,147.77,0,10.62
577785,633,633.37,138.09,138.09,0,10.62
577790,619,618.97,128.1,128.1,0,10.62
577795,611,610.64,117.87,117.87,0,10.62
577800,600,600.02,107.49,107.49,0,10.62
577805,593,593.34,97.03,97.03,0,10.62
577810,583,582.99,86.55,86.55,0,10.62
577815,575,574.67,76.14,76.14,0,10.62
577820,567,567.0,65.85,65.85,0,10.62
577825,555,555.31,55.76,55.76,0,10.62
577830,545,545.0,45.91,45.91,0,10.62
577835,535,534.7,36.37,36.37,0,10.62
577840,524,523.99,27.19,27.19,0,10.62
577845,513,513.29,18.41,18.41,0,10.62
577850,500,500.01,10.08,10.08,0,10.62
577855,493,492.73,2.23,2.23,0,10.62
577860,482,481.99,-5.1,-5.1,0,10.62
577865,477,477.26,-11.9,-11.9,0,10.62
577870,466,466.01,-18.13,-18.13,0,10.62
577875,462,461.75,-23.8,-23.8,0,10.62
577880,457,457.0,-28.89,-28.89,0,10.62
577885,455,455.25,-33.41,-33.41,0,10.62
577890,452,452.0,-37.37,-37.37,0,10.62
577895,453,452.76,-40.79,-40.79,0,10.62
577900,450,450.0,-43.68,-43.68,0,10.62
577905,451,451.23,-46.08,-46.08,0,10.62
577910,453,453.0,-48.02,-48.02,0,10.62
577915,454,453.78,-49.54,-49.54,0,10.62
577920,461,461.01,-50.68,-50.68,0,10.62
577925,460,460.21,-51.47,-51.47,0,10.62
577930,462,461.98,-51.97,-51.97,0,10.62
577935,465,464.79,-52.22,-51.97,0,10.62
577940,470,470.03,-52.27,-51.97,0,10.62
577945,473,473.21,-52.16,-51.97,0,10.62
577950,474,473.95,-51.94,-51.94,0,10.62
577955,476,475.79,-51.65,-51.65,0,10.62
577960,479,479.07,-51.32,-51.32,0,10.62
577965,479,479.21,-51.0,-51.0,0,10.62
577970,482,481.91,-50.72,-50.72,0,10.62
577975,479,478.79,-50.5,-50.5,0,10.62
577980,478,478.1,-50.36,-50.5,0,10.62
577985,477,477.22,-50.34,-50.5,0,10.62
577990,475,474.89,-50.44,-50.5,0,10.62
577995,473,472.78,-50.68,-50.68,0,10.62
578000,472,472.13,-51.06,-51.06,0,10.62
578005,465,465.22,-51.58,-51.58,0,10.62
578010,465,464.85,-52.25,-52.25,0,10.62
578015,462,461.78,-53.07,-53.07,0,10.62
578020,457,457.16,-54.02,-54.02,0,10.62
578025,455,455.22,-55.11,-55.11,0,10.62
578030,452,451.82,-56.32,-56.32,0,10.62
578035,451,450.78,-57.64,-57.64,0,10.62
578040,435,435.19,-59.06,-59.06,0,10.62
578045,443,443.21,-60.57,-60.57,0,10.62
578050,440,439.82,-62.15,-62.15,0,10.62
578055,439,438.79,-63.8,-63.8,0,10.62
578060,435,435.17,-65.5,-65.5,0,10.62
578065,433,433.2,-67.24,-67.24,0,10.62
578070,432,431.85,-69.0,-69.0,0,10.62
578075,430,429.81,-70.79,-70.79,0,10.62
578080,430,430.14,-72.58,-72.58,0,10.62
578085,427,427.18,-74.37,-74.37,0,10.62
578090,427,426.87,-76.14,-76.14,0,10.62
578095,425,424.83,-77.9,-77.9,0,10.62
578100,425,425.12,-79.63,-79.63,0,10.62
578105,424,424.16,-81.32,-81.32,0,10.62
578110,422,421.89,-82.96,-82.96,0,10.62
578115,423,422.85,-84.56,-84.56,0,10.62
578120,423,423.1,-86.09,-86.09,0,10.62
578125,423,423.15,-87.56,-87.56,0,10.62
578130,424,423.91,-88.95,-88.95,0,10.62
578135,424,423.86,-90.26,-90.26,0,10.62
578140,424,424.09,-91.48,-91.48,0,10.62
578145,425,425.13,-92.6,-92.6,0,10.62
578150,426,425.92,-93.6,-93.6,0,10.62
578155,426,425.88,-94.48,-94.48,0,10.62
578160,427,427.07,-95.21,-95.21,0,10.62
578165,428,428.12,-95.79,-95.79,0,10.62
578170,430,429.94,-96.2,-96.15,0,10.62
578175,429,428.88,-96.41,-96.15,0,10.62
578180,428,428.05,-96.4,-96.15,0,10.62
578185,432,432.11,-96.15,-96.15,0,10.62
578190,432,431.97,-95.63,-95.63,0,10.62
578195,433,432.89,-94.82,-94.82,0,10.62
578200,436,436.01,-93.69,-93.69,0,10.62
578205,435,435.11,-92.2,-92.2,0,10.62
578210,434,434.0,-90.32,-90.32,0,10.62
578215,433,432.89,-88.02,-88.02,0,10.62
578220,436,435.99,-85.26,-85.26,0,10.62
578225,435,435.12,-82.02,-82.02,0,10.62
578230,431,431.01,-78.26,-78.26,0,10.62
578235,433,432.87,-73.95,-73.95,0,10.62
578240,433,432.99,-69.05,-69.05,0,10.62
578245,433,433.14,-63.56,-63.56,0,10.62
578250,434,434.01,-57.44,-57.44,0,10.62
578255,453,452.86,-50.69,-50.69,0,10.62
578260,436,435.99,-43.29,-43.29,0,10.62
578265,435,435.11,-35.24,-35.24,0,10.62
578270,438,438.01,-26.56,-26.56,0,10.62
578275,439,438.93,-17.25,-17.25,0,10.62
578280,445,444.99,-7.35,-7.35,0,10.62
578285,452,452.03,3.1,3.1,0,10.62
578290,463,463.01,14.06,14.06,0,10.62
578295,474,474.01,25.46,25.46,0,10.62
578300,490,489.99,37.22,37.22,0,10.62
578305,509,508.95,49.26,49.26,0,10.62
578310,529,529.01,61.47,61.47,0,10.62
578315,553,553.09,73.75,73.75,0,10.62
578320,578,577.99,85.99,85.99,0,10.62
578325,603,602.88,98.05,98.05,0,10.62
578330,621,621.01,109.82,109.82,0,10.62
578335,651,651.16,121.17,121.17,0,10.62
578340,671,671.0,131.98,131.98,0,10.62
578345,697,696.81,142.14,142.14,0,10.62
578350,710,709.98,151.53,151.53,0,10.62
578355,723,723.22,160.06,160.06,0,10.62
578360,735,735.03,167.63,167.63,0,10.62
578365,746,745.75,174.18,174.18,0,10.62
578370,750,749.95,179.64,179.64,0,10.62
578375,755,755.26,183.96,183.96,0,10.62
578380,744,744.05,187.11,187.11,0,10.62
578385,753,752.71,189.08,187.86,0,10.62
578390,748,747.96,189.85,187.86,0,10.62
578395,735,735.3,189.43,187.86,0,10.62
578400,737,737.03,187.86,187.86,0,10.62
578405,731,730.69,185.15,185.15,0,10.62
578410,719,718.99,181.36,181.36,0,10.62
578415,705,705.3,176.55,176.55,0,10.62
578420,696,696.0,170.77,170.77,0,10.62
578425,683,682.71,164.1,164.1,0,10.62
578430,672,672.01,156.62,156.62,0,10.62
578435,658,658.28,148.4,148.4,0,10.62
578440,645,644.97,139.54,139.54,0,10.62
578445,633,632.73,130.13,130.13,0,10.62
578450,620,620.05,120.26,120.26,0,10.62
578455,609,609.27,110.01,110.01,0,10.62
578460,597,596.94,99.48,99.48,0,10.62
578465,587,586.74,88.77,88.77,0,10.62
578470,575,575.08,77.95,77.95,0,10.62
578475,560,560.24,67.11,67.11,0,10.62
578480,554,553.9,56.34,56.34,0,10.62
578485,542,541.77,45.71,45.71,0,10.62
578490,530,530.11,35.31,35.31,0,10.62
578495,521,521.21,25.19,25.19,0,10.62
578500,507,506.87,15.43,15.43,0,10.62
578505,496,495.81,6.08,6.08,0,10.62
578510,484,484.14,-2.8,-2.8,0,10.62
578515,477,477.18,-11.16,-11.16,0,10.62
578520,467,466.85,-18.97,-18.97,0,10.62
578525,458,457.83,-26.2,-26.2,0,10.62
578530,449,449.16,-32.8,-32.8,0,10.62
578535,444,444.17,-38.79,-38.79,0,10.62
578540,439,438.83,-44.13,-44.13,0,10.62
578545,440,439.85,-48.84,-48.84,0,10.62
578550,435,435.18,-52.92,-52.92,0,10.62
578555,435,435.14,-56.39,-56.39,0,10.62
578560,437,436.82,-59.28,-59.28,0,10.62
578565,438,437.88,-61.6,-61.6,0,10.62
578570,439,439.19,-63.41,-63.41,0,10.62
578575,441,441.1,-64.73,-64.73,0,10.62
578580,446,445.8,-65.62,-65.62,0,10.62
578585,449,448.92,-66.12,-65.78,0,10.62
578590,453,453.2,-66.27,-65.78,0,10.62
578595,456,456.06,-66.15,-65.78,0,10.62
578600,461,460.8,-65.78,-65.78,0,10.62
578605,463,462.96,-65.24,-65.24,0,10.62
578610,466,466.21,-64.56,-64.56,0,10.62
578615,467,467.02,-63.79,-63.79,0,10.62
578620,470,469.79,-62.98,-62.98,0,10.62
578625,474,474.01,-62.18,-62.18,0,10.62
578630,475,475.22,-61.42,-61.42,0,10.62
578635,473,472.96,-60.73,-60.73,0,10.62
578640,474,473.77,-60.15,-60.15,0,10.62
578645,472,472.07,-59.7,-59.7,0,10.62
578650,472,472.24,-59.4,-59.57,0,10.62
578655,471,470.9,-59.27,-59.57,0,10.62
578660,469,468.75,-59.32,-59.57,0,10.62
578665,465,465.13,-59.57,-59.57,0,10.62
578670,463,463.26,-60.0,-60.0,0,10.62
578675,463,462.85,-60.63,-60.63,0,10.62
578680,459,458.73,-61.45,-61.45,0,10.62
578685,458,458.18,-62.46,-62.46,0,10.62
578690,450,450.28,-63.65,-63.65,0,10.62
578695,450,449.8,-65.0,-65.0,0,10.62
578700,446,445.72,-66.5,-66.5,0,10.62
578705,442,442.23,-68.14,-68.14,0,10.62
578710,438,438.28,-69.9,-69.9,0,10.62
578715,439,438.75,-71.77,-71.77,0,10.62
578720,434,433.72,-73.72,-73.72,0,10.62
578725,431,431.27,-75.74,-75.74,0,10.62
578730,431,431.28,-77.82,-77.82,0,10.62
578735,428,427.71,-79.93,-79.93,0,10.62
578740,429,428.71,-82.05,-82.05,0,10.62
578745,424,424.31,-84.17,-84.17,0,10.62
578750,426,426.29,-86.28,-86.28,0,10.62
578755,425,424.67,-88.34,-88.34,0,10.62
578760,423,422.71,-90.35,-90.35,0,10.62
578765,413,413.34,-92.28,-92.28,0,10.62
578770,413,413.29,-94.13,-94.13,0,10.62
578775,422,421.67,-95.86,-95.86,0,10.62
578780,422,421.73,-97.47,-97.47,0,10.62
578785,423,423.32,-98.94,-98.94,0,10.62
578790,422,422.26,-100.25,-100.25,0,10.62
578795,424,423.69,-101.38,-101.38,0,10.62
578800,424,423.76,-102.32,-102.32,0,10.62
578805,419,419.3,-103.04,-103.04,0,10.62
578810,429,429.22,-103.52,-103.32,0,10.62
578815,428,427.72,-103.74,-103.32,0,10.62
578820,430,429.79,-103.69,-103.32,0,10.62
578825,428,428.25,-103.32,-103.32,0,10.62
578830,434,434.19,-102.62,-102.62,0,10.62
578835,429,428.78,-101.55,-101.55,0,10.62
578840,434,433.81,-100.1,-100.1,0,10.62
578845,438,438.2,-98.22,-98.22,0,10.62
578850,434,434.18,-95.88,-95.88,0,10.62
578855,436,435.81,-93.06,-93.06,0,10.62
578860,438,437.83,-89.72,-89.72,0,10.62
578865,439,439.18,-85.84,-85.84,0,10.62
578870,439,439.16,-81.37,-81.37,0,10.62
578875,440,439.82,-76.3,-76.3,0,10.62
578880,438,437.85,-70.59,-70.59,0,10.62
578885,439,439.17,-64.23,-64.23,0,10.62
578890,440,440.14,-57.2,-57.2,0,10.62
578895,441,440.84,-49.48,-49.48,0,10.62
578900,442,441.86,-41.09,-41.09,0,10.62
578905,443,443.15,-32.01,-32.01,0,10.62
578910,446,446.13,-22.26,-22.26,0,10.62
578915,448,447.86,-11.88,-11.88,0,10.62
578920,456,455.88,-0.89,-0.89,0,10.62
578925,465,465.14,10.66,10.66,0,10.62
578930,477,477.12,22.7,22.7,0,10.62
578935,492,491.87,35.16,35.16,0,10.62
578940,511,510.89,47.95,47.95,0,10.62
578945,533,533.13,60.99,60.99,0,10.62
578950,557,557.11,74.14,74.14,0,10.62
578955,582,581.87,87.31,87.31,0,10.62
578960,608,607.89,100.37,100.37,0,10.62
578965,635,635.13,113.18,113.18,0,10.62
578970,659,659.11,125.63,125.63,0,10.62
578975,684,683.87,137.59,137.59,0,10.62
578980,703,702.89,148.94,148.94,0,10.62
578985,726,726.13,159.55,159.55,0,10.62
578990,741,741.1,169.34,169.34,0,10.62
578995,754,753.86,178.19,178.19,0,10.62
579000,767,766.89,186.04,186.04,0,10.62
579005,772,772.14,192.8,192.8,0,10.62
579010,776,776.11,198.43,198.43,0,10.62
579015,778,777.85,202.89,202.89,0,10.62
579020,779,778.89,206.14,206.14,0,10.62
579025,775,775.16,208.19,207.16,0,10.62
579030,771,771.1,209.02,207.16,0,10.62
579035,766,765.83,208.67,207.16,0,10.62
579040,756,755.91,207.16,207.16,0,10.62
579045,746,746.17,204.53,204.53,0,10.62
579050,735,735.09,200.83,200.83,0,10.62
579055,725,724.83,196.11,196.11,0,10.62
579060,710,709.92,190.45,190.45,0,10.62
579065,702,702.18,183.92,183.92,0,10.62
579070,691,691.09,176.6,176.6,0,10.62
579075,679,678.82,168.55,168.55,0,10.62
579080,668,667.91,159.87,159.87,0,10.62
579085,657,657.18,150.63,150.63,0,10.62
579090,646,646.09,140.93,140.93,0,10.62
579095,639,638.81,130.84,130.84,0,10.62
579100,625,624.9,120.45,120.45,0,10.62
579105,615,615.18,109.84,109.84,0,10.62
579110,605,605.1,99.08,99.08,0,10.62
579115,597,596.82,88.25,88.25,0,10.62
579120,589,588.89,77.43,77.43,0,10.62
579125,575,575.17,66.69,66.69,0,10.62
579130,565,565.1,56.1,56.1,0,10.62
579135,553,552.84,45.71,45.71,0,10.62
579140,543,542.9,35.6,35.6,0,10.62
579145,531,531.16,25.82,25.82,0,10.62
579150,521,521.1,16.42,16.42,0,10.62
579155,508,507.85,7.45,7.45,0,10.62
579160,506,505.91,-1.04,-1.04,0,10.62
579165,489,489.15,-9.04,-9.04,0,10.62
579170,480,480.07,-16.49,-16.49,0,10.62
579175,473,472.85,-23.39,-23.39,0,10.62
579180,466,465.95,-29.72,-29.72,0,10.62
579185,461,461.15,-35.46,-35.46,0,10.62
579190,460,460.03,-40.61,-40.61,0,10.62
579195,455,454.86,-45.19,-45.19,0,10.62
579200,453,452.98,-49.2,-49.2,0,10.62
579205,450,450.14,-52.67,-52.67,0,10.62
579210,452,452.0,-55.61,-55.61,0,10.62
579215,454,453.87,-58.06,-58.06,0,10.62
579220,452,452.01,-60.05,-60.05,0,10.62
579225,457,457.12,-61.63,-61.63,0,10.62
579230,458,457.98,-62.82,-62.82,0,10.62
579235,466,465.89,-63.69,-63.69,0,10.62
579240,463,463.03,-64.26,-64.26,0,10.62
579245,466,466.09,-64.6,-64.6,0,10.62
579250,470,469.96,-64.74,-64.6,0,10.62
579255,471,470.94,-64.74,-64.6,0,10.62
579260,473,473.04,-64.62,-64.6,0,10.62
579265,472,472.04,-64.44,-64.44,0,10.62
579270,474,473.95,-64.24,-64.24,0,10.62
579275,476,475.99,-64.04,-64.04,0,10.62
579280,475,475.05,-63.88,-63.91,0,10.62
579285,476,475.98,-63.79,-63.91,0,10.62
579290,473,472.94,-63.79,-63.91,0,10.62
579295,472,472.04,-63.91,-63.91,0,10.62
579300,471,471.07,-64.16,-64.16,0,10.62
579305,470,469.93,-64.55,-64.55,0,10.62
579310,466,465.92,-65.09,-65.09,0,10.62
579315,464,464.09,-65.79,-65.79,0,10.62
579320,459,459.09,-66.65,-66.65,0,10.62
579325,457,456.88,-67.67,-67.67,0,10.62
579330,455,454.9,-68.85,-68.85,0,10.62
579335,450,450.14,-70.18,-70.18,0,10.62
579340,447,447.1,-71.65,-71.65,0,10.62
579345,453,452.84,-73.25,-73.25,0,10.62
579350,441,440.89,-74.98,-74.98,0,10.62
579355,438,438.16,-76.81,-76.81,0,10.62
579360,435,435.11,-78.74,-78.74,0,10.62
579365,433,432.84,-80.76,-80.76,0,10.62
579370,431,430.88,-82.84,-82.84,0,10.62
579375,427,427.16,-84.98,-84.98,0,10.62
579380,425,425.12,-87.16,-87.16,0,10.62
579385,424,423.84,-89.36,-89.36,0,10.62
579390,424,423.88,-91.58,-91.58,0,10.62
579395,422,422.16,-93.79,-93.79,0,10.62
579400,421,421.12,-95.98,-95.98,0,10.62
579405,422,421.84,-98.15,-98.15,0,10.62
579410,422,421.89,-100.27,-100.27,0,10.62
579415,421,421.16,-102.33,-102.33,0,10.62
579420,421,421.11,-104.32,-104.32,0,10.62
579425,420,419.85,-106.21,-106.21,0,10.62
579430,422,421.9,-108.0,-108.0,0,10.62
579435,420,420.15,-109.65,-109.65,0,10.62
579440,421,421.1,-111.16,-111.16,0,10.62
579445,421,420.85,-112.49,-112.49,0,10.62
579450,423,422.91,-113.63,-113.63,0,10.62
579455,423,423.15,-114.55,-114.55,0,10.62
579460,423,423.08,-115.22,-115.22,0,10.62
579465,425,424.85,-115.6,-115.22,0,10.62
579470,425,424.93,-115.68,-115.22,0,10.62
579475,424,424.15,-115.41,-115.22,0,10.62
579480,425,425.05,-114.75,-114.75,0,10.62
579485,425,424.85,-113.68,-113.68,0,10.62
579490,424,423.96,-112.15,-112.15,0,10.62
579495,408,408.13,-110.12,-110.12,0,10.62
579500,425,425.03,-107.55,-107.55,0,10.62
579505,426,425.9,-104.4,-104.4,0,10.62
579510,426,425.98,-100.64,-100.64,0,10.62
579515,426,426.05,-96.23,-96.23,0,10.62
579520,426,426.01,-91.14,-91.14,0,10.62
579525,426,426.0,-85.34,-85.34,0,10.62
579530,425,425.0,-78.81,-78.81,0,10.62
579535,426,425.95,-71.52,-71.52,0,10.62
579540,426,425.99,-63.47,-63.47,0,10.62
579545,425,425.1,-54.64,-54.64,0,10.62
579550,427,427.02,-45.05,-45.05,0,10.62
579555,448,447.86,-34.71,-34.71,0,10.62
579560,434,433.98,-23.64,-23.64,0,10.62
579565,442,442.15,-11.89,-11.89,0,10.62
579570,453,453.03,0.5,0.5,0,10.62
579575,466,465.86,13.46,13.46,0,10.62
579580,484,483.96,26.92,26.92,0,10.62
579585,503,503.14,40.77,40.77,0,10.62
579590,528,528.05,54.93,54.93,0,10.62
579595,553,552.86,69.26,69.26,0,10.62
579600,581,580.94,83.66,83.66,0,10.62
579605,609,609.14,97.98,97.98,0,10.62
579610,637,637.07,112.1,112.1,0,10.62
579615,664,663.86,125.88,125.88,0,10.62
579620,689,688.92,139.19,139.19,0,10.62
579625,714,714.13,151.91,151.91,0,10.62
579630,733,733.09,163.9,163.9,0,10.62
579635,749,748.86,175.07,175.07,0,10.62
579640,764,763.89,185.3,185.3,0,10.62
579645,773,773.14,194.52,194.52,0,10.62
579650,782,782.11,202.65,202.65,0,10.62
579655,789,788.85,209.63,209.63,0,10.62
579660,789,788.87,215.41,215.41,0,10.62
579665,789,789.14,219.98,219.98,0,10.62
579670,786,786.14,223.31,223.31,0,10.62
579675,782,781.86,225.39,224.4,0,10.62
579680,777,776.85,226.26,224.4,0,10.62
579685,767,767.14,225.91,224.4,0,10.62
579690,761,761.16,224.4,224.4,0,10.62
579695,752,751.87,221.76,221.76,0,10.62
579700,743,742.83,218.04,218.04,0,10.62
579705,733,733.13,213.31,213.31,0,10.62
579710,724,724.19,207.62,207.62,0,10.62
579715,713,712.88,201.05,201.05,0,10.62
579720,703,702.8,193.66,193.66,0,10.62
579725,692,692.12,185.54,185.54,0,10.62
579730,682,682.21,176.75,176.75,0,10.62
579735,671,670.89,167.39,167.39,0,10.62
579740,663,662.77,157.51,157.51,0,10.62
579745,652,652.11,147.21,147.21,0,10.62
579750,643,643.24,136.56,136.56,0,10.62
579755,633,632.9,125.64,125.64,0,10.62
579760,623,622.75,114.52,114.52,0,10.62
579765,612,612.1,103.27,103.27,0,10.62
579770,601,601.26,91.97,91.97,0,10.62
579775,593,592.91,80.68,80.68,0,10.62
579780,583,582.72,69.48,69.48,0,10.62
579785,570,570.09,58.44,58.44,0,10.62
579790,557,557.28,47.6,47.6,0,10.62
579795,543,542.92,37.04,37.04,0,10.62
579800,532,531.71,26.81,26.81,0,10.62
579805,519,519.08,16.96,16.96,0,10.62
579810,506,506.29,7.55,7.55,0,10.62
579815,494,493.92,-1.39,-1.39,0,10.62
579820,483,482.7,-9.82,-9.82,0,10.62
579825,475,475.08,-17.7,-17.7,0,10.62
579830,465,465.31,-25.02,-25.02,0,10.62
579835,460,459.92,-31.75,-31.75,0,10.62
579840,454,453.69,-37.9,-37.9,0,10.62
579845,448,448.08,-43.45,-43.45,0,10.62
579850,448,448.32,-48.41,-48.41,0,10.62
579855,443,442.92,-52.8,-52.8,0,10.62
579860,442,441.67,-56.62,-56.62,0,10.62
579865,442,442.08,-59.92,-59.92,0,10.62
579870,441,441.35,-62.71,-62.71,0,10.62
579875,443,442.92,-65.03,-65.03,0,10.62
579880,446,445.64,-66.91,-66.91,0,10.62
579885,447,447.08,-68.41,-68.41,0,10.62
579890,449,449.37,-69.57,-69.57,0,10.62
579895,451,450.92,-70.42,-70.42,0,10.62
579900,453,452.62,-71.02,-71.02,0,10.62
579905,455,455.08,-71.41,-71.41,0,10.62
579910,457,457.39,-71.64,-71.64,0,10.62
579915,459,458.91,-71.75,-71.75,0,10.62
579920,460,459.59,-71.78,-71.75,0,10.62
579925,460,460.09,-71.76,-71.76,0,10.62
579930,462,462.42,-71.75,-71.76,0,10.62
579935,460,459.91,-71.76,-71.78,0,10.62
579940,459,458.56,-71.82,-71.82,0,10.62
579945,458,458.09,-71.96,-71.96,0,10.62
579950,437,437.45,-72.2,-72.2,0,10.62
579955,454,453.91,-72.56,-72.56,0,10.62
579960,451,450.57,-73.04,-73.04,0,10.62
579965,452,452.09,-73.67,-73.67,0,10.62
579970,447,447.41,-74.45,-74.45,0,10.62
579975,444,443.9,-75.38,-75.38,0,10.62
579980,442,441.62,-76.46,-76.46,0,10.62
579985,438,438.11,-77.7,-77.7,0,10.62
579990,436,436.36,-79.08,-79.08,0,10.62
579995,432,431.88,-80.61,-80.61,0,10.62
580000,427,426.66,-82.27,-82.27,0,10.62
580005,425,425.13,-84.05,-84.05,0,10.62
580010,421,421.32,-85.94,-85.94,0,10.62
580015,419,418.86,-87.93,-87.93,0,10.62
580020,417,416.7,-90.0,-90.0,0,10.62
580025,416,416.15,-92.14,-92.14,0,10.62
580030,412,412.28,-94.33,-94.33,0,10.62
580035,410,409.84,-96.56,-96.56,0,10.62
580040,409,408.74,-98.81,-98.81,0,10.62
580045,406,406.18,-101.06,-101.06,0,10.62
580050,404,404.24,-103.3,-103.3,0,10.62
580055,405,404.81,-105.5,-105.5,0,10.62
580060,403,402.79,-107.65,-107.65,0,10.62
580065,403,403.21,-109.73,-109.73,0,10.62
580070,403,403.19,-111.72,-111.72,0,10.62
580075,403,402.78,-113.59,-113.59,0,10.62
580080,402,401.83,-115.34,-115.34,0,10.62
580085,402,402.23,-116.92,-116.92,0,10.62
580090,403,403.15,-118.33,-118.33,0,10.62
580095,404,403.75,-119.52,-119.52,0,10.62
580100,403,402.86,-120.49,-120.49,0,10.62
580105,405,405.26,-121.19,-121.19,0,10.62
580110,402,402.12,-121.59,-121.19,0,10.62
580115,404,403.73,-121.67,-121.19,0,10.62
580120,405,404.9,-121.38,-121.19,0,10.62
580125,405,405.29,-120.7,-120.7,0,10.62
580130,406,406.08,-119.59,-119.59,0,10.62
580135,406,405.7,-118.01,-118.01,0,10.62
580140,399,398.94,-115.92,-115.92,0,10.62
580145,407,407.32,-113.29,-113.29,0,10.62
580150,408,408.06,-110.07,-110.07,0,10.62
580155,410,409.66,-106.24,-106.24,0,10.62
580160,407,406.94,-101.76,-101.76,0,10.62
580165,408,408.35,-96.59,-96.59,0,10.62
580170,411,411.07,-90.72,-90.72,0,10.62
580175,410,409.63,-84.11,-84.11,0,10.62
580180,412,411.92,-76.75,-76.75,0,10.62
580185,407,407.38,-68.62,-68.62,0,10.62
580190,413,413.09,-59.73,-59.73,0,10.62
580195,415,414.62,-50.08,-50.08,0,10.62
580200,416,415.91,-39.67,-39.67,0,10.62
580205,420,420.38,-28.54,-28.54,0,10.62
580210,427,427.11,-16.73,-16.73,0,10.62
580215,437,436.62,-4.29,-4.29,0,10.62
580220,447,446.89,8.73,8.73,0,10.62
580225,463,463.38,22.24,22.24,0,10.62
580230,482,482.13,36.14,36.14,0,10.62
580235,506,505.63,50.34,50.34,0,10.62
580240,534,533.86,64.72,64.72,0,10.62
580245,558,558.37,79.15,79.15,0,10.62
580250,588,588.15,93.51,93.51,0,10.62
580255,617,616.63,107.65,107.65,0,10.62
580260,644,643.84,121.44,121.44,0,10.62
580265,670,670.36,134.74,134.74,0,10.62
580270,691,691.16,147.42,147.42,0,10.62
580275,716,715.64,159.36,159.36,0,10.62
580280,737,736.84,170.44,170.44,0,10.62
580285,746,746.35,180.56,180.56,0,10.62
580290,759,759.15,189.62,189.62,0,10.62
580295,768,767.66,197.56,197.56,0,10.62
580300,771,770.86,204.3,204.3,0,10.62
580305,772,772.33,209.81,209.81,0,10.62
580310,775,775.13,214.05,214.05,0,10.62
580315,771,770.69,217.02,217.02,0,10.62
580320,767,766.87,218.7,217.02,0,10.62
580325,759,759.3,219.11,217.02,0,10.62
580330,752,752.12,218.28,217.02,0,10.62
580335,742,741.72,216.25,216.25,0,10.62
580340,734,733.88,213.05,213.05,0,10.62
580345,725,725.27,208.76,208.76,0,10.62
580350,713,713.11,203.43,203.43,0,10.62
580355,701,700.74,197.14,197.14,0,10.62
580360,689,688.89,189.96,189.96,0,10.62
580365,679,679.25,181.97,181.97,0,10.62
580370,664,664.11,173.25,173.25,0,10.62
580375,657,656.75,163.89,163.89,0,10.62
580380,647,646.9,153.98,153.98,0,10.62
580385,629,629.24,143.59,143.59,0,10.62
580390,624,624.08,132.82,132.82,0,10.62
580395,611,610.78,121.75,121.75,0,10.62
580400,603,602.93,110.47,110.47,0,10.62
580405,593,593.21,99.04,99.04,0,10.62
580410,582,582.06,87.56,87.56,0,10.62
580415,571,570.8,76.1,76.1,0,10.62
580420,554,553.95,64.73,64.73,0,10.62
580425,546,546.18,53.53,53.53,0,10.62
580430,533,533.04,42.55,42.55,0,10.62
580435,522,521.83,31.87,31.87,0,10.62
580440,508,507.96,21.55,21.55,0,10.62
580445,496,496.16,11.63,11.63,0,10.62
580450,484,484.04,2.17,2.17,0,10.62
580455,472,471.86,-6.79,-6.79,0,10.62
580460,464,463.96,-15.22,-15.22,0,10.62
580465,457,457.13,-23.09,-23.09,0,10.62
580470,448,448.04,-30.37,-30.37,0,10.62
580475,442,441.87,-37.05,-37.05,0,10.62
580480,438,437.97,-43.13,-43.13,0,10.62
580485,434,434.12,-48.6,-48.6,0,10.62
580490,431,431.03,-53.47,-53.47,0,10.62
580495,430,429.88,-57.76,-57.76,0,10.62
580500,427,426.97,-61.48,-61.48,0,10.62
580505,428,428.11,-64.66,-64.66,0,10.62
580510,429,429.03,-67.33,-67.33,0,10.62
580515,430,429.89,-69.52,-69.52,0,10.62
580520,429,428.97,-71.28,-71.28,0,10.62
580525,432,432.1,-72.64,-72.64,0,10.62
580530,435,435.03,-73.64,-73.64,0,10.62
580535,438,437.9,-74.32,-74.32,0,10.62
580540,442,441.96,-74.74,-74.74,0,10.62
580545,440,440.08,-74.94,-74.74,0,10.62
580550,442,442.04,-74.95,-74.74,0,10.62
580555,445,444.93,-74.82,-74.74,0,10.62
580560,445,444.96,-74.59,-74.59,0,10.62
580565,447,447.06,-74.29,-74.29,0,10.62
580570,445,445.04,-73.95,-73.95,0,10.62
580575,446,445.95,-73.61,-73.61,0,10.62
580580,446,445.97,-73.28,-73.28,0,10.62
580585,446,446.03,-73.0,-73.0,0,10.62
580590,442,442.02,-72.78,-72.78,0,10.62
580595,441,440.97,-72.64,-72.76,0,10.62
580600,437,436.98,-72.58,-72.76,0,10.62
580605,438,438.02,-72.62,-72.76,0,10.62
580610,436,436.01,-72.76,-72.76,0,10.62
580615,433,432.98,-73.0,-73.0,0,10.62
580620,430,429.99,-73.36,-73.36,0,10.62
580625,429,429.01,-73.81,-73.81,0,10.62
580630,425,425.01,-74.37,-74.37,0,10.62
580635,425,424.99,-75.03,-75.03,0,10.62
580640,423,422.99,-75.77,-75.77,0,10.62
580645,420,420.0,-76.61,-76.61,0,10.62
580650,418,418.01,-77.52,-77.52,0,10.62
580655,415,415.0,-78.49,-78.49,0,10.62
580660,414,414.0,-79.53,-79.53,0,10.62
580665,413,413.0,-80.62,-80.62,0,10.62
580670,413,413.0,-81.76,-81.76,0,10.62
580675,411,411.01,-82.93,-82.93,0,10.62
580680,409,409.0,-84.13,-84.13,0,10.62
580685,408,407.99,-85.35,-85.35,0,10.62
580690,408,408.0,-86.58,-86.58,0,10.62
580695,406,406.01,-87.82,-87.82,0,10.62
580700,406,405.99,-89.05,-89.05,0,10.62
580705,406,405.98,-90.27,-90.27,0,10.62
580710,406,406.01,-91.48,-91.48,0,10.62
580715,406,406.02,-92.67,-92.67,0,10.62
580720,407,406.99,-93.82,-93.82,0,10.62
580725,405,404.98,-94.94,-94.94,0,10.62
580730,407,407.02,-96.02,-96.02,0,10.62
580735,407,407.03,-97.04,-97.04,0,10.62
580740,407,406.98,-97.99,-97.99,0,10.62
580745,410,409.97,-98.88,-98.88,0,10.62
580750,409,409.02,-99.68,-99.68,0,10.62
580755,410,410.04,-100.38,-100.38,0,10.62
580760,412,411.97,-100.96,-100.96,0,10.62
580765,413,412.96,-101.42,-101.42,0,10.62
580770,414,414.03,-101.73,-101.54,0,10.62
580775,415,415.04,-101.87,-101.54,0,10.62
580780,416,415.97,-101.82,-101.54,0,10.62
580785,417,416.96,-101.54,-101.54,0,10.62
580790,416,416.04,-101.03,-101.03,0,10.62
580795,418,418.04,-100.24,-100.24,0,10.62
580800,419,418.96,-99.14,-99.14,0,10.62
580805,421,420.96,-97.71,-97.71,0,10.62
580810,420,420.03,-95.9,-95.9,0,10.62
580815,422,422.04,-93.68,-93.68,0,10.62
580820,424,423.97,-91.01,-91.01,0,10.62
580825,423,422.97,-87.87,-87.87,0,10.62
580830,425,425.02,-84.2,-84.2,0,10.62
580835,427,427.03,-79.99,-79.99,0,10.62
580840,426,425.98,-75.18,-75.18,0,10.62
580845,428,427.96,-69.76,-69.76,0,10.62
580850,428,428.01,-63.69,-63.69,0,10.62
580855,427,427.04,-56.94,-56.94,0,10.62
580860,429,428.99,-49.51,-49.51,0,10.62
580865,429,428.97,-41.38,-41.38,0,10.62
580870,430,430.01,-32.54,-32.54,0,10.62
580875,430,430.03,-23.0,-23.0,0,10.62
580880,434,434.0,-12.77,-12.77,0,10.62
580885,437,436.97,-1.89,-1.89,0,10.62
580890,444,444.0,9.62,9.62,0,10.62
580895,451,451.03,21.7,21.7,0,10.62
580900,464,464.01,34.27,34.27,0,10.62
580905,480,479.99,47.28,47.28,0,10.62
580910,500,499.99,60.61,60.61,0,10.62
580915,522,522.01,74.16,74.16,0,10.62
580920,547,547.01,87.82,87.82,0,10.62
580925,574,574.0,101.45,101.45,0,10.62
580930,602,601.99,114.93,114.93,0,10.62
580935,629,629.0,128.12,128.12,0,10.62
580940,656,656.01,140.87,140.87,0,10.62
580945,682,682.01,153.05,153.05,0,10.62
580950,706,705.99,164.53,164.53,0,10.62
580955,730,729.98,175.18,175.18,0,10.62
580960,744,744.01,184.89,184.89,0,10.62
580965,760,760.02,193.56,193.56,0,10.62
580970,771,770.99,201.08,201.08,0,10.62
580975,779,778.98,207.4,207.4,0,10.62
580980,785,785.0,212.45,212.45,0,10.62
580985,785,785.02,216.2,216.2,0,10.62
580990,781,780.99,218.61,217.91,0,10.62
580995,779,778.98,219.69,217.91,0,10.62
581000,767,767.0,219.45,217.91,0,10.62
581005,763,763.02,217.91,217.91,0,10.62
581010,753,753.0,215.11,215.11,0,10.62
581015,741,740.98,211.1,211.1,0,10.62
581020,729,728.99,205.96,205.96,0,10.62
581025,714,714.02,199.74,199.74,0,10.62
581030,700,700.01,192.55,192.55,0,10.62
581035,687,686.99,184.46,184.46,0,10.62
581040,671,670.98,175.57,175.57,0,10.62
581045,657,657.01,165.98,165.98,0,10.62
581050,641,641.02,155.79,155.79,0,10.62
581055,629,629.0,145.1,145.1,0,10.62
581060,617,616.97,134.02,134.02,0,10.62
581065,606,606.0,122.65,122.65,0,10.62
581070,591,591.02,111.08,111.08,0,10.62
581075,581,581.0,99.42,99.42,0,10.62
581080,568,567.98,87.75,87.75,0,10.62
581085,556,556.0,76.16,76.16,0,10.62
581090,540,540.02,64.74,64.74,0,10.62
581095,535,535.0,53.57,53.57,0,10.62
581100,520,519.99,42.71,42.71,0,10.62
581105,511,510.99,32.25,32.25,0,10.62
581110,500,499.99,22.23,22.23,0,10.62
581115,489,489.01,12.72,12.72,0,10.62
581120,479,479.02,3.75,3.75,0,10.62
581125,469,468.98,-4.63,-4.63,0,10.62
581130,461,460.98,-12.38,-12.38,0,10.62
581135,453,453.03,-19.49,-19.49,0,10.62
581140,447,447.04,-25.95,-25.95,0,10.62
581145,444,443.97,-31.73,-31.73,0,10.62
581150,441,440.96,-36.85,-36.85,0,10.62
581155,438,438.04,-41.32,-41.32,0,10.62
581160,436,436.05,-45.14,-45.14,0,10.62
581165,436,435.96,-48.35,-48.35,0,10.62
581170,440,439.95,-50.98,-50.98,0,10.62
581175,440,440.05,-53.05,-53.05,0,10.62
581180,443,443.05,-54.62,-54.62,0,10.62
581185,446,445.95,-55.72,-55.72,0,10.62
581190,449,448.95,-56.41,-56.41,0,10.62
581195,450,450.06,-56.73,-56.41,0,10.62
581200,454,454.05,-56.74,-56.41,0,10.62
581205,458,457.94,-56.47,-56.41,0,10.62
581210,459,458.96,-56.0,-56.0,0,10.62
581215,464,464.06,-55.36,-55.36,0,10.62
581220,466,466.04,-54.6,-54.6,0,10.62
581225,469,468.94,-53.77,-53.77,0,10.62
581230,469,468.96,-52.91,-52.91,0,10.62
581235,469,469.06,-52.06,-52.06,0,10.62
581240,471,471.05,-51.26,-51.26,0,10.62
581245,471,470.94,-50.52,-50.52,0,10.62
581250,469,468.95,-49.89,-49.89,0,10.62
581255,469,469.06,-49.38,-49.38,0,10.62
581260,468,468.06,-49.01,-49.01,0,10.62
581265,468,467.95,-48.79,-49.01,0,10.62
581270,464,463.94,-48.74,-49.01,0,10.62
581275,463,463.04,-48.86,-49.01,0,10.62
581280,462,462.07,-49.15,-49.15,0,10.62
581285,456,455.97,-49.61,-49.61,0,10.62
581290,455,454.91,-50.24,-50.24,0,10.62
581295,450,450.03,-51.03,-51.03,0,10.62
581300,448,448.1,-51.97,-51.97,0,10.62
581305,446,445.98,-53.05,-53.05,0,10.62
581310,443,442.89,-54.26,-54.26,0,10.62
581315,440,440.01,-55.6,-55.6,0,10.62
581320,438,438.12,-57.03,-57.03,0,10.62
581325,431,430.99,-58.56,-58.56,0,10.62
581330,433,432.87,-60.17,-60.17,0,10.62
581335,430,430.01,-61.84,-61.84,0,10.62
581340,427,427.15,-63.56,-63.56,0,10.62
581345,428,428.0,-65.33,-65.33,0,10.62
581350,425,424.84,-67.12,-67.12,0,10.62
581355,418,418.0,-68.93,-68.93,0,10.62
581360,423,423.17,-70.74,-70.74,0,10.62
581365,422,422.02,-72.56,-72.56,0,10.62
581370,421,420.82,-74.36,-74.36,0,10.62
581375,422,421.97,-76.14,-76.14,0,10.62
581380,421,421.19,-77.9,-77.9,0,10.62
581385,419,419.05,-79.62,-79.62,0,10.62
581390,419,418.8,-81.3,-81.3,0,10.62
581395,419,418.93,-82.93,-82.93,0,10.62
581400,418,418.22,-84.49,-84.49,0,10.62
581405,418,418.08,-85.99,-85.99,0,10.62
581410,420,419.77,-87.42,-87.42,0,10.62
581415,421,420.91,-88.75,-88.75,0,10.62
581420,420,420.25,-89.99,-89.99,0,10.62
581425,421,421.1,-91.11,-91.11,0,10.62
581430,428,427.74,-92.11,-92.11,0,10.62
581435,421,420.89,-92.96,-92.96,0,10.62
581440,420,420.25,-93.66,-93.66,0,10.62
581445,423,423.12,-94.16,-94.16,0,10.62
581450,423,422.75,-94.47,-94.16,0,10.62
581455,423,422.87,-94.54,-94.16,0,10.62
581460,424,424.24,-94.36,-94.16,0,10.62
581465,424,424.15,-93.89,-93.89,0,10.62
581470,424,423.77,-93.11,-93.11,0,10.62
581475,425,424.84,-91.99,-91.99,0,10.62
581480,427,427.22,-90.48,-90.48,0,10.62
581485,425,425.18,-88.57,-88.57,0,10.62
581490,427,426.78,-86.21,-86.21,0,10.62
581495,435,434.82,-83.38,-83.38,0,10.62
581500,426,426.22,-80.03,-80.03,0,10.62
581505,426,426.18,-76.14,-76.14,0,10.62
581510,426,425.78,-71.68,-71.68,0,10.62
581515,423,422.83,-66.62,-66.62,0,10.62
581520,428,428.22,-60.94,-60.94,0,10.62
581525,428,428.17,-54.62,-54.62,0,10.62
581530,429,428.78,-47.64,-47.64,0,10.62
581535,428,427.83,-40.0,-40.0,0,10.62
581540,428,428.22,-31.71,-31.71,0,10.62
581545,431,431.18,-22.77,-22.77,0,10.62
581550,434,433.79,-13.21,-13.21,0,10.62
581555,438,437.82,-3.05,-3.05,0,10.62
581560,446,446.21,7.64,7.64,0,10.62
581565,456,456.19,18.82,18.82,0,10.62
581570,469,468.79,30.42,30.42,0,10.62
581575,485,484.81,42.36,42.36,0,10.62
581580,503,503.21,54.53,54.53,0,10.62
581585,527,527.2,66.83,66.83,0,10.62
581590,551,550.8,79.15,79.15,0,10.62
581595,576,575.79,91.36,91.36,0,10.62
581600,605,605.2,103.34,103.34,0,10.62
581605,628,628.22,114.96,114.96,0,10.62
581610,652,651.8,126.1,126.1,0,10.62
581615,674,673.76,136.62,136.62,0,10.62
581620,694,694.2,146.42,146.42,0,10.62
581625,708,708.25,155.38,155.38,0,10.62
581630,725,724.79,163.41,163.41,0,10.62
581635,739,738.74,170.41,170.41,0,10.62
581640,742,742.2,176.33,176.33,0,10.62
581645,747,747.25,181.1,181.1,0,10.62
581650,752,751.79,184.69,184.69,0,10.62
581655,749,748.75,187.07,186.92,0,10.62
581660,743,743.2,188.22,186.92,0,10.62
581665,739,739.24,188.17,186.92,0,10.62
581670,732,731.81,186.92,186.92,0,10.62
581675,722,721.76,184.52,184.52,0,10.62
581680,711,711.18,181.01,181.01,0,10.62
581685,700,700.24,176.45,176.45,0,10.62
581690,685,684.83,170.9,170.9,0,10.62
581695,675,674.76,164.45,164.45,0,10.62
581700,658,658.16,157.17,157.17,0,10.62
581705,648,648.23,149.15,149.15,0,10.62
581710,635,634.85,140.49,140.49,0,10.62
581715,621,620.77,131.27,131.27,0,10.62
581720,610,610.14,121.59,121.59,0,10.62
581725,597,597.23,111.55,111.55,0,10.62
581730,585,584.87,101.23,101.23,0,10.62
581735,573,572.77,90.74,90.74,0,10.62
581740,565,565.12,80.16,80.16,0,10.62
581745,553,553.24,69.57,69.57,0,10.62
581750,541,540.89,59.06,59.06,0,10.62
581755,532,531.75,48.71,48.71,0,10.62
581760,522,522.11,38.59,38.59,0,10.62
581765,511,511.25,28.78,28.78,0,10.62
581770,500,499.89,19.32,19.32,0,10.62
581775,490,489.74,10.29,10.29,0,10.62
581780,479,479.11,1.74,1.74,0,10.62
581785,467,467.27,-6.3,-6.3,0,10.62
581790,462,461.89,-13.78,-13.78,0,10.62
581795,455,454.73,-20.68,-20.68,0,10.62
581800,447,447.11,-26.96,-26.96,0,10.62
581805,444,444.27,-32.63,-32.63,0,10.62
581810,439,438.89,-37.67,-37.67,0,10.62
581815,436,435.73,-42.08,-42.08,0,10.62
581820,436,436.11,-45.88,-45.88,0,10.62
581825,437,437.28,-49.08,-49.08,0,10.62
581830,437,436.89,-51.7,-51.7,0,10.62
581835,438,437.72,-53.78,-53.78,0,10.62
581840,439,439.11,-55.34,-55.34,0,10.62
581845,441,441.29,-56.43,-56.43,0,10.62
581850,445,444.9,-57.08,-56.93,0,10.62
581855,446,445.7,-57.36,-56.93,0,10.62
581860,450,450.1,-57.29,-56.93,0,10.62
581865,454,454.32,-56.93,-56.93,0,10.62
581870,457,456.9,-56.33,-56.33,0,10.62
581875,459,458.67,-55.54,-55.54,0,10.62
581880,466,466.09,-54.61,-54.61,0,10.62
581885,457,457.34,-53.58,-53.58,0,10.62
581890,468,467.91,-52.5,-52.5,0,10.62
581895,470,469.65,-51.41,-51.41,0,10.62
581900,471,471.1,-50.34,-50.34,0,10.62
581905,472,472.34,-49.34,-49.34,0,10.62
581910,476,475.9,-48.43,-48.43,0,10.62
581915,472,471.66,-47.65,-47.65,0,10.62
581920,472,472.09,-47.01,-47.01,0,10.62
581925,470,470.34,-46.54,-46.54,0,10.62
581930,468,467.91,-46.24,-46.53,0,10.62
581935,467,466.67,-46.14,-46.53,0,10.62
581940,466,466.09,-46.23,-46.53,0,10.62
581945,463,463.33,-46.53,-46.53,0,10.62
581950,461,460.91,-47.02,-47.02,0,10.62
581955,460,459.67,-47.71,-47.71,0,10.62
581960,457,457.09,-48.6,-48.6,0,10.62
581965,454,454.33,-49.67,-49.67,0,10.62
581970,451,450.91,-50.92,-50.92,0,10.62
581975,448,447.67,-52.33,-52.33,0,10.62
581980,447,447.09,-53.89,-53.89,0,10.62
581985,443,443.33,-55.59,-55.59,0,10.62
581990,441,440.9,-57.41,-57.41,0,10.62
581995,439,438.67,-59.33,-59.33,0,10.62
582000,436,436.11,-61.34,-61.34,0,10.62
582005,434,434.33,-63.42,-63.42,0,10.62
582010,433,432.89,-65.55,-65.55,0,10.62
582015,430,429.67,-67.71,-67.71,0,10.62
582020,430,430.12,-69.89,-69.89,0,10.62
582025,428,428.34,-72.06,-72.06,0,10.62
582030,427,426.88,-74.22,-74.22,0,10.62
582035,426,425.66,-76.33,-76.33,0,10.62
582040,425,425.13,-78.38,-78.38,0,10.62
582045,426,426.35,-80.35,-80.35,0,10.62
582050,424,423.86,-82.23,-82.23,0,10.62
582055,425,424.64,-83.98,-83.98,0,10.62
582060,425,425.15,-85.6,-85.6,0,10.62
582065,424,424.37,-87.05,-87.05,0,10.62
582070,434,433.85,-88.32,-88.32,0,10.62
582075,426,425.62,-89.39,-89.39,0,10.62
582080,426,426.14,-90.22,-90.22,0,10.62
582085,425,425.38,-90.79,-90.66,0,10.62
582090,426,425.87,-91.07,-90.66,0,10.62
582095,434,433.61,-91.04,-90.66,0,10.62
582100,426,426.12,-90.66,-90.66,0,10.62
582105,428,428.38,-89.9,-89.9,0,10.62
582110,428,427.9,-88.73,-88.73,0,10.62
582115,429,428.63,-87.12,-87.12,0,10.62
582120,430,430.09,-85.03,-85.03,0,10.62
582125,429,429.36,-82.44,-82.44,0,10.62
582130,430,429.92,-79.32,-79.32,0,10.62
582135,429,428.65,-75.63,-75.63,0,10.62
582140,427,427.06,-71.35,-71.35,0,10.62
582145,427,427.34,-66.45,-66.45,0,10.62
582150,427,426.95,-60.92,-60.92,0,10.62
582155,428,427.68,-54.74,-54.74,0,10.62
582160,428,428.03,-47.91,-47.91,0,10.62
582165,428,428.31,-40.42,-40.42,0,10.62
582170,429,428.98,-32.29,-32.29,0,10.62
582175,432,431.7,-23.53,-23.53,0,10.62
582180,434,434.01,-14.17,-14.17,0,10.62
582185,441,441.29,-4.25,-4.25,0,10.62
582190,449,449.01,6.18,6.18,0,10.62
582195,460,459.72,17.05,17.05,0,10.62
582200,473,472.97,28.29,28.29,0,10.62
582205,490,490.27,39.82,39.82,0,10.62
582210,509,509.05,51.52,51.52,0,10.62
582215,533,532.75,63.29,63.29,0,10.62
582220,558,557.94,75.02,75.02,0,10.62
582225,584,584.25,86.58,86.58,0,10.62
582230,606,606.07,97.85,97.85,0,10.62
582235,633,632.76,108.7,108.7,0,10.62
582240,655,654.92,119.0,119.0,0,10.62
582245,674,674.23,128.65,128.65,0,10.62
582250,693,693.08,137.52,137.52,0,10.62
582255,707,706.78,145.52,145.52,0,10.62
582260,718,717.9,152.56,152.56,0,10.62
582265,731,731.21,158.57,158.57,0,10.62
582270,733,733.1,163.47,163.47,0,10.62
582275,737,736.79,167.23,167.23,0,10.62
582280,738,737.88,169.82,169.82,0,10.62
582285,736,736.21,171.22,169.82,0,10.62
582290,730,730.12,171.42,169.82,0,10.62
582295,722,721.78,170.46,169.82,0,10.62
582300,714,713.87,168.35,168.35,0,10.62
582305,704,704.22,165.15,165.15,0,10.62
582310,691,691.14,160.89,160.89,0,10.62
582315,680,679.77,155.66,155.66,0,10.62
582320,669,668.86,149.52,149.52,0,10.62
582325,654,654.24,142.55,142.55,0,10.62
582330,642,642.15,134.84,134.84,0,10.62
582335,627,626.75,126.49,126.49,0,10.62
582340,616,615.85,117.57,117.57,0,10.62
582345,602,602.27,108.2,108.2,0,10.62
582350,590,590.15,98.47,98.47,0,10.62
582355,578,577.72,88.46,88.46,0,10.62
582360,570,569.85,78.29,78.29,0,10.62
582365,556,556.29,68.03,68.03,0,10.62
582370,546,546.15,57.78,57.78,0,10.62
582375,535,534.69,47.63,47.63,0,10.62
582380,523,522.85,37.65,37.65,0,10.62
582385,513,513.32,27.92,27.92,0,10.62
582390,503,503.14,18.51,18.51,0,10.62
582395,494,493.66,9.49,9.49,0,10.62
582400,484,483.86,0.92,0.92,0,10.62
582405,471,471.35,-7.16,-7.16,0,10.62
582410,465,465.14,-14.69,-14.69,0,10.62
582415,457,456.64,-21.64,-21.64,0,10.62
582420,448,447.86,-27.99,-27.99,0,10.62
582425,442,442.36,-33.71,-33.71,0,10.62
582430,441,441.15,-38.78,-38.78,0,10.62
582435,438,437.64,-43.22,-43.22,0,10.62
582440,437,436.85,-47.01,-47.01,0,10.62
582445,436,436.37,-50.19,-50.19,0,10.62
582450,438,438.16,-52.76,-52.76,0,10.62
582455,437,436.63,-54.75,-54.75,0,10.62
582460,439,438.83,-56.21,-56.21,0,10.62
582465,442,442.37,-57.16,-57.16,0,10.62
582470,444,444.18,-57.66,-57.16,0,10.62
582475,449,448.62,-57.75,-57.16,0,10.62
582480,454,453.81,-57.47,-57.16,0,10.62
582485,458,458.39,-56.9,-56.9,0,10.62
582490,461,461.19,-56.07,-56.07,0,10.62
582495,469,468.61,-55.05,-55.05,0,10.62
582500,470,469.8,-53.88,-53.88,0,10.62
582505,474,474.4,-52.63,-52.63,0,10.62
582510,476,476.2,-51.33,-51.33,0,10.62
582515,488,487.6,-50.05,-50.05,0,10.62
582520,483,482.79,-48.81,-48.81,0,10.62
582525,481,481.38,-47.66,-47.66,0,10.62
582530,483,483.21,-46.64,-46.64,0,10.62
582535,484,483.64,-45.78,-45.78,0,10.62
582540,481,480.79,-45.09,-45.09,0,10.62
582545,481,481.34,-44.6,-44.6,0,10.62
582550,480,480.21,-44.33,-44.6,0,10.62
582555,477,476.68,-44.29,-44.6,0,10.62
582560,476,475.78,-44.48,-44.6,0,10.62
582565,474,474.3,-44.91,-44.91,0,10.62
582570,472,472.22,-45.58,-45.58,0,10.62
582575,471,470.72,-46.49,-46.49,0,10.62
582580,467,466.77,-47.63,-47.63,0,10.62
582585,464,464.26,-48.99,-48.99,0,10.62
582590,461,461.24,-50.56,-50.56,0,10.62
582595,458,457.76,-52.32,-52.32,0,10.62
582600,456,455.75,-54.26,-54.26,0,10.62
582605,456,456.22,-56.36,-56.36,0,10.62
582610,449,449.25,-58.59,-58.59,0,10.62
582615,448,447.79,-60.95,-60.95,0,10.62
582620,447,446.74,-63.39,-63.39,0,10.62
582625,443,443.2,-65.91,-65.91,0,10.62
582630,442,442.26,-68.47,-68.47,0,10.62
582635,440,439.81,-71.05,-71.05,0,10.62
582640,440,439.74,-73.62,-73.62,0,10.62
582645,438,438.18,-76.17,-76.17,0,10.62
582650,437,437.26,-78.64,-78.64,0,10.62
582655,434,433.83,-81.03,-81.03,0,10.62
582660,435,434.73,-83.3,-83.3,0,10.62
582665,436,436.17,-85.42,-85.42,0,10.62
582670,434,434.27,-87.36,-87.36,0,10.62
582675,434,433.83,-89.09,-89.09,0,10.62
582680,434,433.73,-90.57,-90.57,0,10.62
582685,429,429.16,-91.77,-91.77,0,10.62
582690,426,426.27,-92.65,-92.65,0,10.62
582695,432,431.84,-93.19,-92.65,0,10.62
582700,433,432.74,-93.34,-92.65,0,10.62
582705,432,432.15,-93.08,-92.65,0,10.62
582710,433,433.24,-92.36,-92.36,0,10.62
582715,434,433.86,-91.15,-91.15,0,10.62
582720,432,431.77,-89.42,-89.42,0,10.62
582725,432,432.13,-87.13,-87.13,0,10.62
582730,434,434.22,-84.25,-84.25,0,10.62
582735,433,432.89,-80.76,-80.76,0,10.62
582740,433,432.79,-76.62,-76.62,0,10.62
582745,433,433.1,-71.81,-71.81,0,10.62
582750,433,433.2,-66.32,-66.32,0,10.62
582755,432,431.91,-60.13,-60.13,0,10.62
582760,430,429.8,-53.23,-53.23,0,10.62
582765,431,431.07,-45.63,-45.63,0,10.62
582770,430,430.2,-37.33,-37.33,0,10.62
582775,433,432.94,-28.36,-28.36,0,10.62
582780,437,436.81,-18.73,-18.73,0,10.62
582785,442,442.05,-8.51,-8.51,0,10.62
582790,452,452.19,2.26,2.26,0,10.62
582795,466,465.97,13.51,13.51,0,10.62
582800,477,476.82,25.16,25.16,0,10.62
582805,499,499.02,37.11,37.11,0,10.62
582810,520,520.19,49.26,49.26,0,10.62
582815,543,543.0,61.49,61.49,0,10.62
582820,571,570.81,73.68,73.68,0,10.62
582825,596,595.98,85.71,85.71,0,10.62
582830,619,619.19,97.43,97.43,0,10.62
582835,646,646.03,108.73,108.73,0,10.62
582840,667,666.81,119.47,119.47,0,10.62
582845,688,687.95,129.54,129.54,0,10.62
582850,706,706.19,138.82,138.82,0,10.62
582855,721,721.06,147.2,147.2,0,10.62
582860,733,732.81,154.6,154.6,0,10.62
582865,743,742.92,160.93,160.93,0,10.62
582870,749,749.19,166.14,166.14,0,10.62
582875,750,750.09,170.18,170.18,0,10.62
582880,751,750.81,173.02,173.02,0,10.62
582885,750,749.89,174.64,173.02,0,10.62
582890,744,744.19,175.04,173.02,0,10.62
582895,737,737.11,174.24,173.02,0,10.62
582900,728,727.8,172.26,172.26,0,10.62
582905,719,718.88,169.16,169.16,0,10.62
582910,706,706.2,164.99,164.99,0,10.62
582915,694,694.13,159.8,159.8,0,10.62
582920,680,679.79,153.68,153.68,0,10.62
582925,668,667.86,146.7,146.7,0,10.62
582930,654,654.22,138.96,138.96,0,10.62
582935,640,640.14,130.54,130.54,0,10.62
582940,629,628.77,121.54,121.54,0,10.62
582945,619,618.86,112.05,112.05,0,10.62
582950,603,603.23,102.17,102.17,0,10.62
582955,595,595.14,91.99,91.99,0,10.62
582960,582,581.76,81.61,81.61,0,10.62
582965,571,570.86,71.13,71.13,0,10.62
582970,557,557.24,60.62,60.62,0,10.62
582975,548,548.14,50.18,50.18,0,10.62
582980,538,537.76,39.89,39.89,0,10.62
582985,526,525.86,29.82,29.82,0,10.62
582990,516,516.24,20.06,20.06,0,10.62
582995,505,505.15,10.65,10.65,0,10.62
583000,495,494.76,1.67,1.67,0,10.62
583005,485,484.85,-6.83,-6.83,0,10.62
583010,475,475.24,-14.82,-14.82,0,10.62
583015,468,468.15,-22.24,-22.24,0,10.62
583020,461,460.77,-29.06,-29.06,0,10.62
583025,453,452.85,-35.28,-35.28,0,10.62
583030,449,449.23,-40.86,-40.86,0,10.62
583035,444,444.16,-45.81,-45.81,0,10.62
583040,444,443.78,-50.13,-50.13,0,10.62
583045,442,441.83,-53.82,-53.82,0,10.62
583050,443,443.22,-56.92,-56.92,0,10.62
583055,443,443.17,-59.43,-59.43,0,10.62
583060,445,444.78,-61.4,-61.4,0,10.62
583065,446,445.82,-62.85,-62.85,0,10.62
583070,449,449.21,-63.84,-63.84,0,10.62
583075,452,452.18,-64.4,-64.05,0,10.62
583080,456,455.79,-64.59,-64.05,0,10.62
583085,459,458.81,-64.46,-64.05,0,10.62
583090,463,463.21,-64.05,-64.05,0,10.62
583095,467,467.2,-63.42,-63.42,0,10.62
583100,469,468.8,-62.63,-62.63,0,10.62
583105,474,473.79,-61.72,-61.72,0,10.62
583110,475,475.2,-60.75,-60.75,0,10.62
583115,480,480.22,-59.76,-59.76,0,10.62
583120,482,481.8,-58.79,-58.79,0,10.62
583125,481,480.77,-57.88,-57.88,0,10.62
583130,479,479.19,-57.08,-57.08,0,10.62
583135,480,480.24,-56.4,-56.4,0,10.62
583140,480,479.82,-55.88,-55.88,0,10.62
583145,479,478.74,-55.55,-55.79,0,10.62
583150,480,480.17,-55.41,-55.79,0,10.62
583155,477,477.27,-55.49,-55.79,0,10.62
583160,476,475.84,-55.79,-55.79,0,10.62
583165,472,471.71,-56.32,-56.32,0,10.62
583170,471,471.16,-57.07,-57.07,0,10.62
583175,467,467.31,-58.06,-58.06,0,10.62
583180,463,462.85,-59.28,-59.28,0,10.62
583185,462,461.68,-60.7,-60.7,0,10.62
583190,462,462.15,-62.34,-62.34,0,10.62
583195,457,457.34,-64.16,-64.16,0,10.62
583200,454,453.84,-66.15,-66.15,0,10.62
583205,451,450.64,-68.3,-68.3,0,10.62
583210,449,449.17,-70.59,-70.59,0,10.62
583215,445,445.38,-72.98,-72.98,0,10.62
583220,446,445.83,-75.47,-75.47,0,10.62
583225,442,441.59,-78.02,-78.02,0,10.62
583230,438,438.18,-80.61,-80.61,0,10.62
583235,440,440.43,-83.2,-83.2,0,10.62
583240,435,434.82,-85.77,-85.77,0,10.62
583245,435,434.55,-88.3,-88.3,0,10.62
583250,434,434.18,-90.74,-90.74,0,10.62
583255,432,432.48,-93.07,-93.07,0,10.62
583260,433,432.82,-95.25,-95.25,0,10.62
583265,432,431.49,-97.24,-97.24,0,10.62
583270,430,430.19,-99.03,-99.03,0,10.62
583275,430,430.54,-100.55,-100.55,0,10.62
583280,430,429.81,-101.79,-101.79,0,10.62
583285,429,428.44,-102.69,-102.69,0,10.62
583290,428,428.19,-103.23,-102.69,0,10.62
583295,428,428.59,-103.35,-102.69,0,10.62
583300,427,426.81,-103.03,-102.69,0,10.62
583305,430,429.38,-102.21,-102.21,0,10.62
583310,428,428.19,-100.87,-100.87,0,10.62
583315,429,429.65,-98.96,-98.96,0,10.62
583320,430,429.81,-96.44,-96.44,0,10.62
583325,430,429.32,-93.29,-93.29,0,10.62
583330,430,430.19,-89.45,-89.45,0,10.62
583335,429,429.71,-84.91,-84.91,0,10.62
583340,430,429.8,-79.64,-79.64,0,10.62
583346,429,428.26,-73.6,-73.6,0,10.62
583350,428,428.2,-66.8,-66.8,0,10.62
583355,429,429.78,-59.22,-59.22,0,10.62
583360,429,428.81,-50.85,-50.85,0,10.62
583365,431,430.19,-41.7,-41.7,0,10.62
583370,433,433.2,-31.8,-31.8,0,10.62
583375,418,418.84,-21.17,-21.17,0,10.62
583380,445,444.81,-9.86,-9.86,0,10.62
583385,452,451.17,2.07,2.07,0,10.62
583390,466,466.2,14.56,14.56,0,10.62
583395,482,482.83,27.52,27.52,0,10.62
583400,502,501.81,40.84,40.84,0,10.62
583405,526,525.18,54.42,54.42,0,10.62
583410,552,552.19,68.13,68.13,0,10.62
583415,580,580.81,81.85,81.85,0,10.62
583420,607,606.8,95.44,95.44,0,10.62
583425,632,631.19,108.76,108.76,0,10.62
583430,662,662.2,121.67,121.67,0,10.62
583435,684,684.82,134.04,134.04,0,10.62
583440,707,706.79,145.73,145.73,0,10.62
583445,744,743.18,156.63,156.63,0,10.62
583450,743,743.21,166.62,166.62,0,10.62
583455,757,757.79,175.6,175.6,0,10.62
583460,766,765.78,183.5,183.5,0,10.62
583465,772,771.24,190.25,190.25,0,10.62
583470,778,778.23,195.78,195.78,0,10.62
583475,777,777.72,200.08,200.08,0,10.62
583480,776,775.76,203.11,203.11,0,10.62
583485,771,770.3,204.87,203.11,0,10.62
583490,765,765.25,205.37,203.11,0,10.62
583495,756,756.67,204.65,203.11,0,10.62
583500,746,745.73,202.73,202.73,0,10.62
583505,735,734.35,199.66,199.66,0,10.62
583510,723,723.29,195.51,195.51,0,10.62
583515,710,710.62,190.34,190.34,0,10.62
583520,700,699.7,184.22,184.22,0,10.62
583525,687,686.4,177.24,177.24,0,10.62
583530,677,677.32,169.47,169.47,0,10.62
583535,663,663.58,161.01,161.01,0,10.62
583540,668,667.67,151.94,151.94,0,10.62
583545,640,639.45,142.35,142.35,0,10.62
583550,629,629.31,132.34,132.34,0,10.62
583555,619,619.54,121.99,121.99,0,10.62
583560,607,606.71,111.39,111.39,0,10.62
583565,597,596.48,100.63,100.63,0,10.62
583570,586,586.27,89.79,89.79,0,10.62
583575,576,576.5,78.95,78.95,0,10.62
583580,567,566.75,68.19,68.19,0,10.62
583585,556,555.51,57.58,57.58,0,10.62
583590,548,548.23,47.2,47.2,0,10.62
583595,535,535.48,37.1,37.1,0,10.62
583600,523,522.79,27.35,27.35,0,10.62
583605,515,514.54,18.01,18.01,0,10.62
583610,502,502.2,9.11,9.11,0,10.62
583615,492,492.45,0.72,0.72,0,10.62
583620,482,481.82,-7.14,-7.14,0,10.62
583625,473,472.56,-14.43,-14.43,0,10.62
583630,465,465.17,-21.13,-21.13,0,10.62
583635,459,459.43,-27.22,-27.22,0,10.62
583640,453,452.84,-32.69,-32.69,0,10.62
583645,449,448.59,-37.54,-37.54,0,10.62
583650,446,446.15,-41.78,-41.78,0,10.62
583655,444,444.41,-45.42,-45.42,0,10.62
583660,445,444.87,-48.47,-48.47,0,10.62
583665,446,445.6,-50.97,-50.97,0,10.62
583670,444,444.12,-52.94,-52.94,0,10.62
583675,448,448.39,-54.43,-54.43,0,10.62
583680,450,449.9,-55.47,-55.47,0,10.62
583685,454,453.63,-56.11,-56.09,0,10.62
583690,456,456.09,-56.39,-56.09,0,10.62
583695,460,460.36,-56.37,-56.09,0,10.62
583700,462,461.93,-56.09,-56.09,0,10.62
583705,464,463.64,-55.61,-55.61,0,10.62
583710,468,468.05,-54.96,-54.96,0,10.62
583715,469,469.35,-54.21,-54.21,0,10.62
583720,470,469.96,-53.39,-53.39,0,10.62
583725,473,472.66,-52.54,-52.54,0,10.62
583730,476,476.03,-51.71,-51.71,0,10.62
583735,474,474.34,-50.93,-50.93,0,10.62
583740,472,471.98,-50.23,-50.23,0,10.62
583745,475,474.67,-49.64,-49.64,0,10.62
583750,473,473.02,-49.18,-49.18,0,10.62
583755,471,471.33,-48.88,-49.02,0,10.62
583760,470,469.98,-48.74,-49.02,0,10.62
583765,468,467.68,-48.79,-49.02,0,10.62
583770,465,465.02,-49.02,-49.02,0,10.62
583775,463,463.31,-49.45,-49.45,0,10.62
583780,460,459.98,-50.06,-50.06,0,10.62
583785,458,457.7,-50.87,-50.87,0,10.62
583790,456,456.03,-51.86,-51.86,0,10.62
583795,453,453.3,-53.02,-53.02,0,10.62
583800,449,448.97,-54.36,-54.36,0,10.62
583805,447,446.71,-55.84,-55.84,0,10.62
583810,445,445.03,-57.46,-57.46,0,10.62
583815,443,443.29,-59.21,-59.21,0,10.62
583820,441,440.96,-61.06,-61.06,0,10.62
583825,439,438.71,-63.0,-63.0,0,10.62
583830,436,436.05,-65.0,-65.0,0,10.62
583835,434,434.29,-67.05,-67.05,0,10.62
583840,432,431.95,-69.12,-69.12,0,10.62
583845,430,429.71,-71.19,-71.19,0,10.62
583850,431,431.06,-73.23,-73.23,0,10.62
583855,430,430.29,-75.23,-75.23,0,10.62
583860,428,427.94,-77.15,-77.15,0,10.62
583865,428,427.71,-78.97,-78.97,0,10.62
583870,426,426.07,-80.66,-80.66,0,10.62
583875,428,428.3,-82.19,-82.19,0,10.62
583880,428,427.92,-83.53,-83.53,0,10.62
583885,428,427.69,-84.65,-84.65,0,10.62
583890,428,428.09,-85.51,-85.51,0,10.62
583895,428,428.31,-86.09,-85.76,0,10.62
583900,427,426.91,-86.35,-85.76,0,10.62
583905,426,425.68,-86.25,-85.76,0,10.62
583910,426,426.1,-85.76,-85.76,0,10.62
583915,426,426.34,-84.83,-84.83,0,10.62
583920,429,428.9,-83.44,-83.44,0,10.62
583925,425,424.65,-81.54,-81.54,0,10.62
583930,428,428.11,-79.1,-79.1,0,10.62
583935,429,429.37,-76.07,-76.07,0,10.62
583940,428,427.89,-72.44,-72.44,0,10.62
583945,436,435.61,-68.16,-68.16,0,10.62
583950,428,428.11,-63.21,-63.21,0,10.62
583955,427,427.39,-57.56,-57.56,0,10.62
583960,427,426.89,-51.19,-51.19,0,10.62
583965,428,427.6,-44.09,-44.09,0,10.62
583970,427,427.11,-36.25,-36.25,0,10.62
583975,428,428.4,-27.67,-27.67,0,10.62
583980,429,428.88,-18.36,-18.36,0,10.62
583985,432,431.6,-8.34,-8.34,0,10.62
583990,437,437.12,2.36,2.36,0,10.62
583995,437,437.4,13.69,13.69,0,10.62
584000,459,458.88,25.58,25.58,0,10.62
584005,470,469.62,37.98,37.98,0,10.62
584010,488,488.12,50.78,50.78,0,10.62
584015,508,508.37,63.9,63.9,0,10.62
584020,532,531.88,77.23,77.23,0,10.62
584025,557,556.64,90.64,90.64,0,10.62
584030,583,583.12,104.0,104.0,0,10.62
584035,611,611.34,117.2,117.2,0,10.62
584040,638,637.89,130.09,130.09,0,10.62
584045,664,663.67,142.54,142.54,0,10.62
584050,686,686.1,154.42,154.42,0,10.62
584055,705,705.31,165.62,165.62,0,10.62
584060,725,724.9,176.01,176.01,0,10.62
584065,739,738.7,185.5,185.5,0,10.62
584070,749,749.09,193.99,193.99,0,10.62
584075,761,761.28,201.41,201.41,0,10.62
584080,765,764.92,207.69,207.69,0,10.62
584085,767,766.73,212.8,212.8,0,10.62
584090,768,768.07,216.68,216.68,0,10.62
584095,764,764.25,219.34,219.34,0,10.62
584100,762,761.94,220.76,219.34,0,10.62
584105,754,753.76,220.96,219.34,0,10.62
584110,746,746.04,219.97,219.34,0,10.62
584115,737,737.23,217.82,217.82,0,10.62
584120,728,727.97,214.56,214.56,0,10.62
584125,715,714.78,210.25,210.25,0,10.62
584130,704,704.01,204.95,204.95,0,10.62
584135,693,693.21,198.73,198.73,0,10.62
584140,681,681.01,191.67,191.67,0,10.62
584145,670,669.79,183.85,183.85,0,10.62
584150,662,661.97,175.35,175.35,0,10.62
584155,650,650.2,166.27,166.27,0,10.62
584160,639,639.04,156.68,156.68,0,10.62
584165,626,625.8,146.66,146.66,0,10.62
584170,615,614.95,136.32,136.32,0,10.62
584175,604,604.2,125.72,125.72,0,10.62
584180,596,596.07,114.96,114.96,0,10.62
584185,587,586.8,104.12,104.12,0,10.62
584190,576,575.91,93.26,93.26,0,10.62
584195,564,564.19,82.47,82.47,0,10.62
584200,553,553.11,71.82,71.82,0,10.62
584205,544,543.82,61.38,61.38,0,10.62
584210,532,531.88,51.2,51.2,0,10.62
584215,519,519.17,41.35,41.35,0,10.62
584220,509,509.14,31.88,31.88,0,10.62
584225,497,496.84,22.85,22.85,0,10.62
584230,488,487.85,14.29,14.29,0,10.62
584235,478,478.15,6.23,6.23,0,10.62
584240,470,470.17,-1.28,-1.28,0,10.62
584245,462,461.86,-8.23,-8.23,0,10.62
584250,458,457.82,-14.61,-14.61,0,10.62
584255,450,450.13,-20.41,-20.41,0,10.62
584260,450,450.2,-25.62,-25.62,0,10.62
584265,449,448.88,-30.26,-30.26,0,10.62
584270,454,453.79,-34.35,-34.35,0,10.62
584275,447,447.1,-37.9,-37.9,0,10.62
584280,445,445.21,-40.94,-40.94,0,10.62
584285,446,445.91,-43.49,-43.49,0,10.62
584290,448,447.8,-45.61,-45.61,0,10.62
584295,450,450.07,-47.32,-47.32,0,10.62
584300,453,453.19,-48.66,-48.66,0,10.62
584305,455,454.94,-49.69,-49.69,0,10.62
584310,459,458.81,-50.45,-50.45,0,10.62
584315,463,463.05,-50.98,-50.98,0,10.62
584320,465,465.18,-51.33,-51.33,0,10.62
584325,468,467.96,-51.55,-51.55,0,10.62
584330,468,467.82,-51.68,-51.68,0,10.62
584335,470,470.03,-51.75,-51.75,0,10.62
584340,473,473.18,-51.81,-51.81,0,10.62
584345,473,472.98,-51.9,-51.9,0,10.62
584350,474,473.82,-52.03,-52.03,0,10.62
584355,472,472.01,-52.25,-52.25,0,10.62
584360,470,470.18,-52.56,-52.56,0,10.62
584365,468,468.0,-52.99,-52.99,0,10.62
584370,468,467.82,-53.56,-53.56,0,10.62
584375,466,465.99,-54.27,-54.27,0,10.62
584380,462,462.17,-55.13,-55.13,0,10.62
584385,459,459.02,-56.15,-56.15,0,10.62
584390,458,457.83,-57.32,-57.32,0,10.62
584395,456,455.97,-58.64,-58.64,0,10.62
584400,452,452.16,-60.12,-60.12,0,10.62
584405,448,448.03,-61.73,-61.73,0,10.62
584410,446,445.84,-63.48,-63.48,0,10.62
584415,443,442.98,-65.35,-65.35,0,10.62
584420,437,437.15,-67.34,-67.34,0,10.62
584425,438,438.02,-69.43,-69.43,0,10.62
584430,437,436.86,-71.61,-71.61,0,10.62
584435,434,433.98,-73.87,-73.87,0,10.62
584440,432,432.12,-76.2,-76.2,0,10.62
584445,430,430.02,-78.59,-78.59,0,10.62
584450,427,426.89,-81.03,-81.03,0,10.62
584455,426,425.98,-83.5,-83.5,0,10.62
584460,424,424.1,-86.0,-86.0,0,10.62
584465,425,425.02,-88.51,-88.51,0,10.62
584470,422,421.92,-91.04,-91.04,0,10.62
584475,422,421.98,-93.56,-93.56,0,10.62
584480,422,422.07,-96.08,-96.08,0,10.62
584485,422,422.02,-98.58,-98.58,0,10.62
584490,420,419.94,-101.05,-101.05,0,10.62
584495,422,421.97,-103.5,-103.5,0,10.62
584500,420,420.05,-105.91,-105.91,0,10.62
584505,422,422.03,-108.28,-108.28,0,10.62
584510,422,421.96,-110.59,-110.59,0,10.62
584515,422,421.96,-112.84,-112.84,0,10.62
584520,423,423.03,-115.01,-115.01,0,10.62
584525,423,423.04,-117.1,-117.1,0,10.62
584530,424,423.98,-119.09,-119.09,0,10.62
584535,423,422.95,-120.98,-120.98,0,10.62
584540,425,425.01,-122.73,-122.73,0,10.62
584545,426,426.06,-124.34,-124.34,0,10.62
584550,425,425.0,-125.78,-125.78,0,10.62
584555,430,429.94,-127.04,-127.04,0,10.62
584560,427,426.99,-128.09,-128.09,0,10.62
584565,428,428.07,-128.9,-128.9,0,10.62
584570,432,432.02,-129.45,-129.22,0,10.62
584575,431,430.93,-129.71,-129.22,0,10.62
584580,431,430.96,-129.64,-129.22,0,10.62
584585,432,432.07,-129.22,-129.22,0,10.62
584590,433,433.06,-128.4,-128.4,0,10.62
584595,433,432.94,-127.17,-127.17,0,10.62
584600,433,432.92,-125.48,-125.48,0,10.62
584605,432,432.06,-123.29,-123.29,0,10.62
584610,431,431.09,-120.59,-120.59,0,10.62
584615,432,431.94,-117.33,-117.33,0,10.62
584620,439,438.89,-113.48,-113.48,0,10.62
584625,431,431.06,-109.04,-109.04,0,10.62
584630,431,431.11,-103.96,-103.96,0,10.62
584635,431,430.95,-98.25,-98.25,0,10.62
584640,428,427.9,-91.9,-91.9,0,10.62
584645,430,430.05,-84.9,-84.9,0,10.62
584650,433,433.11,-77.28,-77.28,0,10.62
584655,436,435.96,-69.05,-69.05,0,10.62
584660,441,440.89,-60.26,-60.26,0,10.62
584665,450,450.04,-50.94,-50.94,0,10.62
584670,461,461.12,-41.16,-41.16,0,10.62
584675,477,476.97,-31.0,-31.0,0,10.62
584680,497,496.88,-20.53,-20.53,0,10.62
584685,519,519.02,-9.87,-9.87,0,10.62
584690,543,543.12,0.88,0.88,0,10.62
584695,570,569.98,11.61,11.61,0,10.62
584700,598,597.88,22.19,22.19,0,10.62
584705,627,627.01,32.5,32.5,0,10.62
584710,652,652.12,42.41,42.41,0,10.62
584715,680,679.99,51.81,51.81,0,10.62
584720,699,698.87,60.58,60.58,0,10.62
584725,721,721.0,68.62,68.62,0,10.62
584730,739,739.13,75.82,75.82,0,10.62
584735,750,750.0,82.13,82.13,0,10.62
584740,762,761.86,87.46,87.46,0,10.62
584745,768,767.99,91.77,91.77,0,10.62
584750,773,773.15,95.04,95.04,0,10.62
584755,774,774.01,97.24,97.24,0,10.62
584760,773,772.84,98.39,97.24,0,10.62
584765,770,769.99,98.5,97.24,0,10.62
584770,762,762.17,97.62,97.24,0,10.62
584775,755,755.01,95.8,95.8,0,10.62
584780,747,746.82,93.1,93.1,0,10.62
584785,739,738.99,89.6,89.6,0,10.62
584790,723,723.18,85.39,85.39,0,10.62
584795,714,714.01,80.58,80.58,0,10.62
584800,701,700.82,75.25,75.25,0,10.62
584805,691,691.0,69.53,69.53,0,10.62
584810,677,677.18,63.53,63.53,0,10.62
584815,667,666.99,57.34,57.34,0,10.62
584820,653,652.81,51.09,51.09,0,10.62
584825,646,646.02,44.88,44.88,0,10.62
